colony_name,total_observations,years_observed,states,geo_regions,habitats,species_observed,oil_observations,aggregated_notes,note_count,latitude,longitude
Biloxi South 1,77,"[2010, 2011, 2013, 2015, 2018, 2021]",[],[],"['submerged', 'Beach, grassy', 'Herbaceous, sandy beach', 'marsh island', 'Exposed beach, grasses.']","['BLSK', 'FOTE', 'LAGU', 'ROYT', 'BRPE', 'GBTE', 'RUTU', 'AMOY', 'CATE/ROYT', 'CATE']",{'N': 30},"BLSK colony in early stages; roosting FOTE; birds detected/counted only on the beach, nothing on grass/marsh || June only. Approximately half to two-thirds individuals present are in incubation posture. Open, sandy substrate. || June only. FOTE in incubation posture on wrack line between beach and vegetation. || June only. Few individuals present on the beach; no indication of nesting. || June only. Small group of individuals roosting on the water's edge. || June only. A couple of individuals present; no indication of nesting. || sparse sites; incubating along sandy beach or in herbaceous cover. || scattered sites on sandy beach, primarily roosting individuals.  June: largely abandoned, no dotting. || few sites on sandy beach associated with BLSK. || incubating on wrack line in interior herbaceous habitat. || roosting; no nesting behaviors. || roosting; no nesting behaviors. || roosting; no nesting behaviors. || one pair; incubating on sand. || just a handful of FOTE and LAGU (no chicks) on a wrack line and some roosting BLSK and terns; colony apparently mostly unsuccessful || used June as it gave the most appropriate breeding pop. est. for BLSK; use May for all other species except GBTE || used June as it gave the most appropriate breeding pop. est. for GBTE; use May for all other species except BLSK || May gave the most appropriate breeding population est. as birds were def. in incubation posture; || May gave the most appropriate breeding population est. as birds were def. in incubation posture; || May gave the most appropriate breeding population est. as birds were def. in incubation posture; || no breeding birds seen in photos; some roosting (<20) at water's edge but no chicks visible; probably no successful breeding at this site for these species || few FOTE seen at this site in June photos; less than a dozen appear to be in brooding posture and may have chicks but no other FOTE observed || birds appear to still be in incubation posture; no chicks seen in photos || 100% of colony analyzed and counted; approximately 630 BLSK present, mostly in pairs; 1 AMOY site, likely without eggs. Most BLSK, FOTE & GBTE, and AMOY abandoned by June survey. || 100% of colony analyzed and counted; LAGU, BLSK, and AMOY were only species counted for June; Other species counted from May survey as abandonment occurred in the interim. || LAGU observed sitting low on sites; no chicks observed. || BLSK observed sitting on sites; most birds were roosting on beach and in pairs. || FOTE observed sitting on sites in incubation posture; no chicks observed; most sites abandoned by June survey. || GBTE observed sitting on sites in incubation posture; no chicks observed; most sites abandoned by June survey. || used June for GBTE breeding pop. || four roosting birds observed || used Cam1 photos to confirm sites; roost birds along edge of colony not counted || used Cam1 photos to confirm sites; roost birds along edge of colony not counted || used Cam1 photos to confirm sites; roost birds along edge of colony not counted || used Cam1 photos to confirm sites; roost birds along edge of colony not counted || used Cam1 photos to confirm sites; roost birds along edge of colony not counted || used Cam1 photos to confirm sites; roost birds along edge of colony not counted || used Cam1 photos to confirm sites; roost birds along edge of colony not counted || used Cam1 photos to confirm sites; roost birds along edge of colony not counted || LAGU sitting on sites. || BLSK on sites; most birds in pairs but not nesting or roosting on beach. || 1 LAGU site + 1 bird added to this area from Img 1096, camera 2 card 2; not included in screen capture. || 18 roosting FOTE birds added to this area from Imgs 600 and 605, camera 1 card 2; not included in screen capture. ||   ||   ||   ||   ||   ||   ||   ||   ||   ||   ||   ||   ||   ||   ||   ||   ||   ||   ||   ||   ||   ||   ||   ||   ||   ||   ||   ||   ||   ||   ||   ||   ||  ",76,29.6873,-89.4646
Cat Bay South Island,50,"[2010, 2011, 2012, 2013, 2015]",['LA'],['Barataria Bay'],"['marsh/grass island w. taller grass;some bare areas', 'Grasses, bare ground, shrubs.', 'Bare ground, mud flat, grasses, shrubs.']","['LAGU', 'TRHE', 'BRPE', 'WHIB', 'BCNH', 'ROYT', 'ROSA', 'RUTU']",{'N': 22},"WHIB count good, TRHE and LAGU site counts likely low; TRHE on eggs, but little if any egg-laying yet for WHIB and LAGU; several hundred additional LAGU on water not counted || No nests; island ~ 50m wide, 150m long, and denuded of vegetation; sandy shoreline, flooded center || Not dotted; roosting birds only, as in May || LAGU all sitting low on sites. || TRHE mostly sitting low or with 1/3 grown chicks. || BRPE with few full grown chicks, many poorly built nests. || WHIB sitting on nest sites. || BCNH sitting on nests or with large chicks. || LAGU all sitting low on sites. || TRHE all sitting low on sites. || BRPE either sitting low on WBN or with full grown chicks. || ROYT mostly in colony on sites but some seen brooding small YY. || Approx. 98% of colony analyzed and counted. || Approx. 96% of colony analyzed and counted.  Vastly more bare ground (less shrubs) and mud flat compared to 2011, hence presence/abundance of ROYT and SATE.  Appear to be two distinct BRPE breeding efforts (early and late) in 2012. || ROYT increased since May and counted as Best by PJC; SATE count similar and May left as Best || BRPE also much increased since May and counted by MWP - BRPE were incubating, with no chicks yet || much flooding to colony; ROYT/SATE seemd to hatch before flooding, as a remaining narrow beach is full of adult/chick groups; some active BRPE nests with chicks remain, but BRPE colony likely greatly impacted by flooding || land and vegetation likely reduced compared to prior years (related to Hurricane Isaac?); nesting #s for most spp. much lower in 2013; coverage of nesting areas excellent, but not all roosting birds counted || still just ~ 15 nests, in incubation stage; no change compared to May || a few hundred parent-chick pairs at edge of vegetation and along shoreline; 2/3 ROYT; not great productivity, considering 1700 combined sites were counted in May || similar #s as May still on sites; no chicks evident || #s likely reduced compared to May, but many still sitting tight; no chicks evident || Does not include 1 Empty Nest || unknown age || rough estimate || rough estimate || rough estimate || BRPE Chicks observed to be full grown.Brood category used for every three chicks if not clearly grouped. || BRPE Chicks observed to be full grown. || 2 BRPE Chicks + 1 Brood added to this area from Img 412, camera 1 card 4. || BRPE Chicks observed to be full grown. || BRPE Chicks observed to be full grown and standing on the shoreline. || ROYT Chick was 1/4 to 1/3 grown. || All BRPE sitting low on WBN, eggs observed. || ROYT Chicks observed to be between 1/3 (n=12) and 2/3 grown (n=1). || ROYT Chicks observed to be 1/4 to 1/3 grown. || 2 BRPE Chicks + 1 Brood added to this area from Img 452, camera 1 card 2. || All BRPE counted as Birds although many full grown chicks were likely present but undistinguishable from sub-adults/immatures. || three large dead fish on island (?) || dotted only BRPE on this date || dotted only BRPE on this date || dotted only BRPE on this date || dotted only BRPE on this date || dotted only BRPE on this date || dotted only BRPE on this date || dotted only BRPE on this date || dotted only BRPE on this date; BRPE still setting up in this area || dotted only BRPE on this date || dotted as BRNO, given white head. Changed by PJC 26 Oct 22. Obviously too small tobe BRNO. || dotted as BRNO, given white head. Changed by PJC 26 Oct 22. Obviously too small tobe BRNO.",50,29.334100000000003,-89.8716
Biloxi South 11,74,"[2010, 2011, 2012, 2013, 2015, 2018, 2021]",[],[],"['shrubs', 'marsh island', 'Beach, grassy', 'Herbaceous, marsh', 'Mangrove tidal wetland bordered by shubs on Is.', 'Grasses, dead mangrove shrubs, mudflat.']","['GREG', 'TRHE', 'SNEG', 'WHIB', 'ROSP', 'BCNH', 'LIBH', 'BRPE', 'CAEG']","{'N': 31, 'Y': 1}","coverage ~ 90% || no birds at all in May and June || No nests. Crescent-shaped grassy island with wrack line. || sparse sites in saturated marsh on shrubs; incubating and chicks observed, varying ages, some chicks without adults; one nest abandoned || surveyed but not photographed || TRHE Chicks observed to be 1/2 to 2/3 grown. || SNEG sitting on sites; small chicks observed. || WHIB observed sitting on sites. || GREG observed with eggs to 2/3 grown chicks staying at the nest site. || ROSP observed sitting low on sites, brooding, or with 1/2 to 2/3 grown chicks, remaining at the nest site. || BCNH observed at nest sites and with 1/2 to 2/3 grown chicks. || 100% of nesting wading birds analyzed and counted; Complex shrub cover made observations difficult and likely missed birds underneath the canopy. || LIBH observed with small-med sized chicks. || Colony photos were visually assessed for nesting bird phenology; Chicks of multiple species were straying farther from nest sites, making it more difficult to count;  May 2011 survey used for data collection. || 100% of colony analyzed and counted. An irridescent sheen was observed on the water and circled in Area 1, Img 097, camera 1 card 1. || BRPE observed with eggs as well as 2-5 week old chicks. || TRHE mostly sitting low on sites, but few were observed with approximately 1/2 grown chicks. || GREG observed in varying stages including sitting low on sites, with eggs in sites, and having chicks 1/3-7/8 grown. || WHIB observed sitting low on sites. || ROSP observed sitting low on sites, in brooding posture, and with 1/2-2/3 grown chicks. || CAEG observed sitting low on sites. || SNEG observed with eggs in sites as well as with 1/3 grown chicks. || Colony photos were visually assessed for nesting bird phenology; Chicks of multiple species were straying farther from nest sites, making it more difficult to count;  May 2012 survey used for data collection. || 100% of colony analyzed and counted. || BRPE observed sitting on WBN and with eggs, newly hatched chicks, and 1-3 week old chicks. || TRHE observed sitting on sites; no chicks observed. || WHIB observed sitting on sites; no chicks observed. || SNEG observed sitting on sites and with eggs to 2/3 grown chicks. || ROSP observed sitting on sites and with 1/2 grown chicks. || BCNH observed sitting on sites; few chicks observed, 1/3-1/2 grown. || GREG observed sitting on sites and with eggs to 1/3-2/3 grown chicks. || Colony photos visually assessed; all species present during May survey observed with large mobile chicks; data on reproductive effort collected from May survey. || TRHE Chicks observed to be 1/2 to 2/3 grown. || WHIB sitting low on sites. || ROSP Chicks were large, likely 2/3 grown. || GREG observed with eggs, 1/2 grown, and 2/3 grown chicks. || BCNH Chicks observed to be 1/2-2/3 grown. || ROSP Chicks observed to be 1/3-1/2 grown. || TRHE Chicks observed to be 1/2 to 2/3 grown. || GREG Chicks observed to be approximately 1/2 grown. || BRPE observed with eggs and 2-5 week old chicks. 5 BRPE Birds added to this area from Img 057, camera 2 card 1. || 1 TRHE Bird added to this area from Img 057, camera 2 card 1. || 1 SNEG Bird added to this area from Img 057, camera 2 card 1. || GREG observed with eggs and 1/4-7/8 grown chicks. || TRHE sitting low on sites. || ROSP observed with 1/2-2/3 grown chick. || TRHE likely nesting under shrub canopy and difficult to detect. || SNEG likely nesting under shrub canopy and difficult to detect, but more visible than darker colored species. || GREG Chicks observed to be upwards of 7/8 grown; GREG also observed on sites with eggs or sitting low. || ROSP observed to be nesting under the shrub canopy, difficult to detect. || CAEG sitting low on sites. || CAEG sitting low on sites. || WHIB sitting low on sites. || TRHE Chicks observed to be 1/2 grown. || 20 BRPE Birds added to this area from Img 058, camera 2 card 1; not included in the screen capture. || BRPE sitting on WBN. || TRHE sitting low on sites. || SNEG sitting on sites and with 1/2 grown chicks. || WHIB sitting on sites. || ROSP sitting on sites and with 1/2 grown chicks. || BCNH sitting on sites. || GREG with 1/3-1/2 grown chicks. || BRPE with approximately 2 week old chicks. || SNEG chicks 1/2-2/3 grown. || BCNH chicks 1/2 grown. || GREG with eggs and 1/2-2/3 grown chicks. || SNEG with eggs and 1/2 grown chicks. || BRPE chicks observed up to 3 weeks old. || BRPE observed with dark, newly hatched chicks. ||   ||   ||   ||   ||  ",74,29.5247,-89.5726
Long Bay Island,106,"[2010, 2011, 2012, 2013, 2015, 2018, 2021]",['LA'],['Biloxi South'],"['large marsh/grass island', 'Some beach, sand, grasses, shrubs, marsh', 'Marsh, grasses, shrubs', 'Grasses, sand/beach, dead grasses.', 'Grasses, bare ground, beach, open water.']","['LAGU', 'TRHE', 'WHIB', 'BCNH', 'ROYT', 'BLSK', 'GBTE', 'BRPE', 'AWPE', 'ALL', 'USTE', 'FOTE', 'SATE', 'SNEG', 'CATE', 'GBHE', 'UNTE']",{'N': 43},"WHIB count good, TRHE and LAGU site counts likely low; coverage ~ 80%; some small beaches that looked like good tern habitat missed; LAGU still pairing up || LAGU more established sites in June, no LAGU sites in May (mostly roosting birds on shoreline in May). 100% coverage. || Established TRHE sites in June, few in May. 100% coverage. || Established WHIB sites in June. 100% coverage. One or two individuals on island in May, nonbreeding. || Sites in June, not May. 100% coverage. || Roosting ROYT on shoreline in June, but not many in May. 100% coverage. || Roosting BLSK on shoreline in June, not many in May. 100% coverage. Nonbreeding in June. || Roosting GBTE on shoreline in June, none in May. 100% coverage. || Only roosting birds along shoreline observed, no nests. || Only roosting birds along beach/marsh observed in May; June photos showed some in incubation posture on beach that might usually be underwater [later deemed roosters by PJC and RRR]. || TRHE observed sitting on sites; no chicks observed; had to use CAM2 photos for main colony as there was no CAM1 coverage of the most inland sites; no photo coverage in June. || One bird observed standing along beach; no nests observed on island. || Just over 100 sites observed with WHIB in incubation posture on nests; no chicks observed; had to use CAM2 photos for main colony as there was no CAM1 coverage of the most inland sites; no photo coverage in June. || 6 birds observed standing along shoreline; no nests on island. || Good photo coverage of island in May, 100% of colony analyzed from May photos except one penisula that was only photographed in June with nesting ROYT. || LAGU observed sitting on sites; no chicks observed; birds still observed incubating in June. || No new BRPE Breeding groups in June; previous colony sites from May mostly vacant in June, indic. Abandoment, except for a few. || Approximately 95% of colony was photographed, analyzed, and counted; only 1 CATE Bird observed in Area 7, no nesting. || LAGU observed sitting low on sites, and with 1/4-1/3 grown downy chicks; One dead LAGU observed in area 13, Img 547, camera 1 card 5; mistakingly labeled 'WEGU' in screen capture. || TRHE observed sitting low on sites. || BRPE observed with eggs, as well as 10-12 week old chicks along the shoreline; many abandoned and empty nests. || USTE observed sitting low on sites, as well as with few small chicks; Majority of USTE likely FOTE, but may be few GBTE mixed in also; fewer sites/birds of USTE and LAGU sites compared to May 2011 photos. || WHIB observed sitting low on sites. || Colony photos visually assessed for nesting phenology; BRPE getting established, loafing in colony, few WBN + few 4-6 week old broods; LAGU and USTE on Sites; CATE forming colony with 300-400 birds; 20 BLSK present; 80 small brown shorebirds roosting. || Approx. 90% of colony was analyzed and counted; irridescent sheen visible in Area 25, Img 079, camera 1 card 1; no BRPE nesting in 2012; all nesting species noticeably less abundant than in 2011. || LAGU sitting low on sites. || TRHE sitting low on sites. || FOTE sitting low on sites. || USTE sitting low on sites. || BLSK sitting low on sites or establishing sites on beach. || WHIB sitting low on sites or establishing sites. || SATE sitting low on sites. || Colony photos were visually assessed; photo quality and coverage much less compared to May 2012, therefore not used in analyses; LAGU and USTE nesting in similar numbers; no BRPE nesting; WHIB colony not observed in June, very few nesting birds present; || 100% of colony analyzed and counted. All species except BLSK dotted from May survey. || LAGU sitting on sites; copulation observed in one pair; no chicks observed. || TRHE observed sitting on sites in brooding postue; eggs observed; no chicks observed. || SNEG observed sitting on sites in brooding postue; no chicks observed. || WHIB observed sitting on sites in brooding posture; birds observed staging and building sites; no chicks observed. || FOTE observed sitting on sites in incubation posture; birds still building sites; no chicks observed. || 100% of colony analyzed and counted; BLSK, CATE, and GBTE only analyzed from June survey; TRHE with mobile chicks, no apparent abandonment; Approximately 60% of WHIB sites, 60% of FOTE sites, and 10% of LAGU sites abandoned since May survey. || BLSK observed sitting on sites in incubation posture; no chicks observed; other pairs present, not yet sitting on built sites. || CATE observed sitting on sites in incubation posture; no chicks observed; other pairs present, not yet sitting on built sites. || GBTE observed sitting on sites in incubation posture; no chicks observed. || Does not include 53 Empty Nests || no closeup of one WHIB group, so estimated in this OV || LAGU sitting low on sites. || BLSK sitting low on sites. || SATE sitting low on sites. || TRHE sitting low on sites. || 2 additional BRPE WBN added here, not included in the screen capture. || LAGU Chicks observed to be downy and approximately 1/3 grown. || BRPE Chicks observed along shoreline and approximately 10-12 weeks old. || BRPE Chicks observed to be full grown. || LAGU Chicks observed to be small and downy, approximately 1/4 grown. || One Dead LAGU Bird found, identified on the screen capture; not included in this 'Bird' count; labeled incorrectly in screen capture as ""WEGU."" || BRPE Chick observed to be very small, likely 2 weeks old. || USTE likely FOTE based on size; nesting colony nearby in adjacent area. || USTE likely FOTE based on size; nesting colony nearby in adjacent area. || USTE likely FOTE based on size; nesting colony nearby in adjacent area. || FOTE sitting on sites. || TRHE sitting low on sites. || LAGU Chick observed to be small and downy, approximately 1/3 grown. || LAGU Chicks observed to be 1/4-1/3 grown. || WHIB observed to be sitting low on sites. || TRHE observed to be sitting low on sites. || FOTE sitting low on sites. || WHIB sitting low on sites. || WHIB appear to be building nests and ""setting up"" a sub-colony but not actively nesting. || LAGU sitting on sites. || 7 LAGU sites + 14 birds added to this area from Img 323, camera 2 card 2. || 2 BRPE birds added to this area from Img 323, camera 2 card 2. || TRHE sitting on sites in brooding posture. || 1 dead sub-adult BRPE observed, circled in screen capture. || TRHE observed with eggs. || SNEG sitting on site in brooding posture. || FOTE on sites in incubation posture, also observed standing at sites. || WHIB sitting low on sites. || WHIB observed with eggs in sites. || LAGU copulation observed by one pair. || BLSK on sites; pairs present, not yet nesting; no chicks. || CATE on sites; other birds present around colony, not yet nesting; no chicks. || GBTE on sites; no chicks observed. || UNTE Birds are small in size; chicks are approximately 1/2-2/3 grown. Chicks changed to Birds given Poor photo quality [PJC 28 Oct 22] || Changed from USTE to FOTE [PJC 28 Oct 22] || Changed from USTE to FOTE [PJC 28 Oct 22] || USTE Chicks observed to be downy, approximately 1/3 grown compared to adjacent adult bird; likely FOTE. || Changed from USTE to FOTE [PJC 28 Oct 22] || Changed from USTE to FOTE [PJC 28 Oct 22] || USTE sitting low on sites; likely FOTE based on size and appearance. Changed here from USTE to FOTE by PJC 26Oct22 || Changed here from USTE to FOTE by PJC 26Oct22 || USTE likely FOTE based on size and plumage. Changed here from USTE to FOTE by PJC 26Oct22 || Changed here from USTE to FOTE by PJC 26Oct22 || Changed here from USTE to FOTE by PJC 26Oct22 || Changed here from USTE to FOTE by PJC 26Oct22 || Changed here from USTE to FOTE by PJC 26Oct22 || Changed here from USTE to FOTE by PJC 26Oct22 || Changed from USTE to FOTE [PJC 28 Oct 22] || Changed from USTE to FOTE [PJC 28 Oct 22] || Changed from USTE to FOTE [PJC 28 Oct 22] || roosting near shoreline, nonbreeding",106,29.5021,-89.5356
Rabbit Island,98,"[2010, 2018, 2021]",['LA'],['Sabine-Calcasieu'],"['huge marsh/grass island w. ponds & open water', 'Restored Island', 'Marsh', 'large marsh island']","['BRPE', 'LAGU', 'BCNH', 'BLSK', 'CATE', 'FOTE', 'GBTE', 'REEG', 'ROYT', 'SATE', 'SNEG', 'TRHE', 'GREG', 'ROSP', 'WHIB', 'AMAV', 'ALL', 'GBHE', 'WADE', 'COGA', 'WHEG']",{'N': 35},"BRPE estimate good; most conspicuous groups of white waders counted, but some missed and much surface area of island not counted; TRHE/LAGU coverage no doubt low, but hard to quantify how low || BPRE incubating both months. Numbers seemed similar and a couple groups looked exactly the same in May and June (shape, number of nests, etc.). May was flooded and areas of eggs out of nest could be seen; thus used June for count. || May flooded; very good coverage in June. Birds mostly nesting on edges and on top of and adjacent to erosion control wattles distributed throughout the restored areas; quite a few wandering chicks seen in this habitat as well in June. || minor numbers seen in June in the marsh that is at the edge of the Western Retored area || areas flooded in May. June coverage was very good but some birds may have been still setting up even in June? || 2 small groups seen in June along areas of sprouting green vegetation and some wattles. Quite a few birds still appeared to be standing/roosting; still setting up or not breeding at all? || fairly large groups in several areas along the edges of the restored marsh, particularly in dead vegetation/wrack lines. Very good coverage || fairly large groups amongs some of the skimmers and in other areas of the restored habitat. Quite a few chicks of this species observed as well. Very good coverage || very small numbers (2 sites) seen in marsh adjacent to the western restored area || a few small groups in the northeastern restored area; very good coverage || a few small groups in the northeastern restored area; very good coverage || small numbers seen in marsh along the western restored area; very good coverage || small numbers in marsh along the western restored area; very good coverage || small numbers scattered throughout; most seemed to be in South Marsh toward the eastern end; good coverage || several smaller groups scattered throughout the areas usually within a wrack line/patch. Very good coverage. || small numbers in the more ""upland"" type habitat within the marsh; good coverage; very few chicks or standing birds seen in this area; later phenology than restored areas? || a few distinct nesting groups scattered throughout with the majority occurring in the dryer areas of the South Marsh; very good coverage || a few individual sites scattered amongst the other nesting waders; used Cam 1 photos to confirm when possible; very good coverage || a few individual sites scattered amongst the other nesting waders; very good coverage || nesting SNEG occurred throughout marsh areas; very good coverage. Lots of standing individuals in some locations; these may have been fledged YY or adults just setting up but too difficult to determine and dotted as individual birds only. || abundant throughout the marsh areas; mostly in the South Marsh but also along the western restored area and within the interior marsh. Very good coverage but likely some missed due to the scattered nature of some nests. Also it is possible individuals || just a couple of foraging(?) individuals seen within the marsh habitats; no nesting observed. || just a couple of foraging(?) individuals seen within the marsh habitats; no nesting observed. || Complete coverage of BRPE; most nests in incubation stage. Productivity perhaps not great, based on apparent low #s of chicks/fledglings. || Far fewer birds overall than on 21 May. Many GREG sites still active with large chicks. Dozens of large BRPE chicks evident, a few in juvenile plumage, and dozens of nests still attended. Other spp. in lower #s and much less conspicuous than in May. || Good coverage, though of course not every nest seen or dotted. No chicks seen. Adults sitting tight; standing and incubation postures easy to judge. || Good coverage, but possibly substantial early nesting, as many chicks appeared to be out of nests and not brooded. April survey would have helped. || Good coverage, but possibly substantial early nesting, as many chicks appeared to be out of nests and not brooded. April survey would have helped. || Just two nests seen, but others could have been missed (or dotted as TRHE) where Camera 2 images were used. || Good coverage and good survey timing. || Good coverage and good survey timing. || Good coverage and good survey timing. || Good coverage and good survey timing. || Just a small group of nests. || Good coverage and good survey timing. || Does not include 6 Empty Nests || moorhen on water in middle of marsh || possibly large chicks present, hard to tell from adults; only sites counted therefore, and not all birds || ONLY BRPE COUNTED || ONLY BRPE COUNTED || ONLY BRPE COUNTED || ONLY BRPE COUNTED || ONLY BRPE COUNTED || ONLY BRPE COUNTED || ONLY BRPE COUNTED || chicks not dotted, but confirmed in close-ups || chicks totaled during dotting, but not marked || chicks totaled during dotting, but not marked || consider PQ=E because no issues identifying LAGU; only species nesting in photo || use C1C2-6957 to confirm species/sites and for some birds outside of this photo as indicated on screen cap || use C1C2-6957 to confirm species/sites and for some birds outside of this photo as indicated on screen cap || use C1C2-6957 to confirm species/sites and for some birds outside of this photo as indicated on screen cap || chick seen with adult; || distant but still good || distant but still good || used C1C2-6945 to confirm as much as possible || used C1C2-6945 to confirm as much as possible || used C1C2-6945 to confirm as much as possible || error on screen cap but can see and count 2 GBTE chick nests || photos good enough to see LAGU chicks = E PQ || see bill color to identify as FOTE || confirm with c1c2-7329 & 7330 || confirm with c1c2-7329 & 7330 || confirm with c1c2-7329 & 7330 || CATE may be still setting up || marsh on east side of western restored area || marsh on east side of western restored area || marsh on east side of western restored area || marsh on east side of western restored area || extra bird in photo c1c2-7163 || extra sites in c1c2-7163 & 7165 per note in screen cap || LAGU chicks without any adults nearby observed || small grp of ROYT; birds standing, maybe just setting up; missed a few more of this group that were not photographed || error in screen cap says FOTE ck nst but should be GBTE; use c1c2-6851 to confirm GBTE || use c1c2-6862 to confirm species || Marsh area on eastern edge of the western restored area || Marsh area on eastern edge of the western restored area || Marsh area on eastern edge of the western restored area || Marsh area on eastern edge of the western restored area || Marsh area on eastern edge of the western restored area || Marsh area on eastern edge of the western restored area || Marsh area on eastern edge of the western restored area || distant overview; only photo of this ""line"" of LAGU; may be more sites but this is minimum number || use c1c2-6748 to confirm species || use c1c2-6748 to confirm species || use c1c2-6756 to confirm species || use c1c2-6756 to confirm species || use c1c2-6756 to confirm species || use c1c2-6756 to confirm species || use c1c2-6756 to confirm species || use c1c2-6756 to confirm species || use c1c2-6756 to confirm species || use c1c2-6756 to confirm species || distinction from FOTE based on color and size (slightly larger and whiter back) || The 3 BRPE WBN not shown in PointCountWindow in ScreenCap || ScreenCap shows 5 GBHE sites, but 4 of these were actually GREG; Class accidentally switched during dotting || One dead LAGU; a few others were seen around the island as well || Not all Classes listed in PointCountWindow; cross-referenced raw image",98,29.8494,-93.38300000000001
Biloxi North 30 B,7,"[2010, 2011, 2012, 2013]",[],[],['marsh'],"['FOTE', 'ALL', 'BLSK']",{'N': 5},"mostly vegetated with some open sand; BLSK, FOTE dominant, some BRPE roost || Well over 100 sites dotted for this colony. They appeared to prefer narrow strips of exposed soil surrounded by vegetation. Identified by small size, slender build, || and orange coloration to soft parts--bill and legs. Slightly darker mantled than GBTE. A large group of loafing birds on the shore dotted as UNTE prob this species. || 100% coverage; FOTE & LAGU primarily; BLSK just setting up || no breeding birds; roosting terns, BRPE and AWPE in small numbers; roosting birds not counted || 5 BLSK in air || pair was in flight in photo 0782",7,29.816466666666667,-89.30926666666666
Biloxi North 30 A,7,"[2010, 2011, 2013, 2015]",[],[],"['marsh island', 'marsh']","['All', 'HERG', 'LAGU', 'FOTE']",{'N': 4},"mostly vegetated with some open sand: FOTE, LAGU || No birds in May or June; just a 50 m length of marsh left; 30 B under water || Small island, mostly GBTE sites. || flown over in May but not photographed; did not fly over in June and probably was only inspected from a distance || herring gull || Dotted as SATE site; changed to LAGU PJC 26 Oct 22 || Dotted as GBTE; changed to FOTE PJC 26 Oct 22",7,29.8191,-89.31020000000001
Biloxi North 32,7,"[2010, 2013]",[],[],['marsh/beach'],"['ALL', 'ROSA', 'SATE', 'LAGU', 'ROYT']",{'N': 2},"open tip of vegetated point; area boomed; birds roosting; SATE, LAGU, ROYT || no breeding birds in 2013; no photos in May; June photos had roosting BRPE (~100) and terns (~200) || Dotted as Sites; Changed to Birds here by PJC 12/21/22 per Sept 2014 RGFord Excel file || Dotted as Sites; Changed to Birds here by PJC 12/21/22 per Sept 2014 RGFord Excel file || Dotted as Sites; Changed to Birds here by PJC 12/21/22 per Sept 2014 RGFord Excel file || ROYT/SATE distinguished mostly by size; Dotted as Sites; Changed to Birds here by PJC 12/21/22 per Sept 2014 RGFord Excel file || 90% of all tern species were ""sitting"" but may have been roosting; obvious pairs of both SATE and ROYT",7,29.763,-89.2851
Deadman Point,120,"[2010, 2011, 2012, 2013, 2015, 2018, 2021]",['LA'],['Biloxi North'],"['Grassy marsh island', 'Marsh island', 'Grasses, bare ground.', 'Short and tall grasses.', 'Grasses, bare ground, tidal mud flat.', 'Grasses, bare ground, mud flat.']","['LAGU', 'TRHE', 'SNEG', 'GREG', 'AWPE', 'BRPE', 'ROYT', 'BLSK', 'LBHE', 'GBHE', 'FOTE', 'REEG', 'SDHE', 'UNWA', 'WHIB', 'ULTE']",{'N': 42},"mostly vegetated, some open shore areas and pond areas; LAGU and BRPE dominant; screen capture for area 07 is missing but count is in database (<10 gulls) || Active nesting in both months, more sites throughout island in June - 100% coverage || Wading birds present in May, nesting birds in incubating position in June, eggs seen under one bird - 100% coverage || Birds in grass in May near future June sites, nesting birds incubating in June - 100% coverage || None observed in May, birds in incubating position in June - 100% coverage || Roosting birds on beaches, more in June. || Birds roosting on beach, some standing in grass in May - WBN in June within territorially spaced birds and pairs - 100% coverage || Birds on N side beach in May, not present in June || Birds on beach in May, not present in June || Incubating, with small #s apparently still nest-building; excellent coverage || only LAGU noted nesting; and many were in pairs, indicating survey was still during early nesting period; so all spp counted in June given nesting BRPE then || 100% coverage, not surveyed in May, some large TRHE chicks visible (screenshots corrected from GLIB marking to TRHE Chicks w/o adult) || 100% coverage, not surveyed in May || 100% coverage, not surveyed in May. Mostly WBN, some PBN indicating either late breeding or second attempt. || 100% coverage, not survyed in May || 100% coverage, not surveyed in May || 100% coverage, not surveyed in May. Roosting birders along shoreline, non-breeding. || 100% coverage, ROYT birds along shoreline, non-breeding. || 100% coverage, singular bird || 100% coverage, singular bird || BRPE only were analyzed and counted for June 2011.  Other species analyzed from May 2011 photos as TRHE, SNEG chicks were larger and more mobile in June. || BRPE sitting low on WBN and PBN; colony likely still be building. || Approx. 90% of colony photographed, analyzed, and counted. A dead marine mammal observed in Area 12, Img 371, camera 1 card 6. Similar numbers of sites observed in June 2011 for all species except BRPE; chicks mobile, straying from nest sites in June. || LAGU observed sitting low on sites. || TRHE observed sitting low on sites or with 1/3-1/2 grown chicks. || SNEG observed sitting low on sites or few with 1/2 grown chicks. || 100% of colony analyzed and counted for BRPE only; other species analyzed from May 2012 survey. || BRPE still building few nests; most observed sitting on WBN or PBN; no chicks observed. || Approx. 80% of colony photographed, analyzed, and counted; All non-BRPE species analyzed for June 2012; BRPE analyzed from June 2012 survey. || LAGU observed to be sitting low on sites; no chicks observed. || TRHE observed sitting low on sites, standing in brooding posture, and with 1/3-2/3 grown chicks. || SNEG observed sitting low on sites, standing in brooding posture, and with 1/3 grown chicks. || FOTE observed sitting low on sites; no chicks observed; few sites observed. || REEG observed with large 2/3 to full grown chicks; only one nest observed. || GBHE observed brooding on site; also with at least one large chick. || Approximately 98% of colony photographed, analyzed, and counted; BLSK and GBTE present in May not observed in June photos, including in the same area during May attendance. || LAGU observed sitting on sites; no chicks observed. || TRHE observed sitting on sites and in brooding posture; no chicks observed. || SNEG observed sitting on sites and in brooding posture; no chicks observed. || REEG observed sitting on sites and in brooding posture; no chicks observed. || BRPE observed sitting on WBN and PBN; no chicks observed; BRPE IMM:AD on nests equals 2:61;approximately 10% of sites abandoned by June survey. || Colony photos visually assessed; LAGU on sites; BRPE still building sites; BLSK and GBTE present on beach (gone by June survey), no birds in incubation posture; TRHE and SNEG still building sites. || One small territorial group || only parts of island were photographed || [dotted as UNGU; changed to LAGU; PJC 6Nov22] || LIBH? || all white; light morph REEG or SNEG? [Dotted as UNHG; changed to SNEG; PJC 6Nov22] || may be HEGU [dotted as UNGU; changed to LAGU; PJC 6Nov22] || may be HEGU [dotted as UNGU; changed to LAGU; PJC 6Nov22] || [dotted as UNGU; changed to LAGU; PJC 6Nov22] || [dotted as UNGU; changed to LAGU; PJC 6Nov22] || [dotted as UNGU; changed to LAGU; PJC 6Nov22] || [dotted as UNGU; changed to LAGU; PJC 6Nov22] || screen capture for this area is missing || [dotted as UNGU; changed to LAGU; PJC 6Nov22] || [dotted as UNGU; changed to LAGU; PJC 6Nov22] || also 4 BRPE in flight || LAGU 48/49 copulating || LAGU 31/32 copulating || 3 BRPE in flight || [dotted as UNGU; changed to LAGU; PJC 6Nov22] || UNKNOWN HERON/EGRET [Dotted as UNHG birds; changed to TRHE site, bird; PJC 6Nov22] || UNKNOWN GULL [dotted as UNGU; changed to LAGU; PJC 6Nov22] || gap of no photo coverage between photos 0857 and 0840 || UNKNOWN HERON/EGRET [Dotted as UNHG bird; changed to TRHE site; PJC 6Nov22] || unknown waterbird (this may be a BRPE)[Dotted as UNWA; changed to BRPE; PJC 6Nov22] || ~50% of these LAGU also in pairs || 3 dotted from photo 865 || 3 dotted from photo 865 || photo quality is E for BRPE || unknown heron or egret [Dotted as UNHG birds; changed to TRHE site, birds; PJC 6Nov22] || 3 LAGU stand dotted from photo 845 || 4 LAGU stand and 2 sit dotted from photos 849 and 845) || 5-7 in water near colony || photo very blurry (but only photo of area); spp. ids from other nearby overlaps || unknown heron or egret, dotted from photo 864 [Dotted as UNHG; changed to TRHE; PJC 6Nov22] || some in water || unknown waterbird; 29 is large and white (WHIB?), 30 and 31 may be corms or ANHI || photo very bright; assume LAGU, may have missed some || last photo of this island || 7 LAGU Sites added to this Area from Img 464, camera 2 card 1. || BRPE sitting low on WBN and PBN. || TRHE Chicks observed to be 1/3-1/2 grown. || WHIB appear interested in nesting. || Block count estimate, counting by 10's. || 2 LAGU Sites added to this area from Img 509, camera 2 card 5. || 3 TRHE Sites added to this area from Img 509, camera 2 card 5. || Block count estimate, counting by 10's. || BRPE still building or sitting low on WBN or PBN. || TRHE Chicks observed to be 1/3-2/3 grown. || TRHE brooding small-medium sized chicks; half-grown chicks also observed. || SNEG Chicks observed to be 1/3 grown. || FOTE sitting low on sites. || GBHE observed with a large chick. || REEG observed with large 2/3-full grown chicks. || 7 LAGU sites + 7 birds added to this area from Imgs 1233 & 1234, camera 1 card 2. || 1 TRHE site added to this area from Imgs 1233 & 1234, camera 1 card 2. || 2 BRPE birds added to this area from Imgs 1233 & 1234, camera 1 card 2. || 3 LAGU sites + 8 birds added to this area from Img 1193, camera 2 card 2; LAGU sitting on sites. || TRHE sitting on site.",120,29.741099999999996,-89.3568
Biloxi North 34,9,"[2010, 2013]",[],[],['Artificial structure'],"['LAGU', 'FOTE', 'UNWA', 'UNTE', 'BRPE']",{'N': 2},"man-made structure and pilings || 100% of colony photos photographed and analyzed; no birds present; see Imgs 1190-1192, camera 2 card 2; no screen capture made. || 1 of pair listed as sit when pair obvious, probably none on nests || some in pairs but all listed as stand || unknown waterbird (imm. BRPE?) || unknown tern (GBTE?) || unknown waterbird || unknown tern (GBTE?) || 1 BRPE only",9,29.7439,-89.4532
Biloxi North 25,21,"[2010, 2011, 2012, 2013, 2015]",[],[],"['marsh island', 'marsh']","['LAGU/TRHE', 'LAGU', 'TRHE', 'All', 'ALL', 'UNHG', 'BRPE', 'LBHE', 'ROSP']",{'N': 8},"vegetated with some open shore; FOTE, LAGU and TRHE || Complete coverage; things pretty much the same in June || complete coverage; birds in incubation posture || complete coverage; some birds may be brooding || no photos taken during June survey; inspected colony but did not photograph || used Cam2 photo with confirmation from Cam2 close-ups; no Cam1 photos; good pop. est. photos for LAGU and TRHE || island innundated with water; LAGU and TRHE have chicks and productivity appears to  be good despite water; BRPE roosting high in wrack line but no indication of any breeding activity || small numbers of TRHE and LAGU as well as one each site for ROSP and LIBH; excellent photo; used other cam2 photos to verify status and site; May photos had fewer nest sites so used June photos || may all be TRHE || some LAGU may be pairs but not obvious || used Cam1 photos to confirm sites || used Cam1 photos to confirm sites || used Cam1 photos to confirm sites || used Cam1 photos to confirm sites || used Cam1 photos to confirm sites; several TRHE appear to be brooding || used Cam1 photos to confirm sites || used Cam1 photos to confirm sites || used additional cam2 photos that were ""zoomed"" in to verify species and status || used additional cam2 photos that were ""zoomed"" in to verify species and status || used additional cam2 photos that were ""zoomed"" in to verify species and status || used additional cam2 photos that were ""zoomed"" in to verify species and status",21,29.9059,-89.29540000000001
Biloxi North 26,33,"[2010, 2011, 2012, 2013, 2015, 2018, 2021]",[],[],"['Marsh island', 'Small marsh island', 'marsh island', 'marsh']","['LAGU/TRHE', 'All', 'ALL', 'TRHE', 'UNHG', 'ROYT', 'BRPE', 'LAGU', 'SNEG']",{'N': 9},"mostly vegetated; TRHE || No birds in May or June; just a 50 m length of marsh remaining || Complete coverage; LAGU still active in June, but more numerous and in incubation posture in May || complete coverage; counted June because TRHE seemed more abundant than in May; May had a group of 9 ROYT in potential breeding habitat, but just standing; 4 roosting BRPE in May too || complete coverage; great photos; excellent count || island partially innundated with water; LAGU and TRHE have chicks and many in brooding posture; SNEG have chicks as well; productivity seems good for all species || Birds appear to be incubating; only LAGU and TRHE present -- no other species || both TRHE and LAGU have small chicks; most TRHE appear to brooding; maybe 30% of LAGU appear brooding or with small chicks; a few roosting BRPE and a couple of roosting terns (species unknown) seen in June photos - no breeding activity from these two spec || photos are more overview and just a bit too far zoomed out to be highly confident of species and status; used colors as a clue to species || overview photo had best view, species id'd from close-ups 0724 and 0726; TRHE eggs visible in photo 0726 || unknown heron or egret: all white, smaller than TRHE, probably CAEG || roosting birds; no indication of breeding || roosting birds; no indication of breeding || roosting only || used Cam1 photos to confirm sites || used Cam1 photos to confirm sites || used Cam1 photos to confirm sites || used Cam1 photos to confirm sites || used Cam1 photos to confirm sites || used Cam1 photos to confirm sites || used Cam1 photos to confirm sites || used Cam1 photos to confirm sites || used Cam1 photos to confirm sites || used Cam1 photos to confirm sites || used Cam1 photos to confirm sites || used Cam1 photos to confirm sites || used Cam1 photos to confirm sites || used Cam1 photos to confirm sites || used Cam1 photos to confirm unclear sites - || a bit challenging to differentiate species but used color as the best clue || a bit challenging to differentiate species but used color as the best clue || a bit challenging to differentiate species but used color as the best clue || a bit challenging to differentiate species but used color as the best clue",33,29.897900000000003,-89.301
Anderson Point Island,13,"[2010, 2013, 2015, 2021]",[],[],"['Grassy marsh island', 'Herbasceous marsh', 'marsh']","['LAGU', 'FOTE', 'AMOY', 'UNGT', 'UNTE']",{'N': 6},"water channel in marsh || A few birds observed in May, only 2 sites in June - most birds hanging around in two large groups - 100% coverage || None observed in May, all incubating in June - 100% coverage || One site observed in wrack lines,  bird in marsh nearby || on wrackline at south end of island; surveyed but no photos in May || small group of FOTE that was photographed; no other breeding birds observed in photos || unknown gull or tern (no overlap between 2 photos at this colony) || unknown gull or tern || unknown tern || very good photos of this area || very good photos of this area || Site in wrack lines, bird nearby in marsh || CAM2 photo was only coverage of this area",13,29.892,-89.3273
White Log Lake Islands,3,"[2010, 2013]",[],[],['marsh/beach'],"['All', 'UNHG']",{'N': 2},"water channel in marsh || flown over both months; sample photos taken in June; no breeding birds seen in photos and none seen while flying survey || unknown heron or egret: white, probably CAEG or SNEG",3,29.8283,-89.3191
Dry Bread Island,109,"[2010, 2011, 2012, 2013, 2015, 2018, 2021]",[],[],"['Grassy marsh island', 'Marsh, grasses, few shrubs']","['FOTE', 'LAGU', 'TRHE', 'SNEG', 'AMOY', 'REEG', 'WHIB', 'ROSP', 'BCNH', 'GREG', 'UNGT', 'UNWA', 'UNTE']","{'Y': 28, 'N': 19}","vegetated with some open shore, channels; waders in interior areas; lots TRHE; gulls/terns roosting on shore || None observed in May, formed in wrack lines and on south end of island in June, birds in incubating posture - 90% coverage, most of colony on south end only captured in zoomed out cam2 photos || None observed in May, nesting on center and south end of island in June, birds in incubating posture - 95% coverage, south end of island only captured on zoomed out cam2 photos || No CAM1 coverage in June, unable to tell chick presence/nest success || 193 sites in wrack lines, sitting low on nests, no chicks seen. || Most photos of sites from CAM2 so best estimate of nests vs birds was made; no chicks seen. || 100% coverage, colony robust in May, not in June. || 100% coverage, count both months because some new TRHE sites were established in June. || 100% coverage, a few individuals in May, but more in June, however were in different areas. || 100% coverage, 1 site in May, and two birds in June. || 100% coverage, 1 site and 1 bird in May || 100% coverage, robust colony in May that had largely left in June, except for a handful of remaining individuals. ||  100% coverage, count for May because more individuals and sites in May than in June. || 100% coverage, individual ROSP found in both May and June, could be a lone wader or separated from migrating group. || TRHE nests were scattered around the island.  No chicks were seen. || BCNH nested in a single rookery, with other wader species.  No chicks were seen || GREG nested in a few small colonies.  No chicks seen. || SNEG mostly nested together,  in the major waterbird nesting rookery on the island. No chicks seen. || One small colony was dotted, on some wrack at the point of a small peninsula. No chicks seen. || One nesting pair and couple birds were dotted. No chicks seen. || LAGU appear to have the same coverage and numbers as in May.  No chicks were seen and birds were still in incubating posture. || TRHE appear to have the same coverage and numbers as in May.  No chicks were seen and birds were still in incubating posture. || BCNH appear to have the same coverage and numbers as in May.  Because of poor photo quality for the areas where this species nested, I am unable to determine if chicks are present. || GREG appear to have the same coverage and numbers as in May.  No chicks were seen and birds were still in incubating posture. || SNEG appear to have the same coverage and numbers as in May.  No chicks were seen and birds were still in incubating posture. || The FOTE colony is significantly smaller than in May.  No chicks are visible.  The few birds remaining appear to be incubating. || No birds seen. || TRHE nests are scattered around the perimeter and a few interior pockets of the island. No chicks seen. || No nesting. 1 bird seen. || One nest site.  No chicks seen. || A few small colonies were detected.  No chicks seen. || Nesting FOTE were dotted in two distinct colonies.  No chicks seen. || 2 nest sites.  No chicks seen. || TRHE appear to have the same coverage and numbers as in May, despite the obvious flooding that occurred on the island.  Some chicks are visible. || It is difficult to tell whether or not BCNH numbers are the same as in May due to poor photo quality and their dark coloration.  Based on the images I have, they did not expand into new areas. || No birds seen. || SNEG appear to have the same coverage and numbers as in May, despite the obvious flooding that occurred on the island.  Some chicks are visible. || FOTE nesting appears to have been disrupted by the flooding.   FOTE coverage and numbers declined by at least 75%.  No chicks seen. || One nesting pair remains.  No chicks seen. || LAGU nested all along the perimeter of the island- on wrackline, and other debris.  There area also a few ""islands"" of wrack on more interior areas which hosted small nesting colonies.  No chicks seen. || LAGU nests are scattered around on the wrackline.  No chicks seen. || LAGU appear to have the same coverage and numbers as in May, despite the obvious flooding that occurred on the island.  Many downy chicks are visible. || Three small colonies  on one end of island on wrack.  No chicks visible. || Nesting mainly on wrackline, but some isolated nesting in the marsh.  No chicks visible. || Small number of birds incubating eggs.  No chicks visible. || Many nests scattered across the island.  No chicks visible. || Coverage is slightly less in this survey than in May.  This survey not dotted because review of photos indicates similar numbers for most species.  FOTE not found at all in June photos. || 1/2 of LAGU in obvious pairs tagged as ""sit"" || 2 tagged from photo 0730 || originally ID'd as UNHG; screen capture has not ||  unknown gull or tern; 4 tagged from photo 0739 || 1/2 of LAGU in obvious pairs tagged as ""sit"" || originally ID'd as UNHG; screen capture has note || 1/2 of LAGU in obvious pairs tagged as ""sit"" || 1 FOTE in flight || originally ID'd as UNHG; note on screen capture; [WHIB changed to SNEG; PJC6Nov22] || ooriginally ID'd as UNHG; note on screen capture; [WHIB changed to SNEG; PJC6Nov22] || plus 1 TRHE in flight || warp of this photo made species ID difficult || originally ID'd as UNHG; note on screen capture; [WHIB changed to SNEG; PJC6Nov22] || originally ID'd as UNHG; note on screen capture; [WHIB changed to SNEG; PJC6Nov22] || unknown waterbird || originally ID'd as UNHG; note in screen capture || 1/2 of LAGU in obvious pairs tagged as ""sit"" || 1 LAGU stand dotted from photo 0753 || 1/2 of LAGU in obvious pairs tagged as ""sit"" || pair || note: there may be 3 FOTE in R side of this photo but impossible to tell whether these are birds or debris || screen capture shows 2 more UNHG here but these are WHIB; [UNHG changed to SNEG; PJC6Nov22] || changed from UNGT 17jan11; [WHIB changed to SNEG; PJC6Nov22] || screen capture has note, 2 WHIB orig ID'd as UNHG; [WHIB changed to SNEG; PJC6Nov22] || screen capture has note, added 2 TRHE sit here || changed from UNGT 17jan11 || unknown heron or egret: dark, probably TRHE; [UNHG changed to SNEG; PJC6Nov22] || unknown gull or tern || unknown tern || [WHIB changed to SNEG; PJC6Nov22] || originally ID'd as UNHG; note on screen capture; [WHIB changed to SNEG; PJC6Nov22] || 5 TRHE sit tagged from photo 0764 || both UNHG here are blank: these have been moved to WHIB, note on screen capture; [UNHG changed to SNEG; PJC6Nov22] || both UNHG here are blank: these have been moved to WHIB, note on screen capture; [UNHG changed to SNEG; PJC6Nov22] || [WHIB changed to SNEG; PJC6Nov22] || originally ID'd as UNHG; note on screen capture; [WHIB changed to SNEG; PJC6Nov22] || unknown gull or tern: these are prob LAGU but photo very blurry [changed 17jan11 pc] || One abandoned nest in this image; sp. Unknown. || One abandoned nest in this image; sp. Unknown. || Visible oil sheen. || Visible oil sheen. || The FOTE colony on the island. || TRHE standing over eggs. || Diverse wader colony. || Diverse wader colony. || Diverse wader colony. || Diverse wader colony. || Diverse wader colony. || Diverse wader colony. || One dead bird on shore, species unknown. || Error found when proofing and corrected.  On screen capture, SNEG was dotted as a ""site"" when it should be a ""bird"". || Visible oil sheen. || CAM2 photo was only coverage of this area",109,29.842599999999994,-89.30639999999998
Biloxi North 31,25,"[2010, 2011, 2012, 2013, 2015]",[],[],"['marsh island', 'marsh']","['FOTE/LAGU', 'LAGU', 'ALL', 'UNGT', 'UNHG', 'ROYT', 'UNTE', 'UNGU', 'FOTE', 'DCCO']",{'N': 7},"mostly vegetetaed with some open shore and ponds; FOTE dominant || Just a 50m long island remained; under water by 2018 surveys; aka Higginbotham Island || a few birds of both spp. still present, but May the better count || Small island, mostly sites of this species. || Much flooding, but maybe LAGU remain || Complete coverage; dotted Cam2 and consulted Cam 1; just 1 TRHE site; BRPE roosting on shoreline only || no breeding birds in 2013; photos taken each month and both sets had about 100 roosting BRPE, 100 roosting terns and a few roosting LAGU || 1/2 of LAGU in obvious pairs tagged as ""sit"" || unknown gull or tern: probably LAGU || unknown heron or egret: white, probably CAEG or SNEG || 1/2 of LAGU in obvious pairs tagged as ""sit"" || may be other ROYT in this group || unknown gull or tern: this photo is extremely blurry || unknown tern: most are smaller than LAGU, a few may be ROTE || unknown gull || unknown gull or tern || 1/2 of LAGU in obvious pairs tagged as ""sit"" || photo is extremely blurry || unknown gull (probably LAGU) || unknown tern: slightly smaller than LAGU (SATE?) || very blurry and distant photo || very blurry and distant photo, species ID'd with help from other photos || obvious mates tagged as stand, all others as sit || Dotted as UNTE; changed to FOTE PJC 26 Oct 22 || Immatures",25,29.8043,-89.2815
Drum Bay Island,202,"[2010, 2011, 2012, 2013, 2015, 2018, 2021]",['LA'],['Biloxi North'],"['MarshScrub Island', 'Marsh, grasses, shrubs', 'marsh/beach']","['BRPE', 'LAGU', 'GREG', 'AWPE', 'TRHE', 'ROYT', 'SATE', 'ROSP', 'SNEG', 'WHIB', 'REEG', 'AMOY', 'All', 'UNEG', 'UNWA', 'LBHE', 'UNIB', 'WHEG', 'SDHE', 'BLSK', 'GBTE', 'BCNH']",{'N': 51},"mostly vegetated; waders dominate (TRHE, WHIB, GREG) || Marsh/wetland island, Drum Bay, LA.  Large marsh island rich with varied vegetation, pothole ponds, standing water; sandy/shell beach area approx. 5-10% of shoreline.  Photo coverage of  approx. 50% but colonies covered, many camera 1 images very blurred. || BRPE pairing up in May but no sites; BRPE sites established in June. 100% coverage. || LAGU mostly on shoreline in May; very few sites in May; LAGU sites in June more abundant and established; 100% coverage. || GREG sites established in June; one abandoned nest identified, all others with incubating GREG. 100% coverage. || Roosting AWPE birds on shoreline in June but are nonbreeding. 100% coverage. || Very few TRHE sites in general. 100% coverage. || No photos taken in May; only LAGU seen on nests in June; one nest with chick. || Small-scale abandonment in June from May sites; new nesting efforts in June, asyncronous breeding, sum both months. || BRPE were all in incubating position and the entire breeding population was concentrated on one side of the island, near sandy beach.   || ROYT were all in incubating position, and no chicks were seen.  All ROYT nested in four distinct subcolonies, on sandy beach.  || SATE were all in incubating position, and no chicks were seen.  Most SATE nested in one colony, mixed in with ROYT.  A small number of nests (5) were found mixed into another ROYT colony nearby.   || Nesting is widespread across the island, with most birds in incubating posture.  I estimate that ~80% of all nesting LAGU were dotted.  No chicks seen.  || All nests located within the main waterbird nesting colony on the island (adjacent to the sandy shore).  No chicks seen. || Nesting is widespread, but sporadic across the grassy habitat on the island.  Like the gulls, I probably captured 80% of nesting TRHE in this dotting effort.  No chicks seen. || All nests located within the main waterbird nesting colony on the island (adjacent to the sandy shore).  No chicks seen. || All nests located within the main waterbird nesting colony on the island (adjacent to the sandy shore).  No chicks seen. || Most nests are within the main waterbird nesting colony.  Many hatched out chicks are visible. || In order to expedite dotting effort, Areas 17-55 do not have a complete dotting effort.  Only ""sites"" were dotted.  No roosting birds or chicks were dotted. || BRPE coverage for June 2012 was examined and compared to May photos.  Coverage is the same.  No chicks were seen and birds are still in incubating position. || Nearly all ROYT nests from May appear to have hatched and most birds are now on the margins of the island with small chicks.  No new nesting effort is evident from May.   || Nearly all SATE nests from May appear to have hatched and most birds are now on the margins of the island with small chicks.  No new nesting effort is evident from May.   || LAGU coverage is the same as in May, but most birds are now with young downy chicks. || ROSP coverage for June 2012 was examined and compared to May photos.  Coverage is the same.  Chicks are visible. || No birds seen.   || SNEG coverage for June 2012 was examined and compared to May photos.  Coverage is the same.  Chicks are visible. || WHIB coverage for June 2012 was examined and compared to May photos.  Coverage is the same.  Chicks are visible. || GREG coverage for June 2012 was examined and compared to May photos.  Coverage is the same.  Many chicks are visible. || Water levels during this survey are very high all over the island.  It appears that most nests are dry, however.   || A few small groups of BRPE are nesting near the sandy beach.  No chicks visible.   || ROYT are in the beginning stages of colony formation on the beach.  A few have started nesting, and others are scraping/loafing on the beach.   || Nesting is widespread across the island, with most birds in incubating posture.  I estimate that ~90% of all nesting LAGU were dotted.  No chicks seen.  || All nests located within the main waterbird nesting colony on the island (adjacent to the sandy shore).  No chicks seen. || Nesting is widespread across the grassy habitat on the island.  Like the gulls, I probably captured 90% of nesting TRHE in this dotting effort.  In some areas, chicks were seen. || Most nests are located within the main waterbird nesting colony on the island (adjacent to the sandy shore).  Chicks may be hatched out, but are difficult to distinguish from small GREG chicks.  For this reason, SNEG numbers may be underestimated. || Many subcolonies are found across the island.  WHIB subcolonies are in different stages of breeding depending on the subcolony: courtship, laying, incubating, brooding, and tending to chicks. || All nests are within the main waterbird nesting colony.  Many hatched out chicks are visible. || REEG nests are found mixed in amongst other wading bird colonies.  Birds are incubating and with chicks. || Only one nest found.  Bird is in incubating posture. || In order to expedite dotting effort, Areas 13-60 do not have a complete dotting effort.  Only ""sites"" were dotted.  No roosting birds or chicks were dotted. || BRPE coverage for June 2011 was examined and compared to May photos.  Coverage is the same.  No chicks were seen and birds are still in incubating position. || ROYT have formed a small colony.  Birds are in incubating posture.  No chicks seen || LAGU coverage is the same as in May. Some birds are now with young downy chicks. || ROSP coverage for June 2011 was examined and compared to May photos.  Coverage is the same.  Chicks are visible. || Coverage looks similar to the May 2011 photos.  Chicks are visible, but most birds are still standing over their nests. || SNEG coverage for June 2011 was examined and compared to May photos.  Coverage is the same.  Chicks are visible. || WHIB coverage for June 2011 looks similar to May photos.  Most birds still in the colony are with chicks, and in some areas, larger juveniles are gathered at the shoreline. visible. || GREG coverage for June 2011 was examined and compared to May photos.  Coverage is the same.  Many chicks are visible. || No birds seen.   || No birds seen.   || BRPE had some still setting up but most on nests with eggs; BCNH/TRHE/REEG in marsh areas but not in large numbers; LAGU throughout island but in short marsh ""grass"" and at edges of beaches; BLSK small group on beach; excellent coverage and photos; || Does not include 2 Empty Nests || Does not include 5 Empty Nests || 2 LAGU dotted from photo 0704 || 2 LAGU stand dotted from photo 0704 || TRHE #30 dotted from area to left of line (in 0706) || unknown gull: probably LAGU; [Dotted as UNGU; changed to LAGU; PJC 6Nov22] || [Dotted as UNGU; changed to LAGU; PJC 6Nov22] || unknown egret: white and as large as WHIB; some probably GREG based on plumes and bill, also see next photo adjacent GEG on nests || unknown egret: white and as large as WHIB || unknown waterbird || unknown egret: smaller than GREG || unknown egret || chicks and eggs visible || unknown gull: probably LAGU; [Dotted as UNGU; changed to LAGU; PJC 6Nov22] || unknown gull: probably LAGU; [Dotted as UNGU; changed to LAGU; PJC 6Nov22] || 1/2 of obvious pairs dotted as ""sit"" || may be more WHIB on nests, lots seem to be milling around || unknown waterbird; white || ID based on size, bill and plumes || 1/2 of obvious pairs dotted as ""sit"" || unknown waterbird || ROSP seem to not really be on nests yet || 1/2 of obvious pairs dotted as ""sit""; area accidenatlly captured at zoom resolution; see areas 15 and 17 for exact boundaries || unknown waterbird: in this case cannot distinguish between probable WHIB and GREG due to posture, etc. || 1/2 of obvious pairs dotted as ""sit"" || unknown gull is probably LAGU; [Dotted as UNGU; changed to LAGU; PJC 6Nov22] || [Dotted as UNGU; changed to LAGU; PJC 6Nov22] || 1/2 of obvious pairs dotted as ""sit"" || unknown waterbird: dark plumage, along pond edge || 1/2 of obvious pairs dotted as ""sit"" || WHIB based on nesting habit and size || 1/2 of obvious pairs dotted as ""sit"" || photo very blurry; species ID'd from other part photos; only photo of this area || 1/2 of obvious LAGU pairs dotted as ""sit""; also note end of photo/island series; there were birds visible at ponds in overview photos 4873-4875 but there are no close-ups of these so not dotted, estimate <20 large white waders || Two empty nests from camera2 079. || Two counts from camera1 151. || Three counts from camera1 151. || PJC changed sp. code from WAW's DAIB; likely all WHIB juvs, but can't rule out some actual DAIB || Three counts from camera2 110. || One WHEG chick count from camera2 110. || Two adult and 2 chick counts from camera2 110. || One adult count from camera2 110. || RoostingBirds change from ""blank"" to ""0"" 9/13/22 NY/PC. || Five adult and 4 juvenile counts from camera2 110. || PJC changed sp. code from WAW's DAIB; likely all WHIB juvs, but can't rule out some actual DAIB || One abandoned and 13 empty counts from camera2 097. || Two adult and 2 chick counts from camera2 097. || Two adult and 3 chick counts from camera2 097; PJC changed sp. code from WAW's DAIB; likely all WHIB juvs, but can't rule out some actual DAIB || PJC changed sp. code from WAW's DAIB; likely all WHIB juvs, but can't rule out some actual DAIB",202,29.91969999999999,-89.26269999999997
Biloxi North 18,6,"[2010, 2013, 2021]",[],[],"['marsh island w/ sandy beach', 'marsh']","['AWPE/BRPE', 'TERN', 'SNEG/TRHE', 'LAGU', 'ALL']",{'N': 6},"bare tip of vegetated spit; BRPE roost || No nest sites, roosting birds only. || Complete coverage. Nesting, no chicks present. || Complete coverage. Nesting, no chicks present. || >95% coverage. Nesting, no chicks present. || no nests observed in the one photo taken; notes from flight indicate that no nesting was observed",6,29.9813,-89.2574
Biloxi North 17,6,"[2010, 2013]",[],[],['marsh'],"['ALL', 'LAGU', 'SATE', 'UNGT']",{'N': 2},"shallow/ wet marsh; gull and tern roost || no nests observed in the one photo taken; notes from flight indicate that no nesting was observed || 1/2 of obvious pairs dotted as ""sit"" || may be some overlap of SATE/FOTE IDs; based on size, bill and leg color || 5 dotted from photo 4861 (camera 2) || 1/2 of obvious pairs dotted as ""sit""",6,29.975100000000005,-89.2762
Biloxi North 16,58,"[2010, 2011, 2012, 2013, 2015, 2018, 2021]",[],[],"['marsh island with shrubs', 'Saturated marsh, grasses, some beach and shrubs', '90% herbaceous, 5% shrub, 2% wrack, 3% sandy', 'beach/marsh']","['BRPE/ROYT', 'GREG/SNEG', 'BLSK', 'BCNH/LAGU/ROSP/TRHE/WHIB', 'LAGU', 'GBTE', 'FOTE', 'ROYT', 'BRPE', 'TRHE', 'ROSP', 'WHIB', 'SNEG', 'GREG', 'ANHI', 'CATE', 'AMOY', 'ALL', 'UNHG', 'UNGT']",{'N': 45},"shrub and grass; wader colony in shrubs (mostly WHIB) || No nest sites, roosting birds only. || Complete coverage. More nest sites in June. Some chicks in June. || Complete coverage. Pre-breeding in May. No chicks in June. || Complete coverage. More nest sites in June. No chicks in June. || Included Mink Island in May photo coverage so this island was included as BN16(2) in database || Most seen incubating; no chicks seen in May or June. || ~half sitting low on nests, half standing. Only on Mink island beach. No photo coverage in June. || 11 sites mixed with BLSK sites, a few standing birds. No photo coverage in June. || 17 sites in wrack line of Mink island, birds sitting low. No photo coverage in June. || Only 5 standing birds on shore. || A few standing birds only. || Sites mixed with SNEG and WHIB sites; no chicks seen. Only ~5 sites photographed in June. || Only 1 bird seen. || All sitting low on nest or standing around. Only a few sites in June, no chicks. || ~130 sites in May, number of sites in June were about 3/4 of number in May. No chicks seen in May or June. || A few sites mixed with SNEG and TRHE nests. || 1 site, 1 bird near SNEG and TRHE nests near shore. || occupancy was higher in June. Therefore June was counted. || occupancy was higher in June. Therefore June was counted. || Occupancy was higher in May. Therefore May was counted. || Occupancy was higher in May. Therefore May was counted. || Occupancy was higher in May. Therefore May was counted. || Occupancy was higher in May. Therefore May was counted. || Occupancy was higher in May. Therefore May was counted. || 1 CATE colony on sandy beach; chicks and incubating adults visible. || Several small colonies; birds in incubating position; no visible chicks. || Nesting widespread across the islands; no chicks seen; only ""sites"" dotted. || Nesting in the only wader colony; no chicks visible; only ""sites"" dotted. || Nesting in the only wader colony; no chicks visible; only ""sites"" dotted. || Nesting in the only wader colony; no chicks visible; only ""sites"" dotted. || Nesting in the only wader colony; chicks visible. || Nesting widespread across the islands; no chicks seen; only ""sites"" dotted; estimate 90% of LAGU dotted. || Nesting in the largest wader colony; no chicks visible; only ""sites"" dotted. || Nesting in several colonies; no chicks visible; only ""sites"" dotted. || Nesting in several colonies; no chicks visible; only ""sites"" dotted. || Nesting in several colonies; no chicks visible; only ""sites"" dotted. || Several small colonies on sandy beach; birds in incubating position; no chicks; only ""sites"" dotted. || One small colony on sandy beach; birds in incubating position; no chicks; only ""sites"" dotted. || The May survey was peak breeding period for all birds on the island; BLSK and GBTE appear to have been washed out as the coastal beaches are flooded.  || good coverage using overviews and confirming with closeups; had to use May photos for two pocket beaches to get a complete count of CATE; very good count of wading birds (TRHE, WHIB, SNEG, etc.) || 1/2 of obvious pairs dotted as ""sit"" || 3 dotted from photo 0644 || unknown heron, egret or ibis: most here are dark, probably TRHE; at least one is white and may be SNEG, GREG or CAEG || unknown gull or tern: probably all LAGU || 2 sites added from photo C1C2photo1547 || area missed in June survey so used May photos to account for the BLSK and CATE || area missed in June survey so used May photos to account for the BLSK and CATE || area missed in June survey so used May photos to account for the BLSK and CATE || Incl 2 LAGU sites and 2 LAGU birds from CAM1 photo 1722. || Incl 6 LAGU sites from CAM2 photo 1876. || Incl 2 LAGU sites from CAM2 photo 1885. || Incl 1 WHIB site and 3 SNEG sites from CAM1 photo 1718. || Incl 2 SNEG sites and 4 LAGU birds from CAM1 photo 1752.",54,29.998399999999997,-89.2924
Breton Island,453,"[2010, 2011, 2012, 2013, 2015, 2018, 2021]",['LA'],['Breton-Chandeleur Islands'],"['veg. and bare/sandy islands', 'grass and sand and mangroves', 'beach; marsh, etc.', 'beach', 'marsh/sand', 'sand dune/upland', 'marsh/sand dune', 'sand dune', 'upland area', 'barrier Island']","['AMCO', 'BCNH', 'BLSK', 'BRPE', 'CAEG', 'CATE', 'GBTE', 'LAGU', 'TRHE', 'ROYT', 'SATE', 'HERG', 'UNSB', 'ROYT, SATE', 'ROSA', 'UNGT', 'UNWA', 'UNGU', 'UNTE', 'GREG', 'REEG', 'ROSP']",{'N': 72},"Breton Island low vegetation and dry areas, sand spits BRPE and terns dominant; 3 major areas (1. man made marshy/ dry ground enclosure 2. large open sand/dune 3.mix of sand and vegetated higher ground/ sand spits and open sand with tern colony || one large area of terns missed and potentially 3,000-5,000 sites were missed; one large LAGU area within the ""circle"" island was missed and probably a few BRPE were missed; roosts estimated from overviews; wandering terns and BRPE throughout colony; || no evidence of breeding || nesting || no evidence of breeding || no evidence of breeding || no evidence of breeding || nests had chicks up to 6 weeks of age but few wandering too much so counts were good. Due to incomplete overview coverage it was difficult to determine if all area with BRPE were captured but all BRPE in photos were counted and assuming complete coverage || as complete of coverage as possible; some small groups of LAGU may have been missed but all groups of 10+ sites seen in photos for May were counted; good count || 3 groups of ROYT/SATE were seen. One group didn't have close up photos but overviews captured 98% of the group. A small piece appeared to be missing and likely numbered fewer than 50 birds; 2 other groups had excellent coverage || 3 groups of ROYT/SATE were seen. One group didn't have close up photos but overviews captured 98% of the group. A small piece appeared to be missing and likely numbered fewer than 50 birds; 2 other groups had excellent coverage || a small group appeared to be setting up on beach in May; this same group was seen in June and was larger so used June photos || a significant group of BRPE initiated nesting between May and June toward the southern portion of the island - along the sand beach vegetated extension; use these counts to complete the population estimate for the island || significant groups of LAGU were photographed in June but not May along the southern beach extension of the island; a couple fo these had young chicks wandering about but sites could still be distinguished; most seemed to still be on eggs || tern colonies were all chicked out and no new groups were observed in June; May photos best || tern colonies were all chicked out and no new groups were observed in June; May photos best || group of nesting BLSK were largest in June; best to use these for population estimate || small numbers observed amongst the BLSK in June; although other beach areas were photographed GBTE were only observed within the BLSK colony || excellent photos and coverage; some birds setting up and counted in June; chicks seen were mostly 1-3 weeks old but small group of 5 week old chicks seen; abn and empty nest sites appear to be higher than normal || excellent photos; counted areas not covered in May photos due to birds just setting up in May; the June areas counted had fewer abn and empty nests seen; || excellent photos; used May for majorty of area except newly formed groups seen only in June surveys; lots of young chicks seen in June surveys suggesting that hatching success was high for this species || excellent photos; PJC counted these groups; coverage appeared good; lots of chicks seen in and adjacent to May nesting groups as described in May entry above || excellent photos; used May for majorty of area except newly formed groups seen only in June surveys; lots of young chicks seen in June surveys suggesting that hatching success was high for this species || excellent photos; PJC counted these groups; coverage appeared good; lots of chicks seen in and adjacent to May nesting groups as described in May entry above || used May photos for a majority of the surveys except in areas where BRPE were counted in June; LAGU counted in conjunction with BRPE for areas where the 2 species overlapped; a couple areas solely with nesting LAGU counted in May || used June photos where BRPE nesting and tern nesting was newly formed in June; || Only June photos used for BLSK. May the birds did not appear to be on eggs. June surveys appeared to have good coverage; both MWP and PJC counted BLSK areas || Mostly May used for this species; 1 site seen in June amongst BLSK and likely is a new site; all other sites appeared to be hatched out in June survey. Good coverage and excellent photos; birds flushed during survey and used both Cam1 and Cam 2 photos || only one new site seen during June survey but it should be counted in the total nest sites for this species || a few GBTE seen and counted near BLSK groups in June. Complete coverage probably didn't happen as all areas of habitat for this species not photographed. || one site seen in May and June helping to confirm this as a nesting species; nesting material can be seen around bird especially in June photos;  June photos helped confirm species identification. First known site for this species at Breton possibly || Large colonies found on eastern side of island near new fences on sand || smaller groups mixed in with ROYT colonies on eastern side of island || a couple scattered on beaches, not observed in nesting position or photos too low qaulity || Many nests scattered throughout island, with various ages of chicks ranging from small to large. Few empty or abandoned nests. || Nests scattered throughout island on vegetation and some on sand. Pair often near nest or other birds loaf near waters edge. || Large colonies ( thousands of birds) on east side of island. Smaller sub colonies flank main colonies. || smaller colonies were mixed in with ROYT colonies on East side. || Abundant on north eastern sandy banks || A few scattered along beaches, typically appearing as a small brown bird, likely some type of sandpiper or plover || Much less nesting activity than 2011. Many empty nests appear to be from earlier this season, and largely chicks have not appeared yet. || Typical scattered nests in grass with loafing birds next to nest and on edges of water || Some nests still present in high spots, loafing birds around beaches || Regions of A, B, C, D appear flooded around nests (or high tide?). Many loafers on beaches. Where chicks are visible they are large. || Many on shore, 90 percent colony dispersed, did not see any chicks browsing photos || Many on shore, 90 percent colony dispersed, did not see any chicks browsing photos || need to add ""new"" BRPE nests not at colony in May; about 300 nests added between May and June survey || a small group of terns that were ""setting up"" in May were present in June and a bit larger in size; these probably would add no more than 300 total sites; this group was not counted as ""peak"" nesting was captured in May despite this small increase || not counted in June; May survey appeared to capture the ""peak"" nesting period || 3 groups of CATE were found nesting in June; none were observed in May; these groups need to be added || May group was larger but may have included non-breeding birds; June survey period probably captures peak breeding better || few chicks/juv. on the island; no sign of empty or empty nests that were seen in May; no new areas observed; productivity appears ""poor"" || no new groups observed; all chicked out and lots of chicks along beachs; productivity seems good to excellent || not couned in June; May survey appears to capture the peak although lots of birds still sitting on nests || no CATE seen in photos; none counted || no BLSK seen in photos; none counted || Pre-incubation to early incubation; numbers higher than in 2012 but lower than in 2011. || Numbers 2 times higher than in 2012 but still lower than in 2011; probably captured peak of breeding activity; somewhat high number of subadults sitting on nests--none with chicks, though lower number than at Queen Bess || New breeder this year; all in one location at the edge of a ROYT colony. || Numbers lower than in 2011 or 2012; early to mid-incubation; no chicks. || Highest numbers yet; most birds in early to mid-incubation; no chicks. || Numbers almost 4 times higher than in 2012; most birds in early to mid-incubation; no chicks. || Mid-incubation; numbers a bit lower than in May || Numbers similar to May; chicks everwhere; but many birds apparently still incubating, including most subadults--but one noted with a single chick. || Numbers similar to May; most still on nests; a few with small chicks || Numbers a bit higher than in May; most incubating; some with small chicks. || Numbers similar to May; most still on nests; many with chicks, some well away from sites. || Numbers similar to May; most still on nests; many with chicks, some well away from sites. || Includes 4137 Empty Nests (1742 dotted as ROSA, 2395 as UNTE); also includes estimate of 4000 Sites from an Overview || Does not include 88 Empty Nests || Does not include 38 Empty Nests || Does not include 3838 Empty Nests || empty nest cups - terns probably with chicks at edge of colony; [dotted as UnTE, changed to ROSA, PJC 12Nov22] || empty nest cups - terns with chicks near water; [dotted as UnTE, changed to ROSA, PJC 12Nov22] || roost birds from overvieew; [dotted as UnTE, changed to ROSA, PJC 12Nov22] || empty nest cups - probably fledged or chicks moved to waterline; [dotted as UnTE, changed to ROSA, PJC 12Nov22] || empty nest cups - probably fledged or chicks moved to water's edge; [dotted as UnTE, changed to ROSA, PJC 12Nov22] || Area 3 per KKN's definition; [dotted as UnTE, changed to ROSA, PJC 12Nov22] || Area 3 per KKN's definition; [dotted as UnTE, changed to ROSA, PJC 12Nov22] || empty nest cups - terns probably with chicks at waterline; [dotted as UnTE, changed to ROSA, PJC 12Nov22] || begin Breton Is.; 1/2 of obvious pairs dotted as ""sit"" || unknown gull or tern; probably some LAGU here || unknown waterbird: probably BRPE preen || 1/2 of obvious pairs dotted as ""sit"" || some BRPE cannot be aged || unknown waterbird || unknown gull or tern || very poor photo, may be more LAGU; 1/2 of all obvious pairs dotted as sit || 1/2 of obvious pairs dotted as sit || 1/2 of obvious pairs dotted as sit || 1/2 of obvious pairs dotted as sit || includes 9 LAGU from photo 180; 1/2 of obvious pairs dotted as sit || also ROYT in flight; end series, no overlap with 0184 but looks like no birds in missing area || unknown gull or tern:probably LAGU || some BRPE on nests look imm (very brown--may be lighting) || none of these LAGU actually on nests, 1/2 of obvious pairs dotted as ""sit"" || unknown gull or tern: probably LAGU; end of this part of Breton island || 1/2 of obvious pairs tagged as ""sit"" || 1/2 of obvious pairs tagged as ""sit"" || 1/2 of obvious pairs tagged as ""sit""",449,29.495499999999996,-89.17420000000003
Biloxi North 12,67,"[2010, 2011, 2012, 2013, 2015, 2018, 2021]",['LA'],['Biloxi North'],"['Fragmented, grassy island', 'Marsh, grasses, some shrubs', 'beach/marsh', 'marsh']","['GREG', 'ROSP', 'LAGU', 'BCNH', 'REEG DM', 'SNEG', 'WHIB', 'AMOY', 'CATE', 'FOTE', 'TRHE', 'WHEG', 'REEG', 'ROYT']",{'N': 32},"very small; mostly vegetated with small open sand areas || Chicks present in May still on nests, starting to go off nests in June. Some still in incubation position in June - 100% coverage || Chicks observed on some nests in June, mostly birds incubating. Some pairs at nests - 100% coverage || Sites observed in May, but many more established throughout island in June - 95% coverage || A couple birds observed in May, only 2 sites in June || One bird observed in May, one site in June in same area || Birds observed wading in area that sites were observed in June - 100% coverage || Some chicks in May, but mostly incubating. Lots of chicks and more birds in general in June - 100% coverage || One site on NE side beach || Birds observed in May on SE side beaches, 2 pairs observed in same areas as May birds in June - 100% coverage || Not observed in May, established colonies on wrack line patches in June - 100% coverage || Not observed in May, established nesting throughout island mixed with LAGU in June - 95% coverage || Small island with only LAGU photographed only in June, LAGU incubating, some chicks observed near nests. || Birds nesting on beach in May, a few chicks seen in June. || More LAGU on nests in May vs June on main island. Chicks only observed on small island in June || Sites and standing birds mixed with LAGU sites in vegetation and wrack lines. Unable to ID species from CAM2 photos. || Mostly birds foraging, 1 site mixed in with TRHE and GREG nests. || A few sites with eggs seen, nests mixed with TRHE nests. || Birds observed incubating ~8 sites total. || Approximately 60%-70% of island photographed in May. || LAGU colonies in May most representative of breeding. June had some LAGU sites, but not as many. || Nesting widespread across the island; no chicks seen; only ""sites"" dotted. || Nesting not expanded from May survey, but many chicks visible in these photos. || small colony of nesting CATE on pocket beach; counted May photos as best photos for this species || good overview type photos that could be used for counting LAGU; probably about 90% coveage for the entire island || good coverage of species in this area of the marsh habitat; some TRHE counted in May with LAGU on a different portion of the island || birds appeared to be standing above nests and not sitting tight; some birds flushed while we conducted our survey; this is the only time nesting WHIB have been observed flushing during our suveys; unsure of the exact reason || a few SNEG mixed with TRHE/WHIB colony || Mostly this species, nesting in vegetation. Many incubating. || broods seen mostly along shoreline; 1 to 3 birds together dotted for this category. Juvs with rust neck and upper back, white below. || Broods observed. 2-3 nests found with adults attending; these adults showed long plumes extending from back over tail. || small nesting colony of this species. A number of nearby empty nests not dotted may have been this species, but could have been TRHE (or failed?). All incubating, no chicks or juvs. || DM || note lat/long are at photo location; also small companion island has no close-ups and no detectable birds (photo4850); note also visible oil at companion island || ROYT in veg area may be CATE? ID based on size and bill color; at least one may be on a nest; birds in open area probably pairing/paired || ROYT may be CATE?; paired/pairing || 3  LAGU dotted from photo 4852 || 2 ROYT tagged from photo 4852 (may be CATE, view is very distant) || southern tip of island || some additional LAGUs from adjacent photos || some additional LAGUs from adjacent photos || some additional LAGUs from adjacent photos || some additional LAGUs from adjacent photos || some additional LAGUs from adjacent photos || some additional LAGUs from adjacent photos || some additional broods included from adjacent photos || one site with nest with eggs but birds appear to have flushed so still dotted as a site || appears as though the WHIB flushed but unsure why? This hasn't happened at any other WHIB colony in 5 years of surveys; birds appear to be standing above nests as well - unusual posture || Only coverage was zoomed out Cam2 photo || Only coverage was zoomed out Cam2 photo || Only coverage was zoomed out Cam2 photo || Zoomed out CAM2 photo || Zoomed out CAM2 photo || Zoomed out CAM2 photo || Zoomed out CAM2 photo || Zoomed out CAM2 photo || Zoomed out CAM2 photo || Zoomed out CAM2 photo || Incl 1 LAGU site from CAM2 photo 1757. || Incl 3 LAGU sites from CAM2 photo 1761. || Incl 5 LAGU sites from CAM2 photo 1768. || Incl 7 LAGU sites and 5 LAGU birds from CAM1 photo 8158. || Note there are no Areas 1-3 for May; see June [PJC} || Incl 5 LAGU sites and 1 LAGU bird from CAM1 photo 1663. || Incl 14 LAGU sites from CAM2 photo 1719. || Incl 13 LAGU sites from CAM2 photo 1723. || Incl 1 LAGU site from CAM2 photo 1752.",67,30.029228571428572,-89.27865714285714
Little Mud Grass Island Northeast,101,"[2010, 2011, 2012, 2013, 2015, 2018, 2021]",[],[],"['Herbaceous, shrubs', 'Marsh island', 'marsh']","['GREG', 'LAGU', 'TRHE', 'BCNH', 'ROSP', 'SNEG', 'WHIB', 'FOTE', 'REEG', 'AMOY', 'All', 'LBHE', 'UNTE', 'UNGU', 'CARO', 'UNSB', 'UNWA', 'CAEG']",{'N': 30},"vegetated with some open edges and wet/ shallow mudflat tern roosts || GREG birds present in May but not on breeding sites until June. 100% coverage || LAGU sites more abundant in June. 100% coverage || TRHE sites present in May but are more abundant in June and more established. 100% coverage. || BCNH sites formed by June, not seen in May images. 100% coverage || ROSP Birds scattered throughout island in May, but sites were not established until June. 100% coverage. || SNEG birds present, but sites established in June. 100% coverage. || WHIB birds not observed in May, but sites and birds present in June. 100% coverage. || May only: incubating in herbaceous sites || Few photos in June, just of waders in shrubs [note by PJC] || May only: incubating in herbaceous sites on smaller island || incubating in shrubs, older chicks visible [in June; PJC] || May: incubating mainly in herbaceous sites and some shrubs  June: one additional nest in grass. || incubating in shrubs, associated with groups of GREG and ROSP, older chicks visible [in June; PJC]. || June only: no nesting behaviors observed, one individual foraging. || incubating in shrubs, small chicks visible || June only: incubating in shrubs, older chicks visible || Nesting widespread across the island; no chicks seen; only ""sites"" dotted. || A few birds nesting in brushy habitat; no chicks seen; only ""sites"" dotted. || A few birds nesting in brushy habitat; no chicks seen; only ""sites"" dotted. || Many FOTE nesting on wrackline on perimeter of island; no chicks; only ""sites"" dotted. || One pair nesting in the tern colony; no chicks. || Not dotted; Incomplete photo coverage and too late for peak nesting effort. || Not dotted; Incomplete photo coverage. || Most spp still active, except FOTE not seen; GREG chicks conspicuous; WHIB perhaps still incubating in similar or perhaps slightly larger #s than in May || Good coverage || good coverage of the eastern side of the island where a majority of the birds are breeding; however western side wasn't photographed in June so used May photos || used May photos to obtain data on FOTE, TRHE and LAGU on this western portion of the island - especially important for FOTE population estimate; good coverage || 1/2 of obvious pairs tagged as ""sit"" || in water || unknown tern: some difficulty with FOTE and SATE ID overlap || unknown gull: these are probably LAGU || caspian/royal tern: some difficulty with ID overlap; bill appears very red, birds larger than other ROTE seen here || 1/2 of obvious pairs tagged as ""sit"", 4 LAGU tagged from 0600 || unknown shorebird: feeding in water; tagged from polygon 0610 || pairs note as above || unknown gull || site LAGU definitely incubating; others roost || pairs note as above || pairs note as above || pairs note as above; unknown small heron in flight (not in tally) dark blue with some white (TRHE?) || pairs note as above || pairs note as above || little blue heron at island interior || unknown waterbird: LIBH or TRHE?; small and dark; note end of island series (may be 10-20 LAGU at other parts of this island complex that were not photographed in close-up) ||   ||   ||   ||   ||   ||   ||   ||   ||   ||   ||   ||   ||   ||   ||   ||   ||   ||   ||   ||   ||   ||   ||   ||   ||   ||   ||   ||   ||   ||   ||   ||   ||   ||   ||   ||   ||   ||   ||   ||   ||   ||   ||   ||   ||   ||   ||   ||   ||   ||   ||   ||   ||   ||  ",99,29.9628,-89.31559999999999
Martin Island,183,"[2010, 2011, 2012, 2013, 2015, 2018, 2021]",['LA'],['Biloxi North'],"['MarshScrubSand Island', 'Beach, Marsh', 'Herbaceous, shrubs, sandy beach', 'beach/marsh']","['ROYT', 'BRPE', 'DCCO', 'FOTE', 'LAGU', 'SATE', 'CATE', 'BLSK', 'GBTE', 'UNSH', 'ROSA', 'ALL', 'UNWA', 'UNTE', 'WHIB', 'SDHE', 'WHEG']","{'N': 29, 'Y': 1}","vegetated with wide open sand edge; BLSK colony, LAGU and some BRPE, ROSA || Martin Island reshoot (see 7 May); boom washed up on beach; one oiled SATE || Martin Island, S of Fox Bay, LA.  Approximately 75% of shoreline is wide, sparsely to moderately vegetated sandy beach; interior inundated wetland/marsh with few large ponds.  Photo coverage 80-90%, images from both cameras. || All roosting birds in May || Roosting birds in May, however, a lot more abundant roosting BRPE in June. || Roosting birds in May. Island is going underwater, loss of habitat compared to 2018 for FOTE. || BRPE birds along shoreline.  No indication of nesting. || Small FOTE colony on sites in incubation posture on an inner wrack line.  Sites likely failed.  New nests in June photos in similar area to May sites, but no FOTE fledglings in June photos. || Few LAGU sites in incubation posture. || ROYT birds along shoreline.  No indication of nesting. || SATE birds along shoreline.  No indication of nesting. || Low occupancy; nesting on edge habitat on wrack line or grass/sand.  Sparse, wide distribution. ||  Small number of individuals roosting on beach peninsula; none nesting. ||  Predominantly nesting in May on sandy beaches; clustered distribution, and moderate occupany in suitable habitat. ||  Roosting only in May on beaches; no nesters on island.   ||  Small clusters of roosting individuals; no nesters on island. ||  Two individual nests among BLSK on sandy beach; very low occupancy despite suitable habitat.  ||  Small clusters of roosting individuals; no nesters on island. || High occupany in suitable habitat on wrack line.  Predominantly nesting individuals in incubation posture; fewer roosting birds. ||  Unknown shorebirds roosting on beach. || complete coverage || rough visual estimate by scanning all photos of island || no breeding activity || no breeding activity || LAGU and FOTE remain but other spp. not present; not counted for this date || just setting up, but no birds present in June || nesting, but poor coverage; not dotted; FOTE only other breeding sp.; roosting BRPE also present || nesting, but poor coverage; not dotted; LAGU only other breeding sp.; roosting BRPE also present || only two OVs taken; not dotted; see May || BLSK colony with a few perifery LAGU sites; good overviews to show no nesting wading birds on this colony in 2013; may be a few missed LAGU based on habitat || Does not include 554 Empty Nests || Does not include 6 Empty Nests || 1/2 of obvious pairs tagged as ""sit"" || 1/2 of obvious pairs tagged as ""sit"" || used posture for sit/site ID || pair; probably SATE || see BLSK note above || see pairs note as above || probably SATE || about 1/2 of ""standers"" are roosting on outer shore; note 45 BLSK stand tagged from photo 4816 (overview) || pair || pair || pairs note as above || unknown waterbird: large juvie gull? || pairs note as above || probably all ROYT || pairs note as above || mostly ROYT || pair roosting || end of Martin Island series || incl. one oiled bird just off edge of colony || Three adult and 4 juvenile counts from cam2 167. || Nine adult and 5 juvenile counts from cam2 169. || Three chick and 24 adult counts from cam2 169. || Eight counts from cam2 169. || Includes counts from cam2 209 and cam2 204; see count image for details. || Includes counts from cam2 209 and cam2 204; see count image for details. || Includes counts from cam2 209 and cam2 204; see count image for details. || Includes counts from cam2 209 and cam2 204; see count image for details. || Includes counts from cam2 209 and cam2 204; see count image for details. || Includes counts from cam2 209 and cam2 204; see count image for details. || Includes counts from cam2 211; see count image for details. || Includes counts from cam2 211; see count image for details. || Includes counts from cam2 211; see count image for details. || Includes counts from cam2 215; see count image for details. || Includes counts from cam2 215; see count image for details. || Includes counts from cam2 223; see count image for details. || Includes counts from cam2 223; see count image for details. || Includes counts from cam2 223; see count image for details. || Includes counts from cam2 224; see count image for details. || Counts from cam2 224; possibly DAIB. || Includes counts from cam2 224 and cam2 225; see count image for details. || Includes counts from cam2 224; see count image for details. || Includes counts from cam2 224; see count image for details. || Includes counts from cam2 227 and cam2 229; see count image for details. || Includes counts from cam2 227 and cam2 229; see count image for details. || Includes counts from cam2 227 and cam2 229; see count image for details. || Includes counts from cam2 229; see count image for details. || Includes counts from cam2 187 and cam2 230; see count image for details. || Includes counts from cam2 187 and cam2 230; see count image for details. || Includes counts from cam2 187 and cam2 230; see count image for details. || Includes counts from cam2 187 and cam2 230; see count image for details. || Includes counts from cam2 189; see count image for details. || Includes counts from cam2 189; see count image for details. || Includes counts from cam2 192; see count image for details. || Includes counts from cam2 192 and cam1 432; see count image for details. || Includes counts from cam2 192 and cam1 432; see count image for details. || Includes counts from cam2 192; see count image for details. || Includes counts from cam1 432; see count image for details. || Includes one count from cam2 194. || Includes one count from cam1 580. || Includes counts from cam1 580; see count image for details. || Includes counts from cam1 596 and cam1 589; see count image for details. || Includes counts from cam1 596 and cam1 589; see count image for details. || Includes counts from cam1 photo 615; see count image for details. || Includes counts from cam1 photo 615; see count image for details. || Includes counts from cam1 photo 615; see count image for details. || Includes one count from cam2 237. || Includes counts from cam2 238. || Includes counts from cam2 238.",183,29.958997916666664,-89.19830312500001
Hell Pass Coast,191,"[2010, 2011, 2012, 2013]",[],[],"['marsh islands', 'marsh/beach']","['ALL', 'LAGU', 'TRHE', 'SNEG', 'LBHE', 'WHIB', 'BLSK', 'BRPE', 'GBTE', 'CATE', 'UNWA']",{'N': 4},"exposed rock roost, also mostly vegetated main island with sandy/rocky open edge || June best due to BLSK and majority of birds still incubating; very good to excellent coverage; over 95% coverage for all species and probably closer to 99% coverage; possibly good reference colony || May best as June coverage very incomplete -- northern island not photographed at all in June; May coverage very good - had over 90% coverage and probably closer to 95% coverage; numbers appeared lower than in 2011; || three islands combined into this colony; very good coverage; used June photos as it was better for BLSK and seemed like more LAGU sites in some areas; some SNEG and perhaps TRHE had chicks (although TRHE chicks not easy to detect) || added sites from previous photos; no screen captures due to limited time and number of birds || added sites from previous photos; no screen captures due to limited time and number of birds || added sites from previous photos; no screen captures due to limited time and number of birds || +1 LAGU site from photo 683; annotated in screen capture || Middle Island || added 11 sites and 5 birds from photos 712 AND 713; used Cam1 to confirm || ADD 1 SITE FROM PHOTO 712; used Cam1 to confirm || may still be setting up; pairs at sites; used Cam1 to confirm || used Cam1 to confirm || used Cam1 to confirm || used Cam1 to confirm || used Cam1 to confirm all sites || used Cam1 to confirm all sites || used Cam1 to confirm all sites || Add 20 sites and 8 birds from photos 691, 693, 694 || used cam 1 photos to confirm sites || used cam 1 photos to confirm sites || used cam 1 photos to confirm sites || used cam 1 photos to confirm sites || used cam 1 photos to confirm sites; add 1 site from Cam2Card2 photo 510 || used cam 1 photos to confirm sites || Used Cam1 photos to confirm sites || Used Cam1 photos to confirm sites || Used Cam1 photos to confirm sites || Used Cam1 photos to confirm sites || Used Cam1 photos to confirm sites || Used Cam1 photos to confirm sites || Used Cam1 photos to confirm sites || Used Cam1 photos to confirm sites || Used Cam1 photos to confirm sites || Used Cam 1 photos to clarify sites || Used Cam 1 photos to clarify sites || Used Cam 1 photos to clarify sites || Used Cam 1 photos to clarify sites || Used Cam 1 photos to clarify sites || Used Cam 1 photos to clarify sites || Used Cam 1 photos to clarify sites || Used Cam 1 photos to clarify sites || Used Cam 1 photos to clarify sites || Used Cam 1 photos to confirm || Used Cam 1 photos to confirm || Used Cam 1 photos to confirm || Used Cam 1 photos to confirm || Used Cam 1 photos to confirm || Used Cam 1 photos to confirm || Used Cam 1 photos to confirm || Used Cam 1 photos to confirm || Used Cam 1 photos to confirm || Used Cam 1 photos to confirm || Used Cam 1 photos to confirm || added a couple birds from photo 606 without adding an entire additional screen capture || Used Cam1 photos to clarify Cam1.2 photo 556 and 557 || Used Cam1 photos to clarify Cam1.2 photo 556 and 557 || Used Cam1 photos to clarify Cam1.2 photo 556 and 557 || Southern Island || Southern Island || Southern Island; used Cam1 photo 1362 to confirm || Southern Island; used Cam1 photo 1362 to confirm || Southern Island || Southern Island || Southern Island - used Cam1 photo 1365 to confirm || Southern Island - used Cam1 photo 1365 to confirm || Southern Island || Southern Island || Southern Island || Southern Island || Northern Island || Northern Island || Northern Island || Northern Island || Northern Island || Northern Island || Northern Island || Northern Island || Northern Island || Northern Island || Northern Island || Northern Island || Northern Island || Northern Island || Northern Island || Northern Island || Northern Island || Northern Island || Northern Island || Northern Island || Northern Island || Northern Island || Northern Island || Northern Island || Northern Island || Northern Island || Northern Island || Northern Island || Northern Island || Northern Island",191,29.922,-89.3156
Biloxi North 28,10,"[2010, 2011, 2013, 2015]",[],[],"['marsh island', 'Tidal grass marsh island.', 'marsh']","['FOTE', 'LAGU']",{'N': 6},"vegeated small island with ponds; FOTE dominant || Likely flooded in May but not inspected in June; still visible in later satellite images; but see BS16 for May flooding || 100% of colony analyzed and counted; no photos taken during June11 survey or during surveys in 2012. || FOTE observed sitting low on sites, in brooding posture, and with 1/4-1/2 grown chicks; majority (~95%) of chicks were 1/4-1/3 grown. || LAGU observed sitting low on site; no chicks observed. || great coverage and photos; small island with a group of about 100 FOTE; || 1 FOTE stand dotted from photo 0556 || 1 FOTE from 0559, 4 from 0566, 4 from 0569 || FOTE on sites and with small, dark, downy chicks approximately 1/4-1/3 grown. || FOTE chicks 1/4-1/2 grown.",10,29.9168,-89.4183
Biloxi Lake B 2,6,"[2010, 2015]",[],[],[],"['LAGU', 'UNSB', 'UNGU', 'UNTE']",{'N': 2},"mudflat roost of gulls/terns || Surveyed May and June, but no photos || 1/2 of obvious pairs tagged as ""sit""; also note lat/lon approx || unknown shorebird: small calidrid || unknown gull || unknown tern: FOTE or ROSA",6,29.9207,-89.5374
Turtle Pen Isle,22,"[2010, 2011, 2015, 2018, 2021]",[],[],"['Fragmented marsh island', 'Grasses, beach', '100% herbaceous']","['LAGU', 'BRPE', 'BLSK', 'GBTE', 'ROYT', 'AMOY', 'WHIB', 'UNTE']",{'N': 15},"small vegetated island with wide sand edge; BLSK colony || Nesting in both months, more in June.  Incubating only, no chicks - 100% coverage || Only roosters along E side beach || Present in May and June, more established nesting in June along E side beach w/ GBTE, 90% paired up - 100% coverage || Present in May and June, more established nesting in June along E side beach w/ BLSK - 100% coverage || Only birds along beach || 1 site observed in May, 2 in June - 100% coverage || One bird in water || Only species nesting on island (TPI1). 75% of birds were sitting on a nest; no chicks seen. || Two islands are part of Turtle Pen Isle. BLSK were the only nesting species on one (TPI1) and LAGU were the only nesting species on the other (TPI2). || Only species nesting on island (TPI2). ~same number of nests in June. One image from June was used to cover entirety of island. || nesting || no evidence of nesting however one beach in may had what appeared to be dimples (possible scrapes) but no birds on territory. Incidentally same area was photo-documented in June 2015 and wrack line was reshaped by a high water event between visit 1 and 2 || one dead beach-cast cetacean || aka Turtle Pen Isle. || 1 pair;all are roosting; note this photo is an overview and thus very distant, no close-ups taken; near Turtle Pen Isl. || probably ROYT or SATE but impossible to verify this || Two islands make up Turtle Pen Isle, made into subcolonies TPI1 (dotted in June) and TPI2 (dotted in May except for Area 1). || Incl 4 BLSK sites from CAM1 photo 7849. || Incl 9 LAGU sites from CAM1 photo 1133. || Incl 7 LAGU sites and 4 LAGU birds from CAM1 photo 1137. || ScrrenCap of a dead cetacean",22,29.9295,-89.2373
New Harbor Island 1,33,"[2010, 2011, 2012, 2013, 2015, 2018]",['LA'],['Breton-Chandeleur Islands'],"['Beach, marsh, grasses, shrubs.', 'flooded marsh fringing sandy beach and areas wrack', 'Sand spit, tidal grass marsh.', 'Tidal marsh, few shrubs adj. sand beach & spit', 'beach/marsh island']","['LAGU', 'BRPE', 'TRHE', 'ROYT', 'SATE', 'FOTE', 'BLSK', 'TURTLE', '0', 'ROSA', 'USTE']",{'N': 21},"isolated BRPE breeding colony next to water channel || LAGU observed nesting along wrack lines and interior on edge of marsh; no chicks observed || Only roosting birds along beach and in shrubs || 3 birds observed wading in marsh. || ROYT observed in small colonies on beach mixed with SATE; no chicks observed. [no SATE/ROYT nests - PJC] || SATE observed in small mixed colonies with ROYT; no chicks observed; more nesting sites than ROYT. [no SATE/ROYT nests - PJC] || Only 6 sites identified throughout colony; FOTE observed sitting on sites in wrack lines. || Only 4 BLSK sites observed in May, no photo coverage in June. || Only photo coverage of SATE and ROYT colonies in June from CAM2.; May photos only showed roosting birds and BLSK. [no SATE/ROYT nests - PJC] || incubating || no evidence of egg laying sites || BRPE incubating, still building in numbers. || BRPE on WBN, few sites observed with 2-4 week old Chicks; || LAGU observed sitting low on sites. || Turtle Sp. seen apparently digging a nest on a sandy beach, labeled in the screen capture as ""turtle digging nest."" || Colony photos visually assessed for general BRPE phenology and abundance; Colony still building, not dotted but will analyze June 2011 photos. || All available photos were assessed and dotted as appropriate; It is unclear what percentage of this colony was actually analyzed, but based on GoogleEarth, appears that ~15% of entire island was analyzed (presumably all BRPE) || No photos, but trackline circled island. || No photos, but trackline circled island. || very small group of BLSK seen in May and June; counted June photos as they appeared to be most complete || only counted sites near BLSK; a few other sites around colony but scattered and no large nesting by LAGU at this colony in this year; Maybe up to 20 more sites in all of the photos || Does not include 7 Empty Nests || BRPE nestlings || No screen captures made for May 2011; Colony was visually assessed and notes recorded in the ColonySiteNotes database. || Likely that most birds were ROYT based on size. || BRPE Chicks observed to be 2-4 weeks old, most WBN sitting low. || Likely FOTE based on their size and the habitat in which they were observed. || 3 WBN added to this area from Img 820, camera 2 card 3. || Turtle Sp. observed apparently digging a nest in the sand; Img. 994, camera 1 card 3 yields better observations and higher resolution image. || No photos, but trackline circles island. || No photos, but trackline circles island. || Included 2 LAGU birds from CAM1 photo 2818 || Included 21 BRPE birds and 1 LAGU bird from CAM2 photo 11017",33,29.874296666666666,-88.87847333333333
Biloxi North 15,16,"[2010, 2013, 2018]",[],[],"['Marsh, grasses, shrubs, some beach', 'eroded island']","['ROSP', 'GREG', 'SNEG', 'WHIB', 'BRPE', 'LAGU', 'ALL', 'BLSK', 'ROSA', 'UNGU', 'UNGT']",{'N': 9},"open sparsely vegetated sandy island; BLSK colony || Sites mixed with WHIB, BRPE, GREG sites. Nesting area not photographed in June. || Birds either sitting low on nests or standing. Nesting area not photographed in June. || Birds low on nests, in small groups. Nesting area not photographed in June. || Only 12 sites total. Nesting area not photographed in June. || Much less photo coverage on island in June. Difficult to determine nest success in June with many nesting areas not photographed. || Mostly incubating or standing; more WBN than chick nests. Large chicks still on nest in June and some adults still incubating. || Incubating nests; no chicks seen although hard to tell from mostly CAM2 photos. || only a few roosting LAGU and terns; island appears to be eroding and habitat is degraded || 1/2 of obvious pairs tagged as ""sit"" || 1/2 of obvious pairs tagged as ""sit"" || probably roosting || unknown gull || probably roosting || probably roosting || unknown gull or tern: some are probably LAGU; tagged from photo 0494",16,29.9943,-89.2162
Redfish Bend,151,"[2010, 2011, 2012, 2013, 2015, 2018, 2021]",[],[],"['Herbaceous cover, Shrubs, Sandy beach', 'Beaches', 'Herbaceous, sandy beach', 'marsh island with sandy beaches', 'beach/marsh']","['BRPE', 'LAGU', 'CATE', 'DCCO', 'ROYT', 'RUTU', 'AWPE ', 'BLSK', 'SATE', 'ROSA', 'AWPE']",{'N': 30},"sandy edges to vegetated area; LAGU dominant, some BRPE || Numerous roosting individuals on beach and in sparse vegetation, no nesting behaviors or reproductive success observed || Nests along edge habitat on beaches and in sparse vegetation, incubation postures, reproductive success unknown || Few nests on beach, loose association with ROYT colony, preferred habitat is sandy substrate with sparse vegetation, sporadic distribution, reproductive success unknown || One individual roosting on beach; no nesting behaviors observed || One large colony on beach plus a few other isolated nests, numerous roosting individuals, loosely associated with CATE || Two roosting individuals present on beach || Roosting only || Small number of individuals in incuation posture on sandy beach, reproductive success unknown || Just AMOY counted; BLSK setting up; no CATE or ROYT present || Good coverage; mostly just beach use; only a couple LAGU in marsh habitat || High occupancy in suitable herbaceous habitat; predominantly incubation posture.  Nests distributed evenly throughout island. || Large clusters of ROYT and SATE in close proximity on sandy beaches; sparse scattering of solitary roosting individuals on beach. || Large clusters of ROYT and SATE in close proximity on sandy beaches; sparse scattering of solitary roosting individuals on beach. || Primarily roosting individuals on beach; fewer birds observed nesting in incubation posture. || Small number of roosting individuals on beach; no nesting behaviors observed. || Small number of roosting individuals on beach; no nesting behaviors observed. || One bird roosting on beach; no nesting behaviors observed. || #s reduced compared to May; birds still in colonies; chicks possibly just hatching; no wandering chick groups seen || colonies still present with birds in incubation posture; one chick noted || still apparently mostly incubating; no chicks noted || small #s of sites (< 50) still present; likely incubating || incidental coverage while dotting terns and skimmers; LAGU coverage perhaps >50% || Complete coverage for all spp. except LAGU || trackline went right by island, but no photos || not inspected; trackline not close to island || incomplete coverage as entire island not photographed; basically have count of LAGU around tern colony || a few SATE in colony; excellent count || an excellent count and coverage at this island || lots of BLSK were on beach but flushed as we flew past; nesting does not appear to be happening as no scrapes could be seen in photos and usually these are obvious when breeding is happening || 1/2 of obvious pairs tagged as ""sit""; 10 LAGU tagged from photo 4801/4802 || 1/2 of obvious pairs tagged as ""sit""; 3 stand and 4 sit tagged from 0506 and 0507 || 1/2 of obvious pairs tagged as ""sit""; BLSK probably NOT on nests || same pairs note as above || same pairs note as above || ID based on size and bill color; end of island ||   ||   ||   ||   ||   ||   ||   ||   ||   ||   ||   ||   ||   ||   ||   ||   ||   ||   ||   ||   ||   ||   ||   ||   ||   ||   ||   ||   ||   ||   ||   ||   ||   ||   ||   ||   ||   ||   ||   ||   ||   ||   ||   ||   ||   ||   ||   ||   ||   ||   ||   ||   ||   ||   ||   ||   ||   ||   ||   ||   ||   ||   ||   ||  ",151,29.967899999999993,-89.22760000000001
Cat Bay Island,179,"[2010, 2011, 2012, 2013, 2015]",[],[],"['Shrubs, bare ground, few grasses, submerged shrubs', 'Shrubs, bare ground, dead shrubs, mud flat.']","['LAGU', 'BRPE', 'GREG', 'WOST', 'ROSP', 'SDHE', 'SNEG', 'REEG', 'BCNH', 'WHIB', 'UNWA', 'RUTU']",{'N': 15},"2 smallish islands packed with GREG and BRPE, some other waders; shrubby, wet below, ponds, all nests area elevated; many BRPE and GREG chicks nesting well advanced for both species; NOTE numbers on screen captures for GEG do not match database, see notes || no breeding habitat; tiny sand spit overwashed; mangrove woody trunks poking through the water || LAGU all sitting low on sites. || BRPE observed sitting low or with 3-8 week old chicks. || GREG observed with eggs to 7/8 grown chicks. || One WOST in Area 3 appeared to be incubating on a site, but not likely so marked as 'Bird'. || BRPE observed with chicks 6 weeks old to full grown with full grown YY wandering to shoreline. || GREG observed to have 1/3 to 7/8 grown chicks in nests. || 100% of colony analyzed and counted.  Island was surrounded on majority of shoreline by submerged shrubs with many plants dead on the margins. || 100% of colony analyzed and counted. Striking difference in island topography and vegetation from 2011; Much more bare and wet/muddy ground in 2012; many of the peripheral shrubs gone/dead with only sticks/skeletons remaining || photos analyzed; BRPE abundant with many wandering juveniles, and some lage YY still in chick plumage; GREG also still abundant with large chicks; no new nesting efforts since May obvious || photos analyzed; no new nesting efforts since May; low-lying areas completely under water; BRPE and GREG still present in shrubs || colony flown-by and inpected, but no photos taken || seemingly no live vegetation; past shrubs used by BRPE and GREG mostly gone and those that remain are sticks and leafless; possible impacts of Hurricane Isaac || just 6 BRPE ground-nests; many roosting; 2 LAGU sites only other breeding sites; complete coverage || South Islet || South Islet || South Islet || South Islet || South Islet || South Islet || South Islet; RoostingBirds change from ""blank"" to ""0"" 9/13/22 NY/PC. || South Islet || South Islet || South Islet || South Islet || South Islet || South Islet || South Islet || South Islet || South Islet || South Islet || South Islet || South Islet || South Islet || South Islet || South Islet || South Islet || South Islet || South Islet || South Islet || South Islet || South Islet || South Islet || South Islet || South Islet || South Islet || South Islet || South Islet || South Islet || South Islet; WBN field changed from ""blank"" to ""0"" 9/13/22 NY/PC. || South Islet || South Islet || South Islet || South Islet || South Islet || South Islet || South Islet || South Islet || South Islet || South Islet || South Islet; OtherAdultsInColony chnaged from ""blank to ""0"" 9/13/22 NY/PC. || South Islet, SUBTRACTED 2 BRPE AD- DOUBLE COUNTED, IN AREA 4 || South Islet || White Ibis not shown in screen capture legend || South Islet || South Islet || South Islet || South Islet || North Islet || North Islet || North Islet || North Islet || North Islet || North Islet || North Islet || North Islet || North Islet || North Islet || North Islet || North Islet || North Islet || North Islet || North Islet || North Islet || North Islet || North Islet || North Islet || North Islet || North Islet || North Islet || North Islet || North Islet || North Islet || North Islet || North Islet || North Islet || North Islet || North Islet || 1 BRPE PBN with pair of immatures in it",179,29.347398013245037,-89.8671986754967
Louisiana West 4,1,[2010],[],[],[],[],{'N': 1},tern-gull intertidal roost,1,29.6407,-92.7851
Louisiana West 5,1,[2010],[],[],[],[],{'N': 1},tern-gull intertidal roost,1,29.6755,-92.8694
Door Point Lagoon 1,39,"[2010, 2012, 2013, 2015, 2018, 2021]",['LA'],['Biloxi North'],"['sandy island, interior flooded', 'Beach, grasses', '90% herbaceous, 10% sandy beach', 'Tall grasses, bare ground, sand beach.', 'Flooded grasses, open water, exposed sand.', 'marsh', 'beach']","['BRPE', 'LAGU', 'AMOY', 'BLSK', 'GBTE', 'UNWA', 'AWPE']",{'N': 15},"large vegetated island with wide sandy edges; BRPE colony and LAGU dominant || Complete coverage. More nest sites in June but some birds still pre-egg-laying. || Complete coverage. More nest sites in June. || No chicks seen, much fewer nests in June. || 2 birds wading, no nests. || Only areas with nesting LAGU were photographed (~70% of island). || dotted June due to 1) island was wet in May and 2) many more BRPE were on territory in the grass habitat in June and 3) more BLSK appeared to be incubation in June. || Approx. 90% of colony photographed, analyzed, and counted; terrestrial habitat dry with no sign of water inundation. || LAGU observed sitting low on sites; no chicks observed. || BRPE observed sitting low on WBN, few PBN; no chicks observed. || Colony photos visually assessed; ~95% of island inundated with water; ~98% of all BRPE nests flooded and abandoned, few 3 week old chicks observed; ~90% of LAGU nests flooded and abandoned, 1/4-1/3 grown chicks observed. || very good coverage using overview type photos; approximately 90% of island had photographs with quality good enough to count LAGU; maybe a few sites missed along the east side of the island but not many || very good coverage; 100% of BRPE nests counted in photos; however in June photos BRPE colony appears to be abandoned as very few BRPE are seen nesting in June photos || excellent coverage; BLSK numbers high in both May and June but more GBTE in June so counted those photos || excellent coverage; BLSK numbers high in both May and June but more GBTE in June so counted those photos || Does not include 7 Empty Nests || Does not include 1 Empty Nest || unknown waterbird: unk gull or shorebird? || unknown waterbird: unknown gull? || note imm. BRPE on PBNs || note imm. BRPE on PBN || note imm. BRPE on PBN || birds roosting at waterline || birds roosting at waterline || unknown waterbird: looks like large plover || LAGU tagged from 0446 and 0443 || LAGU tagged from 0448 || White pelicans: note this area is from colony 029 and is out of sequence (same area as areas 11 and 12 was re-photo'd--did not count other spp.) || LAGU sitting low on sites. || BRPE sitting low on WBN. || 2 BRPE WBN added to this Area from Img 1149, camera 1 card 2. || Incl 8 LAGU sites from CAM1 photo 607. || Incl 5 LAGU sites and 5 LAGU birds from CAM1 photo 618. || Incl 2 LAGU sites from CAM1 photo 625. || Incl 3 LAGU sites from CAM1 photo 631. || Incl 2 LAGU sites and 5 LAGU birds from CAM1 photo 639. || Incl 7 LAGU sites and 3 LAGU birds from CAM1 photo 646. || Incl 2 LAGU sites and 1 LAGU bird from CAM1 photo 649. || Incl 13 LAGU sites and 3 LAGU birds from CAM1 photo 656.",39,30.063699999999994,-89.19280000000002
Door Point Lagoon 2,62,"[2010, 2011, 2012, 2013, 2015, 2018, 2021]",['LA'],['Biloxi North'],"['marsh island w/ sandy beach', 'Beach, grasses, shrubs', '80% herbaceous, 18% shrub, 2% sandy', 'Grasses and bare ground.', 'Grasses, bare ground, and open water.', 'Flooded grasses, open water, small beaches.', 'beach/marsh', 'beach', 'marsh/beach']","['AMOY/AWPE/ROYT/SATE/WHIB', 'TRHE', 'BLSK/GBTE/LAGU', 'BRPE', 'LAGU', 'BLSK', 'ROYT', 'AWPE', 'SATE', 'WHEG', 'ROYT/CATE', 'CATE']",{'N': 30},"mostly vegetated with BRPE at edges || No nest sites, foraging birds only. || Only 1 nest observed. || Complete coverage. More nest sites in June. No chicks observed. || Complete coverage. Some territorial birds in May. More nest sites and territories in June. Nesting likely more established late June / early July. || Birds in incubating posture, no chicks seen. || Many standing along shoreline, non nests. || 13 sites on beach, no chicks in May. || Standing on sandbar, no nests. || Standing on shore, no nests. || Birds standing on shore with ROYT, no nests. || Not enough June CAM1 photos to determine chick presence or nest success. || no photos from June effort. || Approx. 98% of colony analyzed and counted;lat-long measurement was adjusted here from 2010 as the placemark was slightly misplaced. No photos taken in May 2011. || LAGU observed sitting low on sites; no chicks observed. || BRPE observed either in brooding posture on WBN, or with 5-10 week old chicks; chicks straying from nest sites and beginning to creche along shoreline. Dead BRPE Chicks observed and marked in screen captures with a yellow circle, 20 dead chicks observed. || Very few TRHE sites present; observed sitting low on sites. || AWPE observed roosting along shoreline. || Approx. 90% of colony photographed, analyzed, and counted; All species except BLSK analyzed from May12 survey. || LAGU observed sitting low on sites; no chicks observed. || Few TRHE sites observed; birds sitting low on sites. || Few WHEG sites observed; birds appeared to be sitting low on sites; poor data quality for these entries. || BRPE observed sitting low on WBN and in brooding posture; many observed with 3-6 week old chicks, staying close to nest sites. || Colony photos counted and analyzed for BLSK and SATE, visually assessed for LAGU and BRPE; Majority of Island inundated with water since May survey; est. 1/3 of BRPE nests and 1/2 of LAGU sites flooded and abandoned; BRPE observed with 4-11wk old chicks. || BLSK observed sitting low on sites in incubation posture; no chicks observed. || Few SATE observed sitting low on sites and with 1/2 grown chicks. || very good coverage; no nests in June photos - colony may have been abandoned in June || good coverage; only a small group of birds || much of the middle marsh area was not photographed; probably only about 50% of island/colony was covered with photos; incomplete coverage for gulls as habitat in missed area looks good in GoogleEarth || only roosting birds; no nesting observed || Does not include 2 Empty Nests || some eggs visible; PBNs may be WBNs || note some imm. BRPE on nests || 2 LAGU from 0469 || note some imm BRPE on nests; 7 BRPE from 0468 || LAGU sitting low on sites. || TRHE sitting low on site. || BRPE observed sitting on WBN; Chicks observed to be 5-8 weeks old. || BRPE observed with 8-10 week old chicks along shoreline. || One dead BRPE Chick observed. || One dead BRPE Chick observed. || Number of Broods was conservatively calculated by dividing number of Chicks by 3. || Three dead BRPE Chicks observed. || Five dead BRPE Chicks observed. || Two dead BRPE Chicks observed. || Seven dead BRPE Chicks observed. || One dead BRPE Chick observed. || LAGU sitting low on sites. || BRPE sitting low on sites; most WBN with 4-6 week old chicks. || 1 LAGU site added to this Area from Img 1092, camera 1 card 2. || 3 BRPE WBN added to this Area from Img 1092, camera 1 card 2. || BLSK sitting low on sites in incubation posture; no chicks observed. || SATE observed with 1/2 grown chicks. || 120 roosting BLSK Birds from this image plus an additional 45 roosting BLSK Birds from Img 017, camera 2 card 6. || roost area || roost area and area adjacent to it with 2 nesting LAGU || roost area || roost area || roost area || Incl 1 LAGU site and 2 LAGU birds from CAM1 photo 730. || Incl 7 LAGU sites and 5 LAGU birds from CAM1 photo 715. || Incl 2 LAGU sites form CAM1 photo 682.",62,30.066028333333335,-89.18410833333333
Biloxi North 7,26,"[2010, 2012, 2013, 2015, 2021]",['LA'],['Biloxi North'],"['marsh island w/ sandy beach', '100% herbaceous', 'Flooded grasses, few small shrubs, small beaches.', 'marsh']","['SNEG', 'LAGU', 'BRPE', 'amoy, lagu, brpe', 'UNTE']",{'N': 8},"mostly vegetated with BRPE at edges; many pairs and nests are largely PBN so early stages || Only 1 nest observed. || Complete coverage. More nest sites in June. No chicks observed. || Complete coverage. Nesting, no chicks present. || dotted a series on images from June. May's imagery showed a waterlogged island. BRPE were on territory but nothing serious happening. || Unknown proportion of total island photographed, analyzed, and counted; portion photographed represents small part of total island/marsh area; birds only nesting on portion photographed. Majority of island inundated with water. || good coverage of BRPE nests || only incidental LAGU that occurred within the photographs where BRPE were nesting; only about 10% of entire island photographed || Does not include 1 Empty Nest || unknown tern: probably FOTE || 6 LAGU sit, 1 stand from 0484 and 0486 || nesting just beginning? || many BRPE pairs; note imm on PBN || many pairs || very distant photo; prob more LAGU than counted || see above; nest types and ages are suspect || see notes above || also see notes above || Few LAGU sitting low on sites, 1/4 grown chicks observed. || Many BRPE nests partially flooded and now appear as PBN. || Few LAGU chicks observed to be 2/3 grown, most 1/4-1/3 grown. || NO BIRDS IN THIS AREA || NO BIRDS IN THIS AREA || NO BIRDS IN THIS AREA || NO BIRDS IN THIS AREA || NO BIRDS IN THIS AREA",26,30.057799999999997,-89.2011
Biloxi North 8,17,"[2010, 2013, 2015, 2018, 2021]",[],[],"['grassy marsh island', 'Beach, grassy, marsh', 'Grassy, open water, wrack lines.', '60% wrack; 40% herbaceous', 'marsh']","['LAGU', 'BCNH/FOTE/GREG/TRHE', 'SNEG/WHIB', 'TRHE', 'BRPE']",{'N': 11},"actually same island complex as above; same notes re: BRPE phenology || Complete coverage. Only a few nests in May. No chicks. || Complete coverage. Only a few nest sites, primarily at southern end of colony. No chicks. || No nest sites, foraging birds only. || Primarily nesting on wrack lines; incubation posture. || Clustered in marshy areas of interior and along wrack line. || Coverage incomplete; guessing that about 80% of colony was photographed, but difficult to say given that the island is very large and contiguous with a larger island/bayou complex.  TRHE and LAGU sitting on sites in incubation posture. || No photos taken.  Flight path did travel over colony. || just a single image was dotted. || good coverage of BRPE nests || only incidental LAGU that occurred within the photographs where BRPE were nesting; only about 10% of entire island photographed || part of same isl. complex as colony 031 (see lat/lon) || 1 imm from 0567 || 21 from 0571 and 0572 || pairs; nesting just beginning? || 2 WBN added from photo 1.3.711 || THIS IS THE SOLE IMAGE FOR BN08",17,30.0525,-89.1944
Biloxi North 22,5,"[2010, 2012, 2013, 2015]",[],[],"['marsh island', 'small marsh/grassy island', 'marsh']","['FOTE', 'All']",{'N': 5},"small vegetated island with FOTE only || small marsh island; 100% coverage || no birds, and no birds 17 May; just a 30 m strip of marsh left || complete coverage; no other spp. present || no birds on the island at all",5,29.9368,-89.2873
Wine Island,15,"[2010, 2011, 2012, 2013, 2015, 2018]",['LA'],['Terrebonne Bay'],"['sand w. patchy, low vegetation', 'Beach strand', 'Sandspit']","['ROSA', 'UNTE', 'BRPE', 'BLSK', 'ULGU']",{'N': 13},"Complete coverage of breeding terns, pelicans, and gulls; small group of skimmers in OV not obviously breeding; roost counts good, but not 100% || Roosting BRPE, LAGU, and terns photographed on beach in June. No photos were taken in May. || No nests; only a tiny sandspit remained; not surveyed in June || Royal and Sandwich terns appeared near peak incubation || mix of species standing along shoreline || mostly incubating, with some pairs apparently still setting-up || no nesting terns; complete coverage of BLSK sites; BLSK gone come June; Overview archived with ScreenCaps || roosting BRPE and terns present; center of island flooded and most remaining sand areas wet; BLSK from May gone; no breeding success for any spp. in 2012; Overview archived with ScreenCaps || many chicks along water edges of island; many abandoned or unhatched eggs can be seen in vegetated areas || all nests abandoned; eggs can be seen in several nests; roosting BRPE present, but nesting area entirely unattended and no chicks present || no BLSK present; sites were present in May, but uncertain if eggs had been laid by then || roosting terns mainly; no breeding birds || BLSK on sites; no other birds present; good Cam 2 OVs of old rock wall perimeter || Does not include 2 Empty Nests || HERRING?  Large and pale.",15,29.094800000000003,-90.6108
Chandeleur South A,44,"[2010, 2011, 2012, 2013, 2015, 2018, 2021]",[],[],"['beach', 'sand', 'sand bar', 'Sandy beach.', '100% sandy and shells', 'barrier island', 'sand/beach']","['TERN/LAGU', 'BLSK', 'CATE', 'ROYT', 'SATE', 'ULGU', 'UNTE', 'LAGU', 'LETE', 'GBTE']",{'N': 14},"Small #s of terns on eggs; UNTE roosters in proprtion to SATE, ROYT, and CATE sites; few if any BLSK on eggs || coverage fine, but many terns standing at edge of water likely b/c not breeding yet || Complete coverage. Pre-breeding in May. More nest sites in June. No chicks. || No photos taken in May; likely no birds nesting as flight path was directly over June nesting area. || Small group of BLSK. || incubating || no evidence of egg laying || small CATE/BLSK colony; birds appear to be on sites || small CATE/BLSK colony; birds appear to be on sites: maybe CATE numbers are slightly lower than June number || photos taken; small/medium sized BLSK, CATE, LETE colony || flew past, no photos taken, assume birds were not seen || small group of SATE/CATE that formed close to PJC21 but unable to determine specific location along the beach; probably very close but slightly N of PJC21 || small group of SATE/CATE that formed close to PJC21 but unable to determine specific location along the beach; probably very close but slightly N of PJC21 || colony along ""thin"" strip of beach that looks very ""berm""-like; unable to identify the specific location of colony using Google Earth; most likely just N of PJC21 || immature.  Herring Gull? || exposed mudflat nearby; exact location not known || exposed mudflat nearby; exact location not known || roost area but birds appear to be setting up among CATE || roost area || birds setting up; birds flushed but a few stayed and were dotted || small colony; birds still establishing nest sites? || ""new"" colony; near previous colonies PJC 21 and PJC 28 || ""new"" colony; near previous colonies PJC 21 and PJC 28 || ""new"" colony; near previous colonies PJC 21 and PJC 28 || ""new"" colony; near previous colonies PJC 21 and PJC 28 || ""new"" colony; near previous colonies PJC 21 and PJC 28 || ""new"" colony; near previous colonies PJC 21 and PJC 28 || ""new"" colony; near previous colonies PJC 21 and PJC 28 || ""new"" colony; near previous colonies PJC 21 and PJC 28 || ""new"" colony; near previous colonies PJC 21 and PJC 28 || ""new"" colony; near previous colonies PJC 21 and PJC 28 || ""new"" colony; near previous colonies PJC 21 and PJC28 || at north end of PJC21 area; not able to determine exact coordinates; used Cam1 photos to confirm see Cam1Card2photo279 || at north end of PJC21 area; not able to determine exact coordinates; used Cam1 photos to confirm see Cam1Card2photo279 || at north end of PJC21 area; not able to determine exact coordinates; used Cam1 photos to confirm see Cam1Card2photo281 and 282 || at north end of PJC21 area; not able to determine exact coordinates; used Cam1 photos to confirm see Cam1Card2photo281 and 282 || at north end of PJC21 area; not able to determine exact coordinates; used Cam1 photos to confirm see Cam1Card2photo281 and 282 || at north end of PJC21 area; not able to determine exact coordinates; used Cam1 photos to confirm see Cam1Card2photo283 and 284 || at north end of PJC21 area; not able to determine exact coordinates; used Cam1 photos to confirm see Cam1Card2photo283 and 284 || very close to PJC21 coordinates; || very close to PJC21 coordinates; || birds still setting up throughout the colony || two sites seen in overview photo see 2.2.309 and counted in this photo || Incubation posture.  2 BLSK Sites, 2 Birds added from cam 2 photo 11026.  Coverage could be incomplete.",44,29.799439999999997,-88.86142
Chandeleur South C,87,"[2010, 2011, 2012, 2013, 2015, 2018, 2021]",[],[],"['sand', 'sand bar', 'Sandy beach.', '100% sandy and shells', 'sand/beach', 'barrier island']","['TERN/LAGU', 'CATE', 'BRPE', 'CAEG', 'LAGU', 'ROYT', 'SATE', 'GBTE', 'BLSK', 'ROYT, SATE']","{'N': 22, 'Y': 1}","small, unvegetated island; SATE and LAGU pairing up; BLSK also early but appear on territories; Oil apparently washing up nearby - see Camera1 294 and Camera2 4741 || Complete coverage. Pre-breeding in May. More nest sites in June. No chicks. || Huge ROYT/SATE colonies tight and even growing in May; largely disbanded by June (see below). || Huge colonies from May now only a few smaller groups; chicks with adults seen on shoreline but not in abundance expected based on nesting numbers from May; likely renested in similar area as May (not recounted in June).  Combine May and June for CATE. || Combine nest counts; majority of nests were in June. || no evidence of egg laying || no evidence of egg laying || incubating || incubating || incubating || incubating || incubating || incubating || A small number of LAGU are nesting on one section of this island, no chicks seen; Only ""sites"" dotted. || only 3 sites within BLSK || group of BLSK || use May count and combine with June count (which was an area not counted in May due to partial coverage) || use June count as it  appears to have a few more birds set up on sites than in May || use May count and combine with June that had ""new"" birds not present in May || use June count only || combine with June count as area counted in June had incomplete coverage in May survey || combine with May count as colony was ""added"" onto (larger) in June survey and was able to see exact area counted in May || use only June survey || this area slightly separated from small island that comprised Areas 1-3 || intertidal roosts nearby to small island that comprised Areas 1-3 || combine with May survey || combine with May survey || combine with May survey || combine with May survey || combine with May survey || combine with May survey || combine with May survey || combine with May survey || combine with May survey || combine with May survey || combine with May survey || combine with May survey || combine with May survey || combine with May survey || combine with May survey || combine with May survey; Area at the top of the photo was what was counted in May; did not recount this area || combinte  with May survey; different area not photographed in May || use June survey || use June survey data for BLSK; do not combine for this species || use June survey || use June survey || combine with May survey || closest to PJC20; used Lat/long as close to actual colony location as I could determine || closest to PJC20; used Lat/long as close to actual colony location as I could determine || closest to PJC20; used Lat/long as close to actual colony location as I could determine || closest to PJC20; used Lat/long as close to actual colony location as I could determine || closest to PJC20; used Lat/long as close to actual colony location as I could determine || closest to PJC20; used Lat/long as close to actual colony location as I could determine || closest to PJC20; used Lat/long as close to actual colony location as I could determine || closest to PJC20; used Lat/long as close to actual colony location as I could determine || closest to PJC20; used Lat/long as close to actual colony location as I could determine || closest to PJC20; used Lat/long as close to actual colony location as I could determine || closest to PJC20; used Lat/long as close to actual colony location as I could determine || closest to PJC20; used Lat/long as close to actual colony location as I could determine || closest to PJC20; used Lat/long as close to actual colony location as I could determine || closest to PJC20; used Lat/long as close to actual colony location as I could determine || closest to PJC20; used Lat/long as close to actual colony location as I could determine || roost birds only || roost birds only || used Cam1 photos 363 and 364 to verify || used Cam1 photos 363 and 364 to verify || roost birds only || text box within ScreenCap accidentally labeled as SLF49 || text box within ScreenCap accidentally labeled as SLF49 || text box within ScreenCap accidentally labeled as SLF49 || Abandoned sites with scrap and egg(s) but no bird, surrounded by other ROYT sites. || Incubation posture. || Incubation posture. || Incubation posture. || Incubation posture. || Incubation posture. || Incubation posture. || Incubation posture. || Incubation posture. || Incubation posture. || Incubation posture. || Incubation posture. || Incubation posture.  CATE among big group of (potentially renesting) ROYT and SATE. || Incubation posture.  CATE among big group of (potentially renesting) ROYT and SATE. || Incubation posture.  CATE among group of (potentially renesting) ROYT. 1 CATE Site added ceom cam 1 photo 9768; 1 CATE Site added from cam 2 photo 11096. || Incubation posture.  Coverage could be incomplete. || Incubation posture.",87,29.7808,-88.87399999999998
Raccoon Island West,59,"[2010, 2011, 2012, 2013, 2015]",[],[],"['Herbaceous, sandy beach']","['BLSK', 'ROYT', 'SATE', 'LAGU', 'BRPE', 'GBTE']",{'N': 15},"Immediately west of Raccoon Island; coverage apparently complete; some LAGU still pairing up || Incubation postures; no chicks visible.  Nests distirbuted evenly throughout open sand. || Incubation postures; chicks visible.  Small colony groups in sandy substrate.  || Incubation postures; no chicks visible.  Small colony groups with ROYT in sandy substrate. || Few nests with inidividuals in incubation posture; associated with grassy clumps.  || No nesting behaviors observed. || Black Skimmers were observed nesting on the bare sand along the crest of this sandy island.  218 nests and 1669 birds were dotted.  Most birds were standing on the shoreline. No chicks were seen. || Only one Gull-billed tern was spotted on the island, and no nesting activity was observed. || No nesting activity observed.  It appears that the island was overwashed by high tide/storm.  Many Skimmers can be observed loafing on the island (with terns and pelicans and gulls) .   || No GBTE seen on the island.  It appears that the island was overwashed by high tide/storm.   || Over 1400 nests were identified on this long sandy sandbar of an island. || BLSK nesting throughout the island, but in lesser numbers that June. || A handful of nests dotted amongst BLSK colony. No chicks seen. || BLSK nesting throughout the sandy island.  Best count. No chicks seen. || No birds seen. || Example of West Raccoon shows overwash and wrack.  No nesting on the island at this time. || unknown waterbird (shearwater?) in pic. ||   ||   ||   ||   ||   ||   ||   ||   ||   ||   ||   ||   ||   ||   ||   ||   ||   ||   ||   ||   ||   ||   ||   ||   ||   ||   ||   ||   ||   ||   ||   ||   ||   ||   ||   ||   ||   ||   ||   ||   ||   ||  ",59,29.0596,-90.9416
Heron Island,37,"[2010, 2011, 2012, 2013, 2015, 2018, 2021]",[],[],"['marsh island with trees', 'Grassy, marsh, shrubs', 'Trees submerged in water.']","['ANHI/NECO', 'WADE', 'ROSP', 'GBHE', 'GREG', 'SNEG', 'ANHI', 'BCNH', 'LBHE', 'YCNH', 'TRHE']",{'N': 28},"nests in trees; some likely missed lower in canopy for all spp., but coverage was good || Excellent coverage. Some chicks in May. Chicked out by June. || Excellent coverage. Some chicks in May. Chicked out by June. || Roosting ROSP on shrubs || Low-density nest sites interspersed with GREG, SNEG, and ROSP || Sporadic nest sites in shrubs adjacent to marsh habitat; close proximity to SNEG nests; most abundant nesting species on island || Few individuals nesting on shrubs at the edge of marsh; close proximity to GREG nests || Several ANHI nest sites in shrubs adjacent to inundated marsh habitat with emergent vegetation || No Photos taken in June. || Birds observed sitting on sites, well concealed just under the upper canopy; some nests could have been missed due to the cryptic nature of the nests, but few birds seen overall, so count should be accurate. || Both nests observed had birds sitting low in incubation posture. || Birds observed with eggs, sitting low on the nest, and with 1/3-2/3 grown chicks. || Most birds seen sitting low on nests in incubation posture; eggs observed in a few nests.  Some nests also seen with 1/3-1/2 grown YY. || Both nests seen with birds sitting low in incubation posture; nests well concealed just under top of tree canopy. || Most birds seen sitting low in incubation posture.  Some 1/3 grown YY also observed. || All birds seen sitting low on nests in incubation posture; nests fairly well concealed. || Tree-dominated habitat made detection of birds difficult; numbers likely underestimated. || Tree-dominated habitat made detection of birds difficult; numbers likely underestimated. || Tree-dominated habitat made detection of birds difficult; numbers likely underestimated. || Tree-dominated habitat made detection of birds difficult; numbers likely underestimated. || Not dotted.  Many large chicks are visible, but identifying broods or nest sites would be difficult this far along in the breeding season. || Tree-dominated habitat made detection of birds difficult; numbers likely underestimated. || Tree-dominated habitat made detection of birds difficult; numbers likely underestimated. || Tree-dominated habitat made detection of birds difficult; numbers likely underestimated. || One nesting adult spotted on the island. || Not dotted; Similarly to previous year, the breeding phenology is too far advanced to accurately assess breeding birds. || Mostly GREG nests, with fewer numbers of other waders. || Bird on water near colony; another photographed in flight but not dotted. || Area number on screen capture does not match dotting area.  Data is correct here. || Area number on screen capture does not match dotting area.  Data is correct here. || Area number on screen capture does not match dotting area.  Data is correct here. || 3 GREG Sites added from 16May15 Cam2Card1 Photo 285. || 4 SNEG Sites and 1 Bird added from 16May15 Cam2Card1 Photo 285. || 3 GREG sites and 1 Chick Nest (with adult) added from 16May15 Cam2Card1 Photo 296. || 3 SNEG Sites added from 16May15 Cam2Card1 Photo 298. || 1 Bird added from 16May15 Cam2Card1 Photo 298.",36,29.4282,-91.3287
Vermilion Bay 1,1,[2010],[],[],[],[],{'N': 1},all birds on intertidal of sandspit,1,29.3141,-91.3429
Bayou Platte Island South,60,"[2010, 2011, 2013, 2015, 2018, 2021]",[],[],"['spoil island', 'Beach, shrubs', 'Beach, grassy, shrubs', 'Barren, sand, sparse low grasses and shrubs.', 'Barren sand.']","['BLSK/GBTE/LAGU', 'FOTE', 'GBTE', 'BLSK', 'LAGU']",{'N': 29},"small island within greater Marsh Island complex || More birds in May but June representative of colony size. Complete coverage. || north islets (dotted as BPSA). Approxiately one-third of the individuals present in incubation posture; nesting in woody debris and wrack line on beach. || north islets (dotted as BPSA). Roosting only; no indication of nesting. || north islets (dotted as BPSA). Small group of roosting individuals. || Primarily incubation posture; nesting in open, sandy substrate. (dotted as BPSB) || Two-thirds of individuals present in incubation posture; nesting in open, sandy substrate on edge of vegetation. (dotted as BPSB) || Nests in incubation stage interspersed with FOTE nests in open, sandy substrate. (dotted as BPSB) || Birds seen hunkered in incubating posture; eggs seen under a couple birds. || Many birds are present but colony still disorganized with many birds standing. || Birds hunkered on sites amongst live vegetation, not wrack lines as is observed on other islands. || Birds present and observed on sites; seemingly more sites active in June. || Most birds on sites scattered among BLSK on open areas but some birds near clumps of vegetation; some chicks present ranging from 1/2-full grown. || Birds present in both months but all on sites in June. || No nesting on the north islets observed in May or June || Incomplete coverage w. close-ups; some birds sitting, but still early phenology; a few FOTE in center of island may have been GBTE that I misIDed in Ovs || IDed in part by association w. BLSK; some birds sitting, but still early phenology; a few FOTE in center of island may have been GBTE that I misIDed in Ovs || Likely no egg-laying yet || Nesting with GBTE in sandy interior of island; no chicks seen.   Only ""sites"" dotted. || Nesting with BLSK in sandy interior of island; no chicks seen. Only ""sites"" dotted. || A scattering of LAGU nesting around the island; no chicks seen. Only ""sites"" dotted. || FOTE nesting on grassy edge of island; no chicks seen.  Only ""sites"" dotted. || June photos dotted (better quality and good coverage of island). May photos show colony in place, so little change in nesting bird ratios, but island appears || much drier, with less green veg and more open sandy areas compared to June. Numbers of BLSK sites establishing were higher in May at the northwest || end of the island because of this. || Loafing birds at northwest end of island include some second-cycle birds, lacking black hoods. || Many chicks dotted. || Nests at outskirts of BLSK/GBTE colonies in taller veg. Some chicks dotted. || incl. birds from photo 0022 || incl. birds from photos 12, 13, 15, 16 || Some chicks not dotted in ph. 705 dotted here. || A number of subadult birds loafing here, which appear to be second-cyle birds lacking black hoods. || Six chicks dotted in screen capture prior to conversation about whether or not to count YY; substituted 3 broods here to acknowledge ~2 YY/nest. || Three chicks dotted in screen capture prior to conversation about whether or not to count YY; substituted 1 broods here to acknowledge ~2 YY/nest. || Six chicks dotted in screen capture prior to conversation about whether or not to count YY; substituted 3 broods here to acknowledge ~2 YY/nest. || 28 birds added from 20June15 cam1card1 photo 39. || Chicks were 7/8 to full grown. || 1 bird added from 20June15 cam1card1 photo 39. || north islets || north islets || north islets || north islets || north islets || north islets || main island || main island || main island || main island || main island || main island || main island || main island || main island || main island || main island || main island || main island || main island || north islets",59,29.6069,-91.8913
Louisiana West 1,1,[2010],[],[],[],[],{'N': 1},sandspit,1,29.5776,-92.5678
Louisiana West 2,1,[2010],[],[],[],[],{'N': 1},beach roost,1,29.5967,-92.6617
Louisiana West 3,1,[2010],[],[],[],[],{'N': 1},narrow roost on intertidal area of beach,1,29.6137,-92.7139
West Karako Bay Islet,6,"[2010, 2012, 2013]",[],[],['bare island'],"['BLSK', 'LAGU', 'GBTE', 'FOTE', 'ALL']",{'N': 6},"roost on tiny sandbar || Birds clearly in incubating position, and all birds present on nest or with mate; no chicks. || Numbers may be slightly underestimated because of photo coverage gaps.  No chicks. || GBTE are in incubating position on beach amongst the BLSK colony; no chicks. || Small numbers incubating eggs along wrackline; numbers may be slightly underestimated because of photo coverage gaps; no chicks. || only 4 roosting BRPE; island is severely degrading and very little land is remaining above water; C1C3photo35 captures the entire extent of the remnant island",6,30.0049,-89.2309
Skimmer Island,66,"[2010, 2011, 2012, 2013, 2015, 2018, 2021]",[],[],"['large, muddy, grassy, spoil island', 'Grassy, shrubs', 'Dense shrubs, grass, and bare ground.']","['GREG', 'GBHE', 'BLSK', 'WHIB', 'ROSP', 'REEG', 'BCNH', 'SNEG', 'LAGU', 'TRHE', 'WHEG']",{'N': 29},"37% of WHIB estimated from Overviews; TRHE only counted in WHIB areas; large island with bunchgrass and scattered trees and shrubs; only WHIB areas were photographed w. closeups || just a couple roosting GBTE in May || Most abundant species on island; evenly-distributed, nesting in shrubs || One nest site in shrubs, close proximity to GREG nest sites || Many sites with incubating adults or chick nests without adults; YY are 1/4-1/3 grown; eggs observed; incomplete photo coverage. || Two active sites found in a white sand area surrounded by grass; birds appeared to be in incubating posture; no photos taken in June of area where BLSK were found. || Complete range of phenology, with cresched chick groups to newly building colony with pairs of adults standing at ""territories"".  Young were observed hiding at edges of Arundo-like grass, so many were not observable; perhaps 20% of broods were obscured… || Most birds observed in incubating posture; some 1/3 grown YY seen. || Birds observed in incubation posture on sites; no YY  seen. || Birds observed in incubation posture on sites; no YY  seen. || Many sites with incubating adults or chick nests without adults; YY are 1/3-1/2 grown; incomplete photo coverage. || Big chicks observed with many empty nests, appearing ""messy"".  Many species still on sites, but due to the fact that many YY of multiple species had dispersed, May was used for BPE. || Colony still building with many birds standing at what are likely to become sites; the benefit of the doubt was given to them since no June photos of this species were taken; incomplete photo coverage. || Birds on sites in incubating posture; no YY seen; incomplete photo coverage of entire island. || Many sites with incubating adults or chick nests without adults; YY are 1/3-1/2 grown; incomplete photo coverage. || Primarily a WHIB colony. No  chicks noted, but two eggs seen in one WHIB nest in photo 123. Most ROSP/TRHE in incubating posture. BLSK group paired up || and several sitting but no obvious nests seen (sites dotting for paired and/or sitting birds). There appears to be fewer WHIB/TRHE sites and birds in 2011 || compared to 2010. Coverage of colony in 2011 good; drop in numbers unclear. || WHIB colony expansive, and an exponential increase in nesting birds noted compared to 2011. Available preferred nesting habitat appears to have increased || as well. All areas dotted were from Camera 2; photo quality very good. A photo composite was made and there are some areas in colony with no photos. I am || estimating an additional 5-8% for WHIB/TRHE/ROSP, and at least another 50% for LAGU. Fewer TRHE nests in 2012 compared to 2010 and 2011, probably partly a || result of dotting from Camera 2, but fewer were also noted on 2012 Camera 1 photos (?). Approximately 35 WHIB immatures noted near nests in colony from || Camera 1 photos. || WHIB with more juvs, colony stable. Many LAGU still in incubating posture, possibly with and increase in this species. GBTE's present  with BLSK in center of || colony in open area, on nests. || Various stages of nesting, including waves of early nesters with broods; others incubating. June photos with increased numbers of juvs/broods. || Overview created in PhotoShop of colony with dotting areas delineated. Mostly CAM 1 used for dotting, with clean-up of some areas using CAM 2. Excellent || photo coverage of WHIB colony. || Decent photo coverage for this species. Nests dotted mostly from CAM 2 photos, so likely some nests were missed. I would estimate 50-70% coverage obtained. || dotted as UNWA reinspected as White Egret sp. || dotted as UNWA reinspected as White Egret sp. || overview estimate of birds missed by closeups; estimated based on site/bird proportions in similar WHIB Areas counted w. closeups; used for WHIB, TRHE, and ROSP only || overview estimate of birds missed by closeups; estimated based on site/bird proportions in similar WHIB Areas counted w. closeups; used for WHIB, TRHE, and ROSP only || overview estimate of birds missed by closeups; estimated based on site/bird proportions in similar WHIB Areas counted w. closeups; used for WHIB, TRHE, and ROSP only || New Colony: Island south of Morgan City, LA. Between West Cote Blanche Bay and Timbalier Bay. || Additions from adjacent photos 071/072 included || Additions from adjacent photo 081 included || Additions from adjacent photo 171 included || Additions from adjacent photo 195 included || Additions from adjacent photos 202/205 included || Birds loafing on shoreline of island. || Begin Colony SLF3 2012 || Group of birds congregating in shallow water near colony || GBHE are readily observable. || ROSP are readily observable. || Number of sites estimated from poor quality photo, using adjacent areas to inform estimate; young are certainly present, as in adjacent areas, but could not be readily observed. || Number of sites estimated from poor quality photo, using adjacent areas to inform estimate; young are certainly present, as in adjacent areas, but could not be readily observed. || Number of sites estimated from poor quality photo, using adjacent areas to inform estimate. || Number of sites estimated from poor quality photo, using adjacent areas to inform estimate. || Number of sites estimated from poor quality photo, using adjacent areas to inform estimate. || One SNEG site added from Cam2Card1 Photo 214. || Two TRHE sites added from Cam2Card1 Photo 214. || One BCNH site added from Cam2Card1 Photo 189. || One GBHE site added from Cam2Card1 Photo 189. || Three GREG sites added from Cam2Card1 Photo 189. || Two TRHE sites added from Cam2Card1 Photo 189. || Number of sites estimated from poor quality photo, using adjacent areas to inform estimate, counting by tens. || Number of sites estimated from poor quality photo, using adjacent areas to inform estimate. || Number of sites estimated from poor quality photo, using adjacent areas to inform estimate. || Number of sites estimated from poor quality photo, using adjacent areas to inform estimate, counting by tens. || Number of sites estimated from poor quality photo, using adjacent areas to inform estimate; young are certainly present, as in adjacent areas, but could not be readily observed. || Number of sites estimated from poor quality photo, using adjacent areas to inform estimate; young are certainly present, as in adjacent areas, but could not be readily observed. || Number of sites estimated from poor quality photo, using adjacent areas to inform estimate. || Number of sites estimated from poor quality photo, using adjacent areas to inform estimate. || Number of sites estimated from poor quality photo, using adjacent areas to inform estimate. || Number of sites estimated from poor quality photo, using adjacent areas to inform estimate, counting by tens.",66,29.3856,-91.3858
Bay Ronquille Northeast Island,18,"[2010, 2011, 2012, 2013]",[],[],"['marsh/grass island', 'Low Shrubs, grasses.', 'Grasses, sand.', 'just a sandbar remains']","['TRHE', 'BRPE', 'LAGU', 'WHIB']",{'N': 13},"coverage near 100% || TRHE still appear to be setting up nests, sites inconspicuous. || 100% of the colony was analyzed and counted. || 100% of the colony was analyzed; Land area is noticeably smaller in 2012 with much less vegetation and more exposed sand. || roosting birds only; no breeding habitat available || a few LAGU nests still active, but all BRPE failed due to flooding || roosting birds only; no breeding habitat available || BRPE siting on nests and several fledged YY seen along shoreline. || LAGU still appear to be setting up nests, sites inconspicuous. || LAGU all sitting low on sites. || BRPE increased since May - mostly incubating, but some still building; other sp. not counted || WHIB seen with 1/3 to 1/2 grown chicks. || TRHE sitting low on sites. || 3 BRPE Birds added to this area from photo 282, camera 1 card 4. || 6 BRPE Birds added to this area from photo 850, camera 1 card 2. || no breeding habitat remains || no breeding habitat remains || visual estimate by scanning through photos; increased effort compared to May when just 29 nests were counted; not dotted or screen-capped due to limited time",18,29.3659,-89.8357
Grand Island Point,25,"[2010, 2011, 2012, 2013]",[],[],"['marsh/grass island', 'no vegetation remains; just a sandbar', 'Grasses, sand.', 'Grasses, shrubs, sand.']","['TRHE', 'FOTE', 'BLSK', 'LAGU', 'BCNH', 'BRPE', 'WHIB', 'UNSB']",{'N': 14},"only partial closeup coverage (50%); used OVs well; gull/tern #s good, and TRHE #s likely only slightly low || only 5 LAGU sites; primarily just roosting birds || 100% of colony analyzed and counted. || TRHE all sitting low or apparently building sites. || FOTE on sites. || BLSK on poorly made sites. || LAGU all sitting low on sites. || photos analyzed -- breeding assemblage similar to May; small chicks evident for LAGU and FOTE || 99% of colony analyzed and counted; much more sand exposed in 2012 with more shrub cover and bare ground. || BCNH sitting low on sites. || TRHE with 1/3-1/2 grown chicks wandering from sites. || BRPE all sitting low or brooding. || LAGU all sitting low on sites. || all spp. still present, but flooding clearly had major impacts on BRPE and ROYT/SATE; some tern chicks evident, but beaches with colonies got washed over || no closeups of this area || no closeups of this area || closeups consulted || closeups consulted || closeups consulted || closeups consulted || WHIB chicks observed to be 1/3-1/2 grown. || WHIB Chicks observed to be 1/3 grown. || TRHE Chicks observed from 1/3 to 1/2 grown and wandering from nest sites. || Very likely FOTE based on subsequent observations. [Changed from UNTE to FOTE; PJC 28 Oct 22] || Changed from BRNO to UNSB by PJC 28 Oct 22",25,29.372700000000002,-89.89289999999998
Biloxi North 13,24,"[2010, 2011, 2012, 2013, 2015, 2018, 2021]",[],[],"['grass and sand', 'Beach, grasses, some shrubs', '90% herbaceous, 5% sandy, 5% shrub', 'marsh']","['BRPE', 'CATE', 'LAGU', 'ROYT', 'TRHE', 'WHIB', 'GBTE', 'BLSK', 'ALL']",{'N': 18},"LAGU only colony; good coverage || no evidence of breeding || nesting || nesting || nesting || nesting || nesting || ~37 sites, area only photographed well in June; no chicks observed. || Most incubating, 1 abandoned site; no chicks observed in May or June. || Most incubating in BLSK colonies. Only ~18 sites in June. || 1 bird standing in vegetation. || ~half on nests, half standing or on shore. More sites and higher total numbers in May. Still incubating in June but in fewer numbers; no chicks seen in either May or June. || only breeding species. No may survey. || roosting. No may survey || roosting no may survey. || Exclusively this species; many sites/birds. || Exclusively this species, as in 2011. Many chicks seen in photos and dotted at sites. A quick look at May 2012 looks similar to June photos but no chicks. || mostly LAGU colony; probably less than 50% of island covered with photos; one CATE pair that appeared to be nesting as well as a pair of AMOY; || Many more CATE nesting in this spot in June, area not photographed well in May. || Incl 4 LAGU sites and 1 LAGU bird from CAM1 photo 790. || Incl 4 LAGU sites and 1 LAGU bird from CAM1 photo 800. || Incl 4 LAGU sites and 2 LAGU birds from CAM1 photo 802. || Incl 10 LAGU sites and 4 LAGU birds from CAM1 photo 808. || Incl 10 LAGU sites and 2 LAGU birds from CAM1 photo 812.",24,30.0261,-89.2274
Biloxi North 14,23,"[2010, 2011, 2013, 2015, 2018, 2021]",[],[],"['sandy island w/ grassy patches', 'Beach, grasses, marsh, shrubs', '95% herbaceous, 5% sandy', 'beach/marsh']","['BRPE', 'LAGU', 'ROYT', 'SATE', 'BLSK', 'GBTE', 'AMOY', 'CATE']",{'N': 20},"good coverage; some LAGU possibly hidden in tall grass || No nest sites, roosting birds only. || 95% coverage. Pre-egg-laying in May. Nesting in June, no chicks present. || Adults standing on beach only. || All in incubation position on nests; no chicks seen in June. || 1 chick observed in May (Area 6), in colonies mixed with SATE. Greatly dispersed around island in June. || Incubating in May; no chicks observed. Dispersed around island in June with chicks, mixed with ROYT. || No May survey. Tern and gull nests. One tern colony appeared to have completed || No May survey. Tern and gull nests. One tern colony appeared to have completed || No May survey. Tern and gull nests. || No May survey. Tern and gull nests. || No May survey. Tern and gull nests. || No May survey. Tern and gull nests. || No May survey. Tern and gull nests. || No May survey. Tern and gull nests. || 18 Screen caps, some areas of exposed upper beach spread out over a significant distance on the island = many BLSK sites. || good coverage of all pocket beaches; count seemed bery good in these areas || good coverage in areas where BLSK, CATE and GBTE occurred but not complete for the entire island; only photographed ""shoreline"" areas on east and west sides || good coverage || good coverage || Incl 15 LAGU sites and 2 LAGU birds from CAM2 photo 867. || Incl 3 LAGU sites from CAM1 photo 957. || Incl 19 LAGU sites from CAM2 photo 858.",23,30.0038,-89.2065
Biloxi North 11,18,"[2010, 2011, 2012, 2013, 2015, 2018]",[],[],"['Marsh, grasses', 'Tidal grass marsh island.', 'Grasses, bare ground.']","['LAGU', 'FOTE', 'CATE']",{'N': 13},"small marsh island; 100% coverage || Only a few nesting LAGU; no chicks seen in June. || Birds in incubating posture on nests; no chicks seen in June. || Only one pair observed nesting on island. || 100% photo coverage (small island), most birds were on shoreline in June. Only a few still nesting LAGU and terns. || Some present in June, but May is most representative of LAGU breeding colony and has more LAGU sites. || 100% of colony analyzed and counted; May survey showed fewer LAGU sites and poorer photo quality. || LAGU observed sitting low on sites; no chicks observed. || 100% of colony analyzed and counted; no photos taken during May survey. || LAGU observed on sites and with 1/3 grown chicks. || 100% of colony photographed, analyzed, and counted. || LAGU observed sitting on sites; no chicks observed. || Colony photos visually assessed; only 1 LAGU site observed remaining on island. || LAGU sitting on sites. || 2 LAGU sites added to this area from Img 392, camera 2 card 2. || LAGU on sites and with 1/3 grown chicks. || LAGU on sites. || 1 LAGU bird added to this area from Img 1431, camera 2 card 2.",18,30.0324,-89.3141
Biloxi North 10 A,36,"[2010, 2011, 2012, 2013, 2015, 2018, 2021]",[],[],"['Tidal grass marsh with isolated shrubs and arundo.', 'Grasses, bunch grasses, shrubs, open water.']","['LAGU', 'TRHE', 'SNEG', 'WHIB', 'BCNH', 'REEG']",{'N': 20},"two adjacent islands; good coverage || Approximately 99% of colony analyzed and counted; photo coverage better in June than in May survey. || LAGU observed on sites and with few 1/3 grown chicks. || TRHE observed sitting low on sites; no chicks observed. || SNEG observed sitting on sites in brooding posture; no chicks observed. || WHIB observed sitting low on sites, in brooding posture, and with large 2/3+ grown chicks that were across island from specific nesting location. || Colony photos visually assessed; photo coverage not as complete as June survey. || 100% of colony analyzed and counted.  Photo quality better in May than June survey; SNEG chicks easier to count in May as they were smaller and closer to nest sites; Approx. 150 roosting BRPE Birds observed in June survey photos, not present in May. || LAGU observed sitting low on sites; no chicks observed. || TRHE observed sitting low on sites and in brooding posture; no chicks observed. || SNEG observed sitting low on sites and with 1/3 grown chicks. || A single WHIB site observed; distinct orange bill observed to identify as WHIB. || Colony photos visually assed; Approximately 150 roosting BRPE observed; no nests although birds were observed amongst shrub vegetation. || 100% of colony analyzed and counted. || LAGU observed sitting on sites; no chicks observed, but presumed present based on brooding posture of some birds. || TRHE observed sitting on sites and with few 1/3 grown chicks. || SNEG observed sitting on sites; no chicks observed, but could be small and shaded. || BCNH observed sitting on site; no chicks observed. || WHIB observed sitting on sites; no chicks observed. || Colony photos visually assessed; photo coverage not as complete as June survey; ROSP observed building 2 sites but had abandoned effort by June, although still 2 pairs of birds at colony. || 4 eggs || dotted as GREG, but corrected here || LAGU on sites and with 1/3 grown chicks. || 1 additional TRHE site included here in site count, not included in screen capture. || WHIB chicks at least 2/3 grown. || TRHE on sites; chicks approximately 1/3 grown. || 2 TRHE sites added to this area from Img 195, camera 1 card 3. || SNEG sitting low on sites, in brooding posture, and with 1/3 grown chicks. || LAGU on sites, some likely with small chicks. || TRHE on sites and with chicks 1/3 grown. || 3 LAGU sites + 3 birds added to this area from Img 675, camera 2 card 3. || Dotted as BN10; A and D islands assigned by PJC Aug 2022 || BN10 records assigned to lettered island by PJC 8/31/22; I did not change Area #s || All BN10 records dotted as BN10; assigned to lettered island by PJC 8/30/22; I left Area #s unchanged || Incl 1 LAGU site from CAM1 photo 1599. || Incl 7 LAGU sites, 1 LAGU bird, and 1 TRHE site from CAM1 photo 1621.",36,30.0485,-89.322
Biloxi North 10 B,31,"[2010, 2011, 2012, 2013]",[],[],"['Grasses and tidal grass marsh.', 'Grasses.']","['LAGU', 'TRHE', 'SNEG', 'WHIB', 'ROSP', 'TRSN']",{'N': 16},"marsh island; some LAGU possibly hidden in tall grass || Approximately 30% of island photographed based on Google Earth Image from 03/2011; unknown proportion of active nesting colony analyzed. || LAGU sitting low on sites; no chicks observed. || TRHE observed sitting low on sites or with chicks that were large 1/2-2/3 grown and straying from nest sites. || SNEG observed sitting low on sites or with chicks that were large 1/2-2/3 grown and straying from nest sites. || WHIB observed sitting low on sites or with chicks that were large 1/2-2/3 grown and straying from nest sites. || Colony photos visually assessed; poor photo coverage and quality compared to June 2011 survey. || Approximately 30% of island photographed based on Google Earth Image from 10/2012; unknown proportion of active nesting colony analyzed. No photos taken during May survey. || LAGU observed sitting on sites. || TRHE observed sitting on sites or with large 2/3 grown chicks. || SNEG observed sitting on sites or with 2/3 grown chicks. || Approximately 30% of colony photographed, analyzed, and counted. || LAGU observed sitting on sites; no chicks observed, but likely present based on behavior. || TRHE observed sitting on sites and with 1/3-1/2 grown chicks. || SNEG observed sitting on sites and with 1/3-1/2 grown chicks. || WHIB observed sitting on sites; no chicks observed. || added one bird misdotted as WHIB site || deleted one misdotted site, added it Spoonbill bird total || dotted as GREG, but corrected here || dotted as GREG, but corrected here || either Snowy or Tricolored; 2 whitish eggs remain || LAGU sitting on sites. || TRHE sitting on sites or with 1/2-2/3 grown chicks straying away from nest sites. || SNEG chicks approximately 1/2 grown. || SNEG chicks 2/3 grown. || WHIB sitting on sites and with 1/2-2/3 grown chicks. || TRHE sitting on sites; chicks approximately 2/3 grown. || Unable to determine if SNEG present were nearly full grown chicks or adult birds; to be conservative, marked all as birds. || SNEG chicks approximately 2/3 grown. || LAGU on sites. || TRHE on sites and with 1/3-1/2 grown chicks.",31,29.87743333333334,-89.39576666666669
Biloxi North 10 C,27,"[2010, 2011, 2012, 2013, 2018]",[],[],"['Grasses and tidal grass marsh.', 'Grasses.']","['LAGU', 'TRHE', 'SNEG', 'WHIB']",{'N': 17},"small marsh island; 100% coverage || 100% of colony analyzed and counted. || LAGU observed sitting on sites; no chicks observed. || TRHE observed sitting on sites in brooding posture and with 2/3-7/8 grown chicks. || SNEG observed sitting on sites in brooding posture and with 2/3-7/8 grown chicks. || WHIB observed with 2/3-7/8 grown chicks; broods conservatively assigned to every three chicks observed. || Colony photos visually assessed; poor photo coverage compared to June 2011 survey. || 100% of colony analyzed and counted; no photos taken during June 2012 survey. || LAGU observed sitting on sites; no chicks observed. || TRHE observed sitting low on sites and in brooding posture; no chicks observed, however, chicks could easily be present under brooding adults. || WHIB observed sitting low on sites and in brooding posture; no chicks observed, however, chicks could easily be present under brooding adults. || SNEG observed sitting low on sites; no chicks observed. || 100% of colony photographed, analyzed, and counted. || LAGU observed sitting on sites; no chicks observed, but likely present based on behavior. || TRHE observed sitting on sites and in brooding posture; no chicks observed but likely present. || SNEG observed sitting on sites and in brooding posture; no chicks observed but likely present. || Colony photos visually assessed; Similar number of sites active during May survey; June survey analyzed for consistency among island group (SLF16-20). || LAGU sitting on sites. || TRHE sitting on sites. || WHIB sitting on sites. || TRHE chicks approximately 2/3 grown. || SNEG chicks approximately 2/3 grown. || WHIB chicks approximately 2/3 grown; broods were conservatively assigned based on three chicks per nest. || LAGU sitting on sites. || TRHE sitting on sites. || SNEG sitting on sites. || All BN10 records dotted as BN10; assigned to lettered island by PJC 8/30/22; I left Area #s unchanged",27,30.0481,-89.3202
Biloxi North 10 D,38,"[2010, 2011, 2012, 2013, 2015, 2018]",[],[],"['Grasses and tidal grass marsh;few isolated shrubs.', 'Grasses, open water.']","['LAGU', 'TRHE', 'SNEG', 'WHIB', 'FOTE']",{'N': 18},"small marsh island; 100% coverage || Approximately 90% of colony photographed, analyzed and counted. || LAGU observed sitting on sites; no chicks observed. || TRHE observed sitting on sites in brooding posture and with chicks 2/3-7/8 grown; full grown chicks could be present or already fledged based on May 2011 survey with 1/3 grown chicks observed. || SNEG observed sitting on sites and with chicks 2/3-7/8 grown; full grown chicks could be present or already fledged based on May 2011 survey with 1/2 grown chicks observed. || WHIB observed sitting on sites in brooding posture and with chicks 2/3-full grown straying far from nest sites; full grown chicks could be present or already fledged based on May 2011 survey with 1/2 grown chicks observed. || Few FOTE observed on sites, most birds observed standing on island; no chicks observed. || Colony photos visually assessed; poor photo coverage; TRHE chicks observed to be 1/3 grown at nest sites; WHIB and SNEG chicks observed to be 1/2 grown at nest sites; June photos used for analysis. || Approximately 40% of island photographed, analyzed, and counted; breeding birds appear isolated to small habitat patches which were likely photographed. || LAGU observed sitting on sites; no chicks observed. || TRHE observed sitting low on sites and in brooding posture; no chicks observed. || SNEG observed sitting low on sites and in brooding posture; no chicks observed. || Colony photos visually assessed; poor photo quality and coverage; May 2012 photos used for analysis. || 100% of colony photographed, analyzed, and counted. || LAGU observed sitting on sites; no chicks observed, but likely present based on behavior. || TRHE observed sitting on sites in brooding posture; no chicks observed. || SNEG observed sitting on sites and with 1/3-1/2 grown chicks. || Colony photos visually assessed; photo coverage poor compared to June survey; June survey used for population estimate. || Overview captured; birds counted from close-ups but not physically dotted || LAGU on sites. || TRHE on sites and with 2/3 grown chicks. || WHIB chicks approximately 7/8-full grown. || SNEG chicks large, approximately 7/8 grown. || LAGU chicks 2/3 grown. || 5 LAGU sites + 3 birds added to this area from Img 371, camera 1 card 2; 2 LAGU additional birds added from Img 277, camera 2 card 2. || 1 TRHE ChickN-AD + 2 chicks (2/3 grown) added to this area from Img 370, camera 1 card 2; 1 TRHE bird added from Img 277, camera 2 card 2. || 2 WHIB chicks (7/8 grown) added to this area from Img 277, camera 2 card 2. || LAGU on sites. || TRHE sitting on sites and observed in brooding posture. || SNEG sitting on sites. || 1 LAGU site added to this area from Img 221, camera 1 card 3. || LAGU on sites. || TRHE on sites. || SNEG chick 1/3-1/2 grown. || BN10 records assigned to lettered island by PJC 8/31/22; I did not change Area #s || All BN10 records dotted as BN10; assigned to lettered island by PJC 8/30/22; I left Area #s unchanged || Incl 3 LAGU sites from CAM1 photo 1629. || Incl 2 LAGU sites and  LAGU bird from CAM1 photo 1634.",38,30.0476,-89.3183
Biloxi North 10 E,56,"[2010, 2011, 2012, 2013]",[],[],"['Grasses and tidal grass marsh.', 'marsh']","['LAGU', 'TRHE', 'SNEG', 'WHIB', 'BCNH', 'ALL']",{'N': 16},"small marsh island; close-up coverage incomplete, some birds estimated from Overviews; overall coverage, not bad || Approximately 80% of island photographed, analyzed, and counted. || LAGU observed sitting low on sites; no chicks observed. || TRHE observed sitting low on sites, in brooding posture, and with 1/3-1/2 grown chicks remaining at nest sites; in some overview photos used for analysis (camera 2), it was know that chicks were present from assessing other images, but couldn't be || Few SNEG sites present with chicks observed to be 1/2 grown. || WHIB observed sitting low on sites or with 1/2 grown chicks; isolated to few areas of the colony. || Colony photos visually assessed; photo coverage poor compared to May 2011 survey; not used for analysis.. || Approximately 70% of colony photographed, analyzed, and counted; Areas 12-18 are of adjacent island 100m to NW, included in SLF21. || LAGU observed sitting low on sites; no chicks observed. || TRHE observed sitting low on sites, in brooding posture, and with chicks 1/3-1/2 grown. || WHIB observed sitting low on sites, in brooding posture, building sites, and with 1/4 grown chicks. || SNEG observed sitting low on site and in brooding posture; no chicks observed. || BCNH observed sitting low on sites; no chicks observed. || Colony photos visually assessed; photo coverage and quality less than that from May12 survey; Multi-species chicks older and more mobile, more difficult to count. May12 survey used for analysis. || mix of WHIB, TRHE, SNEG and LAGU; few LAGU and probably got most of them; good coverage of all others but probably not complete for TRHE; approx. 85% of island photographed || northern peninsula; mix of WHIB, TRHE, SNEG and LAGU; few LAGU and probably got most of them; good coverage of all others but probably not complete for TRHE; approx. 20% of island photographed as only the southern most penninsula was photographed || dotted as GREG, but corrected here || LAGU sitting on sites. || TRHE sitting on sites and in brooding posture. || WHIB sitting on sites and in brooding posture. || SNEG sitting on sites and in brooding posture. || 3 LAGU sites added to this area from Img 091, camera 1 card 3. || 4 TRHE sites added to this area from Img 091, camera 1 card 3. || LAGU sitting on site. || TRHE sitting on sites and with 1/3-1/2 grown chicks; 3 sites added to this area from Img 599, camera 2 card 6 + 3 sites from Img 610, camera 2 card 6. || SNEG sitting on sites and with 1/2 grown chicks; 2 sites added to this area from Img 599, camera 2 card 6. || 5 TRHE sites + 4 chicks added to this area from Img 601, camera 2 card 6. || WHIB chicks approximately 1/2 grown, remaining in sites; 1 ChickN-AD added to this area from Img 601, camera 2 card 6. || 1 TRHE site added to this area from Img 603, camera 2 card 6. || TRHE chicks present in many nest as verified from other images, but not detectable in this image. || TRHE chicks likely present but not detectable in this image. || TRHE chicks likely present but not detectable in this image. || Species verified with camera 1 photos. || 1 LAGU site added to this area from Img 116, camera 1 card 3. || 4 TRHE sites added to this area from Imgs 116 and 115, camera 1 card 3. || 2 TRHE sites added to this area from Img 383, camera 2 card 2. || 3 SNEG sites added to this area from Img 383, camera 2 card 2. || 7 LAGU sites added to this area from Img 388, camera 2 card 2. || TRHE chicks approximately 1/3 grown; 2 TRHE sites added to this area from Img 388, camera 2 card 2. || 2 LAGU sites added to this area from Img 388, camera 2 card 2. || 6 TRHE sites added to this area from Img 388, camera 2 card 2. || WHIB chicks 1/4 grown. || TRHE chicks 1/3-1/2 grown. || WHIB appear to be building nests, congregation of birds in pairs but without well built nests. || appears that several sites have unattended eggs; birds flying in photos - maybe flushed? || Northern peninsula - separate island but dotted as SLF21 in past years to changed from MWP123 to SLF21 || Northern peninsula - separate island but dotted as SLF21 in past years to changed from MWP123 to SLF21 || Northern peninsula - separate island but dotted as SLF21 in past years to changed from MWP123 to SLF21 || Northern peninsula - separate island but dotted as SLF21 in past years to changed from MWP123 to SLF21 || Northern peninsula - separate island but dotted as SLF21 in past years to changed from MWP123 to SLF21 || Northern peninsula - separate island but dotted as SLF21 in past years to changed from MWP123 to SLF21 || Northern peninsula - separate island but dotted as SLF21 in past years to changed from MWP123 to SLF21 || Northern peninsula - separate island but dotted as SLF21 in past years to changed from MWP123 to SLF21 || Northern peninsula - separate island but dotted as SLF21 in past years to changed from MWP123 to SLF21 || Northern peninsula - separate island but dotted as SLF21 in past years to changed from MWP123 to SLF21 || Northern peninsula - separate island but dotted as SLF21 in past years to changed from MWP123 to SLF21",56,30.0502,-89.3117
Gosier Islands South,43,"[2010, 2011, 2012, 2015]",[],[],"['intertidal sandbar', 'barrier beach island', 'barrier island']","['UNTE', 'ULGU', 'BLSK', 'GBTE', 'SATE', 'CATE', 'ROYT']",{'N': 7},"long intertidal sandbar; looks like no breeding habitat || BLSK/CATE present in good #s, setting up; few ROYT/SATE in non-breeding habitat; BRPE roost; nothing to dot compared w. June || excellent ROYT/SATE/CATE coverage; a little harder to tell if BLSK/GBTE coverage was 100% || flew past; photos taken; roost only || flew past; photos taken and counted; GBTE, BLSK, CATE, SATE || flew past; no photos taken || did not fly near this colony in 2012; no photos taken || mostly ROSA, but possibly some FOTE and CATE || Imm. HERG likely || mostly ROSA, but possibly some FOTE and CATE || mostly ROSA, but possibly some FOTE and CATE || mostly ROSA, but possibly some FOTE and CATE || PJC24 || PJC24 || PJC24 || PJC24 || PJC24 || PJC24; appears terns are still setting up || PJC24 || PJC24 || PJC24 || PJC24 || PJC24 || PJC24; appears terns are still setting up || PJC24 || PJC24 || PJC24 || PJC24 || PJC24 || PJC24 || PJC24 || PJC24 || PJC24 || PJC24 || PJC24 || PJC24 || PJC24; SATE seem to be setting up || PJC24 || PJC24 || PJC24 || PJC24 || PJC24 || PJC24",43,29.5299,-89.0869
Chandeleur North A,44,"[2010, 2011, 2012, 2013, 2015, 2018, 2021]",[],[],"['beach', 'Grassy, marsh island with beach on entire E side', 'Sandy beach.', '95% herbaceous, 5% sandy', 'barrier island', 'sand/veg island']","['LAGU', 'ROYT', 'SATE', 'AMOY', 'BRPE', 'CAEG', 'ROYT, SATE', 'ROYT, SATE, ROSA', 'BPRE', 'ROSA', 'BLSK', 'GBTE']",{'N': 22},"breeding habitat available, but all birds loafing; likely surveyed too early; 5 Horseshoe Crabs seen || Sites present in May, more in June, birds in incubation position on sites. 80% LAGU coverage on all of CIN || Small colonies present in May, much more established in June - 100% coverage || Small colonies present in May, much more established in June - 100% coverage || Coverage complete for BLSK and GBTE || Photographed…… || no evidence of breeding || no evidence of breeding || no evidence of breeding || few breeding || 20% of breeding terns; young terns on beach in June visit. || 80% of breeding terns; || flew by colony but no photos taken; assume gulls were present but not enough seen to warrant counting? || flew by colony but no photos taken; assume no birds (except gulls) were on the colony; June photos appear to confirm this as no tern chicks in June || gulls throughout island; only did visual estimate since overviews weren't quite good enough to count gull sites; est. is rough || terns in incubating posture in photos; appears to be good timing on photos; missed a group of terns on a portion of this island but used overviews to est. numbers || small colony of BLSK and LAGU colony || flew past, no photos taken, assume no birds (except maybe gulls); however did not fly directly over colony based on trackline || a small colony of nesting LAGU with nests throughout the ""island"" area but concentrated in one area (possibly the southeast corner based on Google Earth images) || only roosting birds although one group of BRPE on shore had the appearance of ""pairing"" though there was clearly no nesting material or obvious breeding behavior || mixed SATE/ROYT colony but mostly SATE; excellent coverage of this colony; || mixed SATE/ROYT colony but mostly SATE; excellent coverage of this colony; || 5 Horseshoe Crabs on beach || had to use overview and could not distinguish ROYT from SATE || used overview to make an estimate visual count of LAGU on colony; did not count directly || used overview as no closeups available for this area || roosting || visual estimate of LAGU no direct counts done for this species || roost area only || roost area only || roost area only || roost area only || roost area only || roost area only || roost area only || roost area only || roost area only || roost area only || one nest site in vegetation at the edge of the water; otherwise a roost area for most birds || Only coverage was zoomed out Cam2 photo || Only coverage was zoomed out Cam2 photo || 2 BLSK Birds added from cam 2 photo 10562 || 2 GBTE birds added from 24June18 Cam2 photo 10555 || 1 BLSK Site, 2 Birds added from 24June18 Cam2 photo 10555",44,30.008,-88.8466
Chandeleur North B,48,"[2010, 2011, 2012, 2013, 2015, 2018, 2021]",[],[],"['Grassy, marsh island with beach on entire E side', 'Sand spit, beach, sparse vegetation.', 'Sandy beach.', '95% sandy/shells 5% herbaceous', 'barrier island', 'sand/veg island']","['BLSK', 'GBTE', 'LAGU', 'SATE', 'CATE', 'ROYT', 'SNEG', 'LETE']",{'N': 30},"bathing/foraging birds only || Pre-egg laying pairs in May, established nesting in June. Part of Area 1 only captured by CAM2 - 100% coverage || Birds present in May, established nesting in June. Part of Area 1 only captured by CAM2 - 100% coverage || Incubating sites in grass. 80% LAGU coverage on all of CIN || One bird || Coverage complete.  Small isolated group. || No photos taken; likely no nesting as flight path was directly over June nesting area. || incubating || incubating || incubating || no evidence of breeding || incubating || incubating || incubating || incubating || incubating || a small colony of CATE mixed with BLSK || a small colony of BLSK mixed with CATE on open beach area || >3000 in the colony; none were at this location in May; excellent coverage and photos || small number of BLSK but seems more than May 2011; mixed with 1000's of ROYT and SATE and a few CATE || small number of CATE but more than May 2011; mixed with 1000's of ROYT and SATE and a few BLSK || >1000 in the colony; none were there in May; excellent coverage and photos || only LAGU present; counted them in this year; incomplete survey; MWP113 || flew by colony; no photos taken; LAGU probably present but not photographed due to small numbers; MWP113 || photos taken, counted BLSK and GBTE at this colony || photos taken, counted SATE and ROYT; no BLSK or GBTE obs observed || lagu sites in with terns are good; tried to get site count from overview photos - probably missed quite a few but counted more than if no photos were used; still an under count of LAGU sites || only a few sites but clearly CATE || excellent photos and good count; more standing birds at edges than in most tern colonies -- at least in my experience || excellent photos and good count; more standing birds at edges than in most tern colonies -- at least in my experience || bathing flock || foraging birds || birds setting up?; lots of birds standing; no BLSK seen like in May || birds setting up?; lots of birds standing; no BLSK seen like in May || birds setting up?; lots of birds standing; no BLSK seen like in May || birds setting up?; lots of birds standing; no BLSK seen like in May || birds setting up?; lots of birds standing; no BLSK seen like in May || birds setting up?; lots of birds standing; no BLSK seen like in May || org. had this as MWP111 but should be MWP112; corrected database but not screen captures || org. had this as MWP111 but should be MWP112; corrected database but not screen captures || org. had this as MWP111 but should be MWP112; corrected database but not screen captures || identification based on size; none appear to be nesting || lots of birds standing at the edges of colony -- setting up still? || roosting birds || roosting birds || attempt to get LAGU sites that were not covered in closer photos; can see birds but identifying sites in this photo is difficult || Only coverage was zoomed out Cam2 photo || Only coverage was zoomed out Cam2 photo",48,29.945000000000004,-88.831
Chandeleur South B,87,"[2010, 2011, 2012, 2013, 2015, 2018, 2021]",['LA'],['Breton-Chandeleur Islands'],"['sand bar', 'Sandy beach.', '100% sandy and shells', 'barrier island', 'sand/beach', 'sand/beach/veg']","['BLSK/FOTE/GBTE', 'BLSK', 'GBTE', 'LAGU', 'CATE', 'ROYT', 'SATE', 'BRPE']",{'N': 16},"exposed mudflat; non-breeding habitat || Complete coverage. Pre-breeding in May. More nest sites in June. No chicks. || Few birds nesting, many roosting. || Coverage likely complete.  BLSK and GBTE on sites. || incubating || incubating || no evidence of egg laying || SATE/ROYT/BLSK colony; some roosting BRPE || SATE/ROYT ""chicked out"" so didn't count for this survey: production is fair to good but numbers seem lower than colony count (est. about 500 chicks) but photos of chicks incomplete; BLSK still on sites - counted use this survey; BRPE nesting; LAGU counted || use May survey for BLSK and GBTE; || flew by colony; no photos taken; assume no birds were seen/observed || small group of CATE not photographed in June; flew near colony but didn't fly directly over so unsure if birds are still there || fairly large group of SATE/ROYT; exact location at 29.7808/-88.8706; good count of colony; also smaller groups located to south of large colony see notes in species data table for those locations || fairly large group of SATE/ROYT; exact location at 29.7808/-88.8706; good count of colony; also smaller groups located to south of large colony see notes in species data table for those locations || BLSK near PJC20; was unable to find specific location but probably very close to 29.7850/-88.8671 || nesting LAGU in amongst terns but nesting in the vegetation that occurs in the area || Does not include 1 Empty Nest || still looks like some birds setting up nests || still looks like some birds setting up nests || error occurred while screen capture and lost dots but had already recorded counts || error occurred while screen capture and lost dots but had already recorded counts || error occurred while screen capture and lost dots but had already recorded counts || use June survey for this subcolony || use June survey for this subcolony || no BRPE nesting at this colony in May; look like they are still nest building || no BRPE nesting at this colony in May || no BRPE nesting at this colony in May || no BRPE nesting at this colony in May || no BRPE nesting at this colony in May || no BRPE nesting at this colony in May || no BRPE nesting at this colony in May || no BRPE nesting at this colony in May || no BRPE nesting at this colony in May || no BRPE nesting at this colony in May || no BRPE nesting at this colony in May || no BRPE nesting at this colony in May || no BRPE nesting at this colony in May || no BRPE nesting at this colony in May || no BRPE nesting at this colony in May || about 800m north of PJC20; coordinates approx. 29.7858/-88.8668; used closeups from Cam1 and Cam2 to confirm || about 800m north of PJC20; coordinates approx. 29.7858/-88.8668; used closeups from Cam1 and Cam2 to confirm || about 800m north of PJC20; coordinates approx. 29.7858/-88.8668; used closeups from Cam1 and Cam2 to confirm || about 800m north of PJC20; coordinates approx. 29.7858/-88.8668; used closeups from Cam1 and Cam2 to confirm || about 800m north of PJC20; coordinates approx. 29.7858/-88.8668; used closeups from Cam1 and Cam2 to confirm || about 800m north of PJC20; coordinates approx. 29.7858/-88.8668; used closeups from Cam1 and Cam2 to confirm || about 800m north of PJC20; coordinates approx. 29.7858/-88.8668; used closeups from Cam1 and Cam2 to confirm || about 300m NE of PJC20 coordinates; exact coordinates 29.7808/-88.8706 || about 300m NE of PJC20 coordinates; exact coordinates 29.7808/-88.8706 || about 300m NE of PJC20 coordinates; exact coordinates 29.7808/-88.8706 || about 300m NE of PJC20 coordinates; exact coordinates 29.7808/-88.8706 || about 300m NE of PJC20 coordinates; exact coordinates 29.7808/-88.8706 || about 300m NE of PJC20 coordinates; exact coordinates 29.7808/-88.8706 || about 300m NE of PJC20 coordinates; exact coordinates 29.7808/-88.8706 || about 300m NE of PJC20 coordinates; exact coordinates 29.7808/-88.8706 || about 300m NE of PJC20 coordinates; exact coordinates 29.7808/-88.8706 || about 300m NE of PJC20 coordinates; exact coordinates 29.7808/-88.8706 || about 300m NE of PJC20 coordinates; exact coordinates 29.7808/-88.8706 || about 300m NE of PJC20 coordinates; exact coordinates 29.7808/-88.8706 || about 300m NE of PJC20 coordinates; exact coordinates 29.7808/-88.8706 || about 300m NE of PJC20 coordinates; exact coordinates 29.7808/-88.8706 || about 300m NE of PJC20 coordinates; exact coordinates 29.7808/-88.8706 || about 200m to SE of PJC20 coordinates; approximately at 29.7793/-88.8721; birds still setitng up sites || about 200m to SE of PJC20 coordinates; approximately at 29.7793/-88.8721; birds still setting up sites || about 200m to SE of PJC20 coordinates; approximately at 29.7793/-88.8721; || about 200m to SE of PJC20 coordinates; approximately at 29.7793/-88.8721; || about 200m to SE of PJC20 coordinates; approximately at 29.7793/-88.8721; still setting up sites || about 200m to SE of PJC20 coordinates; approximately at 29.7793/-88.8721; still setting up sites || about 200m to SE of PJC20 coordinates; approximately at 29.7793/-88.8721; || about 200m to SE of PJC20 coordinates; approximately at 29.7793/-88.8721; a bit further south on island chain than area 13 || about 200m to SE of PJC20 coordinates; approximately at 29.7793/-88.8721; a bit further south on island chain than area 13 || about 200m to SE of PJC20 coordinates; approximately at 29.7793/-88.8721; a bit further south on island chain than area 13 || about 200m to SE of PJC20 coordinates; approximately at 29.7793/-88.8721; a bit further south on island chain than area 13 || about 200m to SE of PJC20 coordinates; approximately at 29.7793/-88.8721; a bit further south on island chain than area 13 || about 200m to SE of PJC20 coordinates; approximately at 29.7793/-88.8721; a bit further south on island chain than area 13 || about 200m to SE of PJC20 coordinates; approximately at 29.7793/-88.8721; a bit further south on island chain than area 13 || some BLSK that are part of PJC20 area12 and area 13; used this photo to get complete coverage || this specific area was not photographed in June; location estimated at 29.7823/-88.8751; closest identified colony PJC20 || about 300m NE of PJC20 coordinates; exact coordinates 29.7808/-88.8706 || about 300m NE of PJC20 coordinates; exact coordinates 29.7808/-88.8706 || about 300m NE of PJC20 coordinates; exact coordinates 29.7808/-88.8706 || about 300m NE of PJC20 coordinates; exact coordinates 29.7808/-88.8706 || about 300m NE of PJC20 coordinates; exact coordinates 29.7808/-88.8706 || Incubation posture. || Incubation posture. || Incubation posture. || Incubation posture. || Incubation posture.",87,29.796590000000002,-88.864578
Chandeleur North E,24,"[2010, 2011, 2012, 2013, 2015, 2018, 2021]",[],[],"['sand', 'Grassy, marsh island with beach on entire E side', 'Sandy beach.', '95% sandy/shells 5% herbaceous', 'barrier island', 'sand/beach']","['LAGU', 'GBTE', 'BLSK', 'AMOY', 'ULGU']",{'N': 14},"long, narrow sand island; good BLSK habitat, but no breeding apparent yet || Incubating sites in grass. 80% LAGU coverage on all of CIN || Camera 1 took photos of a small group of BLSK seeming interested in nesting, not on sites. || Coverage complete.  Two isolated sub groups.  Incubation posture. || Coverage complete.  Two isolated sub groups.  Incubation posture. || Coverage complete.  One nest found with bird in incubating posture and other bird nearby. || incubating || incubating || flew by colony; no photos taken; no birds present || small group of BLSK || photos taken; use June survey for this area; more BLSK in June and appear to be incubating in June || photos taken; use June survey as more birds and they appear to be incubating || small group of BLSK with 1 GBTE site; not photographed in June despite flying directly over the colony || small group of BLSK with 1 GBTE site; not photographed in June despite flying directly over the colony || likely immm. HERG || complete coverage; appear to be ""set up"" || complete coverage; appear to be ""set up"" || complete coverage; appear to be ""set up"" || no photos of this area in June; || no photos of this area in June; || no photos of this area in June; || no photos of this area in June; || Incubation posture. || Incubation posture.",24,29.815,-88.8567
Chandeleur North D,40,"[2010, 2011, 2012, 2013, 2015, 2018, 2021]",[],[],"['mudflat', 'Grassy, marsh island with beach on entire E side', 'Sandy beach.', '95% sandy/shells 5% herbaceous', 'barrier island', 'barrier islands', 'sand/beach']","['BLSK', 'GBTE', 'FOTE', 'LETE', 'WIPH', 'LAGU', 'CATE', 'ROYT', 'SATE', 'UnSb', 'UnGu', 'BRPE']",{'N': 21},"loafing birds on exposed mudflat || Pre-egg laying pairs in May, established nesting in June. 100% coverage || Birds present in May, established nesting in June. 100% coverage || Some sites in May, more established sites in June near LETE in wrack lines - 90% coverage || 22 total sites in June, not observed in May. Some may have been missed due to only CAM2 coverage in some areas - 90% coverage || One bird in middle of Area 3 || Incubating sites in grass. 80% LAGU coverage on all of CIN || Some sites in May, more established in June. Only CAM2 photo coverage - 90% coverage || Photographed.  No nesting observed.  Several groups of BLSK seen flying as plane flew overhead. || Coverage complete.  Two isolated sub groups. Incubation posture. || Coverage complete.  Two isolated sub groups.  Incubation posture. || incubating || incubating || >2,000 sites in colony; a few still setting up on edges otherwise fairly complete || a few dozen sites mixed in throughout the colony || >2,000 sites in colony; a few still setting up on edges otherwise fairly complete || photographed colony but did not count; 95+% of colony in ""chick"" stage with 1000's of ROYT and SATE chicks at the water's edge; photos good enough to count everything if needed; may be able to get quantitative productivity estimate; qual. Good/excellent || photos taken; small number of BLSK, GBTE; use June survey; was able to match area with June survey || photos taken; use this June survey for totals; was able to match area with May survey || good count; location may be near MWP117 - very difficult to tell based on available GoogleEarth images and photos; regardless location probably slightly more north of current MWP110 coordinates; used Cam1 photos to confirm sites || good count; location may be near MWP117 - very difficult to tell based on available GoogleEarth images and photos; regardless location probably slightly more north of current MWP110 coordinates; used Cam1 photos to confirm sites || appears that these birds may be establishing a colony, i.e., ""setting up"" || unidentified shorebird || unidentified shorebird || roost area || roost area || roost area || roost area || unidentified shorebird || unidentified gull || roost area || some birds appear to still be setting up || some birds appear to still be setting up || used overview photos - see Cam1Card2 photos 113-120 to confirm sites; location of colony may not be exact and could be closer to MWP117 but fairly certain I have location correct || used overview photos - see Cam1Card2 photos 113-120 to confirm sites; location of colony may not be exact and could be closer to MWP117 but fairly certain I have location correct || One bird in the middle of photo || Only coverage was zoomed out Cam2 photo || Only coverage was zoomed out Cam2 photo || 1 BLSK Site added from cam 2 photo 10645. || 5 GBTE Sites added from cam 2 photo 10645.",40,29.8275,-88.8475
Chandeleur North C,58,"[2010, 2011, 2012, 2013, 2015, 2018, 2021]",[],[],"['beach & marsh/grass', 'Grassy, marsh island with beach on entire E side', 'Sandy beach.', '95% sandy/shells 5% herbaceous', 'barrier island', 'sand/beach']","['BLSK', 'GBTE', 'ROYT', 'SATE', 'CATE', 'AMOY', 'LAGU']",{'N': 24},"LAGU just setting up, but looks like a decent colony in the making || Pre-egg laying pairs in May, established nesting in June. 100% coverage || Birds present in May, established nesting in June. 100% coverage || Photographed. BLSK present in one group/colony formation but not on sites in incubation posture. SATE/ROYT present in one small group but not on sites. || Coverage complete.  Several sub groups shading small fluffy YY; other groups in tigh colony formation, likely on eggs. || Coverage complete.  Several sub groups shading small fluffy YY; other groups in tigh colony formation, likely on eggs. || Coverage complete. || Coverage complete.  Birds in incubation posture. || Coverage complete.  Associated with BLSK. || no evidence of egg laying || incubating || no evidence of egg laying || no evidence of egg laying || flew by site but no photos taken; assume no birds were present during the survey || a few mixed in with BLSK || small colony; complete coverage || CATE and LAGU colony; counted || flew past but not right over colony; no photos taken || small number of CATE nesting amongst the ROYT/SATE groups || just a few single birds hanging at the edge of the tern groups/subcolonies || one pair that appears to have a site; sand around one bird gives the impression of a ""depression"" that would be a nest bowl or scrape || mixed SATE/ROYT colony but mostly SATE; excellent coverage of this colony; location where terns not previously documented by our surveys || only a couple pairs seen adjacent to tern groups and somewhat close to the one BLSK pair seen || mixed SATE/ROYT colony but mostly SATE; excellent coverage of this colony; location where terns not previously documented by our surveys || incomplete coverage for LAGU; no overview photos either || complete CATE coverage; looks well established || incomplete LAGU coverage; no overview photos to use || ""new"" colony on the Chandeleur Islands || ""new"" colony on the Chandeleur Islands || ""new"" colony on the Chandeleur Islands || ""new"" colony on the Chandeleur Islands || ""new"" colony on the Chandeleur Islands || ""new"" colony on the Chandeleur Islands || ""new"" colony on the Chandeleur Islands || ""new"" colony on the Chandeleur Islands || ""new"" colony on the Chandeleur Islands || ""new"" colony on the Chandeleur Islands || ""new"" colony on the Chandeleur Islands || ""new"" colony on the Chandeleur Islands || ""new"" colony on the Chandeleur Islands || ""new"" colony on the Chandeleur Islands || ""new"" colony on the Chandeleur Islands || ""new"" colony on the Chandeleur Islands || ""new"" colony on the Chandeleur Islands || ""new"" colony on the Chandeleur Islands || ""new"" colony on the Chandeleur Islands || ""new"" colony on the Chandeleur Islands || ""new"" colony on the Chandeleur Islands || 3 CATE Sites, 1 Bird added from cam 2 photo 10599 || Most ROYT in loose group, apparently shading small YY. || Most SATE in loose group, apparently shading small YY. || 27 ROYT Sites added from cam 2 photo 10611. Some AD shading fluffy YY. || 16 SATE Sites added from cam 2 photo 10611. Some AD shading fluffy YY. || 4 ROYT Sites added from cam 2 photo 10612. Most AD shading small YY. || 14 SATE Sites added from cam 2 photo 10612. Most AD shading small YY. || 6 ROYT Sites added from cam 2 photo 10602; AD shading YY, starting to move from colony. || 17 ROYT Sites added from cam 2 photo 10602. || 6 SATE Sites added from cam 2 photo 10602.",58,29.8375,-88.8388
Biloxi South 5 A,66,"[2010, 2011, 2012, 2013, 2015, 2018, 2021]",[],[],"['marsh/grass island', 'Grassy, small beach and wrack lines.', 'grassy', 'marsh island', 'Grasses, bare ground, exposed beach.']","['AWPE', 'BRPE', 'LAGU', 'SNEG', 'TRHE', 'WHIB', 'CATE', 'BLSK', 'WHEG', 'BCNH', 'FOTE', 'ROYT', 'USTE', 'GREG']",{'N': 37},"mostly just a LAGU colony; coverage not bad - LAGU estimate likely ~ 90% complete || All LAGU hunkered down on sites; no YY seen.  GREG on sites. || Vegetation much higher, making gulls harder to see.  Chicks present on periphery of colony.  GREG still present, now with small YY. || no evidence of nesting || eggs || incubators || incubators || incubator || no evidence of nesting || birds set up and incubating; complete coverage achieved || birds set up and incubating; complete coverage achieved || birds incubating; medium sized colony bet. 50 and 100 sites || only roosting birds; no breeding-type behavior observed || about 10% of nests hatched with larger sized chicks; others appear to still be brooding small chicks or incubating || not assessed but appear to be incubating still || only about 10 birds remaining on colony and those appear to be brooding chicks; no chicks seen though || BRPE appear to be starting to pair and set up nests; a few nest with material but more just appear to be pairing || complete coverage achieved; used Cam2 photos and confirmed sites by viewing Cam1 photos || complete coverage achieved; used Cam2 photos and confirmed sites by viewing Cam1 photos || no CATE in colony this year; all species seem to be reduced in numbers || only a couple roosting birds || island appears inundated with water but LAGU along edges (berms) still incubating and chicks can be seen in photos; probably about 15% of nests have chicks visible; interior sites appear to have been flooded out,  productivity appears good for berm sites || sites that were present in May appear to be ""flooded"" out; could not find sites in June photos || no terns present in June || no BRPE present in June || Roosting birds in June, but not there in May. || Birds are present in May but gone in June; not dotted because are nonbreeding. 100% coverage || Only a handful of BRPE birds in May roosting on island, but in June, many more BRPE birds roosting on island, none on sites. 100% coverage. || LAGU birds observed in May but mostly in pairs and roosting birds; LAGU sites established by June. 100% coverage || 100% of colony photographed, analyzed, and counted; BRPE still establishing nest sites and loafing in colony, will dot from June survey. || LAGU observed sitting low on sites; no chicks observed. || TRHE observed sitting on sites in brooding posture; on site with 1/3 grown chicks observed. || WHEG observed sitting on sites in  brooding posture; most WHEG likely SNEG, but could not differentiate from GREG. || BCNH observed sitting on site; no chicks observed. || FOTE observed sitting on sites in incubation posture; most birds standing at nest sites and not on eggs, colony still establishing. || 100% of colony analyzed and counted for BRPE only; Approx. 80% FOTE, 30% LAGU, 20% TRHE, and 20% WHEG abandoned sites by June survey; TRHE and WHEG observed with 1/2-2/3 grown mobile chicks. || BRPE observed sitting on WBN; immature birds observed on WBN, accounted for in screen captures; total ratio of Imm:AD WBN = 10:128. Approximately 25% of BRPE building nests and present in May survey have abandoned by June survey. || dotted as UNTE || OV estimate of areas not covered by closeups || used Cam1 photos to confirm unclear sites - || used Cam1 photos to confirm unclear sites - || used Cam1 photos to confirm unclear sites - || used Cam1 photos to confirm unclear sites - || used Cam1 photos to confirm unclear sites - || used Cam1 photos to confirm unclear sites - || used Cam1 photos to confirm unclear sites - || used Cam1 photos to confirm unclear sites - || used Cam1 photos to confirm unclear sites - || used Cam1 photos to confirm unclear sites - || used Cam1 photos to confirm unclear sites - || used Cam1 photos to confirm unclear sites - || LAGU sitting on sites. || One TRHE chick-nest with three 1/3 grown chicks; other TRHE sitting low or in brooding posture. || BCNH on site. || Most sites likely SNEG, but could easily be GREG mixed in. || Likely FOTE. || FOTE on sites, some in incubation posture, many still standing above nest bowl. || BRPE WBN seperated in screen capture to reflect Immature birds on nests; ratio of Imm:Ad WBN = 8:109. || BRPE WBN seperated in screen capture to reflect Immature birds on nests; ratio of Imm:Ad WBN = 2:19. || Incubation posture. || 2 GREG Sites added from cam 2 photo 2067/ || Incubation posture. || Incubation posture. || Incubation posture. || Incubation posture. || Incubation posture.",66,29.6523,-89.464
Biloxi North 5,15,"[2010, 2013, 2015, 2018, 2021]",[],[],"['marsh/grass island w. sandy beaches', 'grass and sand', 'Small island with beaches and marsh', '100% herbaceous', 'marsh/beach']","['BLSK', 'DCCO', 'FOTE', 'LAGU', 'OSPR', 'ROYT', 'WHIB', 'AWPE', 'BRPE', 'RUTU', 'ALL']",{'N': 14},ROYT nesting just starting; LAGU coverage on the order of 75% || lots on dimples in june images that were not evident in May (probably due to angle of sun) || no evidence of breeding || no evidence of breeding || no evidence of breeding || no evidence of breeding || no evidence of breeding || no evidence of breeding || no evidence of breeding || no evidence of breeding || Complete coverage; June counted because CATE and ROYT were present and other species were in #s similar to May || just a single image was dotted; a small shoal to south of main island was photgraphed but it only has roosting birds. This shoal had virtually disappeared on imagery on Google Earth taken in Aug 2015. Next Google Earth image was taken Mar 2019; no island. || BLSK and LAGU colony; 100% coverage of BLSK about 90% coverage of LAGU || ONLY ONE IMAGE FOR THIS ISLAND,14,30.0675,-89.2069
Half Moon Island,163,"[2010, 2011, 2012, 2013, 2015, 2018, 2021]",[],[],"['Beach, grasses, shrubs, marsh', 'marsh island']","['SNEG', 'TRHE', 'LAGU', 'WHIB', 'BLSK', 'GBTE', 'ROYT', 'FOTE', 'WILL', 'BRPE', 'GREG', 'CATE', 'LAGU/TRHE', 'WHIB/SNEG', 'COTE', 'WHEG', 'UNWA']","{'N': 47, 'Y': 15}","big marsh island complex, w. sandbar on west side; conspicuous birds apparently covered well, but over relatively small portion of island; one dead waterbird (Gull?) in Area 4 || Some SNEG present in May too but dotted in June (chicks present in June not in May) || Some TRHE present in May too but dotted in June (more established in June) || No LAGU in May; sparse LAGU in June (very few sites, mostly roosting) || WHIB sites in May with eggs, but dotted in June (sites more established in June) || BLSK also present in May, but sites more established by June. || GBTE dotted in June (more abundant and sites more established than in May) || ROYT dotted in June but no sites, just roosting birds on shoreline. || FOTE dotted in June, not present in May. June birds roosting on shoreline. || Willet was lone individual roosting on shore. || Standing on shore, no nests. || Most on nests in incubating position. Eggs seen underneath some birds; no chicks seen. || ~half nesting, half standing in May, fewer numbers nesting in June. 1 dead on beach, no chicks seen in June. || All on nests in wrack lines. Some nests still in June but less photo coverage. || Sites mixed in with BLSK sites. Fewer nests in June; no chicks seen. || Abundant, mixed with WHIB nests. Birds scattered in June with chicks. || 1 nesting group, most incubating, sitting low on nests. 1 chick observed (Area 52). Some chicks in June, most still sitting on nests. || Sites mixed with WHIB and TRHE nests. Chicks almost adult size in June. || A few nests with with TRHE and SNEG nests. Unable to differentiate chicks in June from SNEG chicks. || about 50-60% coverage, throughout entire island || 100% coverage many sites and individuals, some still present in June. || 100% coverage; counted in May, FOTE colonies in May likely not there in June. || 100% coverage; counted in June. Skimmers also present in same areas in May, but more likely to be breeding in June. || 100% coverage; non-breeding ROYT in June, likely just checking out island || 100% coverage; a couple of isolated individuals in May, non-breeding || 100% coverage; some sites and birds in May, some nonbreeding individuals in June, but no sites in June images counted. || non-breeding BRPE groups hanging out by the coastline, generally not paired. In May, there was only one PBE but not present in June. || coverage not complete - only a small portion of the island photographed; medium-sized nearly idependent chicks at some sites || some chicks; a lot of the island is innundated with water and seems to have impacted nesting but can't be sure || selected June because best coverage for BLSK, SNEG, WHIB; only a small fraction of the island was photographed (~10% or less); probably have complete coverage of SNEG/WHIB but not for TRHE/LAGU; BLSK complete coverage achieved || probably good coverage of FOTE (>90%) and slightly better coverage of LAGU (than June photos) but still probably a fraction of the colony; May photos not counted as of 9/29/2013 || Most FOTE nests were concentrated in one major colony.  Photo coverage was lacking; I had to dot some of this colony from a Camera 2 photo that was not in great focus.  I am confident that this dotting effort was conservative, however.   || After browsing May and June photos, it is clear that nesting by GBTE and BLSK is more established in June.  GBTE are mostly loafing; no birds dotted for May.  Defer to June for ""best"" count. || After browsing May and June photos, it is clear that nesting by GBTE and BLSK is more established in June.  BLSK are mostly loafing; no birds dotted for May.  Defer to June for ""best"" count. || After browsing the May and June photos, I determined that LAGU nesting increased in June.  Therefore, the LAGU will only be dotted in June to avoid duplication. No chicks seen. || A relatively small number of WHIB are initiating nesting activities within the wading bird nesting areas during this survey.  Because nesting activity is greater in June, I did not dot these May nesters to avoid double-counting. || Many of the TRHE nests have hatched and are unattended. These are dotted as ""TRHE chick nests without adult"".  The remaining birds are either incubating or attending nests. || Many of the SNEG nests have hatched and are unattended. These are dotted as ""SNEG chick nests without adult"".  The remaining birds are either incubating or attending nests. || Only nesting sites or chick nests w/o adult were dotted for efficiency. || FOTE still present and nesting, but coverage in this survey is inferior to May.  Defer to May count for ""Best"" estimate of breeding effort this year.  No chicks seen. || GBTE are nesting within the BLSK colony, on sandy beach.  All birds except for mates in incubating position; no chicks seen. || BLSK are paired up and nesting on the sandy beach.  No chicks seen, but incubation clear. || Nesting LAGU visible but sparse compared to survey in June when many more LAGU had initiated nesting on island. No chicks.  Not best count.  LAGU for this survey not completely dotted because it was obvious that dotting the June survey would be best. || A main colony was identified and dotted as Areas 1-11. SNEG nests in this area peaked in May and are identified as best count. Coverage of the remainder of the island is better in June, however so June SNEG dotted outside the main colony should be added. || A main colony was identified and dotted as Areas 1-11. TRHE nests in this area peaked in May and are identified as best count.  Coverage of the remainder of the island is better in June, however so June TRHE dotted outside the main colony should be added. || The only WHIB on the island in both May and June surveys are in the main wader colony with the TRHE and SNEG.    Because the number of sites declined in June, this cound in May should be used as ""best"".   No chicks visible. || No birds on island. || No birds on island. || No birds on island. || Best count.  Nesting widespread across island.  No chicks visible.  Most birds incubating eggs. || Many chicks area visible in the main colony, which was dotted as best count in May. The SNEG on the remainder of the island are mostly on eggs, indicating that they were likely not missed in the May survey, but initiated nesting later. || Many chicks area visible in the main colony, which was dotted as best count in May. The TRHE on the remainder of the island are mostly on eggs, indicating that they were likely not missed in the May survey, but initiated nesting later. || Fewer nests than in May.  No chicks visible.  Not best count. || A single colony nesting on a sandy beach with GBTE.  No chicks visible. || A scattering of nests within the BLSK colony.  No chicks visible. || Many small colonies nesting on the wrack in various locations on the island.  No chicks seen. || LAGU nested widely across island.  Most birds in incubating position; no chicks seen. || WHIB nesting in the same locations that  the waders occupied in May.  Approx. half of birds incubating position, others milling about and feeding.  A few chicks were observed, but most birds incubating. || Not dotted.  Nesting was too far along at this time; May birds dotted instead. || Not dotted.  Nesting was too far along at this time; May birds dotted instead. || Oil not visible on the island in this surveys' photos.  Possible that overcast conditions inhibit the visibility of sheen where oil was visible in May. || Counted in May- large colonies, many sites with chicks. More abundant WHIB in June, so best population estimate in June [for areas counted in both mos (PJC)]. 100% coverage || immature - carpal bar visible || Had to dot a large colony of FOTE here, with poor resolution.  Was conservative and didn't dot each visible bird in case they were not all incubating. || Chicks estimated not by dotting, but by multiplying the average number of chicks per nest (2) by the number of chick nests w/o adult.  This will be a low estimate. || Chicks estimated not by dotting, but by multiplying the average number of chicks per nest (2) by the number of chick nests w/o adult.  This will be a low estimate. || Chicks estimated not by dotting, but by multiplying the average number of chicks per nest (2) by the number of chick nests w/o adult.  This will be a low estimate. || Chicks estimated not by dotting, but by multiplying the average number of chicks per nest (2) by the number of chick nests w/o adult.  This will be a low estimate. || WHIB present, not dotted. Chicks estimated not by dotting, but by multiplying the average number of chicks per nest (2) by the number of chick nests w/o adult.  This will be a low estimate. || WHIB present, not dotted. Chicks estimated not by dotting, but by multiplying the average number of chicks per nest (2) by the number of chick nests w/o adult.  This will be a low estimate. || WHIB present, not dotted. Chicks estimated not by dotting, but by multiplying the average number of chicks per nest (2) by the number of chick nests w/o adult.  This will be a low estimate. || WHIB present, not dotted. Chicks estimated not by dotting, but by multiplying the average number of chicks per nest (2) by the number of chick nests w/o adult.  This will be a low estimate. || Chicks estimated not by dotting, but by multiplying the average number of chicks per nest (2) by the number of chick nests w/o adult.  This will be a low estimate. || Chicks estimated not by dotting, but by multiplying the average number of chicks per nest (2) by the number of chick nests w/o adult.  This will be a low estimate. || WHIB present, not dotted. Oil visible. Chicks estimated not by dotting, but by multiplying the average number of chicks per nest (2) by the number of chick nests w/o adult.  This will be a low estimate. || WHIB present, not dotted. Oil visible. Chicks estimated not by dotting, but by multiplying the average number of chicks per nest (2) by the number of chick nests w/o adult.  This will be a low estimate. || Oil visible. Chicks estimated not by dotting, but by multiplying the average number of chicks per nest (2) by the number of chick nests w/o adult.  This will be a low estimate. || Oil visible. Chicks estimated not by dotting, but by multiplying the average number of chicks per nest (2) by the number of chick nests w/o adult.  This will be a low estimate. || Oil visible. Chicks estimated not by dotting, but by multiplying the average number of chicks per nest (2) by the number of chick nests w/o adult.  This will be a low estimate. || Oil visible. Chicks estimated not by dotting, but by multiplying the average number of chicks per nest (2) by the number of chick nests w/o adult.  This will be a low estimate. || WHIB present, not dotted. Chicks estimated not by dotting, but by multiplying the average number of chicks per nest (2) by the number of chick nests w/o adult.  This will be a low estimate. || WHIB present, not dotted. Chicks estimated not by dotting, but by multiplying the average number of chicks per nest (2) by the number of chick nests w/o adult.  This will be a low estimate. || Chicks estimated not by dotting, but by multiplying the average number of chicks per nest (2) by the number of chick nests w/o adult.  This will be a low estimate. || Chicks estimated not by dotting, but by multiplying the average number of chicks per nest (2) by the number of chick nests w/o adult.  This will be a low estimate. || Oil visible. Chicks estimated not by dotting, but by multiplying the average number of chicks per nest (2) by the number of chick nests w/o adult.  This will be a low estimate. || Oil visible. Chicks estimated not by dotting, but by multiplying the average number of chicks per nest (2) by the number of chick nests w/o adult.  This will be a low estimate. || WHIB present, not dotted. Chicks estimated not by dotting, but by multiplying the average number of chicks per nest (2) by the number of chick nests w/o adult.  This will be a low estimate. || WHIB present, not dotted. Chicks estimated not by dotting, but by multiplying the average number of chicks per nest (2) by the number of chick nests w/o adult.  This will be a low estimate. || WHIB present, not dotted. Chicks estimated not by dotting, but by multiplying the average number of chicks per nest (2) by the number of chick nests w/o adult.  This will be a low estimate. || WHIB present, not dotted. Chicks estimated not by dotting, but by multiplying the average number of chicks per nest (2) by the number of chick nests w/o adult.  This will be a low estimate. || WHIB present, not dotted. Chicks estimated not by dotting, but by multiplying the average number of chicks per nest (2) by the number of chick nests w/o adult.  This will be a low estimate. || Chicks estimated not by dotting, but by multiplying the average number of chicks per nest (2) by the number of chick nests w/o adult.  This will be a low estimate. || roost only || appears that some birds may still be ""setting up"" sites || appears that some birds may still be ""setting up"" sites || small chicks observed || roost only || roost only || roost only || this portion of island innundated with water",163,30.1376,-89.4352
Biloxi South 7,5,"[2010, 2011, 2012, 2013]",[],[],"['marsh/grass island', 'small grassy-marsh island with beach', 'Tiny sand protrusion.']",['AMOY'],{'N': 4},"most FOTE sitting tight; egg-laying likely had begun; coverage good || FOTE and some BLSK apparently in incubation posture, but many BLSK just standing; small numbers (<100) of roosting birds of other spp. not counted || inspected but not photographed, so presumably BLSK and possibly FOTE failed || 100% of colony photographed and analyzed; no nesting species present; see Imgs 993-995, camera 2, card 2; no screen capture made. || no other birds seen",5,29.6055,-89.5887
Biloxi South 10 B,46,"[2010, 2011, 2012, 2013, 2015, 2018, 2021]",[],[],"['Marsh island with beaches', 'Beach, grassy', 'marsh island with beaches', 'Grasses, shrubs, shell-littered beach.', 'Flooded grasses, shrubs, shell-littered beach.', 'Grasses, bare ground, dead shrubs, shrubs, beach.']","['TRHE', 'BRPE', 'AWPE', 'WHIB', 'ROYT', 'LAGU', 'BCNH', 'SNEG']",{'N': 27},"eggs seen in several GREG and ROSP nests in shrubs; coverage complete for them, but likely low for TRHE || Colony in incubation stage, 5 sites spread out - 100% coverage || Single bird standing on beach || Single bird standing on beach near BRPE || Single bird standing on beach near vegetation || Birds standing on shore/in water; not nesting || Colony in incubation stage - 100% coverage || No nests. Small grassy island. || Just a small group around a shrub patch || June counted given BRPE; LAGU, FOTE seemed to be pre egg-laying in May also || 100% of colony analyzed and counted. || LAGU observed sitting low on sites. || TRHE observed sitting low on sites; no chicks observed. || WHIB observed sitting low on sites and in brooding posture; no chicks observed; birds apprear to be actively building nests based behavior and the larger number of birds at the active colony compared to the number of ""well built nests"" || BCNH observed sitting low on sites; no chicks observed. || Colony photos visually assessed; WHIB colony had not yet formed by May 2011 survey; June survey used for analysis. || Approx. 90% of colony analyzed and counted; terrestrial habitat dry with no signs of water inundation. No WHIB nesting in 2012. || LAGU sitting low on sites; no chicks observed. || BRPE sitting low on WBN and PBN; still actively building in numbers; many pairs on colony setting up, building nests; no chicks observed. || TRHE sitting low on sites; no chicks observed. || Colony photos visually assessed; island was ~90% inundated with water, with only BRPE nests built in shrubs still active; approx. 1/3 of all BRPE nests flooded and abandoned, especially PBN built on ground; ~98% of all LAGU nests flooded and abandoned. || 100% of colony analyzed and counted; four ""large dead fish"" observed in photos, circled and labeled in screen captures. || LAGU observed sitting on sites; no chicks observed. || TRHE observed sitting on site; no chicks observed. || SNEG observed sitting on site; no chicks observed. || BRPE observed sitting on WBN and PBN; no chicks observed. 1 BRPE IMM PBN observed in area 4. || Colony photos visually assessed; Approximately half of BRPE sites abandoned by June survey; LAGU showed no obvious signs of abandonment. || LAGU sitting low on sites. || TRHE sitting low on sites. || WHIB sitting on sites, most in brooding posture; appear to be actively building in nest numbers based on adults present, their posture, and the lack of ""well built nests."" || BCNH appear to be sitting low on sites. || LAGU sitting low on sites. || BRPE appear to be building nests; many PBN and birds in splayed-out brooding posture. || 6 BRPE WBN + 4 Birds added to this Area from Img 115, camera 2 card 1. || 4 LAGU Sites + 4 Birds added to this Area from Img 094, camera 2 card 1. || LAGU sitting on sites. || BRPE sitting on WBN & PBN; no chicks observed; 12 birds added to this area from Img 166, camera 2 card 2. || 1 LAGU copulation observed. || 1 BRPE IMM PBN included in the PBN count. || 1 LAGU site added to this area from Img 220, camera 2 card 2. || SNEG sitting on site. || Single bird on beach || Single bird on beach || Single bird on beach, near veg || Birds on beach/in water || Included with group of ROYTs on beach",46,29.5291,-89.5507
Biloxi South 10 C,33,"[2010, 2011, 2012, 2013, 2015, 2018, 2021]",[],[],"['marsh/grass island', 'Grassy, mostly underwater', 'Beach, grassy', 'marsh island with beaches', 'Grasses, arundo patch, shrubs.', 'Flooded grasses, arundo patch, shrubs.', 'Grasses, bare ground, few shrubs.']","['LAGU', 'CATE', 'FOTE', 'GBTE', 'TRHE', 'WHIB', 'BRPE', 'ULGU']",{'N': 20},"most GREG w. small chicks; coverage excellent || No birds present; most of island underwater with no land visible || 10% coverage; small grassy island. Approximately half the LAGU observed in incubation stage. || 10% coverage; small grassy island. One individual nesting; incubation posture. || 10% coverage; small grassy island. Several individuals roosting, no indication of nesting. || 10% coverage; small grassy island. Large group of GBTE in incubation posture on open, sandy substrate; mixed with BLSK. Note: no BLSK dotted in May, no photos for 10-C in June. || No Nests; just about 20 roosting LAGU; No Nests in May either; this is the northernmost island in BS10 || 100% of colony analyzed and counted; terrestrial habitat dry with no signs of water inundation. || LAGU observed sitting low on sites, and with 1/4-1/2 grown chicks. || TRHE observed sitting low on sites, and with 1/3-1/2 grown chicks. || WHIB observed sitting low on sites; few 2/3 grown chicks present. || Colony photos visually assessed; WHIB still building nest sites, standing in groups; similar numbers of LAGU sites compared to June survey, therefore June survey used for analysis. || 100% of colony analyzed and counted; terrestrial habitat dry with no signs of water inundation. || LAGU sitting low on sites; no chicks observed. || BRPE observed sitting low on WBN, only few PBN, also with 3-5 week old chicks. || TRHE observed sitting low on sites. || Colony photos visually assessed; 95% of island inundated by water; approx. 60-70% of BRPE nests flooded and abandoned, remaining nests with chicks 6-9 weeks old; approx. 95% of LAGU sites flooded and abandoned, 1/3-1/2 grown chicks observed. || 100% of colony analyzed and counted. 3 ""large dead fishes"" observed and marked in screen captures. || LAGU observed sitting on sites; no chicks observed. || Colony photos visually assessed; photo coverage poor compared to May survey. || large w. dark mantle; Kelp? Lesser Black-backed? || large w. dark mantle; Kelp? Lesser Black-backed? || dotted as ""birds"" || LAGU chick observed to be 1/4-1/3 grown. || LAGU chicks observed to be 1/3 grown. || LAGU chicks observed to be 1/3-1/2 grown. || WHIB sitting low on sites. || TRHE chicks 1/3-1/2 grown. || WHIB chicks 2/3 grown; one dead WHIB Bird observed, circled and labeled in screen capture. || LAGU sitting low on sites. || 10 LAGU Birds added to this Area from Img 380, camera 1 card 5. || LAGU sitting low on sites. || BRPE sitting on WBN, also with 3-5 weeks old chicks.",33,29.5334,-89.556
Ship Island East,2,"[2010, 2015]",[],[],[],['LAGU'],{'N': 1},small barrier island east of Ship Island south of Gulfport; coverage 100% || Changed ColonName from Ship I to Ship I East for Areas 16-19 [PJC 8/31/22]; roosting birds at W end of East Island,2,30.2382,-88.8867
Horn Island,20,"[2010, 2015, 2021]",[],[],"['mostly sand island', 'sandspit']","['BRPE', 'LAGU', 'SATE', 'BLSK', 'ROYT', 'GBTE', 'HERG']",{'N': 9},"boom present; empty BLSK scrapes indicate recent colony formation, not abandoned nests; skimmers and terns can make multiple scrapes in pairing up || sandpsit at east end of Horn Island || Roosting on shoreline, not breeding. || Roosting on shoreline, not breeding || Roosting on shoreline, not breeding || BLSK pairs setting up in May but gone by June and did not breed. BLSK in May mainly birds and territorial birds, but no sites were present. || Roosting on shoreline, not breeding. || Roosting on shoreline, not breeding. || roosting birds only, including a second-year Herring Gull; surveyed but not photographed in June; SLF27 2010 location that had BLSK/GBTE sites || very east end of Horn Island || very east end of Horn Island || west end of the island || west end of the island || west end of the island || west end of the island || west end of the island || west end of the island || west end of the island || west end of the island || second-year (first winter) bird",20,30.2286,-88.63735000000001
Biloxi South 5 B,143,"[2010, 2011, 2012, 2013, 2015, 2018, 2021]",[],[],"['marsh/grass island', 'Grassy, small beach and wrack lines, some shrubs.', 'grassy', 'marsh island', 'Grasses, bare ground, exposed beach.']","['AMOY', 'AWPE', 'BCNH', 'BRPE', 'GREG', 'HERG', 'LAGU', 'REEG', 'ROSP', 'SNEG', 'TRHE', 'WHIB', 'ROYT', 'BLSK', 'WHEG']",{'N': 53},"LAGU coverage prob ~80%; wader coverage representative - very few present || LAGU on sites in May.  BRPE standing around but not nesting.  Coverage is about 99% complete. || Coverage of pelicans and waders complete. BRPE on WBN and PBN, colony still building; eggs seen under birds on WBN.  LAGU with YY and on sites, but vegetation much higher and more difficult to count. Waders all on sites in incubation posture. || no evidence of nesting || no evidence of nesting || a few incubators || eggs || eggs || one subadult standing on beach || incubators and a couple of bird standing with wings slightly spread as if sheltering nestlings || one incubator || foraging || incubators || incubators || no evidence of nesting || complete coverage achieved; used Cam2 photos and confirmed sites by viewing Cam1 photos || complete coverage achieved; used Cam2 photos and confirmed sites by viewing Cam1 photos || just roosting birds; no signs of breeding || just a couple sites || small number of sites || small number of sites || chicks seen in photos; productions appears that it will be good || a few sites; looks like incubation still happening OR with small chicks || only roosting birds || still in incubating posture || still in incubating posture || in brooding posture; small black chicks can be seen in some of the nests; productivity appears like it will be good || complete coverage; used Cam2 photos and confirmed with Cam1 photos when available || complete coverage; used Cam2 photos and confirmed with Cam1 photos when available || roosting birds only; no signs of breeding || just a few sites; complete coverage || small number of sites || a few sites spotted; may be more sites ""under"" vegetation || island innundated with water; LAGU seemed to have good productivity esp. on wrack lines; interior sites where more water occurs may not have been as productive || a few sites seen with chicks; productivity seems like it would be good; photos not used for population estimates || only roosting birds || only one site seen with chicks; others may not have been productive? || most sites have chicks; several have large chicks but not wandering; productivity seems good || one site seen with chicks; didn't spend a lot of time looking for other sites and chicks || only roosting birds seen || BRPE birds present on island in May, paired up but not on sites. By June, BRPE on well established sites. 100% coverage. || Small colony in May is still there in June; More abundant GREG sites in June than in May; 100% coverage. || BLSK roosting birds in May on beach of island but are completely absent in June. 100% coverage. || LAGU birds are paired up in May and very scattered throughout island; by June, LAGU breeding colony established (clear sites), and sites are established mostly on beach areas of island with some in grass. 100% coverage || AWPE birds roosting in May, gone in June. 100% coverage. || 100% of colony photographed, analyzed, and counted; All species except BRPE counted from May survey photos. || LAGU observed sitting on sites; no chicks observed; some birds still building sites. || TRHE observed on sites in brooding posture; no chicks observed. || WHEG observed on sites in broodin posture; no chicks observed. || BCNH observed sitting on sites; no chicks observed. || SNEG observed on sites in brooding posture; no chicks observed. || Approximately 98% of BRPE nests photographed; Only BRPE analyzed from June survey. || BRPE observed sitting on WBN and PBN; no chicks observed; nesting numbers increased from May survey; Immature BRPE observed sitting on nests (see screen captures), ratio of Imm:AD on nests = 5:135. || used Cam1 photos to confirm unclear sites - || used Cam1 photos to confirm unclear sites - || used Cam1 photos to confirm unclear sites - || used Cam1 photos to confirm unclear sites - || used Cam1 photos to confirm unclear sites - || used Cam1 photos to confirm unclear sites - || used Cam1 photos to confirm unclear sites - || used Cam1 photos to confirm unclear sites - || used Cam1 photos to confirm unclear sites - || used Cam1 photos to confirm unclear sites - || used Cam1 photos to confirm unclear sites - || used Cam1 photos to confirm unclear sites - || used Cam1 photos to confirm unclear sites - || used Cam1 photos to confirm unclear sites - || used Cam1 photos to confirm unclear sites - || used Cam1 photos to confirm unclear sites - || used Cam1 photos to confirm unclear sites - || used Cam1 photos to confirm unclear sites - || used Cam1 photos to confirm unclear sites - || used Cam1 photos to confirm unclear sites - || used Cam1 photos to confirm unclear sites - || used Cam1 photos to confirm unclear sites - || used Cam1 photos to confirm unclear sites - || used Cam1 photos to confirm unclear sites - || used Cam1 photos to confirm unclear sites - || used Cam1 photos to confirm unclear sites - || used Cam1 photos to confirm unclear sites - || used Cam1 photos to confirm unclear sites - || used Cam1 photos to confirm unclear sites - || used Cam1 photos to confirm unclear sites - || used Cam1 photos to confirm unclear sites - || used Cam1 photos to confirm unclear sites - || used Cam1 photos to confirm unclear sites - || used Cam1 photos to confirm unclear sites - || used Cam1 photos to confirm unclear sites - || used Cam1 photos to confirm unclear sites - || used Cam1 photos to confirm unclear sites - || used Cam1 photos to confirm unclear sites - || used Cam1 photos to confirm unclear sites - || used Cam1 photos to confirm unclear sites - || used Cam1 photos to confirm unclear sites - || used Cam1 photos to confirm unclear sites - || used Cam1 photos to confirm unclear sites - || used Cam1 photos to confirm unclear sites - || used Cam1 photos to confirm unclear sites - || used Cam1 photos to confirm unclear sites - || used Cam1 photos to confirm unclear sites -",143,29.6521,-89.4577
Belle Isle,90,"[2010, 2011, 2012, 2013, 2015, 2018, 2021]",[],[],"['marsh/grass island', 'Fragmented marsh island with beaches', 'Beach, grassy, marsh, shrubs', '90% herbaceous, 5% scrub 5% wrack', 'Grasses, isolated shrubs, bare ground, beach.', 'Flooded grasses, isolated shrubs, open water.']","['LAGU', 'AMOY', 'BRPE', 'TRHE', 'GREG', 'SNEG', 'WHIB', 'ROSP', 'BCNH', 'FOTE', 'ROYT', 'AMWE', 'LBHE', 'AWPE']",{'N': 68},"coverage of breeding areas good, though actual island surface area photographed prob <50% || 18 total abandoned nests on two islands; 30+ seen just slightly off nests with eggs visible - 100% coverage || Single bird nesting on beach || Most in incubating stage on WBNs. 2 juveniles observed w/ adult, 2 observed w/o adult present - 100% coverage || Incubating, some slightly off nest showed eggs visible - 100% coverage || Incubating - 100% coverage || Incubating - 100% coverage || Incubating, big groups mixed in with ROSP and BCNH most of the time - 100% coverage || Incubating, some eggs visible, ~85% of nests had both adults at nest or second adult close by - 100% coverage || Incubating - 100% coverage || 2 birds on beach w/ ROYT, not nesting || 2 birds on beach w/ FOTE, not nesting || Single bird on shore with BRPE || 95% coverage. Large colony. Over half individuals in incubation posture. Highest concentrations nesting along wrack line, periphery of island, and edge habitat. || 95% coverage. Large colony. Interspersed and primarily solitary TRHE in the interior of island. Incubation posture. Nest in close proximity to WHIB. || 95% coverage. Sparse and solitary SNEG nesters in incubation posture. || 95% coverage. Large colony. Majority FOTE in incubation posture, nesting on wrack lines exclusively. || 95% coverage. Large colony. WHIB in incubation posture, interspersed with TRHE and BRPE nests. Higher concentrations adjacent to interior water features. Nests with fledged chicks on the WSW side of the island. || 95% coverage. Presence only; no nesting. One individual in marsh. || 95% coverage. Nesting in open grassy habitat, close proximity to TRHE and WHIB. Nests with large chicks on the southwest peninsula. || 95% coverage. Few ROSP nests in open, grassy habitat. || 95% coverage. Small number of BCNH nests, relative to other species on the island. Incubation posture. BCNH in dense, shrubby habitat. || 95% coverage. Scattered GREG nests in shrubby, dense habitat. One larger group with chicks on the southwest peninsula. || one belly down individual || nesting in shrubs || No evidence of productivity. many nesting on extensive wrack in center of east island || nesting in shrubs. Eggs and nestlings. || minor amount of fuzzy fledglings in June. nesting extensively on east island but clustered only on east side of west island || No evidence of productivity || eggs || eggs and nestlings || fledged nestlings in May but many still incubating in June. || couple of new areas on west island in June || i tallied all June birds again. || early incubation; most birds on nests accompanied by second adult || early incubation || early incubation || early incubation || most with chicks < 10 days old; some apparently still incubating, probably started after May survey || most with chicks < 10 days old || most with chicks < 10 days old || most with chicks < 10 days old || number of sites substantially higher than in 2011 || number of sites substantially lower than in 2011 || number of sites similar to 2011 || number of sites somewhat higher than in 2011 || most with chicks 7-14 days old; localized flooding probably affected some sites, but overall productivity looks decent || number of sites substantially higher than in 2011 || No breeders evident || Roughly 80% of island photographed, analyzed, and counted, based on Google Earth image. An irridescent sheen observed on a patch of open water within island, see Area 14, Img 204, camera 2 card 1. || LAGU observed sitting low on sites; no chicks observed. || TRHE observed sitting low on sites; no chicks observed. || SNEG observed sitting low on sites; no chicks observed. || WHIB observed sitting low on sites, or building nests; no chicks observed. || FOTE observed sitting low on sites; no chicks observed. || BCNH observed sitting low on sites; no chicks observed. || Colony photos visually assessed; Majority of island was observed to be inundated with water, including previously active nesting areas; roughly half of LAGU sites abandoned, although those remaining had 1/3-1/2 grown chicks; TRHE with 1/3-1/2 grown chicks || early to mid incubation; nests distributed among several microhabitats across entire area, with a few areas of high concentration || early to mid incubation; nests restricted to wrack lines and similar microhabitats. || early to mid incubation || early to mid incubation || early to mid incubation || early to mid incubation || similar numbers to May; no chicks evident || Fewer nests than in May; no chicks evident || similar numbers to May; no chicks evident || similar numbers to May; a few nests with chicks || similar numbers to May; no chicks evident || incomplete; small # of FOTE missed; OVs no help || includes 2 sites from photo 351 || includes 10 sites from photo 351 || 22 additional LAGU sites added to this count from Img 445, camera 1 card 1; not included in screen capture. || WHIB sitting low on sites. 1 additional WHIB site added to this count from Img 445, camera 1 card 1; not included in screen capture. || FOTE sitting low on sites. || WHIB still building sites as evident by their behavior/posture. || Likely FOTE based on size and habitat occupied. [Changed to FOTE; PJC 24 Oct. 22] || Likely FOTE based on size and habitat occupied. [Changed to FOTE; PJC 24 Oct. 22] || Likely FOTE based on size and habitat occupied. [Changed to FOTE; PJC 24 Oct. 22] || Likely FOTE based on size and habitat occupied. [Changed to FOTE; PJC 24 Oct. 22] || Likely FOTE based on size and habitat occupied. [Changed to FOTE; PJC 24 Oct. 22] || Likely FOTE based on size and habitat occupied. [Changed to FOTE; PJC 24 Oct. 22] || Likely FOTE based on size and habitat occupied. [Changed to FOTE; PJC 24 Oct. 22] || Likely FOTE based on size and habitat occupied. [Changed to FOTE; PJC 24 Oct. 22] || Only AMOY observed on Belle Isle || Single bird on shore, not nesting || One chick present at nest with adult || On shore with FOTE || On shore with ROYT || One juvenile w/o adult || 12 originally entered in Sites; corrected by PJC",90,29.5758,-89.5727
Bay Ronquille Northwest Island,39,"[2010, 2011, 2012, 2013, 2015]",[],[],"['marsh/grass island', 'Grasses, shrubs.', 'Grasses, shrubs, bare ground, open shallow water.', 'marsh, beach']","['LAGU', 'TRHE', 'BRPE', 'BCNH', 'LIBH', 'WHIB', 'BRPE, LAGU', 'LBHE', 'UNSB']",{'N': 18},"one dead LAGU belly-up in image 0695; covergae not 100%, but good for all spp. present || LAGU all sitting low on sites. || TRHE with eggs or 1/4-2/3 grown chicks. || BRPE all sitting low on nests, observed with eggs. || BCNH with 2/3-7/8 grown chicks. || LIBH with very small to 1/4 grown chicks. || LAGU all sitting low on sites. || BRPE sitting on well built nests and with 4-6 week old chicks. || TRHE sitting low on sites. || WHIB sitting low on sites. || 99% of colony analyzed and counted. || 100% of colony analyzed and counted. || just 1/2 a dozen or so chicks; most nests likely flooded || Island coverage complete; nests in incubation stage; some other territories, but little dry habitat available || BRPE sitting tight; colony similar in size and distribution to May || all breeding spp. still active, but much flooding likely impacted all spp. || grassy vegetation likely much reduced compared to prior years; central part of island bare and wet; photo coverage excellent; very few nests || only roosting LAGU and BRPE seen, though photo coverage incomplete of where nests in May were; clearly no new additional nesting though since May || incl 12S 26birds from 716, 717 || incl 6S from 716, 717 || BRPE WBN observed with eggs. || LIBH Chicks observed as very small in site. || BCNH Chicks observed to be 2/3-7/8 grown. || TRHE Sites seen with 1/3-2/3 grown chicks as well as others with eggs. || 1 BRPE added to this area from Img 228, camera 1 card 4 || 7 LAGU added to this area from Img 228, camera 1 card 4 || 10 LAGU Birds added to this area from Img 105, camera 2 card 4 || 12 LAGU Birds added to this area from Img 524, camera 1 card 2. || 2 BRPE Birds added to this area from Img 545, camera 1 card 2. || TRHE Sites observed with eggs and one Site with 1/2 grown YY. || BRPE YY observed as full grown. || TRHE YY observed as 1/4-1/2 grown. || Very small LIBH YY observed, but couldn't be counted. || BRPE YY observed to be <= 5weeks old. || 7 LAGU Sites and 4 Birds added to this area from Img 588, camera 1 card 2. || BRPE YY observed as 4-5 weeks old. || 3 BRPE Birds added to this area from Img 083, camera 2 card 2 || 3 LAGU Birds added to this area from Img 083, camera 2 card 2 || 2 BRNO dotted; changed to 1 UNSB (likely RUTU) and the other likely trash [PJC 24 Oct 22]",39,29.3631,-89.85340000000001
Dauphin Island 1,4,"[2010, 2021]",[],[],[],"['BRPE', 'ROYT']",{'N': 4},"Barrier spit west of Dauphin I; West End || a few roosting birds; island mostly under water. Only Cam 2 photos. || a few roosting birds; island mostly under water. Only Cam 2 photos. || Roosting LAGU, BRPE, and SATE in Camera 1 images; Cam 2 photos have better coverage of island, although not many birds or sites other than the ones depicte din Cam 1. A couple people walking on edge of beach.",4,30.2289,-88.3269
Dauphin Island 2,7,"[2010, 2012, 2021]",[],[],[],"['ROYT', 'LAGU', 'SATE', 'BRPE', 'BLSK']",{'N': 7},"Barrier spit west of Dauphin I; Middle || Both Cam 1 and Cam 2 photos taken. Roosting ROYT, LAGU, SATE, BRPE birds. || Both Cam 1 and Cam 2 photos taken. Roosting ROYT, LAGU, SATE, BRPE birds. || Both Cam 1 and Cam 2 photos taken. Roosting ROYT, LAGU, SATE, BRPE birds. || Both Cam 1 and Cam 2 photos taken. Roosting ROYT, LAGU, SATE, BRPE birds. || No birds; sand and vegetation. Only Cam 2 images. || small numbers, mostly standing; not photgraphed in June, so likely no productivity",7,30.2274,-88.3173
Dauphin Island 3,3,"[2010, 2021]",[],[],[],['ROYT'],{'N': 3},Barrier spit west of Dauphin I; East End || Roosting birds along with BRPE roosting on shoreline. || No birds. Only Cam 2 images.,3,30.2367,-88.2661
Cedar Island,1,[2010],[],[],[],[],{'N': 1},"Sandspit roost, north side of Cedar Island",1,30.2791,-88.1193
Cat Island,82,"[2010, 2011, 2012, 2013, 2015, 2021]",[],[],"['sandy beaches; thick shrubs in middle', 'sand bar with vegetation', 'Complex shrub canopy, sand beach, grasses.', 'shrub island']","['BRPE', 'ROYT/BLSK', 'SATE/GBTE', 'TRHE', 'SNEG', 'WHEG', 'CAEG', 'BCNH', 'GREG', 'WHIB', 'DAIB', 'REEG', 'BLSK', 'USTE', 'ROYT', 'CATE', 'LBHE']",{'N': 30},"TRHE detectability less than at marsh/grass islands; WHEG may include Cattle || Former colony roosting on island. || Excellent coverage. Some nest abandonment by June; likely nest failure. || Excellent coverage. Only a few birds/nests on the island. || Approx. 99% of island analyzed and counted; complex shrub canopy made bird identification and counting challenging; see species notes on DAIB and WHIB, standard method used for reassigning DAIB to WHIB Chicks; see species accounts below. || BRPE observed sitting on WBN, most sites with 2-5 week old chicks. || TRHE observed sitting on sites; chicks not identified but could be present. || SNEG observed sitting on sites; chicks not identified but could be present. || WHEG observed sitting on sites; chicks not identified but could be present. || CAEG observed sitting low on sites; chicks not identified but could be present. || BCNH observed sitting on sites; chicks not identified but could be present. || GREG observed with 1/4 to 2/3 grown chicks at nest sites; also sitting low on sites. || Few WHIB observed sitting low on sites, many standing above well built nests;chicks large and mobile; Due to uncertainty in DAIB id., DAIB Birds and Sites added to WHIB Chicks; Broods conservatively calculated by dividing DAIB birds and sites by 3. || DAIB misclassified; Initially uncertain of ID due to all-brown appearance; Based on abundance of active nesting WHIB, early nesting phenology in 2012, presence of ""DAIB"" in active colony WHIB site, and lack of adult plumage dark ibis species, continued... || Approx. 99% of colony analyzed and counted; complex shrub canopy made bird identification and counting challenging; see species notes on DAIB and WHIB, but presumably most if not all DAIB were in fact WHIB chicks. || WHIB observed sitting on sites, but mostly standing above sites with large mobile chicks; chicks observed to be 2/3 to full grown; Initially misclassified DAIB Birds added to WHIB Chick category; see DAIB record. || TRHE observed on sites, and with 2/3 grown chicks. || SNEG observed sitting on sites, and with 2/3 grown chicks. || GREG observed sitting on sites, and with 1/2-2/3 grown chicks. || CAEG observed sitting low on sites; no chicks observed. || BCNH observed sitting on sites; no chicks observed. || DAIB misclassified; Initially uncertain of ID due to all-brown appearance; Based on abundance of active nesting WHIB, early nesting phenology in 2012, presence of ""DAIB"" in active colony WHIB site, and lack of adult plumage dark ibis species, continued... || phenology at all stages, a very few birds on eggs, most sites have chicks being brooded; lots of larger wandering chicks as well; very good coverage || small group of BRPE; appear to be on eggs only a couple of nests with eggs visible || cattle egret throughout the island; most still on sites || a decent sized GREG group; birds on eggs and large chicks but chicks do not appear to be wondering; good coverage || small numbers mixed in with WHIB and other waders || a very small group nesting together within the WHIB and egrets || throughout the island; some appear to have made sites in the shrubs? || a few birds along the sandy beaches; they do not appear to be nesting || Record of DAIB Birds added here to WHIB Chicks as they were misclassified; screen capture does not reflect this change. Number of DAIB birds added here was divided by three for conservative estimate of number of broods present. || Record of DAIB Birds added here to WHIB Chicks as they were misclassified; screen capture does not reflect this change. Number of DAIB birds added here was divided by three for conservative estimate of number of broods present. || BRPE on WBN and with 2-4 week old chicks. || GREG chicks approx. 2/3 grown. || WHIB chicks full grown and wandering from nest sites; Record of DAIB Birds and Sites added here to WHIB Chicks as they were misclassified; screen capture does not reflect this change; very likely underestimated. || BRPE chicks 2-5 weeks old. || GREG chicks 1/4 to 2/3 grown. || Record of DAIB Birds added here to WHIB Chicks as they were misclassified; screen capture does not reflect this change; very likely underestimated. || Record of DAIB Birds added here to WHIB Chicks as they were misclassified; screen capture does not reflect this change; very likely underestimated. || 1 BLSK site + 1 bird added to this Area from Img 291, camera 1 card 2. || TRHE chicks 2/3 grown. || WHIB chicks 1/4 to 2/3 grown; Record of DAIB Birds added here to WHIB Chicks as they were misclassified; screen capture does not reflect this change; very likely underestimated. || SNEG chicks 1/2 to 2/3 grown. || GREG chicks 1/2 to 2/3 grown. || CAEG sitting on sites. || Record of DAIB Birds added here to WHIB Chicks as they were misclassified; screen capture does not reflect this change. Number of DAIB birds added here was divided by three for conservative estimate of number of broods present. || Record of DAIB Birds added here to WHIB Chicks as they were misclassified; screen capture does not reflect this change. Number of DAIB birds added here was divided by three for conservative estimate of number of broods present. || Record of DAIB Birds added here to WHIB Chicks as they were misclassified; screen capture does not reflect this change. Number of DAIB birds added here was divided by three for conservative estimate of number of broods present. || WHIB chicks more easily identifiable with distinguishing white rump and underside visible; brood number calculated conservatively by dividing the number of chicks by 3. || A WHIB brood was assigned to every three chicks to be conservative in the number of nest attempts. || No screen capture taken. || Record of DAIB Birds added here to WHIB Chicks as they were misclassified; screen capture does not reflect this change. Number of DAIB birds added here was divided by three for conservative estimate of number of broods present. || roost || roost ||   ||   ||   ||   ||   ||   ||   ||   ||   ||   ||   ||   ||   ||   ||   ||   ||   ||   ||   ||   ||   ||   ||   ||   ||   ||   ||   ||  ",82,30.3207,-88.2099
Terrapin Island,105,"[2010, 2011, 2012, 2013, 2015, 2021]",[],[],"['Shrubs, herbaceous, sandy beach']","['CAEG', 'TRHE', 'GREG', 'REEG', 'WHIB', 'SNEG', 'BCNH', 'BLSK', 'GBTE', 'SATE', 'CATE', 'ROYT', 'BRPE', 'LBHE', 'LAGU', 'YCNH', 'AMOY', 'LETE']",{'N': 34},"large marsh island, w. only a small portion photographed; rest of island presumably empty? also named Isle Aux Herbes || CAEG sites more well defined in May, CAEG chicks at same sites as May seen in June, but not as many sites. || TRHE sites active both months. || GREG sites more well defined in May , many adults with chicks in May, and in June sites are  with grown chicks. || One site in May that is not there in June. || More WHIB chicks roaming in June; dotted in May because sites are more well-defined. || White waders all dotted in May because more hatched chicks and abandoned nests in June. || BCNH in May; but not in June. || BLSK sites dotted in June because less breeding sites in May and mostly in pairs in May. || GBTE dotted in June because more sites than in May. || Formed by June. || Few sites in May, but more established sites in June than in May. || Not many ROYT in May, but ROYT in June were all roosting birds on shoreline. || BRPE present in May and June, but were roosting birds on shoreline for both months, non-breeding. || High abundance evenly distributed in tall shrubs.  Some chicks observed; reproductive success. || Moderate abundance scattered among CAEG in tall shrubs.  Incubation posture; no chicks observed. || No chicks visible.  || Incubation posture; no chicks visible.  || Incubation posture; no chicks visible.  || Incubation posture; no chicks visible.  || Chicks visible; reproductive success.  Distributed in tall shrubs with WHIB and SNEG. || No nesting behaviors observed. || One individual in incubation posture among CAEG. || June only.  Evenly distributed nests on open sandy beach; few chicks visible; reproductive success. || June only.  Evenly distributed nests on open sandy beach among BLSK.  Incubation posture, no chicks visible. || June only.  Roosting only.  No nesting behaviors observed. || June only.  Roosting only.  No nesting behaviors observed. || June only.  Nests scattered smong sparse vegetation on beach.  Incubation posture; no chicks visible.  || Mostly a nesting CAEG colony, with some WHIB, etc. || Area with nesting CAEGs. More CAEGs this year compared to 2011. It is possible that a small % of SNEGs were overlooked and possibly dotted as CAEGs mostly || due to photo quality. CAEG colony was dotted from 29 May 2012 photos. Some CAEGs with chicks, one GREG attending eggs and another with sm. Nestlings || Photos dotted 18 June 2012 captured nesting BLSKs and some GBTEs. || Nesting CATE's not observed in May photos. || Colony discovered on beach, not seen/photographed in previous years. Beach area where birds were nesting not photographed in 2011. || dotted as UNTE and fixed here || Additions from photos 1077 included here. || In June, WHIB chicks are numerous and foraging away from nest. ||   ||   ||   ||   ||   ||   ||   ||   ||   ||   ||   ||   ||   ||   ||   ||   ||   ||   ||   ||   ||   ||   ||   ||   ||   ||   ||   ||   ||   ||   ||   ||   ||   ||   ||   ||   ||   ||   ||   ||   ||   ||   ||   ||   ||   ||   ||   ||   ||   ||   ||   ||   ||   ||   ||   ||   ||   ||   ||   ||   ||   ||   ||  ",105,30.335,-88.2619
Mississippi Coast 1,1,[2010],[],[],['sandbar'],[],{'N': 1},sandbar,1,30.3454,-88.4083
Old Round Island,3,"[2010, 2021]",[],[],['island with grass & trees'],"['OSPR', 'GBHE']",{'N': 3},"boom present (Camera 2) || No nest sites, foraging bird only. || Complete coverage. Large chicks and a couple empty nests.",3,30.297,-88.588
Mississippi Coast 2,1,[2010],[],[],[],[],{'N': 1},sandbar,1,30.3524,-88.5882
Beauvoir,24,"[2010, 2011, 2012, 2013, 2015, 2021]",[],[],"['Mainland beach', 'Sand beach with small sparce grasses.']","['LETE', 'BLSK']",{'N': 11},"mainland beach, west Biloxi || Colony of LETE established by June, but not in May. May consisted of some ROYT, BRPE, and BLSK roosting birds near shoreline that were not there in June. No LETE in May, but abundant LETE sites in June. || No birds; just two photos on 18 May and none in June || distibution similar to June's, but birds mostly in pairs, some only standing, and some flushed || many birds in flight, but few if any sitting, in contrast to June || BLSK sitting on sites and in brooding posture, few chicks observed to be small and downy. || LETE on sites; proportion of birds on sites was estimated from total birds observed; either half, two-thirds, three-quarters, or all birds observed depending on posture, density, and proximity to water (birds further from water more likely on sites). || Unknown proportion of colony was photographed, analyzed, and counted; presumably upwards of 90% if colony does not extend too far beyond where photos begin. || Most birds at this colony in incubating position; no chicks seen; only ""sites"" dotted. || just a few BLSK present; LETE present in good #s; June counted || BLSK = 100% coverage; LETE coverage incidental, but likely at least 50% and possibly more like 70-80% coverage || Site count obtained from estimated proportion of birds on sites, based on visual observation of photo and bird behavior. || Site count obtained from estimated proportion of birds on sites, based on visual observation of photo and bird behavior. || Site count obtained from estimated proportion of birds on sites, based on visual observation of photo and bird behavior. || Site count obtained from estimated proportion of birds on sites, based on visual observation of photo and bird behavior. || Site count obtained from estimated proportion of birds on sites, based on visual observation of photo and bird behavior. || Site count obtained from estimated proportion of birds on sites, based on visual observation of photo and bird behavior. || BLSK Chicks observed to be small and downy. || Site count obtained from estimated proportion of birds on sites, based on visual observation of photo and bird behavior. || Site count obtained from estimated proportion of birds on sites, based on visual observation of photo and bird behavior. || Site count obtained from estimated proportion of birds on sites, based on visual observation of photo and bird behavior. || Site count obtained from estimated proportion of birds on sites, based on visual observation of photo and bird behavior. || Site count obtained from estimated proportion of birds on sites, based on visual observation of photo and bird behavior. || Site count obtained from estimated proportion of birds on sites, based on visual observation of photo and bird behavior.",24,30.3911,-88.9705
Brush Island,86,"[2010, 2011, 2012, 2013, 2015, 2018, 2021]",['LA'],['Biloxi North'],"['sandy island, interior flooded', 'Beach, Grassy, Marsh, Shrubs', 'Tidal grass marsh, sand beach, few shrubs.', 'marsh/beach']","['BRPE', 'DCCO', 'ROYT/SATE', 'ROYT', 'LAGU', 'BLSK', 'SATE', 'ALL', 'FOTE', 'ROSA', 'REEG', 'UNTE']",{'N': 37},"boom being laid out on survey date; skipped initial survey because meny terns were in the air; returned to the colony at the end of the day; tern coverage excellent, some interior LAGU likely missed || Territories in May, WBN in June. One nesting group on SW end of island, all others roosting. || Territories in May, WBN in June. One nesting group on SW end of island, all others roosting. || No nest sites, roosting birds only. || On nest sites both months. May & June photos may both be within 30 day incubation period for some birds. Some birds moved to beach/roosting in June. || Nest sites dotted in May. A few roosting/foraging birds dotted in June. || Similar number of nest sites both months. May & June photos may both be within 27 day incubation period for some birds. || Similar number of nest sites both months. May & June photos may both be within 27 day incubation period for some birds. || Few BRPE on sites in incubation posture on northeast side of island; along margin of pond. || Sporadic LAGU sites interspersed throughout interior grassy and the beach in incubation posture. || A couple BLSK birds on the beach. No indication of nesting. || SATE birds clustered along shoreline. No indication of nesting. || ROYT birds along shoreline. No indication of nesting. || Areas 1-16 dotted by KLC.  95%+ coverage.  Camera 2 used for interior. May dotted for all species. || No chicks or other sign of ROYT breeding success from small group on sites in May. || Approx. 95% of colony analyzed and counted. No BRPE nesting in 2012. || LAGU observed sitting low on sites and with 1/3 grown chicks. || BLSK observed sitting low on sites; many pairs attending colony site but apparently not nesting; no chicks observed. || ROYT observed sitting low on sites; no chicks observed. || SATE observed sitting low on sites; no chicks observed. || Colony photos were visually assessed for nesting phenology and species composition; ROSA breeding pairs more abundant in June compared to May; June survey used for analysis. || Only ROYT, SATE, and BLSK were analyzed for the May 2011 survey; 100% of ROYT, SATE, and BLSK were analyzed and counted. See June 2011 survey for productivity count for these species. || ROYT were observed sitting low on sites. || SATE were observed sitting low on sites. || BLSK were observed roosting on sand beach; see June 2011 survey for site counts. || Approx. 98% of colony analyzed and counted; June survey represents BLSK breeding effort and productivity sample for ROYT and SATE for comparison with May breeding effort survey. || LAGU observed sitting low on sites, few chicks observed to be 1/3 grown. || BRPE observed sitting/standing in brooding posture on WBN and PBN; eggs observed in many sites; no chicks observed. || ROYT observed with 1/3 grown chicks adjacent to May 2011 colony location; two other sub-colonies were abandoned by June survey; June survey represents a sample of productivity for ROYT breeding effort. || SATE observed with 1/3 grown chicks adjacent to May 2011 colony location; two other sub-colonies were abandoned by June survey; June survey represents a sample of productivity for SATE breeding effort. || BLSK observed sitting low on sites; no chicks observed; compared to May survey, most BLSK abandoned nesting effort and departed colony location. || very good coverage; birds mostly chicked out in June so counted May || very good coverage; a small group of mostly ROYT in June not present in May; counted BLSK with this group of terns || present in May and June; just counted these birds in June because they occurred with a ROYT colony that was only present in June || great coverage when using overview type photos which were good enough to count LAGU || no nesting but there were birds roosting around the edge of the colony; none looking ""nesty"" in May or June photos || very small nesting area observed in overview photos; no closeups of these few sites || Does not include 1 Empty Nest || Roosting ROSA Birds estimated by counting by 10's. || Roosting BLSK Birds estimated by counting by 2's. Fifty additional BLSK Birds added here from Img 714, camera 2, card 7, not included in a screen capture. || LAGU Chicks observed to be 1/3 grown, downy. || LAGU Chicks observed to be 1/3 grown. || 5 LAGU Birds + 3 Sites added to this Area from Img 380, camera 2 card 3. || 1 BRPE PBN + 1 WBN + 6 Birds added to this Area from Img 380, camera 2 card 3. || ROYT observed brooding 1/3 grown chicks; Each chick was observed being brooding by 1 adult; Obvious pairs of adults also seen with one chick; therefore 109 broods were noted here. || SATE observed brooding 1/3 grown chicks; Each chick was observed being brooding by 1 adult; Obvious pairs of adults also seen with one chick; therefore 180 broods were noted here. || ROYT observed brooding 1/3 grown chicks; Each chick was observed being brooding by 1 adult; Obvious pairs of adults also seen with one chick; therefore 71 broods were noted here. || SATE observed brooding 1/3 grown chicks; Each chick was observed being brooding by 1 adult; Obvious pairs of adults also seen with one chick; therefore 47 broods were noted here. || LAGU sitting low on sites. || BRPE observed with eggs on WBN. || small tern breeding group; chicked out in June; only photo of these small groups in May || small tern breeding group; chicked out in June; only photo of these small groups in May || small tern breeding group; chicked out in June; only photo of these small groups in May || group of terns that were not ""formed"" in May; used June photos to count this specific area of the island || group of terns that were not ""formed"" in May; used June photos to count this specific area of the island || group of terns that were not ""formed"" in May; used June photos to count this specific area of the island || group of skimmers in area of terns that were not present in May photos; used June photos to count BLSK as well as terns || site present in May and June photos || used overview photos to ""dot"" and Cam1 photos to verify LAGU sites throughout the island that wasn't counted in previous photos || used overview photos to ""dot"" and Cam1 photos to verify LAGU sites throughout the island that wasn't counted in previous photos || used overview photos to ""dot"" and Cam1 photos to verify LAGU sites throughout the island that wasn't counted in previous photos || used overview photos to ""dot"" and Cam1 photos to verify LAGU sites throughout the island that wasn't counted in previous photos || used overview photos to ""dot"" and Cam1 photos to verify LAGU sites throughout the island that wasn't counted in previous photos || used overview photos to ""dot"" and Cam1 photos to verify LAGU sites throughout the island that wasn't counted in previous photos || used overview photos to ""dot"" and Cam1 photos to verify LAGU sites throughout the island that wasn't counted in previous photos || used overview photos to ""dot"" and Cam1 photos to verify LAGU sites throughout the island that wasn't counted in previous photos || used overview photos to ""dot"" and Cam1 photos to verify LAGU sites throughout the island that wasn't counted in previous photos || used overview photos to ""dot"" and Cam1 photos to verify LAGU sites throughout the island that wasn't counted in previous photos || used overview photos to ""dot"" and Cam1 photos to verify LAGU sites throughout the island that wasn't counted in previous photos || used overview photos to ""dot"" and Cam1 photos to verify LAGU sites throughout the island that wasn't counted in previous photos || used overview photos to ""dot"" and Cam1 photos to verify LAGU sites throughout the island that wasn't counted in previous photos || used overview photos to ""dot"" and Cam1 photos to verify LAGU sites throughout the island that wasn't counted in previous photos || used overview photos to ""dot"" and Cam1 photos to verify LAGU sites throughout the island that wasn't counted in previous photos || used overview photos to ""dot"" and Cam1 photos to verify LAGU sites throughout the island that wasn't counted in previous photos || used overview photos to ""dot"" and Cam1 photos to verify LAGU sites throughout the island that wasn't counted in previous photos || used overview photos to ""dot"" and Cam1 photos to verify LAGU sites throughout the island that wasn't counted in previous photos || a few FOTE sites; only overviews but based on habitat and size these were FOTE || used overview photos to ""dot"" LAGU; added one site from photo 1532 || BestForBPE changed to N [PJC 27 Oct 22]; counted w. BRPE and LAGU, but UNTE are irrelevant given ROYT/SATE BestForBPE are May records || BestForBPE changed to N [PJC 27 Oct 22]; counted w. BRPE and LAGU, but UNTE are irrelevant given ROYT/SATE BestForBPE are May records || BestForBPE changed to N [PJC 27 Oct 22]; counted w. BRPE and LAGU, but UNTE are irrelevant given ROYT/SATE BestForBPE are May records || BestForBPE changed to N [PJC 27 Oct 22]; counted w. BRPE and LAGU, but UNTE are irrelevant given ROYT/SATE BestForBPE are May records || BestForBPE changed to N [PJC 27 Oct 22]; counted w. BRPE and LAGU, but UNTE are irrelevant given ROYT/SATE BestForBPE are May records || Added 2 LAGU birds from Camera1-751 || Added 1 LAGU site from Camera1-776 below || Added 4 LAGU sites, 6 LAGU birds, and 7 ROYT birds from Camera1-781 below",86,30.034,-89.1863
Belle Pass East,51,"[2010, 2011, 2012, 2013, 2015, 2018, 2021]",[],[],"['pond with trees', 'Marsh, shrubs', 'Mangrove, dense shrubs, open water.']","['TRHE', 'AMOY', 'GREG', 'LAGU', 'SNEG', 'WHEG', 'ROSP', 'BCNH', 'WHIB', 'REEG']",{'N': 31},"Port Fourchon; excellent coverage || Excellent coverage. Additional active nests in June. || Foraging || Excellent coverage. Nests built in May but birds not on nests until June. || Excellent coverage. Bigger chicks in June. || Only a few sites and birds observed; no chicks observed. || No photos of island in June. 100% photo coverage in May. || Nests at multiple stages; some with eggs, some with older chicks. Sites mixed with SNEG and TRHE. || Nests with chicks seen, others with adults in incubating posture. || Unable to distinguish birds. || Birds either incubating or wading in marsh; no chicks observed. || No nests, only birds observed. || Only 2 sites observed, birds in incubating posture. || Chicks everywhere in June.  May used for BPE. || Birds observed on sites in incubating posture, with eggs, and with 1/2-2/3 grown YY. || Birds on sites with a few pairs still establishing sites, seen on ""territories""; no YY seen. || Birds hunkered on sites in incubation posture; chicks also present with 1/3 grown YY seen. || Most birds in incubation posture on sites but 1/3 grown YY also seen. || Most birds in incubation posture on sites but 1/3 grown YY also seen. || Most birds in incubation posture on sites but 1/3-1/2 grown YY also seen. || Birds observed in incubation posture. || General notes: incomplete photo coverage, but estimated that 95% of active nests were photographed. The colony location on the KMZ is about 1500 feet south of the main colony in 2015, with dispersed egret/heron nests extending another 1500 feet to the N. || Primarily GREG and SNEG nesting in trees along shoreline of shipping channel east of Timbalier Bay. Many GREG nests with eggs and chicks at various stages. || Colony is southeast of Houma, LA between Timbalier Bay and Grand Isle. 



Small loose colony of LIBH || GREG colony. Birds at various stages of nesting from incubation to older juvs. Several nests in Area 1 with 2-3 white eggs visible in nests, adults nearby. Other || nests with 2-3 very young to older nestlings. || Nests ranging from birds on eggs to older nestlings and even a number of young birds starting to wander off nests. Photos of June show many broods and most || birds done nesting, so May photos were used for dotting. || A number of nests with young of various stages visible; from adults incubating to older nestlings. Waves of early nesters noted. || Preliminary count of approx. 270 sites dotted in May. Many juvs/boods observed in nearby wetlands when June photos were evaluated. Mixed groups of || juv herons and egrets here as well. Sites would have been difficult to count from June photos, but colonies appear to show many successfully fledged birds. || A couple of branched GREG chicks wing-exercising. || Two GREG nests observed in photo with two eggs in each nest. || Additions from adjacent photo 651 included here. Labeled as Area 9 on screen capture-ingore || Additions from adjacent photoS 658, 654 and 660 included here. || Additions from adjacent photo 661 included here/ younger nestlings in nests. || Additions from adjacent photos 669 and 670 included here. || Additions from adjacent photos 676-681 included here. || Additions from adjacent photo 735 included here. || Additions from adjacent phots 696 included here. || Additions from adjacent photo 708 included here. || Several nests seen in photos with eggs, adults nearby. || Additions from photos 877 and 879 included here. || Additions from photos 900 included here. || Additions from photos 905 included here. || Additions from photos 916 included here. || Additions from photos 931 included here. || One GREG site added from 16May, C2C1, Photo 1461. || One SNEG site added from 16May, C2C1, Photo 1461. || Five TRHE sites added from 16May, C2C1, Photo 1461. || Incl 2 GREG sites and 1 GREG bird from CAM2 photo 8862.",51,29.0941,-90.2212
Nueces Rivermouth,1,[2010],[],[],[],[],{'N': 1},Spp. composition and estimates good; birds at multiple levels in trees made some IDs tough,1,27.8451,-97.4896
Nueces Causeway,17,"[2010, 2021]",['TX'],['Corpus Christi-Aransas Bay'],['Spoil Island'],"['BCNH', 'BRPE', 'CAEG', 'FUWD', 'GBHE', 'GREG', 'LAGU', 'REEG DM', 'ROSP', 'ROYT', 'SATE', 'SNEG', 'TRHE', 'REEG', 'BLSK']",{'N': 14},"East Nueces Bay;LAGU/ROYT chicks wandering;ROSP,GBHE chicks fledgling-sized;BLSK coverage ~ 90%, chicks small;coverage more like 80% for other spp. || One bird present. || Foraging. || One site present. || Four birds and one abandoned nest present. || Colony in incubation stage, chicks present. Complete coverage. || Colony in incubation stage, chicks present. Complete coverage. || Colony in incubation stage, chicks present. Complete coverage. || Three sites present. || Colony in incubation stage, chicks present. Complete coverage. || Colony in incubation stage, complete coverage. || Colony in incubation stage, complete coverage. || Colony in incubation stage, chicks present. Complete coverage. || Colony in incubation stage, complete coverage. || DM || many small chicks || closeups consulted",17,27.841790000000003,-97.375635
Causeway Island Platforms A,1,[2010],[],[],[],[],{'N': 1},large GREG chicks wandering widely; GREG/GBHE site estimates good; likely a few TRHE sites not visible/done,1,27.9326,-97.0995
Little Bay C,1,[2010],[],[],[],[],{'N': 1},"long, wide island w. low vegetation; ROSP/GBHE counts good, but other waders and LAGU very scattered and hard to see - counts therefore low; TRHE juvs wandering",1,28.0333,-97.0395
Pine Oak Woods,5,[2010],[],[],[],"['GREG', 'GBHE']",{'N': 1},tall trees adjacent to residential area; sites estimated well from OVs; many chicks evident from closeups || close-ups used just to confirm spp. ID || close-ups used just to confirm spp. ID || close-ups used just to confirm spp. ID || close-ups used just to confirm spp. ID,5,28.0397,-97.0413
Copano Rattlesnake Point,1,[2010],[],[],['marsh w. beach & shrubs'],[],{'N': 1},"Excellent Coverage; possibly a few CAEG misidentified as Snowy; possibly a few ""small dark herons"" missed, maybe even Green",1,28.0561,-97.1333
Salt Lake G,1,[2010],[],[],['sand/low shrubs/ art. Platforms'],[],{'N': 1},coverage good,1,28.07,-97.093
Long Reef Deadman Islands A,2,[2010],[],[],['mostly sand w. sparse shrubs'],['UNTE'],{'N': 1},"many tern chicks present (likely ROYT), but photo quality/coverage insufficient for nest etimate || likely mostly ROYT; many chicks present; phot coverage/quality insufficient for chick count (survey too late for terns);",2,28.0659,-96.9629
Long Reef Deadman Islands B,2,[2010],[],[],['mostly sand w. low grass/shrubs'],['ROSA'],{'N': 1},"tern site estimates low; empty scrapes present, possibly w. fully-grown chicks on shoreline || w. some small chicks along shoreline; chick count not possible",2,28.0763,-96.9655
Black Jack Point Reef I,3,[2010],[],[],['sand w. patchy veg'],"['FOTE', 'GBTE']",{'N': 1},"coverage good || Originally dotted all as USTE, though suspected both FOTE and GBTE present; went with the 3 sites amid the BLSK as GBTE [PJC 29 Oct 22] || Originally dotted all as USTE, though suspected both FOTE and GBTE present; went with the 3 sites amid the BLSK as GBTE [PJC 29 Oct 22]",3,28.122200000000003,-96.969
Second Chain of Islands J,6,"[2010, 2021]",[],[],"['low shrubs', 'Chain Island']","['FOTE', 'BRPE', 'NECO', 'LAGU', 'RUTU']",{'N': 6},coverage good || Small colony in incubation stage. Complete coverage || Territories and roosters observed. || Foraging. || Small colony in incubation stage. Complete coverage || Foraging.,6,28.1857,-96.8137
Second Chain of Islands K,1,[2010],[],[],['sand w. patchy veg.'],[],{'N': 1},coverage good,1,28.188,-96.7988
Second Chain of Islands I,8,"[2010, 2021]",['TX'],['Corpus Christi-Aransas Bay'],"['sand/low shrubs', 'Chain Island']","['AMOY', 'GBHE', 'GREG', 'LAGU', 'REEG DM', 'REEG WM', 'REEG']",{'N': 7},some egret and gull chicks wandering; survey timing good for this colony || One site present. || Small colony in incubation stage. Complete coverage || Small colony in incubation stage. Complete coverage || Small colony in incubation stage. Complete coverage || Small colony in incubation stage. Complete coverage || Small colony in incubation stage. Complete coverage || DM/WM combined,8,28.18965,-96.813265
Second Chain of Islands G,13,"[2010, 2021]",['TX'],['Corpus Christi-Aransas Bay'],"['sand/low shrubs', 'Chain Island']","['AMOY', 'BCNH', 'BRPE', 'CATE', 'GBHE', 'GREG', 'LAGU', 'REEG DM', 'REEG WM', 'ROSP', 'SNEG', 'REEG']",{'N': 12},"many GREGs and GBHEs done w. large HY birds along shoreline; dotted groups of HYs as SITEs; WHIB count very good, but still likely a bit low; lots of nesting waders parlty obscured by shrubs || One site present. || Two site present. || Foraging. || Colony in incubation stage, chicks present. Complete coverage. || Colony in incubation stage, chicks present. Complete coverage. || Colony in incubation stage, chicks present. Complete coverage. || Colony in incubation stage, complete coverage. || Ten sites present. Colony in incubation stage, complete coverage. || Seven sites present. Colony in incubation stage, complete coverage. || Three sites present. || Colony in incubation stage. Complete coverage. || DM/WM combined",13,28.193091000000003,-96.814517
Second Chain of Islands B,1,[2010],[],[],['sand/grass/low shrubs'],[],{'N': 1},Lat-Long approximate b/c no land apparent on GoogleEarth,1,28.209,-96.801
Little Bird Island,4,"[2010, 2013, 2018]",[],[],"['sand', 'none', 'just a sandbar and a couple shrubs remain']",[],{'N': 4},"island no longer exists || just a few roosting gulls and terns || formerly substantial island with marsh vegetation -- see July 2007 satellte image, e.g.",3,28.294,-96.697
Kamey Island,10,[2010],['TX'],['Matagorda Bay'],['inundated shrubs'],['WHEG'],{'N': 1},"WHEG = 90% CAEG, 10% SNEG; only SITEs counted for CAEG/SNEG, and not birds || CAEG and SNEG || roughly 90% CAEG, 10% SNEG || roughly 90% CAEG, 10% SNEG || roughly 90% CAEG, 10% SNEG || roughly 90% CAEG, 10% SNEG || roughly 90% CAEG, 10% SNEG || roughly 90% CAEG, 10% SNEG || roughly 90% CAEG, 10% SNEG || roughly 90% CAEG, 10% SNEG",10,28.455400000000004,-96.8063
Burrwood Bayou South,3,[2010],[],[],[],['UNTE'],{'N': 1},"loafing birds on nonbreeding habitat || prob. mostly SATE, but a mix || prob. mostly SATE, but a mix",3,28.9395,-89.39370000000001
Burrwood Bayou North,1,[2010],[],[],[],[],{'N': 1},loafing birds on nonbreeding habitat,1,28.972,-89.3475
Felicity Island,767,"[2010, 2011, 2012, 2013, 2015, 2018, 2021]",['LA'],['Terrebonne Bay'],"['large marsh/grass island', 'Herbaceous cover, Shrubs, Sandy beach', 'Beach, Grassy Marsh, Shrubs', 'Beach, Grassy, Marsh, Shrubs', 'Herbaceous, shrubs, marsh, exposed mud', 'Grasses, low shrubs, shallow marsh', 'Grasses, low shrubs', 'Grases, shrubs, bare ground, beach, mud flat.']","['BRPE', 'LAGU', 'TRHE', 'BCNH', 'GREG', 'SNEG', 'ROYT', 'SATE', 'ALL', 'FOTE', 'WHIB', 'ROSP', 'AWPE', 'YCNH', 'AMAV', 'CATE', 'BNST', 'REEG', 'GBTE', 'BLSK', 'AMOY', 'TRSN', 'UNWA', 'ULTE', 'UNSB', 'UNHG', 'UNTE']",{'N': 66},"Nest/Site estimates for terns and pelicans good, but ~ 90% for all other spp; || Nesting in herbaceous layer and shrubs, chicks visible, high nesting success, nests evenly-distributed, small number of territories and PBN || Established nests late, preferred habitat herbaceous layer with open mosaic, most individuals in incubation posture || Small number of TRHE nesting in habitat herbaceous layer, individuals in incubation posture || Small number of nests in habitat herbaceous layer, individuals in incubation posture || Nests in shrub layer, individuals in incubation posture, some chicks visible and without adults, older chicks present || Nests in herbaceous layer, individuals in incubation posture, no chicks visible || Nests on sandy beach in dense formation, majority of individuals in incubation posture, reproductive success || Approximately a dozen nests scattered between ROYT nests on beach, incubation posture, reproductive success unknown  || BRPE on WBN and PBN, likely in early incubation.  Few nests with 1-2 1-2 week old chicks.  BRPE in June with 3-5 week old chicks and many WBN in incubation posture. || Areas 1-13 dotted by KMR.  95%+ coverage.  Two small areas with little or no camera coverage.  May dotted for all species. || LAGU on sites in incubation posture.  Some sites likely missed in tall grass owing to mainly Camera 2 coverage of the island.  LAGU in June with 1-2 brown chicks on nests, some fledged LAGU chicks on shoreline. || TRHE on sites in incubation posture with few sites containing 2-3 1/3 grown, small, dark chicks.  June photos show many fledged TRHE interspersed througout the island. || BCNH on sites in incubation posture in small numbers. || GREG on sites in incubation posture.  Few sites with 1-3, 1/3 grown, small white chicks.  GREG on sites in June with larger chicks, and some fledged chicks interspersed throughout the island. || SNEG on sites in incubation posture and some sites with 2-3 1/2 grown, small white chicks.  Many fledged SNEG interspersed throughout the island in June photos. || Large ROYT colony on sites in incubation posture in May.  June photos show a few groups of fledged ROYT throughout the island. || SATE on sites in incubation posture.  Very few adult SATEs in June photos.  Possible nest failure. || Small groups of FOTE sites along wrack lines with birds in incubation posture. || WHIB on sites in incubation posture in several small clusters, and one large group along east edge of island.  Poor image quality on dotted image for largest colony.  Fledged WHIB and adults still on sites in June. || ROSP on sites in incubation posture in small numbers.  Large chicks on nests and fledged away from nests in June. || Few AWPE birds interspersed throughout island along shoreline. || Nesting in shrub habitat, predominantly incubation postures, moderate number of chicks visible; occupancy in suitable habitat high.  98% coverage. || Most individuals in incubation posture, nesting in herbaceous cover and in edge habitat near sandy openings.  Occupancy in suitable habitat high. || Sparesly interspersed with BRPE in shrub habitat; predominantly incubation postures.  Occupancy in suitable habitat low. || Sparesly interspersed with BRPE in shrub habitat; predominantly incubation postures.  Occupancy in suitable habitat low. || Sparesly interspersed with BRPE in shrub habitat; predominantly incubation postures.  Occupancy in suitable habitat low. || One individual roosting in a shrub; no nesting observed. || One individual roosting in a shrub; no nesting observed. || Nesting in small-medium shrubs in open herbaceous habitat.  Incubation posture.  Observed in close proximity to LAGU nests. || Nesting predominantly in June; most in incubation posture.  Large chicks visible; reproductive success. || Foraging in open water habitat; no nesting behaviors observed. || One individual roosting only. || Small number of roosting individuals on mud flats; no nesting behaviors observed. || Several small groups of birds observed foraging in open water. || Approx. 96% of the colony analyzed and counted; a large protion of the south side of the island is inundated with water and without any birds present. || Approx. 98% of this colony was analyzed and counted. || LAGU all sitting low on sites. || TRHE mostly in brooding posture but chicks present at many sites. || WHIB seen sitting low and with chicks including one creshing group. || Most SNEG in brooding posture or with med-sized chicks. || LAGU all sitting low on sites. || BRPE observed sitting low on nest sites, with very small white chicks, and with chicks 5-6 week old. || Most TRHE observed in brooding posture, all chicks were observed to be 1/3 to 1/2 grown. || All terns on sites observed to be sitting low, no YY observed around colony or at shoreline. || photos analyzed; no new nesting effort; CATE all gone, no productivity; flooding affected CATE, and other spp. including ROYT/SATE to lesser degrees; ROYT/SATE w. chicks along shoreline, and some still in nesting area w. chicks || BRPE possibly failed; areas active in May don't have birds on nests, and no chicks can be seen anywhere on island; a small new nesting group (~100 nests) seems to have set up for BRPE, but no new nesting efforts detected for other spp. || Approximately 85% of colony photographed, analyzed, and counted. Combine May and June counts for BRPE and WHIB; Late nesting efforts for both species. || LAGU observed sitting on sites; no chicks observed. || BRPE observed with newly hatched to 4 week old chicks, mostly 3 wks; additonal late nesting effort partially captured in June photos, likely 90% of additional nests (see June notes). Ratio of BRPE IMM: AD on sites = 45:1667 =~2.7%. || TRHE observed sitting on sites and in brooding posture; few chicks observed 1/3-1/2 grown. || SNEG observed sitting on sites and in brooding posture; few chicks observed 1/4-1/3 grown. || GREG observed sitting on sites and in brooding posture; few chicks observed 1/3 grown. || ROSP observed sitting on sites and in brooding posture; no chicks observed. || REEG observed sitting on sites and in brooding posture; no chicks observed. || BCNH observed sitting on sites and in brooding posture; no chicks observed. || WHIB observed sitting on few sites; no chicks observed; additional late nesting effort captured in June photos. || ROYT observed on sites in incubation posture; no chicks observed. || SATE observed on sites in incubation posture; no chicks observed. || GBTE observed on sites in incubation posture; no chicks observed; likely that few additional birds and sites not captured in photographs (see approximation of colony coverage). || BLSK observed on sites in incubation posture; no chicks observed; likely that few additional birds and sites not captured in photographs (see approximation of colony coverage). || CATE observed on sites in incubation posture; no chicks observed. || AMOY observed in pairs in Areas 11 & 12; suspected nests present nearby. || Additional late nesting groups captured in June photos, BRPE and WHIB. 100% of additional WHIB sites and approximately 90% of additional BRPE sites photographed. || BRPE observed mostly on PBN in late nesting group; add May and June counts. BRPE IMM: AD on nests = 4:126 = ~3%. || WHIB observed building new colony in area adjacent and overlapping Area 43 from May analysis; 3 WHIB sites NOT counted in June photos so as to not double count previously observed nests; add May & June counts. || Does not include 152 Empty Nests || Does not include 1 Empty Nest || Does not include 4 Empty Nests || Does not include 97 Empty Nests || Does not include 25 Empty Nests || Does not include 49 Empty Nests || Does not include 11 Empty Nests || incl 2 PBN, 3 birds from 0070 || 2 AWPE birds added to this area from Img 420, camera 1 card 2 || 10 LAGU birds added to this area from Img 420, camera 1 card 2 || 60 AWPE birds added to this area from Img 534, camera 2 card 2 || 25 AWPE birds added to this area from Img 426, camera 1 card 2 || 16 birds added to this area from photo 411, camera 1 card 2 || 7 birds added to this area from photo 411, camera 1 card 2 || 7 WBN & 1 Bird added to this area from photo 414, camera 1 card 2 || 10 Sites & 8 Birds added to this area from photo 414, camera 1 card 2 || 1 Site added to this area from photo 414, camera 1 card 2 || 1Site added to this area from photo 414, camera 1 card 2 || 14 Sites + 13 Birds added to this area from photo 541, camera 1 card 2 || 1 Site added to this area from photo 541, camera 1 card 2 || Species code is misspelled in the screen capture as UNLT. || 1 indiv, unknown spp. || 14 AWPE birds added to this area from Img 429, camera 1 card 2 || 1 LAGU bird added to this area from Img 429, camera 1 card 2 || 4 AWPE birds added to this area from Img 434, camera 1 card 2, but not included in the screen capture. || Very likely TRHE based on species composition, presence, and nest characteristics. || Most empty sites likely TRHE based on proportion present || Many of these SNEG sites are actually WHIB, estimated 40/73 sites are actually WHIB (from upper right corner of screen capture. || Most empty sites were either SNEG or TRHE, depending on where they were located in the area || Likely ROYT or CATE || Either ROYT or CATE || Most birds are small and dark on the dorsal surface || Most birds are small and dark on the dorsal surface || Likely ROYT, CATE, mostly, but small terns seen as well (possibly SATE)",767,29.255800000000004,-90.44
Cedar Lakes 3,2,[2010],[],[],['ShrubScrub Island'],['SDHE'],{'N': 1},"Assume this is a partial island (not mainland) shoreline, within Cedar Lakes area, San Bernard NWR, TX.  Only one photo taken (camera1); breeding sites not apparent, but may be within/under vegetation. || Bird under partial cover of vegetation.",2,28.8463,-95.4912
Bryan Mound,7,[2010],['TX'],['Galveston'],['ShrubMangrove Island'],"['GBHE', 'UNWA', 'WHEG', 'UNCO']",{'N': 1},"Island, near Old Reservoir complex, Freeport, TX.  Breeding colony within mangrove/tall bush area of island; photo coverage 100%, images from camera 1 and 2. || Does not include 2 Empty Nests || Does not include 8 Empty Nests || Does not include 3 Empty Nests || Defined/labeled on screen capture as WADE empty. || Suspect UNCO are NECO, but photo too blurry to confirm. || Defined/labeled on screen capture as WADE empty.",7,28.921814285714284,-95.37969999999999
Drum Bay Islands 2,20,[2010],['TX'],['Galveston'],['ShrubMarsh Island'],"['TRHE', 'LAGU', 'UNWA', 'SDHE', 'UNCO', 'BRPE']",{'N': 1},"Island, Drum Bay, south of Brazoria NWR, TX.  Photo coverage of island 70%, images from camera 1 and 2. || Does not include 4 Empty Nests || Does not include 9 Empty Nests || Does not include 191 Empty Nests || Defined/labeled on screen capture as WADE empty. || Defined/labeled on screen capture as WADE empty. || Defined/labeled on screen capture as WADE empty. || Defined/labeled on screen capture as WADE empty. || Defined/labeled on screen capture as WADE empty. || Nest site either TRHE or REEG, image too blurred to specify. || Birds very dark, image blurred; likely TRHE juvenile or dark ibis. || Cormorants either DCCO or NECO. || Most BRPE appear to be loafing/roosting; 3 appear to be or are attempting nest building. || Bird very dark, apparent light bill/head; unclear whether adult or chick/juvenile. || Most BRPE appear to be loafing/roosting; 2 appear to be or are attempting nest building. || Defined/labeled on screen capture as WADE empty. || Bird dark, near water foraging; possibly DAIB, TRHE juv, LBHE. || In vicinity of TRHE sites.  Defined/labeled on screen capture as WADE empty. || Used overview photo to count area not covered by those zoomed in; image very blurry, cleary able to distinguish/identify only apparently empty nests. || Likely DAIB or TRHE juvenile.",20,29.0123,-95.22530000000002
Drum Bay Islands 6,5,[2010],['TX'],['Galveston'],['ShrubScrub Island'],"['LAGU', 'SDHE', 'BRPE']",{'N': 1},"Island, Drum Bay, south of Brazoria NWR, TX.  Photo coverage of island 80%, images from camera 1. || Does not include 1 Empty Nest || Likely chicks are TRHE, but image too blurry to specify. || SDHE chwoa site likely TRHE. || Used camera 1 photo 104 for extension counts to fill small area outside of Area03, photo 103.",5,29.0192,-95.2193
Drum Bay Islands 5,4,[2010],['TX'],['Galveston'],['ShrubScrub Island'],"['LAGU', 'SDHE']",{'N': 1},"Island, Drum Bay, south of Brazoria NWR, TX.  Photo coverage of island 90%, images from camera 1 and 2. || Does not include 3 Empty Nests || Likely SDHE chwoa sites are TRHE. || Foraging in water; likely TRHE juvenile.",4,29.0193,-95.2188
Arcadia Reef A,17,[2010],['TX'],['Galveston'],['ShrubScrub Island'],"['UNWA', 'UNCO', 'AMOY', 'SDHE', 'TRHE', 'WHEG']",{'N': 1},"Island, Christmas Bay, south of Brazoria NWR, just NW of Follets Island, TX.  Photo coverage of island 70%, images from cam1 and cam2; good diversity, many SDHE likely LBHE or DAIB; many juveniles/chicks, several likely LBHE and BCNH. || Does not include 105 Empty Nests || UNCO appear to be ANHI, but photo/bird positions not clear enough to specify. || AMOY adult is with one chick. || SDHE likely TRHE (juv), but position foraging in water makes specific ID difficult. || Bird incubating under vegetation, ID unclear; likely LAGU. || Many juvenile TRHE. || Unable to verify species due to vegetation and shading. || Suspect most WHEG are SNEG. || Suspect chwoa is WHIB, adult nearby and chick hiding near nest in vegetation is very dark. || SDHE likely LBHE or DAIB. || Many juvenile TRHE. || Most SDHE sites appear to be LBHE - birds very uniformly dark and chicks mottled white/light gray. || Bird very dark, bill appears to have a curved tip (UNCO) but may be due to vegetation in foreground. || Number of empty nests deeper in vegetation may be underestimated due to oblique angle of image. || Many juveniles about. || Many juveniles about, in and out of deep vegetation.",17,29.0293,-95.2024
Arcadia Reef B,9,[2010],['TX'],['Galveston'],['ShrubScrub Island'],"['UNWA', 'TRHE', 'SDHE']",{'N': 1},"Island, Christmas Bay, south of Brazoria NWR, just NW of Follets Island, TX.  Photo coverage of island 65%; most images blurred, both from cam1 and cam2. || Does not include 57 Empty Nests || Image too blurry to ID, could possibly be BAEA with carcass. || One abandonded egg (not in nest) lay 1-3 ft from one TRHE site. || SDHE likely LBHE, but without clear look at bill did not ID to species. || Several juveniles, some foraging near shore. || SDHE either TRHE juv or LBHE, cannot specify due to light angle and photo quality. || UNWA standing in water near shore, face down; either LAGU or SDHE. || One SDHE site may be LAGU site, photo not clear enough to differentiate.",9,29.029299999999996,-95.2008
Wolf Lake Skimmer Area,13,[2010],['TX'],['Galveston'],['ShellSandScrub'],"['UNGT', 'GBTE', 'LAGU', 'BLSK']",{'N': 1},"Mainland, dredge spoil fenced area, Brazoria NWR, Wolf Lake Skimmer Area, in the Salt, Nicks, and Wolf Lake complex, TX.  Photo coverage 100% from both cam1 and cam2. || Does not include 136 Empty Nests || Three bird counts from camera 2 photo 105. || Two empty nest counts from camera 2 photo 105. || Seven bird counts from camera 2 photo 096. || Six bird counts from camera 2 photo 091. || Two empty nest counts from camera 2 photo 091. || Three bird counts from camera 2 photo 091. || One site count from camera 2 photo 091. || Three empty nest counts from camera 2 photo 106. || Five bird counts from camera 1 photo 173. || Three empty nest counts from camera 1 photo 173. || Photo used is overview shot; though gravel/shells are similar to possible abandoned eggs, scrape area is clear with two eggs apparently unattended.",13,29.033700000000003,-95.2409
Follets Island,1,[2010],[],[],['Structure'],[],{'N': 1},"Remnants of old wooden dock, near Follets Island, Christmas Bay, TX.  Photo coverage 100%; roosting area only.",1,29.058,-95.1619
Texas Coast 9,5,[2010],['TX'],['Galveston'],['Tree/Brush Residence'],"['WHIB', 'WHEG']",{'N': 1},"Residence of tall trees and brush with small lake, SW of Galveston Island, TX; near wetlands.  Photo coverage 100%; primarily only roosting adults in dead/dying trees visible. || Does not include 2 Empty Nests || One empty nest, 1 chicks w/o adult site, and 6 bird counts from camera 1 photo 118. || Sites in brush; species likely WHIB, GREG, CAEG, or SNEG. || Seven bird counts from camera 1 photo 209.",5,29.1595,-95.0202
Jumbile Cove/Live Oak Grove,6,[2010],['TX'],['Galveston'],['MarshScrub Island'],"['UNGT', 'UNWA', 'TRHE']",{'N': 2},"Manmade mounds in restoration project, Jumbile Cove (Jamaica Beach), TX; center of island is bare mudflat surrounded by marsh vegetation.  Photo coverage 100%; only one bird and empty nests counted, no sites apparent. || Manmade mounds in restoration project, Jumbile Cove (Jamaica Beach), TX; center of island is mudflat interspersed by and surrounded by marsh/scrub vegetation.  Photo coverage approx 90%; No adult birds off sites counted, several juveniles in mudflat area. || Does not include 3 Empty Nests || Bird appears to be juvenile/non-breeder. || No active breeders on this island at time of photo. || On geotextile breakwater tube.",6,29.1952,-94.99305
Freemason Island,53,"[2010, 2011, 2012, 2013, 2015, 2018]",[],[],"['Sand Island', 'Beach strand', 'sandspit', 'barrier island', 'sand/beach']","['BLSK', 'BRPE', 'LAGU', 'UNTE', 'ROYT', 'SATE']",{'N': 8},"Freemason Island, Chandeleur Sound, LA; long, narrow sandy island with few 'ponds' in wider areas.  Photo coverage approx. 90%. || ~35 BRPE standing on shoreline. The rest of the island is empty beach. Only photos were taken in June. || Just roosting birds, not all of which were counted; surveyed but not photographed in June || photos taken; not counted as roost only || photos taken; not counted as roost only || photos taken; not counted as roost only || flew past, no photos taken; roost only || nesting group of BLSK and all other birds just roosting || Eight BRPE birds and 10 BRPE juv  counts from camera2 photo 007. || Three LAGU bird counts from camera2 photo 007. || Two adult and 3 juv BRPE counts from camera2 008. || Four adult LAGU counts from camera2 008. || Four adult and 1 juv counts from cam2 010; 2 adults and 4 juv counts from cam2 012. || Four adult and 1 chick counts from cam2 010; 4 adult counts from cam2 012. || One ROSA adult count from camera2 010; majority of ROSA likely SATE. || Six adult and 4 juv BRPE counts from cam2 013; 3 adult and 3 juv BRPE counts from cam2 015. || Seven adult and 10 juv BRPE counts from camera2 016. || Five LAGU adult counts from camera2 016. || Juv count from camera2 018, good quality photo. || LAGU count from camera2 018, good quality photo. || Photo very blurred. || One juvenile count from camera1 108. || One adult count from camera2 021; one adult count from camera2 020. || Majority of ROSA likely SATE. || Counts from camera2 photo 020. || Five adult and 5 juv counts from camera2 024; 1 juv count  from camera2 023; 2 adult and 2 juv counts from camera1 058, fair quality. || Four adult and 4 chick counts from camera2 024; 1 adult count from camera1 058, fair quality. || Count from camera1 photo 058, fair quality; majority of ROSA likely SATE. || One adult count from camera2 024. || Four juv and 8 adult BRPE counts from camera2 052. || LAGU chick count from camera2 052. || Counts from camera2 052. || Four adult LAGU counts from camera2 060. || All SATE counts from camera2 060. || One count from camera2 029; two counts from camera2 027. || All counts from camera2 027. || One adult and 1 juvenile count from camera2 030. || Two juvenile BRPE counts from camera2 035. || Five juvenile and 18 adult counts from camera2 036. || Eighteen adult and 12 juvenile counts from camera2 039. || Count is from camera2 039. || One adult count from camera2 040; 10 adult and 8 juv counts from camera2 042. || One count from camera2 042. || Count from camera2 043. || One juvenile and 8 adult counts from camera2 045. || Two adults  counts from camera2 045; majority of ROSA likely SATE. || used cam1 photo 368 to confirm || roost only || roost only || roost only; used overview cam 2 photos and did block counts of birds in photos 386-441; did not save any screen captures for this || roost only; used overview cam 2 photos and did block counts of birds in photos 386-441; did not save any screen captures for this || roost only; used overview cam 2 photos and did block counts of birds in photos 386-441; did not save any screen captures for this || roost only; used overview cam 2 photos and did block counts of birds in photos 386-441; did not save any screen captures for this",53,29.789999999999992,-88.97350000000002
Biloxi North 27,21,"[2010, 2011, 2012, 2013, 2015, 2021]",['LA'],['Biloxi North'],"['SandScrub Island', 'Fragmented marsh island', 'Marsh island w. beaches', 'beach/marsh']","['LAGU', 'BLSK', 'GBTE', 'BRPE', 'ROYT', 'SATE', 'DCCO', 'AMOY', 'BLSK/GBTE', 'TRHE', 'UNTE']",{'N': 16},"Large marsh island in Drum Bay, LA.  Island is adundant in inundated wetland, however colony areas photographed were isolated sandy shoreline only, these areas sparsely to moderately vegetated.  Colony area photo coverage 100%; images used from cam1. || No nesting in either month, only on beach or in shallow water || Incubating in June, 80% w/ pair at site - 1 territory in May on SW beach abandoned by June || Incubating in June w/ BLSK - pre-breeding  in May on S and SW sides, not present in  June || Group of 50 birds standing around on beachy area in June only - no nesting || No nesting - standing around in 2-3 groups in June w/ BRPE and SATE || No nesting - standing around in June w/ BRPE and ROYT || Two Juveniles on SW beach in May only || One site on S side of island in May only || On north beaches; many BLSK possibly brooding small chicks; 1 GBTE chick seen, away form nest but attended || BLSK/GBTE present in good #s in May, but June reflected peak breeding better || Mostly this species nesting, approx. 250 sites and 70 birds. || Mostly this species nesting, approx. 175 sites in exposed sandy areas, similar to last year. Much higher number of loafing birds on the beach compared to 2011, || with approx. 725 total. || nesting on small pocket beaches; great photos except one small pocket only partially captured in photos - no overviews of this area either || just happened to catch one nest at edge of pocket beach in marsh; probably not many nests on this island since the entire island was not photographed || Does not include 8 Empty Nests || PJC changed from GBTE || Count from camera2 146. || one area of BLSK; not complete coverage of this area - some BLSK clearly cut off; roosting birds at shoreline as well || Juveniles on beach",21,29.8807,-89.2497
Isle au Pitre,56,"[2010, 2011, 2012, 2013, 2015, 2018, 2021]",[],[],"['MarshScrubSand Island', 'Beach, Grassy, Marsh, Shrubs', 'Beach, grasses, few shrubs.']","['ROYT', 'SATE', 'SNEG', 'BLSK', 'GBTE', 'BRPE', 'LAGU', 'TRHE', 'CATE', 'LETE', 'UNWA']",{'N': 31},"Isle au Pitre, LA, SW of Cat Island Channel (LA-MS border).  Small, inundated wetland island with shoreline 90% wide sand/shell beach.  Camera 1 photos only, of BLSK colonies on sandy beaches. || ROYT sites present in both May and June in same areas. || SATE sites present in both May and June in same areas. || Not very many SNEG sites in general, but a couple in June. Mostly individual SNEG birds in May. || BLSK present in both May and June, but more established sites in June. || More established sites in June; complete coverage. || No BRPE colonies present in May, only roosting birds near shoreline. BRPE breeding colonies established in June. || LAGU sites present in both May and June, but more abundant in June. || TRHE sites present in both May and June. || LAGU sites primarily in the intertior in incubation posture. Fewer sites interspersed along beach and margins of grass and beach habitat. || Large groups of BRPE on sites in shrub habitat. Majority of sites contain older chicks; fewer in incubation posture. New nests in June in similar areas in incubation. Immatures clustered along beach wrack line. || Clusters of ROYT sites in June on periphery of large SATE beach colonies. || Large SATE colonies on the beach in incubation posture, surrounded by small clusters of ROYT sites. Smaller groups of individuals along shoreline. || Widely-spaced BLSK sites on beach in incubation posture. || Areas 1-44 dotted May; 1-15 June. Full-coverage through Camera 1 and 2 combined.  May dotted for all species except terns. ROYT and SATE dotted in June. BRPE colony dotted from May in addition to small number of BRPE in June.  New BRPE sites in June. || BLSK colonies present in May images but not in June. Survey date 18May2015 || CATE with SATE roosts and GBTE sites present in May on one beach. No terns present in June, therefore no breeding success for terns.  Survey date 18May2015 || counted for June; in May, some in pairs but no birds clearly in incubation posture; come June, most sites were on opposite side of island compared to May || some birds present in May, Royals too, but mostly closer to water, and no terns were noted as clearly on sites || seemingly complete counts of BLSK, GBTE, and CATE; only 1 LAGU site counted, and none seen in other photographs; no other breeding sp. Noted || most sites with a bird in incubation posture, but many standing pairs also; many more birds presnt compared to May || < 100 BLSK present on same beach as June; no other roosting or breeding spp. evident || small numbers of CATE and ROSA possibly setting up, but likely not on eggs; only BLSK and GBTE ssem to be on eggs; only 1 LAGU seen || 100% of nesting areas photographed, analyzed, and counted; several hundred roosting LAGU and couple hundred roosting BRPE not counted from photographs; all nesting sites analyzed. || LAGU observed sitting on sites; no chicks observed. || BLSK observed on sites in incubatioin posture; no chicks observed. || GBTE observed on sites in incubatioin posture; no chicks observed. || ROYT observed on sites in incubatioin posture; no chicks observed; some nesting groups still building sites. || SAET observed on sites in incubatioin posture; no chicks observed; some nesting groups still building sites. || CATE observed on sites in incubatioin posture; no chicks observed. || Colony photos visually assessed; BLSK and all terns still setting up and getting established; most birds not yet in incubation posture. || site/adults/chicks data edited by PJC || Includes counts from cam1 634; see count image for details. || site/adults/chicks data edited by PJC || Includes counts from cam1 634; see count image for details. || Includes counts from cam1 639; see count image for details. || Includes counts from cam1 639; see count image for details. || Includes counts from cam1 644; see count image for details. || Includes counts from cam1 644; see count image for details. || Includes counts from cam1 644; see count image for details. || Includes counts from cam1 647; see count image for details. || Includes counts from cam1 647; see count image for details. || GBTE on sites. || BLSK on sites in incubation posture. || 1 BLSK site + 1 bird added to this area from Img 469, camera 1 card 3. || 6 BLSK sites + 12 birds added to this area from Imgs 558 & 560, camera 2 card 3. || LAGU on sites. || ROYT on sites in incubation posture; no chicks; colony still appears to be building. || SATE on sites in incubation posture; no chicks; colony still appears to be building. || CATE on sites in incubation posture; no chicks. || upon further review, the 5 CATE was reduced to just 1 CATE, other 4 are ROYT. || upon further review Sites changed to birds. || Upon further review, CATE from screen cap changed to 4 ROYT. || Added 3 BRPE birds from Camera1-324 below. || Added 2 LAGU birds from Camera1-316 above. || Added 3 LAGU birds and 1 LAGU site from Camera1-308 above.",56,30.152600000000003,-89.19679999999998
Fricot Bayou Island,16,"[2010, 2011, 2012, 2013, 2015, 2018]",[],[],"['MarshWetland Island', 'Grasses, wrack lines', 'marsh island']","['FOTE', 'UNWA']",{'N': 8},"Small, fractured inundated wetland island in West Champagne Bay, LA.  Most substrate covered in grasses and wet, some marsh scrub in drier areas.  Camera 2 photos used; coverage of island approximately 85%. || Most birds incubating in May, mates nearby in wrack lines. Adults are dispersed in June, a few still on nests, chicks in groups in vegetation away from nests. || 100% photo coverage of small island. FOTE only species observed on island. || No birds at all; same for 16 May || sitting tight on wrack lines; coverage complete; habitat looks similar in 2010-2012 satellite images || sitting tight on wrack lines; coverage complete || sitting tight on wrack lines; coverage likely complete; some loss of habitat evident in late 2012 satellite image || colony still active; several large chicks attended by adults evident || Includes counts from cam1 266 and cam1 260; see count image for detials. || Includes counts from cam1 270 and cam1 271; see count image for details. || Includes counts from cam1 270 and cam1 271; see count image for details. || Includes  counts from cam1 273 and cam1 275; see count image for details. || Includes  counts from cam1 273 and cam1 275; see count image for details. || Includes counts from cam1 277; see count image for details. || Includes counts from cam1 277; see count image for details. || Includes counts from cam1 282; see count image for details.",16,29.345900000000004,-90.0342
Cedar Lakes 4,42,[2010],['TX'],['Galveston'],['ShrubScrub Island'],"['GREG', 'GBHE', 'UNWA', 'WHEG', 'SDHE', 'TRHE', 'CRCA']",{'N': 1},"Island, within Cedar Lakes area, San Bernard NWR, TX.  Breeding colony within a fenced area, approximately 30-40% of the island; photo coverage of this fenced area approx. 98%, from both camera 1 and 2. || Does not include 16 Empty Nests || Does not include 3 Empty Nests || Does not include 52 Empty Nests || One egg remaining in one GBHE chwoa nest. || Suspect most WHEG are SNEG. || Defined/labeled on screen capture as WADE empty. || Defined/labeled on screen capture as WADE empty. || One egg remaining in one GREG chwoa nest. || Suspect most WHEG are SNEG. || Defined/labeled on screen capture as WADE empty. || Used photo 0010 camera2 for GREG bird counts on fence. || Used photo 0010 camera2 for GBHE bird counts on fence. || Suspect most WHEG are SNEG. || SDHE = small, dark heron. || Suspect most WHEG are SNEG. || Used photo 0013 camera2 for 2 TRHE site counts near fence. || Suspect most WHEG are SNEG. || Defined/labeled on screen capture as WADE empty. || Two eggs remaining in WHEG chwoa nest.  Suspect most WHEG are SNEG. || Defined/labeled on screen capture as WADE empty. || Suspect most WHEG are SNEG. || Defined/labeled on screen capture as WADE empty. || WHEG nest labeled as abandoned contains dead chicks. || Defined/labeled on screen capture as WADE empty. || Defined/labeled on screen capture as WADE empty. || Defined/labeled on screen capture as WADE empty. || Crested Caracara hunting in colony. || No close-in coverage of this area from either camera, used camera2 sharp/clear 005 overview image for counts. || No close-in coverage of this area from either camera, used camera2 sharp/clear 005 overview image for counts. || No close-in coverage of this area from either camera, used camera2 sharp/clear 005 overview image for counts. || No close-in coverage of this area from either camera, used camera2 sharp/clear 005 overview image for counts. || No close-in coverage of this area from either camera, used camera2 sharp/clear 005 overview image for counts. || Additional counts just off image labeled using overview photo 005 from camera2. || Additional counts just off image labeled using overview photo 005 from camera2. || Additional counts just off image labeled using overview photo 005 from camera2. || Additional counts just off image labeled using overview photo 005 from camera2. || Defined/labeled on screen capture as WADE empty. || Defined/labeled on screen capture as WADE empty. || Additional counts just off image labeled using overview photo 005 from camera2. || Additional counts just off image labeled using overview photo 005 from camera2. || Defined/labeled on screen capture as WADE empty.",42,28.8442,-95.48799999999999
Chester Island,39,"[2010, 2021]",['TX'],['Matagorda Bay'],['Spoil Island'],"['AMOY', 'BCNH', 'BRPE', 'CAEG', 'CATE', 'GBHE', 'GREG', 'LAGU', 'LBHE', 'NECO', 'REEG DM', 'REEG WM', 'ROSP', 'ROYT', 'SATE', 'SNEG', 'TRHE', 'WHIB', 'BLSK', 'GBTE', 'REEG', 'ROSA']",{'N': 34},"most species w. big wandering chicks, making nest estimates difficult; coverage OK || Foraging || One site present. || Colony in incubation stage, chicks present. 98% coverage. || Colony in incubation stage, complete coverage. || 10 sites present, chicks present. Complete coverage. || Colony in incubation stage, chicks present. Complete coverage. || Colony in incubation stage, chicks present. Complete coverage. || Colony in incubation stage, Complete coverage. || Four sites present. || Five sites present. || One bird observed in areas dotted for May || One site present. || Colony in incubation stage, Complete coverage. || Colony in incubation stage, Complete coverage. || Colony in incubation stage, Complete coverage. || Colony in incubation stage, Complete coverage. || Colony in incubation stage, Complete coverage. || Colony in incubation stage, Complete coverage. || Six sites present. || Seventy sites present. || Colony in incubation stage, chicks present. Complete coverage. || Colony in incubation stage, chicks present. Complete coverage. || Three sites present. || Colony in incubation stage, chicks present. Complete coverage. || Two birds observed in areas dotted for June. || Three sites present. || Colony in incubation stage, Complete coverage. || Colony in incubation stage, Complete coverage. || Colony in incubation stage, Complete coverage. || Colony in incubation stage, Complete coverage. || Colony in incubation stage, Complete coverage. || Colony in incubation stage, chicks present. Complete coverage. || Colony in incubation stage, chicks present. Complete coverage. || DM/WM combined || WBNs for this colony may or may not have had an adult present; some other loafers not counted to offset overstimate of adults w. WBN category || based on 733 chicks counted, and average brood size of 2; closeups consulted || closeups consulted || based on 2470 terns counted, 60:40 chicks to adults, and average brood size of 1; closeups consulted",39,28.45129,-96.36181500000002
Rollover Bay B,3,"[2010, 2021]",[],[],['marshy grass island'],['TRHE'],{'N': 2},"100% coverage of colony || complete coverage || birds loosely together in marsh areas surrounding island. Maroon coloration extending down from head and neck on to back. Long neck, white undersides visible on some birds.",3,29.5172,-94.5041
Rollover Bay A,7,"[2010, 2021]",['TX'],['Galveston'],"['four, small, grassy marsh islands']","['FOTE', 'LAGU', 'TRHE', 'BLSK', 'GBHE', 'WFIB']",{'N': 4},"90% coverage; one island. Many immature TRHE observed, and empty nests for that species added after dotting. || may include birds that were on B in May (and not countred) and redistributed to A islands by June || just on the main island || Does not include 3 Empty Nests || cut off from tag window in capture but added later || cut off from tag window in capture but added later",6,29.5178,-94.5024
Rollover Bay D,9,[2010],['TX'],['Galveston'],[],"['LAGU', 'TRHE', 'GREG', 'SNEG', 'GBHE', 'BRPE']",{'N': 1},"90% coverage; two islands || Does not include 45 Empty Nests || Does not include 58 Empty Nests || Does not include 14 Empty Nests || Does not include 9 Empty Nests || Does not include 1 Empty Nest || numbers in manual pc window on screen capture wrong, so I added them manually || numbers in manual pc window on screen capture wrong, so I added them manually || numbers in manual pc window on screen capture wrong, so I added them manually",9,29.521499999999996,-94.5056
High Island,20,"[2010, 2021]",['TX'],['Salt Bayou'],[],"['CAEG', 'GREG', 'LBHE', 'ROSP', 'SNEG', 'TRHE', 'NECO', 'COGA', 'WHIB', 'BCNH', 'BBWD']",{'N': 12},"95% coverage; see overview screen capture for areas || CAEG sites present in both May and June but more established in June. || GREG sites present in both months but more established in June. || LBHE sites in both months. || ROSP sites more established in June. || SNEG sites present in both months but more established in June. || TRHE sites present in both months but more established in June. || NECO sites more established in June and also paired NECO, as well as some sites with chicks. || roosting bird foraging, a couple of individuals on island in June. || WHIB sites were few but established in June. Did not observe in May photos. || roosting bird || roosting in trees. || Does not include 144 Empty Nests || Does not include 7 Empty Nests || Does not include 10 Empty Nests || Does not include 1 Empty Nest || Tag window on this screen capture from previous area, so manualy counted. DO NOT REFER TO MPC WINDOW || Tag window on this screen capture from previous area, so manualy counted. DO NOT REFER TO MPC WINDOW || Many fledgling birds but empty nest probably hidden in vegetation || In additions window, only add 2 TRHE birds: It's listed twice on the screen capture",20,29.573948888888893,-94.38913333333333
Point Hunt Island,32,"[2010, 2018, 2021]",['LA'],['Sabine-Calcasieu'],"['shrubs, trees', 'Beach, grasses, shrubs']","['GREG', 'NECO', 'SNEG', 'ROSP', 'WHIB', 'TRHE', 'BRPE', 'GBHE', 'SDHE']",{'N': 3},"85-90% coverage of larger island; most nests empty. Juvs counted in outlying areas first to assist w/ determining  species composition. || no birds in June; a small AWPE, BRPE, corm roost and 6 foraging SNEG/GREG in May || Photos taken in May, no birds visible on island. No photos taken in June. || Does not include 343 Empty Nests || Does not include 52 Empty Nests || Does not include 123 Empty Nests || Does not include 17 Empty Nests || Does not include 56 Empty Nests || Does not include 15 Empty Nests || Overview used here, good estimate of birds, probably almost all immatures. || Overview used here, good estimate of birds, probably almost all immatures. || Overview used here, good estimate of birds, probably almost all immatures. || Overview used here, good estimate of birds, probably almost all immatures. || Overview used here, good estimate of birds, probably almost all immatures. || Overview used here, good estimate of birds, probably almost all immatures. || Overview used here, good estimate of birds, probably almost all immatures. || Overview used here, good estimate of birds, probably almost all immatures. || Overview used here, good estimate of birds, probably almost all immatures. || Overview used here, good estimate of birds, probably almost all immatures. || Manual Point Count window cut off, counted manually || Manual Point Count window cut off, counted manually || Manual Point Count window cut off, counted manually || Part of Manual Point Count window cut off, so birds manually counted. || Part of Manual Point Count window cut off, so birds manually counted. || Part of Manual Point Count window cut off, so birds manually counted. || Part of Manual Point Count window cut off, so birds manually counted. || This screen capture labeled incorrectly as Area 12, but saved correctly as Area 14 || This screen capture labeled incorrectly as Area 12, but saved correctly as Area 14 || This screen capture labeled incorrectly as Area 12, but saved correctly as Area 14 || This screen capture labeled incorrectly as Area 12, but saved correctly as Area 14 || This screen capture labeled incorrectly as Area 12, but saved correctly as Area 14 || These two sites cut off on screen capture manual point count window",32,29.747093333333343,-93.88619333333331
Texas Coast 1,10,[2010],['TX'],['Sabine-Calcasieu'],[],"['SNEG', 'TRHE', 'GREG', 'NECO']",{'N': 1},"95% coverage; see overview screen capture for areas || Chose to include 353 Empty Nests; should Immatures have been counted as Broods? || Chose to include 177 Empty Nests; should Immatures have been counted as Broods? || Chose to include 10 Empty Nests; should Immatures have been counted as Broods? || Camera 1, Card 2 used for this area; photos 163-173 || Camera 1, Card 2 used for this area; photos 163-173 || Camera 1, Card 2 used for this area; photos 163-173 || Camera 1, Card 2 used for this area; photos 163-173 || No photos of this area, estimates based on overview and immatures in colony || No photos of this area, estimates based on overview and immatures in colony",10,29.848180000000003,-93.95212999999998
Motiva West 7th,3,[2010],['TX'],['Sabine-Calcasieu'],[],"['GREG', 'ROSP']",{'N': 1},100% coverage; see overview screen capture for areas || Does not include 86 Empty Nests || Does not include 3 Empty Nests,3,29.851026666666666,-93.95783999999999
Saint George Island,1,[2010],[],[],['Marsh Grass'],[],{'N': 1},Few CAEG & GREG foraging in two separate and segregated groups; no nesting,1,29.6952,-84.7769
Smith Island,21,"[2010, 2013, 2021]",['FL'],['Apalachee Bay'],"['Variable', 'Marsh Island', 'vegetated island/marsh']","['AMOY', 'ALL', 'GREG', 'TRHE', 'BRPE', 'GBHE', 'CAEG', 'UNWA', 'SNEG']",{'N': 3},"Marsh grasses, large shrubs, yucca-like plants.  Nesting areas spread out near beach, and in aggregations. Inadequate photo coverage of marsh-nesting species (TRHE, etc.).  BRPE mostly with large 7+ week old YY.  Only 1 imm BRPE seen (in a BRPE colony). || Foraging. Complete coverage. White birds (great egrets?) evident in 4/11/21 GoogleEarth image, but no waders, BRPE, or LAGU seen during either survey. || all species were well along in nesting period; BRPE had large chicks but still in nests; originally dotted some ""broods"" but after further analysis removed these as the birds were not YY birds; whit egrets were well along with chicks out of nests; || Does not include 15 Empty Nests || Does not include 8 Empty Nests || Does not include 1 Empty Nest || Does not include 50 Empty Nests || Classified as WHIB YY in screenshot, but changed to GBHE although still unsure; also forgot to add ""chick nest"" in screen shot, but included here. || Empty nests could not be identified to CAEG or GREG, but included in GREG || See comments for CAEG, but empty nests observed were catagorized as GREG || Empty nests classified as GREG based on relative species composition, but can't be 100% sure about species. || Couldn't be sure about id.  Brown overall but white-ish underparts with yellow-ish legs & orangish bill?? || Empty nests seen in Area5 were classified as GREG, althoug actually unsure about species with mixed-species aggregations || Didn't actually see any active SNEG nests, only AD & YY || 1 additional chick-nest & 2 YY from photo 061, camera 1 (061 is poor quality) || 5 GREG AD included from photo 019, camera 2 || Could not see detail of chicks present ot not, but could certainly tell if adult was tending (WBN); nesting likely continues from bottom of picture..unsure how far with lack of photo-coverage || Could not see if chicks were present, default WBN. || in screen capture orginally dotted some ""broods"" and chicks along the left edge of the photo; after further inspection determined these were not ""fledged chicks""; thus changed database by removing the 10 brood and 29 chicks on this portion of the photo || in screen capture orginally dotted some ""broods"" and chicks along the left edge of the photo; after further inspection determined these were not ""fledged chicks""; thus changed database by removing the 1 brood and 3 chicks on this portion of the photo || overview type photo; good enough to identify TRHE sites but not much else (i.e., no chicks identifiable); added 4 sites from photo 36",21,30.048715,-84.3163575
Lanark Reef-Pelican Lump,21,"[2010, 2013, 2015, 2021]",[],[],"['Grasses', 'Barrier Island', 'beach, grass, shrubs']","['LAGU', 'AMOY', 'TRHE', 'WILL', 'SBDO', 'MAGO', 'BLSK/GBTE', 'GREG', 'BRPE', 'BLSK', 'GBTE']",{'N': 10},"All BRPE early in chick rearing, maybe 2-4 weeks old.  Picture coverage is ok, but backup photos poor.  A strange un-id. Object seen in lower right of camera 2, pic 026.  Numerous loafing birds not counted due to poor picture quality. || Colony in incubation stage, complete coverage. || Three sites found, complete coverage. || two individuals present, non breeding. || One individual present, non breeding. || non breeding group. || non breeding group. || good coverage || good coverage || just a few birds; no other seabirds/waders seen || Off-photo GREGs added in from 067 & 072 (1 WBN & 1 chick-nest + 3YY, respectively ) || All BRPE YY were around 2-3 weeks old, and most still hidden under adults || Could surely see 4 BRPE WBN, but picture too poor to see anything else || Poor photo, but could see 1 obvious LAGU nest in open area.  Numerous loafing birds not counted due to poor picture quality. || previous RGFC Colony Name: ApalachicolaEast_1 || previous RGFC Colony Name: ApalachicolaEast_1 || previous RGFC Colony Name: ApalachicolaEast_1 || previous RGFC Colony Name: ApalachicolaEast_1 || previous RGFC Colony Name: ApalachicolaEast_1 || previous RGFC Colony Name: ApalachicolaEast_1 || previous RGFC Colony Name: ApalachicolaEast_1",21,29.8781,-84.5684
Lanark Reef West,42,"[2010, 2012, 2013, 2015, 2021]",['FL'],['Apalachicola East'],"['Shrubs/Grasses', 'Barrier Island', 'beach, grass, shrubs']","['BRPE', 'UNSB', 'UNCO', 'AMOY', 'TRHE', 'LAGU', 'BLSK', 'ROYT', 'GBTE', 'CATE', 'SATE', 'BBPL', 'REKN', 'GREG', 'SNEG', 'WILL', 'UNTE']",{'N': 24},"String of mostly connected low-lying islands; One large BRPE area missed by camera 1, but C2 picked up; BRPE phenology seemed to progress from west to east; 1 SOTE ad seen in Area 18; BLSK colonies on eastern portion of island string || Colony in incubation stage, complete coverage. || Foraging. || Foraging. || Three sites found, complete coverage. || Six sites found, complete coverage. || Colony in incubation stage, 95% complete coverage. || Colony in incubation stage, complete coverage. || Colony in incubation stage, complete coverage. || Colony in incubation stage, complete coverage. || Three sites found, complete coverage. || Colony in incubation stage, complete coverage. || Foraging. || Foraging. || Colony in incubation stage, complete coverage. || Colony in incubation stage, complete coverage. || Foraging. || 100% coverage; chicks < 2 wks old || likely some abandonment, but colony still active w. no new nesting groups; many nests in incubation stage, but many chicks up to 6 wks old also || coverage incidental during BLSK photography, but probably representative || 50+ birds possibly setting up, but didn't appear to be breeding || BRPE and GREG with small chicks -- nest coverage 100%; LAGU coverage incidental || Does not include 9 Empty Nests || Additional adults and sites added from Camera 1 077 & Camera 2 035 || Directly adjacent to Area 1; add. Sites from camera 1 083 || Taken from camera 1 085 || 1 Imm BRPE see very dead on ground || 4 BRPE WBN taken from camera 2 040 || Additional LAGU WBN taken from camera 1 129 & 130 || 19 AD added from camera 2 073, not included in screen shot (discovered after phot was dotted) || 2 WBN added here from camera 1 138, to avoid making another screen shot (left out of Area 14 screen shot) || Camera 1 missed this pocket of nests, and all BRPE nests were designated WBN (with AD visibly tending); surely missed gulls and BRPE YY; 16 AD + 6 IMM added from camera 2 075 (not included in screen shot, as discovered after dotting occurred) || 1 BRPE WBN taken from camera 1 184 || 4 AD and 2 SITEs taken from camera 2 081 (included in screen shot) || Additional data in screen shot taken from camera 2 055 for all species in this Area || chicks < 2 wks old || Common Terns? || 50 m E of Area 13 (screen cap incorrectly says 250 m) || 50 m E of Area 13 (screen cap incorrectly says 250 m) || Far W end of the Reef; not photographed in June; presumed empty and failed",40,29.871558071428574,-84.58876121428573
Saint George Causeway,50,"[2010, 2012, 2013, 2015, 2021]",[],[],"['Sand & Grasses', 'Spoil Island']","['BRPE', 'BLSK', 'LAGU', 'ROYT', 'SATE', 'CATE', 'HERG', 'AMOY', 'TRHE', 'DCCO', 'SOTE', 'ROSA', 'UNWA']",{'N': 21},"Long thin dredge is.; Many holes in the photo coverage overall, but also Camera 1, and used numerous Camera 2 pics for Areas; estimated only covered 2/3 of LAGU sites (Cam 2); Areas 19-35 use Camera 2, and quality is poor. || Colony in incubation stage, chicks present. Complete coverage. || One site, one bird present. || Colony in incubation stage, 98% Coverage. || Colony in incubation stage, Complete coverage || Colony in incubation stage, Complete coverage || Colony in incubation stage, Complete coverage || Colony in incubation stage, Complete coverage || Colony in incubation stage, Complete coverage || Foraging. || Foraging. || Foraging. || Foraging. || One site present. || Some small-scale abandonment obvious, but lots of chicks present, none older than about 6 wks; seems appropriate to include PBNs from May in nest total, but not Territories || Colony mostly broken up and brooded chicks of both spp. wandering || Colony still tight and about the same size as May; small chicks evident, but not wandering || Excellent coverage and survey timing for all spp.; BRPE at north end, terns at south end; LAGU throughout; no breeding BLSK, GBTE, SOTE seen || Some chicks conspicuous throughout, some adults still in incubation posture || tern sp. distributions similar to May, with many wandering ROSA chicks;CATE appear to have chicks too, but sticking closer to nest sites;LAGU distribution similar to May, but no close-ups of LAGU in June;May count for LAGU was likely only part of colony || ROSA colonies largely broken up with many wandering chicks along edges of casueway; CATE have younger chicks still being brooded close to nest site; BRPE distribution similar to May--still incubating--no chicks yet; LAGU similar to May; no BLSK seen || Dotted as LETE; changed to SATE, PJC 8Nov22 || LETE distinguished from SATE by having black primaries/wing tips & much smaller - couldn't see bill color; [changed to SATE, PJC 8Nov22] || 3 additional LAGU sites taken from camera 1 281 || Additional BLSK adults & sites taken from Camera 2 093 || UNTE taken from Camera 2 094 and added into Area 13 screen shot - poor resolution. Dotted as UNTE; changed to ROSA, PJC 8Nov22 || dotted as UNTE; changed to ROSA, PJC 8Nov22 || dotted as UNTE; changed to ROSA, PJC 8Nov22 || No coverage on Camera 1; sites likely slightly overestimated as some Adults could be present (and non identifiable) || Area largely missed by Camera 1; assigned species designation based on relative size difference between ROYT & SATE.  Area 18 had all ROYT & SATE in close aggregation, and these assignments agree with that Area. || dotted as UNTE; changed to ROSA, PJC 8Nov22 || Grassy areas up from main tern colonies are largely missed by Camera 1; Area 20 onward is from Camera 2, and picture/data quality is poor || dotted as UNTE; changed to ROSA, PJC 8Nov22 || dotted as UNTE; changed to ROSA, PJC 8Nov22 || dotted as UNTE; changed to ROSA, PJC 8Nov22 || dotted as UNTE; changed to ROSA, PJC 8Nov22 || dotted as UNTE; changed to ROSA, PJC 8Nov22 || dotted as UNTE; changed to ROSA, PJC 8Nov22 || dotted as UNTE; changed to ROSA, PJC 8Nov22 || dotted as UNTE; changed to ROSA, PJC 8Nov22 || dotted as UNTE; changed to ROSA, PJC 8Nov22 || dotted as UNTE; changed to ROSA, PJC 8Nov22 || dotted as UNTE; changed to ROSA, PJC 8Nov22 || dotted as UNTE; changed to ROSA, PJC 8Nov22 || dotted as UNTE; changed to ROSA, PJC 8Nov22 || 2 LAGU accidentally dotted as BLSK (2 BLSK in ScreenCap is in error) || shoreline roost || shoreline roost || shoreline roost || shoreline roost",50,29.6943,-84.884
Apalachicola Bird Island,24,"[2010, 2012, 2013, 2015, 2021]",['FL'],['Apalachicola East'],"['sand/shrubs', 'Barrier Island']","['BLSK', 'BRPE', 'CATE', 'ROYT', 'GBTE', 'SATE', 'LAGU', 'UNWA', 'SNEG']",{'N': 12},"Holes in camera 1 photo coverage, especially, but most all covered by camera 2; all BRPE incubating & tight on nests (only 1 empty); UNWA were likely LAGU, but couldn't tell with certainty in photos (blurry at high zoom) || Colony in incubation stage, complete coverage. || Roosting birds. || Roosting birds. || Roosting birds. || Five sites found. || Roosting birds. || Roosting birds. || Roosting birds only; little if any breeding habitat; no photos in June || chicks small, and partly concealed by adults; many nests still in incubation stage; roosters along shoreline not counted || roosting birds only; island looks manipulated since 2012, like it was graded with machinery || roosting birds only; island looks manipulated since 2012, like it was graded with machinery || Does not include 1 Empty Nest || Camera 1 did not cover this region, but all BRPE are either incubating or have VERY young chicks (likely the former) || Camera 1 did not cover this region, all BRPE incubating; all offshore BRPE attributed to Area, but all taken from camera 2 160 & 162 || All UNWA likely LAGU, but couldn't be certain, as opposed to terns, etc. || BRPE roosting on beach and in water offshore; numerous indiv. looked sick and dying on beach near thick green veg. on lower portion of point near driftwood log - no oil visible. || All BRPE are either incubating or have very small (unobserved) chicks. || Extra BRPE adult from camera 1 303; one BRPE adult missed in screen shot, added in here. || not all roosting birds counted || not all roosting birds counted || not all roosting birds counted || not all roosting birds counted || not all roosting birds counted",24,29.714384625,-84.97496225
Lake Number Five,46,"[2010, 2011, 2012, 2013, 2015, 2021]",['FL'],['Apalachicola East'],"['Shrubs/Swamp', 'Area within barrier Island w trees', 'heavily vegetated with trees', 'Large trees/shrubs, complex canopy, open water.']","['ANHI', 'GLIB', 'WHIB', 'Waders', 'GREG', 'LBHE', 'SNEG', 'TRHE', 'BCNH', 'LIBH', 'CAEG', 'WHEG', 'GBHE', 'LAGU']",{'N': 22},"Many holes in photo coverage, but able to get good samples with few close-ups; made rough estimation in one large region with poor coverage (Area 6); all white egrets, mostly GREG with large YY perched about; 1 GBHE AD || Two sites found. || Foraging. || one bird observed. || Waders consist of GREG, SNEG, LBHE, TRHE, WHEG, SDHE. All species found nesting. Difficult to determine identification of species due to dense vegetation. || nestlings || nestlings and eggs || incubator || nestlings || incubators || Tree-dominated habitat made detection of birds difficult; birds not dotted, but all photos were reviewed and numbers were tallied to give gross estimates. || Not dotted; very few visible nests compared to May survey; May survey represents best count. || Tree-dominated habitat made detection of birds difficult; birds not dotted, but all photos were reviewed and numbers were tallied to give gross estimates. || Not dotted; very few visible nests compared to May survey; May survey represents best count. || Unknown percentage of colony photographed, analyzed, and counted.  Complex canopy cover made dotting difficult and surely prevented detection of nests/birds. || TRHE observed sitting on sites and with 1/3 grown chicks. || SNEG observed sitting on sites; chicks likely present but not detected. || GREG observed sitting on sites and with 1/3 grown chicks. || BCNH observed sitting on sites; no chicks observed. || LIBH observed sitting on sites and with 1/3 grown chicks. || CAEG observed sitting on sites; no chicks observed. || Colony photos visually assessed; same species present as observed during May survey; larger chicks observed, straying from nest sites. || Does not include 3 Empty Nests || One GREG at a WBN looked dead on the nest (classified as a WBN in upper right of screen shot) || Not actually sure if these WHEG were adults, but needed to place them in an age class (likely GREG, even GREG YY, but couldn't tell) || This area roughly estimated from camera 2 as no close-ups were available; resolution was very poor, and counts are very rough; couldn't distinguish btwn adults and YY, so just used ""adult"" || Likely SNEG, but couldn't tell with poor resolution || PJC added 3 Broods, given the Chick count, 6Nov22 || Couldn't identify YY from AD with poor resolution || Some of the WBN could have been Chick Nests, and couldn't tell when dotting - classified as ""WBN"" with chicks added || CAEG on sites. || TRHE on sites. || SNEG on sites. || GREG on sites. || TRHE chicks approx. 1/3 grown. || GREG chicks 1/3 grown. || LIBH on sites. || Numbers estimated; not dotted.  Tree-dominated habitat makes dotting difficult. || Numbers estimated; not dotted.  Tree-dominated habitat makes dotting difficult. || Numbers estimated; not dotted.  Tree-dominated habitat makes dotting difficult. || Numbers estimated; not dotted.  Birds labeled on screen capture as SNEG, are instead CAEG, as recorded here. || Numbers estimated; not dotted.  Tree-dominated habitat makes dotting difficult. || Numbers estimated; not dotted.  Tree-dominated habitat makes dotting difficult. || Numbers estimated; not dotted.  Tree-dominated habitat makes dotting difficult. || Numbers estimated; not dotted.  Tree-dominated habitat makes dotting difficult. || Numbers estimated; not dotted.  Tree-dominated habitat makes dotting difficult.",46,29.6471,-85.1279
Flag Island South,34,"[2010, 2011, 2012, 2013, 2015, 2021]",[],[],"['Sand Island', 'Barrier Island', 'Sandspit w. patchy vegetation']","['BLSK', 'GBTE', 'BRPE', 'LETE', 'LAGU', 'ROYT', 'CATE', 'SATE', 'ROSA', 'BLTE']",{'N': 17},"GBTE mixed in with BLSK in center of island; One boat with people on shore, another just offshore, and another sunk near shore half in/out of water; likely missed some roosting birds on unphotographed shoreline; overall good photo coverage. || Colony in incubation stage, complete coverage. || Colony in incubation stage, complete coverage. || non breeding group. || LETE captured in cam 1 adjacent to BLSK and other terns but not intermixed; difficult to determine total amount of nests present but likely not many. || Foraging. || Colony in incubation stage, complete coverage. || Colony in incubation stage, complete coverage. || Colony in incubation stage, complete coverage. || Tern and skimmer coverage excellent; colonies tight; just a few BLSK in May in breeding areas || Royal and Sandwich terns just beginning to assemble, definitely no egg-laying yet; a colony does form by June survey; not all standing birds along shoreline counted || Most birds in pairs, usually with one more clearly in sitting posture; degree of egg-laying uncertain || incidental coverage adjacent to 3 different BLSK groups || roosters along shoreline as well as some standing birds well away from colony not counted; edges of colony still growing, as birds on edge often in pairs || birds mostly in pairs || only ROSA counted to capture nesting effort; all other spp. from May (inluding LETE) still present on sites; BLSK and GBTE possibly in higher #s compared to May || Royal and Sandwich terns in several small groups-no chicks yet; many roosting BRPE, LAGU and terns along the extensive shoreline not counted; no breeding CATE or LETE seen || Over 100 aditional BLTE just out of photo to the right, but will pick up on camera 2 || 4 additional BLSK sites taken from camera 2 201 (included in screen shot) || 6 additional BLSK sites taken from camera 2 201 (included in screen shot) || Can obviously see an adult CATE with a ~10cm fish in its bill, ready to feed the mate sitting on the site || 11 sites and 4 adults taken from camera 2 217 (included in screen shot) || 1 site taken from camera 2 217 (included in screen shot) || 4 BLSK sites taken from camera 2 217 (included in screen shot) || Additional sites and adults taken from camera 2 220 (included in screen shot) || Additional birds taken from camera 1 467 (included in screen shot) || BRPE classified as ""adult"" for data entry purposes, but could not tell age from photo || LAGU classified as ""adult"" for data entry purposes, but could not tell age from photo || Noted many BLTE in Area 1, which continued out of photo, and these are the remainder of that group || BRPE classified as ""adult"" for data entry purposes, but could not tell age from photo || LAGU classified as ""adult"" for data entry purposes, but could not tell age from photo || LAGU classified as ""adult"" for data entry purposes, but could not tell age from photo || Could have been a few CATE in there, but photo was too far away to tell, likely not many || along shoreline in other Cam2 pics; roosters of other spp. not counted",34,29.6243,-85.1519
Saint Vincent Island Roost,2,[2010],[],[],['Beach Roost'],['BRPE'],{'N': 1},BRPE and LAGU roosting on the western beach of Saint Vincent Island;  no nesting. || One additional IMM BRPE taken from camera 1 528 (included in screen shot),2,29.6773,-85.2214
Audubon Island,25,"[2010, 2011, 2012, 2013, 2015, 2021]",['FL'],['Apalachicola West'],"['Grasses/Sand', 'Spoil Island; grasses w riprap perimeter']","['SATE', 'LAGU', 'BRPE', 'GBHE', 'RUTU', 'ROYT']",{'N': 21},"Circular island surrounded by riprap; BRPE nesting and roosting near/on riprap and island itself; Most BRPE YY are large 6-12 weeks old, but most still near nests; BRPE & LAGU only nesting/roosting species || Small colony in incubation stage. Complete coverage. || Colony in incubation stage, chicks present. Complete coverage. || Colony in incubation stage, chicks present. Complete coverage. || One nest w chick present. Complete coverage. || Foraging. || Small colony in incubation stage, chicks present. Complete coverage. || May was best month to count BRPE and other species. No new breeding groups in June for BRPE. || Coverage ~ 100% || Coverage ~ 100% || site total probably ~ 95% complete || nest coverage complete || nest distribution similar to May; many large chicks, none in full juvenile plumage yet || nest distribution similar to May; many small chicks evident || several dozen chicks evident, mostly large, a few in juvenile plumage; no new nests || #s similar to May; sitting tight || Distribution similar to May; more chicks compared to May; no new nesting groups || Distribution similar to May; many nests w. about 1/3 grown chicks; no new nesting groups || 2 pairs of biologsts on opposite sides of the island; inflatable boat on-island; motor boat anchored offshore; many Rock Pigeons in both May and June || Coverage ~ 100% || Coverage ~ 100% || Does not include 16 Empty Nests || One BRPE WBN with an IMM BRPE sitting on nest (age-WW1) || One dead YY seen in a chick nest with 3 alive chicks present || One BRPE YY added in that wasn't included in screen shot (upper right corner of screen)",25,30.176576,-85.73562000000001
Mustang Bayou Island,128,"[2010, 2021]",['TX'],['Galveston'],"['Grasses/low Shrub', 'Bayou with sand bar']","['AWPE', 'BRPE', 'DCCO', 'GREG', 'LAGU', 'ROYT', 'SATE', 'TRHE', 'BLSK', 'SOTE', 'WFIB', 'WHEG', 'SNEG', 'AMOY']",{'N': 9},"Approx. 2/3 of island was photographed by camera 1; In addition to extra adults of these sp., I estimate that there could be 150-250 additional LAGU nests, 25-35 WHEG nests, 5-10 BRPE nests, 15-25 TRHE nests, 25-50 ROYT nests. || Foraging || 8 WBN, rest foraging. Complete coverage. || Foraging. || One site. || Colony in incubation stage, 3 LAGU C. Complete coverage. || Colony chicked out and primarly by shoreline. Complete coverage. || Colony chicked out and primarly by shoreline. Complete coverage. || Colony in incubation stage. Complete coverage. Complete coverage. || Does not include 3 Empty Nests || Does not include 7 Empty Nests || 3 IMM BRPE added in from camera 1 card 1 0002; entered as 6/12/2010, changed to 6/25/2010 PJC 18Nov22 || entered as 6/12/2010, changed to 6/25/2010 PJC 18Nov22 || entered as 6/12/2010, changed to 6/25/2010 PJC 18Nov22 || entered as 6/12/2010, changed to 6/25/2010 PJC 18Nov22 || entered as 6/12/2010, changed to 6/25/2010 PJC 18Nov22 || entered as 6/12/2010, changed to 6/25/2010 PJC 18Nov22 || entered as 6/12/2010, changed to 6/25/2010 PJC 18Nov22 || entered as 6/12/2010, changed to 6/25/2010 PJC 18Nov22 || entered as 6/12/2010, changed to 6/25/2010 PJC 18Nov22 || Additional LAGU taken from camera 1 card 1 0030; entered as 6/12/2010, changed to 6/25/2010 PJC 18Nov22 || Additional BRPE taken from camera 1 card 1 0030; entered as 6/12/2010, changed to 6/25/2010 PJC 18Nov22 || entered as 6/12/2010, changed to 6/25/2010 PJC 18Nov22 || entered as 6/12/2010, changed to 6/25/2010 PJC 18Nov22 || entered as 6/12/2010, changed to 6/25/2010 PJC 18Nov22 || entered as 6/12/2010, changed to 6/25/2010 PJC 18Nov22 || entered as 6/12/2010, changed to 6/25/2010 PJC 18Nov22 || entered as 6/12/2010, changed to 6/25/2010 PJC 18Nov22 || entered as 6/12/2010, changed to 6/25/2010 PJC 18Nov22 || entered as 6/12/2010, changed to 6/25/2010 PJC 18Nov22 || entered as 6/12/2010, changed to 6/25/2010 PJC 18Nov22 || entered as 6/12/2010, changed to 6/25/2010 PJC 18Nov22 || entered as 6/12/2010, changed to 6/25/2010 PJC 18Nov22 || entered as 6/12/2010, changed to 6/25/2010 PJC 18Nov22 || entered as 6/12/2010, changed to 6/25/2010 PJC 18Nov22 || TRHE YY range from being shaded in nest to large and increasingly independent near nest;entered as 6/12/2010, changed to 6/25/2010 PJC 18Nov22 || entered as 6/12/2010, changed to 6/25/2010 PJC 18Nov22 || entered as 6/12/2010, changed to 6/25/2010 PJC 18Nov22 || entered as 6/12/2010, changed to 6/25/2010 PJC 18Nov22 || entered as 6/12/2010, changed to 6/25/2010 PJC 18Nov22 || entered as 6/12/2010, changed to 6/25/2010 PJC 18Nov22 || entered as 6/12/2010, changed to 6/25/2010 PJC 18Nov22 || entered as 6/12/2010, changed to 6/25/2010 PJC 18Nov22 || entered as 6/12/2010, changed to 6/25/2010 PJC 18Nov22 || entered as 6/12/2010, changed to 6/25/2010 PJC 18Nov22 || 1 WBN taken from camera 1 card 1 0106; entered as 6/12/2010, changed to 6/25/2010 PJC 18Nov22 || 1 Brood and 1 AD taken from camera 1 card 1 0106; entered as 6/12/2010, changed to 6/25/2010 PJC 18Nov22 || entered as 6/12/2010, changed to 6/25/2010 PJC 18Nov22 || entered as 6/12/2010, changed to 6/25/2010 PJC 18Nov22 || entered as 6/12/2010, changed to 6/25/2010 PJC 18Nov22 || entered as 6/12/2010, changed to 6/25/2010 PJC 18Nov22 || entered as 6/12/2010, changed to 6/25/2010 PJC 18Nov22 || entered as 6/12/2010, changed to 6/25/2010 PJC 18Nov22 || entered as 6/12/2010, changed to 6/25/2010 PJC 18Nov22 || entered as 6/12/2010, changed to 6/25/2010 PJC 18Nov22 || entered as 6/12/2010, changed to 6/25/2010 PJC 18Nov22 || entered as 6/12/2010, changed to 6/25/2010 PJC 18Nov22 || entered as 6/12/2010, changed to 6/25/2010 PJC 18Nov22 || entered as 6/12/2010, changed to 6/25/2010 PJC 18Nov22 || entered as 6/12/2010, changed to 6/25/2010 PJC 18Nov22 || entered as 6/12/2010, changed to 6/25/2010 PJC 18Nov22 || entered as 6/12/2010, changed to 6/25/2010 PJC 18Nov22 || entered as 6/12/2010, changed to 6/25/2010 PJC 18Nov22 || entered as 6/12/2010, changed to 6/25/2010 PJC 18Nov22 || entered as 6/12/2010, changed to 6/25/2010 PJC 18Nov22 || entered as 6/12/2010, changed to 6/25/2010 PJC 18Nov22 || entered as 6/12/2010, changed to 6/25/2010 PJC 18Nov22 || entered as 6/12/2010, changed to 6/25/2010 PJC 18Nov22 || entered as 6/12/2010, changed to 6/25/2010 PJC 18Nov22 || entered as 6/12/2010, changed to 6/25/2010 PJC 18Nov22 || entered as 6/12/2010, changed to 6/25/2010 PJC 18Nov22 || entered as 6/12/2010, changed to 6/25/2010 PJC 18Nov22 || entered as 6/12/2010, changed to 6/25/2010 PJC 18Nov22 || entered as 6/12/2010, changed to 6/25/2010 PJC 18Nov22 || entered as 6/12/2010, changed to 6/25/2010 PJC 18Nov22 || entered as 6/12/2010, changed to 6/25/2010 PJC 18Nov22 || entered as 6/12/2010, changed to 6/25/2010 PJC 18Nov22 || entered as 6/12/2010, changed to 6/25/2010 PJC 18Nov22 || entered as 6/12/2010, changed to 6/25/2010 PJC 18Nov22 || entered as 6/12/2010, changed to 6/25/2010 PJC 18Nov22 || entered as 6/12/2010, changed to 6/25/2010 PJC 18Nov22 || entered as 6/12/2010, changed to 6/25/2010 PJC 18Nov22 || entered as 6/12/2010, changed to 6/25/2010 PJC 18Nov22 || entered as 6/12/2010, changed to 6/25/2010 PJC 18Nov22 || entered as 6/12/2010, changed to 6/25/2010 PJC 18Nov22 || entered as 6/12/2010, changed to 6/25/2010 PJC 18Nov22 || entered as 6/12/2010, changed to 6/25/2010 PJC 18Nov22 || entered as 6/12/2010, changed to 6/25/2010 PJC 18Nov22 || entered as 6/12/2010, changed to 6/25/2010 PJC 18Nov22 || entered as 6/12/2010, changed to 6/25/2010 PJC 18Nov22 || entered as 6/12/2010, changed to 6/25/2010 PJC 18Nov22 || entered as 6/12/2010, changed to 6/25/2010 PJC 18Nov22 || entered as 6/12/2010, changed to 6/25/2010 PJC 18Nov22 || entered as 6/12/2010, changed to 6/25/2010 PJC 18Nov22 || entered as 6/12/2010, changed to 6/25/2010 PJC 18Nov22 || entered as 6/12/2010, changed to 6/25/2010 PJC 18Nov22 || entered as 6/12/2010, changed to 6/25/2010 PJC 18Nov22 || entered as 6/12/2010, changed to 6/25/2010 PJC 18Nov22 || entered as 6/12/2010, changed to 6/25/2010 PJC 18Nov22 || entered as 6/12/2010, changed to 6/25/2010 PJC 18Nov22",128,29.16749440000001,-95.12832513333335
West Bay Bird Island New,191,"[2010, 2021]",['TX'],['Galveston'],['Shrubs/Grasses'],"['LAGU', 'BRPE', 'CATE', 'ROSA', 'WHIB', 'GBTE', 'ROYT', 'REEG', 'TRHE', 'SATE', 'GBHE', 'BLSK', 'GREG']",{'N': 5},"Great photo coverage on vegetated island; Many birds missed roosting on surrounding beaches (est. up to 1 thousand terns sp. with broods, >100+ BRPE, many LAGUs likely with broods); WHIB, TRHE still incubating; ROYT & SATE with broods on beachs || much nest loss by June likely due to weather/flooding; no chicks evident in June || some nest loss since May, but also many chicks present in June || some chicks in May; considered sites in June new || just a few ROYT and SATE hanging out in May; more sandy habitat available in June || Does not include 68 Empty Nests || Includes 1 Empty Nest || entered as 6/12/2010, changed to 6/25/2010 PJC 18Nov22 || entered as 6/12/2010, changed to 6/25/2010 PJC 18Nov22 || 1 obviously dead WHIB on beach, not counted. entered as 6/12/2010, changed to 6/25/2010 PJC 18Nov22 || entered as 6/12/2010, changed to 6/25/2010 PJC 18Nov22 || Few LAGU dead in colony area, looked old but couple could be this year. entered as 6/12/2010, changed to 6/25/2010 PJC 18Nov22 || entered as 6/12/2010, changed to 6/25/2010 PJC 18Nov22 || entered as 6/12/2010, changed to 6/25/2010 PJC 18Nov22 || entered as 6/12/2010, changed to 6/25/2010 PJC 18Nov22 || entered as 6/12/2010, changed to 6/25/2010 PJC 18Nov22 || entered as 6/12/2010, changed to 6/25/2010 PJC 18Nov22 || entered as 6/12/2010, changed to 6/25/2010 PJC 18Nov22 || Numerous broods hiding in shrubs, and classified as sites when adults were obviously tending. entered as 6/12/2010, changed to 6/25/2010 PJC 18Nov22 || entered as 6/12/2010, changed to 6/25/2010 PJC 18Nov22 || entered as 6/12/2010, changed to 6/25/2010 PJC 18Nov22 || entered as 6/12/2010, changed to 6/25/2010 PJC 18Nov22 || entered as 6/12/2010, changed to 6/25/2010 PJC 18Nov22 || entered as 6/12/2010, changed to 6/25/2010 PJC 18Nov22 || entered as 6/12/2010, changed to 6/25/2010 PJC 18Nov22 || entered as 6/12/2010, changed to 6/25/2010 PJC 18Nov22 || entered as 6/12/2010, changed to 6/25/2010 PJC 18Nov22 || entered as 6/12/2010, changed to 6/25/2010 PJC 18Nov22 || entered as 6/12/2010, changed to 6/25/2010 PJC 18Nov22 || entered as 6/12/2010, changed to 6/25/2010 PJC 18Nov22 || entered as 6/12/2010, changed to 6/25/2010 PJC 18Nov22 || entered as 6/12/2010, changed to 6/25/2010 PJC 18Nov22 || entered as 6/12/2010, changed to 6/25/2010 PJC 18Nov22 || entered as 6/12/2010, changed to 6/25/2010 PJC 18Nov22 || entered as 6/12/2010, changed to 6/25/2010 PJC 18Nov22 || entered as 6/12/2010, changed to 6/25/2010 PJC 18Nov22 || entered as 6/12/2010, changed to 6/25/2010 PJC 18Nov22 || entered as 6/12/2010, changed to 6/25/2010 PJC 18Nov22 || entered as 6/12/2010, changed to 6/25/2010 PJC 18Nov22 || entered as 6/12/2010, changed to 6/25/2010 PJC 18Nov22 || entered as 6/12/2010, changed to 6/25/2010 PJC 18Nov22 || entered as 6/12/2010, changed to 6/25/2010 PJC 18Nov22 || entered as 6/12/2010, changed to 6/25/2010 PJC 18Nov22 || entered as 6/12/2010, changed to 6/25/2010 PJC 18Nov22 || entered as 6/12/2010, changed to 6/25/2010 PJC 18Nov22 || entered as 6/12/2010, changed to 6/25/2010 PJC 18Nov22 || entered as 6/12/2010, changed to 6/25/2010 PJC 18Nov22 || entered as 6/12/2010, changed to 6/25/2010 PJC 18Nov22 || entered as 6/12/2010, changed to 6/25/2010 PJC 18Nov22 || entered as 6/12/2010, changed to 6/25/2010 PJC 18Nov22 || entered as 6/12/2010, changed to 6/25/2010 PJC 18Nov22 || entered as 6/12/2010, changed to 6/25/2010 PJC 18Nov22 || entered as 6/12/2010, changed to 6/25/2010 PJC 18Nov22 || entered as 6/12/2010, changed to 6/25/2010 PJC 18Nov22 || entered as 6/12/2010, changed to 6/25/2010 PJC 18Nov22 || entered as 6/12/2010, changed to 6/25/2010 PJC 18Nov22 || entered as 6/12/2010, changed to 6/25/2010 PJC 18Nov22 || entered as 6/12/2010, changed to 6/25/2010 PJC 18Nov22 || entered as 6/12/2010, changed to 6/25/2010 PJC 18Nov22 || entered as 6/12/2010, changed to 6/25/2010 PJC 18Nov22 || entered as 6/12/2010, changed to 6/25/2010 PJC 18Nov22 || entered as 6/12/2010, changed to 6/25/2010 PJC 18Nov22 || entered as 6/12/2010, changed to 6/25/2010 PJC 18Nov22 || entered as 6/12/2010, changed to 6/25/2010 PJC 18Nov22 || entered as 6/12/2010, changed to 6/25/2010 PJC 18Nov22 || entered as 6/12/2010, changed to 6/25/2010 PJC 18Nov22 || entered as 6/12/2010, changed to 6/25/2010 PJC 18Nov22 || entered as 6/12/2010, changed to 6/25/2010 PJC 18Nov22 || entered as 6/12/2010, changed to 6/25/2010 PJC 18Nov22 || entered as 6/12/2010, changed to 6/25/2010 PJC 18Nov22 || entered as 6/12/2010, changed to 6/25/2010 PJC 18Nov22 || entered as 6/12/2010, changed to 6/25/2010 PJC 18Nov22 || entered as 6/12/2010, changed to 6/25/2010 PJC 18Nov22 || entered as 6/12/2010, changed to 6/25/2010 PJC 18Nov22 || entered as 6/12/2010, changed to 6/25/2010 PJC 18Nov22 || entered as 6/12/2010, changed to 6/25/2010 PJC 18Nov22 || entered as 6/12/2010, changed to 6/25/2010 PJC 18Nov22 || entered as 6/12/2010, changed to 6/25/2010 PJC 18Nov22 || entered as 6/12/2010, changed to 6/25/2010 PJC 18Nov22 || entered as 6/12/2010, changed to 6/25/2010 PJC 18Nov22 || entered as 6/12/2010, changed to 6/25/2010 PJC 18Nov22 || entered as 6/12/2010, changed to 6/25/2010 PJC 18Nov22 || entered as 6/12/2010, changed to 6/25/2010 PJC 18Nov22 || entered as 6/12/2010, changed to 6/25/2010 PJC 18Nov22 || entered as 6/12/2010, changed to 6/25/2010 PJC 18Nov22 || entered as 6/12/2010, changed to 6/25/2010 PJC 18Nov22 || entered as 6/12/2010, changed to 6/25/2010 PJC 18Nov22 || entered as 6/12/2010, changed to 6/25/2010 PJC 18Nov22 || entered as 6/12/2010, changed to 6/25/2010 PJC 18Nov22 || entered as 6/12/2010, changed to 6/25/2010 PJC 18Nov22 || entered as 6/12/2010, changed to 6/25/2010 PJC 18Nov22 || entered as 6/12/2010, changed to 6/25/2010 PJC 18Nov22 || entered as 6/12/2010, changed to 6/25/2010 PJC 18Nov22 || entered as 6/12/2010, changed to 6/25/2010 PJC 18Nov22 || entered as 6/12/2010, changed to 6/25/2010 PJC 18Nov22 || entered as 6/12/2010, changed to 6/25/2010 PJC 18Nov22 || entered as 6/12/2010, changed to 6/25/2010 PJC 18Nov22 || entered as 6/12/2010, changed to 6/25/2010 PJC 18Nov22 || entered as 6/12/2010, changed to 6/25/2010 PJC 18Nov22 || entered as 6/12/2010, changed to 6/25/2010 PJC 18Nov22",191,29.09869593582888,-95.1411023529412
West Bay Bird Island,27,"[2010, 2021]",['TX'],['Galveston'],"['shrubs/Tall Grasses', 'Marsh Island']","['BCNH', 'FOTE', 'GBHE', 'GREG', 'LAGU', 'REEG DM', 'REEG WM', 'ROSP', 'SNEG', 'TRHE', 'WHIB', 'REEG', 'WHEG', 'UNWA']",{'N': 12},"Trash strewn about everywhere and visible in Area 7 plus numerous others; photo coverage ~3/4 of island vegetation; TRHE incubating to fledged; similiar phenology for other ciconiiforms (WHEG, GBHE, WHIB, etc.); many nests already fledged and now empty || Colony in incubation stage. || Colony in incubation stage. Complete coverage. || Colony in incubation stage, chicks present. || Colony in incubation stage, chicks present. || Colony in incubation stage. || Colony in incubation stage. || Colony in incubation stage. || Colony in incubation stage, chicks present. Complete coverage. || Colony in incubation stage, chicks present. Complete coverage. || Colony in incubation stage. || Foraging. || Does not include 8 Empty Nests || DM/WM combined || Does not include 1 Empty Nest || Additional LAGU taken from camera 2 0116 || Additional TRHE taken from camera 2 0116 || UNWA Empty nests in this Area likely GREG based on independent broods in area, but could not be sure so marked as UNWA || Very likely TRHE based on species abundance & distribution, and nest site characteristic || Additional LAGU taken from camera 2 0121 || Very likely TRHE based on relative abundance, distribution, and nest site characteristic || Additional LAGU taken from camera 1 0391 & 0392 || Likely missed some sites and adults due to oblique camera angle || General comment: On Area 43 screen shot, the Area immediately below should read as ""Area 42"", not Area 43. || Abundant trash visible in screen shot || Empty nests very likely LAGU || Additional LAGU taken from camera 1 0496",27,29.094950625,-95.140846875
Bay Harbor Island,10,"[2010, 2021]",['TX'],['Galveston'],['Sand/Grasses'],"['LAGU', 'ROYT', 'WHIB', 'TRHE', 'SATE', 'REEG', 'BLSK', 'REEG WM']",{'N': 8},"Close-up photos used to obtain bird counts, but dotted on overview photo; LAGU phenology ranged from site attendance to brood tending with large chicks || no obvious chicks in June; complete coverage || a few chicks in June,with some birds on nests, but apparently a lot of nest failure since May || many more birds in May; June birds incubating || still incubating in June; no obvious chicks || 3 nests in May still active in June, plus a few more WM || just a few birds || DM/WM combined || incl. 2 WM at one nest (mated pair)",9,29.132604999999998,-95.07422
North Deer Island,58,"[2010, 2021]",['TX'],['Galveston'],"['Variable', 'All', 'Upland Areas', 'Exterior Marsh', 'Marsh', 'Interior Marsh']","['BRPE', 'LAGU', 'BCNH', 'FOTE', 'GREG', 'GBHE', 'NECO', 'REEG', 'ROSP', 'SNEG', 'TRHE', 'WFIB', 'WHIB', 'UNWA', 'ROYT', 'ROSA', 'SATE', 'AMOY', 'CAEG']",{'N': 18},"Grasses to shrubs to Yucca and Tamarisk; BRPE mostly with large 12+ wk YY; Most Heron/Egret/IBIS spp. still incubating/shading small YY, few TRHE with large YY; LAGU with large YY or incub.; Tern spp. with large YY on beaches; Est. 85% photo cov. --> || BRPE in various stages in May. Numbers were much lower in June. Large numbers of chicks not obvious in June despite phenology of May indicating they should be. Used some June photos to cover areas within marsh missed in May. || Large numbers of LAGU throughout the island. May had higher numbers with June seemingly reduced or eggs hatched and chicks hidden in vegetation etc. Used June photos to cover areas no photographed or where LAGU did not appear in May. This is particularly || Small numbers seen on the berm and shrubs of the upland areas. || A small group of FOTE begain nesting on wrack sometime after May survey. Wrack and terns were not present in May but appeared in June survey || nesting on the ground and shrubs of the ""upland"" areas. Various stages from incubation to chicks alone in nests. Few occupied nests in June; May survey best for counts. || nesting on ground and in shrubs of the upland areas. Mostly chicks alone in nests but some incubation and smaller chicks seen. || nesting in shrubs of upland areas. Most birds in incubation posture. No chicks observed in May. June photos not examined close enough to determine if successful breeding occurred. || seen in marsh habitats throughout the island; at the edges of the upland areas and on the outer island where 1 white morph REEG was seen in incubation posture. Did not see this bird in June photos - nest hatched and adult gone? || nesting in shrubs of upland areas; perhaps a few on the ground outside of shrubs but very few. Phenology was incubation to small unattended chicks. || mostly seen in upland areas within shrubs or near shrubs on the ground or at edges of upland areas. Most birds in incubation posture. || seen nesting on ground throughout island but mostly in marsh areas or in marsh at edges of upland areas. Most birds in incubation posture in May. A few nests in June photos used to count missed nests in June or areas where LAGU appeared in exterior marsh || seen through marsh areas - especially in interior marsh in May and exterior marsh in June. Exterior marsh was void of birds in May but WFIB appeared along with LAGU and FOTE in June. || no nesting observed but a few individuals seen foraging in marsh areas. || used June photos to cover an area missed in May. See notes for May above || used June photos to cover an area missed in May. See notes for May above. Also small groups that appeared in June photos but were absent in May were counted. || used June photos to cover an area missed in May. See notes for May above || a few areas where WFIB appeared in June but were not present in May were counted; along with LAGU and FOTE || Does not include 150 Empty Nests || DM/WM combined || Additional LAGU taken from camera 2 0199 || Additional LAGU taken from camera 2 0204 || Additional NECO taken from camera 2 0204 || Additional LAGU taken from camera 2 pictures 0274 and 0271 || Additional TRHE taken from camera 2 pictures 0274 and 0271 || taken from camera 2 pictures 0271 || Referencing the AOU Birds of North America catalogue, only WFIB (not Glossy) would be found in this region of Texas || Additional LAGU taken from camera 2 pictures 0254, 0256, 0257, and 0258 || 2 WFIB seen sitting atop well built nests on the ground, but marked as ADULT because this did not fit with previous knowledge of WFIB nesting ecology (highly colonial, over-water nesting, etc.) || Additional LAGU taken from camera 2 0280 || Additional ROYT taken from camera 2 0280 || Additional ROSA BROODS taken from camera 2 0280 || Additional SATE taken from camera 2 0280 || Additional AMOY taken from camera 2 0280 || One WFIB seen sitting atop a well built nest, but not sure if actually nesting, so marked as ADULT || WFIB added here (not in screen shot) under WBN category after a closer look at camera 1 photos to confirm species id. || Additional LAGU taken from camera 2 0321 || Additional WFIB taken from camera 2 0321 || Taken from camera 2 323 || Taken from camera 2 323 || Taken from camera 2 0338 || More broods likely present, but concealed by shubs || Likely NECO or WHEG, but can't tell for sure || Many of these adult WFIB could indeed be YY's, but could not tell from photo, so lumped into ADULT || Some indiv. WFIB could be YY, and couldn't tell from photo || NECO may have nests concealed in vegetation || Large white eggs in abandoned nests || Several of the empty nests likely GBHE due to size of nest || Additional BRPE adults not in screen shot taken from camera 2 0371 & 0372 || Additional LAGU adults not in screen shot taken from camera 2 0371 & 0372 || Additional LAGU taken from camera 2 0387 || GREG taken from camera 2 0387 || WFIB taken from camera 2 0387 || Additional BRPE taken from camera 2 0392 || Most nest incubating, but small YY observed in a couple nests; Additional NECO taken from camera 2 0392 || Additional CAEG taken from camera 2 0392 || Additional LAGU taken from camera 2 0454 and 0455 || used cam1crd1p5331 to aid in identifications",58,29.2851045,-94.92640600000001
Kanaloa Spoil East,1,[2010],[],[],['Sand/Grasses'],[],{'N': 1},"Series of three small low-lying islands; LAGU with med-sized YY; only 1 BRPE brood seen, among AD & IMM; Few SOTE broods in Areas 1 & 2; 1 MAFR seen roosted in a shrub (Area 2)",1,29.2943,-94.9334
Marker 52 Spoil Island,23,"[2010, 2021]",[],[],['shrubs/grasses'],"['BRPE', 'LAGU', 'TRHE', 'GBHE', 'CAEG', 'SNEG', 'WHIB', 'AMOY', 'NECO']",{'N': 8},"Brood Category not used for Pelicans in Area 5 onward, all sub-adults classified as IMM, but most/many are YY, Late survey for BRPE, most YY independent and roosting on beaches; Most egrets still incubating/brooding; most LAGU with broods || 100% coverage; many chick nests || 100% coverage || 100% coverage; more established sites in May, some gone in June. || 100% coverage; Some of the GBHE sites not there in June, dotted in May. || 100% coverage; dotted camera 2 CAEG since not all areas covered by Cam 1, species ID in CAEG not 100% . || species ID in SNEG not 100% , 100% coverage || Roosting birds, not abundant; 100% coverage . || Additional LAGU taken from camera 2 0473 || AMOY taken from camera 2 0473 || Not using brood category for sake of time and identification difficulties, but many, if not all of these BRPE are likely YY || Additional LAGU taken from camera 2 0475 || Additional BRPE IMM taken from camera 2 0475 || Most all actually YY, with few still having some white on back || Large YY visible || NECO on nests incubating || Some BRPE still with <10wk old YY near shrubs (counted as IMM) || Some ~13wk old YY still at nest sites, AD nearby || Mostly BRPE YY on beaches || Most BRPE are YY on beaches || Additional BRPE IMM taken from camera 1, card 2 0468 || 32 BRPE IMM  and 1 BRPE AD subtracted from number in Area 54 screen shot (overlap conflict with Area 53), corrected here in database. || Some nests with large YY, other still sitting low/incubating/shading",23,29.2905,-94.9289
Biloxi South 2,150,"[2010, 2011, 2012, 2013, 2015, 2018, 2021]",[],[],"['marsh/grass island', 'marsh island', 'Grassy', 'Herbaceous, shrubs', 'Grasses, bare ground.']","['SNEG', 'GREG', 'LAGU', 'FOTE', 'TRHE', 'WHIB', 'ROSP', 'REEG']",{'N': 30},"small island; likely early and slightly incomplete for FOTE/LAGU || No birds in May or June; seemingly suitable habitat remained || Handful of individuals present in the marsh; no indication of nesting. || One individual roosting in marsh. || Majority of LAGU present in incubation posture, in grassy habitat. Higher concentrations on wrack line, open areas, and edge habitat. || Incubation posture. Nesting on wrack line exclusively. || Sporadic nests throughout grassy interior. || Sporadic nests throughout grassy interior. || May: Most abundant nests on wrack line, incubation, BPE Y.  June: sparse nests on wrack line, incubation.  No confirmed reproductive success.  || Nesting in grass, incubation postures, numerous eggs visible. || Nesting in grass, mix of incubation postures to older chicks visible; closely associated with TRHE nests. || Nesting in grass, mix of incubation postures to broods visible; closely associated with TRHE and SNEG nests. || Nesting in grass or edge of wrack line, incubation postures || One pair observed nesting || 50% of colony photographed, analyzed and counted for May 2013; colony composed of two adjacent islands; half of colony covered completely in May, same half only partly in June; many FOTE abandoned by June survey based on overlapping photos. || LAGU observed sitting low on sites. || FOTE observed sitting low on sites in incubation posture; still apparently building nests based on many birds in pairs, standing, and sitting but not in incubation posture. || TRHE observed sitting low on site; only 1 site observed in May survey on half of colony photographed. || Approximately 95% of colony photographed, analyzed, and counted for 2013 between May and June surveys combined. || LAGU observed sitting low on sites; no chicks observed; a minimal amount of abandonment occurred in areas photographed during May survey, evident from overlapping photos of the same areas. LAGU not counted on half of colony photographed in May. || TRHE observed sitting low on sites; no chicks observed; late nest initiation in 2013, mostly occurred after May survey (i.e. half of colony photographed in May with overlapping photos from June) (1 site observed in May). || SNEG observed sitting low on sites; no chicks observed; late nest initiation in 2013, mostly occurred after May survey (i.e. half of colony photographed in May with overlapping photos from June) (no sites observed in May). || REEG observed sitting low on site; no chicks observed. || FOTE observed sitting low on sites in incubation posture; no chicks observed; assessment of overlapping May photos showed that approximately 90% of FOTE had abandoned from areas photographed in May. || Most birds in incubating position.  No chicks seen. || A small number of nesting birds are scattered around the island. No chicks seen. || Only nesting ""sites"" were dotted.  No chicks were seen, however;  not many non-breeding birds on the island. || Most birds in incubating position.  No chicks seen. || A small number of nesting birds are scattered around the island. No chicks seen. || Only nesting ""sites"" were dotted.  No chicks were seen, however;  not many non-breeding birds on the island. || 1 copulating pair; ~ 5 birds in flight || LAGU on sites;2 LAGU sites added to this area from Img 730, camera 2 card 2; not included in screen capture. || FOTE on sites and building sites. || LAGU sitting on sites; no chicks observed. || TRHE sitting on sites; no chicks observed. || SNEG sitting on sites; still building sites based on behavior, standing in pairs with vegetation matted down in concentrated area. || FOTE sitting on sites in incubation posture. || 1 LAGU site added to this area from Img 1188, camera 2 card 2. || 1 TRHE site added to this area from Img 1188, camera 2 card 2. || 15 FOTE birds + 2 sites added to this area from Img 1188, camera 2 card 2. || 2 TRHE sites added to this area from Img 1173, camera 2 card 2; not included in screen capture. || 3 FOTE sites + 4 birds added to this area from Img 1173, camera 2 card 2; not included in screen capture. || Screen capture mislabeled.  This record of FOTE is correct. || Screen capture mislabeled.  This record of FOTE is correct. ||   ||   ||   ||   ||   ||   ||   ||   ||   ||   ||   ||   ||   ||   ||   ||   ||   ||   ||   ||   ||   ||   ||   ||   ||   ||   ||   ||   ||   ||   ||   ||   ||   ||   ||   ||   ||   ||   ||   ||   ||   ||   ||   ||   ||   ||   ||   ||   ||   ||   ||   ||   ||   ||   ||   ||  ",150,29.7047,-89.5647
Biloxi South 3,264,"[2010, 2011, 2012, 2013, 2015, 2018, 2021]",['LA'],['Biloxi South'],"['marsh/grass island', 'marsh island', 'Marsh island', 'Herbaceous, shrubs', 'Grasses, partially submerged grasses/sedge marsh', 'Grasses, bare ground, open water patches.']","['SNEG/TRHE', 'LAGU', 'SNEG', 'GREG', 'BCNH', 'WHIB', 'ROSP', 'TRHE', 'TRSN', 'UNWA', 'LBHE', 'USTE']",{'N': 33},"large island; TRHE coverage prob. <80%; SNEG coverage <100% also || Just a few birds in territorial spacing; no birds in June; large colony of waders in all previous survey years; and gulls too in certain years || Excellent coverage overall; perhaps just ~ 10 SNEG and a few sites of other spp missed; no chicks of any spp seen; so survey timing looked good || All spp apparently still active; SNEG chicks most conspicuous || Incubation postures and adults standing over chicks || Incubation postures; many eggs and chicks of varying ages visible || Mainly incubation postures; large chicks visible || Mainly incubation postures; small chicks visible || May and June combined: Mainly incubation in May with larger groups established and eggs visible; June confirmed reproductive success and chicks dispersed among nest sites. || May and June combined: Incubation postures; chick visible in one nest, established earlier in May, but nesting spread out through June in other areas of island. || Incubation; eggs and chicks of varying age visible || Approx. 98% of the colony analyzed and counted. || Approx. 70% of the colony analyzed and counted. || LAGU sites with birds sitting low. || TRHE all in brooding posture or sitting low. || WHIB sitting low or apparently building nests. || BCNH with large full grown chicks. || SNEG all seen in brooding posture or sitting low. || LAGU all sitting low on sites. || TRHE observed with eggs to 2/3 grown chicks. || SNEG observed in brooding posture and with up to 1/2 grown chicks. || WHIB mostly incubating, but 1 site with 1/2 grown chicks. || Photos inspected but not counted; most spp. brooding small chicks, but wandering fledglings also noted for WHIB and probably TRHE; possibly some new nests (WHIB, e.g.) since May, but May seemed very representative of 2011 colony size || photos inspected; numbers overall lower comapred to May, but WHIB, SNEG, LAGU, and TRHE still active; flooding minimal; May was definitely best to count for breeding pop. estimates || Approximately 98% of colony photographed, analyzed, and counted. || LAGU observed sitting on sites; very few chicks observed. || TRHE observed sitting on sites and in brooding posture; chicks observed were small, approximately 1/4-1/3 grown. || SNEG observed sitting on sites and in brooding posture; chicks observed were small, approximately 1/4-1/3 grown. || WHIB observed sitting low on sites and in brooding posture; very few chicks observed; birds in two isolated groups still apparently building nests as evident by behavior in standing posture in pairs at non-well built nests. || BCNH observed sitting low on sites; no chicks observed. || GREG observed sitting low on sites and with 1/3 grown chicks. || ROSP observed sitting low on site. || Colony photos visually assessed; WHIB just beginning to build nests and were well established by June survey; June survey used for analysis. || Does not include 57 Empty Nests || Does not include 52 Empty Nests || Does not include 10 Empty Nests || dotted as large white bird (LAWB), but reevaluated || Screen Capture reads REEG for this species.  That was determined to be incorrect and is accurately reflected here as BCNH. || 1LAGU Site added to this area from Img 317, camera 2 card 5 || 4 TRHE Sites added to this area from Img 317, camera 2 card 5 || 4 TRHE Sites added to this area from Img 083, camera 1 card 6 || 2 SNEG Sites + 1 Bird added to this area from Img 083, camera 1 card 6 || One adult was seen standing at an obvious nest site, but not sure if it was actually nesting.  BCNH was selected as the species based on the amount of light color on the side of the head and ventral surface. || Two large creshing chick groups were observed with all chicks approximately half grown; other chicks still associated with nests were smaller, approx. 1/3 grown. || Adults were observed sitting low or prospecting in groups for nesting commencement. || Actively building nests || Sites seen varying in stage from eggs to 1/3 grown chicks || Sites seen varying in stage from eggs to half grown chicks || Sites seen varying in stage from eggs to 1/3 grown chicks || Sites seen varying in stage from eggs to half grown chicks || Chicks seen as very small to 1/4 grown || 1 Site added to this area from Img 276, camera 2 card 5 || 2 Sites added to this area from Img 276, camera 2 card 5 || Likely SNEG or TRHE based on species composition. || Screen Capture reads GBHE, 2 Sites.  That was determined to be incorrect and is accurately reflected here as BCNH. || TRHE Chicks observed as 1/3-1/2 grown compared to size of an adult. || Single WHIB Site with 1/2 grown chicks. || Empty nests seen with obvious guano surrounding the site and appear active during this season || 2 LAGU Birds added to this area from Img 594, camera 1 card 1. || 1 TRHE Bird added to this area from Img 594, camera 1 card 1; creche of chicks likely came from some of the empty TRSN nests in this area. ||  4 SNEG Birds + 1 SNEG Chick added to this area from Img 594, camera 1 card 1. || These sites are likely the source for some of the TRHE chicks in this area. ||  1 BCNH Bird added to this area from Img 594, camera 1 card 1. || Several TRHE Chicks in this area likely associated with the TRSN Empty Nests in this area. || Most TRSN Empty Nests likely TRHE based on the number of Chicks seen away from nest sites. || Chicks observed 1/2 grown || BCNH also nesting in the vicinity, although TRHE and SNEG are much more abundant. || 1 SNEG bird added to this area from Img 1102, camera 1 card 2; not included in screen capture. || ROSP sitting low on site. || 1 BCNH bird added to this area from Img 1134, camera 1 card 2. || WHIB chicks approximately 1/3-1/2 grown. || GREG chicks approximately 1/3 grown. || WHIB observed to be actively building sites in one group, with sites apparent but not well built yet. || LAGU on sites; 2 LAGU sites added to this area from Img 1100, camera 2 card 2. || TRHE sitting on sites in brooding posture. || SNEG sitting on sites in brooding posture. || Likely FOTE based on size and habitat. || SNEG chicks small, 1/4-1/3 grown. || TRHE chicks small, 1/4-1/3 grown; most sites with adults in brooding posture, likely with chicks present. || One LAGU chicks observed apporximately 1/2 grown. || BCNH sitting low on sites. || 7 LAGU sites + 3 birds added to this area from Img 1102, camera 1 card 2; not included in screen capture. || 1 TRHE site added to this area from Img 1102, camera 1 card 2; not included in screen capture. || 12 WHIB birds added to this area from Img 1134, camera 1 card 2. || pre-breeding behavior; no birds in June; formerly a large colony || pre-breeding behavior; no birds in June; formerly a large colony || Combined May and June || Combined May and June || Combined May and June || Combined May and June || Combined May and June || Combined May and June ||   ||   ||   ||   ||   ||   ||   ||  ",264,29.7017,-89.5487
Beauregard Island,14,"[2010, 2012, 2013, 2015, 2018, 2021]",['LA'],['Barataria Bay'],"['marsh/grass island w. some beach', 'Shrubs, marsh', 'grassy marsh island', 'marsh island w. beaches', 'small island with grasses, shrubs, and beaches']","['WHIB', 'WADE', 'TRHE', 'FOTE', 'BLSK', 'REEG']",{'N': 12},"some OVs used b/c lack of closeups; nest/site estimates good though || June only; small shrubby island. Approximately one third of WHIB present in incubating posture. Estimated 175 WHIB nests from June photo 11692 Cam 2 that were empty. Several WHIB in June remain with young; most fledged. || Complete coverage. Chicked out by June. || Complete coverage. Chicks in May. Chicked out by June. || Complete coverage of northern island of colony. Chicks in June. || Complete coverage of southern island of colony. Chicks in June. || Complete coverage. No chicks present. || No nests; lots of trash; no nests on 6/20 either || coverage of all spp. near 100% || FOTE and LAGU colonies still present with some 1/3 grown chicks of both species evident; roosting BRPE only other sp. present || coverage of all spp. near 100% || all spp. still attending nests; compared to may, FOTE and LAGU #s down, TRHE & SNEG #s likely up slightly || DM/WM combined || small #s of FOTE, LAGU, BLSK nests/sites likely missed in Areas 5,6",14,29.281103333333334,-89.96875
Biloxi South 4 B,29,"[2010, 2011, 2012, 2013, 2015, 2018, 2021]",[],[],"['marsh/grass island w. some beach', 'marsh island; all but submerged', 'Beach, grassy', 'marsh island', 'Grasses, small exposed beach.', 'Flooded grasses, small exposed beach.', 'Grasses, exposed beach.']","['LAGU', 'BRPE', 'FOTE', 'ROYT', 'BLSK', 'CATE', 'TRHE']",{'N': 22},"coverage good || no birds; tiny patch of marsh above water || Nests distirbuted throughout herbaceous vegetation and edge habitat near beach || Roosting only || Nests located exclusively within wrack line areas || Roosting only || Complete coverage; mostly incubation posture; just 2 chicks w. an adult seen; in May pairs and standing birds conspicuous, including in habitat later likely flooded || Complete coverage; mostly incubation posture; no birds on 17 May || < 20 birds in both months; no evidence of breeding || 100% of colony analyzed and counted; no photos taken on June survey. || LAGU observed sitting low on sites; no chicks observed. || 100% of colony analyzed and counted. Terrestrial habitat dry with no signs of water inundation. || LAGU observed sitting low on sites; no chicks observed. || FOTE observed sitting low on sites; no chicks observed. || CATE observed sitting low on sites; no chicks observed. || Colony photos visually assessed. Rough estimates of abandonment: 90% of FOTE sites flooded and abandoned, few small downy chicks observed; 75% LAGU sites flooded and abandoned; 100% CATE sites flooded and abandoned, no chicks observed. || Approximately 98% of colony photographed, analyzed, and counted. || LAGU observed sitting low on sites; no chicks observed. || FOTE observed sitting on sites in incubation posture, and building sites, standing on colony in pairs; no chicks observed. || CATE observed sitting low on sites and in incubation postue, some still building sites on beach. || TRHE observed sitting on site; no chicks observed. || No photos taken during June survey. || LAGU sitting on sites || FOTE sitting on sites. || CATE sitting on sites. || LAGU sitting on sites. || CATE sitting on sites. || FOTE sitting on sites, still building sites. || 3 LAGU Sites, 2 Birds added from cam 1 photo 1989.",29,29.6629,-89.4628
Biloxi South 6,27,"[2010, 2013, 2015, 2018, 2021]",[],[],"['Marsh Island', 'Grassy', 'Grasses, several small beaches.']","['LAGU', 'FOTE', 'BRPE', 'TRHE', 'AMOY', 'ROSP', 'WHIB', 'GREG', 'SNEG', 'CATE', 'ROYT', 'BLSK']",{'N': 22},"small group of FOTE || Colony in incubation stage, complete coverage. || Colony in incubation stage, complete coverage. || non breeding group. || Colony in incubation stage, complete coverage. || One present incubation stage, complete coverage. || One individual present, non breeding. || One individual present, non breeding. || Few sites found in SNEG colony, complete coverage. || Colony in incubation stage, complete coverage. || Few sites found within LAGU colony, complete coverage. || Few sites found within LAGU colony, complete coverage. || Two sites, rest non breeding. || Small number of nest sites in open, sandy substrate adjacent to vegetation || Nest sites evenly-distributed on wrack lines; most abundant nesting species on island || Roosting only || Small number of nest sites in open, sandy substrate, surrounded by dense FOTE nest sites || 100% coverage of FOTE colonies in May. 100% coverage in June but no FOTE remaining. || 100% of colony photographed, analyzed, and counted. || FOTE observed sitting on sites in incubation posture; most birds standing on colony, most likely initiating nest sites. || AMOY observed sitting on a site on a beach, other adult nearby. || Colony photo(s) visually assessed; Only one photo taken during June survey; inadequate coverage to analyze colony; May survey photos used for analysis. || FOTE mostly staging on colony, actively initiating nesting. || AMOY sitting low on beach site. || Mistakenly put 23 June as dotting date in screen capture. || Mistakenly put 23 June as dotting date in screen capture. || Mistakenly put 23 June as dotting date in screen capture.",27,29.6569,-89.5145
Biloxi South 4 A,22,"[2010, 2011, 2012, 2015]",[],[],"['marsh/grass island', 'marsh island', 'Live and dead grasses, beach and sand spit.', 'Grasses, dead grasses, sand spit.']","['LAGU', 'FOTE', 'BLSK', 'ROYT', 'CATE']",{'N': 10},"small group of FOTE || No breeding habitat remained; roosting birds only; no photos in May || 100% of colony analyzed and counted. || One LAGU site with bird sitting low on site. || FOTE observed sitting low on sites and with small downy chicks, up to 1/4 grown. || BLSK observed sitting low on sites; no chicks observed but could be present and brooded under adult. || Colony photos visually assessed; FOTE and BLSK still constructing sites and not easily distinguishable from roosting birds; June survey used for analysis as birds were well established on sites. || 100% of colony analyzed and counted; no photos taken on June survey. || FOTE observed sitting low on sites; no chicks observed. || BLSK observed sitting on sites; no chicks observed. || FOTE sitting low on sites. || FOTE chicks very small and downy, up to 1/4 grown. || BLSK sitting low on sites. || FOTE sitting on sites. || BLSK sitting on poorly built sites; initiating incubation posture. One additional BLSK birds included here from Img 876, camera 1 card 1 (not included in screen capture). || LAGU sitting on site; not included in screen capture. || BLSK sitting on sites; 4 birds added to this Area from Img 883, camera 1 card 1. || 9 ROYT birds added to this Area from Img 883, camera 1 card 1. || 2 FOTE birds added to this Area from Imgs 889 and 890, camera 1 card 1. || 5 CATE birds added to this Area from Imgs 889 and 890, camera 1 card 1. || 32 ROYT birds added to this Area from Imgs 889 and 890, camera 1 card 1. || 4 LAGU birds added to this Area from Imgs 889 and 890, camera 1 card 1.",22,29.6618,-89.4672
Biloxi South 9,28,"[2010, 2011, 2012, 2013, 2015, 2018]",[],[],"['beach', 'Beach, grassy', 'marsh island with beaches', 'Grasses, bare ground, exposed beach, open water.']","['LAGU', 'ROYT', 'CATE', 'BLSK', 'BRPE', 'GBTE', 'AWPE', 'UNSB']",{'N': 22},"no birds in grass/marsh detected || Few sites in grassy vegetation adjacent to beach || Small number of sites on beach; primarily roosting individuals in clusters || Even ratio of nesting to roosting individals; evenly-distributed in sandy, open substrate || Roosting only || Roosting only || Best nest count in May; many small chicks present in June, attended by adults, having wandered from nest sites; partial count was dotted for June || Good count, if maybe slightly incomplete || June clearly best for breeding pop., though beach full of more birds in May || large, wandering chicks not yet in juvenile plumage; coverage ~ 100%; colony not inspected in June || site coverage probably ~80%; colony not inspected in June || sitting tight, likely on eggs; colony not inspected in June || CATE from May were all gone; beaches didn't appear flooded; zero productivity || just BLSK and GBTE counted -- incubating || site coverage probably 80-90% || BLSK not counted as June appeared more represenative of breeding birds; no breeding activity for BRPE in May or June || 100% of colony analyzed and counted. || LAGU observed sitting low on sites; no chicks observed. || CATE observed sitting low on sites and in incubation posture; no chicks observed; few pairs still building sites. || GBTE observed sitting on sites in incubation posture; no chicks observed. || BLSK observed on few sites; colonial nesting effort still building; birds mostly standing in pairs on beach. || Colony inspected but not photographed during June13 survey. || includes 1 bird from another photo || CATE sitting on sites. || BLSK sitting on sites in incubation posture; most birds staging in pairs, preparing to nest. || UNSB small, dark on dorsal surface. || LAGU sitting on sites. || GBTE sitting on sites.",28,29.5392,-89.5353
Pelican Island,14,"[2010, 2011, 2012, 2013, 2015]",[],[],"['shrubs surrounded by water w. beach perimeter', 'little shrub vegetation remaining']","['BRPE', 'LAGU']",{'N': 9},"coverage excellent || former colony w. 100s of nests; 1 philopatric pair nesting on the only available square meter of dry land; submerged by June || mostly large chicks, w. perhaps just a few already in juvenile plumage; coverage 100% for all spp. || uncertain whether any egg-laying had occurred || phenology advanced compared to 2011 w. majority of HYs in juvenile plumage; BroodCategory calculated (see tblSpeciesData notes); available habitat seems reduced for all spp. compared to 2011 (more water/less veg.) || < 50 birds still in chick plumage, many in juvenile (HY) plumage; colony still present, but wrapping up - no new nesting since May evident || most HY are in juvenile plumage (several hundred), but some are still in chick plumage (low hundreds); a few sites apparently still in incubation stage (< 100) || chicks of all ages, inclding full grown w very little chick plumage remaining; successful colony, but size limited by available breeding habitat || BRPE and the 2 GREG nests still active; chicks older, and some BRPE have likely departed, otherwise no obvious change since May || Imms = Juvenile Plumage young of the year; BroodCategory calculated = 338/3; 3 = high end chicks/pair value for conservative Brood estimate || Imms = Juvenile Plumage young of the year; BroodCategory calculated = 66/3; 3 = high end chicks/pair value for conservative Brood estimate || Imms = Juvenile Plumage young of the year; BroodCategory calculated = 59/3; 3 = high end chicks/pair value for conservative Brood estimate || Imms = Juvenile Plumage young of the year; BroodCategory calculated = 170/3; 3 = high end chicks/pair value for conservative Brood estimate || barely above water; submerged by June",14,29.1437,-90.3475
Bastian Island,22,"[2010, 2011, 2012, 2013, 2015, 2018]",[],[],"['sandy', 'Beach, shrubs', 'beach', 'sand barrier island']","['LAGU', 'BLSK', 'CATE', 'GBTE', 'SATE', 'ROSA', 'ALL']",{'N': 15},"sandy beach area with skimmers, terns; 100% coverage || June only; shrubby beach. Small number of nests; few birds in incubation posture. || June only; shrubby beach. Majority of individuals in incubation posture. Nesting in sandy substrate. || June only; shrubby beach. Majority of CATE in incubation posture, nesting in sand adjacent to vegetation. || June only; shrubby beach. Small number of GBTE in incubation posture, mixed with BLSK in sandy substrate. || June only; shrubby beach. No nesting individuals; presence only. || Just a small group of prospecting ROYT/SATE in potential breeding habitat || Just roosting BRPE/LAGU/terns at a north spit; only the May prospecters were dotted || birds setting up and probably no eggs yet; flown past in June but no birds present so breeding probabaly did not occur at this site in 2011 || no photos taken; assume no birds observed as flight path went directly over site; most likely no breeding in 2011 at this site || birds setting up - but more birds in June so used June photos - plus SATE present in June that were not there in May || no SATE at this site in May when photographed || birds incubating and still some roosting || appears a small group may be breeding; others are roosting at this site; mostly SATE but probably some ROYT mixed in || excellent photos and coverage of BLSK, ROYT, SATE and GBTE || I.D. as ROSA in screenshot; corrected here || tallied all as sit but couldn't really tell; area missed w/Cam 1 || used Cam1 photos to confirm; no photos taken in June -- assume breeding probably was not successful at this site || used Cam1 photos to confirm; no photos taken in June -- assume breeding probably was not successful at this site || used Cam1 photos to confirm; no photos taken in June -- assume breeding probably was not successful at this site || still lots of roosting/standing BLSK at this site || still lots of roosting/standing BLSK at this site",22,29.2923,-89.6732
Queen Bess Island,966,"[2010, 2011, 2012, 2013, 2015, 2018, 2021]",['LA'],['Barataria Bay'],"['grassy marsh, grassy/rip rap/sandy levees', 'grassy marsh, grassy/rip rap/ sandy levees', 'restored before 2020 breeding season', 'island levees; marsh interior', 'island levee', 'marsh interior', 'island levees', 'restored island']","['ROYT/SATE', 'BRPE', 'GREG', 'LAGU', 'BLSK/GBTE', 'ROYT', 'WHIB', 'TRHE', 'ROSP', 'SNEG', 'ALL', 'BCNH', 'SATE', 'AWPE', 'FOTE', 'BLSK', 'AMAV', 'GBHE', 'LIBH', 'MODU', 'NECO', 'RSHA', 'YCNH', 'REEG', 'LBHE', 'CAEG', 'GBTE', 'AMOY', 'UNSB', 'BNST']","{'N': 76, 'Y': 1}","100% coverage of levees but only about 70% coverage of marsh areas; numerous abandoned BRPE nests esp. in areas with oil along edge of colony; REEG ident. Issues; missed LAGU sites due to veg.; BRPE and other waders had large wandering chicks || 100% coverage of levees; about 90 to 95% coverage of marsh areas. Good counts even for TRHE || west end of Cell 2 || south edge of Cell 3 mainly || some chicks in May and no evidence of abandonment in June; used Cell 3 as loafing Area in June || some chicks in May and no evidence of abandonment in June || mostly in Cell 2; no sign of abandonment in June || In potential breeding habitat in Cell 3, but no evidence of breeding and not seen in June || May had complete coverage. In some areas chicks were at least 9-10 weeks old (possibly older) but some birds still on eggs. Along Cell 3 outer levee there were birds building new nests || got as complete coverage as possible as all areas of island were counted; some birds may not have been on nest yet but could not easily distinguish site differences bet. May and June so use only May photos || small group of terns on sandy portion of island || seemed as though chicks had hatched for a fair number of these nests perhaps 50% or higher; possibly missed some sites due to this; chicks could be seen creching in a couple areas of the island; count likely low due to this || most birds appear to be on nests with eggs or young chicks; good count of the island as all areas were covered; a small area was covered using an overview photo but few birds were in this location so didn't drastically impact population estimate || a lot of nests with chicks; count seemed good; most nests on interior levees between cell 1 & 2 and cell 2 & 3 || seemed like there sites were tucked into vegetation a bit more so harder to determine status but count seems good || due to large GREG chicks distinguishing these sites was difficult at times; count may have been low due to this but I don't feel it will significantly effect the pop. Estimate || June photos showed BRPE almost completely done with nesting; no breeding areas for any species would be discerned so only used May photos for population estimate || LOTS of chicks, mostly 6-10 weeks old, perhaps a few older, and some younger for sure; dozens of nests still in incubation stage, but no obvious new nesting groups since 16 May; only some small-scale abandonment || in addition to BRPE, GREG chicks are conspicuous, still lots of TRHE in the marsh areas; other species less conspicuous || 100% coverage, excellent data quality || 27 May 2012 BRPE: good coverage; many HY birds in juv. plumage - may underestimate # nests due to these birds wandering around. May need to add some nests by examinng numbers of dotted juv. birds || 27 May 2012 LAGU: very good coverage of breeding area; small area missed in NW corner of island but very little missed; empty nests in marsh area not counted as couldn't tell LAGU from TRHE or previous year nests || 27 May 2012 GREG: very good coverage; lots of large chicks and may underestimate number of nests as phenology seems late for photos || 27 May 2012 TRHE: very good coverage of marsh area; lots of ""empty nests"" not counted as could not determine if LAGU or TRHE and may have been previous years nests || many BRPE chicks on island; no new areas of nesting so recounting for this species was not done; production was good to very good based on photo evidence || adults seen throughout edges of colony and in water in the interior; very few chicks obs.; unable to det. Production as chicks may be hiding in veg. if not prod. may be poor || no new areas of nesting observed; production appears to be good; not counted for June survey || new area around small ""pond"" in the NW corner of the island; just a few sites but counted to combine with May survey || new area around small ""pond"" in the NW corner of the island; just a few sites but counted to combine with May survey || common to abundant breeder; in shrubs and grass; early incubation to fully fledged chicks, indicating some effort began in late Jan-early Feb. || abundant breeder throughout island; early incubation stage; nesting phenology seemingly highly synchronous across island || fairly common breeder; widely distributed; highest density in marsh on east side of island; most in late incubation to early chick rearing stage; some older chicks (~3wks old); chicks probably undercounted || uncommon breeder; most in shrubs, some in grass; most in late incubation to early chick rearing stage || uncommon breeder; in shrubs near BRPEs; late incubation to early chick rearing stage || rare breeder; most in grass near BRPEs, LAGUs, and TRHEs || rare to uncommon breeder; in grass and shrubs; late incubation to early nestling stage || uncommon breeder; most in marsh, nesting in grass near TRHEs; some with chicks || common but localized breeder; mid-incubation || fairly common but localized breeder; mid-incubation || roosters only || roosters only || roosters only || roosters only; four birds sitting on small grass islands look like breeders at first glance || adults still present, but no clear evidence of breeding: no chicks or juveniles evident and no birds on nests || 17 sites; adults on nests || 5% with eggs, 45% with chicks, 50% with fully fledged juveniles; some new sites since May survey scattered throughout island; excellent breeding success. || late chick rearing to fully fledged juveniles; excellent breeding success || 30% with chicks in nest, 60% on nests (late incubation to very small chicks), 10% fully fledged juveniles; some new sites since May survey scattered throughout island. || late nestling stage to fully fledged juveniles || May sites no longer occupied; chicks creching, some juveniles capable of flight; moderate breeding success || May sites no longer occupied; chicks creching, some juveniles capable of flight; moderate breeding success || large chicks to fully fledged juveniles || 20% with eggs or small chicks; 80% large chcisk to fully fledged juveniles; some new sites since May survey scattered throughout island; excellent breeding success. || chicks to fully fledged juveniles || none detected || Foraging birds; no evidence of breeding. || Loafing birds. || Small numbers of breeders (4 nests); all incubating; no chicks. || Numbers higher than in 2011; probably captured the peak of breeding activity; most with young chicks; some just setting up; others with fledged young; an apparently high proportion if || One foraging bird. || Probably captured peak; most nests with chicks. || Numbers still down from 2011; no chicks. || One nest with bird in incubation posture plus one bird. || 15 foraging/loafing birds; no evidence of breeding. || 2 loafing/foraging birds; no evidence of breeding. || 7 nests; one with small chicks. || Numbers still down from 2011; 239 sites at one location; no chicks. || One bird; no breeding habitat on island. || Numbers still down from 2011; 3 sites at one location; no chicks. || 13 nests; some with chicks. || Numbers similar to 2011; many wandering chicks. || 4 nests; no chicks. || I bird; no evidence of breeding. || A few new nests here and there but no new groups; chicks everwhere, proportional to breeding evident in May. || Many birds still sitting on nests; no chicks anywhere, suggesting poor reproductive success among those relatively few birds that nested. || Only a couple of chicks evident, suggesting poor reproductive success among those relatively few birds that nested. || Many chicks and juveniles, proportional to breeding evident in May. || Does not include 46 Empty Nests || Does not include 28 Empty Nests || Does not include 8 Empty Nests || Does not include 77 Empty Nests || Does not include 3 Empty Nests || difficult to distinguish sit/stand || possible reeg feeding in ""ponded"" water || terns in brooding posture || terns in brooding posture; possible chicks? || chicks observed || nesting under veg || possible dead adult;  possible oiled boom on shore || missing area above this photo || missing area above this photo || missing area above this photo || missing area below this photo || missing area below this photo || abandoned nests contained eggs || abandoned nestds contained eggs || 1 WBN added after review of screen capture || corrected after reanalysis of photos || correct after reanalysis of photos || corrected after photos reanalyzed",966,29.304300000000005,-89.95920000000001
Manilla Island,12,"[2010, 2011, 2012, 2013, 2015, 2018]",[],[],"['grassy marsh', 'Grasses, wrack lines, some beach', 'marsh island']",['FOTE'],"{'N': 10, 'Y': 1}","95% coverage. Mostly FOTE ; some overviews utilized to get complete coverage || Nesting in wrack lines, some nests near beach in vegetation. Adults dispersed in June without any visible chicks. More obvious nests in May. || 100% photo coverage of small island. || No birds || Complete coverage; many in incubation posture; some mates present; no chicks visible || Coverage ~ 100%; some FOTE flying over island; colony likely just getting started || Coverage ~ 100%; many birds apparently sitting tight, but other sites seemed to have birds in standing posture || Coverage ~ 100%; birds sitting tight, mostly as singles -- good survey timing for breeding pop estimate || much flooding; ~ 200+ sites remain, with some chicks evident || no birds || Coverage ~ 100% || other FOTE flying over the island too (prospecting?)",12,29.4308,-89.9732
New Harbor Island 2,40,"[2010, 2011, 2012, 2013, 2015, 2018, 2021]",[],[],"['mangroves', 'flooded island with emergent Mangroves', 'Mangrove marsh, open water.', 'Mangrove marsh, bare ground, mud flat, open water.', 'Beach, marsh, grasses, shrubs.', 'mangrove/marsh island']","['BRPE', 'LAGU', 'GREG', 'TRHE', 'REEG', 'ALL', '0']",{'N': 21},"vegetated island with ponds and marsh areas || Essentially no breeding habitat left; nearly 1000 BRPE nests in 2012 || no evidence of egg-laying sites || incubating || BRPE sitting low on nests or with 2-6 week old chicks. || GREG chicks observed to be approximately 1/3 grown. || Est. 50 active TRHE nests with large chicks wandering from nest sites; not dotted. || Est. 50 active REEG nests with large chicks wandering from nest sites; not dotted. || BRPE observed with mostly large, 6-10 week old Chicks, wandering far from nest sites, beginning to creche along shoreline; few BRPE on WBN with <=5week old YY and no obvuiously new nest initiation, not dotted. || GREG with 2/3 grown chicks, not dotted. || BRPE observed sitting low on sites or with 3-8 week old chicks, one 11 week old chick observed. || GREG chicks observed to be 2/3 grown. || TRHE chicks observed to be 2/3 grown. || BRPE observed with large and mobile 5-10 week old chicks, full grown chicks also present along colony margins. || 100% of colony analyzed and counted.  BRPE chicks are mostly staying at the nest site and easily counted. || Colony photos visually assessed for BRPE phenology and late nest initiation. Unseen TRHE & REEG nesting in May now observed on S. 1/3 of Island w/ large YY, no obvious nest sites under shrub canopy. || 99% of colony analyzed and counted. Noticeably less water present on the interior of the island than in 2011 (low tide likely), with mudflat or bare ground in its place. || Colony photos visually assessed for BRPE phenology and late nest initiation; apparently similar nust numbers just with older and more mobile chicks straying from nest sites. || LAGU observed nesting along wrack lines and interior on edge of marsh; no chicks observed || Only roosting birds along beach and in shrubs || no breeding observed in photos taken in May and June; only roost birds but none were counted || eggs visible || species ID and nest status best professional judgment || no obvious guano ring on abandoned nests || no obvious guano ring on abandoned nests || poor built nests difficult to ascertain || marshy tip of island || No screen captures made for June 2011; Colony was visually assessed and notes recorded in the ColonySiteNotes database. || BRPE Chicks observed to be 2-4 weeks old with one chick observed to be 11 weeks old at the shoreline. || BRPE Chicks observed to be all white in color, approximately 2-4 weeks in age. || BRPE Chicks observed to be 3-5 weeks old. || BRPE Chicks observed to be 3-6 weeks old. || 2 BRPE WBN + 4 Chicks added to this area from Img 247, camera 1 card 7. || GREG Chicks observed to be approximately 1/3 grown. || 8 BRPE Birds added to this area from Img 269, camera 1 card 7. || BRPE Chicks observed to be 3-8 weeks old. || GREG Chicks observed to be 2/3 grown. || TRHE Chicks observed to be 2/3 grown. || 5 BRPE Birds + 1 WBN + 2 Chicks added to this area from Img 046, camera 1 card 2. || No screen captures made for June 2012; Colony was visually assessed and notes recorded in the ColonySiteNotes database.",40,29.856500000000004,-88.875
Willet Island,2,"[2010, 2015]",[],[],['spotty plants with lots of bare ground'],[],{'N': 2},Not sure of coverage; overviews poor so not sure if complete coverage was achieved. All photos with birds were counted || surveyed May and June but no photos,2,29.407,-89.2903
Bird Island Birdsfoot,2,"[2010, 2015]",[],[],['sandy with spotty plants'],[],{'N': 2},100% coveage of nesting area; roost areas counted in overviews || No Nests; just a few overview photos; BLSK/GBTE habitat in 2010; no nests since,2,29.3832,-89.32
Birdsfoot West 2,4,"[2010, 2011, 2012]",[],[],['sandy dredge spoil island?'],['GBTE'],{'N': 3},"100% coverage of nesting area using a couple of overview photos; roost areas counted in overview photos || A large colony of GBTE nesting here, chicks present.  30+ eggs scattered in colony suggests some nesting failure earlier. || One colony in the center of the island.  No chicks seen.  Only ""sites"" dotted. || More than 30 visible eggs scattered around the colony.  Maybe the first nest attempt was washed out or abandoned.",4,29.1875,-89.3123
Birdsfoot West 1,21,"[2010, 2012]",[],[],['marsh island'],"['WHIB', 'SNEG', 'TRHE', 'GREG']",{'N': 5},"WHIB and some DAIB; 100% coveage of ibis areas as best can tell from overviews || This island is covered in tall reed grass, and makes birds and their nests difficult to see; numbers may be underestimated and chicks were not visible. || This island is covered in tall reed grass, and makes birds and their nests difficult to see; numbers may be underestimated and chicks were not visible. || This island is covered in tall reed grass, and makes birds and their nests difficult to see; numbers may be underestimated and chicks were not visible. || This island is covered in tall reed grass, and makes birds and their nests difficult to see; numbers may be underestimated and chicks were not visible. || Counts for this island may be underestimated due to thick reedy habitat which makes birds hard to see. || Counts for this island may be underestimated due to thick reedy habitat which makes birds hard to see. || Counts for this island may be underestimated due to thick reedy habitat which makes birds hard to see. || Counts for this island may be underestimated due to thick reedy habitat which makes birds hard to see. || Counts for this island may be underestimated due to thick reedy habitat which makes birds hard to see. || Counts for this island may be underestimated due to thick reedy habitat which makes birds hard to see. || Counts for this island may be underestimated due to thick reedy habitat which makes birds hard to see. || Counts for this island may be underestimated due to thick reedy habitat which makes birds hard to see. || Counts for this island may be underestimated due to thick reedy habitat which makes birds hard to see. || Counts for this island may be underestimated due to thick reedy habitat which makes birds hard to see. || Counts for this island may be underestimated due to thick reedy habitat which makes birds hard to see. || Counts for this island may be underestimated due to thick reedy habitat which makes birds hard to see. || Counts for this island may be underestimated due to thick reedy habitat which makes birds hard to see. || Counts for this island may be underestimated due to thick reedy habitat which makes birds hard to see. || Counts for this island may be underestimated due to thick reedy habitat which makes birds hard to see. || Counts for this island may be underestimated due to thick reedy habitat which makes birds hard to see.",21,29.2054,-89.3549
Gaillard Island,1094,"[2010, 2011, 2012, 2013, 2015, 2021]",['AL'],['Mobile Bay Interior'],"['dredge island', 'Shrubs, herbaceous, mud flats, sandy beach, riprap', 'dredge spoil island - large', 'dredge spoil island-large', 'Dredge Spoil Island']","['BRPE', 'LAGU', 'CANG', 'WHIB', 'AMOY', 'GREG', 'BLSK', 'HERG', 'LBBG', 'ROYT', 'CATE', 'CAEG', 'ROSP', 'DCCO', 'FOTE', 'BCNH', 'SNEG', 'GBTE', 'UNWA', 'SATE', 'AWPE', 'AMAV', 'TRHE', 'GLIB', 'GBHE', 'LBHE', 'YCNH', 'HEGU', 'MODU', 'BNST', 'Tern Sp.', 'Tern sp.', 'ROYT, SATE', 'UNTE', 'UNDU', 'DAIB', 'ROSA']","{'N': 69, 'Y': 1}","oil seen in water near island; veg and bare ground on island; used overviews to get complete coverage; about 25% of ibis area needed to be counted in overview photos; terns had chicks and were wondering considerably;BRPE ranged from large chicks to WBN; || Actively nesting in both May and June. May areas 106 were not photographed in June. Dotting nests and chicks in May on SW corner (area 7) gave better BPE than in June, chicks were either off nest or not visible in photos. || Actively nesting in both May and June. May Areas 1-6 were not photographed in June. LAGU birds included in Area 7. || Mostly incubating, chicks observed on nests in SW corner and S edge. Older chicks + broods in SW corner near May Area 7-95% coverage. Some BRPE WBN dotted along SE as well. || Incubating throughout island in both months. June was better for BPE - 90% coverage. LAGU sites dotted in June along central levee. || Adults, one chick present in May, many more in June with chicks and immature birds, representing nesting on island - 100% coverage. || WHIB dotted in June in SE corner of Gaillard Island - mostly dotted with Cam 1 or Cam 2 images using Cam 1 as a reference; 95% coverage. Active in both months but sites are more clear in June; some abandonded nests in June possibly due to flooding (?). || 1 bird on SE side beach. || 16 birds total on E side perimeter; several sites in SE corner among WHIB and CAEG of island. || Not present in May. Roosters on SE and SW side, 11 sites on SW corner - 95% coverage. || 2 immature birds on SE corner beach, 1 immature bird on NE side by ROYT. || One bird on SE corner beach by immature HERG. || 2 small colonies in SE corner only captured by Cam2, not present there in May. Colony NE of central levee establisehd by June - 100% coverage. ROYT colonies along Central Levee - 100% coverage. || Breeding colony on SE corner by ROYT only captured by Cam2, colony on SW corner by BLSK also only captured by Cam 2 - 100% coverage. Some CATE sites along central levee and along W perimeter of island (Area123RW and 124RW June) || CAEG dotted in May; chicks roaming around in June and sites are not as distinct or clear. CAEG sites all throughout SE corner of island present in both months. 1 bird on E side perimeter. || Few ROSP sites in May amidst white waders in SE corner. 1 bird on E side perimeter. || 3 birds on SW perimeter, a couple along central levee. || 2 sites with mostly roosters on E side perimeter - 100% coverage. || 1 bird on SW perimeter; BCNH sites throughout SE corner of island; 95% coverage. || 3 birds on SW perimeter, few birds throughout SE corner of island amidst other white waders; however photo quality in Cam 1 and 2 make them hard to distinguish. 1 bird along W perimeter of island. 95% coverage || 14 sites with BLSK on SW corner, mostly Cam2 Coverage - 95% coverage. || large white/gray bird in pond near CANG - Area 197. || Along Central levee mixed with ROYT colonies; dotted in June; 100% coverage. || AWPE birds either roosting on land or swimming in water. || AMAV bird swimming in water Area63 June off of central levee; nonbreeding. || few sites in May in SE corner of island amidst CAEG and BCNH. || GLIB sites in SE corner of island amidst CAEG and BCNH mostly; ; 95% coverage. || One GBHE bird in SE corner of island near berm together with a couple roosing DCCO. || Nests distributed in shrubs in May, and some clusters on mud flats in June.  Mainly incubation posture or adults raised slightly with older chicks visible underneath.  Small number of abandoned nests, and moderate number of empty nests. || Primarily incubation posture; nests distributed in grassy herbaceous cover or along edge habitat.  No chicks visible. || Primarily incubation posture; chicks visible, some moving away from nest; distributed in homogeneous shrub habitat. || Small number of nests interspersed in WHIB colony; incubation posture.  No chicks visible. || Small number of individuals roosting; no nesting behaviors observed. || One nest observed in WHIB and BRPE colony in shrub habitat; incubation posture.  No chicks visible. || Two birds roosting in shrubs; no nesting behaviors observed. || Large high-density colonies in open sandy flats, interpersed with SATE.  Small high-density colonies in mudflats.  Chicks visible; reproductive success. || One individual roosting; no nesting behaviors observed. || Small number of roosting individuals; no nesting behaviors observed. || Roosting on shoreline riprap; no nesting behaviors observed. || Roosting on open mudflats; no nesting behaviors observed. || Foraging in mudflats; no nesting behaviors observed. || Large colonies in open sandy flats, interpersed with ROYT. Chicks visible; reproductive success. || Nests distributed evenly in BLSK colony on rocky substrate within sandy flats.  Incubation posture. || Low densities on mudflat mounds and sand near vegetation.  Chicks 1-7 days old visible; reproductive success.  || Low density distribution among GBTE and along beaches.  Pairs formed, incubation postures, no chicks visible.  || One moderately-dense colony in tall shrubs along border of island.  Older chicks present; leaving nests.  Reproductive success. || 20 May 2011 BRPE: wide range of phenology, large chicks to some subcolonies building nests -- but most sitting on eggs or small chicks, coverage was excellent only a small number of nests missed in closeups but covered in overview photos; || 20 May 2011 Terns: most ROYT and SATE setup on eggs; a few CATE mixed in and one larger CATE subcolony with ROYT and SATE setting up near it; excellent coverage || 20 May 2011 LAGU: coverage along southern and eastern levee was very good to excellent; coverage along western levee was fair to good but not complete although it doesn't ""feel"" like much was missed; interior cov. was poor to fair but no nests seen there || 30 May 2012 BRPE: wide range of phenology, large chicks in places; nests along East levee are ""new"" location and many not in closeup photos but were counted in overviews; overall very good coverage || 30 May 2012 Terns: most terns set up on eggs; a few more subcolonies along the East levee that haven't been in that location before; a few more CATE mixed in with ROYT and SATE than in the past; a group of CATE at north end of east levee not in closeups; || 30 May 2012 LAGU: good coverage in areas with terns, pelicans and WHIB. East levee may not have been completely covered due to fewer closeups along this levee || 30 May 2012 WHIB: good coverage but colony had fewer birds and this was obvious by comparing 2011 and 2012 overviews; the colony covered the same area but numbers of birds and density was lower and when compared to 2011 || additional ""sub-colonies"" of BRPE not present in May were counted and need to be added to May survey; BRPE production seems good to excellent || additional ""sub-colonies"" of mostly ROYT but some SATE that were not present in May were counted and need to be added into May survey; production from terns present in May appear to be good to excellent || additional ""sub-colonies"" of CATE that were not present in May were counted and need to be added into May survey; production not easily evaluated but some chicks were seen in photos || a few LAGU areas seen that were not counted in May; production difficult to evaluate as no chicks observed and adults still appear to be on nests still || no new areas observed; checked photos to determine productivity -- may birds still on nests but some chicks present -- would classify production as ""good"" || no new areas observed; still some on WBN; areas with large chicks; productivity appears to be good || no new areas; one area with some ROYT that may be ""setting up"" but did not count; production appears poor as there are not many chicks in photos || no new areas; production appears to be good as chicks seen with adults || no new areas that were obvious; did no see any chicks unable to determine productivity || no new areas seen; production difficult to determine; birds still incubating and some adults brooding small chicks || Used some June photos in areas where BRPE where still setting up in May or were not present in May; in general BRPE were much more spread out on the island; especially along levees where they bred in more linear colonies along the south and east levees || Seemed similar to other years but perhaps more groups plus a fairly large colony in the NE corner of the island with CATE || very few SATE on the colony in 2013 but SATE are not the predominate tern; these birds are mixed with ROYT || good numbers compared to other years; a new area in the southwest corner where it appears that heavy equipment work was done and a group of BLSK nested || a group of BLSK were counted from overviews; BLSK have not previously nested on the island from 2010-2012 as far as we know; located in SW corner where it appears that heavy equipment/dirt work was conducted || more LAGU counted in this year; probably more a result of BRPE being more spreadout and thus more photos of BRPE counted; this count typically represents ""incidental"" counts in association with other ""focused"" species (e.g. terns and BRPE) || area where colony nested in previous years had ""dead"" vegetation and ""dirt"" work; colony occurred in south portion of island in green ""shrubby"" vegetation; the area the colony covered was much smaller than in previous years (about 1/2 the area maybe); || Does not include 60 Empty Nests || Does not include 92 Empty Nests || Does not include 90 Empty Nests || Does not include 743 Empty Nests || Includes 1 Empty Nest || Does not include 36 Empty Nests || 5 Nests are Abandoned; CATE, ROYT, or SATE || 3 WBN from overview photo || 1 empty 1 WBN from overview photo || 1 WBN from overview photo || can only determine BRPE WBN or empty nest || can only determine BRPE WBN or empty nest || can only determine BRPE WBN or empty nest || 4 brpe wbn added from overview || 4 BRPE wbn added from overview || only photos are overview || only photos are overview || only photos are overview || only photos are overview || only photos are overview || only photos are overview || only photos are overview || only photos are overview || only photos are overview || only photos are overview || only photos are overview || only photos are overview || only photos are overview || only photos are overview || flock of roosting/feeding canada geese",1094,30.506299999999996,-88.0362
Raccoon Island,946,"[2010, 2011, 2012, 2013, 2015, 2018, 2021]",['LA'],['Terrebonne Bay'],"['barrier island', 'Marsh island with beaches and inland channel', 'Marsh Island with beaches and inland channe;', 'Beach, Grassy, Marsh, Shrubs', 'Beach, marsh, grasses, shrubs.', 'Shrubs, herbaceous, sandy beach, mud flats']","['LAGU', 'BRPE', 'GREG', 'BCNH', 'ROSP', 'WHIB', 'HERG', 'ROYT', 'SATE', 'CATE', 'BLSK', 'GBTE', 'AMAV', 'TRHE', 'RUTU', 'LEBI', 'AMOY', 'MODU', 'WIPL', 'SNEG', 'ALL', 'AWPE', 'WHEG', 'all', 'CAEG', 'HEGU', 'YCNH', 'REEG']",{'N': 114},"near 100% coverage using overviews - especially for an area of BLSK, some BRPE and roosting birds; large tern groups with some wandering chicks; some LAGU missed due to lack of coverage; || Actively nesting both months, dotting all LAGU in May was best for BPE, some chicks observed in June - 100% coverage || Actively nesting both months, May was best for BPE, chicks observed both months and more scattered in June - 100% coverage || Incubating and chicks observed in May and June, lots of pairs of chicks in May on nest - 100% coverage || Incubating and some chicks in May, no new sites in June - 100% coverage || 1 site in June, 1 site in May, Birds observed in both months - 100% coverage || One pair nesting in May on E side of island -100% coverage || One adult observed in incubating posture with immature HERG (1st winter/2nd calendar year) in same photo. Immature HERG observed in same area in June but no adult on nest. || SE side of island had lots of chicks all over in June, a few new colonies were incubating or had chicks still at nest - 100% coverage || Chicks all over SE side of island in June, colonies formed better in May. Some new sites within new ROYT colonies dotted in June - 100% coverage || A few birds observed in May but main nesting colony was better formed in June. Incubating stage - 100% coverage || Birds present in May but not nesting, colonies formed in June in incubation stage, only on NE side of island - 100% coverage || None observed in May, incubating in June, mixed in with BLSK - 100% coverage || Two adults in breeding plumage in pond on NE side of island. No chicks observed. || Nicely formed colonies on SE side of island in May, no chicks yet. || Nicely formed colonies on SE side of island in May, no chicks yet. || Actively nesting in both months, June was best for BPE. Complete coverage. || Foraging. || Foraging || Foraging || Foraging || Foraging || Majority of BRPE with young or old chicks; but many sites still in incubation posture. Few broods. Very few sites empty or abandoned; high productivity and nesting success. Immature birds grouped along interior pond margins. || Even distribution of LAGU sites in incubation posture. Prefers to nest associated with grassy interior and shrubs. || Long, narrow colonies mixed with groups of SATE. Distributed along margin of grass and edge of south beach. || Smaller colonies mixed with groups of ROYT. Distributed along margin of grass and edge of south beach. || Few TRHE sites in incubation posture within BRPE colony. || Small number of GREG sites within BRPE colony. Several with young chicks. || One SNEG site and over a dozen individuals observed interspersed with LAGU and BRPE sites. || Few BCNH sites and solitary individuals observed within BRPE colony. || Areas 1-60 dotted by KLC.  95% coverage.  Camera 2 used for interior, cross-referenced with Camera 1 photos. May dotted for all species. || LAGU observed on sites throughout island; no chicks seen. || Only 1 bird observed; no nests. || Few WBN, mostly nests with chicks varying in age as well as broods and chicks wandering with adults present. Chicks everywhere in June. || Large colonies mixed with ROYT on N side beach; no chicks seen. || Large colonies; no chicks seen. || CATE on sites in grass along beach; no chicks seen. || BLSK observed on sites on N side of island but many standing around nearby; no chicks seen. || One bird observed in incubation posture on nest; no other apparent nesting. || Sites mixed with ROSP and BRPE sites. 80% of nests contained chicks varying in age. Few adults on nests in June. || Only 2 sites observed with adult incubating; no chicks seen. || Single egret site observed from CAM2 photo; unable to ID species. || Adults on nests mixed with GREG and BRPE sites in scrub along lagoon on interior of island; no chicks observed. || 4 birds observed; no apparent nesting sites. || BRPE, GREG, ROYT, and SATE chicks greatly dispersed from breeding sites in June to shoreline and inland pools. Very little CAM1 coverage of interior of island and most BRPE sites so many CAM2 images were used. || May: most incubating, chicks present and vary in age, widespread territorial behaviors & pairing.  June: broods widely-distributed in shrubs; most shrub territories (>95%) vacant, most grassland territories established as WBNs. || May: incubation, nests in grass and sandy substrate, some postures that indicate adults are feeding young.   || May only: dotted main island; large contiguous colonies in incubation posture, nesting in herbaceous and sand habitat, many chicks visible, especially along shoreline.  || May only: dotted main island; large contiguous colonies in incubation posture, nesting in herbaceous and sand habitat, many chicks visible, especially along shoreline.  || Individuals foraging; no nesting behaviors observed. || Solitary individuals; no nesting behaviors observed. || May: incubation postures, young and old chicks visible; reproductive success observed.  Chicks present with adults and without.  || May: territorial individuals, but no nests or chicks observed.  June: territorial pair considered a site; reproductive success unknown, some individuals out in open. || Solitary individuals; no nesting behaviors observed. || Solitary individual; no nesting behaviors observed. || May only: small group of nests; no chicks visible. || May only: incubation postures, nests interspersed among BLSK in open, sand and mud flats.  June: no nests observed.  || June only: incubation postures, nests distirbuted evenly throughout open, sand and mud flats.   || For June 2011 notes, see Excel file ""SLF colony data Raccoon Island 2011-2012""; Notes are too long to append here || Brown Pelicans nested all across the island, and were observed in every stage of breeding.   || LAGU widespread across the entire island, occupying nearly every habitat.  Nests were mostly found in areas with grassy or low vegetation.  No chicks were observed. || Royal Terns and Sandwich Terns nested together in sandy open habitat in many subcolonies on the island. Most birds were in incubating posture, and 28 chicks were spotted, being brooded by adults, or being fed on the shoreline. || Over 9,800 Sandwich Tern nests were dotted for this survey, with 9,085 as birds in incubating posture.  No chicks were seen. || Gull-billed terns nested exclusively within the Black Skimmer colony on the eastern point of the island.  Six nesting GBTE and 12 birds were dotted.  No chicks were seen. || Black Skimmer activity on the island was concentrated on the far eastern point, on a broad swath of low-lying sand.  701 sites and 698 birds were dotted.  No chicks were seen.  Birds appeared to be in the early stages of scraping and nesting. || GREG nested in several small colonies, and in one giant colony (~200prs).  The preferred habitat was tallish scrubby vegetation on the edge of water and inlets.  The largest colony was on the east end of the island, surrounding a large lagoon.  || Only one TRHE nest was located on the island, in a marshy habitat near the GREG colony on the eastern end of the island. || 13 nesting SNEG were found amongst pelican and GREG nesting colonies.  The nests were all found on the north side of the island, in scrubby vegetation on the water's edge.  No chicks found. || Three REEG nests were found on the island.  They were not in one colony, but in separate locations. || 2 nests were identified within a large Great Egret colony.  No chicks seen. || No nests found.  One bird observed. || The perimeter is sprinkled w. loafing juveniles & adults. On the east side, an area of abandoned nests was identified/dotted. Only nests w. multiple eggs were identified as abandoned. Often, 1 egg in a clutch won't hatch. || Laughing Gull nests are widespread across the island, mainly in grassy habitat.  In many areas, small chicks can be seen near the nests.  No new nests were dotted for this survey to avoid duplication.  || Many chicks have hatched since the May survey.  The largest colony on the eastern end of the island is still mostly intact, with most birds there brooding small chicks.   || Many chicks have hatched since the May survey.  The largest colony on the eastern end of the island is still mostly intact, with most birds there brooding small chicks.   || Only one active nest identified and dotted, near the active BLSK nest.  No chicks seen.  The area where GBTE were observed nesting in May was overwashed and no nesting birds remain. || Only one active nest identified and dotted.  Most BLSK are loafing on the island.  No chicks seen.  The area where BLSK were observed nesting in May was overwashed and no nesting birds remain. || The major colonies of Great Egrets are in the same locations as in May.  There are still many chicks in nestcups, and larger juveniles in the colonies.  Peak of nesting appears to have been in May, and so no dotting was done to avoid duplication. || No birds observed. || No new nesting areas observed.   || No birds observed. || No nesting activity observed.  Two ROSP were located in a GREG colony, but not clearly nesting.   || No birds observed. || 573 nests were found on the sandy flats of the east side of Raccoon.  Birds appeared to be loafing, and in the early stages of nesting. || GREG nested in several small colonies, and in one giant colony (~140prs).  The preferred habitat was tallish scrubby vegetation on the edge of water and inlets.  The largest colony was on the east end of the island, surrounding a large lagoon.  || There were 3 major colonies. One on the westernmost point, where nests ringed a marshy network of inlets, was farthest along phenologically; many nests had brown fluffy chicks (see Areas 8-11; 15-16). The other two major colonies were in similar  || Snowy egret nests were found in small numbers mixed in with Great Egret nests.  These were much harder to detect, especially with so many Great Egret chicks hatched out.   || The largest colony is in a mixed colony with GBHE and BRPE, and many birds are milling around in the area on the ground. || Nine nests were identified on island, not in one large colony, but scattered here and there. || Brown Pelicans nested all across the island, and were observed in every stage of breeding. || LAGU were widespread across the entire island, occupying nearly every habitat.  Nests were mostly found in areas with grassy or low vegetation.  A total of 27,198 LAGU were dotted in this survey, with 15,430 of those as an adult on a nest || Royal Terns and Sandwich Terns nested together in sandy open habitat in about 16 separate subcolonies on the island.  No chicks were seen at this time, but birds were in incubating posture || No chicks were seen; birds were in incubating posture. || Five nests were found with the Skimmers on the bare sand of the east point of the island. || One incubating bird dotted near the BLSK colony.  No chicks seen. || A few nest sites located.  No major colony found.  No chicks seen. || A large colony is scraping a beginning to nest on sandy eastern point of the island.  No chicks seen. || Nesting is widespread across the island.  BRPE in all stages of nesting, from incubation to tending large chicks. || Nesting pairs are incubating amongst the BLSK colony on the east end of the island.   No chicks seen. || GREG nests and nests with chicks are found mixed in with BRPE in scrubby vegetation across the whole island.",946,29.05050000000001,-90.92659999999995
Battery McIntosh,44,"[2010, 2011, 2012, 2013, 2015, 2021]",[],[],"['marshy island', 'Shrubs, herbaceous', 'marsh island']","['GREG', 'GBHE', 'CAEG', 'SNEG', 'TRHE', 'AMCO', 'GLIB', 'GRHE', 'WHIB', 'ALL']",{'N': 22},"100% coverage although vegetation probably prevented some birds from being seen especially LAGU || Sites are more well-defined in May than in June. In June, many GREG birds off nest and in water, chicks are also more dispersed. || Sites are more well-defined in May and birds clearly on nest instead of wandering. || Most in incubation posture, but a few chicks present;  reproductive success. || Older chicks present;  reproductive success. || Eggs present. || Incubation posture observed. Some chicks with and without adults; reproductive success. || Incubation posture. || No nesting behaviors observed; roosting along shoreline. || No nesting behaviors observed. || Lots of small white egrets are walking around the island.  Only SNEG ""sites"" were dotted; no visible chicks. || Many hatched out nests and unattended broods; only ""sites"" and chicks dotted. || Some GBHE nests were hatched out with large chicks, and some are incubating eggs.  Only ""sites"" and chicks dotted. || Many incubating and loafing CAEG.  Only ""sites"" and chicks dotted. || One adult and one chick dotted. || Only sites dotted.  No chicks seen. || No chicks seen; only sites dotted. || Many hatched out nests and unattended broods; only ""sites"" and chicks dotted. || Only sites dotted.  No chicks seen. || Only sites dotted.  No chicks seen. || Small number of incubating adults; only sites dotted; no chicks visible. || small wading bird colony with most species with small to large chicks; CAEG still appear to be on very small chicks or eggs; good coverage and count || incomplete photos of colony BUT didn't miss much if anything ||   ||   ||   ||   ||   ||   ||   ||   ||   ||   ||   ||   ||   ||   ||   ||   ||   ||   ||   ||   ||  ",44,30.6686,-88.0125
Barataria Bay 4,2,[2010],[],[],['marsh and shrub island'],['WHIB'],{'N': 1},roost area only; 100% coverage || no nesting material; roost only?,2,29.3261,-89.8319
Bird Key Terra Ceia,3,[2010],['FL'],['Tampa Bay'],['mangrove island'],['UnWa'],{'N': 1},100% coverage using overviews; about 10% of colony counted in overview photos || Does not include 38 Empty Nests || empty nests,3,27.5522,-82.6
Piney Point Mangroves,2,[2010],['FL'],['Tampa Bay'],['mangrove island'],['WHIB'],{'N': 1},100% coverage using some overview photos; approx. 85 WHIB sites counted in overviews and prob. An underestimate || Does not include 2 Empty Nests,2,27.6503,-82.5462
Sunken Island,10,[2010],['FL'],['Tampa Bay'],['mangrove island'],"['BRPE', 'WHIB', 'DCCO', 'UnWa', 'ROSP']",{'N': 1},"used overviews in areas where BRPE were spotty to get 100% coverage. As usual nests/birds may be missed due to vegetation || Does not include 9 Empty Nests || Does not include 2 Empty Nests || Does not include 16 Empty Nests || Does not include 14 Empty Nests || Used Cam 1 photos 221, 222, 301, 303, 304 || Used Cam 1 photos 221, 222, 301, 303, 304 || Used Cam 1 photos 221, 222, 301, 303, 304 || probable GREG nests with chicks already fledged? || from photo 0286 - only bird seen in this photo - no screen capture",10,27.846899999999998,-82.41499999999999
Hillsborough Channel Spoil Island,16,[2010],[],[],['sandy island'],"['BLSK', 'GBTE', 'LETE', 'AWPE', 'CATE', 'DCCO', 'SNEG', 'UnGu', 'BNST', 'ROYT', 'ROSP', 'LAGU']",{'N': 1},"small numbers of terns/skimmers may have been missed but overviews not sufficient to accurately determine. However, appears coverage was very close to 100% || confirmation w/Cam1 photos 405-412 || confirmation w/Cam1 photos 405-412 || confirmation w/Cam1 photos 405-412; 1 LETE in photo 405 others only in overview || roost site near area 1 || roost site near area 1 || roost site near area 1 || roost site near area 1 || roost site near area 1 || roost site near area 1 || roost site near area 1 || only breeding birds seen in this ""roost"" area - definitely on nests || roost site near area 1 || roost site near area 1 || roost site near area 1 || roost site near area 1",16,27.842718750000003,-82.41861875000001
Dog Leg Key,12,[2010],['FL'],['Tampa Bay'],['mangrove island'],"['BRPE', 'UnWa', 'GREG', 'SNEG', 'DCCO', 'GBHE']",{'N': 1},"wandering egret chicks and large BRPE chicks; coverage near or at 100% || Does not include 2 Empty Nests || several GREG chicks roaming colony; possibly from these nests? || used Cam 1 photos 433, 434, 446 through 450 to verify || used Cam 1 photos 433, 434, 446 through 450 to verify || used Cam 1 photos 433, 434, 446 through 450 to verify || used Cam 1 photos 433, 434, 446 through 450 to verify || used Cam 1 photos 433, 434, 446 through 450 to verify || used Cam 1 photos 433, 434, 446 through 450 to verify || used Cam 1 photos 435-440 || used Cam 1 photos 435-440 || used Cam 1 photos 435-440",12,27.802000000000003,-82.7618
Little Bird Key North,6,[2010],[],[],['mangrove island'],"['BRPE', 'GREG', 'GBHE', 'UnWa', 'CAEG']",{'N': 1},100% coverage using some overviews to complete coverage || used Cam 1 photos 461-471 to verify/confirm || used Cam 1 photos 461-471 to verify/confirm || used Cam 1 photos 461-471 to verify/confirm || used Cam 1 photos 461-471 to verify/confirm || used Cam 1 photos 461-471 to verify/confirm,6,27.793000000000003,-82.77750000000002
Little McPherson Bayou Island,2,[2010],['FL'],['Tampa Bay'],['mangrove island'],['UnWa'],{'N': 1},100% coverage using some overviews to complete coverage || Does not include 11 Empty Nests,2,27.7058,-82.7351
Little Bird Key South,3,[2010],[],[],['mangrove island'],"['GBHE', 'UnWa']",{'N': 1},needed to use overview camera and species determination was difficult; good coverage but couldn't tell species in most cases || used Cam 1 photos 510-508 to verify; different than above Little Bird Key; nest already fledged? || used Cam 1 photos 510-508 to verify; different than above Little Bird Key; nest already fledged?,3,27.6852,-82.7169
Jackass Key,10,[2010],[],[],['mangrove island'],"['BRPE', 'DCCO', 'MAFR']",{'N': 1},small number of DCCO nests and GBHE nests counted in overviews; otherwise good coverage with main camera || little island || little island || little island || little island || little island || little island || little island || added 1 WBN from photo 30 not in screen capture || used photos from Cam 1 see this screencapture which show overview as well,10,27.6692,-82.7175
Pelican Island Tampa Bay,25,[2010],['FL'],['Tampa Bay'],['mangrove island'],"['BRPE', 'DCCO', 'UnWa', 'UNDU', 'ANHI', 'GBHE', 'GREG']",{'N': 1},100% coverage with only a couple of nests dotted using overviews || Does not include 1 Empty Nest || Does not include 5 Empty Nests || Does not include 38 Empty Nests || used Cam 1 photos 59-89 to confirm || used Cam 1 photos 59-89 to confirm || used Cam 1 photos 59-89 to confirm || used Cam 1 photos 59-89 to confirm || used Cam 1 photos 59-89 to confirm || used Cam 1 photos 59-89 to confirm || used Cam 1 photos 59-89 to confirm || used Cam 1 photos 59-89 to confirm || used Cam 1 photos 59-89 to confirm || used Cam 1 photos 59-89 to confirm || used Cam 1 photos 59-89 to confirm || used Cam 1 photos 59-89 to confirm || used Cam 1 photos 59-89 to confirm || used Cam 1 photos 59-89 to confirm || used Cam 1 photos 59-89 to confirm || used Cam 1 photos 59-89 to confirm || used Cam 1 photos 93-104 and 114-123 || used Cam 1 photos 93-104 and 114-123 || used Cam 1 photos 93-104 and 114-123 || used Cam 1 photos 93-104 and 114-123 || used Cam 1 photos 93-104 and 114-123,25,27.9144,-82.8408
Clearwater Harbor Island,17,[2010],['FL'],['Tampa Bay'],['mangrove island'],"['BRPE', 'UnWa', 'GREG', 'WHIB', 'GBHE', 'DCCO']",{'N': 1},"100% coverage; small area counted using overview photos || Does not include 1 Empty Nest || Does not include 31 Empty Nests || used Cam 1 photos 133-137 || used Cam 1 photos 133-137 || used Cam 1 photos 133-137 || used Cam 1 photo 138 || used Cam 1 photos 141, 142, 148, 149, 150, 185-190 || used Cam 1 photos 141, 142, 148, 149, 150, 185-190 || used Cam 1 photos 141, 142, 148, 149, 150, 185-190 || used Cam 1 photos 141, 142, 148, 149, 150, 185-190 || used Cam 1 photos 141, 142, 148, 149, 150, 185-190 || usde Cam 1 photos to verify || usde Cam 1 photos to verify || usde Cam 1 photos to verify || usde Cam 1 photos to verify || usde Cam 1 photos to verify",17,27.966,-82.8146
Clearwater Harbor Wreck,1,[2010],[],[],['old pier/dock'],[],{'N': 1},roost for DCCO,1,27.9707,-82.8038
Sand Keys,1,[2010],[],[],['barrier island'],[],{'N': 1},overviews utilized for coverage,1,28.038,-82.7946
Sutherland Bayou Spoil Island,7,[2010],[],[],['barrier island'],"['GREG', 'DCCO', 'ROSP']",{'N': 1},100% coverage using overviews and main camera photos || Cam 1 photos used to confirm as needed || Cam 1 photos used to confirm as needed || Cam 1 photos used to confirm as needed; corrected from BLSK using photo Cam2 249 || Cam 1 photos used to confirm as needed || Cam 1 photos used to confirm as needed || Cam 1 photos used to confirm as needed,7,28.073100000000004,-82.7831
Saint Joseph Sound Spoil Island,2,[2010],['FL'],['Tampa Bay'],['mangrove/barrier island'],['UnWa'],{'N': 1},100% coverage with overview used for roosting birds and a small number ~10 DCCO nests || Does not include 35 Empty Nests,2,28.0754,-82.8
3 Rooker Key,3,[2010],['FL'],['Tampa Bay'],['barrier island'],"['WHIB', 'ROYT']",{'N': 1},very good coverage -- very close if not 100% coverage for all species || Does not include 2 Empty Nests || Includes 44 Empty Nests,3,28.1138,-82.839
Bird Key Anclote River,1,[2010],[],[],['mangrove island'],[],{'N': 1},expected more birds but just 1 GBHE,1,28.1739,-82.8046
Crawl Key,4,[2010],['FL'],['Crystal River'],['mangrove island'],['DCCO'],{'N': 1},100% coverage || Does not include 3 Empty Nests || overview showing areas dotted and birds counted in this photo || approx. number of DCCO seen in water from various overview photos; a rough count,4,28.6528,-82.6868
Bird Island Chassahowitzka Reefs,2,[2010],[],[],['mangrove island'],['GREG'],{'N': 1},100% coverage; large greg and dcco chicks unattended but in nests still || overview shows dotted areas and birds counted in this photo,2,28.6738,-82.686
Homosassa Point Key,7,[2010],['FL'],['Crystal River'],['mangrove island'],"['DCCO', 'GBHE', 'GREG']",{'N': 1},very good coverage; birds still on nests || Does not include 5 Empty Nests || 1 dcco wbn added from photo 458 || plus 3 dcco wbn from photo 464 || 3 wbn added from photo 0472 || nest actually seen in photo 472 || photo shows overview of areas counted as well,7,28.777600000000003,-82.73360000000001
Saint Martins Key B,5,[2010],[],[],['mangrove island'],"['DCCO', 'GREG', 'MAFR']",{'N': 1},100% coverage || used Cam1 photos 501-508 to verify || used Cam1 photos 493-500 to verify || used Cam1 photos 493-500 to verify || flushed from roost but tallied,5,28.800400000000003,-82.7501
Saint Martins Key C,3,[2010],[],[],['mangrove island'],"['DCCO', 'GBHE']",{'N': 1},used overviews to complete coverage || confirmed with Cam 1 photos || confirmed with Cam 1 photos,3,28.798999999999996,-82.737
Saint Martins Key A,4,[2010],['FL'],['Crystal River'],['mangrove island'],"['DCCO', 'MAFR']",{'N': 1},used overviews to complete coverage - especially of roosting MAFR; several empty DCCO documented but these may have already fledged || Does not include 16 Empty Nests || changed UnWa EN into DCCO empty nest || some verified using Cam1 photos 17-19,4,28.8004,-82.7555
Bird Keys Crystal Bay,3,[2010],['FL'],['Crystal River'],['mangrove island'],['DCCO'],{'N': 1},quite a few empty nests documented but could be GREG or DCCO -- these may have already fledged; good coverage of colony || Does not include 2 Empty Nests || 2 WBN added from photo 43 - no screen capture for this,3,28.8777,-82.7009
Crystal River Energy Canal Spoil,1,[2010],[],[],['sandy breakwater'],[],{'N': 1},good photos and coverage but may have missed a very small number of LETE due to small size of birds,1,28.9423,-82.7817
Seahorse Key,5,[2010],['FL'],['Crystal River'],"['mangrove island with ""palm"" trees']","['GREG', 'BRPE']",{'N': 1},"coverage about 70% with main camera; used overview to fill in and photos were very adequate to use for this purpose || Does not include 6 Empty Nests || Does not include 5 Empty Nests || 1 WBN added from photo 154 || used photos 159,176 and 179 to verify some of these data",5,29.096899999999998,-83.0661
Pavillion Key,2,[2010],[],[],['mangrove island'],['BRPE'],{'N': 1},good coverage but only 1 roosting BRPE in photos; no screen captures made || no screen capture - only bird seen in photos,2,25.7025,-81.3542
Chocoloskee Bay Islet,3,[2010],[],[],['mangrove islands'],"['GREG', 'BRPE']",{'N': 1},series of small mangrove islands; coverage good except 3 small islands were only covered with overview; large chicks in nests some unattended by adults || 1 WBN added from photo 88 || 1 WBN added from photo 88,3,25.8486,-81.74633333333333
Fakahatchee Bay Islet,2,[2010],[],[],['mangrove island'],['GREG'],{'N': 1},GREG WBN with good coverage; no other species documented || confirm with Cam 1 photos 121-123,2,25.8794,-81.4975
Second Chance Critical Wildlife Area,4,[2010],[],[],['sandy island'],"['BRPE', 'ROYT', 'SATE']",{'N': 1},no screen captures; tern and BRPE roost only || confirm with Cam 1 photos 125-140 - only roosting birds; estimated numbers || confirm with Cam 1 photos 125-140 - only roosting birds; estimated numbers || confirm with Cam 1 photos 125-140 - only roosting birds; estimated numbers,4,25.8389,-81.6674
Marco Island,9,[2010],[],[],['sandy island'],"['BLSK', 'ROYT', 'UnGu', 'BRPE']",{'N': 1},complete coverage of blsk sites but may not have complete coverage of roosting terns/gulls || confirm with Cam 1 photos 171-196 plus others of this colony || confirm with Cam 1 photos 171-196 plus others of this colony || confirm with Cam 1 photos 171-196 plus others of this colony || confirm with Cam 1 photos 171-196 plus others of this colony || confirm with Cam 1 photos 171-196 plus others of this colony || confirm with Cam 1 photos 171-196 plus others of this colony || confirm with Cam 1 photos 171-196 plus others of this colony || confirm with Cam 1 photos 171-196 plus others of this colony,9,25.9549,-81.7528
Ostego Bay Islet North,12,[2010],[],[],['mangrove island'],"['GBHE', 'GREG', 'BRPE', 'DCCO', 'MAFR', 'SNEG']",{'N': 1},good coverage; large GREG chicks in nests unattended; BRPE on nests || confirm with Cam 1 photos 230-259 || confirm with Cam 1 photos 230-259 || confirm with Cam 1 photos 230-259 || confirm with Cam 1 photos 230-259 || confirm with Cam 1 photos 230-259 || confirm with Cam 1 photos 230-259 || confirm with Cam 1 photos 230-259 || confirm with Cam 1 photos 230-259 || confirm with Cam 1 photos 230-259 || confirm with Cam 1 photos 230-259 || confirm with Cam 1 photos 230-259,12,26.424300000000002,-81.89329999999998
Ostego Bay Islet South,5,[2010],[],[],['mangrove island'],"['GBHE', 'GREG', 'BRPE', 'DCCO']",{'N': 1},small colony with complete coverage || confirm with Cam 1 photos 265-280 || confirm with Cam 1 photos 265-280 || confirm with Cam 1 photos 265-280 || confirm with Cam 1 photos 265-280,5,26.4226,-81.8953
Black Key South Islet,5,[2010],[],[],['mangrove island'],"['GBHE', 'GREG', 'DCCO', 'UnWa']",{'N': 1},small island with complete coverage || confirm with Cam 1 photos 283-292 || confirm with Cam 1 photos 283-292 || confirm with Cam 1 photos 283-292 || confirm with Cam 1 photos 283-292,5,26.4113,-81.8549
East Long Key Islet,5,[2010],[],[],['mangrove island'],"['GBHE', 'BRPE', 'DCCO', 'UnWa']",{'N': 1},very small island with complete coverage || confirm with Cam 1 photos 294-304 || confirm with Cam 1 photos 294-304 || confirm with Cam 1 photos 294-304 || confirm with Cam 1 photos 294-304,5,26.3885,-81.8592
Big Hickory Bay Islet,5,[2010],[],[],['mangrove island'],"['GBHE', 'GREG', 'DCCO', 'UnWa']",{'N': 1},very small island with complete coverage; several empty nests that probably fledged? || confirm with Cam 1 photos 306-313 || confirm with Cam 1 photos 306-313 || confirm with Cam 1 photos 306-313 || confirm with Cam 1 photos 306-313,5,26.3531,-81.8415
Estero Preserve Long Island,3,[2010],[],[],['mangrove island'],"['GBHE', 'DCCO']",{'N': 1},very small island with complete coverage; very small number of nests from a variety of species || confirm with Cam 1 photos 306-313 || confirm with Cam 1 photos 306-313,3,26.368399999999998,-81.8467
Matanzas Pass Spoil Island,7,[2010],[],[],['shrub/bush island'],"['GBHE', 'GREG', 'BRPE', 'DCCO', 'SNEG', 'TRHE']",{'N': 1},"main BRPE and GREG nesting areas has excellent coverage; DCCO nesting area covered in overview photo but probably 95% coverage || confirm with Cam 1 photos 332, 335, 342, 343, 348, 356 || confirm with Cam 1 photos 332, 335, 342, 343, 348, 356 || confirm with Cam 1 photos 332, 335, 342, 343, 348, 356 || confirm with Cam 1 photos 332, 335, 342, 343, 348, 356 || confirm with Cam 1 photos 332, 335, 342, 343, 348, 356 || confirm with Cam 1 photos 332, 335, 342, 343, 348, 356",7,26.460900000000002,-81.95709999999998
Tarpon Bay Island,9,[2010],['FL'],['Charlotte Harbor'],['5 shrub islands'],"['DCCO', 'BRPE', 'GREG', 'SNEG', 'UnWa', 'TRHE']",{'N': 1},islands 2 and  5 covered in overview; GREG had large chicks in nests. 100% coverage using overviews || Does not include 18 Empty Nests || From photo 363 || confirm with Cam 1 photos 367-369 || confirm with Cam 1 photos 367-369 || confirm with Cam 1 photos 367-369 || confirm with Cam 1 photos 367-369 || confirm with Cam 1 photos 367-369 || Confirmed with Cam1 photo 394,9,26.4565,-82.0755
Pine Island Sound 3,2,[2010],[],[],['shrub island'],['UnWa'],{'N': 1},100% coverage of all species; unable to identify empty nests || confirmed with Cam1 photo 404-408,2,26.4939,-82.102
Pine Island Sound 2,1,[2010],[],[],['shrub/tree island'],[],{'N': 1},100% coverage,1,26.4945,-82.1043
Pine Island Sound 1,1,[2010],[],[],['shrub/tree island'],[],{'N': 1},100% coverage of nesting area; very small number of MAFR roost covered in overview,1,26.4979,-82.1124
Clam Key,2,[2010],[],[],['shrub/tree island'],['GBHE'],{'N': 1},no screen captures made; 100% coverage || no screen captures,2,26.5065,-82.1126
Matlacha Pass National Wildlife Refuge,3,[2010],[],[],['shrub/tree island'],"['GBHE', 'UnWa']",{'N': 1},no screen captures made; 100% coverage || no screen captures; 1 nest in overview photo 164 || no screen captures,3,26.5592,-82.0712
Bird Island Matlacha Pass,9,[2010],[],[],['shrub/tree island'],"['GBHE', 'GREG', 'BRPE', 'DCCO', 'SNEG', 'UnWa', 'MAFR', 'TRHE']",{'N': 1},100% coverage of all species || confirmed with photos 489-511 || confirmed with photos 489-511 || confirmed with photos 489-511 || confirmed with photos 489-511 || confirmed with photos 489-511 || confirmed with photos 489-511 || confirmed with photos 489-511 || confirmed with photos 489-511,9,26.5126,-82.033
Okeechobee Waterway Spoil Island,15,[2010],[],[],['shrub/tree island'],"['GBHE', 'GREG', 'BRPE', 'DCCO', 'SNEG', 'UnWa', 'WHIB', 'TRHE', 'ANHI']",{'N': 1},100% coverage of all species nesting || confirmed with photos 512-548 || confirmed with photos 512-548 || confirmed with photos 512-548 || confirmed with photos 512-548 || confirmed with photos 512-548 || confirmed with photos 512-548 || confirmed with photos 512-548 || confirmed with photos 512-548 || confirmed with photos 512-548 || confirmed with photos 512-548 || confirmed with photos 512-548 || confirmed with photos 512-548 || confirmed with photos 512-548 || confirmed with photos 512-548,15,26.509999999999998,-82.02500000000002
Givney Key,7,[2010],[],[],['shrub/tree island'],"['GBHE', 'GREG', 'DCCO', 'SNEG', 'UnWa', 'WHIB']",{'N': 1},100% coverage || confirmed with photos 549-569 || confirmed with photos 549-569 || confirmed with photos 549-569 || confirmed with photos 549-569 || confirmed with photos 549-569 || confirmed with photos 549-569,7,26.5145,-82.05489999999999
Hemp Key,11,[2010],[],[],['sand island with small shrubs'],"['GBHE', 'GREG', 'BRPE', 'DCCO', 'SNEG', 'UnWa', 'MAFR']",{'N': 1},100% coverage || confimed with photos 570-609; and Cam 2 197-202 || confimed with photos 570-609; and Cam 2 197-202 || confimed with photos 570-609; and Cam 2 197-202 || confimed with photos 570-609; and Cam 2 197-202 || confimed with photos 570-609; and Cam 2 197-202 || confimed with photos 570-609; and Cam 2 197-202 || confimed with photos 570-609; and Cam 2 197-202 || confimed with photos 570-609; and Cam 2 197-202 || confimed with photos 570-609; and Cam 2 197-202 || confimed with photos 570-609; and Cam 2 197-202,11,26.6005,-82.15239999999999
Turtle Bay Island,1,[2010],[],[],['shrub island'],[],{'N': 1},100% coverage,1,26.7867,-82.1875
Cape Haze Islet,1,[2010],[],[],['shrub island'],[],{'N': 1},100% coverage,1,26.7967,-82.2295
Gasparilla Sound Spoil Island,5,[2010],[],[],['shrub/tree island with sandy spit'],"['GBHE', 'GREG', 'BRPE', 'DCCO']",{'N': 1},100% coverage with roost birds counted as well || confirm with Cam 1 photos 42-61 || confirm with Cam 1 photos 42-61 || confirm with Cam 1 photos 42-61 || confirm with Cam 1 photos 42-61,5,26.790399999999998,-82.2462
Lemon Bay Spoil Island,1,[2010],[],[],['shrub island'],[],{'N': 1},100% coverage,1,26.9289,-82.3511
Stump Pass,3,[2010],[],[],['sandy beach'],"['ROYT', 'SATE']",{'N': 1},no screen captures taken; only partial coverage of roosting terns; unknown % complete due to poor overviews || no screen capture - roosting terns estimated by 5's || no screen capture - roosting terns estimated by 5's,3,26.8968,-82.3409
Blackburn Bay Island South,2,[2010],['FL'],['Tampa Bay'],['shrub island'],['UnWa'],{'N': 1},100% coverage || Does not include 28 Empty Nests,2,27.1412,-82.4719
Blackburn Bay Island North,1,[2010],[],[],['shrub/tree island'],[],{'N': 1},100% coverage,1,27.1515,-82.4751
Dryman Bay Island,2,[2010],['FL'],['Tampa Bay'],['shrub island with sand spit'],['BRPE'],{'N': 1},100% coverage || Does not include 1 Empty Nest,2,27.1739,-82.4921
Bird Keys Islet,1,[2010],[],[],['shrub/tree island'],[],{'N': 1},100% coverage,1,27.2087,-82.5038
Edwards Islands Southeast,28,[2010],[],[],['3 shrub/tree islands'],"['GBHE', 'GREG', 'BRPE', 'DCCO', 'UnWa']",{'N': 1},100% coverage || Confirmed with Cam 1 Card 2 photo 148 and 149 || Confirmed with Cam 1 Card 2 photo 148 and 149 || Confirmed with Cam 1 Card 2 photo 148 and 149 || Confirmed with Cam 1 Card 2 photo 148 and 149 || Confirmed with Cam 1 Card 2 photo 148 and 149 || confirmed with Cam 1 Card 2 photos 150 and 171-179 || confirmed with Cam 1 Card 2 photos 150 and 171-179 || confirmed with Cam 1 Card 2 photos 150 and 171-179 || confirmed with Cam 1 Card 2 photos 150 and 171-179 || confirmed with Cam 1 Card 2 photos 150 and 171-179 || confirmed with Cam 1 photos || confirmed with Cam 1 photos || confirmed with Cam 1 photos || confirmed with Cam 1 photos || confirmed with Cam 1 photos || confirmed with Cam 1 photos || confirmed with Cam 1 photos || confirmed with Cam 1 photos || confirmed with Cam 1 photos || confirmed with Cam 1 photos || confirmed with Cam 1 photos || confirmed with Cam 1 photos || confirmed with Cam 1 photos || confirmed with Cam 1 photos || confirmed with Cam 1 photos || confirmed with Cam 1 photos || confirmed with Cam 1 photos,28,27.293599999999998,-82.5443
Longbeach Islet,4,[2010],[],[],['shrub/tree island'],"['GBHE', 'GREG', 'DCCO']",{'N': 1},100% coverage || confirmed with Cam 1 Card 2 photos 222-233 || confirmed with Cam 1 Card 2 photos 222-233 || confirmed with Cam 1 Card 2 photos 222-233,4,27.433,-82.6753
Cortez Island,6,[2010],[],[],['shrub/tree island'],"['GBHE', 'GREG', 'BRPE', 'DCCO', 'MAFR']",{'N': 1},100% coverage from overviews and poor photos. This is clearly an underestimate. Best guess is that 80% of nests counted for all species || consider this an very rough estimate - photos poor || consider this an very rough estimate - photos poor || consider this an very rough estimate - photos poor || consider this an very rough estimate - photos poor || consider this an very rough estimate - photos poor,6,27.462,-82.68240000000002
Egmont Key,2,[2010],['FL'],['Tampa Bay'],['sand/grassy island'],['ROSA'],{'N': 1},terns chicks wandering in sections; others still at nest sites. 100% coverage using overviews but I would estimate 10 to 15% underestimate on tern species || Includes 2342 Empty Nests,2,27.5793,-82.7596
Palm Key,1,[2010],[],[],['shrub/tree island'],[],{'N': 1},100% coverage,1,25.1122,-80.8786
Man of War Key,2,[2010],[],[],['shrub/tree island'],['DCCO'],{'N': 1},no screen captures; 100% coverage || no screen captures made,2,25.0325,-80.8786
Clive Key,5,[2010],[],[],['grassy/shrub/tree island'],"['DCCO', 'GREG', 'BRPE', 'UnWa']",{'N': 1},100% coverage || used multiple Cam 1 photos 73-180 || used multiple Cam 1 photos 73-180 || used multiple Cam 1 photos 73-180 || used multiple Cam 1 photos 73-180,5,25.0799,-80.9284
Oyster Keys,3,[2010],[],[],['shrub/tree island'],"['GREG', 'UnWa']",{'N': 1},100% coverage || confirmed with Cam1 photos 203-215 || confirmed with Cam1 photos 203-215; nests on corner could not be confirmed possible BRPE?,3,25.104,-80.9514
Frank Key,2,[2010],[],[],['shrub/tree island'],['GREG'],{'N': 1},no screen capture; 100% coverage || confimred with Cam1 photos 226-249; no nests seen in any photos,2,25.1062,-80.9114
Carl Ross Key,5,[2010],[],[],['shrub/tree island'],"['GREG', 'DCCO', 'MAFR']",{'N': 1},100% coverage; MWP80 also used for Sandy Key [PJC Oct. 22] || no screen capture; roost area on dead sticks || no screen capture; roost area on dead sticks; number is an estimate || no screen capture; roost area on dead sticks; number is an estimate || no screen capture; roost area on dead sticks; number is an estimate,5,25.039,-81.0174
Dead Terrapin Key,3,[2010],[],[],['shrub/tree island'],"['GREG', 'DCCO']",{'N': 1},100% coverage || confirmed with photos404-419 || confirmed with photos404-419,3,25.0416,-80.8017
Rabbit Key,2,[2010],[],[],['grassy/shrub island'],['GREG'],{'N': 1},100% coverage || no screen capture taken,2,24.9916,-80.8297
Upper Arsnicker Key,3,[2010],[],[],['shrub/tree island'],['DCCO'],{'N': 1},100% coverage || confirmed with 464-472 || used photos 476-479; no screen capture taken,3,24.9316,-80.8274
Lower Arsnicker Key,6,[2010],[],[],['shrub/tree island'],"['DCCO', 'UnWa', 'MAFR']",{'N': 1},100% coverage || confirmed with photos 493-499 || confirmed with photos 493-499 || used photos 522-531 || used photos 522-531 || used photos 522-531,6,24.9203,-80.82690000000001
Rachel Key,1,[2010],[],[],['shrub island'],[],{'N': 1},100% coverage,1,24.7265,-81.0759
Bob Key,3,[2010],['FL'],['Everglades National Park'],"['shrub/sand? Island', 'shrub island']",['BRPE'],{'N': 2},100% coverage || 100% coverage || Does not include 1 Empty Nest,3,25.109166666666667,-80.5647
Water Key Mangroves,1,[2010],[],[],['shrub island'],[],{'N': 1},100% coverage,1,24.7868,-81.3457
Channel Key,1,[2010],[],[],['shrub/grassy island'],[],{'N': 1},100% coverage,1,24.7931,-80.9153
Veterans Key,1,[2010],[],[],['shrub/tree island'],[],{'N': 1},100% coverage,1,24.8507,-80.7444
Peterson Key,1,[2010],[],[],['shrub/tree island'],[],{'N': 1},100% coverage,1,24.9129,-80.7437
Buchanan Keys,1,[2010],[],[],['shrub/tree island'],[],{'N': 1},100% coverage,1,24.9199,-80.7752
Cowpens Cut Key,5,[2010],[],[],['shrub/tree island'],"['GREG', 'DCCO', 'UnWa', 'MAFR']",{'N': 1},100% coverage || confirmed with Cam 1 card 2 photo 675 || confirmed with Cam 1 card 2 photo 675 || confirmed with Cam 1 card 2 photo 675 || confirmed with Cam 1 card 2 photo 675,5,25.00224,-80.5631
Pelican Key,1,[2010],[],[],['shrub/tree island'],[],{'N': 1},100% coverage,1,25.0925,-80.4555
Duck Key,4,[2010],[],[],['shrub/tree island'],"['GREG', 'DCCO', 'MAFR']",{'N': 1},100% coverage || confirm with Cam 1 photos 586-591 || confirm with Cam 1 photos 586-591 || confirm with Cam 1 photos 586-591,4,25.1802,-80.4893
Bay Keys,4,[2010],[],[],['shrub/tree island'],"['GREG', 'DCCO']",{'N': 1},100% coverage || confirm with Cam 1 photos 567-582 || confirm with Cam 1 photos 567-582 || confirm with Cam 1 photos 567-582,4,24.6335,-81.7632
Cottrell Key,1,[2010],[],[],['shrub/tree island'],[],{'N': 1},100% coverage,1,24.603,-81.9211
Boca Grande Key,5,[2010],[],[],['sand island with small very sparse shrubs'],"['UNCR', 'UnTE', 'DCCO']",{'N': 1},"100% coverage of DCCO; tern species have an estimated 90-95% coverage || crow sp. || possible ROYT, BLTE, LETE, SATE || possible ROYT, BLTE, LETE, SATE || from photo 499",5,24.5328,-82.0043
Marquesas Keys,4,[2010],[],[],['sandy beach'],"['BRPE', 'DCCO', 'MAFR']",{'N': 1},no screen captures; 100% coverage of roosting birds || no screen captures || no screen captures || no screen captures; also used photos 434 and 436,4,24.57,-82.13
Hospital Key,3,[2010],[],[],['sand island'],['MABO'],{'N': 1},100% coverage || Dry Tortugas; 1 MABO chick in photo || Drty Tortugas; utilized Cam 1 photos 91-99 to confirm,3,24.6478,-82.8529
Bush and Long Keys,132,[2010],[],[],['sand with sparse low plants/grass and small shrubs'],"['BRNO', 'SOTE', 'ROST', 'UnTE', 'LAGU', 'SONO', 'MAFR']",{'N': 1},good coverage but needed to use overviews to fill in; estimate 90-95% coverage of SOTE and BRNO; 100% coverage of ROST || Dry Tortugas || Dry Tortugas || Dry Tortugas; 2 decoys || Dry Tortugas || Dry Tortugas || Dry Tortugas; 4 decoys || Dry Tortugas || Dry Tortugas; 20 decoys || Dry Tortugas || Dry Tortugas; 4 decoys || Dry Tortugas || Dry Tortugas; 16 Decoys || Dry Tortugas || Dry Tortugas || Dry Tortugas || Dry Tortugas || Dry Tortugas || Dry Tortugas || Dry Tortugas || Dry Tortugas || Dry Tortugas || Dry Tortugas || Dry Tortugas || Dry Tortugas || Dry Tortugas || Dry Tortugas || Dry Tortugas || Dry Tortugas || Dry Tortugas || Dry Tortugas || Dry Tortugas || Dry Tortugas || Dry Tortugas || Dry Tortugas || Dry Tortugas || Dry Tortugas || Dry Tortugas || Dry Tortugas || Dry Tortugas || Dry Tortugas || Dry Tortugas || Dry Tortugas || Dry Tortugas || Dry Tortugas || Dry Tortugas || Dry Tortugas || Dry Tortugas || Dry Tortugas || Dry Tortugas || Dry Tortugas || Dry Tortugas || Dry Tortugas || Dry Tortugas || Dry Tortugas || Dry Tortugas || Dry Tortugas || Dry Tortugas || Dry Tortugas || Dry Tortugas || Dry Tortugas || Dry Tortugas || Dry Tortugas || Dry Tortugas || Dry Tortugas || Dry Tortugas || Dry Tortugas || Dry Tortugas || Dry Tortugas || Dry Tortugas || Dry Tortugas || Dry Tortugas || Dry Tortugas || Dry Tortugas || Dry Tortugas || Dry Tortugas || Dry Tortugas || Dry Tortugas || Dry Tortugas || Dry Tortugas || Dry Tortugas || Dry Tortugas || Dry Tortugas; 3 SOTE sites added from photo 310 || Dry Tortugas || Dry Tortugas || Dry Tortugas || Dry Tortugas || Dry Tortugas || Dry Tortugas || Dry Tortugas || Dry Tortugas || Dry Tortugas || Dry Tortugas || Dry Tortugas || Dry Tortugas || Dry Tortugas || Dry Tortugas || Dry Tortugas || Dry Tortugas || Dry Tortugas,132,24.628099999999993,-82.8637
Jigsaw Island,1,[2010],[],[],['sand with sparse low plants/grass'],[],{'N': 1},100% coverage,1,29.2832,-94.8918
Kanaloa Spoil North,1,[2010],[],[],['sand with sparse low shrubs'],[],{'N': 1},100% coverage,1,29.2975,-94.9395
Smith Point Island,20,[2010],[],[],['sand with sparse low shrubs'],"['LAGU', 'BRPE', 'ROYT', 'SATE', 'AMOY', 'BLSK', 'GREG', 'GBHE', 'UnWa', 'UnCo']",{'N': 1},100% coverage || confirmed with Cam 1 photos 586-637 || confirmed with Cam 1 photos 586-637 || confirmed with Cam 1 photos 586-637 || confirmed with Cam 1 photos 586-637 || confirmed with Cam 1 photos 586-637 || confirmed with Cam 1 photos 586-637 || confirmed with Cam 1 photos 586-637 || confirmed with Cam 1 photos 586-637 || confirmed with Cam 1 photos 586-637 || confirmed with Cam 1 photos 586-637 || confirmed with Cam 1 photos 586-637 || confirmed with Cam 1 photos 586-637 || confirmed with Cam 1 photos 586-637 || confirmed with Cam 1 photos 586-637 || confirmed with Cam 1 photos 586-637 || confirmed with Cam 1 photos 586-637 || confirmed with Cam 1 photos 586-637 || confirmed with Cam 1 photos 586-637 || confirmed with Cam 1 photos 586-637,20,29.536399999999997,-94.8052
Evia Island,17,"[2010, 2021]",['TX'],['Galveston'],"['sand/grass/low shrubs with rip rap area', 'Island with rock permiter']","['AMOY', 'AWPE', 'BCNH', 'BRPE', 'GBHE', 'GREG', 'LAGU', 'NECO', 'REEG DM', 'ROSP', 'ROYT', 'RUTU', 'SATE', 'SNEG', 'WHIB', 'REEG']",{'N': 16},"100% coverage; tern, gull and pelican chicks wandering making estimates of sites challenging; although 100% coverage probably an underestimate due to stage of nesting with wandering chicks || Complete coverage; foraging || Complete coverage; roosting || Complete coverage; roositing || Complete coverage; incubating and chicks present || Complete coverage; incubating and chicks present || Complete coverage; incubating and chicks present || Complete coverage; incubating; chicks present in June || Complete coverage; incubating with 1 chick nest || Complete coverage; incubating || Complete coverage; incubating; chicks in June || Complete coverage; incubating; chicks in June || Complete coverage; foraging || Complete coverage; incubating; chicks in June || Complete coverage; incubating with 2 chick nests present || Complete coverage; foraging || DM",17,29.4282,-94.7638
West Nueces Bay 51W D,1,[2010],[],[],['shrubs'],[],{'N': 1},coverage good,1,27.8516,-97.4788
West Nueces Bay 51W A,1,[2010],[],[],['shrubs'],[],{'N': 1},coverage good,1,27.8533,-97.4828
West Nueces Bay 51W P,1,[2010],[],[],['shrubs'],[],{'N': 1},coverage good,1,27.858,-97.4906
Skimmer Island Nueces Bay,3,"[2010, 2021]",[],[],"['platforms, marsh, rock perimeter w. small opening']","['GBHE/GREG', 'FUWD']",{'N': 2},"no nesting birds detected || GREG chicks small, GBHE chicks slightly older; similar nest #s in June || Fulvous Whistling-Duck",3,27.863,-97.4902
CC Channel Spoil East,1,[2010],[],[],['shrubs'],[],{'N': 1},coverage good,1,27.8154,-97.1908
Seadrift Island B,1,[2010],[],[],['grass/low shrubs/sand'],[],{'N': 1},,0,28.3968,-96.7229
Seadrift Island C,1,[2010],[],[],['sand w. patchy veg.'],[],{'N': 1},,0,28.3888,-96.7258
South Pass Island A,1,[2010],[],[],['sand w. patchy veg.'],[],{'N': 1},,0,28.2984,-96.6223
South Pass Island B,1,[2010],[],[],['sand w. patchy veg.'],[],{'N': 1},,0,28.2961,-96.6213
Terrebonne Bay 2,1,[2010],[],[],['small oil platform'],[],{'N': 1},loafing birds,1,29.1992,-90.4484
Terrebonne Bay 3,1,[2010],[],[],['intertidal beach'],[],{'N': 1},loafing birds,1,29.249,-90.396
Terrebonne Bay 4,1,[2010],[],[],['wood pilings'],[],{'N': 1},loafing birds,1,29.2164,-90.354
Terrebonne Bay 5,1,[2010],[],[],['sandbar that used to be an island'],[],{'N': 1},loafing birds,1,29.2029,-90.3525
Terrebonne Bay 7,1,[2010],[],[],['mudflats'],[],{'N': 1},loafing birds,1,29.06,-90.4465
Coon Island,4,[2010],[],[],"['sand w. patchy, dry veg.']","['LAGU', 'BLSK', 'UNTE']",{'N': 1},coverage good || incl. 27 roosting birds from Overview || incl. 47 roosting birds from Overview || added from Overview,4,28.6534,-96.2272
Dressing Point,22,"[2010, 2021]",['TX'],['East Matagorda Bay'],"['grass/low shrubs/some beach', 'Spoil island with jetty perimeter']","['AWPE', 'BRPE', 'CATE', 'FUWD', 'GBHE', 'HERG', 'LAGU', 'NECO', 'ROYT', 'RUTU', 'SATE', 'UNSB', 'BCNH', 'BLSK', 'GREG', 'REEG DM', 'REEG WM', 'ROSP', 'SNEG', 'TRHE', 'REEG']",{'N': 21},larger island || Complete coverage; roosting || Complete coverage; incubating and chicks present; roosting || Complete coverage; mostly incubating with a few chicks present || Complete coverage; roosting || Complete coverage; incubating and chicks present || Complete coverage; roosting || Complete coverage; incubating; chicks in June || Complete coverage; roosting || Complete coverage; incubating; chicks in June || Complete coverage; foraging || Complete coverage; incubating; chicks in June || Complete coverage; foraging || Complete coverage; incubating with 4 chick nests present || Complete coverage; incubating || Complete coverage; incubating and chicks present || Complete coverage; incubating with 1 chick nest present || Complete coverage; incubating || Complete coverage; incubating || Complete coverage; incubating and chicks present || Complete coverage; incubating and chicks present || DM/WM combined,22,28.731475,-95.76061999999999
Lavaca Bay Spoils E,26,"[2010, 2021]",['TX'],['Matagorda Bay'],"['low shrubs', 'Spoil Island']","['TRHE', 'AMOY', 'BBWD', 'BCNH', 'BRPE', 'CAEG', 'SNEG', 'ROYT', 'ROSP', 'REEG WM', 'REEG DM', 'NECO', 'SATE', 'GREG', 'WFIB', 'GBHE', 'CATE', 'LBHE', 'GRFL', 'WHIB', 'LAGU', 'REEG', 'WHEG']",{'N': 23},"larger island; rough estimates tallied from close-ups and shown on Ovs; all 3 White Egret spp. present || Colony in incubation stage. Complete coverage. || Two sites present || One site present. || Colony in incubation stage. Complete coverage. || Colony in incubation stage, chicks present. Complete coverage. || Colony in incubation stage. Complete coverage. || Colony in incubation stage. Complete coverage. || Colony in incubation stage. Complete coverage. || Colony in incubation stage, chicks present. Complete coverage. || Colony in incubation stage. Complete coverage. || Colony in incubation stage. Complete coverage. || Colony in incubation stage. Complete coverage. || Colony in incubation stage. Complete coverage. || ColonyColony in incubation stage, chicks present. Complete coverage. || Colony in incubation stage. Complete coverage. || Colony in incubation stage, chicks present. Complete coverage. || Colony in incubation stage. Complete coverage. || Foraging. || Foraging. || Colony in incubation stage, chicks present. Complete coverage. || Colony in incubation stage. Complete coverage. || Colony in incubation stage. Complete coverage. || DM/WM combined || all 3 white spp. present || all 3 white spp. present",26,28.5992675,-96.56179499999999
Biloxi North 4,27,"[2010, 2012, 2013, 2015, 2018, 2021]",['LA'],['Biloxi North'],"['Grassy marsh island with beaches', 'Beach, grassy', 'marsh']","['AMOY', 'LAGU', 'REEG DM', 'WHIB', 'GREG', 'SNEG', 'BCNH', 'TRHE', 'CATE', 'ROSP', 'FOTE', 'BRPE', 'ALL', 'REEG']",{'N': 21},"a single FOTE sitting, but additional habitat available if phenology was later at this island || One site on SE beach || Present in both months, more established sites in June - 90% coverage || Not present in May, one site, eggs visible under bird - 100% coverage || No sites in either month, only adult and immature birds present in June near GREG/SNEG areas || Chicks present in May and June, some w/o adult present. A few birds still incubating - 100% coverage || More sites in June, no chicks visible, birds look to be incubating - 100% coverage || Mostly birds in May and June, 1 site in June - 100% coverage || Incubating in both months, one site with chicks in June - 100% coverage || One site on SE beach || 4 birds wading with WHIB || May only. LAGU in incubation posture. Nests concentrated on/near the beach and edge habitat. || May only. One FOTE nest, incubation posture. || No CATE colonies in May, but CATE colonies were in June so counted for June. || ROSP counted for May, not present in June. June and May photos covered different areas. || WHIB counted for May, not present in June. June and May photos covered different areas. || LAGU counts combined for May and June because May and June areas covered different areas. || AMOY only present in June images. || BRPE only present in June images. || FOTE and LAGU coverage likely only slightly incomplete; small #s; no other spp. seen || no birds seen in any of the photos; no photos taken during May survey but flew directly over the island; photos in June taken just to show habitat types || DM || Immature bird || Immature birds || Immature and adult birds wading || No BRPE colonies present in May images. || CATE colonies only present in June images.",27,30.0909,-89.2318
Barataria Bay 8,1,[2010],[],[],[],[],{'N': 1},"loafers on non-breeding, wet-sand habitat",1,29.1636,-90.0932
Barataria Bay 9,1,[2010],[],[],[],[],{'N': 1},"loafers on non-breeding, wet-sand habitat",1,29.1376,-90.1323
West Nueces Bay 51W J,1,[2010],[],[],['shrubs/artificial platforms'],[],{'N': 1},coverage good,1,27.8523,-97.4772
West Nueces Bay 51W K,1,[2010],[],[],['shrubs/beach/artificial platforms'],[],{'N': 1},coverage good,1,27.859,-97.493
Barataria Bay 10,1,[2010],[],[],[],[],{'N': 1},"loafers on non-breeding, wet-sand habitat",1,29.1181,-90.165
Chandeleur North G,38,"[2011, 2012, 2013, 2015, 2018, 2021]",['LA'],['Breton-Chandeleur Islands'],"['barrier island', 'Grassy, marsh island with beach on entire E side', 'Sandy beach.', 'Sand spit, beach, sparse vegetation.', '95% sandy/shells 5% herbaceous', 'sand/beach']","['BLSK', 'LAGU', 'GBTE', 'CATE', 'LETE', 'ROYT', 'SATE', 'ROSA']",{'N': 21},"flew by but no photos taken; assume no birds were seen || One colony - 100% coverage || 1 site, 1 bird || BLSK set up in two large groups in May, but likely disbanded and re-established by June; colony location slightly different in June (a little further north).  BLSK in May seems to be still getting settled into sites; fresh digging observable. || Coverage complete.  Two large isolated nesting groups; incubation posture. || Coverage complete.  Few scattered sites among large BLSK groups. || Coverage complete.  Two sites among large BLSK groups. || incubating || incubating || incubating || incubating || small BLSK group; mixed with a few GBTE and ~30 LETE sites || just a couple of sites within the BLSK sites || spotted in photos; could not see them while flying; probably incomplete coverage as colony appears to move into shore more than we photographed || group of BLSK with 1 GBTE site || group of BLSK with 1 GBTE site || group of CATE with ROSA colony; a bit north of the BLSK colony; not photographed in June and flew direct over colony site || small group of ROYT with SATE and CATE; not photographed in June but flew directly over colony in June || small group of ROYT with SATE and CATE; not photographed in June but flew directly over colony in June || did not fly too close to this colony, track line was about 0.5 miles away; no photos and not counted || photos taken; a large portion of colony was ""chicked out"" for ROYT and SATE; counted nest scrapes (i.e., cups) as empty nests (EN) to get an estimate of the colony size; still quite a few birds on sites as well about as many sites as EN dotted || All Empty Nests || group 1; birds in this group appear to be on eggs or maybe very young chicks; no empty sites observed in photos || group 1; birds in this group appear to be on eggs or maybe very young chicks; no empty sites observed in photos || colony mostly chicked out; counting empty nest cups for sites || colony mostly chicked out; counting empty nest cups for sites || this area not photographed in June (birds not there? Flew directly over the site); estimated location 29.8291/-88.8459 || this area not photographed in June (birds not there? Flew directly over the site); estimated location 29.8291/-88.8459 || this area not photographed in June (birds not there? Flew directly over the site); estimated location 29.8291/-88.8459 || this area not photographed in June (birds not there? Flew directly over the site); estimated location 29.8291/-88.8459 || this area not photographed in June (birds not there? Flew directly over the site); estimated location 29.8326/-88.8434 || this area not photographed in June (birds not there? Flew directly over the site); estimated location 29.8326/-88.8434 || this area not photographed in June (birds not there? Flew directly over the site); estimated location 29.8326/-88.8434 || this area not photographed in June (birds not there? Flew directly over the site); estimated location 29.8326/-88.8434 || 1 BLSK Site added from cam 2 photo 10710. || Incubation posture. || Incubation posture. || Incubation posture.",38,29.865132,-88.832617
Biloxi South 17,4,"[2012, 2015, 2018, 2021]",[],[],"['submerged', 'Grassy', 'marsh island']",['FOTE'],{'N': 4},"Small number of FOTE nests on open debris in grassy habitat; roosting individuals near water's edge || complete coverage; no photos on 17 May || Most birds at this colony in incubating position; no chicks seen; only ""sites"" dotted.",3,,
Biloxi South 15,18,"[2013, 2015, 2018, 2021]",[],[],"['marsh island', 'Grassy, shrubs', 'Tidal grass and mangrove marsh.']","['TRHE', 'SNEG', 'ROSP', 'BCNH', 'GREG']",{'N': 10},"no birds at all in May and June || No nests. Small grassy island. || No birds at all; none 17 May either; island about 100m x 50m || 100% of colony analyzed and counted. || TRHE observed sitting on sites in brooding posture; eggs and few 1/4-1/3 grown chicks observed. || SNEG observed sitting on sites and in brooding posture; no chicks observed. || ROSP observed sitting on sites; no chicks observed. || BCNH observed sitting on sites; no chicks observed. || GREG observed sitting on sites in brooding posture; no chicks observed. || Colony photos visually assessed; All species present in May observed with chicks, some straying from nest sites; Although WHIB were present in May, no nesting occurred. || TRHE sitting on sites; 1/4 grown chicks observed. || SNEG sitting on sites, brooding posture. || ROSP sitting on sites. || BCNH sitting on sites. || GREG sitting on sites. || TRHE with eggs. || SNEG with eggs || TRHE with 1/3 grown chicks.",18,,
Bayou Platte Island North,13,"[2015, 2018, 2021]",[],[],"['spoil island', 'Beach, grassy', 'Mostly barren sand, sparse low vegetation.', 'Barren areas but also abundant low vegetation.']","['BLSK/GBTE', 'LAGU', 'BLSK', 'GBTE', 'LETE', 'BNST']",{'N': 13},"more birds present in May but pre-breeding; birds on sites in June || few birds, complete coverage || Approximately half the BLSK present are in incubation posture. Nesting in open, sandy substrate. || Nests in incubation stage; clustered and mixed with BLSK. || LAGU nests sporadic and evenly-distributed in mixed sand and veg edge habitat. || Most birds still standing, few on sites. || Most birds on sites but some still standing.  Although birds are easier to see in May, June will be dotted. || Most birds hunkered on sites in incubation posture. Birds amongst vegetation in June where there was no vegetation in May in same areas. || Birds amongst vegetation that grew around them since they started nesting in May. Some birds hunkered on sites while others are shading 1/2-7/8 grown YY, most tended by nearby AD. || Most hunkered on sites; no YY seen. || Birds observed on sites in barren area; very sparse vegetation present, if any, near nest sites. || One site observed in Area 1; bird appeared to be incubating. || Birds still mostly standing, few sitting on sites.",13,,
T-Pat Island,1,[2021],[],[],"['large, grassy, spoil island']",[],{'N': 1},just a large WHIB foraging group in May,1,,
Avocet Island,5,"[2015, 2018, 2021]",[],[],"['large, grassy, spoil island', 'Marsh, grasses, shrubs', 'Sand, sparse grasses and shrubs.']","['BNST', 'FOTE']",{'N': 5},"just some foraging WHIB in May || No nesting birds on island. No photos taken in June. || No photos taken in May. || Birds observed sitting on sites. || Birds observed sitting low on sites in incubation posture.  Many birds flushed as plane flew over but many seemed to try and settle quickly as the plane was still flying over, suggesting that the colony was still growing.  No YY observed.",5,,
Southwest Pass Islands 1,4,"[2018, 2021]",[],[],"['remnant shrubs from marsh island', 'Grassy']",['GREG'],{'N': 3},"Only 2 nests left in June, others likely submerged || Areas 1 dotted by KLC.  100% coverage.  May dotted only. || GREG sites in incubation posture, primarily in the center of the island; sites evenly-distributed across colony. || Added 2 GREG sites and 4 GREG birds from Camera1-4759 and 6 GREG sites and 4 GREG birds from Camera1-4755.",4,,
Carrabelle,1,[2021],[],[],['trees'],[],{'N': 1},no birds detected either month,1,,
Dog Island East,1,[2021],[],[],['beach'],[],{'N': 1},no BLSK/LETE detected either month; no Cam 1 photos either month,1,,
Ballast Cove Beach,1,[2021],[],[],['beach'],[],{'N': 1},no BLSK/LETE detected either month; no Cam 1 photos either month,1,,
Little Saint George Island,1,[2021],[],[],['beach'],[],{'N': 1},no BLSK/LETE detected either month; no Cam 1 photos either month,1,,
Bay Chaland Island,3,"[2015, 2021]",[],[],['marsh island'],"['FOTE', 'BLSK']",{'N': 2},"submerged in May, no birds in June; FOTE habitat || 100% coverage, not surveyed in May; large FOTE chicks  visible, dotted nearby adults as FOTE C || Only two BLSK on island, one in incubation position, the other one is not.",3,,
Biloxi South 20,1,[2021],[],[],['marsh island'],['FOTE/LAGU'],{'N': 1},Incubating in June; complete coverage,1,,
Scofield Island,19,"[2015, 2018, 2021]",[],[],"['barrier island', 'Sand and mudflats, shrubs']","['BLSK', 'ROYT', 'SATE', 'LAGU', 'BLTE', 'CATE', 'AMAV']",{'N': 10},"roosting birds along the shoreline in both mos; no birds in breeding habitat || no cam 1 pics; just a few birds, cryptic amid patchy vegetation; 70 mm Cam 2 only || No photos taken in May or June. Bastian Island is listed as Scofield in 20 May B CSV file. || May only: one individual observed; no nesting behaviors.  || May only: large group roosting; no nesting behaviors.  || May only: no nesting behaviors observed. || May only: one individual roosting, no nesting. || May only: several individuals roosting, no nesting. || May only: birds pairing up and exhibiting territorial behaviors, primarily roosting, no reproductive success confirmed. || Surveyed but no photos ||   ||   ||   ||   ||   ||   ||   ||   ||  ",19,,
Cowtrap Lake A,1,[2021],[],[],[],[],{'N': 1},complete coverage,1,,
Cowtrap Lake B,1,[2021],[],[],[],[],{'N': 1},complete coverage,1,,
Biloxi South 21,1,[2021],[],[],"['phragmites, woody shrubs']",['ALL'],{'N': 1},complete coverage but some birds perhaps concealed; overflown in May but no photos;,1,,
Deer Island Northeast,1,[2021],[],[],['trees'],['GBHE'],{'N': 1},"data are representative of colony size, but some nests likely not detected",1,,
Range Point Beach,1,[2021],[],[],[],[],{'N': 1},Only cam 2 photos available for May. Camera 1 and Camera 2 photos for June did not show any birds. Mostly beach umbrellas and beachgoers in both months.,1,,
Santa Rosa Island East Lot,1,[2021],[],[],[],[],{'N': 1},Only Cam 2 photos available for May. Camera 1 and Camera 2 photos for June did not show any breeding birds. Beachgoers in both months.,1,,
Navarre Beach Empty Lot,1,[2021],[],[],[],[],{'N': 1},"No May photos taken; No birds in June (Cam 1 and Cam 2) hotel by beach and beach umbrellas, some beachgoers on beach.",1,,
Sunnyside Beach,1,[2021],[],[],[],[],{'N': 1},"No May photos, only June Cam 2 photos. No birds, just people on beach.",1,,
Laguna Beach,1,[2021],[],[],[],[],{'N': 1},"Cam 2 photos in both May and June; no birds, people on beach with tents.",1,,
Lullwater Beach,1,[2021],[],[],[],[],{'N': 1},"Cam 2 photos in June show ROYT and LAGU roosting birds in area with no people. Both May and June have people on beach, umbrellas, and tents.",1,,
Bid-A-Wee Beach,1,[2021],[],[],[],[],{'N': 1},Cam 1 photos for both May and June; no birds; people on beach with umbrellas and tents; near beach hotel.,1,,
Navarre Causeway A,1,[2021],[],[],[],[],{'N': 1}, LETE and BLSK sites present; no May photos due to lack of access.,1,,
Navarre Causeway B,1,[2021],[],[],[],[],{'N': 1},LETE present ; no May photos due to lack of access,1,,
Robertson Island,1,[2021],[],[],[],['LETE'],{'N': 1},"Two LETE observed from Cam 1 photos in June; no May photos due to restricted air space. Some people  on beach as well with boats pulled adjacent to the shoreline, but human activity limited to just edges of island.",1,,
Crooked Island North,1,[2021],[],[],[],['LETE'],{'N': 1},"A couple LETE birds in May; but majority of LETE sites formed by June. Coverage in June(75%) is less complete than in May (90%), but no LETE birds except for 2 birds observed in May.",1,,
Crooked Island South,6,[2021],[],[],[],"['BRPE', 'ROYT', 'SATE', 'CAEG', 'DCCO', 'LAGU']",{'N': 6},Roosting birds on shoreline; non-breeding. || Roosting birds on shoreline; not there in June. || Roosting birds on shoreline mixed in with ROYT roosting birds; not there in June. || 3 Roosting birds on shoreline; not there in June || 3 DCCO Roosting birds on shoreline; not there in June. || roosting birds with BRPE on shoreline; non-breeding.,6,,
Mendicant Island,1,[2021],[],[],['southernmost corner; shrubs'],['BRPE'],{'N': 1},90 abandoned nests (with eggs) and many Empty nests in May; colony completely abandoned by June,1,,
Philo Brice Islands,19,"[2015, 2018, 2021]",['LA'],['Terrebonne Bay'],"['mangroves w. sliver of beach', 'mangroves', 'Beach, grassy, marsh, shrubs']","['ROYT/SATE', 'ALL', 'BRPE', 'LAGU', 'TRHE', 'ROSP', 'WHIB', 'GREG', 'BCNH', 'SNEG', 'GBHE', 'LBHE', 'ROYT', 'SATE', 'REEG', 'CATE', 'FOTE']",{'N': 18},"active both months, but better formed in June || BRPE, LAGU, waders all active both months; possible increased WHIB in June; rainy day in June affecting image quality was a factor in choosing May; coverage complete || Large colony. Nesting mainly in shrubs. High-density. Primarily nests with old chicks and well-built nests. Evenly-distributed throughout the island, with higher concentrations near periphery. || Large colony. Nests in incubation stage; distributed along beaches, edge habitat, and open grassy areas. || Large colony. Sporadic nests distributed throughout the interior; most abundant and evenly-distributed species in the interior. || Large colony. Nests primarily in incubation stage, mixed with TRHE and WHIB. Clumped distribution in interior, nesting in dense shrubs. || Large colony. Nests in incubation stage, mixed with TRHE and ROSP. Clustered groups near interior water features. || Small group of GREG nesting in the interior; incubation posture. Clusters of GREG mixed with BRPE nests adjacent to water. || Small number of scattered BCNH nests in shrubby area of interior. || Small number of SNEG nests in incubation stage, scattered with BRPE nests along inlets. || Small number of GBHE nests in shrubby area of interior. || No indication of nesting; one roosting individual. || Large colony. Individuals clustered densely on beach; incubation posture. || Large colony. Smaller clusters mixed with ROYT on beach; incubation posture. || Few nests in incubation stage. Nesting in shrub habitat of interior. || Small groups and a few isolated nests in incubation stage. Nesting open interior, some in close proximity to beach, surrounded by numerous water features. || Nesting on wrack line on periphery of island. || transited about >1km west of the island; a little farther off in June || DM",19,29.18416,-90.34678
Gunn Island,55,"[2018, 2021]",[],[],"['spoil island, largely unvegetated', 'Beach, grasses']","['ROYT', 'SATE', 'GBTE', 'BLSK', 'CATE', 'LAGU', 'FOTE', 'BRPE', 'ROYT, SATE', 'TRHE']",{'N': 14},"many more birds in June || many more birds in June || many more birds in June || many more birds in June || many more birds in June || many more birds in June || Ovs only in May; colony not yet formed. Large ROYT and SATE colony in June, most all adults incubating nests. || 5 standing on beach. || 101 seemingly abandoned sites with eggs randomly within colony. Unable to tell which species. || Most adults in incubation posture; no chicks seen. || One bird seen sitting on a nest. || A few sites in and along vegetation, in same areas as CATE. || Birds incubating on nests outside large SATE/ROYT colony in and near vegetation. || brooded chick; only chick nest detected of any spp. || ScreenCaps mistakenly saved as Willet Island || ScreenCaps mistakenly saved as Willet Island || ScreenCaps mistakenly saved as Willet Island || ScreenCaps mistakenly saved as Willet Island || ScreenCaps mistakenly saved as Willet Island || ScreenCaps mistakenly saved as Willet Island || Dot limit on photo maxed out, continued this photo with Area 3. || ScreenCaps mistakenly saved as Willet Island || ScreenCaps mistakenly saved as Willet Island || ScreenCaps mistakenly saved as Willet Island || ScreenCaps mistakenly saved as Willet Island || ScreenCaps mistakenly saved as Willet Island || ScreenCaps mistakenly saved as Willet Island || ScreenCaps mistakenly saved as Willet Island || ScreenCaps mistakenly saved as Willet Island || ScreenCaps mistakenly saved as Willet Island || ScreenCaps mistakenly saved as Willet Island || Dot limit on photo maxed out, continued this photo with Area 6. || ScreenCaps mistakenly saved as Willet Island || ScreenCaps mistakenly saved as Willet Island || ScreenCaps mistakenly saved as Willet Island || ScreenCaps mistakenly saved as Willet Island || ScreenCaps mistakenly saved as Willet Island || ScreenCaps mistakenly saved as Willet Island || ScreenCaps mistakenly saved as Willet Island || ScreenCaps mistakenly saved as Willet Island || ScreenCaps mistakenly saved as Willet Island || ScreenCaps mistakenly saved as Willet Island || ScreenCaps mistakenly saved as Willet Island || ScreenCaps mistakenly saved as Willet Island || ScreenCaps mistakenly saved as Willet Island || ScreenCaps mistakenly saved as Willet Island || ScreenCaps mistakenly saved as Willet Island || ScreenCaps mistakenly saved as Willet Island || ScreenCaps mistakenly saved as Willet Island || ScreenCaps mistakenly saved as Willet Island || ScreenCaps mistakenly saved as Willet Island || ScreenCaps mistakenly saved as Willet Island || ScreenCaps mistakenly saved as Willet Island || ScreenCaps mistakenly saved as Willet Island",54,,
Curlew Island,11,"[2015, 2018, 2021]",[],[],"['sand, barrier island', 'sandy barrier island', 'mostly sand nesting birds']","['ALL', 'BLSK', 'GBTE', 'CATE', 'LAGU', 'ROYT', 'SATE']",{'N': 11},"very little breeding habitat available in May; no nesting evident yet || excellent coverage of all spp; SATE predominated || Incubating; excellent coverage; clearly more appropriate than May for breeding pop || Incubating; excellent coverage || Incubating; excellent coverage; CATE more abundant in May, but those birds likely failed || At both end of island || incubating || incubating || only one incubating gull || many; those roosting on shore didn't appear to have young with them || many; those roosting on shore did not appear to have young with them.",11,,
Dickinson Bay Spoil Island,1,[2021],[],[],['U-shaped levee w. shrubs and outer rock edge'],['ALL'],{'N': 1},"Chose May because many spp. with chicks already and no obvious differences in nesting #s by June; a few CATE in June, but they may have failed; movement of driftwood may indicate some low-level overwash occurred",1,,
Rollover Bay C,2,[2021],[],[],['marshy grass island w. shrubs'],"['WADERS', 'AMOY']",{'N': 2},complete coverage || not seen in June,2,,
Kanaloa Spoil,8,[2021],[],[],['Spoil Island'],"['BRPE', 'LAGU', 'CATE', 'RUTU', 'AMOY', 'TRHE', 'WFIB', 'GBHE']",{'N': 8},"Colony in incubation stage, chicks present. Complete coverage. || Colony in incubation stage. Complete coverage. || Small colony in incubation stage, 1 chick present. Complete coverage. || Foraging. || Small colony in incubation stage. Complete coverage. || Colony in incubation stage. Complete coverage. || Colony in incubation stage. Complete coverage. || Foraging.",8,,
Pepperfish Key,6,[2021],[],[],['Shrubs on island'],"['GREG', 'GBHE', 'SNEG', 'TRHE', 'DCCO', 'AWPE']",{'N': 6},"Some large chicks present in May, and some birds on eggs in June; so, sort of a bimodal timing to nesting || large chicks in May and June; some other birds on eggs or setting up in May abandoned by June || Sp. ID not 100% in May; no birds in June || roosting only; none in June || roosting only; none in June",5,,
Petit Bois Island,1,[2021],[],[],['barrier island'],[],{'N': 1},no breeding birds detected either month; some roosting birds along shoreline at west end (70 mm only and not counted),1,,
Cat Island South,1,[2021],[],[],['barrier island'],[],{'N': 1},no breeding birds detected either month; large LAGU roost at south end in June; photoed at 70mm and not counted,1,,
Aves Island,1,[2021],[],[],"['grassy, no woody shrubs; fractured, wet']",[],{'N': 1},no birds at all in May and June,1,,
Bon Secour 1,1,[2021],[],[],[],['OSPR'],{'N': 1},"Only Cam2 Photos in May, but not full coverage and zoom too far to dot; no birds observed. Osprey Nest found in June Cam 1 image, not visible from Cam 2 images.",1,,
Bon Secour 2,1,[2021],[],[],[],[],{'N': 1},Only Cam 2 photos for both May and June - residential area with many people and houses on beach.,1,,
Bon Secour 3,1,[2021],[],[],[],['GBHE'],{'N': 1},Few photos in May for both Cam 1 and Cam 2. Used Cam 1 images to confirm GBHE sites in dotted June Cam 2 photos; 95% coverage. Big GBHE Chicks and tree top nests.,1,,
Ship Island,14,"[2015, 2021]",[],[],['Barrier island cover with herbaceous vegetation'],"['BLSK', 'GBTE', 'LETE', 'LAGU', 'ROYT', 'SATE', 'AMOY', 'OSPR', 'BRPE', 'COTE']",{'N': 14},BLSK present in May but sites established in June. 95% coverage. || GBTE sites scattered throughout BLSK colonies in incubation; 99% coverage. || Scattered LETE birds and sites; 80% coverage || LAGU birds present on island in small numbers; 99% coverage. || ROYT colonies in incubation position; 100% coverage. || SATE colonies in incubation position; 100% coverage. || no evidence of nesting || nestlings in tower || no evidence of nesting || no evidence of nesting || no evidence of nesting || no evidence of nesting || incubators; unfortunately colony continued up to edge of imagery and perhaps number tallied is an undercount by an unknown but likely slight amount. Dark birds couldn't be seen against heavily vegetated dunes. || no evidence of nesting,14,,
Houma Navigation Canal Island,100,"[2013, 2015, 2018, 2021]",[],[],"['65% herbaceous, 30% shrub, 5% sandy', 'Beach, Grassy, Marsh, Shrubs', 'Mangrove, shrubs, grasses, open water, beaches.']","['BCNH', 'BRPE', 'LAGU', 'SNEG', 'TRHE', 'WHIB', 'FOTE', 'ROYT', 'GREG', 'ROSP', 'SATE', 'AMOY', 'ALL', 'AWPE', 'CATE', 'LIBH', 'REEG', 'LBHE']",{'N': 38},"BCNH present in May but sites more abundant in June. 100% coverage || BRPE incubating in both months, but June had more BRPE chicks and established sites. 100% coverage. || LAGU incubating in both May and June, but June sites more established and abundant. 100% coverage || SNEG incubating in both May and June, but June sites more established. 100% coverage || TRHE incubating in both May and June, but more June sites present. 100% coverage || Mostly WHIB roosting birds along coast in May, some sites in June. 100% coverage || Some FOTE in May along racklines, but more established sites and complete colonies in June. 100% coverage. || ROYT colonies mixed in with SATE colonies in June, but not established in May. 100% coverage. || more GREG chicks in June than in May indicative of successful breeding.. 100% coverage || ROSP birds present in June images in groups, but not incubating. Not there in May. 100% coverage. || SATE colony in same area as ROYT colony in June, not detected in May. 100% coverage. || two AMOY birds on beach but not incubating in June. 100% coverage. Not in May. || dotted this month due to 1) only tern colony was abandoned in June 2) many BRPE had fledged by June and were loafing on shoreline. No evidence of breeding: amoy, awpe, bnst, modu, royt, ycnh || Full-coverage through Camera 1 and 2 combined.  May dotted for all species.  WHIB colony dotted from June in addition to small number of WHIBS in May.  New WHIB and LAGU sites in June. || TRHE on sites in incubation posture with few sites containing  small, dark chicks.  June photos show many fledged TRHE interspersed througout the island. || Few AWPE birds interspersed throughout island along shoreline. || SNEG on sites in incubation posture and a few sites with small, 1/2 grown, white chicks.  Fledged SNEG throughout island in June. || ROSP on sites in incubation posture.  Fledged ROSP with adults near inlets in June. || LAGU on sites in incubation posture.  Fledged LAGU with adults around perimiter of island in June, as well as LAGU sites in incubation phase. || GREG on sites in incubation posture with a few sites with very small chicks.  Large chicks on sites and fledged chicks away from nests in June. || CATE colony on sites in incubation posture. Fledged chicks along shoreline wth adults in June. || ROYT colonies on sites in incubation posture.  Fledged chicks along shoreline with adults in June. || Few WHIB sites in May.  Larger WHIB colony on sites in incubation posture in June, with few fledged WHIBs nearby.  May and June dotted for this species. || BRPE on WBN, and PBN, with a majority of sites with 2-3, 10-11 week-old, large, gray and white chicks.  Many sites on southern end of island in incubation stage.  BRPE in June chaotic with fledged chicks throughout. || Few BCNH on sites in incubation posture. || SATE colonies on sites in incubation posture. Fledged chicks along shoreline with adults in June. || Approximately 95% of colony photographed, analyzed, and counted. || LAGU observed sitting low on sites; no chicks observed. || BRPE observed on WBN and PBN and with small chicks, 1-3 weeks old; Immatures observed on sites as follows: IMM WBN = 123, IMM PBN = 27; IMM:AD = 154:1934 = ~8%. || TRHE observed sitting on sites, in brooding posture, with eggs, and with 1/3 grown chicks. || SNEG observed sitting on sites, in brooding posture, with eggs, and with few chicks 1/4-1/3 grown. || GREG observed sitting on sites, in brooding posture, and with 1/3-1/2 grown chicks. || LIBH observed sitting on sites and with few small white chicks. || BCNH observed sitting on sites; no chicks observed. || ROSP observed sitting on sites; no chicks observed. || REEG observed sitting on sites; no chicks observed. || Colony photos visually assessed; all species present with large, mobile chicks; no apparent abandonment. || LAGU on sites. || BRPE on WBN; WBN count includes 10 IMM WBN; chicks observed to be small, 1-3 weeks old. || TRHE on sites. || SNEG on sites. || GREG on sites with small newly hatched chicks. || LIBH on sites; chicks small, white. || BCNH on sites. || ROSP on site. || REEG on site. || GREG with up to 1/3 grown chicks. || 1 BRPE IMM PBN included in PBN count. || TRHE with eggs and 1/3 grown chicks. || SNEG with eggs and 1/4 grown chicks. || 1 BRPE IMM WBN included in WBN count. || 7 BRPE IMM WBN and 3 BRPE IMM PBN included in WBN & PBN counts, respectively. || 5 BRPE IMM WBN included in WBN count. || 2 BRPE IMM WBN and 1 BRPE IMM PBN included in WBN & PBN counts, respectively. || 8 TRHE sites + 3 birds + 2 chicks added to this area from Img 646, camera 1 card 1. || 1 BRPE IMM PBN included in PBN count. || 1 BRPE IMM WBN included in WBN count. || 8 BRPE IMM WBN and 2 BRPE IMM PBN included in WBN & PBN counts, respectively. || Potential nesting pair. || 13 BRPE IMM WBN and 5 BRPE IMM PBN included in WBN & PBN counts, respectively. || 3 BRPE IMM WBN and 2 BRPE IMM PBN included in WBN & PBN counts, respectively. || 4 BRPE IMM WBN and 1 BRPE IMM PBN included in WBN & PBN counts, respectively. || 2 BRPE IMM WBN and 1 BRPE IMM PBN included in WBN & PBN counts, respectively. || 14 BRPE IMM WBN and 1 BRPE IMM PBN included in WBN & PBN counts, respectively; 3 BRPE WBN added to this area from Img 801, camera 2 card 1. || 16 TRHE sites added to this area from Imgs 800-803, camera 2 card 1. || 2 BCNH sites added to this area from Imgs 800-803, camera 2 card 1. || 1 BRPE IMM WBN and 1 BRPE IMM PBN included in WBN & PBN counts, respectively. || 9 BRPE IMM WBN and 1 BRPE IMM PBN included in WBN & PBN counts, respectively. || 5 BRPE IMM WBN included in WBN count. || 4 BRPE IMM WBN and 1 BRPE IMM PBN included in WBN & PBN counts, respectively. || 3 BRPE IMM WBN included in WBN count. || 2 BRPE IMM WBN included in WBN count. || GREG chicks 1/3-1/2 grown. || 2 BRPE IMM WBN included in WBN count. || 5 BRPE IMM WBN included in WBN count. || 3 BRPE IMM WBN and 1 BRPE IMM PBN included in WBN & PBN counts, respectively. || 1 BRPE IMM WBN and 1 BRPE IMM PBN included in WBN & PBN counts, respectively. || 2 BRPE IMM WBN and 2 BRPE IMM PBN included in WBN & PBN counts, respectively. || 7 BRPE IMM WBN included in WBN count; BRPE chicks present but not discernable in photo. || 1 BRPE IMM WBN and 1 BRPE IMM PBN included in WBN & PBN counts, respectively. || 1 BRPE IMM WBN and 1 BRPE IMM PBN included in WBN & PBN counts, respectively. || no birds in the area || this image was dotted on 11/3/2020 and show 4 birds in the same area as a prior shot but from this angle dotter noted 4 additional LAGU sites || Added 2 TRHE sites, 8 LAGU sites, and 1 GREG bird from Camera2-7864 to left and 3 LAGU sites, and 1 TRHE site from Camera2-7969 to right. || Few birds to left added to subsequent dotted images. || Dotted image lacks annotation label.  Should read Cooke Isl, Area 13 JRM, 15 Jan 2019 || Dotted image lacks annotation label. Should read Cooke Isl, Area 15, JRM, 24 Jan2019 || Added 56 BRPE birds, 3 LAGU sites, and 3 LAGU birds from Camera2-7975 Below || Added WHIB colony from June to small number of WHIBs dotted from May. || Added 2 TRHE sites and 1 LAGU site from Cam2-7958 to left. || No birds below until Area 68. || Added 4 TRHE sites from Camera 2-7992 above. || Added 8 TRHE sites and 4 LAGU sites from Camera 2-7848 to left. || Added 1 LAGU site and 7 TRHE sites from Camera2-8164 and 2 TRHE sites from Camera2-8165 above. || 2 TRHE sites from Camera2-8165 below already counted in Area 80 || Area 80 below left.  Small gap between Areas contains no birds. || Added 2 BRPE WBN, 3 BRPE Chick Nests, 3 TRHE Sites, and 2 GREG sites from Camera2-7893 in shadowed area of dotted image. || Added 5 TRHE sites and 1 LAGU site from Camera2-7867 below. || Added 1 LAGU site and 1 TRHE site from Camera 1-6145 above.",99,,
Broad,4,[2021],[],[],[],"['BLSK', 'LAGU', 'ROYT', 'LETE']",{'N': 4},"BLSK colonies not present in May, but established by June with many roosting birds on shoreline of beach as well. || No LAGU in May, but many roosting LAGU birds on shoreline in June. || No ROYT in May, but many roosting ROYT birds on shoreline in June. || No LETE birds or sites in May, but large colony of LETE birds in June.",4,,
Bienville,1,[2021],[],[],[],['BLSK/LETE'],{'N': 1},No birds in May or June. May beach shorelines covered with more algae and ocean debris than in June.,1,,
Lady Mary,1,[2021],[],[],[],['BLSK/LETE'],{'N': 1},No birds in May or June. Beachgoers visible in June with tents. May has tire tracks on sand and photo does not show people.,1,,
Sherman,1,[2021],[],[],[],['BLSK/LETE'],{'N': 1},"No birds in May or June. People on Beach visible in May, a couple of LAGU birds roosting on beach in May.",1,,
Magnolia,1,[2021],[],[],[],['BLSK/LETE'],{'N': 1},"No birds in May or June. People and heavy equipment such as tractors visible in May (images 24May2021 Cam2Card 3 - 2772 and 2774, 2776).",1,,
Henderson,1,[2021],[],[],[],['BLSK/LETE'],{'N': 1},No birds in May or June.,1,,
Pass Christian Harbor,1,[2021],[],[],[],['BLSK/LETE'],{'N': 1},"Beachgoers in June. Some roosting LAGU, ROYT in May (24May2021Cam2Card3-2780 ) located at (30.315892, 89.240225)",1,,
Menge,1,[2021],[],[],[],['BLSK/LETE'],{'N': 1},"Some roosting BLSK, LAGU, ROYT in June on beach shore but no sites. No sites in May either.",1,,
Scenic,1,[2021],[],[],[],['BLSK/LETE'],{'N': 1},"No June photos, but in May, no birds or sites. Tractor present in image 24May2021Cam2Card3-2800.",1,,
Espy,1,[2021],[],[],[],['BLSK/LETE'],{'N': 1},No birds or sites present in May or June.,1,,
Walmart,1,[2021],[],[],[],['BLSK/LETE'],{'N': 1},"No birds or sites present in May or June, some beach goers.",1,,
Pitcher Point,1,[2021],[],[],[],['BLSK/LETE'],{'N': 1},No birds or sites present in May or June.,1,,
Island View,1,[2021],[],[],[],['BLSK/LETE'],{'N': 1},No birds or sites present in May or June.,1,,
Long Beach Harbor,1,[2021],[],[],[],['BLSK/LETE'],{'N': 1},No birds or sites present in May or June.,1,,
Ocean Wave,1,[2021],[],[],[],['BLSK/LETE'],{'N': 1},"No birds or sites present in May; some beachgoers in May. Not as many photographs in June, but no birds or sites captured in June either.",1,,
Woodward,1,[2021],[],[],[],['BLSK/LETE'],{'N': 1},"No Cam 1 photos in June, but Cam 2 photos in May and June show no birds and no sites.",1,,
Port of Gulfport,1,[2021],[],[],[],['BLSK/LETE'],{'N': 1},"No Cam 1 photos in June, but a few LETE present (2 sites 1 bird). No birds or sites in May",1,,
Jones Park,1,[2021],[],[],[],['BLSK/LETE'],{'N': 1},"Some roosting BLSK in June, no sites with beachgoers as well; In May some roosting BLSK, ROYT, LAGU birds near beach shoreline (24May2021Cam2Card3-2904) and no sites.",1,,
Hewes,1,[2021],[],[],[],['BLSK/LETE'],{'N': 1},"No birds or sites in June. Beachgoers in May, no sites or birds.",1,,
Tegarden,1,[2021],[],[],[],['LETE'],{'N': 1},"In June only 3 Cam 2 photos and no Cam 1 photos- Some LETE in habitat (16June2021Cam2Card1-4856 , but none in same area in May); In May, more Cam 2 photos than June, some LETE (24May2021Cam2Card3-2930) not in June. Beachgoers in both months.",1,,
Cowan,1,[2021],[],[],[],['LETE'],{'N': 1},"LETE sites present in both May and June, but more established in June. More photos in May of beach than in June. No Camera 1 photos available to confirm. No BLSK.",1,,
Great Southern,1,[2021],[],[],[],['BLSK/LETE'],{'N': 1},"No June Cam 2 images; in May, no LETE sites. No BLSK.",1,,
Ocean Club,1,[2021],[],[],[],['BLSK/LETE'],{'N': 1},"No June Cam 2 images or Cam 1; In May, Cam 2 photos show LAGU flying birds and LAGU roosting as well as beach goers.",1,,
Shell,1,[2021],[],[],[],['BLSK/LETE'],{'N': 1},No birds in June or May. Hotels near beach and many beachgoers depicted in May Cam 2 photos.,1,,
Leggett,1,[2021],[],[],[],['BLSK/LETE'],{'N': 1},No birds in June or May.,1,,
Biloxi Beach,1,[2021],[],[],[],['BLSK/LETE'],{'N': 1},June has roosting LAGU birds but no sites. No birds or sites in May.,1,,
Fort Pickens Lot,1,[2021],[],[],[],[],{'N': 1},"No birds in June(Only Cam2 photos, no Cam 1 photos); no photos taken in May. June - mostly people on beaches and vehicles in parking lots.",1,,
Santa Rosa Island West Lot,1,[2021],[],[],[],[],{'N': 1},Only Cam 2 photos available for both months; No birds in May or June.,1,,
Laffite Cove,1,[2021],[],[],[],[],{'N': 1},"Only Cam 2 photos available for both months; no birds in May or June; lots of beachgoers in May and June, beach houses present.",1,,
Little Sabine Bay,1,[2021],[],[],[],[],{'N': 1},"Only Cam 2 photos available for both months; no birds in May or June; many beachgoers in May and June, hotels/beach houses present.",1,,
Isle Aux Herbes,9,[2021],[],[],[],"['BRPE', 'CATE', 'LAGU', 'ROYT', 'GREG', 'TRHE', 'BCNH', 'CASP', 'AMOY']",{'N': 9},Roosting BRPE on shoreline. || Roosting CATE on shoreline || Roosting LAGU on shoreline. || ROYT roosting on shoreline. || GREG sites had chicks in May and also in June - sign of breeding success. Dotted May because less chicks roaming. || TRHE sites present in both months. || BCNH sites in May but fewer in June. || Roosting birds || Single individual,9,,
Barataria Bay 12,7,"[2013, 2015, 2018, 2021]",[],[],"['Grassy', 'Fragmented marsh island', 'marsh island', 'Grass marsh island.']",['FOTE'],{'N': 6},"No nests. Grassy, narrow island. Wrack line on median. Primarily inundated and saturated soil. || Colony in incubation stage - 100% coverage || No birds at all; same for 16 May || 100% of colony photographed, analyzed, and counted. || FOTE observed sitting low on sites in incubation posture; no chicks observed. || Colony photos visually assessed; 98% of FOTE sites present in May abandoned by June survey; one chick observed, few sites and birds left on colony. || FOTE sitting on sites in incubation posture.",7,,
Barataria Bay 5 AB,6,"[2011, 2013, 2015, 2018]",[],[],"['Grassy, shrubs', 'marsh island', 'small marsh island']",['FOTE'],{'N': 4},"May only; small grassy island with narrow peninsula. FOTE in incubation posture on wrack line. Majority nesting/incubating. || No birds at all; same for 16 May || Coverage ~ 100% || Exclusively this species at different stages of nesting. Most incubating, some younger/older chicks observed || Additions from photo 570 included here. || Noted: adult carrying food in flight to colony",6,,
Barataria Bay 6,5,"[2011, 2015, 2018]",[],[],"['Grassy', 'marsh island', 'small marsh island']",['FOTE'],{'N': 3},"June only. Two solitary FOTE nests; insufficient colony. Saturated soil and narrow wrack line on grassy island. || No birds at all; same for 16 May || coverage 100%; colony not surveyed in June 2011, or in either month in 2012 || Bird total included about 45 birds in an apparent club (territorial spacing in non-breeding habitat) || new colony in 2011",5,,
New Harbor Island 3,95,"[2011, 2012, 2013, 2015, 2018, 2021]",['LA'],['Breton-Chandeleur Islands'],"['Beach, marsh, grasses, shrubs.', 'Tidal marsh with large shrubs and grasses.', 'mangrove/marsh island']","['BRPE', 'LAGU', 'GREG', 'TRHE', 'REEG', 'MAFR', 'LEBI', 'BBWD', 'WHEG', 'UNSB']",{'N': 27},"BRPE sites mostly all WBN with some chick nests; 95% coverage, small portion of island on western edge cut off from images above 16June2021Cam2Card1 img 9186/9278. || 100% coverage; mostly nonbreeding,roosting birds; few sites. || 100% coverage; a few sites, a couple with chicks. Class 61 in corrected screen captures. || NHI3. BRPE mostly observed sitting on WBN and nests with chicks; chicks not leaving nest yet but most were fairly large with gray on back; many independent chicks widespread across island in June. || NHI3. Northernmost areas of island had no nesting birds but a few LAGU sites. 100% of island used by nesting birds analyzed. || NHI3. Only 4 sites observed, 3 with young chicks still in nest. || NHI3. 2 TRHE birds observed in May, no nests. || NHI3. LAGU observed sitting on sites and in brooding posture; no chicks observed. || many nestlings in nests none fledged yet however || decided to tally an area that was pure territorial birds in May but pelicans had initiated nesting between May visit and June visit || couple of nests || many incubating birds but no nestlings or fledglings noted || mostly fledged broods || minor amount of incubating adults in nests || LAGU sitting low on sites. || BRPE sitting low on WBN and PBN; few areas with apparently active nest building taking place, fresh nest material, etc. || TRHE with 1/2 to 2/3 grown chicks. || Approx. 98% of this colony was analyzed and counted. || Colony photos were visually assessed; a representative photo was selected to display large groups of flying birds above the island; MAFR, BRPE, LAGU, and WHEG were observed in flight. No active BRPE nesting. || Colony photos visually assessed for BRPE nesting and phenology; BRPE YY are 4-6 weeks old and seemingly similar numbers of nests compared to the May 2012 survey; therefore using May 2012 photos for photo analysis. || LAGU sitting low on sites. || BRPE sitting low on WBN or observed with 3-5 week old chicks. || TRHE sitting on sites. || Estimated 95% of colony analyzed and counted. Nesting LAGU likely more abundant than captured in dotted photos. || 3 distinct areas of BRPE nesting; middle group had some nests that were being constructed in May and were well developed in June - see notes in species data; great photos and excellent coverage || a few areas of dense nesting mostly in southern and central portion of colony where more ""grass"" veg. occurred (compared to ""shrubs""). Coverage good where BRPE nested - other areas probably incomplete || just a few nests (~4 nests); very small numbers in the northern portion of the colony; || Does not include 5 Empty Nests || Does not include 25 Empty Nests || Does not include 1 Empty Nest || BRPE Chicks observed to be 3-4 weeks old. Other nesting BRPE sitting low on WBN. || Only MAFR Birds that were roosted on vegetation were counted.  A separate screen capture was used to count all flying MAFR. || Only MAFR Birds that were roosted on vegetation were counted.  A separate screen capture was used to count all flying MAFR. || One bird seen peering out of grasses near a little opening in the grass. || 2 LAGU Sites + 3 Birds added to this area from Img 1133, camera 1 card 3. || 2 BRPE WBN + 1 Bird added to this area from Img 1133, camera 1 card 3. || One adult bird observed on the shorline, striking red bill and grey face. || 3 LAGU Birds added to this area from Img 007, camera 1 card 4. || BRPE Birds in flight above island, roughly estimated from photos 182-185, 196, camera 2 card 6. No active BRPE nesting on this date. || WHEG Birds roosting and in flight above island, roughly estimated from photos 182-185, 196, camera 2 card 6. || LAGU Birds in flight above island; birds also on ground and actively nesting; see data from June 2011. Roughly estimated from photos 182-185, 196, camera 2 card 6. || Only MAFR Birds that were roosted on vegetation were counted.  A separate screen capture was used to count all flying MAFR. || 5 LAGU Sites added to this area from Img 586, camera 2 card 1. || BRPE Chicks observed to be 3-5 weeks old. || Only MAFR Birds that were roosted on vegetation were counted.  A separate screen capture was used to count all flying MAFR. || Only MAFR Birds that were roosted on vegetation were counted.  A separate screen capture was used to count all flying MAFR. || Only MAFR Birds that were roosted on vegetation were counted.  A separate screen capture was used to count all flying MAFR. || Only MAFR Birds that were roosted on vegetation were counted.  A separate screen capture was used to count all flying MAFR. || Flying MAFR Birds estimated from Imgs 606-616, camera 2 card 1. || 3 LAGU Birds added to this area from Img 102, camera 1 card 4. || 5 BRPE Birds added to this area from Img 102, camera 1 card 4. || MAFR Birds in flight above island, roughly estimated from photos 182-185, 196, camera 2 card 6. || 210 additional MAFR Birds added to this entry from Imgs 001-016, camera 2 card 4; not included in screen capture. || BRPE appear to still be constructing nests as fresh green nest material observed. || 3 LAGU Site + 2 Birds added to this area from Img 1085, camera 1 card 3; 1 LAGU Bird added to this area from Img 1087, camera 1 card 3. || 1 BRPE WBN + 2 Birds added to this area from Img 1085, camera 1 card 3. || 1 MAFR Bird added to this area from Img 1087, camera 1 card 3. || 1 LAGU Bird added to this area from Img 1090, camera 1 card 3. || 2 BRPE WBN added to this area from Img 1090, camera 1 card 3. || Very difficult to see TRHE chicks against vegetation, nest not visible under mangrove canopy; Chicks observed to be 2/3 grown. || 1 Dead BRPE Bird in adult plumage included in the screen capture was observed to be dead and intact, not included in the 'Bird' category here. || TRHE very difficult to see amongst the shrub cover and canopy. || UNSB Bird was observed to be all grey in color. || 2 BRPE WBN + 1 Bird added to this area from Img 007, camera 1 card 4. || BRPE appear to be building nests, suggested by PBN, fresh nesting material observed, and the aggregation of Birds in suitable nesting habitat. || medium sized BRPE chicks || small to medium sized chicks || all 11 PBN were confirmed as WBN in June 18 photos see cam2 Card 2 photos 180 & 181; although a lot of other BRPE around these were the only sites that ended up being nesting locations; data are good; || both PBN were confirmed as WBN in June 18 photos || no PBN in this area; standing BRPE areas checked against 18 June photos; no new nests were seen || PBN in lower left was abandoned in June; all standing bird areas were confirmed as WBN or not with June photos || PBN confirmed in 18 June 2013 cam2card2 photo144; these were WBN in June marked as PBN in these photos || no BPRE nesting in this area even in June || no new nests in June - confirmed looking at June photos || no new nests in June - confirmed looking at June photos || a lot more MAFR flushed and in the air that I did not count; rough estimate of 30 in the air as well as over 50 BRPE || no photos of this area in June - as far as I could determine || Included 4 BRPE birds from CAM1 photo 2865 || Included 6 BRPE - C and 1 BRPE - WBN from CAM1 photo 2994 || Included 1 LAGU bird, 2 LAGU sites, 2 BRPE birds, and 1 BRPE - WBN from CAM2 photo 3112 || Included 1 LAGU bird and 1 LAGU site from CAM1 photo 3055 || Included 3 LAGU sites from CAM2 photo 3243 || Included 8 BRPE - WBN and 2 BRPE birds from CAM2 photo 3245 || Included 2 BRPE - WBN, 7 LAGU sites, and 1 LAGU bird from CAM2 photo 3251 || Included 4 LAGU sites from CAM2 photo 3252 || Included 2 BRPE - WBN from CAM2 photo 3248 || Included 8 BRPE - WBN, 8 BRPE - C, and 1 BRPE bird from CAM2 photo 3076 || Included 1 LAGU site and 17 BRPE birds from CAM2 photo 3241 || Included 7 BRPE - WBN, 3 BRPE - C, and 1 BRPE bird from CAM1 photo 3058 || Included 4 BRPE - WBN and 7 BRPE - C from CAM1 photo 3060 || Included 5 BRPE - WBN from CAM1 photo 3068 || Included 1 BRPE - WBN and 2 BRPE birds from from CAM2 photo 3262 || Included 3 LAGU sites from CAM2 photo 3087 || Included 2 BRPE - WBN and 1 LAGU bird from CAM2 photo 3264 || Included 11 BRPE - WBN, 2 BRPE birds, and 2 BRPE - C from CAM2 photo 3268",95,29.854200000000002,-88.8634
Biloxi South 10 D,54,"[2011, 2012, 2013, 2015, 2018, 2021]",[],[],"['Grassy, 60% underwater', 'Beach, grassy, marsh, shrubs', 'marsh island with beaches', 'Grasses, isolated shrubs, shell-littered beach.', 'Flooded grasses & shrubs, shell-littered beach.', 'Grasses, bare ground, shrubs,shell-littered beach.']","['LAGU', 'DCCO', 'BRPE', 'CATE', 'FOTE', 'TRHE', 'ROYT', 'GBTE', 'ROSP', 'BLSK', 'SNEG', 'USTE', 'AMOY']",{'N': 31},"One abandoned nest, some nesting in May but more established in June - 100% coverage || Single bird standing on beach strand || Scattered BRPE roosting on beach. No indication of nesting. || LAGU in incubation posture along edge habitat of grass and beaches. || Over half CATE individuals present in incubation posture in sandy, open substrate. || Large groups of FOTE nesting on wrack lines in grassy habitat and on beaches. || Two observed nests. || Individuals roosting on water's edge; no nesting observed. || Majority of GBTE present in incubation posture in sandy, open substrate. || Small group of roosters on beach; no indication of nesting. || Over half of the BLSK present in incubation posture on the beach. || incubators; complete coverage || June counted given BRPE; LAGU, FOTE seemed to be pre egg-laying in May also || 100% of colony analyzed and counted. || LAGU observed sitting low on sites; no chicks observed. || FOTE observed sitting low on sites; no chicks observed. || TRHE observed sitting low on sites; no chicks observed. || SNEG observed sitting low on sites; no chicks observed. || USTE observed sitting low on sites; no chicks observed; approximately 80:20 FOTE:GBTE. || Colony photos were visually assessed; photo coverage was limited in May survey; June survey used for analysis. || 100% of colony analyzed and counted; terrestrial habitat was dry with no signs of water inundation. || LAGU sitting low on sites; no chicks observed. || BRPE actively building nests; many WBN and PBN, with pairs of birds still staging and building sites; no chicks observed. || Few TRHE sites with birds sitting low in incubation posture. || SNEG sitting low on site; few adults observed around colony, could be few additional sites this season. || Pair of AMOY observed on shell-littered beach; suspected breeding pair, but could not confirm nesting. || Colony photos visually assessed; Water inundated 90% of island; Any BRPE nests not WBN in shrubs were flooded and abandoned, approx. 1/3 of all nests; 95% of LAGU nests flooded and abandoned, likely conservative; TRHE and SNEG also likely abandoned. || 100% of colony analyzed and counted; three ""large dead fishes"" observed, circled and marked in screen captures; a sea turtle observed, circled and marked in screen capture. || LAGU observed sitting on sites; no chicks observed. || BRPE observed sitting on PBN and WBN; no chicks observed; 1 BRPE IMM WBN observed in area 6. || Colony photos visually assessed; photo quality poor compared to May survey; no apparent abandonment by BRPE or LAGU. || 10 BRPE Birds added to this Area from Img 144, camera 1 card 1. || Suspected breeding pair; cannot confirm if nest is present. || 2 LAGU Site + 4 Birds added to this Area from Img 151, camera 1 card 1; not included in screen capture. || 3 Birds added to this Area from Img 151, camera 1 card 1 + 8 additional Birds added from Img 154, c1c1; not included in screen capture. || BRPE appear to be building nests as many are still under construction; many paired birds standing together adjacent to PBN. || 8 LAGU Birds added to this Area from Img 156, camera 1 card 1. || 17 BRPE Birds added to this Area from Img 156, camera 1 card 1. || TRHE sitting low on sites. || SNEG sitting low on site. || LAGU sitting low on sites. || FOTE sitting low on sites. || TRHE sitting low on sites. || 30 LAGU Birds added to this Area from Img 752, camera 2 card 4. || LAGU on sites; 14 sites + 6 birds added to this area from Img 236, camera 1 card 2. || BRPE on WBN and PBN, building/bolstering sites; 2 birds added to this area from Img 236, camera 1 card 2. || 15 LAGU sites + 12 birds added to this area from Img 242, camera 2 card 2. || 2 BRPE WBN + 3 birds added to this area from Img 242, camera 2 card 2. || 1 BRPE IMM WBN added to this WBN count, see screen capture. || USTE sitting low on sites; appears to be an approximate 80/20 mix of FOTE and GBTE, respectively; changed to FOTE here [PJC 27 Oct 22]. || changed from USTE to FOTE here [PJC 27 Oct 22]. || changed from USTE to FOTE here [PJC 27 Oct 22]. || Single bird on beach strand || One abandoned site near middle of colony",54,,
Naval Air Station Islands D,4,[2021],['TX'],['Upper Laguna Madre'],['small grass/cactus island w interspersed beaches'],"['LAGU', 'TRHE', 'REEG WM', 'REEG']",{'N': 3},"less than half of the colony in incubation stage, mostly chicks and broods present. 95% coverage || Colony in incubation stage, chicks present. Complete coverage. || One site with chick. Complete coverage. || WM",4,27.673617,-97.25217
Naval Air Station Islands E,9,[2021],['TX'],['Upper Laguna Madre'],['split island with trees'],"['TRHE', 'CAEG', 'REEG DM', 'REEG WM', 'LAGU', 'SNEG', 'BNST', 'LBHE', 'REEG']",{'N': 8},"Colony in incubation stage, chicks present. Complete coverage. || One bird present || Colony in incubation stage, one chick site present. Complete coverage. || Colony in incubation stage, chicks present. Complete coverage. || Colony in incubation stage, chicks present. Complete coverage. || Colony in incubation stage, chicks present. Complete coverage. || Pair foraging. || Colony in incubation stage. Complete coverage. || DM/WM combined",9,27.671973,-97.249755
Arroyo Colorado Spoils B2,4,[2021],[],[],['Spoil Island'],"['GBHE', 'BLSK', 'GBTE', 'FOTE']",{'N': 4},"Foraging || Colony in incubation stage. Complete coverage. || Colony in incubation stage, chicks present. Complete coverage. || Colony in incubation stage. Complete coverage.",4,,
Biloxi South 10 A,23,"[2011, 2012, 2013, 2015, 2018, 2021]",[],[],"['Grassy, mostly underwater', 'Beach, grassy', 'marsh island with beaches', 'Grasses, isolated shrubs, small beach.', 'Flooded grasses, isolated shrubs, small beach.', 'Grasses, bare ground, few shrubs, small beaches.']","['LAGU', 'TRHE', 'SNEG', 'WHIB', 'BRPE']",{'N': 18},"No birds on island || No nests. Small grassy island. || No Nests and No Birds; No Nests in May either; just 2 WHIB and 2 LAGU noted in 17 May Ovs || 100% of colony photos analyzed and counted. || LAGU sitting low on sites; no chicks observed. || TRHE sitting low on sites; no chicks observed. || SNEG sitting low on sites; no chicks observed. || WHIB sitting low on sites; no chicks observed. || Colony photos visually assessed; similar number of LAGU sites as May 2011 survey; LAGU observed with 1/3 grown chicks; therefore, May survey used for analysis. || Approx. 99% of colony analyzed and counted; terrestrial habitat dry with no signs of water inundation. || LAGU observed sitting low on sites; no chicks observed. || BRPE observed sitting low on WBN and PBN, also with 3-5 week old chicks; appear to be two distinct nesting efforts in 2012, with earlier and later nest initiation periods. || TRHE sitting low on sites; no chicks observed. || Colony photos visually assessed; Island inundated with water since May survey; Approx. 2/3 of all BRPE nests and 90% of LAGU nests flooded and abandoned; 5-10 weeks old BRPE chicks observed; few 1/2 grown LAGU chicks observed. || 100% of colony analyzed and counted. || LAGU observed sitting on sites; no chicks observed. || BRPE observed sitting on well built nests; no chicks observed. || Colony photos visually assessed; photo covereage poor compared to May survey. || LAGU sitting low on sites. || LAGU sitting low on sites; 5 sites + 5 birds added to this Area from Img 121, camera 2 card 1. || BRPE sitting on WBN, PBN; also observed with 3-4 weeks old chicks; 3 birds added to this Area from Img 121, camera 2 card 1. || BRPE sitting on WBN. || Date on screen capture displayed as ""1/2/2013"" is incorrect and should read ""1/2/2014.""",23,,
Hell Pass Coast A,19,"[2015, 2018, 2021]",[],[],"['Fragmented marsh island with small beach', 'Beaches, wrack line, some marsh', 'Marsh; beaches at N end']","['LAGU', 'TRHE', 'WHIB', 'SNEG', 'CATE', 'AMOY', 'CATE/GBTE', 'BLSK', 'GBTE']",{'N': 12},"Actively nesting in both months, more established in June - 100% coverage || None observed in May, incubating in June - 100% coverage || Birds wading on island in May, only one site observed in June. || None observed in May, most incubating in June. No chicks visible - 100% coverage || None observed in May, small colony incubating in June on north side tip of island on small beach - 100% coverage || 1 bird wading in marsh || May used for LAGU, TRHE, SNEG || June used for BLSK, FOTE GBTE || Clearly more birds in June; coverage good; big island, but not a lot of birds || Only present in May; likely failed || Big island, but not a big LAGU colony; counted them with TRHE/SNEG June coverage and with BLSK/CATE coverage || Counted for May; birds moving around; few sites; fewer still in June || Only photos of this area are very zoomed out || Only photos of this area are very zoomed out || Only photos of this area are very zoomed out || Only photos of this area are very zoomed out || Only photos of this area are very zoomed out || Bird wading in marsh || 1 site accidentally dotted; forgot to delete it",19,,
Hell Pass Coast B,20,"[2015, 2018, 2021]",[],[],"['Marsh island, parts inundated with water', 'Marsh', 'mostly grassy marsh']","['LAGU', 'TRHE', 'BCNH', 'SNEG', 'WHIB', 'BRPE', 'REEG', 'ROSP', 'TRSN']",{'N': 14},"Actively nesting in both months, more established in June - 95% coverage since some parts of island were not captured in photos || None observed in May, incubating in June. Some eggs visible under birds standing at nest - 100% coverage || None observed in May, incubating in June - 100% coverage || None observed in May, most incubating in June. Some eggs visible under birds standing at nests - 100% coverage || 10 birds throughout island wading in grass, no nests. || Lots of TRHE and SNEG; excellent coverage overall; colony still active in June || no evidence of nesting || incubators || incubators || no evidence of nesting || many nestlings || many nestlings || abandoned and empty nests || incubators || Only photo that captured this group was an overview photo || Only photo that captured this group was an overview photo || Only photo that captured this group was an overview photo || Only photo that captured this group was an overview photo || Only photo that captured this group was an overview photo || Only photo that captured this group was an overview photo",20,,
Hell Pass Coast C,14,"[2015, 2018, 2021]",[],[],"['Grassy marsh island', 'Marsh', 'mostly grassy marsh']","['LAGU', 'TRHE', 'SNEG', 'BCNH', 'WHIB', 'BRPE', 'AWPE', 'AMOY', 'DCCO', 'TRSN']",{'N': 14},"Actively nesting in both months, more established in June - 100% coverage || None observed in May, incubating in June - 100% coverage || None observed in May, most incubating in June. No chicks visible - 100% coverage || None observed in May, incubating in June. No chicks visible - 100% coverage || 3 birds walking in grass, no nests || 5 birds standing on beach on south end || 8 birds standing on beach on south end || 2 birds on beach on south end || 1 bird on beach on south end || Lots of TRHE and SNEG; excellent coverage overall; colony still active in June || incubators || many nestlings || many nestlings || adandoned and empty nests",14,,
Hell Pass Coast D,12,"[2010, 2015, 2018, 2021]",[],[],"['Grassy marsh island with small beach', 'Marsh', 'mostly grassy marsh']","['LAGU', 'TRHE', 'SNEG', 'FOTE', 'AMOY', 'UNHG', 'UNWA', 'ROYT']",{'N': 6},"Actively nesting in both months, more established in June - 100% coverage || None observed in May, one site with bird incubating in June - 100% coverage || LAGU only; complete coverage; colony less distinct in June || incubators || incubators || incubators || may be a few FOTE tagged as SATE || american oystercatcher || 2 dark (TRHE?) and 1 white (SNEG?) || 1/2 of obvious pairs tagged as ""sit"" || unknown waterbird || pair",12,29.922,-89.3156
Hell Pass Coast E,4,"[2015, 2018, 2021]",[],[],"['Grassy marsh island mostly underwater', 'Marsh', 'mostly grassy marsh']","['LAGU', 'TRHE']",{'N': 4},"No nesting on island - some AWPE, BRPE, and LAGU standing around in May - mostly underwater by June || LAGU only; complete coverage; colony less distinct in June || incubators || incubators",4,,
Biloxi North 37,46,"[2011, 2015, 2018, 2021]",[],[],"['Fragmented marsh island', 'Marsh, wrack lines', 'Herbaceous, marsh, wrack line', 'Grasses, dead grass-formed wrack lines.']","['LAGU', 'FOTE', 'TRHE']",{'N': 10},"Only 1 nesting pair observed in May, most  nesting was observed in June on SW area of island - 100% coverage || None observed in May, nesting (incubation) within wrack lines on N tip of island - only CAM2 coverage - 95% colony coverage || Mostly along wrack line at SW end of island || In wrack line at NW end of island || Overflown but not photographed presumably because no distinct nesters seen || May only: small group of sites on wrack line; incubating, no chicks observed. || May and June: incubating; sites in herbaceous cover and along edges of wrack line, no reproductive success confirmed. || Unknown proportion of colony analyzed and counted. || LAGU observed sitting low on sites; no chicks observed; sites spread out over photographed areas, with few aggregations of nests. || TRHE observed sitting low on sites and in brooding posture; no chicks observed. || LAGU sitting on sites. || 3 LAGU sites + 3 birds added to this area from Img 622, camera 1 card 2; not included in screen capture. || TRHE added to this area from Img 622, camera 1 card 2; not included in screen capture. || 3 LAGU sites added to this area from Img 569, camera 2 card 2. || 5 LAGU sites added to this area from Img 634, camera 1 card 2; not included in screen capture. || Zoomed out CAM2 photo was the only coverage || Zoomed out CAM2 photo was the only coverage ||   ||   ||   ||   ||   ||   ||   ||   ||   ||   ||   ||   ||   ||   ||   ||   ||   ||   ||   ||   ||   ||   ||   ||   ||   ||   ||   || one dead LAGU || one dead LAGU",46,,
Comfort Island,23,"[2013, 2015, 2018, 2021]",['LA'],['Biloxi North'],"['Fragmented marsh island', 'Beach, grassy', 'marsh island w. pocket beaches', 'marsh/beach']","['LAGU', 'BLSK', 'FOTE', 'ROYT', 'TRHE', 'REEG', 'BRPE', 'GBTE', 'ROSP', 'REEG DM']",{'N': 16},"A few sites in June, mostly wading with other birds in both months - 100% coverage || 40+ birds on island in May, not nesting, only 6 sites in June on N and SE sides of island - 100% coverage || One large group formed in June on W side of island in large wrack zone, not present at all in May - 100% coverage || Present in May and June on beaches and wading - no nesting || 3 sites in June with REEG, not present in May - 100% coverage || One dark morph nesting pair and one light morph site in same area with TRHE - 100% coverage || 30+ birds standing around on beaches in May, not present in June || Observed with BLSK in May, not observed  in June || June dotted. Incubation posture on beach. || June dotted. Loose scattering of nests in incubation stage, exclusively on the wrack line. || June dotted. Few nests on the wrack line. || June dotted. Small number of roosting individuals along the water's edge; none nesting. || June dotted. One individual present; no indication of nesting. || Coverage likely complete; mostly incubation posture || Small #s of roosting BRPE and ROYT/SATE and others; no nesting activity || small group of BLSK that appear to be nesting; no other breeding birds observed; photos only taken in June; small number of ROYT roosting as well || DM/WM combined || small group of BLSK that appear to be nesting; another group that are within tide zone and are roosting || roosting group that appeared to be ROTY based on size and coloration of the heard || Slightly zoomed out photo || CAM2 photo was only coverage of this area || CAM2 photo was only coverage of this area || One dark morph site, one DM bird with it",23,29.825987,-89.254186
Biloxi North 41,3,"[2011, 2015, 2021]",[],[],"['Grassy marsh island', 'marsh island']",['FOTE'],{'N': 3},"2 wading SNEGs in June were only birds photographed in either month, 80% photo coverage in May and maybe 50% in June - Suitable shrub, wrack line, and grassy nesting habitat is present. || incubation posture; some mates; island empty 21 June || Most birds at this colony in incubating position; no chicks seen; only ""sites"" dotted.",3,,
Biloxi North 35,47,"[2011, 2012, 2013, 2015, 2018, 2021]",[],[],"['Fragmented marsh island', 'Beaches and marsh', '90% herbaceous, 5% sandy, 5% shrub', 'marsh']","['LAGU', 'WHIB', 'TRHE', 'BCNH', 'ROSP', 'GREG', 'SNEG', 'AMOY', 'CATE', 'BRPE', 'ROYT', 'BLSK', 'WHEG']",{'N': 30},"Nesting in both months, more in June, only incubating, no chicks - 100% coverage || Nesting both months, some birds on PBNs in June, the rest incubating in small groups or individually. 100% coverage || Nesting both months, more in June. Eggs visible under some standing - 100% coverage || Nesting both months, more in June.  100% coverage || Nesting both months, more in June. Some in pairs on nests - 100% coverage. Area 19 birds spaced territorially or on PBN in nesting habitat. || Nesting both months, more in June. Eggs visible under some standing - 100% coverage || Nesting both months, more in June. Eggs visible under some standing - 100% coverage || One bird incubating nest observed in May and June on NE end beach. Bird observed by site in June || One pair in June only, incubating nest close to AMOY site on NE end beach. || LAGU coverage incomplete, as birds were wideley scattered in marsh veg; but not a large colony; BLSK setting up || LAGU still active; no BLSK detected || scattered breeders || just breeding in one patch. Few active nests. Lots of adult loafers (possibly territorial birds, but not tagged as such) || couple of nesting birds in each of a few patches of shrub cover || breeding || breeding || roosting || roosting || roosting || scattered breeders || one area with breeders not documented in june || only one apparently incubating bird near the skimmer pair that also appeared to be incubating || only one apparently incubating bird near the CATE that also appeared to be incubating || roosting || roosting || only terns counted for May; terns not photographed (or not present?) in June || waders counted for June only becase of greater WHIB colony extent compared to May photos || small colony, all sites apparently with small chicks (mostly not seen) being brooded; ROYT on a small grass/marsh island detached from wader colony || for waders, only WHIB still clearly on sites; some GREG chicks present; some Empty nests of unknown sp. evident; colony not photographed in May, which probably would have been for waders || only a few photos taken; previously this colony had a WHIB colony but that portion of the colony appears to have eroded away and there were no wading birds nesting in 2013 || Broods added after the fact to account for chick/site discrepancy || chick count approximate based on Brood count; did not dot all wandering WHEG chicks || all sites with an adult in brooding posture, each likely with recently hatched young || LAGU coverage incidental with ROYT coverage; small numbers evident in other overview photos, but not counted || only LAGU; incomplete coverage of entire island but only LAGU were observed during flyover || only LAGU; incomplete coverage of entire island but only LAGU were observed during flyover || only LAGU; incomplete coverage of entire island but only LAGU were observed during flyover || only LAGU; incomplete coverage of entire island but only LAGU were observed during flyover || only LAGU; incomplete coverage of entire island but only LAGU were observed during flyover || only LAGU; incomplete coverage of entire island but only LAGU were observed during flyover || only LAGU; incomplete coverage of entire island but only LAGU were observed during flyover || Only coverage was zoomed out CAM2 photo || Only coverage was zoomed out CAM2 photo || Only coverage was zoomed out CAM2 photo || Only coverage was zoomed out CAM2 photo || Birds spaced territorially || Birds standing territorially spaced on depressions",47,,
Biloxi North 3,30,"[2013, 2015, 2018, 2021]",[],[],"['Fragmented marsh island', 'Shrubs', 'Beach', 'Grasses, beach.']","['LAGU', 'BRPE', 'AMOY', 'GBTE', 'CATE', 'TRHE', 'ROYT', 'BLSK', 'SNEG']",{'N': 19},"Incubating in both months, some coverage possibly missed in June - 80% coverage || Roosters only || One site and one bird in May, not observed in June || Three territories in May, none observed in June, less photo coverage - 50% coverage in June, 100% in May || Only roosters observed in May, none observed in June || Two sites observed in June, not observed in May - 100% coverage || Only roosters observed in June, none in May || Territories in May not captured in June photos - 50% coverage in June, 100% in May || Waders counted in May; BLSK and GBTE present on one beach, but similar in June and on a second beach in June || Beaches counted in June; some waders still active with some chicks present, but mostly off of and away from nests || Far fewer birds in June, many non-breeding flying birds. Some BLSK from May still incubating in June. Many May BLSK just pairing up, prospecting. || GBTE colonies counted for May because were more prevalent and abundant in May. Only handful of GBTE birds and sites in June. || Estimated 100% of colony photographed, analyzed, and counted. || BLSK observed sitting on sites in incubation posture; no chicks observed. || GBTE observed sitting on sites in incubation posture; no chicks observed. || LAGU observed sitting on sites; no chicks observed. || SNEG observed sitting on site; no chicks observed. || AMOY pair suspected to be nesting; see area 5. || Colony photos visually assessed; BLSK and GBTE present but not yet nesting or sitting on sites. || BLSK on sites in incubation posture. || GBTE on sites. || 3 LAGU sites + 1 bird added to this area from Img 617, camera 2 card 3. || 2 AMOY birds added to this area from Img 630, camera 2 card 3; potential nesting pair. || 2 BLSK sites + 1 bird added to this area from Imgs 641 & 644, camera 2 card 3; not included in screen capture. || Beach not inspected in June || Beach not inspected in June || Beach not inspected in June || Beach not inspected in June || Beach not inspected in June || Far more BLSK in May than June",30,,
Biloxi South 14,26,"[2012, 2013, 2015, 2018, 2021]",[],[],"['Grassy marsh island', 'Grassy', 'marsh island', 'Grasses, bare ground, small beach.', 'Grasses, beaches, bare ground.']","['LAGU', 'FOTE', 'GBTE', 'BLSK', 'GBHE']",{'N': 16},"Not present in May, incubating throughout island in June - 100% coverage || Not present in May, incubating in June, eggs visible under some slightly off nest - 100% coverage || LAGU evenly-distributed throughout homogenous grassy interior; utilizing edge habitat along wrack lines || FOTE nesting exclusively within wide wrack line || some birds in incubation posture, but many likely pre-egglaying; no birds at all in June || Most birds at this colony in incubating position; no chicks seen; only ""sites"" dotted. || A scattering of LAGU nesting around the island; no chicks seen. Only ""sites"" dotted. || 100% this small island photographed, analyzed, and counted; entire colony of SLF45 extends to adjacent island, June photos used for analysis of remaining area. || LAGU observed sitting low on sites; no chicks observed. || FOTE observed sitting low on sites in incubation posture; no chicks observed. || GBTE observed sitting on sites on exposed beach; no chicks observed. || Unknown proportion of colony photographed, analyzed, and counted; all nesting species were analyzed from available photos; May & June surveys will be combined for LAGU, FOTE, and GBTE. June photos were of remaining colony not analyzed from May photos. || LAGU observed sitting low on sites; no chicks observed. || FOTE observed sitting on sites in incubation posture; no chicks observed. || GBTE observed sitting low on sites in incubation posture; no chicks observed. || BLSK observed sitting on sites in incubation posture; no chicks observed. || LAGU sitting on sites. || 4 LAGU sites added to this area from Img 467, camera 2 card 2. || FOTE sitting on sites in incubation posture. || GBTE sitting on sites. || LAGU on sites. || FOTE on sites in incubation posture. || One dead LAGU bird observed, labeled in screen capture. || BLSK on sites in incubation posture. || GBTE misclassified as FOTE in screen capture, corrected here. || GBTE sitting on sites in incubation posture.",26,,
Chandeleur North F,109,"[2011, 2012, 2013, 2015, 2018, 2021]",['LA'],['Breton-Chandeleur Islands'],"['Grassy, marsh island with beach on entire E side', 'Sandy beach.', '95% sandy/shells 5% herbaceous', 'sand/beach', 'barrier island', 'sand/veg/beach']","['LAGU', 'ROYT', 'SATE', 'CATE', 'BLSK', 'GBTE', 'ROYT, SATE', 'ROSA', 'UnSb']",{'N': 21},"Incubating sites in grass. 80% LAGU coverage on all of CIN || BLSK nesting started by May survey with birds on sites but increased substantially by June survey, so June used for BPE. || Coverage complete.  Two large groups in tigh colony formation, likely on eggs. || Coverage complete.  Two large groups in tigh colony formation, likely on eggs. || Coverage complete. Scattered nests on periphery of ROYT/SATE groups, likely on eggs. || Coverage complete. One isolated group, incubation posture. || Coverage complete. One site among BLSK. || incubating || incubating || no evidence of egg laying || many 50% grown nestings || incubating || good count; location south of MWP109 of past years; coord. At 29.8698/-88.8304 || good count; location south of MWP109 of past years; coord. At 29.8698/-88.8304 || 4 distinct subcolonies; 2 dotted and used for May; 1 added with June survey; 1 only use June survey info || 4 distinct subcolonies; 2 dotted and used for May; 1 added with June survey; 1 only use June survey info; subcolonies ""1"" and ""2"" may be good candidates for quantitative reproductives success analysis || flew past, no photos, assume no birds observed || small BLSK colony; Cam2 photos only; used these to count colony || small to medium sized ROSA colony with LAGU nesting within the vegetated areas. Photos taken in May but no terns were present at that time; MWP116 || small to medium sized ROSA colony with LAGU nesting within the vegetated areas. Photos taken in May but no terns were present at that time; MWP116 || small to medium sized ROSA colony with LAGU nesting within the vegetated areas. Photos taken in May but no terns were present at that time; MWP116 || All Empty Nests || only shot with Cam2 during June survey || unidentified shorebird || unidentified shorebird || unidentified shorebird || unidentified shorebird || use June survey for this subcolony || use June survey for this subcolony || use June survey for this subcolony || unidentified shorebird || still setting up around edges; use June survey for this subcolony || still setting up around edges; use June survey for this subcolony || use June survey for this subcolony || use June survey for this subcolony || use June survey for this subcolony || use June survey for this subcolony || still setting up around edges; use June survey for this subcolony || use June survey for this subcolony || use June survey for this subcolony || use June survey for this subcolony || use June survey for this subcolony || unidentified shorebird || use June survey for this subcolony || use June survey for this subcolony || use June survey for this subcolony || use this survey (June survey) for this subcolony instead of May || use this survey (June survey) for this subcolony instead of May || use this survey (June survey) for this subcolony instead of May || use this survey (June survey) for this subcolony instead of May || use this survey (June survey) for this subcolony instead of May || use this survey (June survey) for this subcolony instead of May || use this survey (June survey) for this subcolony instead of May || use this survey (June survey) for this subcolony instead of May || use this survey (June survey) for this subcolony instead of May || use this survey (June survey) for this subcolony instead of May || use this survey (June survey) for this subcolony instead of May || use this survey (June survey) for this subcolony instead of May || use this survey (June survey) for this subcolony instead of May || use this survey (June survey) for this subcolony instead of May || use this survey (June survey) for this subcolony instead of May || use this survey (June survey) for this subcolony instead of May || use this survey (June survey) for this subcolony instead of May || use this survey (June survey) for this subcolony instead of May || use this survey (June survey) for this subcolony instead of May || use this survey (June survey) for this subcolony instead of May || use this survey (June survey) for this subcolony instead of May || use this survey (June survey) for this subcolony instead of May || use this survey (June survey) for this subcolony instead of May || use this survey (June survey) for this subcolony instead of May || use this survey (June survey) for this subcolony instead of May || use this survey (June survey) for this subcolony instead of May || use this survey (June survey) for this subcolony instead of May || use this survey (June survey) for this subcolony instead of May || use this survey (June survey) for this subcolony instead of May || use this survey (June survey) for this subcolony instead of May || use this survey (June survey) for this subcolony instead of May || use this survey (June survey) for this subcolony instead of May || use this survey (June survey) for this subcolony instead of May || use this survey (June survey) for this subcolony instead of May || use this survey (June survey) for this subcolony instead of May || use June survey for this subcolony || just south of MWP109 coordinates; on small isolated ""island"" of sand; exact coord. =29.8697/-88.8303 || just south of MWP109 coordinates; on small isolated ""island"" of sand; exact coord. =29.8697/-88.8303 || just south of MWP109 coordinates; on small isolated ""island"" of sand; exact coord. =29.8697/-88.8303 || just south of MWP109 coordinates; on small isolated ""island"" of sand; exact coord. =29.8697/-88.8303 || at north end of beach/veg area of MWP 109 || at north end of beach/veg area of MWP 109 || at north end of beach/veg area of MWP 109 || at north end of beach/veg area of MWP 109 || at north end of beach/veg area of MWP 109 || at north end of beach/veg area of MWP 109 || about 800m south of coord. For MWP109 and 400m south of SATE/ROYT colony for this site; exact coordinates at 29.8663/-88.8313 || about 800m south of coord. For MWP109 and 400m south of SATE/ROYT colony for this site; exact coordinates at 29.8663/-88.8313 || about 800m south of coord. For MWP109 and 400m south of SATE/ROYT colony for this site; exact coordinates at 29.8663/-88.8313 || just south of MWP109 coordinates; on small isolated ""island"" of sand; exact coord. =29.8697/-88.8303 || just south of MWP109 coordinates; on small isolated ""island"" of sand; exact coord. =29.8697/-88.8303 || just south of MWP109 coordinates; on small isolated ""island"" of sand; exact coord. =29.8697/-88.8303 || just south of MWP109 coordinates; on small isolated ""island"" of sand; exact coord. =29.8697/-88.8303 || just south of MWP109 coordinates; on small isolated ""island"" of sand; exact coord. =29.8697/-88.8303",109,29.881806,-88.828345
Chandeleur North H,25,"[2011, 2012, 2015, 2018, 2021]",[],[],"['Grassy, marsh island with beach on entire E side', 'Sandy beach.', 'Sand spit, beach, sparse vegetation.', '95% sandy/shells 5% herbaceous', 'barrier island']","['BLSK', 'GBTE', 'CATE', 'ROYT', 'SATE', 'LAGU']",{'N': 17},"Pre-egg laying pairs in May, established nesting in June. 100% coverage || Birds present in May, established nesting in June. 100% coverage || Some sites in May, more established in June. Some coverage only by CAM2 - 90% coverage || Not present in this area in May, with SATE and CATE - 100% coverage || Not present in this area in May, with ROYT and CATE - 100% coverage || Incubating sites in grass. 80% LAGU coverage on all of CIN || Very large group of BLSK in May.  Most birds in pairs, very close together; many not yet on sites, but fresh digging observable, colony actively forming.  June survey shows far fewer birds, so most likely failed or moved. || Coverage complete. Few sites among BLSK. || Coverage complete.  Two small isolated nesting groups; incubation posture. Sand scrapes visible in photos seem to reflect larger initiation effort but fewer sites upon survey. || incubating || incubating || small colony that still may be setting up nesting sites || just a couple sites || more sites than in May; should use this survey for breeding population || a few more sites than in May; should be used for breeding population estimate || photos taken; small BLSK and GBTE colony || flew past area; no photos taken; assume no birds present || still setting up?; closest previous colony PJC29 ~0.6km away || still setting up?; closest previous colony PJC29 ~0.6km away || still setting up?; closest previous colony PJC29 ~0.6km away || Only coverage was zoomed out Cam2 photo || Only coverage was zoomed out Cam2 photo || Incubation posture. || Incubation posture. || Incubation posture.",25,,
Chandeleur North I,14,"[2012, 2018, 2021]",[],[],"['Grassy, marsh island with beach on entire E side', 'Sandy beach.', 'barrier island']","['BLSK', 'GBTE', 'LAGU']",{'N': 5},"No birds nesting in this area in May or June || Small group of BLSK in May; fresh digging observable.  Colony size increased by June. || Coverage complete. One isolated group, incubation posture. || flew past; only Cam2 photos taken; not counted as only June survey was counted || flew past; counted colony of BLSK (small) || not counted in May; use this June survey || not counted in May; use this June survey || not counted in May; use this June survey || not counted in May; use this June survey || not counted in May; use this June survey || not counted in May; use this June survey || not counted in May; use this June survey || not counted in May; use this June survey; used Cam2 as no close up of this area of the colony || Incubation posture.",14,,
Biloxi North 10,8,"[2015, 2018, 2021]",[],[],"['Fragmented, grassy island', 'Marsh, shrubs, grasses, wrack lines']","['LAGU', 'TRHE', 'SNEG', 'WHIB']",{'N': 8},"Birds paired up in May, established sites in June - 95% coverage || Birds present in May and established sites in June, incubating - 100% coverage || 2 sites in June only near GREG & SNEG, not present in May - 100% coverage || Birds seen on nests; no chicks observed. || ~8 nests, birds incubating. || A few sites mixed with WHIB or solitary; no chicks seen. || No photos of island taken in June. || New small breeding groups of WHIB in June that could have been later established. Large WHIB colony in May still present in June.",8,,
South Deer Island,15,[2021],[],[],['Fragmented marsh island'],"['BRPE', 'ROYT', 'SATE', 'WHIB', 'GREG', 'TRHE', 'CATE', 'WFIB', 'FOTE', 'LAGU', 'SNEG', 'AMOY', 'GBHE']",{'N': 13},"Established nesting in May, only a few sites in June included that were not photographed in May. Mostly still on nests in June - 100% coverage || Colonies on N and NW beaches in May, a few chicks visible in May, mostly chicked out by June - 100% coverage || Mixed with ROYT in May, chicked out in June - 100% coverage || Lots of nesting in May, many new sites in June. Older chicks at least 4 weeks old observed off nests, in shrubs, and near water 100% coverage || Nesting in May, but more sites in June with some chicks on nests - 100% coverage || Nesting in May, more sites throughout island in June. Juvenile birds observed in SE shrub area in June - 100% coverage || Two colonies established in June on SE corner beaches - 100% coverage || Some sites observed in May, many more established in June in grassy areas, mixed with LAGU and TRHE mostly on S and E side of island - 100% coverage || Sites in May did not have good photo coverage in June, sites in June were not established in May - 100% coverage || Nesting in both months, some chicks in June with adults - 100% coverage || Only birds observed in May, some established sites in June with birds incubating - 100% coverage || One site in June, birds on beaches observed in both months - 100% coverage || Chicks and sites in May were gone by June, a few more established sites observed in June with birds incubating - 100% coverage || Zoomed out CAM2 photo was only coverage || Juvenile bird in water",15,,
Bayou Pintou,32,"[2013, 2015, 2018, 2021]",[],[],"['Marsh Island', 'Beach', 'Grasses, beach.']","['LAGU', 'BRPE', 'BLSK', 'AMOY', 'GBTE', 'ROYT', 'WILL', 'CATE', 'FOTE', 'ROSP', 'WHIB', 'TRHE', 'GREG']",{'N': 25},"Colony in incubation stage, 99% coverage. || non breeding group || Colony in incubation stage, complete coverage. || Pair in May, nesting in June. || Colony in incubation stage, complete coverage. || Colony in incubation stage, complete coverage. || Non breeding || Colony in incubation stage, complete coverage. || Colony in incubation stage, complete coverage. || Colony in incubation stage, complete coverage. || Colony in incubation stage, complete coverage. || Colony in incubation stage, complete coverage. || Colony in incubation stage, complete coverage || Colony in incubation stage, complete coverage. || Good coverage and timing for all species; no nesting seen on fractured, interior marsh || BLSK setting up, CATE not yet present in colony; easy decision to count June || BLSK colonies more established, complete, and robust in June images than in May. || FOTE sites found in racklines in June images. || ROYT present in June not in May. || 100% of colony photographed, analyzed, and counted. Few additional roosting BRPE, LAGU, and ROYT birds, not captured in screen captures. || LAGU observed sitting on sites; no chicks observed. || BLSK observed sitting on sites in incubation posture; no chicks observed. || GBTE observed sitting on sites in incubation posture; no chicks observed. || CATE observed sitting on site; no chicks observed. || Colony photos visually assessed; BLSK still setting up, few birds on sites in incubation posture. || 1 LAGU bird added to this area from Img 587, camera 2 card 3. || 2 BLSK sites + 1 bird added to this area from Img 587, camera 2 card 3. || BLSK on sites. || 25 BRPE birds added to this area from Img 589, camera 2 card 3. || LAGU on sites. || GBTE on sites. || BRPE not counted to avoid double count",32,,
Rock Island,5,[2021],[],[],['Marsh island w trees'],"['TRHE', 'BRPE', 'GREG', 'SNEG', 'LBHE']",{'N': 5},"Colony in incubation stage, complete coverage. || Foraging. || Colony in incubation stage, complete coverage. || Colony in incubation stage, complete coverage. || One nest present. Complete coverage.",5,,
Bay Joyeux Islettes,1,[2021],[],[],['Marsh Island'],['FOTE'],{'N': 1},"Colony in incubation stage, complete coverage.",1,,
Hog Island Complex East Islands,8,[2021],['TX'],['Corpus Christi-Aransas Bay'],['Island with trees'],"['GBHE', 'GREG', 'REEG DM', 'REEG WM', 'ROSP', 'SNEG', 'TRHE', 'REEG']",{'N': 7},Complete coverage; incubating and chicks present. || Complete coverage; incubating and chicks present. || Complete coverage; incubating and chicks present. || Complete coverage; incubating and chicks present. || Complete coverage; incubating and chicks present. || Complete coverage; incubating and chicks present. || Complete coverage; incubating and chicks present. || DM/WM combined,8,27.89763,-97.096237
Naval Air Station Islands H,10,[2021],['TX'],['Upper Laguna Madre'],['Two islands with trees'],"['CAEG', 'GBHE', 'LAGU', 'LBHE', 'REEG DM', 'REEG WM', 'ROSP', 'SNEG', 'TRHE', 'REEG']",{'N': 9},Complete coverage; roosting || Complete coverage; foraging || Complete coverage; incubating and chicks present || Complete coverage; incubating || Complete coverage; incubating || Complete coverage; incubating and chicks present || Complete coverage; foraging || Complete coverage; incubating and chicks present || Complete coverage; incubating and chicks present || DM/WM combined,10,27.664078,-97.248767
Arroyo Colorado Spoils B1,12,[2021],['TX'],['Lower Laguna Madre'],['Island with trees'],"['BCNH', 'CAEG', 'GBHE', 'GREG', 'LBHE', 'REEG DM', 'REEG WM', 'ROSP', 'SNEG', 'TRHE', 'WHIB', 'REEG']",{'N': 11},Complete coverage; incubating || Complete coverage; roosting || Complete coverage; incubating and chicks present || Complete coverage; incubating and chicks present || Complete coverage; incubating || Complete coverage; incubating || Complete coverage; incubating || Complete coverage; incubating || Complete coverage; incubating || Complete coverage; incubating || Complete coverage; roosting || DM/WM combined,12,26.329042,-97.314731
East Flats Spoil,10,[2021],[],[],['Spoil island'],"['GBHE', 'REEG', 'ROYT', 'SATE', 'LAGU', 'BLSK', 'CATE', 'BRPE']",{'N': 9},"New GBHE sites not present in May; species incubating || Not present in June. || Not present in June. || Not present in June. || Complete coverage; incubating; no chicks present in June; sites from May possibly failed due to flooding and birds re-nested in June || Roosting in both months. || Complete coverage; incubating, except 1 nest with chicks || Complete coverage; no chicks present in June; nest failure possibly due to flooding and birds re-nested in June || Roosting both months || White morph",10,,
White Pelican Island,14,[2021],[],[],['Island with jetty perimeter'],"['AWPE', 'BLSK', 'SATE', 'LAGU', 'ROYT', 'CAEG', 'ROSP', 'UNSB', 'GBHE', 'REEG', 'BRPE']",{'N': 12},Complete coverage. Counted approximately half the island in May.  Species mostly incubating with many nests with chicks and a some territorial birds. Several abandoned sites including some abandoned chicks may be due to siblicide or rejection. || Roosting black skimmers observed in May but not present in June || Roosting sandwich terns observed in May but not present in June || LAGU birds observed in May. Only 1 LAGU bird in June. || ROYT bird observed in May but not present in June || 1 bird observed in May but not present in June || 1 bird observed in May but not present in June || 1 bird observed in May but not present in June || Complete coverage. Counted approximately half the island in June where new nests present. Species mostly incubating with a few abandoned sites and territorial birds. || GBHE chicks with adult in May but without adult in June. Decided to dot June because of additional site not present in May. || 2 white morph and 1 dark morph REEG birds observed in June. 2 WM REEG observed in May Area 4 but decided to dot June because of additional DM REEG. || BRPE birds observed in June. || 3 abandoned chicks || 2 white morph and 1 dark morph,14,,
Alligator Point,2,[2021],[],[],['Marsh Island'],"['BLSK', 'GBTE']",{'N': 2},"Colony in incubation stage, complete coverage. || Birds present within BLSK colony. Complete Coverage.",2,,
Saint Joseph Lagoon,1,[2021],[],[],['Barrier Island'],['BLSK'],{'N': 1},One LAGU Bird and one BLSK Bird seen. No other birds present.,1,,
Oyster Lake Beach,1,[2021],[],[],['Barrier Island'],['BLSK'],{'N': 1},"roosting shore birds, gull, GBTE, BLSK, and CATE. No nesting BLSK or LETE detected.",1,,
Saint George Island Plantation,1,[2021],[],[],['Barrier island'],['GBHE'],{'N': 1},Three nests present with chicks.,1,,
Saint Andrews State Park Gator Lake,5,[2021],[],[],['Marsh island w trees'],"['GBHE', 'TRHE', 'LBHE', 'ANHI', 'WHEG']",{'N': 5},"Colony in incubation stage, chicks present. || Colony in incubation stage, one chick nest present. || Colony in incubation stage, one chick nest present. || Six sites found. || WHEG consist of GREG, SNEG, and CAEG. All species found nesting. Difficult to determine identification of species due to dense vegetation.",5,,
Saint Andrews State Park Buttonwood Marsh,7,[2021],[],[],['Marsh Island'],"['GREG', 'SNEG', 'CAEG', 'LBHE', 'TRHE', 'ANHI', 'WHEG']",{'N': 7},"Only chicks present, One adult bird observed. || Colony in incubation stage, chicks present. || Only chick nests present, no adults observed. || Colony in incubation stage, one chick nest present. || Six sites and six birds observed. || One site and one bird observed. || WHEG consist of GREG, SNEG, and CAEG. All species found nesting. Difficult to determine identification of species due to dense vegetation.",7,,
Green Island Spoils L,7,[2021],[],[],['Spoil Island'],"['LAGU', 'BRPE', 'BLSK', 'ROYT', 'GBTE', 'SATE', 'RUTU']",{'N': 7},"Colony in incubation stage, Complete coverage. || Foraging. || One bird present. || Colony in incubation stage, Complete coverage. || Colony in incubation stage, Complete coverage. || Colony in incubation stage, Complete coverage. || Foraging.",7,,
Pita Island,17,[2021],['TX'],['Upper Laguna Madre'],['Spoil Island'],"['LAGU', 'BCNH', 'GREG', 'REEG DM', 'REEG WM', 'ROSP', 'TRHE', 'SNEG', 'RUTU', 'DCCO', 'WHIB', 'GBHE', 'CAEG', 'BRPE', 'BBWD', 'LBHE', 'REEG']",{'N': 16},"Colony in incubation stage, some chicks present. Complete coverage. || One site, two birds present. || Colony in incubation stage, chicks present. Complete coverage. || Colony in incubation stage, complete coverage. || Colony in incubation stage, complete coverage. || Colony in incubation stage, complete coverage. || Colony in incubation stage, complete coverage. || Small colony in incubation stage, chicks present. Complete coverage. || Foraging. || Foraging. || Colony in incubation stage, chicks present. Complete coverage. || Colony in incubation stage, chicks present. Complete coverage. || One site, one bird present. || Foraging. || One site, one bird present. || Colony in incubation stage, complete coverage. || DM/WM combined",17,27.60181,-97.2876
Second Chain of Islands D,2,[2021],[],[],['Submerged Island'],"['CATE', 'LAGU']",{'N': 2},Foraging. || Foraging.,2,,
Bahia Grande B,11,[2021],[],[],['Island with jetty perimeter'],"['GBHE', 'BCNH', 'BLSK', 'CATE', 'REEG', 'LAGU', 'GREG']",{'N': 10},"Too few pictures in May to get a good breeding estimate. Only dotted sites not present in June. 2 sites and 2 chicks without adult. || Too few pictures in May to get a good breeding estimate. Only dotted sites not present in June. 3 sites. || No BLSK in June || No CATE in June; only 1 site || Dark morph bird || Only birds along the coastline || Better camera 1 and 2 pictures for breeding estimates in June. Species mostly incubating with 4 chicks without adult, 2 broods, 1 abandoned nest, and 3 empty nests. || Better pictures for breeding estimates in June. All birds incubating. || Better pictures for breeding estimates in June. Species mostly incubating with 4 chick nests. || Too few pictures in May to get good breeding estimate. Only dotted GREG not present in June. 1 chick nest, 4 sites, and 1 bird. || Dark morph",11,,
East Marker Spoil,13,[2021],[],[],['Spoil island'],"['GBHE/REEG', 'ALL', 'REEG']",{'N': 2},"New nest sites for GBHE and REEG not present in May; species incubating; 9 white morph sites, 1 white morph bird,  2 dark morph sites, 1 dark morph bird REEG || Complete coverage; all species incubating; 8 White morph sites, 3 white morph birds, and 1 dark morph bird REEG || White morph || 2 white morph sites, 2 white morph birds, 1 dark morph bird || White morph || White morph || 1 white morph site and 1 white morph bird || White morph || White morph || White morph || 1 white morph and 1 dark morph || 6 white morph sites, 1 white morph bird, 1 dark morph site and 1 dark morph bird || White morph",13,,
Bahia Grande A,1,[2021],[],[],['Island with jetty perimeter'],['GBHE'],{'N': 1},No birds present in May. One solitary GBHE bird.,1,,
Northeast Mansfield Intersection Spoil,2,[2021],[],[],['Spoil island with jetty perimeter'],"['ALL', 'REEG']",{'N': 1},"Complete coverage; all species incubating, except one REEG white morph nest with chicks (incubating in May) || White morph",2,,
Bahia Grande C West,10,[2021],[],[],['Island with jetty perimeter'],"['GBHE', 'CATE', 'LAGU', 'GBTE', 'FOTE', 'BLSK', 'DCCO', 'SNEG', 'CRCA']",{'N': 10},Complete coverage; Colony in incubation stage; Chicks present || Complete coverage; colony in incubation stage; Chicks present and 5 abandoned nests || Complete coverage; incubating || Complete coverage; incubating; dotted areas with more breeding birds in May || Complete coverage; incubating || Complete coverage; incubating || Complete coverage; incubating; dotted areas with more breeding birds in June || Complete coverage; roosting birds || Complete coverage; incubating || Complete coverage; roosting bird,10,,
Laguna Vista Spoils B,11,[2021],[],[],['Spoil island w trees around perimeter'],"['LAGU', 'SNEG', 'TRHE', 'REEG', 'ROSP', 'GBHE', 'BCNH', 'GREG']",{'N': 8},"Complete coverage; incubating || Complete coverage; incubating || Complete coverage; incubating || Complete coverage; incubating || Complete coverage; incubating || Complete coverage; foraging || Complete coverage; incubating || Complete coverage; roosting bird; species not observed in May || 7 white morph sites, 5 white morph birds, 5 dark morph sites, 7 dark morph birds || 21 white morph sites, 4 white morph birds, 11 dark morph sites, 13 dark morph birds || 5 white morph sites, 3 white morph birds, 2 dark morph sites, 1 dark morph bird",11,,
Bahia Grande C East,52,[2021],[],[],['Island with jetty perimeter'],"['LAGU', 'AMOY', 'REEG', 'BCNH', 'BRPE', 'BWTE', 'CATE', 'DCCO', 'FOTE', 'GBHE', 'GREG', 'ROSP', 'RUTU', 'SNEG', 'TRHE', 'BLSK', 'GBTE', 'WHIB']",{'N': 27},"Incomplete coverage; incubating; incomplete coverage due to gaps in photos || Complete coverage; foraging || Complete coverage; incubating || Incomplete coverage; incubating; incomplete coverage due to gaps in photos || Complete coverage; roosting || Complete coverage; foraging || Complete coverage; incubating || Complete coverage; roosting || Complete coverage; incubating || Incomplete coverage; incubating with 2 chick nests and 1 brood; incomplete coverage due to gaps in photos || Incomplete coverage; incubating; incomplete coverage due to gaps in photos || Incomplete coverage; incubating; incomplete coverage due to gaps in photos || Complete coverage; foraging || Incomplete coverage; incubating with 1 abandoned nest; incomplete coverage due to gaps in photos || Incomplete coverage; incubating; incomplete coverage due to gaps in photos || Complete coverage; incubating; filled gaps from May, resulting in complete coverage for this species || Complete coverage; incubating || Complete coverage; incubating || Complete coverage; incubating with 1 chick nest and 2 broods; filled in gaps from May, resulting in complete coverage for this species || Complete coverage; incubating with 2 chick nests || Complete coverage; incubating with 4 chick nests; filled in gaps from May, resulting in complete coverage for this species || 95% coverage; incubating with 98 chick nests and 14 broods; filled in gaps from May, resulting in 95% coverage for this species || Complete coverage; incubating with 6 chick nests; filled in gaps from May, resulting in complete coverage for this species || Complete coverage; incubating; filled in gaps from May, resulting in complete coverage for this species || Complete coverage; incubating with 31 chick nests; filled in gaps from May, resulting in complete coverage for this species || Complete coverage; incubating; filled in gaps from May, resulting in complete coverage for this species || Complete coverage; incubating with 2 chick nests an 1 abandoned nest || 2 dark morph sites, 3 dark morph birds, 1 white morph site, 1 white morph bird || 1 dark morph bird, 5 white morph sites || 2 dark morph sites, 2 white morph birds || dark morph || dark morphs || dark morph || dark morph || white morph || white morph || 1 dark morph bird, 3 white morph sites || 1 dark morph sites, 2 dark morph birds, 1 white morph site || 1 white morph site, 2 dark morph sites, 1 dark morph bird || 2 dark morph sites, 2 dark morph birds, 2 white morph birds, 2 white morph sites || white morph || dark morph || 1 white morph site, 2 white morph birds, 3 dark morph sites, 4 dark morph birds || dark morph || 6 white morph sites, 3 white morph birds, 2 dark morph sites, 6 dark morph birds || dark morph || 1 dark morph site, 2 white morph sites, 1 white morph bird || 7 dark morph sites, 4 dark morph birds, 3 white morph sites, 6 white morph birds || 4 white morph chick nests, 12 white morph sites, 2 white morph birds, 6 dark morph sites || 2 white morph chick nests, 7 white morph sites, 5 white morph birds, 8 dark morph sites, 1 dark morph bird || 1 dark morph site, 2 white morph sites, 1 white morph bird || white morphs",52,,
Bahia Grande C Central,40,[2021],[],[],['Island with jetty perimeter'],"['BCNH', 'BRPE', 'GBHE', 'GREG', 'LAGU', 'REEG', 'ROYT', 'RUTU', 'SATE', 'SNEG', 'TRHE', 'UNSB', 'BLSK', 'CATE', 'DCCO', 'GBTE', 'ROSP', 'WHIB']",{'N': 18},"Complete coverage; incubating || Complete coverage; roosting || Complete coverage; incubating with 6 nests with chicks and 1 abandoned || Complete coverage; incubating with 1 chick nest and 1 abandoned nest || Complete coverage; incubating with 1 abandoned nest || Complete coverage; incubating with 1 abandoned nest || Complete coverage; incubating || Complete coverage; foraging || Complete coverage; incubating || Complete coverage; incubating || Complete coverage; incubating and 1 abandoned nest || Complete coverage; foraging || Complete coverage; incubating || Complete coverage; incubating || Complete coverage; roosting || Complete coverage; incubating || Complete coverage; incubating || Complete coverage; incubating || 6 dark morph sites, 3 dark morph birds, 6 white morph sites || 2 dark morph birds, 2 white morph sites, 1 white morph bird || white morph || 1 dark morph site, 3 dark morph birds, 4 white morph sites || dark morph || dark morph || dark morphs || white morphs || white morphs || dark morph abandonded, 5 dark morph sites, 2 dark morph birds, 3 white morph sites, 3 white morph birds || 2 dark morph sites, 1 dark morph bird, 4 white morph sites || 1 dark morph site, 3 white morph sites || 2 dark morph birds, 2 white morph birds || white morph || dark morphs || 1 dark morph site, 1 white morph bird || 2 white morph sites, 2 white morph birds || 5 dark morph sites, 7 white morph sites, 2 white morph birds || 1 dark morph site, 2 dark morph birds, 1 white morph site || 1 dark morph site, 1 dark morph bird, 4 white morph sites || white morphs || dark morphs",40,,
Green Island Spoils A,5,[2021],[],[],['Spoil island'],"['CATE', 'LAGU', 'RUTU', 'BRPE', 'DCCO']",{'N': 5},Complete coverage; Incubating and chick nests; Chicked out in June || Complete coverage; incubating; chicks in June || Complete coverage; foraging || Complete coverage; roosting || Complete coverage; roosting,5,,
Green Island Spoils B,10,[2021],[],[],['Spoil island'],"['BLSK', 'GBTE', 'GBHE', 'REEG', 'LAGU', 'BBWD']",{'N': 8},"Complete coverage; birds paired up with only 1 site incubating; gone by June || Complete coverage; incubating; no chicks in June with some birds still incubating || Complete coverage; incubating with some chick nests and chicks without attending adult || Complete coverage; incubating || Complete coverage; incubating || Complete coverage; incubating || Complete coverage; incubating || Complete coverage; roosting || 2 white morph sites, 2 white morph birds, 3 dark morph sites, 1 dark morph bird || dark morphs",10,,
Green Island Spoils C,11,[2021],[],[],['Spoil island'],"['LAGU', 'GBTE', 'GBHE', 'BRPE', 'RUTU', 'REEG', 'BLSK']",{'N': 10},"Complete coverage; incubating; counted areas with camera 1 coverage in May; chicks in June || Complete coverage; incubating; counted areas with camera 1 coverage in May; only 2 adults with chicks in June || Complete coverage; incubating with 1 chick nest; counted areas with camera 1 coverage in May || Complete coverage; roosting || Complete coverage; foraging || Complete coverage; incubating with 9 adults with chicks; counted areas without May camera 1 coverage || Complete coverage; incubating; no camera 1 coverage in May and camera 2 undottable; counted areas without May camera 1 coverage || Complete coverage; 3 sites incubating; chicks; no camera 1 coverage in May and camera 2 undottable; counted areas without May camera 1 coverage || Complete coverage; incubating with 3 abandoned nests || Complete coverage; incubating; no camera 1 coverage in May and camera 2 undottable; counted areas without May camera 1 coverage; new sites not seen in May || 3 dark morph sites, 1 dark morph bird, 3 white morph sites, 1 white morph bird",11,,
Green Island Spoils D,10,[2021],[],[],['Spoil island'],"['LAGU', 'GBHE', 'REEG']",{'N': 5},"Complete coverage; incubating; chicks in June || Complete coverage; mostly nests with chicks || Complete coverage; incubating || Complete coverage; new site in June; incubating || Complete coverage; incubating; new sites in June || 1 white morph bird, 1 dark morph site, 7 dark morph birds || 1 white morph site, 1 dark morph site || dark morphs || 2 white morph sites, 5 dark morph sites, 4 dark morph birds || 4 white morph sites, 2 dark morph sites",10,,
Green Island Spoils E,5,[2021],[],[],['Spoil island'],"['BRPE', 'LAGU', 'CATE', 'ROYT', 'SOTE']",{'N': 5},Complete coverage; roosting || Complete coverage; incubating; chicks in June || Complete coverage; incubating || Complete coverage; incubating || Complete coverage; incubating,5,,
Green Island Spoils F,12,[2021],[],[],['Spoil island'],"['BLSK', 'CATE', 'GBHE', 'GBTE', 'HERG', 'LAGU', 'UNSB', 'REEG']",{'N': 10},"Complete coverage; Mostly birds with few territories and 3 sites; no chicks in June || Complete coverage; incubating with 8 chick nests; chicks in June || Complete coverage; incubating and chicks present || Complete coverage; incubating; no chicks in June || Complete coverage; 1 bird observed in May but not present in June || Complete coverage; incubating; chicks in June || Complete coverage; foraging || Complete coverage; incubating; new sites in June not present in May || Complete coverage; incubating; new sites in June not present in May || Complete coverage; incubating || dark morphs || 3 dark morph sites, 1 dark morph bird, 2 white morph sites",12,,
Green Island Spoils G,11,[2021],[],[],['Spoil island'],"['BRPE', 'FOTE', 'GBHE', 'GBTE', 'LAGU', 'ROYT', 'SATE', 'BLSK', 'CATE']",{'N': 11},Complete coverage; roosting || Complete coverage; roosting || Complete coverage; incubating and chicks present || Complete coverage; incubating; dotted areas with better breeding bird estimates in May || Complete coverage; incubating; chicks in June || Complete coverage; incubating; dotted areas with more sites in May; chicked out in June || Complete coverage; incuabting; chicked out in June || Complete coverage; incubating || Complete coverage; incuabting with 3 chick nests; not present in May || Complete coverage; incuabting; dotted areas with better breeding bird estimates in June || Complete coverage; incubating; dotted area with better breeding bird estimates in June; new sites not present in May,11,,
Green Island Spoils H,3,[2021],[],[],['Spoil island'],"['BLSK', 'CATE', 'LAGU']",{'N': 3},Complete coverage; roosting || Complete coverage; incubating and chicks present || Complete coverage; incubating; chicks in June,3,,
Green Island Spoils I,4,[2021],[],[],['Spoil island'],"['BLSK', 'LAGU', 'ROYT', 'RUTU']",{'N': 4},Complete coverge; roosting || Complete coverage; incubating; chicks in June || Complete coverage; incubating; chicks in June || Complete coverage; foraging,4,,
Green Island Spoils J,3,[2021],[],[],['Spoil island'],"['LAGU', 'ROYT', 'SATE']",{'N': 3},Complete coverage; incubating; chicks in June || Complete coverage; incubating; chicks in June || Complete coverage; incubating; chicks in June,3,,
Green Island Spoils K,8,[2021],[],[],['Spoil island'],"['GBTE', 'LAGU', 'ROYT', 'RUTU', 'UNSB', 'BLSK', 'BRPE', 'GBHE']",{'N': 8},Complete coverage; incubating || Complete coverage; incubating; chicks in June || Complete coverage; incubating; chicks in June || Complete coverage; foraging || Complete coverage; foraging || Complete coverage; incubating; pre-breeding in May || Complete coverage; incubating || Complete coverage; foraging,8,,
Tern Island,10,[2021],[],[],['Island with jetty perimeter'],"['BRPE', 'GBHE', 'GREG', 'LAGU', 'RUTU', 'SNEG', 'BCNH', 'CAEG', 'ROSP', 'TRHE']",{'N': 10},Complete coverage; roosting || Complete coverage; incubating and chicks present || Complete coverage; incubating and chicks present || Complete coverage; incubating; chicks in June || Complete coverage; foraging || Complete coverage; incubating; chicks in June || Complete coverage; incubating || Complete coverage; chick nest || Complete coverage; incubating with 1 chick nest || Complete coverage; foraging,10,,
Shamrock Island,30,[2021],['TX'],['Corpus Christi-Aransas Bay'],['Island w beach perimeter and trees in center'],"['AMOY', 'BBWD', 'BCNH', 'BRPE', 'CATE', 'DCCO', 'GBHE', 'GREG', 'LAGU', 'REEG DM', 'REEG WM', 'ROYT', 'RUTU', 'SATE', 'SNEG', 'SOTE', 'TRHE', 'UNSB', 'UNWW', 'BLSK', 'GBTE', 'LBHE', 'ROSP', 'WHIB', 'REEG']",{'N': 28},"Complete coverage; foraging || Complete coverage; foraging || Incomplete coverage, hard to quantify how many missed. Low photo quality also likley resulted in sites/birds missed; incubating || Complete coverage; incubating and chicks present || Complete coverage; incubating; chicks in June || Incomplete coverage; hard to quantify how many birds missed; roosting || Incomplete coverage, approx 90%; incubating with chicks present || Inomplete coverage, approx 90%, incubating with chicks present || Incomplete coverage, approx 90%; incubating; chicks in June || Incomplete coverage, hard to quantify how many birds missed; poor photo quality likely resulted in sites/birds missed; incubating; chicks in June || Incomplete coverage, hard to quantify how many birds missed; poor photo quality likely resulted in sites/birds missed; incubating; chicks in June || Complete coverage; incubating; chicks in June || Complete coverage; roosting || Complete coverage; incubating; chicks in June || Incomplete coverage; hard to quantify how many birds missed; poor photo quality also likely resulted in sites/birds missed; incubating with 3 chick nests present || Complete coverage; incubating || Incomplete coverage; hard to quantify how many birds missed; poor photo quality also likely resulted in sites/birds missed; incubating with some chick nests; more chicks in June || Complete coverage; foraging || Incomplete coverage; hard to quantify how many birds missed; poor photo quality resulted in the use of UNWW class; sites/birds are either SNEG, WHIB, REEG WM || Complete coverage; incubating || Complete coverage; incubating with chicks present || Complete coverage; incubating || Complete coverage; incubating || Complete coverage; incubating with chicks present || Complete coverage; incubating || Complete coverage; incubating || Complete coverage; incubating || Complete coverage; incubating with chicks present; sites/birds likley given UNWW tag due to poor photo quality || DM/WM combined || Area on fire in June",30,27.75883,-97.16936
Green Island,13,[2021],['TX'],['Lower Laguna Madre'],['Spoil island with trees'],"['BCNH', 'CAEG', 'GBHE', 'GREG', 'LBHE', 'NECO', 'REEG DM', 'REEG WM', 'ROSP', 'SNEG', 'TRHE', 'WHIB', 'REEG']",{'N': 12},complete coverage; incubating || complete coverage; incubating || complete coverage; incubating with chicks present || complete coverage; incubating with chicks present || complete coverage; incubating with 1 chick nest || complete coverage; incubating with chicks present || complete coverage; incubating with chicks present || complete coverage; incubating with chicks present || complete coverage; incubating with chicks present || complete coverage; incubating with chicks present || complete coverage; incubating with 1 chick nest || complete coverage; incubating with 1 chick nest || DM/WM combined,13,26.39257,-97.3251
Marsh Island,3,[2021],[],[],['spoil island'],"['LAGU', 'WADE', 'ROYT/SATE']",{'N': 3},95% coverage. Similar number of sites in June. || Excellent coverage. Large chicks and broods in June. || Excellent coverage. Similar number of sites in June.,3,,
Robinson Island,2,[2021],[],[],['island with grass & trees'],"['GBHE', 'OSPR']",{'N': 2},Complete coverage. Large chicks and juveniles in June.,1,,
Walker Island,1,[2021],[],[],['island w/ grass & sand bar'],['GBHE'],{'N': 1},Complete coverage. Four abandoned nests in May. No active nests in June.,1,,
Lower Perdido Islands 1,1,[2021],[],[],['island with grass & trees'],[],{'N': 1},Complete coverage. No nest sites in May or June.,1,,
Lower Perdido Islands 2,1,[2021],[],[],['island w/ grass & sand bar'],[],{'N': 1},Complete coverage. No nest sites in May or June.,1,,
New Round Island,2,[2021],[],[],['spoil island'],"['FICR', 'BLSK/LETE']",{'N': 2},"No nest sites, foraging bird only. || Complete coverage. Some birds pre-egg laying, no chicks observed.",2,,
Biloxi North 38,161,"[2013, 2015, 2018, 2021]",['LA'],['Biloxi North'],"['marsh island w/ sandy beach', 'Marsh, grasses, shrubs', '90% herbaceous, 5% sandy, 5% shrub', 'beach/marsh']","['GREG', 'LAGU', 'BRPE', 'BLSK/GBTE', 'ROYT/SNEG/WHIB', 'REEG DM/TRHE', 'TRHE', 'WHIB', 'FOTE', 'SNEG', 'ROSP', 'BCNH', 'BLSK', 'CATE', 'GBTE', 'ROYT', 'REEG', 'ALL', 'AMOY', 'AWPE']",{'N': 30},"Complete coverage. Large chicks by June. || >95% coverage. Pre-egg-laying in May. Nesting in June, no chicks present. || Complete coverage. Territories in May. More WBN in June. No chicks. || Complete coverage. Pre-egg-laying in May. Nesting in June, no chicks present. || No nest sites, foraging birds only. || Complete coverage. Only a few nest sites. No chicks. || More coverage of overall  island with LAGU sites in June, also counted in May. || 15 sites in May , 1 in June. All look to be incubating, sitting low on nests. || Eggs seen as well as nests with up to 2 chicks with adult present. Lots of adults standing. Juveniles greatly dispersed in June. || Adults sitting low on nests in inland sandy area in June, no chicks present. || Adults observed sitting on nests. No chicks seen. || Eggs, small chicks in nests in May. || Adults sitting in incubation posture; no chicks seen. Juveniles dispersed in June from nests. || Only 2 adults seen sitting on nests. Mixed in with WHIB and TRHE sites. || ~30% of island contained nests, the rest was empty vegetation. || No May survey || roosting only || No May survey || No May survey || No May survey || No May survey || No May survey || Wading birds were found nesting in south portion of island in an area formerly called BN15. No May survey. || Wading birds were found nesting in south portion of island in an area formerly called BN15. No May survey. || Wading birds were found nesting in south portion of island in an area formerly called BN15. No May survey. || Wading birds were found nesting in south portion of island in an area formerly called BN15. No May survey. || Wading birds were found nesting in south portion of island in an area formerly called BN15. No May survey. || Wading birds were found nesting in south portion of island in an area formerly called BN15. No May survey. || Wading birds were found nesting in south portion of island in an area formerly called BN15. No May survey. || included this colony in with SLF14 until I realized it was separate islands; assigned it a new colony number and location. Adjusted screencapture names but text in screencaptures still say SLF14 Area X; kept the area numbers just so that those matched || DM || originally thought this area was part of SLF14 but after dotting realized it was a separate island; I adjusted screen capture file names but not the text within the screen captures themselves; these still say SLF14; || originally thought this area was part of SLF14 but after dotting realized it was a separate island; I adjusted screen capture file names but not the text within the screen captures themselves; these still say SLF14; || originally thought this area was part of SLF14 but after dotting realized it was a separate island; I adjusted screen capture file names but not the text within the screen captures themselves; these still say SLF14; || originally thought this area was part of SLF14 but after dotting realized it was a separate island; I adjusted screen capture file names but not the text within the screen captures themselves; these still say SLF14; || originally thought this area was part of SLF14 but after dotting realized it was a separate island; I adjusted screen capture file names but not the text within the screen captures themselves; these still say SLF14; || originally thought this area was part of SLF14 but after dotting realized it was a separate island; I adjusted screen capture file names but not the text within the screen captures themselves; these still say SLF14; || originally thought this area was part of SLF14 but after dotting realized it was a separate island; I adjusted screen capture file names but not the text within the screen captures themselves; these still say SLF14; || originally thought this area was part of SLF14 but after dotting realized it was a separate island; I adjusted screen capture file names but not the text within the screen captures themselves; these still say SLF14; || originally thought this area was part of SLF14 but after dotting realized it was a separate island; I adjusted screen capture file names but not the text within the screen captures themselves; these still say SLF14; || originally thought this area was part of SLF14 but after dotting realized it was a separate island; I adjusted screen capture file names but not the text within the screen captures themselves; these still say SLF14; || originally thought this area was part of SLF14 but after dotting realized it was a separate island; I adjusted screen capture file names but not the text within the screen captures themselves; these still say SLF14; || originally thought this area was part of SLF14 but after dotting realized it was a separate island; I adjusted screen capture file names but not the text within the screen captures themselves; these still say SLF14; || originally thought this area was part of SLF14 but after dotting realized it was a separate island; I adjusted screen capture file names but not the text within the screen captures themselves; these still say SLF14; || originally thought this area was part of SLF14 but after dotting realized it was a separate island; I adjusted screen capture file names but not the text within the screen captures themselves; these still say SLF14; || originally thought this area was part of SLF14 but after dotting realized it was a separate island; I adjusted screen capture file names but not the text within the screen captures themselves; these still say SLF14; || Originally dotted as BN15 but reassigned to BN38 after consult with Phil and Wendy. BN15 was already underwater. || Originally dotted as BN15 but reassigned to BN38 after consult with Phil and Wendy. BN15 was already underwater. || Originally dotted as BN15 but reassigned to BN38 after consult with Phil and Wendy. BN15 was already underwater. || Originally dotted as BN15 but reassigned to BN38 after consult with Phil and Wendy. BN15 was already underwater. || Originally dotted as BN15 but reassigned to BN38 after consult with Phil and Wendy. BN15 was already underwater. || Originally dotted as BN15 but reassigned to BN38 after consult with Phil and Wendy. BN15 was already underwater. || Originally dotted as BN15 but reassigned to BN38 after consult with Phil and Wendy. BN15 was already underwater. || Originally dotted as BN15 but reassigned to BN38 after consult with Phil and Wendy. BN15 was already underwater. || Originally dotted as BN15 but reassigned to BN38 after consult with Phil and Wendy. BN15 was already underwater. || Originally dotted as BN15 but reassigned to BN38 after consult with Phil and Wendy. BN15 was already underwater. || Originally dotted as BN15 but reassigned to BN38 after consult with Phil and Wendy. BN15 was already underwater. || Originally dotted as BN15 but reassigned to BN38 after consult with Phil and Wendy. BN15 was already underwater. || Originally dotted as BN15 but reassigned to BN38 after consult with Phil and Wendy. BN15 was already underwater. || Originally dotted as BN15 but reassigned to BN38 after consult with Phil and Wendy. BN15 was already underwater. || Originally dotted as BN15 but reassigned to BN38 after consult with Phil and Wendy. BN15 was already underwater. || Originally dotted as BN15 but reassigned to BN38 after consult with Phil and Wendy. BN15 was already underwater. || Originally dotted as BN15 but reassigned to BN38 after consult with Phil and Wendy. BN15 was already underwater. || Originally dotted as BN15 but reassigned to BN38 after consult with Phil and Wendy. BN15 was already underwater. || Originally dotted as BN15 but reassigned to BN38 after consult with Phil and Wendy. BN15 was already underwater. || Originally dotted as BN15 but reassigned to BN38 after consult with Phil and Wendy. BN15 was already underwater. || Originally dotted as BN15 but reassigned to BN38 after consult with Phil and Wendy. BN15 was already underwater. || Originally dotted as BN15 but reassigned to BN38 after consult with Phil and Wendy. BN15 was already underwater. || Originally dotted as BN15 but reassigned to BN38 after consult with Phil and Wendy. BN15 was already underwater. || Originally dotted as BN15 but reassigned to BN38 after consult with Phil and Wendy. BN15 was already underwater. || Originally dotted as BN15 but reassigned to BN38 after consult with Phil and Wendy. BN15 was already underwater. || Originally dotted as BN15 but reassigned to BN38 after consult with Phil and Wendy. BN15 was already underwater. || Originally dotted as BN15 but reassigned to BN38 after consult with Phil and Wendy. BN15 was already underwater. || Originally dotted as BN15 but reassigned to BN38 after consult with Phil and Wendy. BN15 was already underwater. || Originally dotted as BN15 but reassigned to BN38 after consult with Phil and Wendy. BN15 was already underwater. || Originally dotted as BN15 but reassigned to BN38 after consult with Phil and Wendy. BN15 was already underwater. || Originally dotted as BN15 but reassigned to BN38 after consult with Phil and Wendy. BN15 was already underwater. || Originally dotted as BN15 but reassigned to BN38 after consult with Phil and Wendy. BN15 was already underwater. || Originally dotted as BN15 but reassigned to BN38 after consult with Phil and Wendy. BN15 was already underwater. || Originally dotted as BN15 but reassigned to BN38 after consult with Phil and Wendy. BN15 was already underwater. || Originally dotted as BN15 but reassigned to BN38 after consult with Phil and Wendy. BN15 was already underwater. || Originally dotted as BN15 but reassigned to BN38 after consult with Phil and Wendy. BN15 was already underwater. || Originally dotted as BN15 but reassigned to BN38 after consult with Phil and Wendy. BN15 was already underwater. || Originally dotted as BN15 but reassigned to BN38 after consult with Phil and Wendy. BN15 was already underwater. || Originally dotted as BN15 but reassigned to BN38 after consult with Phil and Wendy. BN15 was already underwater. || Originally dotted as BN15 but reassigned to BN38 after consult with Phil and Wendy. BN15 was already underwater. || Originally dotted as BN15 but reassigned to BN38 after consult with Phil and Wendy. BN15 was already underwater. || Originally dotted as BN15. BN15 submerged. BN38 expanded during remapping. || Originally dotted as BN15. BN15 submerged. BN38 expanded during remapping. || Originally dotted as BN15. BN15 submerged. BN38 expanded during remapping. || Originally dotted as BN15. BN15 submerged. BN38 expanded during remapping. || Originally dotted as BN15. BN15 submerged. BN38 expanded during remapping. || Originally dotted as BN15. BN15 submerged. BN38 expanded during remapping. || Originally dotted as BN15. BN15 submerged. BN38 expanded during remapping. || Originally dotted as BN15. BN15 submerged. BN38 expanded during remapping. || Originally dotted as BN15. BN15 submerged. BN38 expanded during remapping. Screen capture wasn't saved so area had to be re-dotted. || Originally dotted as BN15. BN15 submerged. BN38 expanded during remapping. || Originally dotted as BN15. BN15 submerged. BN38 expanded during remapping. || Originally dotted as BN15. BN15 submerged. BN38 expanded during remapping. || Originally dotted as BN15. BN15 submerged. BN38 expanded during remapping. Incl 4 LAGU sites and 3 BRPE - WBN from CAM2 photo 969.",161,30.00238,-89.21497
Chandeleur South D,71,"[2011, 2012, 2015, 2018, 2021]",[],[],"['sand bar', 'barrier island']","['TERN/LAGU', 'BLSK', 'GBTE', 'ROYT, SATE', 'CATE', 'ROYT,SATE', 'SATE', 'ROYT', 'LAGU']",{'N': 11},"Complete coverage. Pre-breeding in May. More nest sites in June. No chicks. || incubating || incubating || use only May survey for 2011 || use only June survey for 2011 || use only June survey for 2011 || use only May count || use June count || use June count || large linear colony of ROYT, SATE, CATE, BLSK etc.; photos taken use May survey for this colony || large linear colony of ROYT, SATE, CATE, BLSK etc.; photos taken ROYT/SATE ""chicked out""; use May survey; looked at June photos but did not count || used overview photo to get all the birds in this area(photo Cam2Card4 photo188) || No SATE nesting at this colony in May || few ROYT nesting at this colony in May || No CATE nesting at this colony in May || No SATE nesting at this colony in May || few ROYT nesting at this colony in May || No SATE nesting at this colony in May || few ROYT nesting at this colony in May || No CATE nesting at this colony in May || No SATE nesting at this colony in May || only a few ROYT nesting at this colony in May || No CATE nesting at this colony in May || No SATE nesting at this colony in May || just a few ROYT at this colony in May || still looks like these birds may be pairing up in some spots || birds setting up; still lots standing around || birds setting up but some sitting || birds setting up; most standing || ""new"" colony; sand bar formed since 2010; may not have even been available in 2011? || ""new"" colony; sand bar formed since 2010; may not have even been available in 2011? || ""new"" colony; sand bar formed since 2010; may not have even been available in 2011? || ""new"" colony; sand bar formed since 2010; may not have even been available in 2011? || ""new"" colony; sand bar formed since 2010; may not have even been available in 2011? || ""new"" colony; sand bar formed since 2010; may not have even been available in 2011? || ""new"" colony; sand bar formed since 2010; may not have even been available in 2011? || ""new"" colony; sand bar formed since 2010; may not have even been available in 2011? || ""new"" colony; sand bar formed since 2010; may not have even been available in 2011? || ""new"" colony; sand bar formed since 2010; may not have even been available in 2011? || ""new"" colony; sand bar formed since 2010; may not have even been available in 2011? || ""new"" colony; sand bar formed since 2010; may not have even been available in 2011? || ""new"" colony; sand bar formed since 2010; may not have even been available in 2011? || ""new"" colony; sand bar formed since 2010; may not have even been available in 2011? || ""new"" colony; sand bar formed since 2010; may not have even been available in 2011? || ""new"" colony; sand bar formed since 2010; may not have even been available in 2011? || ""new"" colony; sand bar formed since 2010; may not have even been available in 2011? || ""new"" colony; sand bar formed since 2010; may not have even been available in 2011? || ""new"" colony; sand bar formed since 2010; may not have even been available in 2011? || ""new"" colony; sand bar formed since 2010; may not have even been available in 2011? || ""new"" colony; sand bar formed since 2010; may not have even been available in 2011? || ""new"" colony; sand bar formed since 2010; may not have even been available in 2011? || ""new"" colony; sand bar formed since 2010; may not have even been available in 2011? || ""new"" colony; sand bar formed since 2010; may not have even been available in 2011? || ""new"" colony; sand bar formed since 2010; may not have even been available in 2011? || ""new"" colony; sand bar formed since 2010; may not have even been available in 2011? || ""new"" colony; sand bar formed since 2010; may not have even been available in 2011? || ""new"" colony; sand bar formed since 2010; may not have even been available in 2011? || id as ROYT due to size of birds and spacing of sites; || Many pairs together in tight group with at least one member of pair in incubation posture, suggesting that colony still forming. || Incubation posture. || Incubation posture. || Incubation posture. || Incubation posture. || Incubation posture. || Incubation posture. Many pairs standing together on periphery, suggesting colony is still building. || Incubation posture. 2 BLSK Sites, 2 Birds added from cam 1 photo 9783. || Incubation posture. || Incubation posture. || Incubation posture. || Incubation posture. || Incubation posture.",71,,
Biloxi North 36,26,"[2011, 2015, 2018, 2021]",[],[],"['marsh island with shrubs', 'Marsh, shrubs', 'Tidal grass marsh island, isolated shrub patches.']","['LAGU', 'WHIB', 'WADE', 'TRHE', 'GREG', 'SNEG', 'BCNH', 'REEG']",{'N': 18},"Complete coverage. Nest sites both months. No chicks either month. || Complete coverage. Nest sites both months. No chicks either month. || No nest sites, foraging birds only. || No nest sites, foraging birds only. || Complete coverage. No chicks in June. || May only. Few isolated nests in grassy, marsh areas. || May only. TRHE in incubation posture, concentrated in shrub areas on periphery. || May only. Small number of nests in tall shrubs. Incubation posture. || Some nest sites from May still present in June, but May most representative of WHIB colony and has more LAGU sites. || 100% of colony analyzed and counted; no photos taken during June survey. || TRHE observed sitting low on sites, in brooding posture, and with 1/4-1/3 grown chicks. || WHIB observed sitting low on sites, in brooding posture, with eggs, and with 1/3-1/2 grown chicks; older chicks beginning to creche in small groups. || SNEG observed on sites in brooding posture and with 1/3 grown chicks. || GREG observed sitting low on sites; one chick observed approx. 1/3 grown. || BCNH observed sitting low on sites and with 1/2 grown chicks. || REEG observed at well built sites; no chicks observed. || LAGU observed sitting low on sites. || Colony photos visually assessed; All same species present from May 2011 survey and with larger, more mobile chicks straying further from nest sites, and more difficult to count and classify.  No apparent abandonment or carcasses observed. || TRHE on sites, brooding, and with 1/3 grown chicks. || WHIB sitting low on sites, brooding chicks 1/3-1/2 grown; starting to creche in small groups; chicks not assigned to a nest were grouped into broods based on conservative estimate of three chicks per brood. || SNEG sitting low on sites, and with 1/3 grown chicks. || GREG chick approximately 1/3 grown. || BCNH sitting on sites and with 1/2 grown chicks. || TRHE chicks 1/4-1/3 grown. || 3 TRHE sites added to this area from Img 663, camera 2 card 6. || 1 LAGU site added to this area from Img 663, camera 2 card 6.",26,,
Biloxi North 40,9,"[2011, 2013, 2015, 2021]",[],[],"['marsh island with shrubs', 'Grasses, dead grass-formed wrack lines.', 'Grasses']","['WHIB', 'GREG/SNEG/TRHE', 'LAGU', 'FOTE']",{'N': 8},"No nest sites, foraging birds only. || Complete coverage. No chicks in June. || Complete coverage. More nest sites in June. Pre-breeding birds in May. || June images counted for FOTE. One primary breeding colony, but a couple individual sites sprinkled lightly throughout island. || 100% of colony analyzed and counted; no photos taken during June survey. || FOTE observed sitting low on sites; no chicks observed. || Unknown percentage of colony photographed. || FOTE observed sitting on sites. || FOTE sitting on sites.",9,,
Black Skimmer Strip,3,[2021],[],[],['man-made barrier island'],"['WADE', 'ROYT/SATE', 'TERN/BLSK/LAGU']",{'N': 3},Complete coverage. Chicks in June. || Complete coverage. More nest sites in June. Some chicks and parents off nest. || Complete coverage. More nest sites in June. No chicks.,3,,
West Bay Mooring Facility,10,[2021],['TX'],['Galveston'],['grassy marsh island'],"['BLSK/CATE/WHIB', 'FOTE', 'NECO', 'ROYT/SATE', 'BCNH', 'CAEG', 'GBHE/GREG/SNEG/LAGU', 'LAGU/REEG', 'REEG']",{'N': 9},"Complete coverage. A few WHIB sites in June. Some WHIB chicks in May; chicks may have fledged before June photos. || Complete coverage. More nest sites in May. No chicks in June. || Complete coverage. Only roosting birds in May. || Complete coverage. Chicked out by June. || Complete coverage. Only 1 nest site. || Complete coverage. Only 2 nest sites. || Complete coverage. Roosting birds only, no nest sites. || Complete coverage. More nest sites in June. Chicks in June. || Complete coverage. More nest sites in June. No chicks in June. || DM/WM combined",10,29.17285,-95.10677
Pelican Island Spoil A,2,[2021],[],[],['spoil island with shrubs'],[],{'N': 2},Complete coverage. No nest sites in May or June. || Complete coverage. No nest sites in May or June.,2,,
Pelican Island Spoil B,4,[2021],['TX'],['Corpus Christi-Aransas Bay'],['spoil island with shrubs'],"['BRPE/REEG/WHIB', 'GBHE/GREG', 'BCNH/CAEG/ROSP/SNEG/TRHE', 'REEG']",{'N': 3},Complete coverage. No nest sites. Roosting birds only. || Complete coverage. Chicks in May. Some chicks off nest in June. || Complete coverage. No chicks in May. Some empty nests in June. || DM,4,27.81882,-97.14743
Trinity River Mouth,2,[2021],[],[],['shrubby island'],[],{'N': 2},Complete coverage. No nest sites in May or June. || Complete coverage. No nest sites in May or June.,2,,
Mayes Lake North,4,[2021],[],[],['shrubby island'],"['NECO', 'LBHE', 'CAEG/ROSP/SNEG/TRHE', 'TRHE']",{'N': 3},"No nest sites, roosting bird only. || Complete coverage. No chicks in June. || Complete coverage. Some chicks off nest. || Originally dotted as Trinity River Mouth B; ColonyName updated by Colibri/R.G. Ford August 2022",4,,
Nolan Ryan Marsh,4,[2021],[],[],['grassy marsh island'],"['ANHI/GBHE/GLIB', 'GRHE', 'WADE/ROSP', 'WHIB']",{'N': 4},Complete coverage. Fewer than 10 nest sites. GBHE chicks in May. || Complete coverage. No nest sites. Roosting birds only. || Complete coverage. Chicks in May. Large chicks or chicked out by June. || Complete coverage. No chicks in May.,4,,
Birdsfoot West 6 B,4,"[2015, 2021]",[],[],"['mangroves', 'bald cypress swamp']","['MAFR', 'UNCO', 'NECO']",{'N': 3},No nest sites. Roosting birds only. || nestling possible DCCO at nest site with nestlings || incubating and nestlings || possible DCCO due to bright orange spot which I interpret could be the gular,4,,
Birdsfoot West 6 A,6,"[2015, 2021]",[],[],"['mangroves', 'bald cypress swamp']","['ANHI/GREG/NECO', 'MAFR', 'NECO', 'UNCO', 'ANHI', 'GREG']",{'N': 6},Complete coverage. Some chicks in May. Large chicks / chicked out in June. || no evidence of nesting || nestlings || possible DCCO at site || fledged brood || fledged broods,6,,
Point au Fer,3,[2021],[],[],['spoil island'],"['BLSK/GBTE', 'LETE', 'ROYT/SATE/LAGU']",{'N': 3},"Excellent coverage. Nesting, no chicks present. || Excellent coverage. Nesting, no chicks present. || Excellent coverage. Not breeding in June, no chicks present.",3,,
Belle Pass Pond,3,[2021],[],[],['pond with trees'],"['BCNH/GBHE/WHIB', 'ROSP', 'GREG/SNEG/TRHE']",{'N': 3},"No nest sites, foraging birds only. || Excellent coverage. No nest sites, juveniles in June. || Excellent coverage. Both egg and chick nests in June.",3,,
Bird Island East,5,[2021],[],[],['spoil island'],"['WADE', 'LAGU', 'BNST', 'FOTE']",{'N': 5},"Excellent coverage. Nests not abondoned by June. Chicks and broods in June. || No nest sites, foraging birds only. || No nest sites, foraging birds only. || Excellent coverage. Nests not abondoned by June. Chicks and broods in June.",4,,
Mink Island,11,"[2015, 2018, 2021]",[],[],"['Herbaceous, Sandy beach', '90% herbaceous, 7% wrack, 3% sandy']","['BRPE', 'LAGU', 'ROYT', 'BLSK']",{'N': 5},"Roosting individuals on beach, no nesting behaviors observed || Small numer of nests, incubation posture, reproductive success unknown || Roosting only, no nesting behaviors || one colony || scattered individuals ||   ||   ||   || Subcolony for Biloxi North 16, separate small island. || Incl 2 LAGU sites and 1 FOTE from CAM1 photo 1739. || Dotted as BN16(2); records changed to Mink Island by PJC 8/30/22",11,,
Birdsfoot East 4 B,8,[2021],[],[],"['Herbaceous, Shrubs']","['GREG', 'ROSP', 'BCNH']",{'N': 3},"Nesting in shrubs, reproductive success, large chicks visible || Nesting in shrubs, reproductive success, chicks visible || One roosting individual; no nesting behaviors observed ||   ||   ||   ||   ||  ",8,,
Biloxi North 42,3,"[2012, 2015, 2018]",[],[],"['Grassy', 'marsh island', 'small marsh/grassy island']",['FOTE'],{'N': 3},"June only. Small number of FOTE in open, grassy areas and wrack lines. Incubation posture. || Complete coverage; incubation posture; birds present in May, but fewer || complete coverage; no other spp. present",3,,
Cat Bay North Island,49,"[2010, 2011, 2012, 2013, 2015, 2018]",['LA'],['Barataria Bay'],"['Beach', 'beach, marsh, mangrove', 'Shrubs, Grasses, bare ground.', 'Shrubs, grasses, bare ground, shallow open water.']","['ROYT', 'BRPE', 'LAGU', 'TRHE', 'GREG', 'BCNH', 'UNSB']",{'N': 22},"No nests. || No nests. || Complete coverage || ~ 20 brooded chicks in a vegetated area; some of the colony likely flooded since 16 May || about 20 scattered nests w. a bird in incubation posture; ca. 200 young of the year, from some no longer w. chick plumage to some still at nest sites || LAGE all sitting low on sites. || BRPE sitting low or with 5 week old chicks. || TRHE sitting low on sites. || LAGU all sitting low on sites || BRPE observed with 4 week old to full grown chicks. || TRHE all sitting low on sites. || GREG observed with eggs to 7/8 grown chicks. || 99% of colony analyzed and counted. || 100% of colony analyzed and counted.  The interior of the island has noticeably more water present than in 2011; similar shrub cover and general vegetation composition. || photos analyzed; ROYT either did not lay eggs or all failed; BRPE have wide range of stages, from incubating birds to wandering juveniles, with no nesting effort since May evident; LAGU #s seem much reduced compared to May || low-lying areas flooded, likely impacting LAGU and BRPE; fewer birds present overall, compared to May; no new nesting efforts || GREG and BRPE still present, chicks larger; possibly a few new BRPE nests; LAGU seem reduced compared to May, w. no chicks evident || smaller #s incubating compared to May; no chicks evident anywhere; May group failed? and a new nesting group in June? || Coverage of all spp. excellent; shrub vegetation available for BRPE/GREG nesting likely much reduced compared to past years || Large nesting group likely in early incubation; just small #s of SATE || many nests with chicks, many in incubation; a few pairing up || many nests with small to medium chicks || Does not include 1 Empty Nest || Does not include 1 Empty Nest || Added 6 IM WBN that did not show on screen capture || Includes 5 IM WBN; PBN are new nests colony formation || early phase nesting for some pairs || lagu in colony, early phase nesting? || may have been nesting but could not see nests || many lagu in pairs in colony area, no nests seen || bcnh may have been nesting || includes 3 brpe immatures on wbn || includes 7 wbn of BRPE IM || includes 1 IM BRPE WBN || includes 2 IM BRPE WBN || dotted 1 dead brpe, did not count here || could add about 12 more brpe roost from overview || Phil, please confirm species Id for libh this colony; [changed to TRHE 16jan11 - PC] || BRPE YY observed to be 5 weeks old; other birds on nests sitting low. || BRPE Chicks observed to be approximately 7 weeks old. || BRPE Chicks observed to be approximately 4-8 weeks old. || GREG Chicks observed to be approximately 1/3 grown. || One full grown chick observed. || 14 LAGU Birds added to this area from Img 609, camera 1 card 2. || GREG observed to have eggs, small YY, and 1/3 to 7/8 grown YY. || 2 LAGU Sites + 4 Birds added to this area from Img 616, camera 1 card 2. || 3 BRPE Chicks + 2 WBN + 2 Birds added to this area from Img 616, camera 1 card 2. || Dotted as BRNO; changed to UNSB [PJC 27 Oct 22] || Dotted as BRNO; changed to UNSB [PJC 27 Oct 22]",49,29.3656,-89.8646
Whiskey Island,2,[2018],[],[],['Beach'],"['BLSK', 'GBTE']",{'N': 2},"May dotted. Even distribution of BLSK nests in incubation stage, mixed with fewer GBTE nests. [Far fewer birds present in June (PJC)] || May dotted. Even distribution of GBTE nests in incubation stage, mixed with higher density of BLSK.",2,,
Trinity Island,1,[2018],[],[],[],[],{'N': 1},No nests.,1,,
East Island,8,[2018],[],[],['Beach'],"['BLSK', 'BRPE', 'ROYT', 'SATE', 'LAGU', 'GBTE']",{'N': 7},"Majority of BLSK nests in incubation stage. Nesting in open, sandy substrate; even distribution. || Roosting only. || Few nests on the beach; primarily roosting. || Roosting only. || Roosting only. || Roosting only. || No Birds [PC 22Feb22 || edited PJC 2/22/22; 2 ROYT sites were dotted; I changed them to Birds here",8,,
Biloxi South 16,4,"[2011, 2013, 2015, 2018]",[],[],"['Grassy', 'marsh island', 'Tidal grass marsh.']",['FOTE'],{'N': 4},"No nests. Small, narrow grassy island with wrack line. || No birds at all; flooding evident in 17 May photos || Most birds at this colony in incubating position; no chicks seen; only ""sites"" dotted. || 100% of colony photographed and analyzed; no birds present; see Img 1084, camera 2 card 2; no screen capture made.",4,,
Birdsfoot East 4,10,"[2015, 2018]",[],[],"['Marsh, large shrubs', 'phragmites']","['GREG', 'SNEG', 'WHIB', 'TRHE']",{'N': 6},"No photos taken in June. || Birds on nest with eggs or chicks in nest. || Sites mixed with GREG nests, some young chicks in nests. || 9 sites, mixed with TRHE sites; no chicks seen. || 1 nest with chicks seen. Adults in incubating posture on the rest or standing in shrubs. || Robust WHIB colony with numerous established sites and some hatchlings; surveyed but no photos 16 May || One SNEG changedto a WHIB site [PJC] || dotted as SNEG; changed to GREG [PJC] || Incl 6 SNEG sites, 3 TRHE sites, and 2 GREG sites from CAM1 photo 3702. || Incl 4 TRHe sites, 1 GREG site, 2 WHIB sites, and 5 WHIB birds from CAM1 photo 3712.",10,,
Birdsfoot West 5,14,"[2015, 2018]",[],[],"['Trees, shrubs, grasses, marsh']","['GREG', 'ANHI', 'GBHE']",{'N': 5},"No photos taken in May. || Sites mostly are nests with large chicks or empty nests. || No nesting birds seen, only adults roosting in trees near GREG birds and nests. || 100% coverage, many nests with chicks and or eggs in them already in May and were successful breeding events (chicks in June present) || 100% coverage, one site and another female ANHI perched on treetop; no others, not there in June so hard to determine breeding success. || female perched on treetop amidst GREG sites || ANHI site on lower position on tree than GREG sites || Freshwater turtle in photo as well || Incl 2 GREG sites and 7 ANHI birds from CAM1 photo 10469. || Incl 2 GREG birds and 1 ANHI bird from CAM1 photo 10472. || Incl 1 GREG site and 3 ANHI birds from CAM1 photo 10506. || Incl 2 GREG birds and 3 ANHI birds from CAM1 photo 10508. || Incl 2 GREG sites and 3 ANHI birds from CAM1 photo 10517. || Glitch on screen capture - 10 ANHI birds is covered.",14,,
Little Mud Grass Island,55,"[2013, 2015, 2018]",[],[],"['Marsh, grasses, shrubs', 'Herbaceous, shrubs', 'marsh']","['LAGU', 'BCNH', 'AWPE', 'GREG', 'SNEG', 'WHIB', 'TRHE', 'ROSP', 'YCNH', 'FOTE', 'All']",{'N': 15},"~60% of island photographed, 40% of that area had nesting birds. || Birds sitting low on nests, no chicks seen. || Birds on nests in incubation position in May. Chicks seen with adults in June near nests. || 18 wading near egret nests; no chicks seen. || Nests with 1-3 chicks almost adult size, a few still sitting on nests without visible chicks. Chicks dispersed from nests in June. || Birds in incubation position on nests; no chicks seen in May. In June, chicks were mixed with GREG chicks dispersed from nests. || May only: incubating in herbaceous sites, no reproductive success confirmed. || May only: incubating in shrub sites, no reproductive success confirmed. || May and June: incubating in shrub sites, no reproductive success confirmed. || May and June: incubating in shrub and herbaceous sites, no reproductive success confirmed. || May: incubating in herbaceous sites, no chicks visible.  June: incubating in shrub sites, chicks visible, reproductive success.  || June only: incubating in shrub sites, reproductive success unconfirmed.  || June only: no nesting observed.  || June only: incubating on wrack line, no reproductive success confirmed. || small scattered colony of SNEG and TRHE; some WHIB but not nesting; incomplete coverage of entire island and difficult to tell if complete coverage of breeding birds because they are so scattered and veg. is high and birds are partially hidden in photos || hanging out at water's edge - feeding? ||   ||   ||   ||   ||   ||   ||   ||   ||   ||   ||   ||   ||   ||   ||   ||   ||   ||   ||   ||   ||   ||   ||   ||   ||   ||   ||   ||   ||   ||   ||   ||   ||   ||   ||   ||   ||   ||   ||  ",55,,
Shell Island East A,5,"[2011, 2012, 2018]",[],[],['Water'],[],{'N': 5},"Part of BB1 and BB2, not in CSV, assumed no nests as well. ""WATER"" in CSV notes. || all tern sp. and BLSK appeared near peak incubation; colony not present in May || colony had not formed yet || trackline looked good for inspection; no photos || trackline looked poor for inspection; no photos",5,,
Shell Island East B,6,"[2011, 2012, 2018]",[],[],['Water'],['BLSK'],{'N': 5},"Part of BB1 and BB2, not in CSV, assumed no nests as well. ""WATER"" in CSV notes. || distribution similar to June || distibution similar to May; many birds w. wings slightly down; no sign of chicks; || trackline looked good for inspection; no photos || trackline looked poor for inspection; no photos || 1 scrape w. apparently 3 eggs, unattended (= Abandoned Nest); see middle left of image",6,,
Shell Island East C,1,[2018],[],[],['Water'],[],{'N': 1},"Part of BB1 and BB2, not in CSV, assumed no nests as well. ""WATER"" in CSV notes.",1,,
Bird Island West,2,[2018],[],[],"['shrubs, grassy']","['WHIB', 'others']",{'N': 2},"Coverage very good (>8,000 nests), but likely still incomplete; difficult to piece together; possibly some early nesting too not accounted for; survey timing in general appeared good though w. most nests in incubation stage || Very small #s of TRHE, ROSP, GREG, and possibly SNEG (no SNEG nests identified); possibly earlier phenology for those spp, and nest #s may be low; difficult colony to photograph also; but counts representative",2,,
Gosier Islands North,18,"[2015, 2018]",[],[],"['barrier beach island', 'Lots of beach, grasses, some shrubs']","['ROYT', 'SATE', 'BRPE', 'LAGU', 'FOTE', 'BLSK', 'GBTE']",{'N': 11},"BLSK/GBTE setting up; few ROYT/SATE in non-breeding habitat || excellent ROYT/SATE/CATE coverage; a little harder to tell if BLSK/GBTE coverage was 100% || Birds on shoreline and nesting in large colony mixed with SATE. Colony not fully present in June, suggests early nesting. 11 visible chicks in June. || Birds standing near shoreline, one large colony dotted in May that was not fully present in June, suggests early nesting. 23 visible chicks in June. || Adults seen sitting low on well-built nests, some chicks present in May. One site not photographed in May dotted in June. || LAGU dotted in May were in areas not photographed in June. Most in incubation position on nest, standing in vegetation, or on shoreline. || 3 sites photographed in May that weren't covered in June. 38 sites on north part of island in June. || Birds standing on shoreline in May. Nesting on northeast and southwest beaches of island in June; no chicks seen. || 5 sites near BLSK sites on northeast beach. || Area 3 in May and Area 15 in June show where ROYT and SATE were nesting early and had empty nest sites in June as seen from indentations in the sand. || ~10 abandoned ROYT or SATE sites on island. || Only LAGU on shore dotted, LAGU in vegetation dotted in June. || Incl 1 LAGU site and 1 LAGU bird from CAM1 photo 10032. || Incl 5 LAGU sites from CAM2 photo 11239. || Incl 2 ROYT sites, 1 ROYT bird, and 5 LAGU sites from CAM1 photo 10051. || Incl 18 LAGU sites from CAM2 photo 11250. || Incl 1 LAGU site and 2 LAGU birds from CAM2 photo 11167. || Incl 14 BLSK sites and 1 GBTE site from CAM2 photo 11259.",18,,
Terrebonne Bay 1,11,"[2013, 2015]",['LA'],['Terrebonne Bay'],"['marsh, shrubs, beach', 'beach/marsh']","['LAGU', 'ROYT', 'BRPE', 'SATE', 'CATE', 'TRHE']",{'N': 9},"Complete count; incubating, and many mates present; some chicks conspicuous in June; much of island veg seemingly killed off by June (from BRPE nesting?) || Just a small group; some chicks evident in June; no evidence of colony growth from May to June and little habitat available || Complete count; incubating, along with some territorial birds; very few birds and no nests in May || colony is ""chicked out""; photos good enough to count adult/chick combinations along shoreline and interior of the island; probably under estimate of breeding due to failed sites but still a decent count || colony is ""chicked out""; photos good enough to count adult/chick combinations along shoreline and interior of the island; probably under estimate of breeding due to failed sites but still a decent count || colony is ""chicked out""; photos good enough to count adult/chick combinations along shoreline and interior of the island; probably under estimate of breeding due to failed sites but still a decent count || nest sites throughout colony; appears that some are in small chick stage and others appear to be brooding or on eggs; good count || several hundred nests; either incubating or with small chicks being brooded; no wandering chicks; a few empty nest sites || only 2 or so sites identified throughout colony; good count and no other TRHE seen even on the edges of the colony || Does not include 28 Empty Nests || About 8 ROYT chicks evident",11,29.21025,-90.57022
Barataria Bay 13,4,"[2011, 2013, 2015]",[],[],"['marsh shrubs', 'dense, low shrubs, w. some open patches']","['GREG', 'FOTE']",{'N': 4},"Some large chicks off nests; colony empty on 20 June, presumably fledged and dispersed || coverage 100%; small island w. dense carpet of shrubs utilized byTRHE, and open patches utilized by FOTE || FOTE #s way down compared to May; TRHE very similar to May; looks like one more SNEG and < 10 LAGU sites formed since May || FOTE nesting on edge and open patches of the island; no chicks seen; only ""sites"" dotted.",4,,
Flag Island North,2,[2015],[],[],['Sandspit'],['LETE'],{'N': 1},Just 1 photo available; likely incomplete coverage; Cam 2 May coverage indicates only roosting birds of other spp. at the south end || just one photo; incomplete coverage; north remnant spit of Flag Island; not connected to St. Vincent Island,2,,
Birdsfoot East 3,19,"[2012, 2013, 2015]",[],[],"['beach, shrubs']","['BLSK', 'GBTE', 'ROYT', 'CARO', 'LETE', 'LAGU', 'SNEG', 'SATE', 'CATE']",{'N': 6},"roostings terns, skimmers, and ducks photographed in May; no photos in June || BLSK colony with GBTE's. Other terns present of various species. Group of CATEs away from coast appear to be paired up and have been labeled as sites. Many ||  of the loafing terns on coastline are ROYT with others mixed in (Camera 2 dotted but Camera 1 inspected for species composition). A loose flock of loafing LETE || found along coastline. || Mostly this species nesting in open sandy area of upper reaches of island with limited vegetation. Expected #'s of non-incubating adults present at nest sites. || Only a few nests among BLSK nest sites. || Loafing on beach || I used camera 1 photos to determine species composition || Loafing birds, there may be some SATE's present here. || Loafing on beach || camera 1 photos used to determine species composition || Detail of terns for ID purposes in Camera 1 photo #501 || Compare with detail in Camera 1 photo #497 || not all roosting birds counted || not all roosting birds counted || not all roosting birds counted || not all roosting birds counted || not all roosting birds counted || not all roosting birds counted",19,,
Birdsfoot West 4,7,"[2013, 2015]",[],[],[],"['GBTE', 'BLSK', 'CATE']",{'N': 4},"100% coverage || 100% coverage, Many breeding pairs but very few obvious established sites. || 66 Sites dotted || Both CAM 1 and CAM 2 used for dotting colony; PhotoShop overview created. || count includes 2 BLSK birds added from image 258 as noted in screen capture. || many breeding pairs but no obvious site or incubation positions || some established sites contrary to other areas dotted",7,,
Birdsfoot West 3,23,"[2011, 2013, 2015]",[],[],['Phragmites.'],"['WHIB', 'BCNH', 'CAEG', 'LBHE', 'SNEG', 'LIBH']",{'N': 16},"Birds on sites in May, incubating or brooding newly hatched YY.  No photos of small peripheral island where WHIB were found in June. || Birds on sites in May, incubating or brooding; no YY seen. || Birds on sites, incubating; no YY seen. || Birds on sites, incubating eggs and or newly hatched YY; only a few photos taken in June but Cam1 showed the colony was still active with large chicks present. || Birds on sites, incubating or brooding small YY; only a few photos taken in June but Cam1 showed the colony was still active with large chicks present. || Few photos taken by Cam2 in June of BW3 proper, showing YY dispersed from colony and large chicks present at sites.  Birds on sites, incubating/brooding, on small peripheral island (one chick nest seen with 1/2 grown YY). || Only a few photos taken of BW3 proper in June, but those taken showed that the colony was still active with YY present.  A new island adjacent to BW3 proper was found to have nesting WHIB (29.212557,-89.388605). || Complete photo coverage of BW3 proper is presumed. Small adjacent island that had an active WHIB colony in June was not photographed. || WHIB along immediate coastline in vegetation. Vegetation (tall) to water, no shoreline. SNEG, LIBH, etc found with scattered WHIB just to the interior nearby || All WHIB incubating, no juvs observed in 5/18/2011 photos. An inspection of 6/17/2011 photos shows the colony in excellent shape, with taller || vegetation on the island. WHIB still on nests with no juvs seen. SNEG are more abundant and off nests, which probably represents juvs and/or broods on the || move around nesting area, mostly visible towards the center of the island (where nests for this species were dotted in May).  A few GREGs sites were dotted || in isolated trees over water. || Predominately this species nesting in what appears to be almost exclusively phragmites habitat. Some LIBH's present || A few nests of this species here. One nest shows two visible chicks. || A few scattered nests, including one nest with a large, brown chick. || Clean-up with CAM 2 || Clean-up with CAM 2 || Clean-up with CAM 2 || Two chicks visible in nest with adult attending. || Chick large, brown, in nest with no adults present in immediate area. || Small island adjacent to BW3 proper, at 29.212557,-89.388605. || Small island adjacent to BW3 proper, at 29.212557,-89.388605.",23,,
Shell Island East,32,[2015],[],[],"['Sand and mudflats, shrubs']","['BLSK', 'GBTE', 'LAGU', 'CATE']",{'N': 5},"May only: individuals pairing up and exhibiting territorial behaviors, primarily roosting, no reproductive success confirmed. || May only: individuals pairing up and exhibiting territorial behaviors, primarily roosting, some incubation postures. || May only: roosting; no nesting behaviors. || May only: one individual in incubation posture among small group of roosting individuals on open, sandy beach. || The few June pics are farther west and indicate roosters only, including many BLSK and some AWPE ||   ||   ||   ||   ||   ||   ||   ||   ||   ||   ||   ||   ||   ||   ||   ||   ||   ||   ||   ||   ||   ||   ||   ||   ||   ||   ||  ",32,,
Chandeleur South E,6,"[2015, 2018]",[],[],[],"['BLSK', 'CATE', 'LAGU', 'ROYT', 'SATE']",{'N': 5},incubating || incubating || no evidence of egg laying || incubating || incubating || Incubation posture.,6,,
Chandeleur South F,2,[2015],[],[],[],"['BLSK', 'GBTE']",{'N': 2},incubating || incubating,2,,
Barataria Bay 7,5,"[2011, 2013]",[],[],"['small marsh island', 'marsh']","['FOTE', 'LAGU']",{'N': 3},100% coverage || 100% coverage || only 1 site; previously this colony had around 75 sites (see 2011 database); however erosion of the island has eliminated nesting habitat; colony also had about 85 FOTE nests as well in previous years || new colony in 2011 || new colony in 2011,5,,
East Bay Spoil Island,5,[2018],[],[],"['Beach, shrubs']","['LAGU', 'BLSK', 'FOTE', 'SATE']",{'N': 4},"June only. Low-density scattering of nests in incubation stage, located in densely-vegetated areas and edge habitat near beach. || June only. Large group of nests in incubation stage on open beach. || June only. Large, high-density group of nests in incubation stage in sandy areas adjacent to shrubby vegetation. || June only. Roosting individuals only. || Dotted as CATE; changed to FOTE here 2/22/22 PJC",5,,
Dauphin Island 4,2,[2011],[],[],['barrier island'],['BLSK'],{'N': 2},"coverage 100%; birds in incubation posture; roosters along shoreline not counted || many more birds present compared to May, but not in incubation postures; June counted for best breeding population estimate",2,,
Dauphin Island 5,2,[2011],[],[],['barrier island'],['BLSK'],{'N': 2},coverage ~100% || colony distribution similar to June; June counted,2,,
Barataria Bay 3,1,[2013],[],[],[],[],{'N': 1},roosting birds only; no breeding habitat remains,1,,
Terrebonne Bay 8,2,[2013],[],[],['sand; little vegetation left'],[],{'N': 2},"mostly a SATE colony, w smaller numbers of ROYT || CATE incubating; small group of ROSA along shoreline with < 50 chicks; photo coverage of shoreline complete; ROSA productivity likely very poor",2,,
Ship Island West,3,"[2013, 2015]",[],[],['this is the western part of Ship Island'],"['OSPR', 'BLSK']",{'N': 1},"GBTE sitting tight; some BLSK sitting, but they're mostly setting up; not inspected in June || in tower at 30.21257, -88.96631 || colony location is 30.21127, -88.98289",3,,
Naval Air Station Islands F,7,[2021],['TX'],['Upper Laguna Madre'],['veg island with water bodies'],"['BCNH', 'LAGU', 'TRHE', 'REEG DM', 'REEG WM', 'GBHE', 'REEG']",{'N': 6},"One site || Colony in incubation stage, chicks present. Complete coverage. || Colony in incubation stage, chicks present. Complete coverage. || One site || One site || Foraging || DM/WM combined",7,27.67074,-97.248477
Naval Air Station Islands G,4,[2021],['TX'],['Upper Laguna Madre'],['Island with trees'],"['REEG WM', 'TRHE', 'LBHE', 'REEG']",{'N': 3},Full coverage; chick nests || Full coverage; incubating and chicks present || Full coverage; incubating || WM,4,27.668877,-97.251941
Naval Air Station Islands I,2,[2021],[],[],['Island with jetty perimeter'],"['LAGU', 'GBHE']",{'N': 2},Complete coverage; incubating and chicks present || Complete coverage; foraging,2,,
Naval Air Station Islands O,7,[2021],['TX'],['Upper Laguna Madre'],['Island with some trees'],"['REEG WM', 'TRHE', 'SNEG', 'BRPE', 'RUTU', 'LAGU', 'REEG']",{'N': 6},Complete coverage; incubating with chicks present || Complete coverage; incubating with chicks present || Complete coverage; incubating with chicks present || Complete coverage; roosting || Complete coverage; foraging || Complete coverage; mostly incubating with few chicks present || WM,7,27.663374,-97.254623
Naval Air Station Islands P,5,[2021],['TX'],['Upper Laguna Madre'],['Island with jetty perimeter'],"['REEG WM', 'TRHE', 'LAGU', 'GBHE', 'REEG']",{'N': 4},Complete coverage; foraging || Complete coverage; foraging || Complete coverage; incubating || Complete coverage; foraging || WM,5,27.670627,-97.25837
Rabit Island Laguna Madre,22,[2021],[],[],['Island with jetty perimeter'],"['ROSP', 'GREG', 'GBHE', 'BRPE', 'BLSK', 'CATE', 'REEG', 'LAGU', 'GBTE', 'REEG/GBHE', 'ROYT']",{'N': 11},"Complete coverage; incubating || Complete coverage; incubating; no sites or chicks observed in June; breeding failure possibly due to flooding. || Complete coverage; many sites in May have chicks in June. || Complete coverage; roosting || Complete coverage; incubating; no birds or chicks seen in June; breeding failure possibly due to flooding. || Complete coverage; adults with chicks || Complete coverage; incubating with 2 white morph nests with chicks || Complete coverage; incubating with only 1 bird with chick; some sites but no chicks observed in June. Breeding failure possibly due to flooding. || Complete coverage; incubating; no birds or chicks observed in June. Breeding failure possibly due to flooding. || New REEG dark morph and GBHE nest sites not present in May; incubating; 1 dark morph REEG site || Complete coverage; incubating; Less than 20 chicks in June. Breeding failure possibly due to flooding. || White morph || 1 white morph with chicks, 3 white morph sites, 5 dark morph sites, 5 dark morph birds || 1 white morph with chicks, 3 dark morph sites || 1 dark morph || 1 white morph and 1 dark morph || 1 dark morph and 2 white morph || 1 dark morph site, 1 white morph site, 1 dark morph bird || white morph || dark morph || dark morph || dark morph",22,,
Chandeleur North J,2,[2012],[],[],['barrier island'],[],{'N': 2},"small colony of BLSK and GBTE || flew past, no photos taken; assume no bird observed",2,,
Birdsfoot East 4 A,1,[2013],[],[],[],['WHIB'],{'N': 1},"Primarily WHIB in this colony, with some GREGs. WHIB incubating, GREGs with nestlings.",1,,
Laguna Vista Spoils A,7,[2021],[],[],[],['REEG'],{},"white morph || 1 white morph site, 2 dark morph birds || white morphs || 2 white morph sites, 2 dark morph sites || 9 white morph sites, 4 white morph birds, 1 dark morph bird || 1 white morph site, 1 white morph bird, 1 dark morph site, 2 dark morph birds || 5 white morph sites, 4 white morph birds, 3 dark morph sites, 3 dark morph birds",7,,
Green Hill Spoils A,6,[2021],[],[],[],['REEG'],{},"1 dark morph site, 6 dark morph birds, 3 white morph sites, 2 white morph birds || 1 dark morph sites, 1 dark morph bird, 1 white morph bird || 6 dark morph sites, 2 dark morph birds, 5 white morph sites, 2 white morph chick nests, 3 white morph birds || 5 dark morph sites, 2 dark morph birds, 12 white morph sites, 2 whites morph chick nests, 2 white morph birds || 2 dark morph sites, 3 dark morph birds, 4 white morph sites, 1 white morph chick nest, 1 white morph bird || white morphs",6,,
Green Hill Spoils B,4,[2021],[],[],[],['REEG'],{},"3 white morph sites, 1 white morph bird, 1 dark morph site, 1 dark morph bird || 5 white morph sites, 1 white morph bird, 1 dark morph site || white morphs || 2 white morph sites, 1 dark morph site, 1 dark morph bird",4,,
