ID,Year,Date,State,GeoRegion,ColonyName,Latitude,Longitude,SpeciesCode,Nests,Birds,Notes,BestForBPE?,CombinedMayJuneTotal?
2290,2012,"05/29/12 00:00:00","MS","Mississippi Sound Gulf Islands","Ship Island East",30.21912,-88.92156,"BLSK",107,219,,"Y","N"
2408,2012,"05/29/12 00:00:00","MS","Mississippi Sound Gulf Islands","Ship Island East",30.21912,-88.92156,"GBTE",18,20,,"Y","N"
4542,2021,"05/18/21 00:00:00","TX","Galveston","North Deer Island",29.28519,-94.92462,"LAGU",27074,33200,,"Y","Y"
2692,2013,"05/23/13 00:00:00","LA","Breton-Chandeleur Islands","Breton Island",29.4955,-89.1742,"SATE",21550,22702,,"Y","N"
4065,2018,"05/21/18 00:00:00","LA","Terrebonne Bay","Raccoon Island",29.0505,-90.92659999999999,"SATE",17655,18780,,"Y","N"
1501,2011,"06/15/11 00:00:00","LA","Breton-Chandeleur Islands","Chandeleur North F",29.881806,-88.828345,"SATE",17426,19611,,"Y","Y"
4066,2018,"05/21/18 00:00:00","LA","Terrebonne Bay","Raccoon Island",29.0505,-90.92659999999999,"LAGU",17306,24239,,"Y","N"
4543,2021,"06/17/21 00:00:00","LA","Birdsfoot East","Gunn Island",29.4136,-89.2957,"ROYT",16646,17392,,"Y","N"
1502,2011,"05/17/11 00:00:00","LA","Terrebonne Bay","Raccoon Island",29.0505,-90.92659999999999,"SATE",16579,17756,,"Y","Y"
4067,2018,"05/21/18 00:00:00","LA","Terrebonne Bay","Raccoon Island",29.0505,-90.92659999999999,"ROYT",16177,18008,,"Y","N"
4544,2021,"06/17/21 00:00:00","LA","Birdsfoot East","Gunn Island",29.4136,-89.2957,"SATE",16050,16415,,"Y","N"
1503,2011,"05/17/11 00:00:00","LA","Terrebonne Bay","Raccoon Island",29.0505,-90.92659999999999,"LAGU",15430,27124,,"Y","N"
3340,2015,"06/21/15 00:00:00","LA","Breton-Chandeleur Islands","Chandeleur South C",29.780414,-88.87419199999999,"SATE",14951,16565,,"Y","Y"
2693,2013,"05/23/13 00:00:00","LA","Breton-Chandeleur Islands","Breton Island",29.4955,-89.1742,"ROYT",14729,15245,,"Y","N"
3341,2015,"05/17/15 00:00:00","LA","Breton-Chandeleur Islands","Breton Island",29.4955,-89.1742,"SATE",14089,14806,,"Y","Y"
4545,2021,"05/22/21 00:00:00","LA","Terrebonne Bay","Raccoon Island",29.0505,-90.92659999999999,"ROYT",13643,13917,,"Y","Y"
3342,2015,"05/17/15 00:00:00","LA","Breton-Chandeleur Islands","Breton Island",29.4955,-89.1742,"ROYT",12993,13308,,"Y","Y"
1504,2011,"05/17/11 00:00:00","LA","Terrebonne Bay","Raccoon Island",29.0505,-90.92659999999999,"ROYT",12849,14896,,"Y","Y"
4546,2021,"05/22/21 00:00:00","LA","Terrebonne Bay","Raccoon Island",29.0505,-90.92659999999999,"LAGU",12574,15533,,"Y","N"
1505,2011,"05/20/11 00:00:00","AL","Mobile Bay Interior","Gaillard Island",30.5063,-88.03619999999999,"WHIB",12511,13383,,"Y","N"
27,2010,"06/14/10 00:00:00","LA","Breton-Chandeleur Islands","Breton Island",29.4955,-89.1742,"SATE",12371,12848,,"Y","N"
1506,2011,"05/17/11 00:00:00","LA","Barataria Bay","Queen Bess Island",29.3043,-89.9592,"LAGU",12060,18537,,"Y","N"
4068,2018,"05/20/18 00:00:00","LA","Breton-Chandeleur Islands","Chandeleur South C",29.780414,-88.87419199999999,"SATE",11921,12923,,"Y","N"
2135,2012,"05/27/12 00:00:00","LA","Terrebonne Bay","Felicity Island",29.2558,-90.44,"LAGU",11757,17409,,"Y","N"
28,2010,"05/17/10 00:00:00","LA","Terrebonne Bay","Raccoon Island",29.0505,-90.92659999999999,"SATE",11485,11809,,"Y","N"
29,2010,"05/17/10 00:00:00","LA","Terrebonne Bay","Raccoon Island",29.0505,-90.92659999999999,"ROYT",11434,11603,,"Y","N"
2136,2012,"05/29/12 00:00:00","LA","Breton-Chandeleur Islands","Breton Island",29.4955,-89.1742,"ROYT",10966,11195,,"Y","N"
4069,2018,"05/20/18 00:00:00","LA","Breton-Chandeleur Islands","Breton Island",29.4955,-89.1742,"ROYT",10903,10963,,"Y","N"
4547,2021,"06/16/21 00:00:00","LA","Breton-Chandeleur Islands","Curlew Island",29.66636,-88.96111999999999,"SATE",10805,11551,,"Y","N"
1507,2011,"05/17/11 00:00:00","LA","Terrebonne Bay","Felicity Island",29.2558,-90.44,"LAGU",10626,19513,,"Y","N"
30,2010,"06/08/10 00:00:00","FL","Florida Keys","Bush and Long Keys",24.6281,-82.86369999999999,"SOTE",10613,14123,,"Y","N"
31,2010,"05/17/10 00:00:00","LA","Terrebonne Bay","Raccoon Island",29.0505,-90.92659999999999,"LAGU",10576,13362,,"Y","N"
3343,2015,"05/18/15 00:00:00","AL","Mobile Bay Interior","Gaillard Island",30.5063,-88.03619999999999,"BRPE",10473,11485,,"Y","Y"
1508,2011,"05/20/11 00:00:00","AL","Mobile Bay Interior","Gaillard Island",30.5063,-88.03619999999999,"BRPE",9881,8689,"Does not include 60 Empty Nests","Y","Y"
4548,2021,"05/20/21 00:00:00","LA","Atchafalaya Bay","Bird Island East",29.353105,-91.382509,"WHIB",9843,10883,,"Y","Y"
3344,2015,"05/16/15 00:00:00","LA","Terrebonne Bay","Raccoon Island",29.0505,-90.92659999999999,"SATE",9760,10411,,"Y","N"
2694,2013,"05/23/13 00:00:00","LA","Terrebonne Bay","Felicity Island",29.2558,-90.44,"LAGU",9684,17475,,"Y","N"
4070,2018,"06/24/18 00:00:00","LA","Breton-Chandeleur Islands","Gosier Islands North",29.5517,-89.06444,"SATE",9684,9990,,"Y","Y"
4071,2018,"05/21/18 00:00:00","LA","Sabine-Calcasieu","Rabbit Island",29.8494,-93.383,"LAGU",9647,13586,,"Y","N"
4549,2021,"05/22/21 00:00:00","LA","Terrebonne Bay","Raccoon Island",29.0505,-90.92659999999999,"SATE",9543,9747,,"Y","Y"
1509,2011,"05/18/11 00:00:00","LA","Breton-Chandeleur Islands","Breton Island",29.4955,-89.1742,"ROYT",9370,10486,,"Y","N"
4550,2021,"05/18/21 00:00:00","TX","Galveston","Evia Island",29.4282,-94.7638,"LAGU",9317,11129,,"Y","N"
1510,2011,"06/15/11 00:00:00","LA","Breton-Chandeleur Islands","Chandeleur South D",29.770378,-88.882942,"SATE",9273,9528,,"Y","N"
2137,2012,"05/27/12 00:00:00","LA","Terrebonne Bay","Raccoon Island",29.0505,-90.92659999999999,"SATE",9095,9822,,"Y","N"
32,2010,"06/14/10 00:00:00","LA","Breton-Chandeleur Islands","Breton Island",29.4955,-89.1742,"ROSA",8937,7858,"Includes 4137 Empty Nests (1742 dotted as ROSA, 2395 as UNTE); also includes estimate of 4000 Sites from an Overview","Y","N"
4072,2018,"05/21/18 00:00:00","LA","Terrebonne Bay","Felicity Island",29.2558,-90.44,"LAGU",8877,14345,,"Y","N"
4074,2018,"05/21/18 00:00:00","LA","Terrebonne Bay","Raccoon Island",29.0505,-90.92659999999999,"BRPE",8621,12150,,"Y","N"
4073,2018,"06/24/18 00:00:00","LA","Birdsfoot East","Gunn Island",29.4136,-89.2957,"SATE",8621,9053,,"Y","N"
4075,2018,"06/25/18 00:00:00","LA","Atchafalaya Bay","Bird Island West",29.368626,-91.40304999999999,"WHIB",8397,10065,,"Y","N"
2138,2012,"05/30/12 00:00:00","AL","Mobile Bay Interior","Gaillard Island",30.5063,-88.03619999999999,"BRPE",8393,9735,"Does not include 92 Empty Nests","Y","N"
2139,2012,"06/19/12 00:00:00","LA","Breton-Chandeleur Islands","Chandeleur North G",29.865132,-88.832617,"ROSA",8284,0,"All Empty Nests","Y","N"
4076,2018,"05/19/18 00:00:00","LA","Biloxi South","Belle Isle",29.5758,-89.5727,"LAGU",8081,13791,,"Y","N"
2695,2013,"05/25/13 00:00:00","AL","Mobile Bay Interior","Gaillard Island",30.5063,-88.03619999999999,"BRPE",7776,8920,"Does not include 90 Empty Nests","Y","Y"
3345,2015,"05/16/15 00:00:00","LA","Terrebonne Bay","Raccoon Island",29.0505,-90.92659999999999,"LAGU",7656,12840,,"Y","N"
3346,2015,"05/16/15 00:00:00","LA","Terrebonne Bay","Raccoon Island",29.0505,-90.92659999999999,"ROYT",7578,8275,,"Y","N"
2696,2013,"05/23/13 00:00:00","LA","Terrebonne Bay","Raccoon Island",29.0505,-90.92659999999999,"SATE",7563,8686,,"Y","N"
3347,2015,"06/21/15 00:00:00","LA","Breton-Chandeleur Islands","Curlew Island",29.66636,-88.96111999999999,"SATE",7521,8011,,"Y","N"
1511,2011,"05/18/11 00:00:00","LA","Breton-Chandeleur Islands","Breton Island",29.4955,-89.1742,"LAGU",7442,13939,,"Y","N"
2140,2012,"05/27/12 00:00:00","LA","Atchafalaya Bay","Skimmer Island",29.3864,-91.3836,"WHIB",7407,11201,,"Y","N"
2697,2013,"06/18/13 00:00:00","LA","Breton-Chandeleur Islands","Chandeleur South B",29.79898,-88.86415599999999,"SATE",7371,8420,,"Y","N"
4551,2021,"05/22/21 00:00:00","LA","Terrebonne Bay","Raccoon Island",29.0505,-90.92659999999999,"BRPE",7242,9807,,"Y","Y"
3348,2015,"05/16/15 00:00:00","LA","Atchafalaya Bay","Skimmer Island",29.3864,-91.3836,"WHIB",7113,6088,,"Y","N"
4077,2018,"05/20/18 00:00:00","LA","Breton-Chandeleur Islands","Breton Island",29.4955,-89.1742,"SATE",6980,7110,,"Y","N"
4078,2018,"05/20/18 00:00:00","LA","Barataria Bay","Queen Bess Island",29.3043,-89.9592,"BRPE",6830,8682,,"Y","N"
2698,2013,"05/23/13 00:00:00","LA","Barataria Bay","Queen Bess Island",29.3043,-89.9592,"BRPE",6748,9817,"Does not include 46 Empty Nests","Y","N"
4079,2018,"05/20/18 00:00:00","LA","Breton-Chandeleur Islands","Chandeleur South C",29.780414,-88.87419199999999,"ROYT",6715,7053,,"Y","N"
4552,2021,"06/15/21 00:00:00","AL","Mobile Bay Interior","Gaillard Island",30.5063,-88.03619999999999,"BRPE",6614,7404,,"Y","Y"
2699,2013,"05/23/13 00:00:00","LA","Terrebonne Bay","Raccoon Island",29.0505,-90.92659999999999,"ROYT",6572,7529,,"Y","N"
33,2010,"06/14/10 00:00:00","LA","Breton-Chandeleur Islands","Breton Island",29.4955,-89.1742,"ROYT",6545,7021,,"Y","N"
3349,2015,"05/16/15 00:00:00","LA","Terrebonne Bay","Felicity Island",29.2558,-90.44,"LAGU",6503,9398,,"Y","N"
1512,2011,"05/18/11 00:00:00","LA","Breton-Chandeleur Islands","Breton Island",29.4955,-89.1742,"SATE",6500,6949,,"Y","N"
4080,2018,"05/20/18 00:00:00","LA","Breton-Chandeleur Islands","Breton Island",29.4955,-89.1742,"BRPE",6488,7579,,"Y","Y"
2141,2012,"05/27/12 00:00:00","LA","Terrebonne Bay","Raccoon Island",29.0505,-90.92659999999999,"ROYT",6479,7001,,"Y","N"
4081,2018,"06/24/18 00:00:00","LA","Breton-Chandeleur Islands","Gosier Islands North",29.5517,-89.06444,"ROYT",6469,6655,,"Y","Y"
4553,2021,"05/17/21 00:00:00","TX","Corpus Christi-Aransas Bay","Shamrock Island",27.75883,-97.16936,"LAGU",6451,9032,,"Y","N"
1513,2011,"06/17/11 00:00:00","LA","Barataria Bay","Shell Island East A",29.2701,-89.6131,"SATE",6330,6565,,"Y","N"
2700,2013,"06/18/13 00:00:00","LA","Breton-Chandeleur Islands","Chandeleur North F",29.881806,-88.828345,"SATE",6258,6678,,"Y","N"
4554,2021,"06/20/21 00:00:00","TX","Corpus Christi-Aransas Bay","Black Skimmer Strip",28.11619,-96.93405,"ROYT",6023,6601,,"Y","N"
34,2010,"06/13/10 00:00:00","AL","Mobile Bay Interior","Gaillard Island",30.5063,-88.03619999999999,"BRPE",5970,5866,"Does not include 743 Empty Nests","Y","N"
4555,2021,"05/18/21 00:00:00","TX","Galveston","North Deer Island",29.28519,-94.92462,"BRPE",5970,6489,,"Y","Y"
4082,2018,"06/24/18 00:00:00","LA","Breton-Chandeleur Islands","Chandeleur North F",29.881806,-88.828345,"SATE",5861,6056,,"Y","N"
4556,2021,"05/22/21 00:00:00","LA","Terrebonne Bay","Philo Brice Islands",29.18416,-90.34678,"BRPE",5714,6940,,"Y","N"
2142,2012,"06/19/12 00:00:00","LA","Breton-Chandeleur Islands","Chandeleur North G",29.865132,-88.832617,"ROYT",5703,6125,,"Y","N"
3350,2015,"05/16/15 00:00:00","LA","Terrebonne Bay","Raccoon Island",29.0505,-90.92659999999999,"BRPE",5688,8983,,"Y","Y"
4557,2021,"05/17/21 00:00:00","TX","Corpus Christi-Aransas Bay","Shamrock Island",27.75883,-97.16936,"ROYT",5641,6208,,"Y","Y"
4083,2018,"05/21/18 00:00:00","LA","Terrebonne Bay","Houma Navigation Canal Island",29.19515,-90.61565,"LAGU",5536,8748,,"Y","N"
2143,2012,"05/30/12 00:00:00","AL","Mobile Bay Interior","Gaillard Island",30.5063,-88.03619999999999,"ROYT",5427,5512,,"Y","N"
2144,2012,"05/29/12 00:00:00","LA","Breton-Chandeleur Islands","Breton Island",29.4955,-89.1742,"SATE",5405,5486,,"Y","N"
3351,2015,"05/18/15 00:00:00","AL","Mobile Bay Interior","Gaillard Island",30.5063,-88.03619999999999,"WHIB",5375,5629,,"Y","N"
4558,2021,"06/16/21 00:00:00","LA","Breton-Chandeleur Islands","Chandeleur North A",29.969531,-88.82772199999999,"SATE",5365,5549,,"Y","N"
1514,2011,"05/18/11 00:00:00","LA","Breton-Chandeleur Islands","Breton Island",29.4955,-89.1742,"BRPE",5343,6895,"Does not include 88 Empty Nests","Y","Y"
2145,2012,"05/29/12 00:00:00","LA","Breton-Chandeleur Islands","Breton Island",29.4955,-89.1742,"LAGU",5335,7361,,"Y","N"
1515,2011,"05/20/11 00:00:00","AL","Mobile Bay Interior","Gaillard Island",30.5063,-88.03619999999999,"ROYT",5318,5640,"Includes 1 Empty Nest","Y","Y"
3352,2015,"05/17/15 00:00:00","LA","Breton-Chandeleur Islands","Breton Island",29.4955,-89.1742,"LAGU",5269,7461,,"Y","Y"
4559,2021,"06/20/21 00:00:00","TX","Corpus Christi-Aransas Bay","Black Skimmer Strip",28.11619,-96.93405,"SATE",5174,5346,,"Y","N"
3353,2015,"05/18/15 00:00:00","AL","Mobile Bay Interior","Gaillard Island",30.5063,-88.03619999999999,"ROYT",5171,5692,,"Y","Y"
35,2010,"05/17/10 00:00:00","LA","Terrebonne Bay","Raccoon Island",29.0505,-90.92659999999999,"BRPE",5156,7300,"Does not include 45 Empty Nests","Y","N"
4560,2021,"06/18/21 00:00:00","TX","Galveston","South Deer Island",29.27195,-94.9119,"LAGU",5081,6955,,"Y","N"
2701,2013,"06/19/13 00:00:00","LA","Lake Borgne","Half Moon Island",30.1376,-89.43519999999999,"LAGU",5076,7354,,"Y","N"
4561,2021,"06/18/21 00:00:00","LA","Sabine-Calcasieu","Rabbit Island",29.8494,-93.383,"LAGU",5031,6428,,"Y","N"
1516,2011,"05/17/11 00:00:00","LA","Terrebonne Bay","Raccoon Island",29.0505,-90.92659999999999,"BRPE",5022,8640,"Does not include 14 Empty Nests","Y","Y"
4562,2021,"05/22/21 00:00:00","LA","Barataria Bay","Queen Bess Island",29.3043,-89.9592,"LAGU",4930,8134,,"Y","N"
4563,2021,"05/17/21 00:00:00","TX","Matagorda Bay","Lavaca Bay Spoils E",28.59947,-96.56207999999999,"LAGU",4921,6885,,"Y","N"
3354,2015,"05/17/15 00:00:00","LA","Breton-Chandeleur Islands","Breton Island",29.4955,-89.1742,"BRPE",4790,5943,,"Y","Y"
2702,2013,"05/25/13 00:00:00","AL","Mobile Bay Interior","Gaillard Island",30.5063,-88.03619999999999,"ROYT",4767,4935,,"Y","N"
2703,2013,"05/23/13 00:00:00","LA","Terrebonne Bay","Houma Navigation Canal Island",29.19515,-90.61565,"LAGU",4719,8042,,"Y","N"
4564,2021,"06/16/21 00:00:00","LA","Breton-Chandeleur Islands","New Harbor Island 3",29.8542,-88.8634,"BRPE",4684,7147,,"Y","N"
4565,2021,"06/16/21 00:00:00","LA","Breton-Chandeleur Islands","Breton Island",29.4955,-89.1742,"LAGU",4668,8491,,"Y","N"
4566,2021,"06/15/21 00:00:00","AL","Mobile Bay Interior","Gaillard Island",30.5063,-88.03619999999999,"LAGU",4641,7890,,"Y","Y"
36,2010,"05/17/10 00:00:00","LA","Terrebonne Bay","Wine Island",29.0948,-90.6108,"SATE",4624,4788,,"Y","N"
2704,2013,"05/23/13 00:00:00","LA","Terrebonne Bay","Felicity Island",29.2558,-90.44,"ROYT",4605,5445,,"Y","N"
2705,2013,"05/24/13 00:00:00","LA","Biloxi South","Belle Isle",29.5758,-89.5727,"LAGU",4578,6589,,"Y","N"
2146,2012,"06/19/12 00:00:00","LA","Breton-Chandeleur Islands","Chandeleur North G",29.865132,-88.832617,"SATE",4519,4733,,"Y","N"
1517,2011,"05/17/11 00:00:00","LA","Terrebonne Bay","Wine Island",29.0948,-90.6108,"ROYT",4509,4961,,"Y","N"
2706,2013,"05/23/13 00:00:00","LA","Breton-Chandeleur Islands","Breton Island",29.4955,-89.1742,"BRPE",4499,6048,,"Y","N"
1518,2011,"06/15/11 00:00:00","LA","Breton-Chandeleur Islands","Chandeleur North F",29.881806,-88.828345,"ROYT",4454,4926,,"Y","Y"
4084,2018,"06/24/18 00:00:00","LA","Birdsfoot East","Gunn Island",29.4136,-89.2957,"ROYT",4395,4564,,"Y","N"
2707,2013,"05/23/13 00:00:00","LA","Breton-Chandeleur Islands","Breton Island",29.4955,-89.1742,"LAGU",4384,6801,,"Y","N"
1519,2011,"05/17/11 00:00:00","LA","Barataria Bay","Queen Bess Island",29.3043,-89.9592,"BRPE",4353,5625,"Does not include 28 Empty Nests","Y","N"
4567,2021,"06/17/21 00:00:00","LA","Biloxi South","Belle Isle",29.5758,-89.5727,"LAGU",4353,6282,,"Y","N"
4568,2021,"05/17/21 00:00:00","TX","Upper Laguna Madre","Pita Island",27.60181,-97.2876,"LAGU",4349,6526,,"Y","N"
3355,2015,"05/17/15 00:00:00","LA","Breton-Chandeleur Islands","Chandeleur North A",29.969531,-88.82772199999999,"SATE",4340,5371,,"Y","N"
2708,2013,"05/23/13 00:00:00","LA","Terrebonne Bay","Raccoon Island",29.0505,-90.92659999999999,"BRPE",4336,5671,"Does not include 3 Empty Nests","Y","N"
4569,2021,"05/18/21 00:00:00","TX","Galveston","Evia Island",29.4282,-94.7638,"ROYT",4336,4673,,"Y","N"
4570,2021,"06/16/21 00:00:00","LA","Breton-Chandeleur Islands","Breton Island",29.4955,-89.1742,"BRPE",4301,6225,,"Y","N"
2709,2013,"05/23/13 00:00:00","LA","Terrebonne Bay","Raccoon Island",29.0505,-90.92659999999999,"LAGU",4278,6642,,"Y","N"
4571,2021,"05/17/21 00:00:00","TX","Lower Laguna Madre","Bahia Grande C Central",26.038968,-97.28825500000001,"LAGU",4239,6180,,"Y","N"
2147,2012,"05/27/12 00:00:00","LA","Terrebonne Bay","Raccoon Island",29.0505,-90.92659999999999,"LAGU",4191,5915,,"Y","N"
37,2010,"05/17/10 00:00:00","LA","Terrebonne Bay","Felicity Island",29.2558,-90.44,"LAGU",4116,7315,,"Y","N"
,2010,"06/27/10 00:00:00","LA","Biloxi North","Martin Island",29.959,-89.19840000000001,"UNWA",2,0,"Does not include 554 Empty Nests","Y","Y"
,2021,"05/24/21 00:00:00","AL","Mobile Bay Interior","Gaillard Island",30.5063,-88.03619999999999,"GBHE",0,1,,"Y","N"
,2010,"06/27/10 00:00:00","LA","Biloxi North","Drum Bay Island",29.9197,-89.2627,"WHEG",59,121,,"Y","N"
4085,2018,"05/20/18 00:00:00","LA","Breton-Chandeleur Islands","New Harbor Island 3",29.8542,-88.8634,"BRPE",4114,5087,,"Y","N"
2148,2012,"05/30/12 00:00:00","AL","Mobile Bay Interior","Gaillard Island",30.5063,-88.03619999999999,"WHIB",4063,4403,"Does not include 36 Empty Nests","Y","N"
4086,2018,"05/21/18 00:00:00","LA","Terrebonne Bay","Philo Brice Islands",29.18416,-90.34678,"BRPE",4039,6123,,"Y","N"
3356,2015,"05/16/15 00:00:00","LA","Terrebonne Bay","Houma Navigation Canal Island",29.19515,-90.61565,"LAGU",4011,5758,,"Y","N"
2710,2013,"05/23/13 00:00:00","LA","Atchafalaya Bay","Skimmer Island",29.3864,-91.3836,"WHIB",3991,6026,,"Y","N"
38,2010,"05/18/10 00:00:00","LA","Biloxi North","Brush Island",30.034,-89.1863,"SATE",3979,4524,,"Y","N"
39,2010,"05/17/10 00:00:00","LA","Terrebonne Bay","Wine Island",29.0948,-90.6108,"ROYT",3936,4048,,"Y","N"
2149,2012,"05/27/12 00:00:00","LA","Terrebonne Bay","Felicity Island",29.2558,-90.44,"ROYT",3911,4353,,"Y","N"
2711,2013,"05/23/13 00:00:00","LA","Terrebonne Bay","Felicity Island",29.2558,-90.44,"SATE",3892,4811,,"Y","N"
40,2010,"06/13/10 00:00:00","AL","Mobile Bay Interior","Gaillard Island",30.5063,-88.03619999999999,"WHIB",3880,3907,,"Y","N"
41,2010,"06/25/10 00:00:00","TX","Galveston","North Deer Island",29.28519,-94.92462,"LAGU",3808,7925,,"Y","N"
3357,2015,"05/16/15 00:00:00","LA","Barataria Bay","Queen Bess Island",29.3043,-89.9592,"BRPE",3799,5469,,"Y","N"
42,2010,"05/17/10 00:00:00","LA","Sabine-Calcasieu","Rabbit Island",29.8494,-93.383,"LAGU",3734,4181,,"Y","N"
4572,2021,"05/18/21 00:00:00","TX","Galveston","Kanaloa Spoil",29.29323,-94.93583,"LAGU",3695,4694,,"Y","N"
4574,2021,"06/16/21 00:00:00","LA","Biloxi North","Biloxi North 38",30.00238,-89.21496999999999,"LAGU",3653,5165,,"Y","N"
4573,2021,"05/22/21 00:00:00","LA","Barataria Bay","Queen Bess Island",29.3043,-89.9592,"SATE",3653,3810,,"Y","Y"
4575,2021,"05/17/21 00:00:00","TX","Lower Laguna Madre","Bahia Grande C East",26.04147,-97.28154000000001,"LAGU",3598,5337,,"Y","Y"
2712,2013,"05/25/13 00:00:00","AL","Mobile Bay Interior","Gaillard Island",30.5063,-88.03619999999999,"WHIB",3552,4132,,"Y","N"
43,2010,"05/08/10 00:00:00","LA","Barataria Bay","Queen Bess Island",29.3043,-89.9592,"BRPE",3441,4921,"Does not include 8 Empty Nests","Y","N"
4576,2021,"05/17/21 00:00:00","TX","Corpus Christi-Aransas Bay","Shamrock Island",27.75883,-97.16936,"SATE",3432,3764,,"Y","Y"
2713,2013,"06/19/13 00:00:00","LA","Terrebonne Bay","Terrebonne Bay 1",29.21025,-90.57022000000001,"ROYT",3427,3752,,"Y","N"
4577,2021,"05/22/21 00:00:00","LA","Barataria Bay","Queen Bess Island",29.3043,-89.9592,"BRPE",3425,4885,,"Y","N"
1520,2011,"05/17/11 00:00:00","LA","Barataria Bay","Queen Bess Island",29.3043,-89.9592,"ROYT",3421,4788,,"Y","N"
44,2010,"06/14/10 00:00:00","LA","Breton-Chandeleur Islands","Breton Island",29.4955,-89.1742,"BRPE",3401,5587,"Does not include 38 Empty Nests","Y","N"
2714,2013,"06/19/13 00:00:00","LA","Terrebonne Bay","Terrebonne Bay 1",29.21025,-90.57022000000001,"SATE",3399,3510,,"Y","N"
3358,2015,"06/21/15 00:00:00","LA","Breton-Chandeleur Islands","Chandeleur South E",29.765024,-88.887086,"SATE",3374,3439,,"Y","N"
2150,2012,"05/27/12 00:00:00","LA","Terrebonne Bay","Raccoon Island",29.0505,-90.92659999999999,"BRPE",3350,4952,"Does not include 23 Empty Nests","Y","N"
1521,2011,"06/15/11 00:00:00","LA","Breton-Chandeleur Islands","Chandeleur North B",29.949821,-88.823795,"SATE",3326,3608,,"Y","N"
2151,2012,"05/28/12 00:00:00","LA","Biloxi South","Belle Isle",29.5758,-89.5727,"LAGU",3286,4286,,"Y","N"
3359,2015,"05/17/15 00:00:00","LA","Biloxi South","Belle Isle",29.5758,-89.5727,"LAGU",3262,5060,,"Y","N"
2715,2013,"05/24/13 00:00:00","LA","Biloxi North","Brush Island",30.034,-89.1863,"SATE",3247,3435,,"Y","Y"
2152,2012,"05/27/12 00:00:00","LA","Barataria Bay","Cat Bay South Island",29.3341,-89.8716,"ROYT",3234,3808,,"Y","N"
45,2010,"06/25/10 00:00:00","TX","Galveston","West Bay Bird Island New",29.09832,-95.14131999999999,"LAGU",3201,4316,,"Y","N"
46,2010,"06/10/10 00:00:00","FL","Tampa Bay","Egmont Key",27.5793,-82.75960000000001,"ROSA",3165,916,"Includes 2342 Empty Nests","Y","N"
4087,2018,"05/21/18 00:00:00","LA","Terrebonne Bay","Felicity Island",29.2558,-90.44,"ROYT",3156,3862,,"Y","N"
2153,2012,"06/19/12 00:00:00","LA","Birdsfoot East","Birdsfoot East 3",29.3725,-89.29989999999999,"BLSK",3127,4939,,"Y","N"
4088,2018,"05/21/18 00:00:00","LA","Terrebonne Bay","Houma Navigation Canal Island",29.19515,-90.61565,"BRPE",3120,4176,,"Y","N"
47,2010,"06/14/10 00:00:00","LA","Breton-Chandeleur Islands","Breton Island",29.4955,-89.1742,"LAGU",3116,5066,,"Y","N"
4578,2021,"06/18/21 00:00:00","TX","Galveston","South Deer Island",29.27195,-94.9119,"WHIB",3116,3299,,"Y","N"
3360,2015,"05/16/15 00:00:00","LA","Terrebonne Bay","Houma Navigation Canal Island",29.19515,-90.61565,"BRPE",3115,4538,,"Y","N"
4089,2018,"05/20/18 00:00:00","LA","Breton-Chandeleur Islands","Breton Island",29.4955,-89.1742,"LAGU",3089,4263,,"Y","Y"
1522,2011,"05/17/11 00:00:00","LA","Atchafalaya Bay","Skimmer Island",29.3864,-91.3836,"LAGU",3072,3783,,"Y","N"
4579,2021,"05/18/21 00:00:00","TX","Galveston","Evia Island",29.4282,-94.7638,"SATE",3004,3201,,"Y","N"
1523,2011,"05/18/11 00:00:00","LA","Biloxi South","Biloxi South 5 A",29.6523,-89.464,"LAGU",3001,4919,,"Y","N"
4090,2018,"05/19/18 00:00:00","LA","Biloxi North","Biloxi North 12",30.042,-89.273,"LAGU",2947,3638,,"Y","Y"
4091,2018,"05/21/18 00:00:00","LA","Terrebonne Bay","Philo Brice Islands",29.18416,-90.34678,"LAGU",2888,4808,,"Y","N"
2154,2012,"05/29/12 00:00:00","LA","Breton-Chandeleur Islands","Chandeleur South C",29.780414,-88.87419199999999,"SATE",2882,3143,,"Y","Y"
3361,2015,"05/17/15 00:00:00","LA","Breton-Chandeleur Islands","Chandeleur South C",29.780414,-88.87419199999999,"ROYT",2870,3206,,"Y","Y"
4580,2021,"05/17/21 00:00:00","TX","Matagorda Bay","Chester Island",28.45174,-96.34689,"ROYT",2837,3453,,"Y","Y"
1524,2011,"05/17/11 00:00:00","LA","Terrebonne Bay","Wine Island",29.0948,-90.6108,"SATE",2822,3295,,"Y","N"
1525,2011,"05/18/11 00:00:00","LA","Biloxi South","Biloxi South 5 B",29.6521,-89.4577,"LAGU",2816,4528,,"Y","N"
2155,2012,"05/28/12 00:00:00","LA","Biloxi South","Long Bay Island",29.5021,-89.5356,"LAGU",2802,5084,,"Y","N"
4581,2021,"06/17/21 00:00:00","LA","Barataria Bay","Queen Bess Island",29.3043,-89.9592,"ROYT",2743,2913,,"Y","Y"
48,2010,"05/17/10 00:00:00","LA","Terrebonne Bay","Raccoon Island",29.0505,-90.92659999999999,"ROSA",2728,2733,,"Y","N"
1526,2011,"06/15/11 00:00:00","LA","Breton-Chandeleur Islands","Chandeleur South D",29.770378,-88.882942,"ROYT",2686,2811,,"Y","N"
4092,2018,"05/19/18 00:00:00","LA","Lake Borgne","Half Moon Island",30.1376,-89.43519999999999,"LAGU",2680,3667,,"Y","N"
3362,2015,"05/17/15 00:00:00","LA","Breton-Chandeleur Islands","New Harbor Island 3",29.8542,-88.8634,"BRPE",2676,3931,,"Y","Y"
1527,2011,"05/18/11 00:00:00","LA","Barataria Bay","Cat Bay South Island",29.3341,-89.8716,"LAGU",2659,4842,,"Y","N"
2156,2012,"05/29/12 00:00:00","LA","Breton-Chandeleur Islands","Breton Island",29.4955,-89.1742,"BRPE",2636,3812,"Does not include 3838 Empty Nests","Y","N"
2157,2012,"05/27/12 00:00:00","LA","Terrebonne Bay","Felicity Island",29.2558,-90.44,"BRPE",2620,3650,"Does not include 152 Empty Nests","Y","N"
2158,2012,"05/28/12 00:00:00","LA","Biloxi South","Biloxi South 5 B",29.6521,-89.4577,"LAGU",2618,4104,,"Y","N"
4582,2021,"06/16/21 00:00:00","LA","Breton-Chandeleur Islands","Chandeleur South D",29.770378,-88.882942,"ROYT",2601,2840,,"Y","N"
49,2010,"05/17/10 00:00:00","LA","Atchafalaya Bay","Skimmer Island",29.3864,-91.3836,"WHIB",2581,3545,,"Y","N"
1528,2011,"06/17/11 00:00:00","LA","Barataria Bay","Shell Island East A",29.2701,-89.6131,"ROYT",2516,2720,,"Y","N"
4583,2021,"05/17/21 00:00:00","TX","East Matagorda Bay","Dressing Point",28.73145,-95.76074,"LAGU",2511,3324,,"Y","N"
4584,2021,"05/17/21 00:00:00","TX","Matagorda Bay","Lavaca Bay Spoils E",28.59947,-96.56207999999999,"SATE",2486,2695,,"Y","N"
3363,2015,"05/18/15 00:00:00","AL","Mobile Bay Interior","Gaillard Island",30.5063,-88.03619999999999,"LAGU",2467,4042,,"Y","Y"
4585,2021,"06/17/21 00:00:00","LA","Biloxi North","Biloxi North 12",30.042,-89.273,"LAGU",2457,2681,,"Y","Y"
4586,2021,"05/17/21 00:00:00","TX","Matagorda Bay","Chester Island",28.45174,-96.34689,"BRPE",2456,3645,,"Y","Y"
4093,2018,"05/21/18 00:00:00","LA","Sabine-Calcasieu","Rabbit Island",29.8494,-93.383,"TRHE",2438,2455,,"Y","N"
2716,2013,"06/18/13 00:00:00","LA","Breton-Chandeleur Islands","Chandeleur North C",29.929685,-88.82179600000001,"SATE",2424,2580,,"Y","N"
1529,2011,"05/17/11 00:00:00","LA","Terrebonne Bay","Felicity Island",29.2558,-90.44,"ROYT",2422,3700,,"Y","N"
4587,2021,"06/15/21 00:00:00","AL","Mobile Bay Interior","Gaillard Island",30.5063,-88.03619999999999,"ROYT",2422,2731,,"Y","N"
4588,2021,"05/25/21 00:00:00","FL","Apalachicola East","Saint George Causeway",29.694945,-84.88297900000001,"ROYT",2418,2559,,"Y","Y"
1530,2011,"05/19/11 00:00:00","LA","Breton-Chandeleur Islands","Chandeleur North D",29.901692,-88.824851,"SATE",2392,2478,,"Y","N"
4589,2021,"06/16/21 00:00:00","LA","Breton-Chandeleur Islands","Chandeleur North A",29.969531,-88.82772199999999,"ROYT",2385,2460,,"Y","N"
4590,2021,"05/17/21 00:00:00","TX","Matagorda Bay","Chester Island",28.45174,-96.34689,"LAGU",2371,3838,,"Y","N"
2717,2013,"05/25/13 00:00:00","AL","Mobile Bay Interior","Gaillard Island",30.5063,-88.03619999999999,"LAGU",2334,3102,,"Y","Y"
1531,2011,"05/19/11 00:00:00","LA","Biloxi North","Brush Island",30.034,-89.1863,"SATE",2331,2565,,"Y","N"
2718,2013,"06/18/13 00:00:00","LA","Breton-Chandeleur Islands","Chandeleur North A",29.969531,-88.82772199999999,"SATE",2318,2704,,"Y","N"
2159,2012,"05/29/12 00:00:00","LA","Breton-Chandeleur Islands","Chandeleur South D",29.770378,-88.882942,"SATE",2294,2402,,"Y","N"
4094,2018,"05/20/18 00:00:00","LA","Barataria Bay","Queen Bess Island",29.3043,-89.9592,"LAGU",2285,3712,,"Y","N"
3364,2015,"06/21/15 00:00:00","LA","Breton-Chandeleur Islands","Curlew Island",29.66636,-88.96111999999999,"ROYT",2281,2369,,"Y","N"
4591,2021,"05/24/21 00:00:00","AL","Mississippi Sound","Marsh Island",30.321609,-88.223833,"LAGU",2229,3125,,"Y","N"
50,2010,"06/08/10 00:00:00","FL","Florida Keys","Bush and Long Keys",24.6281,-82.86369999999999,"SONO",2228,2342,,"Y","N"
1532,2011,"05/20/11 00:00:00","AL","Mobile Bay Interior","Gaillard Island",30.5063,-88.03619999999999,"LAGU",2215,3006,,"Y","Y"
1533,2011,"05/18/11 00:00:00","LA","Biloxi South","Biloxi South 3",29.7017,-89.5487,"LAGU",2192,3954,,"Y","N"
4592,2021,"06/18/21 00:00:00","LA","Sabine-Calcasieu","Rabbit Island",29.8494,-93.383,"FOTE",2185,2859,,"Y","N"
4095,2018,"05/19/18 00:00:00","LA","Biloxi North","Biloxi North 14",30.0038,-89.20650000000001,"SATE",2164,2490,,"Y","N"
2160,2012,"05/28/12 00:00:00","LA","Biloxi North","Drum Bay Island",29.9197,-89.2627,"LAGU",2138,2609,,"Y","N"
2161,2012,"05/28/12 00:00:00","LA","Biloxi North","Deadman Point",29.7411,-89.35680000000001,"LAGU",2135,3045,,"Y","N"
4096,2018,"05/19/18 00:00:00","LA","Biloxi North","Biloxi North 38",30.00238,-89.21496999999999,"LAGU",2126,3051,,"Y","Y"
2162,2012,"05/28/12 00:00:00","LA","Biloxi South","Biloxi South 10 A",29.53141,-89.55392000000001,"LAGU",2116,3086,,"Y","N"
4097,2018,"05/19/18 00:00:00","LA","Biloxi North","Biloxi North 14",30.0038,-89.20650000000001,"ROYT",2090,2385,,"Y","N"
1534,2011,"05/18/11 00:00:00","LA","Biloxi North","Deadman Point",29.7411,-89.35680000000001,"LAGU",2070,3752,,"Y","N"
4593,2021,"05/25/21 00:00:00","FL","Apalachicola West","Audubon Island",30.17688,-85.7353,"LAGU",1992,2407,,"Y","N"
2719,2013,"06/18/13 00:00:00","LA","Biloxi South","Biloxi South 3",29.7017,-89.5487,"LAGU",1979,2735,,"Y","N"
1535,2011,"05/19/11 00:00:00","LA","Breton-Chandeleur Islands","Chandeleur North D",29.901692,-88.824851,"ROYT",1978,2088,,"Y","N"
4594,2021,"05/17/21 00:00:00","TX","Lower Laguna Madre","Laguna Vista Spoils A",26.142736,-97.278547,"LAGU",1975,2695,,"Y","N"
51,2010,"05/08/10 00:00:00","LA","Barataria Bay","Queen Bess Island",29.3043,-89.9592,"LAGU",1957,4392,,"Y","N"
4595,2021,"06/20/21 00:00:00","TX","Upper Laguna Madre","Naval Air Station Islands D",27.673617,-97.25217000000001,"LAGU",1941,2078,,"Y","N"
2720,2013,"05/23/13 00:00:00","LA","Terrebonne Bay","Houma Navigation Canal Island",29.19515,-90.61565,"BRPE",1934,2372,,"Y","N"
2163,2012,"05/27/12 00:00:00","LA","Atchafalaya Bay","Skimmer Island",29.3864,-91.3836,"LAGU",1929,2273,,"Y","N"
4596,2021,"06/17/21 00:00:00","LA","Birdsfoot East","Gunn Island",29.4136,-89.2957,"BLSK",1923,3778,,"Y","N"
3365,2015,"05/18/15 00:00:00","FL","Apalachicola East","Saint George Causeway",29.694945,-84.88297900000001,"ROYT",1907,2085,,"Y","N"
3366,2015,"05/18/15 00:00:00","LA","Lake Borgne","Half Moon Island",30.1376,-89.43519999999999,"LAGU",1901,3151,,"Y","N"
2721,2013,"06/18/13 00:00:00","LA","Breton-Chandeleur Islands","Chandeleur North F",29.881806,-88.828345,"ROYT",1879,1991,,"Y","N"
1536,2011,"06/15/11 00:00:00","LA","Breton-Chandeleur Islands","Chandeleur North A",29.969531,-88.82772199999999,"SATE",1857,1892,,"Y","N"
1537,2011,"05/17/11 00:00:00","LA","Atchafalaya Bay","Skimmer Island",29.3864,-91.3836,"WHIB",1855,2451,,"Y","N"
2164,2012,"05/30/12 00:00:00","FL","Apalachicola East","Saint George Causeway",29.694945,-84.88297900000001,"ROYT",1851,1964,,"Y","N"
4597,2021,"06/17/21 00:00:00","LA","Biloxi North","Drum Bay Island",29.9197,-89.2627,"LAGU",1849,2281,,"Y","N"
1538,2011,"06/14/11 00:00:00","LA","Biloxi North","Door Point Lagoon 2",30.06117,-89.18415,"LAGU",1848,2975,,"Y","N"
4598,2021,"06/18/21 00:00:00","LA","Sabine-Calcasieu","Rabbit Island",29.8494,-93.383,"TRHE",1840,2139,,"Y","N"
3367,2015,"06/21/15 00:00:00","LA","Breton-Chandeleur Islands","Chandeleur South E",29.765024,-88.887086,"ROYT",1836,1874,,"Y","N"
2722,2013,"05/24/13 00:00:00","LA","Biloxi South","Long Bay Island",29.5021,-89.5356,"LAGU",1822,3551,,"Y","N"
2165,2012,"06/19/12 00:00:00","LA","Breton-Chandeleur Islands","Chandeleur South C",29.780414,-88.87419199999999,"ROYT",1818,1991,,"Y","Y"
4098,2018,"06/23/18 00:00:00","LA","Biloxi North","Isle au Pitre",30.1526,-89.1968,"SATE",1814,2058,,"Y","N"
4599,2021,"06/20/21 00:00:00","TX","Galveston","West Bay Mooring Facility",29.17285,-95.10677,"TRHE",1806,1919,,"Y","N"
2723,2013,"05/23/13 00:00:00","LA","Terrebonne Bay","Felicity Island",29.2558,-90.44,"BRPE",1793,2423,,"Y","Y"
1539,2011,"06/18/11 00:00:00","LA","Terrebonne Bay","Raccoon Island West",29.0596,-90.94159999999999,"BLSK",1789,2912,,"Y","N"
4099,2018,"05/19/18 00:00:00","LA","Biloxi South","Biloxi South 5 B",29.6521,-89.4577,"LAGU",1776,3229,,"Y","N"
1540,2011,"06/17/11 00:00:00","LA","Biloxi South","Long Bay Island",29.5021,-89.5356,"LAGU",1774,3748,,"Y","N"
2724,2013,"05/24/13 00:00:00","LA","Breton-Chandeleur Islands","New Harbor Island 3",29.8542,-88.8634,"BRPE",1756,2742,"Does not include 5 Empty Nests","Y","N"
2725,2013,"06/19/13 00:00:00","LA","Barataria Bay","Bastian Island",29.296,-89.66549999999999,"SATE",1729,1977,,"Y","N"
4600,2021,"06/14/21 00:00:00","FL","Apalachicola East","Saint George Causeway",29.694945,-84.88297900000001,"SATE",1724,1841,,"Y","Y"
2166,2012,"05/27/12 00:00:00","LA","Barataria Bay","Queen Bess Island",29.3043,-89.9592,"LAGU",1717,3179,,"Y","N"
1541,2011,"05/19/11 00:00:00","LA","Biloxi North","Drum Bay Island",29.9197,-89.2627,"LAGU",1707,1879,,"Y","N"
2167,2012,"05/27/12 00:00:00","LA","Terrebonne Bay","Felicity Island",29.2558,-90.44,"SATE",1692,1739,,"Y","N"
2726,2013,"05/25/13 00:00:00","FL","Apalachicola East","Saint George Causeway",29.694945,-84.88297900000001,"ROYT",1684,1783,,"Y","N"
3368,2015,"05/16/15 00:00:00","LA","Terrebonne Bay","Felicity Island",29.2558,-90.44,"BRPE",1668,2154,,"Y","N"
4100,2018,"05/20/18 00:00:00","LA","Breton-Chandeleur Islands","Chandeleur South D",29.770378,-88.882942,"SATE",1663,2305,,"Y","N"
4601,2021,"06/16/21 00:00:00","LA","Biloxi North","Biloxi North 38",30.00238,-89.21496999999999,"BRPE",1648,2221,,"Y","N"
1542,2011,"05/18/11 00:00:00","LA","Biloxi South","Biloxi South 3",29.7017,-89.5487,"TRHE",1625,1696,,"Y","N"
2727,2013,"05/25/13 00:00:00","FL","Apalachicola East","Saint George Causeway",29.694945,-84.88297900000001,"SATE",1621,1671,,"Y","N"
4602,2021,"05/24/21 00:00:00","AL","Mobile Bay Interior","Gaillard Island",30.5063,-88.03619999999999,"CAEG",1605,1743,,"Y","N"
2728,2013,"05/23/13 00:00:00","LA","Barataria Bay","Queen Bess Island",29.3043,-89.9592,"LAGU",1604,3919,,"Y","N"
3369,2015,"05/18/15 00:00:00","FL","Apalachicola East","Saint George Causeway",29.694945,-84.88297900000001,"SATE",1597,1885,,"Y","N"
4603,2021,"06/15/21 00:00:00","AL","Mobile Bay Interior","Gaillard Island",30.5063,-88.03619999999999,"WHIB",1591,1784,,"Y","Y"
1543,2011,"05/18/11 00:00:00","LA","Biloxi South","Biloxi South 10 A",29.53141,-89.55392000000001,"LAGU",1580,3036,,"Y","N"
2168,2012,"05/27/12 00:00:00","LA","Barataria Bay","Queen Bess Island",29.3043,-89.9592,"BRPE",1579,3380,"Does not include 77 Empty Nests","Y","N"
3370,2015,"05/17/15 00:00:00","LA","Biloxi South","Biloxi South 5 B",29.6521,-89.4577,"LAGU",1569,3560,,"Y","N"
52,2010,"05/17/10 00:00:00","LA","Sabine-Calcasieu","Rabbit Island",29.8494,-93.383,"WHIB",1568,1643,,"Y","N"
1544,2011,"05/17/11 00:00:00","LA","Terrebonne Bay","Felicity Island",29.2558,-90.44,"TRHE",1551,1626,"Does not include 1 Empty Nest","Y","N"
4604,2021,"06/20/21 00:00:00","TX","Galveston","West Bay Mooring Facility",29.17285,-95.10677,"LAGU",1548,1918,,"Y","N"
4101,2018,"05/21/18 00:00:00","LA","Terrebonne Bay","Houma Navigation Canal Island",29.19515,-90.61565,"TRHE",1548,1554,,"Y","N"
4605,2021,"05/18/21 00:00:00","TX","Galveston","Dickinson Bay Spoil Island",29.46827,-94.94542,"LAGU",1543,2545,,"Y","N"
2169,2012,"05/28/12 00:00:00","LA","Biloxi South","Biloxi South 5 A",29.6523,-89.464,"LAGU",1535,2285,,"Y","N"
4606,2021,"05/17/21 00:00:00","TX","Galveston","West Bay Bird Island",29.09517,-95.14105000000001,"SNEG",1531,1976,,"Y","N"
4607,2021,"06/16/21 00:00:00","LA","Biloxi North","Isle au Pitre",30.1526,-89.1968,"LAGU",1503,1902,,"Y","N"
53,2010,"06/23/10 00:00:00","TX","Matagorda Bay","Chester Island",28.45174,-96.34689,"ROSA",1482,988,,"Y","N"
4609,2021,"06/14/21 00:00:00","FL","Apalachicola East","Saint George Causeway",29.694945,-84.88297900000001,"LAGU",1472,2698,,"Y","N"
4608,2021,"05/17/21 00:00:00","TX","Galveston","West Bay Bird Island",29.09517,-95.14105000000001,"TRHE",1472,1594,,"Y","N"
3371,2015,"05/18/15 00:00:00","FL","Apalachicola East","Saint George Causeway",29.694945,-84.88297900000001,"LAGU",1469,2535,,"Y","N"
4610,2021,"05/18/21 00:00:00","TX","Galveston","Marker 52 Spoil Island",29.290621,-94.92918,"LAGU",1458,2047,,"Y","N"
2170,2012,"05/28/12 00:00:00","LA","Biloxi South","Biloxi South 10 C",29.53327,-89.55606,"LAGU",1448,2139,,"Y","N"
4102,2018,"05/21/18 00:00:00","LA","Terrebonne Bay","Felicity Island",29.2558,-90.44,"TRHE",1447,1537,,"Y","N"
3372,2015,"05/17/15 00:00:00","LA","Biloxi South","Long Bay Island",29.5021,-89.5356,"LAGU",1425,3114,,"Y","N"
2171,2012,"05/30/12 00:00:00","FL","Apalachicola East","Saint George Causeway",29.694945,-84.88297900000001,"SATE",1417,1457,,"Y","N"
1545,2011,"05/18/11 00:00:00","LA","Barataria Bay","Bay Ronquille Northwest Island",29.3631,-89.85339999999999,"LAGU",1410,2747,,"Y","N"
2729,2013,"05/23/13 00:00:00","LA","Atchafalaya Bay","Skimmer Island",29.3864,-91.3836,"LAGU",1393,1547,,"Y","N"
2172,2012,"05/27/12 00:00:00","LA","Barataria Bay","Bay Ronquille Northwest Island",29.3631,-89.85339999999999,"LAGU",1386,2809,,"Y","N"
4611,2021,"06/17/21 00:00:00","LA","Birdsfoot East","Gunn Island",29.4136,-89.2957,"GBTE",1378,1606,,"Y","N"
4612,2021,"06/20/21 00:00:00","TX","Lower Laguna Madre","Northeast Mansfield Intersection Spoil",26.56432,-97.40021,"SATE",1373,1434,,"Y","N"
2730,2013,"05/24/13 00:00:00","LA","Biloxi North","Drum Bay Island",29.9197,-89.2627,"LAGU",1364,2060,,"Y","N"
2173,2012,"05/28/12 00:00:00","LA","Biloxi South","Biloxi South 3",29.7017,-89.5487,"LAGU",1363,1916,,"Y","N"
4103,2018,"05/21/18 00:00:00","LA","Terrebonne Bay","Felicity Island",29.2558,-90.44,"SATE",1358,1624,,"Y","N"
4613,2021,"05/18/21 00:00:00","TX","Galveston","Marker 52 Spoil Island",29.290621,-94.92918,"BRPE",1347,1419,,"Y","N"
4104,2018,"05/21/18 00:00:00","LA","Sabine-Calcasieu","Rabbit Island",29.8494,-93.383,"BRPE",1340,1972,,"Y","N"
2731,2013,"06/19/13 00:00:00","LA","Terrebonne Bay","Terrebonne Bay 1",29.21025,-90.57022000000001,"LAGU",1337,1967,,"Y","N"
2732,2013,"05/24/13 00:00:00","LA","Biloxi South","Biloxi South 5 B",29.6521,-89.4577,"LAGU",1333,3112,,"Y","N"
54,2010,"05/18/10 00:00:00","LA","Biloxi North","Brush Island",30.034,-89.1863,"ROYT",1331,1410,,"Y","N"
55,2010,"06/25/10 00:00:00","TX","Galveston","West Bay Bird Island New",29.09832,-95.14131999999999,"ROYT",1327,1154,,"Y","N"
3373,2015,"05/18/15 00:00:00","LA","Biloxi North","Door Point Lagoon 2",30.06117,-89.18415,"BRPE",1326,1888,,"Y","N"
4614,2021,"05/17/21 00:00:00","TX","Corpus Christi-Aransas Bay","Shamrock Island",27.75883,-97.16936,"BRPE",1321,2046,,"Y","Y"
4615,2021,"05/18/21 00:00:00","TX","Galveston","South Deer Island",29.27195,-94.9119,"ROYT",1320,1401,,"Y","N"
2733,2013,"05/23/13 00:00:00","LA","Terrebonne Bay","Houma Navigation Canal Island",29.19515,-90.61565,"TRHE",1312,1373,,"Y","N"
2734,2013,"05/24/13 00:00:00","LA","Biloxi South","Biloxi South 5 A",29.6523,-89.464,"LAGU",1311,2856,,"Y","N"
56,2010,"05/18/10 00:00:00","LA","Biloxi North","Martin Island",29.959,-89.19840000000001,"SATE",1310,1498,,"Y","N"
4616,2021,"06/18/21 00:00:00","LA","Terrebonne Bay","Raccoon Island",29.0505,-90.92659999999999,"BLSK",1307,2611,,"Y","N"
4617,2021,"05/17/21 00:00:00","TX","East Matagorda Bay","Dressing Point",28.73145,-95.76074,"ROYT",1300,1414,,"Y","N"
2174,2012,"05/28/12 00:00:00","LA","Biloxi North","Drum Bay Island",29.9197,-89.2627,"ROYT",1294,1396,,"Y","N"
2175,2012,"05/29/12 00:00:00","LA","Breton-Chandeleur Islands","New Harbor Island 3",29.8542,-88.8634,"BRPE",1291,2031,"Does not include 25 Empty Nests","Y","N"
1546,2011,"05/19/11 00:00:00","LA","Breton-Chandeleur Islands","New Harbor Island 2",29.8565,-88.875,"BRPE",1289,1689,,"Y","N"
57,2010,"05/17/10 00:00:00","LA","Terrebonne Bay","Felicity Island",29.2558,-90.44,"WHIB",1288,1437,,"Y","N"
4105,2018,"06/24/18 00:00:00","LA","Breton-Chandeleur Islands","Chandeleur North C",29.929685,-88.82179600000001,"SATE",1282,1488,,"Y","N"
2735,2013,"06/18/13 00:00:00","LA","Biloxi North","Deadman Point",29.7411,-89.35680000000001,"LAGU",1281,2421,,"Y","N"
58,2010,"06/12/10 00:00:00","FL","Apalachicola East","Saint George Causeway",29.694945,-84.88297900000001,"ROYT",1279,1377,,"Y","N"
4106,2018,"05/21/18 00:00:00","LA","Terrebonne Bay","Philo Brice Islands",29.18416,-90.34678,"TRHE",1276,1397,,"Y","N"
2176,2012,"05/28/12 00:00:00","LA","Biloxi South","Biloxi South 3",29.7017,-89.5487,"TRHE",1264,1353,,"Y","N"
59,2010,"05/17/10 00:00:00","LA","Sabine-Calcasieu","Rabbit Island",29.8494,-93.383,"TRHE",1263,1278,,"Y","N"
1547,2011,"05/18/11 00:00:00","LA","Biloxi South","Belle Isle",29.5758,-89.5727,"LAGU",1255,2372,,"Y","N"
4107,2018,"05/19/18 00:00:00","LA","Biloxi North","Biloxi North 38",30.00238,-89.21496999999999,"BRPE",1234,1634,,"Y","N"
4618,2021,"06/16/21 00:00:00","LA","Breton-Chandeleur Islands","Curlew Island",29.66636,-88.96111999999999,"ROYT",1230,1422,,"Y","N"
4619,2021,"05/24/21 00:00:00","AL","Mississippi Sound","Marsh Island",30.321609,-88.223833,"ROYT",1227,1287,,"Y","N"
3374,2015,"06/21/15 00:00:00","LA","Breton-Chandeleur Islands","Gosier Islands North",29.5517,-89.06444,"SATE",1219,1302,,"Y","N"
60,2010,"05/08/10 00:00:00","LA","Barataria Bay","Belle Pass East",29.0901,-90.22190000000001,"GREG",1214,1325,,"Y","N"
2736,2013,"05/23/13 00:00:00","LA","Terrebonne Bay","Felicity Island",29.2558,-90.44,"TRHE",1212,1256,,"Y","N"
4108,2018,"05/19/18 00:00:00","LA","Biloxi North","Dry Bread Island",29.8426,-89.3064,"LAGU",1203,1597,,"Y","N"
1548,2011,"05/17/11 00:00:00","LA","Barataria Bay","Queen Bess Island",29.3043,-89.9592,"SATE",1202,1324,,"Y","N"
1549,2011,"06/14/11 00:00:00","LA","Lake Borgne","Half Moon Island",30.1376,-89.43519999999999,"LAGU",1197,1197,,"Y","N"
1550,2011,"06/15/11 00:00:00","LA","Breton-Chandeleur Islands","Chandeleur North B",29.949821,-88.823795,"ROYT",1196,1502,,"Y","N"
4109,2018,"05/21/18 00:00:00","LA","Terrebonne Bay","Philo Brice Islands",29.18416,-90.34678,"ROYT",1190,1338,,"Y","N"
4110,2018,"05/21/18 00:00:00","LA","Sabine-Calcasieu","Rabbit Island",29.8494,-93.383,"SNEG",1184,1216,,"Y","N"
2177,2012,"05/27/12 00:00:00","LA","Barataria Bay","Cat Bay South Island",29.3341,-89.8716,"LAGU",1172,2508,,"Y","N"
4620,2021,"06/17/21 00:00:00","LA","Biloxi North","Biloxi North 35",29.951,-89.253,"LAGU",1171,1352,,"Y","N"
4621,2021,"06/18/21 00:00:00","LA","Terrebonne Bay","Houma Navigation Canal Island",29.19515,-90.61565,"LAGU",1171,1677,,"Y","N"
61,2010,"06/10/10 00:00:00","FL","Tampa Bay","Egmont Key",27.5793,-82.75960000000001,"ROYT",1169,1216,,"Y","N"
3375,2015,"05/16/15 00:00:00","LA","Terrebonne Bay","Felicity Island",29.2558,-90.44,"TRHE",1164,1446,,"Y","N"
1551,2011,"05/18/11 00:00:00","LA","Barataria Bay","Cat Bay Island",29.3474,-89.8672,"BRPE",1155,1454,,"Y","N"
62,2010,"06/08/10 00:00:00","FL","Florida Keys","Bush and Long Keys",24.6281,-82.86369999999999,"BRNO",1145,1221,,"Y","N"
4622,2021,"06/16/21 00:00:00","LA","Biloxi North","Bayou Pintou",30.128,-89.224,"LAGU",1141,1634,,"Y","N"
2737,2013,"05/23/13 00:00:00","LA","Barataria Bay","Queen Bess Island",29.3043,-89.9592,"TRHE",1136,1234,,"Y","N"
4623,2021,"06/16/21 00:00:00","LA","Breton-Chandeleur Islands","Chandeleur South D",29.770378,-88.882942,"SATE",1130,1579,,"Y","N"
2738,2013,"05/23/13 00:00:00","LA","Terrebonne Bay","Terrebonne Bay 8",29.1415,-90.64927,"SATE",1119,1271,,"Y","N"
4624,2021,"06/17/21 00:00:00","LA","Biloxi South","Long Bay Island",29.5021,-89.5356,"LAGU",1116,1897,,"Y","N"
3376,2015,"05/18/15 00:00:00","FL","Apalachicola West","Audubon Island",30.17688,-85.7353,"LAGU",1115,1643,,"Y","N"
1552,2011,"05/17/11 00:00:00","LA","Barataria Bay","Queen Bess Island",29.3043,-89.9592,"TRHE",1111,1162,,"Y","N"
1553,2011,"06/17/11 00:00:00","LA","Barataria Bay","Shell Island East A",29.2701,-89.6131,"BLSK",1108,1677,,"Y","N"
63,2010,"05/17/10 00:00:00","LA","Terrebonne Bay","Felicity Island",29.2558,-90.44,"ROYT",1107,1168,,"Y","N"
3377,2015,"05/16/15 00:00:00","LA","Barataria Bay","Queen Bess Island",29.3043,-89.9592,"LAGU",1105,2281,,"Y","N"
3378,2015,"06/21/15 00:00:00","LA","Biloxi North","Deadman Point",29.7411,-89.35680000000001,"LAGU",1093,1682,,"Y","N"
2178,2012,"05/27/12 00:00:00","LA","Barataria Bay","Cat Bay South Island",29.3341,-89.8716,"SATE",1077,1281,,"Y","N"
4625,2021,"06/14/21 00:00:00","FL","Apalachicola East","Saint George Causeway",29.694945,-84.88297900000001,"BRPE",1076,1519,,"Y","N"
3379,2015,"06/21/15 00:00:00","LA","Biloxi South","Biloxi South 3",29.7017,-89.5487,"LAGU",1073,1321,,"Y","N"
64,2010,"06/25/10 00:00:00","TX","Galveston","North Deer Island",29.28519,-94.92462,"BRPE",1072,318,,"Y","N"
1554,2011,"06/14/11 00:00:00","LA","Biloxi North","Brush Island",30.034,-89.1863,"LAGU",1070,2419,,"Y","N"
4111,2018,"05/21/18 00:00:00","LA","Terrebonne Bay","Houma Navigation Canal Island",29.19515,-90.61565,"ROYT",1060,1204,,"Y","N"
4626,2021,"06/17/21 00:00:00","LA","Biloxi North","Biloxi North 18",29.992825,-89.249568,"LAGU",1052,1172,,"Y","N"
65,2010,"06/25/10 00:00:00","TX","Galveston","Marker 52 Spoil Island",29.290621,-94.92918,"LAGU",1047,2017,,"Y","N"
4112,2018,"05/19/18 00:00:00","LA","Biloxi South","Belle Isle",29.5758,-89.5727,"TRHE",1042,1072,,"Y","N"
3380,2015,"06/21/15 00:00:00","LA","Breton-Chandeleur Islands","Gosier Islands North",29.5517,-89.06444,"ROYT",1037,1076,,"Y","N"
1555,2011,"06/14/11 00:00:00","LA","Biloxi North","Door Point Lagoon 2",30.06117,-89.18415,"BRPE",1033,1292,"Does not include 2 Empty Nests","Y","N"
2179,2012,"05/27/12 00:00:00","LA","Terrebonne Bay","Felicity Island",29.2558,-90.44,"TRHE",1033,1078,,"Y","N"
4627,2021,"05/17/21 00:00:00","TX","Galveston","Nolan Ryan Marsh",28.94099,-95.35596,"CAEG",1032,1655,,"Y","N"
66,2010,"06/14/10 00:00:00","LA","Birdsfoot East","Bird Island Birdsfoot",29.391585,-89.3212,"BLSK",1029,2104,,"Y","N"
1556,2011,"06/17/11 00:00:00","LA","Biloxi South","Biloxi South 10 C",29.53327,-89.55606,"LAGU",1027,1978,,"Y","N"
67,2010,"06/12/10 00:00:00","FL","Apalachicola East","Saint George Causeway",29.694945,-84.88297900000001,"SATE",1022,1139,,"Y","N"
2180,2012,"05/30/12 00:00:00","AL","Mobile Bay Interior","Gaillard Island",30.5063,-88.03619999999999,"LAGU",1021,1841,,"Y","N"
2739,2013,"06/18/13 00:00:00","LA","Breton-Chandeleur Islands","Chandeleur South B",29.79898,-88.86415599999999,"ROYT",1019,1217,,"Y","N"
68,2010,"05/08/10 00:00:00","LA","Barataria Bay","Cat Bay Island",29.3474,-89.8672,"BRPE",1018,2175,,"Y","N"
4113,2018,"05/19/18 00:00:00","LA","Biloxi North","Turtle Pen Isle",29.938,-89.242,"LAGU",1017,1725,,"Y","Y"
69,2010,"06/23/10 00:00:00","TX","Corpus Christi-Aransas Bay","Nueces Causeway",27.84176,-97.37604,"LAGU",1010,1186,,"Y","N"
4628,2021,"05/17/21 00:00:00","TX","Matagorda Bay","Lavaca Bay Spoils E",28.59947,-96.56207999999999,"ROYT",1006,1052,,"Y","N"
2740,2013,"06/19/13 00:00:00","LA","Terrebonne Bay","Raccoon Island West",29.0596,-90.94159999999999,"BLSK",1004,1485,,"Y","N"
2181,2012,"05/30/12 00:00:00","FL","Apalachicola East","Apalachicola Bird Island",29.714977,-84.975398,"BRPE",996,1027,,"Y","N"
2182,2012,"05/28/12 00:00:00","LA","Biloxi North","Door Point Lagoon 2",30.06117,-89.18415,"LAGU",990,1597,,"Y","N"
4629,2021,"06/17/21 00:00:00","LA","Biloxi North","Deadman Point",29.7411,-89.35680000000001,"LAGU",987,1778,,"Y","N"
3381,2015,"05/17/15 00:00:00","LA","Biloxi North","Redfish Bend",29.9679,-89.2276,"ROYT",985,1110,,"Y","N"
4114,2018,"06/24/18 00:00:00","LA","Breton-Chandeleur Islands","Gosier Islands North",29.5517,-89.06444,"LAGU",984,1150,,"Y","Y"
4630,2021,"06/16/21 00:00:00","MS","Mississippi Sound","Beauvoir",30.39081,-88.97239,"LETE",970,1144,,"Y","N"
1557,2011,"05/18/11 00:00:00","LA","Barataria Bay","Cat Bay North Island",29.3656,-89.8646,"BRPE",969,1243,"Does not include 1 Empty Nest","Y","N"
4115,2018,"05/19/18 00:00:00","LA","Biloxi North","Biloxi North 13",30.0261,-89.2274,"LAGU",968,1188,,"Y","N"
4631,2021,"06/16/21 00:00:00","LA","Breton-Chandeleur Islands","Chandeleur South A",29.809332,-88.86106700000001,"ROYT",966,1037,,"Y","N"
4116,2018,"05/19/18 00:00:00","LA","Biloxi North","Hell Pass Coast B",29.92847,-89.3079,"TRHE",962,970,,"Y","N"
1558,2011,"05/19/11 00:00:00","LA","Biloxi North","Dry Bread Island",29.8426,-89.3064,"LAGU",961,1739,,"Y","N"
3382,2015,"05/17/15 00:00:00","LA","Breton-Chandeleur Islands","Chandeleur North A",29.969531,-88.82772199999999,"ROYT",960,1172,,"Y","N"
70,2010,"06/25/10 00:00:00","TX","Galveston","Evia Island",29.4282,-94.7638,"ROYT",959,830,,"Y","N"
3383,2015,"05/18/15 00:00:00","FL","Apalachicola East","Saint George Causeway",29.694945,-84.88297900000001,"BRPE",956,1288,,"Y","N"
71,2010,"06/23/10 00:00:00","TX","Matagorda Bay","Lavaca Bay Spoils E",28.59947,-96.56207999999999,"WHIB",955,955,,"Y","N"
4632,2021,"06/20/21 00:00:00","TX","Upper Laguna Madre","Naval Air Station Islands F",27.67074,-97.24847699999999,"LAGU",954,1007,,"Y","N"
2741,2013,"05/23/13 00:00:00","LA","Barataria Bay","Barataria Bay 12",29.4323,-90.0147,"FOTE",952,1517,,"Y","N"
2742,2013,"06/19/13 00:00:00","LA","Biloxi North","Isle au Pitre",30.1526,-89.1968,"SATE",947,1111,,"Y","N"
2183,2012,"05/29/12 00:00:00","LA","Breton-Chandeleur Islands","New Harbor Island 2",29.8565,-88.875,"BRPE",942,1431,,"Y","N"
2743,2013,"05/23/13 00:00:00","LA","Barataria Bay","Cat Bay South Island",29.3341,-89.8716,"ROYT",935,1019,,"Y","N"
2184,2012,"05/29/12 00:00:00","LA","Breton-Chandeleur Islands","Chandeleur South D",29.770378,-88.882942,"ROYT",932,970,,"Y","N"
3384,2015,"05/17/15 00:00:00","LA","Biloxi South","Belle Isle",29.5758,-89.5727,"FOTE",930,1128,,"Y","Y"
2744,2013,"05/24/13 00:00:00","LA","Biloxi South","Biloxi South 10 A",29.53141,-89.55392000000001,"LAGU",930,1533,,"Y","N"
4633,2021,"05/22/21 00:00:00","LA","Terrebonne Bay","Philo Brice Islands",29.18416,-90.34678,"LAGU",922,1654,,"Y","N"
2745,2013,"06/18/13 00:00:00","LA","Biloxi North","Hell Pass Coast",29.92569,-89.31116,"LAGU",921,1151,,"Y","N"
1559,2011,"05/20/11 00:00:00","AL","Mississippi Sound","Cat Island",30.3207,-88.2099,"WHIB",913,558,,"Y","N"
4634,2021,"05/17/21 00:00:00","TX","Galveston","West Bay Mooring Facility",29.17285,-95.10677,"WHIB",913,1513,,"Y","N"
4117,2018,"05/19/18 00:00:00","LA","Biloxi South","Belle Isle",29.5758,-89.5727,"BRPE",909,1206,,"Y","N"
4635,2021,"06/16/21 00:00:00","MS","Mississippi Sound Gulf Islands","Ship Island",30.21912,-88.92156,"SATE",908,1276,,"Y","N"
4118,2018,"05/20/18 00:00:00","LA","Barataria Bay","Queen Bess Island",29.3043,-89.9592,"TRHE",904,921,,"Y","N"
4636,2021,"06/20/21 00:00:00","TX","Corpus Christi-Aransas Bay","Hog Island Complex East Islands",27.89763,-97.096237,"TRHE",902,795,,"Y","N"
2746,2013,"05/23/13 00:00:00","LA","Barataria Bay","Cat Bay North Island",29.3656,-89.8646,"ROYT",901,1290,,"Y","N"
4637,2021,"05/18/21 00:00:00","TX","Galveston","Evia Island",29.4282,-94.7638,"BRPE",900,1225,,"Y","N"
4119,2018,"05/19/18 00:00:00","LA","Biloxi South","Biloxi South 3",29.7017,-89.5487,"SNEG",900,960,,"Y","N"
2747,2013,"05/24/13 00:00:00","LA","Biloxi North","Brush Island",30.034,-89.1863,"ROYT",891,959,,"Y","Y"
4120,2018,"05/19/18 00:00:00","LA","Biloxi South","Belle Isle",29.5758,-89.5727,"WHIB",890,1105,,"Y","N"
4638,2021,"06/17/21 00:00:00","LA","Barataria Bay","Beauregard Island",29.27971,-89.97225,"FOTE",889,901,,"Y","Y"
4639,2021,"06/20/21 00:00:00","TX","Corpus Christi-Aransas Bay","Nueces Causeway",27.84176,-97.37604,"LAGU",888,1291,,"Y","N"
1560,2011,"05/17/11 00:00:00","LA","Barataria Bay","Fricot Bayou Island",29.3459,-90.0342,"FOTE",887,994,,"Y","N"
4121,2018,"05/19/18 00:00:00","LA","Biloxi South","Biloxi South 3",29.7017,-89.5487,"TRHE",887,941,,"Y","N"
72,2010,"06/23/10 00:00:00","TX","East Matagorda Bay","Dressing Point",28.73145,-95.76074,"LAGU",885,1107,,"Y","N"
73,2010,"06/25/10 00:00:00","TX","Galveston","West Bay Bird Island",29.09517,-95.14105000000001,"LAGU",885,1621,,"Y","N"
4122,2018,"06/24/18 00:00:00","LA","Breton-Chandeleur Islands","Chandeleur North F",29.881806,-88.828345,"ROYT",884,930,,"Y","N"
2748,2013,"06/18/13 00:00:00","LA","Biloxi South","Biloxi South 3",29.7017,-89.5487,"TRHE",871,975,,"Y","N"
4640,2021,"05/17/21 00:00:00","TX","Lower Laguna Madre","Laguna Vista Spoils A",26.142736,-97.278547,"ROYT",868,942,,"Y","Y"
74,2010,"05/07/10 00:00:00","LA","Breton-Chandeleur Islands","Chandeleur South A",29.809332,-88.86106700000001,"SATE",863,1726,,"Y","N"
2749,2013,"06/19/13 00:00:00","LA","Birdsfoot West","Birdsfoot West 4",29.179677,-89.29314599999999,"BLSK",857,1081,,"Y","N"
4641,2021,"05/17/21 00:00:00","TX","Galveston","West Bay Bird Island",29.09517,-95.14105000000001,"GREG",857,798,,"Y","N"
2185,2012,"05/27/12 00:00:00","LA","Barataria Bay","Belle Pass East",29.0901,-90.22190000000001,"GREG",854,871,,"Y","N"
3385,2015,"06/20/15 00:00:00","LA","Terrebonne Bay","Raccoon Island",29.0505,-90.92659999999999,"BLSK",851,1530,,"Y","N"
4642,2021,"05/17/21 00:00:00","TX","Matagorda Bay","Lavaca Bay Spoils E",28.59947,-96.56207999999999,"TRHE",844,920,,"Y","N"
75,2010,"06/23/10 00:00:00","TX","Matagorda Bay","Kamey Island",28.4554,-96.80629999999999,"WHEG",841,841,"CAEG and SNEG","Y","N"
4643,2021,"06/17/21 00:00:00","LA","Biloxi North","Biloxi North 16",29.9984,-89.2924,"WHIB",839,896,,"Y","N"
2186,2012,"05/28/12 00:00:00","LA","Biloxi North","Door Point Lagoon 1",30.0637,-89.19280000000001,"BRPE",837,1014,"Does not include 7 Empty Nests","Y","N"
76,2010,"06/25/10 00:00:00","TX","Galveston","West Bay Bird Island New",29.09832,-95.14131999999999,"SATE",834,603,,"Y","N"
3386,2015,"05/16/15 00:00:00","LA","Barataria Bay","Belle Pass East",29.0901,-90.22190000000001,"GREG",832,418,,"Y","N"
4644,2021,"06/20/21 00:00:00","TX","Galveston","Mustang Bayou Island",29.167164,-95.129808,"ROYT",831,643,,"Y","N"
1561,2011,"05/17/11 00:00:00","LA","Terrebonne Bay","Pelican Island",29.1437,-90.3475,"BRPE",829,1660,,"Y","N"
3387,2015,"05/17/15 00:00:00","LA","Biloxi South","Biloxi South 5 B",29.6521,-89.4577,"BRPE",828,1169,,"Y","N"
4123,2018,"05/20/18 00:00:00","LA","Breton-Chandeleur Islands","Chandeleur South D",29.770378,-88.882942,"ROYT",821,874,,"Y","N"
4645,2021,"05/17/21 00:00:00","TX","Galveston","Bay Harbor Island",29.13251,-95.07424,"LAGU",818,1078,,"Y","N"
2750,2013,"06/18/13 00:00:00","LA","Breton-Chandeleur Islands","Chandeleur North C",29.929685,-88.82179600000001,"ROYT",818,960,,"Y","N"
4647,2021,"06/18/21 00:00:00","LA","Terrebonne Bay","Houma Navigation Canal Island",29.19515,-90.61565,"BRPE",811,1713,,"Y","N"
4646,2021,"05/17/21 00:00:00","TX","Lower Laguna Madre","Bahia Grande C Central",26.038968,-97.28825500000001,"ROYT",811,925,,"Y","N"
1562,2011,"06/17/11 00:00:00","LA","Barataria Bay","Cat Bay South Island",29.3341,-89.8716,"BRPE",804,1145,"Does not include 1 Empty Nest","Y","N"
2751,2013,"05/24/13 00:00:00","LA","Biloxi South","Belle Isle",29.5758,-89.5727,"FOTE",802,1068,,"Y","N"
3388,2015,"06/21/15 00:00:00","LA","Biloxi North","Biloxi North 14",30.0038,-89.20650000000001,"ROYT",799,955,,"Y","N"
77,2010,"05/08/10 00:00:00","LA","Biloxi South","Biloxi South 3",29.7017,-89.5487,"TRHE",798,858,,"Y","N"
4124,2018,"05/19/18 00:00:00","LA","Biloxi South","Biloxi South 10 D",29.52792,-89.54504,"FOTE",794,1058,,"Y","N"
78,2010,"06/13/10 00:00:00","AL","Mobile Bay Interior","Gaillard Island",30.5063,-88.03619999999999,"ROYT",791,922,,"Y","N"
79,2010,"05/08/10 00:00:00","LA","Barataria Bay","Cat Bay Island",29.3474,-89.8672,"GREG",790,889,,"Y","N"
2187,2012,"06/19/12 00:00:00","LA","Biloxi North","Deadman Point",29.7411,-89.35680000000001,"BRPE",789,1226,,"Y","N"
1563,2011,"05/18/11 00:00:00","LA","Biloxi South","Biloxi South 3",29.7017,-89.5487,"SNEG",786,1001,,"Y","N"
2752,2013,"05/23/13 00:00:00","LA","Barataria Bay","Cat Bay South Island",29.3341,-89.8716,"SATE",782,886,,"Y","N"
4648,2021,"06/18/21 00:00:00","LA","Sabine-Calcasieu","Rabbit Island",29.8494,-93.383,"SNEG",781,1248,,"Y","N"
4125,2018,"05/21/18 00:00:00","LA","Terrebonne Bay","Whiskey Island",29.05262,-90.85284,"BLSK",780,888,,"Y","N"
4649,2021,"05/17/21 00:00:00","TX","Galveston","Bay Harbor Island",29.13251,-95.07424,"ROYT",779,891,,"Y","N"
80,2010,"05/17/10 00:00:00","LA","Sabine-Calcasieu","Rabbit Island",29.8494,-93.383,"SNEG",776,758,,"Y","N"
4650,2021,"05/17/21 00:00:00","TX","Lower Laguna Madre","Laguna Vista Spoils A",26.142736,-97.278547,"SATE",771,862,,"Y","Y"
1,2010,"06/25/10 00:00:00","TX","Galveston","North Deer Island",29.28519,-94.92462,"ROSA",770,0,,"Y","N"
2753,2013,"06/19/13 00:00:00","LA","Barataria Bay","Bastian Island",29.296,-89.66549999999999,"BLSK",769,1304,,"Y","N"
4126,2018,"05/21/18 00:00:00","LA","Terrebonne Bay","Felicity Island",29.2558,-90.44,"BRPE",764,1318,,"Y","N"
4651,2021,"06/17/21 00:00:00","LA","Biloxi North","Biloxi North 16",29.9984,-89.2924,"LAGU",755,839,,"Y","N"
2188,2012,"05/28/12 00:00:00","LA","Biloxi South","Biloxi South 3",29.7017,-89.5487,"SNEG",753,934,,"Y","N"
2,2010,"06/23/10 00:00:00","TX","Corpus Christi-Aransas Bay","Second Chain of Islands G",28.192882,-96.81453399999999,"WHIB",745,774,,"Y","N"
1564,2011,"05/19/11 00:00:00","LA","Breton-Chandeleur Islands","Chandeleur South B",29.79898,-88.86415599999999,"SATE",744,949,,"Y","N"
2189,2012,"05/30/12 00:00:00","AL","Mobile Bay Interior","Gaillard Island",30.5063,-88.03619999999999,"SATE",741,756,,"Y","N"
2190,2012,"05/27/12 00:00:00","LA","Barataria Bay","Cat Bay North Island",29.3656,-89.8646,"LAGU",737,1522,,"Y","N"
1565,2011,"05/19/11 00:00:00","LA","Biloxi North","Brush Island",30.034,-89.1863,"ROYT",729,825,,"Y","N"
4652,2021,"06/17/21 00:00:00","LA","Biloxi South","Biloxi South 6",29.6569,-89.5145,"LAGU",727,991,,"Y","N"
4653,2021,"06/20/21 00:00:00","TX","Upper Laguna Madre","White Pelican Island",27.39097,-97.36359,"AWPE",725,881,,"Y","Y"
4654,2021,"06/16/21 00:00:00","LA","Breton-Chandeleur Islands","Chandeleur South A",29.809332,-88.86106700000001,"SATE",724,799,,"Y","N"
2754,2013,"06/19/13 00:00:00","LA","Birdsfoot West","Birdsfoot West 4",29.179677,-89.29314599999999,"GBTE",722,825,,"Y","N"
4655,2021,"06/20/21 00:00:00","TX","Matagorda Bay","Chester Island",28.45174,-96.34689,"GREG",721,489,,"Y","Y"
3,2010,"06/11/10 00:00:00","FL","Tampa Bay","3 Rooker Key",28.1138,-82.839,"LAGU",720,802,,"Y","N"
2755,2013,"06/18/13 00:00:00","LA","Breton-Chandeleur Islands","Chandeleur North B",29.949821,-88.823795,"ROYT",719,913,,"Y","N"
2191,2012,"05/28/12 00:00:00","LA","Biloxi North","Hell Pass Coast",29.92569,-89.31116,"LAGU",716,1092,,"Y","N"
4,2010,"06/10/10 00:00:00","FL","Tampa Bay","Egmont Key",27.5793,-82.75960000000001,"SATE",716,730,,"Y","N"
3389,2015,"05/16/15 00:00:00","LA","Atchafalaya Bay","Skimmer Island",29.3864,-91.3836,"LAGU",712,869,,"Y","N"
4656,2021,"06/18/21 00:00:00","LA","Terrebonne Bay","Felicity Island",29.2558,-90.44,"LAGU",709,852,,"Y","N"
4657,2021,"05/17/21 00:00:00","TX","Lower Laguna Madre","East Marker Spoil",26.63626,-97.38531999999999,"LAGU",708,990,,"Y","N"
2756,2013,"05/24/13 00:00:00","LA","Biloxi North","Dry Bread Island",29.8426,-89.3064,"LAGU",706,1097,,"Y","N"
1566,2011,"05/17/11 00:00:00","LA","Terrebonne Bay","Felicity Island",29.2558,-90.44,"BRPE",705,1250,"Does not include 4 Empty Nests","Y","N"
2192,2012,"05/27/12 00:00:00","LA","Terrebonne Bay","Raccoon Island",29.0505,-90.92659999999999,"BLSK",701,1399,,"Y","N"
5,2010,"05/08/10 00:00:00","LA","Barataria Bay","Cat Bay North Island",29.3656,-89.8646,"BRPE",700,1462,,"Y","N"
4658,2021,"06/20/21 00:00:00","TX","Galveston","West Bay Bird Island New",29.09832,-95.14131999999999,"ROYT",700,743,,"Y","N"
4127,2018,"05/19/18 00:00:00","LA","Biloxi South","Belle Isle",29.5758,-89.5727,"FOTE",696,807,,"Y","N"
2757,2013,"06/19/13 00:00:00","LA","Atchafalaya Bay","Avocet Island",29.407242,-91.363845,"ROYT",694,752,,"Y","N"
4659,2021,"05/17/21 00:00:00","TX","Galveston","Nolan Ryan Marsh",28.94099,-95.35596,"SNEG",691,977,,"Y","N"
2758,2013,"05/23/13 00:00:00","LA","Barataria Bay","Belle Pass East",29.0901,-90.22190000000001,"GREG",690,709,,"Y","N"
2193,2012,"05/27/12 00:00:00","LA","Barataria Bay","Cat Bay North Island",29.3656,-89.8646,"BRPE",685,1137,,"Y","N"
2759,2013,"05/24/13 00:00:00","LA","Biloxi South","Biloxi South 10 C",29.53327,-89.55606,"LAGU",682,1278,,"Y","N"
3390,2015,"06/21/15 00:00:00","LA","Biloxi South","Biloxi South 3",29.7017,-89.5487,"TRHE",681,888,,"Y","N"
6,2010,"05/17/10 00:00:00","LA","Terrebonne Bay","Pelican Island",29.1437,-90.3475,"BRPE",674,1449,,"Y","N"
1567,2011,"06/14/11 00:00:00","LA","Biloxi North","Hell Pass Coast",29.92569,-89.31116,"LAGU",672,851,,"Y","N"
1568,2011,"05/17/11 00:00:00","LA","Terrebonne Bay","Felicity Island",29.2558,-90.44,"SNEG",671,743,,"Y","N"
1569,2011,"05/20/11 00:00:00","AL","Mobile Bay Interior","Gaillard Island",30.5063,-88.03619999999999,"SATE",670,698,,"Y","Y"
4660,2021,"06/17/21 00:00:00","LA","Biloxi North","Biloxi North 40",30.0434,-89.33750000000001,"LAGU",662,736,,"Y","N"
1570,2011,"06/13/11 00:00:00","FL","Apalachicola East","Flag Island South",29.6261,-85.152,"SATE",661,696,,"Y","N"
2194,2012,"05/27/12 00:00:00","LA","Barataria Bay","Queen Bess Island",29.3043,-89.9592,"TRHE",660,679,,"Y","Y"
7,2010,"05/17/10 00:00:00","LA","Sabine-Calcasieu","Rabbit Island",29.8494,-93.383,"BRPE",656,954,,"Y","N"
3391,2015,"05/17/15 00:00:00","LA","Biloxi North","Drum Bay Island",29.9197,-89.2627,"BRPE",655,927,,"Y","Y"
8,2010,"05/07/10 00:00:00","LA","Breton-Chandeleur Islands","New Harbor Island 2",29.8565,-88.875,"BRPE",650,1182,,"Y","N"
2195,2012,"05/27/12 00:00:00","LA","Barataria Bay","Manilla Island",29.4308,-89.97320000000001,"FOTE",650,805,,"Y","N"
9,2010,"05/08/10 00:00:00","LA","Biloxi South","Biloxi South 5 A",29.6523,-89.464,"LAGU",639,1454,,"Y","N"
2196,2012,"06/19/12 00:00:00","LA","Biloxi North","Brush Island",30.034,-89.1863,"SATE",638,716,,"Y","N"
3392,2015,"05/16/15 00:00:00","LA","Barataria Bay","Queen Bess Island",29.3043,-89.9592,"TRHE",638,782,,"Y","N"
4661,2021,"06/20/21 00:00:00","TX","Galveston","West Bay Bird Island New",29.09832,-95.14131999999999,"SATE",630,652,,"Y","N"
1571,2011,"05/17/11 00:00:00","LA","Barataria Bay","Belle Pass East",29.0901,-90.22190000000001,"GREG",629,709,,"Y","N"
4662,2021,"06/17/21 00:00:00","LA","Birdsfoot East","Gunn Island",29.4136,-89.2957,"CATE",627,813,,"Y","N"
4663,2021,"06/17/21 00:00:00","LA","Biloxi South","Biloxi South 5 B",29.6521,-89.4577,"LAGU",626,1107,,"Y","N"
4128,2018,"05/19/18 00:00:00","LA","Biloxi North","Biloxi North 14",30.0038,-89.20650000000001,"LAGU",625,908,,"Y","N"
2197,2012,"05/28/12 00:00:00","LA","Biloxi North","Deadman Point",29.7411,-89.35680000000001,"TRHE",625,639,,"Y","N"
2760,2013,"06/18/13 00:00:00","LA","Breton-Chandeleur Islands","Chandeleur North B",29.949821,-88.823795,"SATE",624,829,,"Y","N"
4129,2018,"05/19/18 00:00:00","LA","Biloxi North","Isle au Pitre",30.1526,-89.1968,"BRPE",622,932,,"Y","Y"
2198,2012,"05/28/12 00:00:00","LA","Biloxi South","Biloxi South 4 B",29.6629,-89.4628,"LAGU",621,962,,"Y","N"
4130,2018,"06/23/18 00:00:00","LA","Biloxi North","Bayou Pintou",30.128,-89.224,"BLSK",619,1201,,"Y","N"
2199,2012,"05/28/12 00:00:00","LA","Biloxi South","Biloxi South 10 D",29.52792,-89.54504,"LAGU",616,959,,"Y","N"
4131,2018,"05/19/18 00:00:00","LA","Biloxi North","Biloxi North 8",30.0525,-89.1944,"LAGU",616,827,,"Y","N"
10,2010,"06/23/10 00:00:00","TX","Matagorda Bay","Lavaca Bay Spoils E",28.59947,-96.56207999999999,"LAGU",615,665,,"Y","N"
3393,2015,"05/18/15 00:00:00","LA","Biloxi North","Door Point Lagoon 2",30.06117,-89.18415,"LAGU",615,1083,,"Y","N"
3394,2015,"05/17/15 00:00:00","LA","Biloxi North","Dry Bread Island",29.8426,-89.3064,"LAGU",613,1161,,"Y","N"
11,2010,"06/23/10 00:00:00","TX","Matagorda Bay","Chester Island",28.45174,-96.34689,"BRPE",612,223,,"Y","N"
2761,2013,"06/19/13 00:00:00","LA","Vermilion Bay","Bayou Platte Island South",29.6069,-91.8913,"GBTE",611,776,,"Y","N"
2200,2012,"05/29/12 00:00:00","AL","Mississippi Sound","Cat Island",30.3207,-88.2099,"WHIB",609,195,,"Y","N"
2762,2013,"06/18/13 00:00:00","LA","Biloxi South","Biloxi South 3",29.7017,-89.5487,"SNEG",608,749,,"Y","N"
4132,2018,"05/19/18 00:00:00","LA","Biloxi North","Isle au Pitre",30.1526,-89.1968,"LAGU",605,908,,"Y","N"
4133,2018,"06/23/18 00:00:00","LA","Biloxi South","Biloxi South 6",29.6569,-89.5145,"FOTE",601,883,,"Y","N"
3395,2015,"06/21/15 00:00:00","LA","Biloxi South","Biloxi South 10 B",29.5289,-89.55068,"LAGU",600,781,,"Y","N"
12,2010,"06/10/10 00:00:00","FL","Tampa Bay","Egmont Key",27.5793,-82.75960000000001,"BRPE",598,615,,"Y","N"
13,2010,"06/11/10 00:00:00","FL","Tampa Bay","Sunken Island",27.8469,-82.41500000000001,"BRPE",597,589,"Does not include 9 Empty Nests","Y","N"
2763,2013,"06/18/13 00:00:00","LA","Biloxi North","Hell Pass Coast",29.92569,-89.31116,"TRHE",596,626,,"Y","N"
1572,2011,"06/17/11 00:00:00","LA","Barataria Bay","Shell Island East B",29.2786,-89.62690000000001,"BLSK",595,1021,,"Y","N"
14,2010,"05/18/10 00:00:00","AL","Mississippi Sound Gulf Islands","Dauphin Island 3",30.2367,-88.26609999999999,"BLSK",593,908,,"Y","N"
1573,2011,"05/18/11 00:00:00","LA","Barataria Bay","Cat Bay North Island",29.3656,-89.8646,"LAGU",589,1398,,"Y","N"
3396,2015,"05/17/15 00:00:00","LA","Biloxi South","Long Bay Island",29.5021,-89.5356,"BRPE",588,842,,"Y","N"
4664,2021,"06/16/21 00:00:00","LA","Biloxi North","Door Point Lagoon 2",30.06117,-89.18415,"LAGU",587,937,,"Y","N"
15,2010,"06/10/10 00:00:00","FL","Ten Thousand Islands","Marco Island",25.9549,-81.75279999999999,"BLSK",586,1208,,"Y","N"
16,2010,"06/11/10 00:00:00","FL","Tampa Bay","3 Rooker Key",28.1138,-82.839,"BLSK",585,917,,"Y","N"
1574,2011,"06/15/11 00:00:00","LA","Breton-Chandeleur Islands","New Harbor Island 3",29.8542,-88.8634,"BRPE",585,1082,"Does not include 1 Empty Nest","Y","N"
2764,2013,"05/24/13 00:00:00","AL","Mississippi Sound","Cat Island",30.3207,-88.2099,"WHIB",578,568,,"Y","N"
4134,2018,"06/24/18 00:00:00","LA","Breton-Chandeleur Islands","Chandeleur North C",29.929685,-88.82179600000001,"ROYT",576,689,,"Y","N"
17,2010,"05/17/10 00:00:00","LA","Terrebonne Bay","Felicity Island",29.2558,-90.44,"TRHE",576,621,,"Y","N"
2765,2013,"05/24/13 00:00:00","LA","Biloxi North","Biloxi North 12",30.042,-89.273,"LAGU",575,854,,"Y","Y"
2201,2012,"05/27/12 00:00:00","LA","Barataria Bay","Cat Bay South Island",29.3341,-89.8716,"BRPE",574,1412,,"Y","N"
4135,2018,"05/21/18 00:00:00","LA","Sabine-Calcasieu","Rabbit Island",29.8494,-93.383,"FOTE",573,747,,"Y","N"
2202,2012,"05/27/12 00:00:00","LA","Barataria Bay","Grand Island Point",29.3727,-89.8929,"ROYT",573,659,,"Y","N"
4136,2018,"05/19/18 00:00:00","LA","Biloxi South","Biloxi South 5 A",29.6523,-89.464,"LAGU",570,1209,,"Y","N"
4665,2021,"06/17/21 00:00:00","LA","Biloxi South","Belle Isle",29.5758,-89.5727,"TRHE",569,617,,"Y","N"
4666,2021,"05/17/21 00:00:00","TX","East Matagorda Bay","Dressing Point",28.73145,-95.76074,"BRPE",568,1432,,"Y","N"
4667,2021,"05/17/21 00:00:00","TX","Galveston","West Bay Bird Island New",29.09832,-95.14131999999999,"LAGU",563,970,,"Y","N"
4669,2021,"06/17/21 00:00:00","LA","Biloxi North","Turtle Pen Isle",29.938,-89.242,"BLSK",562,1073,,"Y","N"
4137,2018,"05/19/18 00:00:00","LA","Biloxi South","Biloxi South 3",29.7017,-89.5487,"LAGU",562,1036,,"Y","N"
4668,2021,"06/17/21 00:00:00","LA","Biloxi North","Hell Pass Coast A",29.93259,-89.30759999999999,"LAGU",562,710,,"Y","N"
4670,2021,"06/20/21 00:00:00","TX","East Matagorda Bay","Dressing Point",28.73145,-95.76074,"GREG",560,585,,"Y","N"
4671,2021,"06/18/21 00:00:00","LA","Terrebonne Bay","Houma Navigation Canal Island",29.19515,-90.61565,"TRHE",559,700,,"Y","N"
1575,2011,"05/19/11 00:00:00","LA","Biloxi North","Drum Bay Island",29.9197,-89.2627,"WHIB",558,610,,"Y","N"
18,2010,"06/12/10 00:00:00","FL","Apalachicola East","Lanark Reef West",29.871013,-84.590857,"BRPE",554,631,"Does not include 9 Empty Nests","Y","N"
4672,2021,"06/18/21 00:00:00","LA","Terrebonne Bay","Houma Navigation Canal Island",29.19515,-90.61565,"ROYT",554,653,,"Y","N"
4673,2021,"05/17/21 00:00:00","TX","Lower Laguna Madre","Green Island Spoils K",26.410227,-97.299153,"LAGU",553,759,,"Y","N"
19,2010,"05/18/10 00:00:00","LA","Lake Borgne","Half Moon Island",30.1376,-89.43519999999999,"TRHE",551,561,,"Y","N"
20,2010,"06/11/10 00:00:00","FL","Tampa Bay","Piney Point Mangroves",27.6503,-82.5462,"WHIB",551,600,"Does not include 2 Empty Nests","Y","N"
4674,2021,"05/22/21 00:00:00","LA","Terrebonne Bay","Philo Brice Islands",29.18416,-90.34678,"TRHE",549,585,,"Y","N"
4675,2021,"05/18/21 00:00:00","TX","Galveston","Dickinson Bay Spoil Island",29.46827,-94.94542,"CAEG",548,625,,"Y","N"
2766,2013,"05/25/13 00:00:00","FL","Apalachicola West","Audubon Island",30.17688,-85.7353,"LAGU",548,788,,"Y","N"
4138,2018,"05/19/18 00:00:00","LA","Biloxi North","Biloxi North 16",29.9984,-89.2924,"LAGU",548,684,,"Y","N"
2203,2012,"05/28/12 00:00:00","LA","Biloxi North","Biloxi North 26",29.8979,-89.301,"LAGU",547,791,,"Y","N"
2204,2012,"06/19/12 00:00:00","LA","Birdsfoot East","Birdsfoot East 3",29.3725,-89.29989999999999,"GBTE",545,831,,"Y","N"
4676,2021,"05/17/21 00:00:00","TX","Lower Laguna Madre","East Marker Spoil",26.63626,-97.38531999999999,"ROYT",544,604,,"Y","N"
21,2010,"06/11/10 00:00:00","FL","Tampa Bay","3 Rooker Key",28.1138,-82.839,"WHIB",544,663,"Does not include 2 Empty Nests","Y","N"
2767,2013,"05/25/13 00:00:00","FL","Apalachicola East","Saint George Causeway",29.694945,-84.88297900000001,"BRPE",543,713,,"Y","N"
2205,2012,"05/28/12 00:00:00","LA","Biloxi North","Dry Bread Island",29.8426,-89.3064,"LAGU",543,831,,"Y","N"
4677,2021,"05/17/21 00:00:00","TX","Lower Laguna Madre","Green Island Spoils L",26.413197,-97.296649,"LAGU",543,738,,"Y","N"
22,2010,"06/25/10 00:00:00","TX","Galveston","West Bay Bird Island",29.09517,-95.14105000000001,"TRHE",543,244,"Does not include 8 Empty Nests","Y","N"
4678,2021,"05/18/21 00:00:00","TX","Galveston","Kanaloa Spoil",29.29323,-94.93583,"BRPE",542,451,,"Y","N"
23,2010,"06/25/10 00:00:00","TX","Galveston","West Bay Bird Island New",29.09832,-95.14131999999999,"WHIB",538,544,"Does not include 68 Empty Nests","Y","N"
2768,2013,"06/18/13 00:00:00","LA","Birdsfoot East","Birdsfoot East 3",29.3725,-89.29989999999999,"BLSK",533,675,,"Y","N"
1576,2011,"05/18/11 00:00:00","LA","Barataria Bay","Cat Bay Island",29.3474,-89.8672,"GREG",528,425,,"Y","N"
24,2010,"06/23/10 00:00:00","TX","Matagorda Bay","Chester Island",28.45174,-96.34689,"LAGU",527,867,,"Y","N"
3397,2015,"05/17/15 00:00:00","LA","Biloxi North","Hell Pass Coast B",29.92847,-89.3079,"TRHE",527,541,,"Y","N"
25,2010,"06/11/10 00:00:00","FL","Tampa Bay","3 Rooker Key",28.1138,-82.839,"ROYT",526,499,"Includes 44 Empty Nests","Y","N"
1577,2011,"06/17/11 00:00:00","LA","Barataria Bay","Cat Bay South Island",29.3341,-89.8716,"ROYT",526,559,,"Y","N"
4679,2021,"06/16/21 00:00:00","LA","Biloxi North","Isle au Pitre",30.1526,-89.1968,"ROYT",525,664,,"Y","N"
2769,2013,"05/24/13 00:00:00","LA","Biloxi North","Brush Island",30.034,-89.1863,"LAGU",523,694,,"Y","Y"
26,2010,"06/14/10 00:00:00","LA","Barataria Bay","Bastian Island",29.296,-89.66549999999999,"BLSK",521,907,,"Y","N"
4680,2021,"06/18/21 00:00:00","LA","Sabine-Calcasieu","Rabbit Island",29.8494,-93.383,"BRPE",521,1442,,"Y","N"
1578,2011,"06/14/11 00:00:00","AL","Mobile Bay Interior","Gaillard Island",30.5063,-88.03619999999999,"CATE",521,575,,"Y","Y"
2770,2013,"06/17/13 00:00:00","FL","Apalachicola East","Lanark Reef West",29.871013,-84.590857,"BRPE",519,566,,"Y","N"
2771,2013,"06/19/13 00:00:00","LA","Vermilion Bay","Bayou Platte Island South",29.6069,-91.8913,"BLSK",518,1026,,"Y","N"
81,2010,"05/08/10 00:00:00","LA","Biloxi South","Biloxi South 3",29.7017,-89.5487,"SNEG",518,575,,"Y","N"
2772,2013,"05/23/13 00:00:00","LA","Barataria Bay","Beauregard Island",29.27971,-89.97225,"LAGU",517,1067,,"Y","N"
2206,2012,"06/19/12 00:00:00","LA","Biloxi North","Biloxi North 13",30.0261,-89.2274,"LAGU",516,574,,"Y","N"
4681,2021,"06/16/21 00:00:00","MS","Mississippi Sound Gulf Islands","Ship Island",30.21912,-88.92156,"BLSK",513,1050,,"Y","N"
2207,2012,"05/28/12 00:00:00","LA","Biloxi South","Biloxi South 10 B",29.5289,-89.55068,"LAGU",511,771,,"Y","N"
2208,2012,"05/28/12 00:00:00","LA","Biloxi South","Biloxi South 11",29.5247,-89.57259999999999,"BRPE",509,704,,"Y","N"
3398,2015,"05/17/15 00:00:00","LA","Biloxi South","Biloxi South 5 A",29.6523,-89.464,"LAGU",508,1454,,"Y","N"
4682,2021,"06/20/21 00:00:00","TX","Lower Laguna Madre","Northeast Mansfield Intersection Spoil",26.56432,-97.40021,"ROYT",507,548,,"Y","N"
4683,2021,"06/17/21 00:00:00","LA","Biloxi North","Hell Pass Coast B",29.92847,-89.3079,"LAGU",506,632,,"Y","N"
1579,2011,"05/18/11 00:00:00","LA","Barataria Bay","Bay Ronquille Northwest Island",29.3631,-89.85339999999999,"TRHE",506,496,,"Y","N"
4684,2021,"06/16/21 00:00:00","LA","Biloxi North","Door Point Lagoon 1",30.0637,-89.19280000000001,"LAGU",504,809,,"Y","N"
4139,2018,"05/20/18 00:00:00","LA","Barataria Bay","Barataria Bay 5 AB",29.312443,-90.03893600000001,"FOTE",503,641,,"Y","N"
2773,2013,"05/24/13 00:00:00","LA","Biloxi North","Door Point Lagoon 2",30.06117,-89.18415,"LAGU",499,751,,"Y","N"
82,2010,"05/18/10 00:00:00","LA","Biloxi North","Biloxi North 13",30.0261,-89.2274,"LAGU",498,850,,"Y","N"
83,2010,"06/11/10 00:00:00","FL","Crystal River","Seahorse Key",29.0969,-83.06610000000001,"GREG",494,491,"Does not include 6 Empty Nests","Y","N"
4685,2021,"05/17/21 00:00:00","TX","Galveston","West Bay Mooring Facility",29.17285,-95.10677,"SATE",492,535,,"Y","N"
4686,2021,"05/17/21 00:00:00","TX","Galveston","Nolan Ryan Marsh",28.94099,-95.35596,"TRHE",492,594,,"Y","N"
2209,2012,"05/27/12 00:00:00","LA","Barataria Bay","Cat Bay Island",29.3474,-89.8672,"BRPE",491,849,,"Y","N"
4140,2018,"05/20/18 00:00:00","LA","Barataria Bay","Queen Bess Island",29.3043,-89.9592,"GREG",490,387,,"Y","N"
84,2010,"06/10/10 00:00:00","FL","Tampa Bay","Egmont Key",27.5793,-82.75960000000001,"LAGU",490,715,,"Y","N"
2774,2013,"05/25/13 00:00:00","FL","Apalachicola East","Saint George Causeway",29.694945,-84.88297900000001,"LAGU",489,649,,"Y","N"
1580,2011,"05/17/11 00:00:00","LA","Terrebonne Bay","Felicity Island",29.2558,-90.44,"WHIB",487,506,"Does not include 97 Empty Nests","Y","N"
1581,2011,"06/17/11 00:00:00","LA","Barataria Bay","Manilla Island",29.4308,-89.97320000000001,"FOTE",485,527,,"Y","N"
3399,2015,"06/21/15 00:00:00","LA","Biloxi North","Deadman Point",29.7411,-89.35680000000001,"BRPE",484,871,,"Y","N"
1582,2011,"06/17/11 00:00:00","LA","Biloxi South","Long Bay Island",29.5021,-89.5356,"BRPE",481,574,"Does not include 53 Empty Nests","Y","N"
3400,2015,"05/16/15 00:00:00","LA","Atchafalaya Bay","Skimmer Island",29.3864,-91.3836,"TRHE",481,576,,"Y","N"
1583,2011,"05/19/11 00:00:00","LA","Lake Borgne","Half Moon Island",30.1376,-89.43519999999999,"TRHE",480,291,,"Y","N"
4687,2021,"06/20/21 00:00:00","TX","Galveston","Cowtrap Lake B",28.86285,-95.524216,"LAGU",479,761,,"Y","N"
1584,2011,"05/19/11 00:00:00","LA","Biloxi North","Biloxi North 10 E",30.0502,-89.3117,"TRHE",475,464,,"Y","N"
85,2010,"06/11/10 00:00:00","FL","Tampa Bay","Sunken Island",27.8469,-82.41500000000001,"WHIB",471,619,"Does not include 2 Empty Nests","Y","N"
4688,2021,"06/20/21 00:00:00","TX","Lower Laguna Madre","Green Island",26.39257,-97.32510000000001,"GREG",470,473,,"Y","N"
4689,2021,"06/20/21 00:00:00","TX","Galveston","Mustang Bayou Island",29.167164,-95.129808,"LAGU",470,675,,"Y","N"
4690,2021,"06/20/21 00:00:00","TX","Galveston","Cowtrap Lake A",28.861515,-95.527641,"LAGU",466,761,,"Y","N"
4141,2018,"05/21/18 00:00:00","LA","Terrebonne Bay","Houma Navigation Canal Island",29.19515,-90.61565,"GREG",465,553,,"Y","N"
86,2010,"06/26/10 00:00:00","TX","Galveston","Rollover Bay D",29.5215,-94.5056,"LAGU",465,752,"Does not include 45 Empty Nests","Y","N"
4691,2021,"06/16/21 00:00:00","LA","Breton-Chandeleur Islands","Chandeleur North E",29.888395,-88.82646,"LAGU",465,620,,"Y","N"
2210,2012,"05/27/12 00:00:00","LA","Atchafalaya Bay","Skimmer Island",29.3864,-91.3836,"GBTE",464,490,,"Y","N"
3401,2015,"05/16/15 00:00:00","LA","Terrebonne Bay","Terrebonne Bay 1",29.21025,-90.57022000000001,"LAGU",464,814,,"Y","N"
4692,2021,"05/17/21 00:00:00","TX","Lower Laguna Madre","Green Island Spoils G",26.412964,-97.30841100000001,"LAGU",462,614,,"Y","N"
2775,2013,"05/24/13 00:00:00","LA","Biloxi South","Biloxi South 10 D",29.52792,-89.54504,"LAGU",460,863,,"Y","N"
4693,2021,"06/16/21 00:00:00","LA","Biloxi North","Bayou Pintou",30.128,-89.224,"BLSK",456,1135,,"Y","N"
3402,2015,"05/18/15 00:00:00","FL","Apalachicola East","Lanark Reef West",29.871013,-84.590857,"BRPE",455,542,,"Y","N"
4694,2021,"05/17/21 00:00:00","TX","Corpus Christi-Aransas Bay","Second Chain of Islands G",28.192882,-96.81453399999999,"GREG",454,515,,"Y","N"
4695,2021,"05/17/21 00:00:00","TX","Lower Laguna Madre","Green Island Spoils F",26.409668,-97.311339,"LAGU",454,644,,"Y","N"
1585,2011,"06/14/11 00:00:00","LA","Biloxi North","Biloxi North 12",30.042,-89.273,"LAGU",453,649,,"Y","N"
2776,2013,"05/24/13 00:00:00","LA","Biloxi North","Redfish Bend",29.9679,-89.2276,"ROYT",453,599,,"Y","N"
1586,2011,"06/13/11 00:00:00","MS","Mississippi Sound","Beauvoir",30.39081,-88.97239,"BLSK",452,781,,"Y","N"
4696,2021,"06/17/21 00:00:00","LA","Biloxi North","Drum Bay Island",29.9197,-89.2627,"BRPE",452,741,,"Y","N"
2777,2013,"06/19/13 00:00:00","LA","Atchafalaya Bay","Avocet Island",29.407242,-91.363845,"SATE",451,482,,"Y","N"
2211,2012,"05/28/12 00:00:00","LA","Biloxi North","Door Point Lagoon 2",30.06117,-89.18415,"BRPE",449,620,,"Y","N"
4697,2021,"05/17/21 00:00:00","TX","Lower Laguna Madre","East Marker Spoil",26.63626,-97.38531999999999,"SATE",449,512,,"Y","N"
2212,2012,"05/28/12 00:00:00","LA","Biloxi North","Door Point Lagoon 1",30.0637,-89.19280000000001,"LAGU",448,704,,"Y","N"
4142,2018,"05/19/18 00:00:00","LA","Biloxi North","Door Point Lagoon 1",30.0637,-89.19280000000001,"LAGU",447,683,,"Y","N"
2213,2012,"05/30/12 00:00:00","FL","Apalachicola East","Flag Island South",29.6261,-85.152,"SATE",445,598,,"Y","N"
1587,2011,"06/18/11 00:00:00","LA","Terrebonne Bay","Belle Pass West",29.0991,-90.262,"BLSK",444,779,,"Y","N"
2778,2013,"05/24/13 00:00:00","LA","Biloxi South","Biloxi South 10 B",29.5289,-89.55068,"LAGU",444,838,,"Y","N"
87,2010,"06/25/10 00:00:00","TX","Galveston","Mustang Bayou Island",29.167164,-95.129808,"ROYT",443,409,,"Y","N"
88,2010,"05/08/10 00:00:00","LA","Biloxi South","Biloxi South 10 A",29.53141,-89.55392000000001,"BRPE",440,754,,"Y","N"
4698,2021,"05/22/21 00:00:00","LA","Terrebonne Bay","Philo Brice Islands",29.18416,-90.34678,"GREG",440,372,,"Y","N"
2779,2013,"06/18/13 00:00:00","LA","Breton-Chandeleur Islands","Chandeleur South A",29.809332,-88.86106700000001,"SATE",439,663,,"Y","N"
1588,2011,"05/19/11 00:00:00","LA","Biloxi North","Redfish Bend",29.9679,-89.2276,"ROYT",438,609,,"Y","N"
4699,2021,"06/17/21 00:00:00","LA","Biloxi North","Biloxi North 12",30.042,-89.273,"TRHE",437,444,,"Y","N"
4701,2021,"05/17/21 00:00:00","TX","Lower Laguna Madre","Bahia Grande C West",26.034567,-97.304354,"GBTE",436,583,,"Y","Y"
4700,2021,"06/18/21 00:00:00","LA","Sabine-Calcasieu","Rabbit Island",29.8494,-93.383,"ROYT",436,573,,"Y","N"
4702,2021,"05/17/21 00:00:00","TX","Upper Laguna Madre","Naval Air Station Islands P",27.670627,-97.25837,"LAGU",435,606,,"Y","N"
4703,2021,"06/20/21 00:00:00","TX","Corpus Christi-Aransas Bay","West Nueces Bay 51W P",27.85798,-97.49055,"LAGU",435,664,,"Y","N"
3403,2015,"06/21/15 00:00:00","LA","Breton-Chandeleur Islands","Chandeleur North F",29.881806,-88.828345,"ROYT",434,447,,"Y","N"
89,2010,"06/13/10 00:00:00","AL","Mobile Bay Interior","Gaillard Island",30.5063,-88.03619999999999,"LAGU",433,693,,"Y","N"
3404,2015,"05/17/15 00:00:00","LA","Biloxi North","Drum Bay Island",29.9197,-89.2627,"LAGU",432,745,,"Y","N"
4705,2021,"06/16/21 00:00:00","LA","Biloxi North","Biloxi North 7",30.0578,-89.2011,"BRPE",431,550,,"Y","N"
4704,2021,"06/18/21 00:00:00","TX","Galveston","South Deer Island",29.27195,-94.9119,"TRHE",431,439,,"Y","N"
90,2010,"05/17/10 00:00:00","LA","Terrebonne Bay","Raccoon Island",29.0505,-90.92659999999999,"GREG",430,360,,"Y","N"
1589,2011,"06/14/11 00:00:00","LA","Biloxi North","Biloxi North 13",30.0261,-89.2274,"LAGU",430,828,,"Y","N"
1590,2011,"06/14/11 00:00:00","LA","Biloxi North","Brush Island",30.034,-89.1863,"BRPE",429,793,"Does not include 1 Empty Nest","Y","N"
91,2010,"06/12/10 00:00:00","FL","Apalachicola East","Apalachicola Bird Island",29.714977,-84.975398,"BRPE",428,863,"Does not include 1 Empty Nest","Y","N"
2214,2012,"05/28/12 00:00:00","LA","Biloxi South","Biloxi South 11",29.5247,-89.57259999999999,"GREG",428,213,,"Y","N"
4143,2018,"05/21/18 00:00:00","LA","Terrebonne Bay","Raccoon Island",29.0505,-90.92659999999999,"GREG",428,583,,"Y","N"
1591,2011,"05/18/11 00:00:00","LA","Biloxi South","Biloxi South 2",29.7047,-89.5647,"FOTE",426,426,,"Y","N"
4144,2018,"05/21/18 00:00:00","LA","Sabine-Calcasieu","Rabbit Island",29.8494,-93.383,"GREG",426,434,,"Y","N"
4145,2018,"05/19/18 00:00:00","LA","Biloxi North","Hell Pass Coast B",29.92847,-89.3079,"SNEG",424,440,,"Y","N"
4706,2021,"05/17/21 00:00:00","TX","Lower Laguna Madre","Green Island Spoils K",26.410227,-97.299153,"ROYT",422,466,,"Y","N"
92,2010,"05/08/10 00:00:00","LA","Barataria Bay","Queen Bess Island",29.3043,-89.9592,"TRHE",421,508,,"Y","N"
93,2010,"05/08/10 00:00:00","LA","Biloxi South","Belle Isle",29.5758,-89.5727,"FOTE",420,468,,"Y","N"
3405,2015,"05/18/15 00:00:00","LA","Biloxi North","Brush Island",30.034,-89.1863,"LAGU",419,691,,"Y","N"
2215,2012,"05/28/12 00:00:00","LA","Biloxi North","West Karako Bay Islet",30.0049,-89.23090000000001,"BLSK",418,418,,"Y","N"
2780,2013,"05/24/13 00:00:00","LA","Biloxi North","Drum Bay Island",29.9197,-89.2627,"BRPE",418,874,,"Y","N"
94,2010,"06/10/10 00:00:00","FL","Tampa Bay","Edwards Islands Southeast",27.2936,-82.54430000000001,"GREG",418,109,,"Y","N"
2216,2012,"05/27/12 00:00:00","LA","Barataria Bay","Bay Ronquille Northwest Island",29.3631,-89.85339999999999,"BRPE",417,720,,"Y","N"
4146,2018,"05/19/18 00:00:00","LA","Biloxi South","Biloxi South 2",29.7047,-89.5647,"LAGU",417,626,,"Y","N"
4147,2018,"06/23/18 00:00:00","LA","Biloxi North","Deadman Point",29.7411,-89.35680000000001,"LAGU",416,997,,"Y","N"
4707,2021,"06/18/21 00:00:00","LA","Sabine-Calcasieu","Rabbit Island",29.8494,-93.383,"GBTE",414,591,,"Y","N"
2781,2013,"06/19/13 00:00:00","LA","Terrebonne Bay","Terrebonne Bay 1",29.21025,-90.57022000000001,"BRPE",413,568,"Does not include 28 Empty Nests","Y","N"
3406,2015,"06/21/15 00:00:00","LA","Biloxi South","Biloxi South 2",29.7047,-89.5647,"LAGU",413,538,,"Y","N"
3407,2015,"05/18/15 00:00:00","LA","Biloxi North","Biloxi North 12",30.042,-89.273,"LAGU",412,654,,"Y","N"
4148,2018,"05/19/18 00:00:00","LA","Biloxi South","Long Bay Island",29.5021,-89.5356,"LAGU",412,1015,,"Y","N"
2217,2012,"05/27/12 00:00:00","LA","Terrebonne Bay","Felicity Island",29.2558,-90.44,"WHIB",411,652,,"Y","N"
1592,2011,"06/17/11 00:00:00","LA","Biloxi South","Long Bay Island",29.5021,-89.5356,"FOTE",406,735,,"Y","N"
4708,2021,"05/24/21 00:00:00","AL","Mississippi Sound","Marsh Island",30.321609,-88.223833,"WHIB",404,424,,"Y","N"
1593,2011,"06/14/11 00:00:00","LA","Biloxi North","Deadman Point",29.7411,-89.35680000000001,"BRPE",402,751,,"Y","N"
3408,2015,"05/16/15 00:00:00","LA","Terrebonne Bay","Houma Navigation Canal Island",29.19515,-90.61565,"TRHE",401,508,,"Y","N"
95,2010,"05/07/10 00:00:00","LA","Breton-Chandeleur Islands","Chandeleur South A",29.809332,-88.86106700000001,"ROYT",400,665,,"Y","N"
4709,2021,"06/18/21 00:00:00","LA","Terrebonne Bay","Felicity Island",29.2558,-90.44,"ROYT",400,488,,"Y","N"
4712,2021,"05/17/21 00:00:00","TX","Matagorda Bay","Lavaca Bay Spoils E",28.59947,-96.56207999999999,"BRPE",399,1105,,"Y","N"
4149,2018,"05/19/18 00:00:00","LA","Biloxi South","Biloxi South 2",29.7047,-89.5647,"FOTE",399,507,,"Y","N"
4711,2021,"05/17/21 00:00:00","TX","Lower Laguna Madre","Laguna Vista Spoils B",26.142381,-97.28146599999999,"LAGU",399,522,,"Y","N"
4710,2021,"06/18/21 00:00:00","LA","Terrebonne Bay","Philo Brice Islands",29.18416,-90.34678,"ROYT",399,443,,"Y","N"
1594,2011,"05/18/11 00:00:00","LA","Biloxi South","Belle Isle",29.5758,-89.5727,"FOTE",398,640,,"Y","N"
96,2010,"05/08/10 00:00:00","LA","Biloxi South","Long Bay Island",29.5021,-89.5356,"WHIB",398,424,,"Y","N"
2218,2012,"05/27/12 00:00:00","LA","Barataria Bay","Grand Island Point",29.3727,-89.8929,"LAGU",397,1037,,"Y","N"
97,2010,"05/08/10 00:00:00","LA","Barataria Bay","Bay Ronquille Northwest Island",29.3631,-89.85339999999999,"TRHE",397,471,,"Y","N"
1595,2011,"06/15/11 00:00:00","LA","Breton-Chandeleur Islands","New Harbor Island 1",29.87609,-88.87682,"LAGU",396,718,,"Y","N"
4713,2021,"06/20/21 00:00:00","TX","Galveston","West Bay Mooring Facility",29.17285,-95.10677,"SNEG",396,462,,"Y","N"
2219,2012,"05/27/12 00:00:00","LA","Barataria Bay","Fricot Bayou Island",29.3459,-90.0342,"FOTE",395,447,,"Y","N"
3409,2015,"06/22/15 00:00:00","FL","Apalachicola East","Flag Island South",29.6261,-85.152,"SATE",395,403,,"Y","N"
2784,2013,"06/19/13 00:00:00","LA","Lake Borgne","Half Moon Island",30.1376,-89.43519999999999,"FOTE",394,469,,"Y","N"
2785,2013,"06/18/13 00:00:00","LA","Biloxi North","Biloxi North 16",29.9984,-89.2924,"LAGU",394,550,,"Y","Y"
2782,2013,"05/25/13 00:00:00","AL","Mobile Bay Interior","Gaillard Island",30.5063,-88.03619999999999,"SATE",394,423,,"Y","N"
2783,2013,"06/19/13 00:00:00","LA","Birdsfoot East","Birdsfoot East 4 A",28.974693,-89.363755,"WHIB",394,440,,"Y","N"
98,2010,"06/25/10 00:00:00","TX","Galveston","Mustang Bayou Island",29.167164,-95.129808,"LAGU",393,794,,"Y","N"
99,2010,"06/27/10 00:00:00","LA","Biloxi North","Martin Island",29.959,-89.19840000000001,"LAGU",393,889,,"Y","N"
4150,2018,"05/19/18 00:00:00","LA","Biloxi South","Biloxi South 10 D",29.52792,-89.54504,"LAGU",392,799,,"Y","N"
100,2010,"05/18/10 00:00:00","LA","Biloxi North","Biloxi North 7",30.0578,-89.2011,"BRPE",391,937,,"Y","N"
2220,2012,"05/28/12 00:00:00","LA","Biloxi North","Biloxi North 10 E",30.0502,-89.3117,"TRHE",390,426,,"Y","N"
4151,2018,"06/24/18 00:00:00","LA","Breton-Chandeleur Islands","Breton Island",29.4955,-89.1742,"BLSK",389,429,,"Y","N"
4714,2021,"06/16/21 00:00:00","LA","Breton-Chandeleur Islands","Chandeleur North B",29.949821,-88.823795,"BLSK",389,565,,"Y","N"
101,2010,"05/07/10 00:00:00","LA","Biloxi North","Deadman Point",29.7411,-89.35680000000001,"LAGU",388,825,,"Y","N"
2786,2013,"05/24/13 00:00:00","LA","Biloxi South","Biloxi South 2",29.7047,-89.5647,"LAGU",388,594,,"Y","Y"
1596,2011,"06/15/11 00:00:00","LA","Breton-Chandeleur Islands","Chandeleur North A",29.969531,-88.82772199999999,"ROSA",388,506,,"Y","N"
1597,2011,"05/18/11 00:00:00","LA","Biloxi North","Deadman Point",29.7411,-89.35680000000001,"TRHE",387,381,,"Y","N"
4715,2021,"06/16/21 00:00:00","LA","Biloxi North","Biloxi North 13",30.0261,-89.2274,"LAGU",385,466,,"Y","N"
3410,2015,"06/21/15 00:00:00","LA","Biloxi North","Biloxi North 7",30.0578,-89.2011,"BRPE",383,512,,"Y","N"
1598,2011,"05/19/11 00:00:00","LA","Biloxi North","Biloxi North 26",29.8979,-89.301,"LAGU",381,607,,"Y","N"
4716,2021,"05/17/21 00:00:00","TX","Corpus Christi-Aransas Bay","Shamrock Island",27.75883,-97.16936,"TRHE",381,406,,"Y","N"
4718,2021,"06/20/21 00:00:00","TX","Corpus Christi-Aransas Bay","Black Skimmer Strip",28.11619,-96.93405,"BLSK",380,736,,"Y","N"
1599,2011,"05/18/11 00:00:00","LA","Barataria Bay","Grand Island Point",29.3727,-89.8929,"FOTE",380,780,,"Y","N"
4717,2021,"06/17/21 00:00:00","LA","Biloxi North","Hell Pass Coast B",29.92847,-89.3079,"TRHE",380,411,,"Y","N"
4719,2021,"05/17/21 00:00:00","TX","Matagorda Bay","Chester Island",28.45174,-96.34689,"SATE",379,478,,"Y","Y"
1600,2011,"05/18/11 00:00:00","LA","Birdsfoot West","Birdsfoot West 3",29.2122,-89.3914,"WHIB",379,490,,"Y","N"
2221,2012,"05/27/12 00:00:00","LA","Terrebonne Bay","Felicity Island",29.2558,-90.44,"SNEG",378,451,,"Y","N"
2787,2013,"05/25/13 00:00:00","AL","Mobile Bay Interior","Gaillard Island",30.5063,-88.03619999999999,"CATE",377,521,,"Y","Y"
4720,2021,"05/24/21 00:00:00","AL","Mississippi Sound","Cat Island",30.3207,-88.2099,"ROYT",373,374,,"Y","N"
4721,2021,"05/22/21 00:00:00","LA","Barataria Bay","Mendicant Island",29.302176,-89.973608,"BRPE",372,327,,"Y","N"
2222,2012,"05/27/12 00:00:00","LA","Terrebonne Bay","Raccoon Island",29.0505,-90.92659999999999,"GREG",372,418,,"Y","N"
4152,2018,"05/21/18 00:00:00","LA","Barataria Bay","Belle Pass East",29.0901,-90.22190000000001,"GREG",372,435,,"Y","N"
102,2010,"06/11/10 00:00:00","FL","Crystal River","Seahorse Key",29.0969,-83.06610000000001,"WHIB",372,399,,"Y","N"
4722,2021,"06/16/21 00:00:00","LA","Biloxi North","Biloxi North 7",30.0578,-89.2011,"LAGU",368,497,,"Y","N"
103,2010,"06/26/10 00:00:00","TX","Sabine-Calcasieu","Texas Coast 1",29.8482,-93.9521,"SNEG",368,683,"Chose to include 353 Empty Nests; should Immatures have been counted as Broods?","Y","N"
4153,2018,"05/21/18 00:00:00","LA","Terrebonne Bay","Houma Navigation Canal Island",29.19515,-90.61565,"SNEG",368,459,,"Y","N"
104,2010,"06/26/10 00:00:00","TX","Salt Bayou","High Island",29.57351,-94.38930000000001,"GREG",367,403,"Does not include 144 Empty Nests","Y","N"
105,2010,"05/18/10 00:00:00","LA","Biloxi North","Martin Island",29.959,-89.19840000000001,"ROYT",365,509,,"Y","N"
3411,2015,"05/18/15 00:00:00","AL","Mississippi Sound","Terrapin Island",30.335,-88.2619,"CAEG",364,406,,"Y","N"
2788,2013,"05/23/13 00:00:00","LA","Barataria Bay","Fricot Bayou Island",29.3459,-90.0342,"FOTE",363,419,,"Y","N"
2223,2012,"05/28/12 00:00:00","LA","Biloxi South","Biloxi South 10 B",29.5289,-89.55068,"BRPE",362,733,,"Y","N"
106,2010,"06/10/10 00:00:00","FL","Charlotte Harbor","Hemp Key",26.6005,-82.1524,"DCCO",362,386,,"Y","N"
107,2010,"06/27/10 00:00:00","LA","Biloxi North","Drum Bay Island",29.9197,-89.2627,"BRPE",361,484,,"Y","N"
108,2010,"05/18/10 00:00:00","LA","Biloxi North","Brush Island",30.034,-89.1863,"LAGU",361,725,,"Y","N"
109,2010,"06/23/10 00:00:00","TX","Matagorda Bay","Lavaca Bay Spoils E",28.59947,-96.56207999999999,"WHEG",360,360,,"Y","N"
3412,2015,"06/21/15 00:00:00","LA","Biloxi South","Biloxi South 2",29.7047,-89.5647,"TRHE",359,417,,"Y","N"
1601,2011,"06/15/11 00:00:00","LA","Breton-Chandeleur Islands","Chandeleur South B",29.79898,-88.86415599999999,"LAGU",358,470,,"Y","N"
2789,2013,"05/23/13 00:00:00","LA","Barataria Bay","Cat Bay North Island",29.3656,-89.8646,"LAGU",358,925,,"Y","N"
4154,2018,"06/23/18 00:00:00","LA","Biloxi North","Isle au Pitre",30.1526,-89.1968,"ROYT",358,377,,"Y","N"
110,2010,"05/08/10 00:00:00","LA","Biloxi South","Long Bay Island",29.5021,-89.5356,"FOTE",357,453,,"Y","N"
4723,2021,"06/17/21 00:00:00","LA","Biloxi South","Biloxi South 6",29.6569,-89.5145,"FOTE",357,399,,"Y","N"
3413,2015,"05/17/15 00:00:00","LA","Biloxi North","Redfish Bend",29.9679,-89.2276,"SATE",356,385,,"Y","N"
2790,2013,"06/19/13 00:00:00","LA","Vermilion Bay","Bayou Platte Island South",29.6069,-91.8913,"FOTE",355,556,,"Y","N"
4724,2021,"06/20/21 00:00:00","TX","Upper Laguna Madre","Naval Air Station Islands E",27.671973,-97.24975499999999,"LAGU",355,435,,"Y","N"
4725,2021,"05/18/21 00:00:00","TX","Galveston","North Deer Island",29.28519,-94.92462,"GREG",353,366,,"Y","N"
2225,2012,"05/28/12 00:00:00","LA","Biloxi South","Biloxi South 10 D",29.52792,-89.54504,"BRPE",352,840,,"Y","N"
2224,2012,"05/28/12 00:00:00","LA","Biloxi South","Biloxi South 2",29.7047,-89.5647,"FOTE",352,352,,"Y","N"
4726,2021,"05/18/21 00:00:00","TX","Salt Bayou","High Island",29.57351,-94.38930000000001,"GREG",352,292,,"Y","N"
4727,2021,"06/16/21 00:00:00","LA","Biloxi North","Biloxi North 8",30.0525,-89.1944,"LAGU",351,579,,"Y","N"
2226,2012,"06/19/12 00:00:00","LA","Birdsfoot East","Birdsfoot East 3",29.3725,-89.29989999999999,"CATE",349,614,,"Y","N"
1602,2011,"06/13/11 00:00:00","MS","Mississippi Sound","Beauvoir",30.39081,-88.97239,"LETE",349,614,,"Y","N"
3414,2015,"06/22/15 00:00:00","FL","Apalachicola East","Flag Island South",29.6261,-85.152,"ROYT",349,352,,"Y","N"
1603,2011,"05/18/11 00:00:00","LA","Barataria Bay","Bay Ronquille Northeast Island",29.3659,-89.8357,"LAGU",348,850,,"Y","N"
4155,2018,"05/19/18 00:00:00","LA","Biloxi North","Hell Pass Coast C",29.92569,-89.31116,"TRHE",348,351,,"Y","N"
2227,2012,"05/28/12 00:00:00","LA","Biloxi South","Biloxi South 10 A",29.53141,-89.55392000000001,"BRPE",347,517,,"Y","N"
111,2010,"05/18/10 00:00:00","MS","Mississippi Sound Gulf Islands","Horn Island",30.23863,-88.68608999999999,"BLSK",345,535,,"Y","N"
1604,2011,"06/15/11 00:00:00","LA","Breton-Chandeleur Islands","New Harbor Island 3",29.8542,-88.8634,"LAGU",345,674,,"Y","N"
4730,2021,"06/20/21 00:00:00","TX","Corpus Christi-Aransas Bay","West Nueces Bay 51W A",27.853228,-97.48302700000001,"BLSK",344,592,,"Y","N"
4156,2018,"06/24/18 00:00:00","LA","Birdsfoot East","Gunn Island",29.4136,-89.2957,"CATE",344,374,,"Y","N"
2791,2013,"06/18/13 00:00:00","LA","Breton-Chandeleur Islands","Chandeleur North A",29.969531,-88.82772199999999,"ROYT",344,547,,"Y","N"
4728,2021,"05/17/21 00:00:00","TX","East Matagorda Bay","Dressing Point",28.73145,-95.76074,"SATE",344,364,,"Y","N"
4729,2021,"05/17/21 00:00:00","TX","Lower Laguna Madre","Bahia Grande C Central",26.038968,-97.28825500000001,"TRHE",344,411,,"Y","N"
112,2010,"05/08/10 00:00:00","LA","Biloxi South","Biloxi South 5 B",29.6521,-89.4577,"LAGU",340,677,,"Y","N"
2792,2013,"06/19/13 00:00:00","LA","Atchafalaya Bay","Avocet Island",29.407242,-91.363845,"BLSK",339,452,,"Y","N"
1605,2011,"06/14/11 00:00:00","LA","Biloxi North","Biloxi North 14",30.0038,-89.20650000000001,"BLSK",338,553,,"Y","N"
113,2010,"05/08/10 00:00:00","LA","Barataria Bay","Bay Ronquille Northeast Island",29.3659,-89.8357,"FOTE",338,429,,"Y","N"
3415,2015,"05/17/15 00:00:00","LA","Breton-Chandeleur Islands","New Harbor Island 3",29.8542,-88.8634,"LAGU",338,682,,"Y","N"
4731,2021,"06/17/21 00:00:00","LA","Biloxi North","Redfish Bend",29.9679,-89.2276,"LAGU",338,418,,"Y","N"
4732,2021,"06/16/21 00:00:00","LA","Breton-Chandeleur Islands","Chandeleur South C",29.780414,-88.87419199999999,"LAGU",338,456,,"Y","N"
4157,2018,"05/21/18 00:00:00","LA","Terrebonne Bay","Houma Navigation Canal Island",29.19515,-90.61565,"SATE",338,350,,"Y","N"
2793,2013,"06/18/13 00:00:00","LA","Biloxi South","Biloxi South 3",29.7017,-89.5487,"WHIB",338,402,,"Y","N"
4733,2021,"05/24/21 00:00:00","LA","Biloxi North","Biloxi North 36",30.0497,-89.3038,"LAGU",337,445,,"Y","Y"
2228,2012,"05/27/12 00:00:00","LA","Barataria Bay","Bay Ronquille Northwest Island",29.3631,-89.85339999999999,"TRHE",336,388,,"Y","N"
2794,2013,"06/19/13 00:00:00","LA","Biloxi North","Isle au Pitre",30.1526,-89.1968,"BLSK",334,648,,"Y","N"
2229,2012,"05/29/12 00:00:00","AL","Mississippi Sound","Terrapin Island",30.335,-88.2619,"CAEG",334,386,,"Y","N"
1606,2011,"06/14/11 00:00:00","LA","Biloxi North","Biloxi North 37",29.9141,-89.3257,"LAGU",334,419,,"Y","N"
3416,2015,"06/20/15 00:00:00","LA","Barataria Bay","Manilla Island",29.4308,-89.97320000000001,"FOTE",333,441,,"Y","N"
4734,2021,"05/17/21 00:00:00","TX","Lower Laguna Madre","Green Island Spoils I",26.412964,-97.302414,"LAGU",332,451,,"Y","N"
4735,2021,"06/20/21 00:00:00","TX","Corpus Christi-Aransas Bay","Shamrock Island",27.75883,-97.16936,"WHIB",331,318,,"Y","N"
2230,2012,"05/28/12 00:00:00","LA","Biloxi North","Drum Bay Island",29.9197,-89.2627,"BRPE",330,597,"Does not include 2 Empty Nests","Y","N"
2795,2013,"05/23/13 00:00:00","LA","Barataria Bay","Cat Bay South Island",29.3341,-89.8716,"LAGU",330,758,,"Y","N"
114,2010,"05/18/10 00:00:00","LA","Biloxi North","Door Point Lagoon 1",30.0637,-89.19280000000001,"LAGU",329,499,,"Y","N"
3417,2015,"06/20/15 00:00:00","LA","Terrebonne Bay","Felicity Island",29.2558,-90.44,"WHIB",329,394,,"Y","Y"
115,2010,"06/12/10 00:00:00","FL","Apalachicola East","Saint George Causeway",29.694945,-84.88297900000001,"LAGU",328,331,,"Y","N"
2231,2012,"05/27/12 00:00:00","LA","Barataria Bay","Beauregard Island",29.27971,-89.97225,"LAGU",328,596,,"Y","N"
116,2010,"06/25/10 00:00:00","TX","Galveston","West Bay Bird Island New",29.09832,-95.14131999999999,"ROSA",326,45,,"Y","N"
4736,2021,"05/22/21 00:00:00","LA","Barataria Bay","Beauregard Island",29.27971,-89.97225,"TRHE",325,323,,"Y","N"
2232,2012,"06/21/12 00:00:00","LA","Vermilion Bay","Bayou Platte Island South",29.6069,-91.8913,"BLSK",323,542,,"Y","N"
3418,2015,"06/22/15 00:00:00","AL","Mobile Bay Interior","Gaillard Island",30.5063,-88.03619999999999,"CATE",323,361,,"Y","N"
117,2010,"06/08/10 00:00:00","FL","Florida Keys","Channel Key",24.7931,-80.9153,"DCCO",323,476,,"Y","N"
3419,2015,"05/17/15 00:00:00","LA","Biloxi North","Biloxi North 16",29.9984,-89.2924,"LAGU",323,432,,"Y","N"
4737,2021,"06/20/21 00:00:00","TX","Lower Laguna Madre","Green Island",26.39257,-97.32510000000001,"WHIB",323,505,,"Y","N"
1607,2011,"05/17/11 00:00:00","LA","Terrebonne Bay","Raccoon Island",29.0505,-90.92659999999999,"TRHE",322,396,,"Y","Y"
1608,2011,"06/14/11 00:00:00","LA","Biloxi North","Biloxi North 14",30.0038,-89.20650000000001,"LAGU",321,556,,"Y","N"
2796,2013,"05/24/13 00:00:00","LA","Biloxi South","Biloxi South 5 A",29.6523,-89.464,"TRHE",321,410,,"Y","N"
3420,2015,"06/21/15 00:00:00","LA","Biloxi North","Biloxi North 14",30.0038,-89.20650000000001,"SATE",319,353,,"Y","N"
2797,2013,"05/23/13 00:00:00","LA","Terrebonne Bay","Houma Navigation Canal Island",29.19515,-90.61565,"SNEG",319,423,,"Y","N"
4738,2021,"06/16/21 00:00:00","LA","Breton-Chandeleur Islands","Curlew Island",29.66636,-88.96111999999999,"BLSK",318,591,,"Y","N"
1609,2011,"05/18/11 00:00:00","LA","Biloxi South","Biloxi South 9",29.5392,-89.53530000000001,"LAGU",318,784,,"Y","N"
2233,2012,"05/28/12 00:00:00","LA","Biloxi North","Biloxi North 12",30.042,-89.273,"LAGU",317,317,,"Y","N"
2234,2012,"05/28/12 00:00:00","LA","Biloxi South","Biloxi South 14",29.659975,-89.45661699999999,"FOTE",316,316,,"Y","N"
4739,2021,"05/22/21 00:00:00","LA","Terrebonne Bay","Raccoon Island",29.0505,-90.92659999999999,"GREG",316,177,,"Y","Y"
4158,2018,"06/24/18 00:00:00","LA","Barataria Bay","Bastian Island",29.296,-89.66549999999999,"BLSK",315,391,,"Y","N"
3421,2015,"05/16/15 00:00:00","LA","Barataria Bay","Cat Bay North Island",29.3656,-89.8646,"BRPE",315,698,,"Y","N"
4740,2021,"05/17/21 00:00:00","TX","Lower Laguna Madre","Green Island Spoils L",26.413197,-97.296649,"SATE",314,341,,"Y","N"
1610,2011,"05/19/11 00:00:00","LA","Biloxi North","Biloxi North 28",29.9168,-89.4183,"FOTE",313,364,,"Y","N"
3422,2015,"05/17/15 00:00:00","LA","Biloxi North","Redfish Bend",29.9679,-89.2276,"LAGU",313,436,,"Y","N"
4741,2021,"06/16/21 00:00:00","LA","Biloxi North","Isle au Pitre",30.1526,-89.1968,"BRPE",312,967,,"Y","N"
3423,2015,"05/17/15 00:00:00","LA","Biloxi North","Dry Bread Island",29.8426,-89.3064,"FOTE",312,382,,"Y","N"
2235,2012,"05/30/12 00:00:00","FL","Apalachicola East","Lanark Reef-Pelican Lump",29.87806,-84.568555,"BRPE",311,387,,"Y","N"
2798,2013,"05/23/13 00:00:00","LA","Terrebonne Bay","Raccoon Island",29.0505,-90.92659999999999,"GREG",311,252,,"Y","N"
3424,2015,"06/21/15 00:00:00","LA","Biloxi North","Door Point Lagoon 1",30.0637,-89.19280000000001,"LAGU",311,511,,"Y","N"
118,2010,"05/08/10 00:00:00","LA","Barataria Bay","Belle Pass East",29.0901,-90.22190000000001,"TRHE",311,323,,"Y","N"
2799,2013,"05/24/13 00:00:00","LA","Biloxi North","Door Point Lagoon 1",30.0637,-89.19280000000001,"LAGU",310,430,,"Y","Y"
119,2010,"05/08/10 00:00:00","LA","Barataria Bay","Queen Bess Island",29.3043,-89.9592,"ROYT",310,331,,"Y","N"
4742,2021,"05/17/21 00:00:00","TX","Lower Laguna Madre","Green Island Spoils J",26.412731,-97.300725,"ROYT",310,346,,"Y","N"
1611,2011,"05/18/11 00:00:00","LA","Barataria Bay","Bay Ronquille Northwest Island",29.3631,-89.85339999999999,"BRPE",309,505,,"Y","N"
4743,2021,"06/17/21 00:00:00","LA","Biloxi North","Redfish Bend",29.9679,-89.2276,"ROYT",309,399,,"Y","N"
2800,2013,"05/24/13 00:00:00","LA","Biloxi South","Biloxi South 4 B",29.6629,-89.4628,"LAGU",308,516,,"Y","N"
4744,2021,"06/16/21 00:00:00","LA","Breton-Chandeleur Islands","Chandeleur North F",29.881806,-88.828345,"LAGU",308,398,,"Y","N"
2236,2012,"05/27/12 00:00:00","LA","Terrebonne Bay","Pelican Island",29.1437,-90.3475,"BRPE",307,1106,,"Y","N"
4745,2021,"06/19/21 00:00:00","LA","Barataria Bay","Bay Joyeux Islettes",29.288252,-90.043532,"FOTE",307,367,,"Y","N"
2801,2013,"05/23/13 00:00:00","LA","Terrebonne Bay","Felicity Island",29.2558,-90.44,"ROSA",305,546,,"Y","N"
2802,2013,"05/23/13 00:00:00","LA","Terrebonne Bay","Felicity Island",29.2558,-90.44,"SNEG",304,355,,"Y","N"
3425,2015,"06/21/15 00:00:00","LA","Biloxi South","Biloxi South 2",29.7047,-89.5647,"SNEG",304,354,,"Y","N"
4746,2021,"06/18/21 00:00:00","TX","Galveston","South Deer Island",29.27195,-94.9119,"FOTE",303,341,,"Y","Y"
3426,2015,"06/21/15 00:00:00","LA","Biloxi North","Door Point Lagoon 1",30.0637,-89.19280000000001,"BRPE",302,1394,,"Y","N"
121,2010,"06/27/10 00:00:00","LA","Biloxi North","Martin Island",29.959,-89.19840000000001,"BLSK",301,479,,"Y","N"
1612,2011,"05/18/11 00:00:00","LA","Biloxi South","Biloxi South 11",29.5247,-89.57259999999999,"GREG",301,140,,"Y","N"
4747,2021,"06/14/21 00:00:00","FL","Apalachicola East","Lanark Reef West",29.871013,-84.590857,"LAGU",301,528,,"Y","N"
120,2010,"05/18/10 00:00:00","LA","Lake Borgne","Half Moon Island",30.1376,-89.43519999999999,"SNEG",301,335,,"Y","N"
4748,2021,"06/17/21 00:00:00","LA","Biloxi South","Biloxi South 14",29.659975,-89.45661699999999,"LAGU",300,420,,"Y","N"
3427,2015,"06/20/15 00:00:00","LA","Vermilion Bay","Bayou Platte Island South",29.6069,-91.8913,"BLSK",298,538,,"Y","N"
122,2010,"05/17/10 00:00:00","LA","Terrebonne Bay","Felicity Island",29.2558,-90.44,"BRPE",298,442,,"Y","N"
4749,2021,"05/17/21 00:00:00","TX","Lower Laguna Madre","Green Island Spoils G",26.412964,-97.30841100000001,"ROYT",298,371,,"Y","Y"
3428,2015,"06/21/15 00:00:00","LA","Biloxi North","Biloxi North 37",29.9141,-89.3257,"LAGU",297,353,,"Y","Y"
4751,2021,"06/14/21 00:00:00","FL","Apalachicola East","Flag Island South",29.6261,-85.152,"BLSK",296,509,,"Y","N"
4750,2021,"06/18/21 00:00:00","LA","Terrebonne Bay","Houma Navigation Canal Island",29.19515,-90.61565,"FOTE",296,418,,"Y","N"
3429,2015,"05/16/15 00:00:00","LA","Atchafalaya Bay","Skimmer Island",29.3864,-91.3836,"GREG",296,239,,"Y","N"
1613,2011,"05/18/11 00:00:00","LA","Biloxi South","Biloxi South 3",29.7017,-89.5487,"WHIB",296,477,,"Y","N"
2237,2012,"05/28/12 00:00:00","LA","Biloxi North","Biloxi North 16",29.9984,-89.2924,"LAGU",295,295,,"Y","N"
4752,2021,"05/17/21 00:00:00","TX","Lower Laguna Madre","Green Island Spoils C",26.412323,-97.320581,"LAGU",295,403,,"Y","Y"
2238,2012,"05/30/12 00:00:00","AL","Mobile Bay Interior","Gaillard Island",30.5063,-88.03619999999999,"CATE",294,304,,"Y","N"
4753,2021,"06/17/21 00:00:00","LA","Biloxi North","Little Mud Grass Island Northeast",29.9628,-89.3156,"LAGU",294,342,,"Y","N"
2803,2013,"05/24/13 00:00:00","LA","Biloxi South","Biloxi South 11",29.5247,-89.57259999999999,"SNEG",293,344,,"Y","N"
3430,2015,"06/21/15 00:00:00","LA","Biloxi North","Door Point Lagoon 1",30.0637,-89.19280000000001,"BLSK",291,753,,"Y","N"
4754,2021,"06/17/21 00:00:00","LA","Biloxi South","Belle Isle",29.5758,-89.5727,"BRPE",291,414,,"Y","N"
123,2010,"05/08/10 00:00:00","LA","Biloxi South","Biloxi South 10 C",29.53327,-89.55606,"LAGU",291,443,,"Y","N"
2804,2013,"05/24/13 00:00:00","LA","Biloxi South","Long Bay Island",29.5021,-89.5356,"TRHE",291,355,,"Y","N"
4159,2018,"05/21/18 00:00:00","LA","Terrebonne Bay","Philo Brice Islands",29.18416,-90.34678,"WHIB",291,403,,"Y","N"
1614,2011,"06/17/11 00:00:00","LA","Birdsfoot West","Birdsfoot West 2",29.1875,-89.31229999999999,"GBTE",289,289,,"Y","N"
4755,2021,"05/20/21 00:00:00","LA","Atchafalaya Bay","Heron Island",29.4282,-91.3287,"GREG",289,265,,"Y","N"
124,2010,"05/08/10 00:00:00","LA","Biloxi South","Long Bay Island",29.5021,-89.5356,"LAGU",288,701,,"Y","N"
3431,2015,"05/16/15 00:00:00","LA","Barataria Bay","Belle Pass East",29.0901,-90.22190000000001,"TRHE",288,330,,"Y","N"
4160,2018,"05/19/18 00:00:00","LA","Biloxi North","Biloxi North 13",30.0261,-89.2274,"BLSK",287,588,,"Y","N"
1615,2011,"05/17/11 00:00:00","LA","Terrebonne Bay","Raccoon Island",29.0505,-90.92659999999999,"GREG",287,345,,"Y","N"
1616,2011,"06/13/11 00:00:00","AL","Mississippi Sound Gulf Islands","Dauphin Island 4",30.237943,-88.255144,"BLSK",285,359,,"Y","N"
4756,2021,"05/17/21 00:00:00","TX","Matagorda Bay","Lavaca Bay Spoils E",28.59947,-96.56207999999999,"GREG",284,309,,"Y","N"
125,2010,"06/23/10 00:00:00","TX","East Matagorda Bay","Dressing Point",28.73145,-95.76074,"TRHE",284,285,,"Y","N"
4757,2021,"06/17/21 00:00:00","LA","Biloxi North","Hell Pass Coast B",29.92847,-89.3079,"SNEG",283,303,,"Y","N"
4758,2021,"06/17/21 00:00:00","LA","Biloxi South","Biloxi South 5 B",29.6521,-89.4577,"BRPE",282,453,,"Y","N"
1617,2011,"05/18/11 00:00:00","LA","Barataria Bay","Grand Island Point",29.3727,-89.8929,"LAGU",282,856,,"Y","N"
3432,2015,"05/16/15 00:00:00","LA","Barataria Bay","Belle Pass East",29.0901,-90.22190000000001,"SNEG",282,331,,"Y","N"
4161,2018,"06/23/18 00:00:00","LA","Biloxi South","Biloxi South 1",29.6873,-89.4646,"BLSK",281,542,,"Y","N"
126,2010,"05/08/10 00:00:00","LA","Barataria Bay","Bay Ronquille Northwest Island",29.3631,-89.85339999999999,"LAGU",280,660,,"Y","N"
127,2010,"05/07/10 00:00:00","LA","Biloxi North","Drum Bay Island",29.9197,-89.2627,"LAGU",278,881,,"Y","N"
3433,2015,"06/21/15 00:00:00","LA","Biloxi North","Biloxi North 13",30.0261,-89.2274,"LAGU",277,371,,"Y","N"
4759,2021,"05/17/21 00:00:00","TX","Corpus Christi-Aransas Bay","Shamrock Island",27.75883,-97.16936,"UNWW",277,393,,"Y","N"
4162,2018,"06/23/18 00:00:00","LA","Biloxi North","Deadman Point",29.7411,-89.35680000000001,"BRPE",276,554,,"Y","N"
4163,2018,"05/21/18 00:00:00","LA","Terrebonne Bay","Felicity Island",29.2558,-90.44,"GREG",275,332,,"Y","N"
128,2010,"05/18/10 00:00:00","LA","Biloxi North","Biloxi North 5",30.0675,-89.2069,"LAGU",275,514,,"Y","N"
1618,2011,"05/17/11 00:00:00","LA","Barataria Bay","Belle Pass East",29.0901,-90.22190000000001,"SNEG",275,317,,"Y","N"
129,2010,"05/07/10 00:00:00","LA","Biloxi North","Drum Bay Island",29.9197,-89.2627,"WHIB",275,553,,"Y","N"
3434,2015,"05/17/15 00:00:00","LA","Biloxi South","Biloxi South 2",29.7047,-89.5647,"FOTE",274,354,,"Y","N"
4164,2018,"05/20/18 00:00:00","LA","Barataria Bay","Fricot Bayou Island",29.3459,-90.0342,"FOTE",274,353,,"Y","N"
3435,2015,"05/16/15 00:00:00","LA","Barataria Bay","Queen Bess Island",29.3043,-89.9592,"GREG",273,166,,"Y","N"
4760,2021,"05/17/21 00:00:00","TX","Lower Laguna Madre","Green Island Spoils J",26.412731,-97.300725,"LAGU",273,399,,"Y","N"
2805,2013,"06/18/13 00:00:00","LA","Biloxi North","Biloxi North 27",29.8807,-89.2497,"BLSK",272,423,,"Y","N"
3436,2015,"06/21/15 00:00:00","LA","Breton-Chandeleur Islands","Chandeleur North B",29.949821,-88.823795,"ROYT",272,279,,"Y","N"
3437,2015,"06/22/15 00:00:00","MS","Mississippi Sound Gulf Islands","Ship Island West",30.21127,-88.98289,"BLSK",271,598,,"Y","N"
2807,2013,"05/24/13 00:00:00","LA","Breton-Chandeleur Islands","New Harbor Island 3",29.8542,-88.8634,"LAGU",271,399,,"Y","N"
2806,2013,"06/17/13 00:00:00","FL","Apalachicola East","Flag Island South",29.6261,-85.152,"SATE",271,323,,"Y","N"
2239,2012,"05/28/12 00:00:00","LA","Biloxi South","Biloxi South 3",29.7017,-89.5487,"WHIB",271,339,,"Y","N"
2808,2013,"05/24/13 00:00:00","LA","Biloxi South","Biloxi South 11",29.5247,-89.57259999999999,"GREG",270,200,,"Y","N"
2240,2012,"05/29/12 00:00:00","LA","Breton-Chandeleur Islands","New Harbor Island 3",29.8542,-88.8634,"LAGU",270,447,,"Y","N"
4165,2018,"05/19/18 00:00:00","LA","Biloxi North","Little Mud Grass Island",29.9508,-89.32250000000001,"LAGU",270,335,,"Y","N"
4761,2021,"06/20/21 00:00:00","TX","Galveston","Mustang Bayou Island",29.167164,-95.129808,"SATE",270,318,,"Y","N"
130,2010,"05/08/10 00:00:00","LA","Barataria Bay","Belle Pass East",29.0901,-90.22190000000001,"SNEG",270,356,,"Y","N"
2809,2013,"05/24/13 00:00:00","LA","Biloxi North","Door Point Lagoon 1",30.0637,-89.19280000000001,"BRPE",269,354,"Does not include 1 Empty Nest","Y","N"
4762,2021,"06/20/21 00:00:00","TX","Lower Laguna Madre","Green Island",26.39257,-97.32510000000001,"ROSP",269,314,,"Y","N"
1619,2011,"06/14/11 00:00:00","LA","Biloxi North","Biloxi North 27",29.8807,-89.2497,"BLSK",268,340,,"Y","N"
2241,2012,"05/27/12 00:00:00","LA","Barataria Bay","Queen Bess Island",29.3043,-89.9592,"GREG",268,214,"Does not include 3 Empty Nests","Y","N"
4764,2021,"05/17/21 00:00:00","TX","Galveston","West Bay Bird Island",29.09517,-95.14105000000001,"ROSP",268,711,,"Y","N"
4763,2021,"05/17/21 00:00:00","TX","Lower Laguna Madre","Bahia Grande C East",26.04147,-97.28154000000001,"TRHE",268,324,,"Y","Y"
2242,2012,"05/30/12 00:00:00","FL","Apalachicola West","Audubon Island",30.17688,-85.7353,"LAGU",267,420,,"Y","N"
4765,2021,"06/20/21 00:00:00","TX","Corpus Christi-Aransas Bay","Black Skimmer Strip",28.11619,-96.93405,"GBTE",266,353,,"Y","N"
4766,2021,"06/14/21 00:00:00","FL","Apalachicola East","Flag Island South",29.6261,-85.152,"SATE",266,353,,"Y","N"
132,2010,"05/08/10 00:00:00","LA","Barataria Bay","Queen Bess Island",29.3043,-89.9592,"ROSA",265,270,,"Y","N"
131,2010,"06/23/10 00:00:00","TX","Corpus Christi-Aransas Bay","Nueces Causeway",27.84176,-97.37604,"ROYT",265,191,,"Y","N"
2243,2012,"06/19/12 00:00:00","LA","Biloxi North","Biloxi North 7",30.0578,-89.2011,"BRPE",264,372,,"Y","N"
2810,2013,"05/23/13 00:00:00","LA","Barataria Bay","Cat Bay North Island",29.3656,-89.8646,"BRPE",263,444,"Does not include 1 Empty Nest","Y","N"
133,2010,"06/10/10 00:00:00","FL","Ten Thousand Islands","Chocoloskee Bay Islet",25.8486,-81.413,"GREG",263,186,,"Y","N"
2811,2013,"05/24/13 00:00:00","LA","Biloxi South","Biloxi South 2",29.7047,-89.5647,"FOTE",262,547,,"Y","Y"
4767,2021,"06/16/21 00:00:00","LA","Biloxi North","Biloxi North 13",30.0261,-89.2274,"ROYT",262,275,,"Y","N"
2812,2013,"06/17/13 00:00:00","FL","Apalachicola East","Flag Island South",29.6261,-85.152,"ROYT",260,291,,"Y","N"
4166,2018,"05/21/18 00:00:00","LA","Vermilion Bay","Southwest Pass Islands 1",29.594507,-92.038113,"GREG",259,330,,"Y","N"
2244,2012,"06/19/12 00:00:00","LA","Biloxi North","Biloxi North 35",29.951,-89.253,"WHIB",259,292,,"Y","N"
2813,2013,"06/18/13 00:00:00","LA","Biloxi North","Biloxi North 16",29.9984,-89.2924,"WHIB",259,290,,"Y","N"
4167,2018,"05/21/18 00:00:00","LA","Terrebonne Bay","Felicity Island",29.2558,-90.44,"SNEG",258,319,,"Y","N"
2814,2013,"06/18/13 00:00:00","LA","Biloxi North","Biloxi North 14",30.0038,-89.20650000000001,"BLSK",257,285,,"Y","N"
2246,2012,"06/21/12 00:00:00","LA","Vermilion Bay","Bayou Platte Island South",29.6069,-91.8913,"GBTE",257,350,,"Y","N"
3438,2015,"06/20/15 00:00:00","LA","Vermilion Bay","Bayou Platte Island North",29.619877,-91.895594,"GBTE",257,331,,"Y","N"
2245,2012,"05/27/12 00:00:00","LA","Barataria Bay","Grand Island Point",29.3727,-89.8929,"TRHE",257,237,,"Y","N"
134,2010,"06/10/10 00:00:00","FL","Tampa Bay","Blackburn Bay Island North",27.1515,-82.4751,"WOST",257,260,,"Y","N"
4768,2021,"05/17/21 00:00:00","TX","Upper Laguna Madre","Naval Air Station Islands O",27.663374,-97.254623,"LAGU",256,374,,"Y","N"
2815,2013,"05/23/13 00:00:00","LA","Barataria Bay","Belle Pass East",29.0901,-90.22190000000001,"WHIB",256,430,,"Y","N"
2816,2013,"06/17/13 00:00:00","AL","Mississippi Sound","Terrapin Island",30.335,-88.2619,"BLSK",255,462,,"Y","N"
4769,2021,"06/17/21 00:00:00","LA","Birdsfoot East","Gunn Island",29.4136,-89.2957,"LAGU",255,587,,"Y","N"
135,2010,"06/10/10 00:00:00","FL","Tampa Bay","Cortez Island",27.462,-82.6824,"GREG",254,193,,"Y","N"
1620,2011,"06/15/11 00:00:00","LA","Breton-Chandeleur Islands","Gosier Islands South",29.52369,-89.09535,"SATE",253,504,,"Y","N"
2247,2012,"05/27/12 00:00:00","LA","Barataria Bay","Cat Bay Island",29.3474,-89.8672,"GREG",252,207,,"Y","N"
3439,2015,"05/18/15 00:00:00","AL","Mobile Bay Interior","Gaillard Island",30.5063,-88.03619999999999,"SATE",252,279,,"Y","Y"
137,2010,"05/08/10 00:00:00","LA","Barataria Bay","Cat Bay South Island",29.3341,-89.8716,"LAGU",250,1394,,"Y","N"
136,2010,"06/25/10 00:00:00","TX","Galveston","North Deer Island",29.28519,-94.92462,"TRHE",250,188,,"Y","N"
1621,2011,"05/19/11 00:00:00","LA","Biloxi North","Little Mud Grass Island Northeast",29.9628,-89.3156,"LAGU",249,249,,"Y","N"
138,2010,"05/08/10 00:00:00","LA","Biloxi South","Belle Isle",29.5758,-89.5727,"LAGU",248,504,,"Y","N"
4168,2018,"06/24/18 00:00:00","LA","Breton-Chandeleur Islands","Chandeleur North A",29.969531,-88.82772199999999,"BLSK",247,407,,"Y","N"
3440,2015,"05/18/15 00:00:00","LA","Lake Borgne","Half Moon Island",30.1376,-89.43519999999999,"FOTE",247,486,,"Y","N"
4169,2018,"05/21/18 00:00:00","LA","Terrebonne Bay","Raccoon Island",29.0505,-90.92659999999999,"BLSK",246,584,,"Y","N"
4771,2021,"06/17/21 00:00:00","LA","Biloxi North","Hell Pass Coast C",29.92569,-89.31116,"LAGU",246,333,,"Y","N"
4770,2021,"06/16/21 00:00:00","LA","Biloxi North","Isle au Pitre",30.1526,-89.1968,"SATE",246,322,,"Y","N"
139,2010,"05/07/10 00:00:00","LA","Biloxi North","Biloxi North 31",29.8043,-89.28149999999999,"FOTE",245,330,,"Y","N"
1622,2011,"06/14/11 00:00:00","LA","Biloxi North","Biloxi North 10 A",30.0485,-89.322,"LAGU",245,311,,"Y","N"
4772,2021,"06/16/21 00:00:00","MS","Mississippi Sound Gulf Islands","Ship Island",30.21912,-88.92156,"ROYT",245,369,,"Y","N"
140,2010,"05/17/10 00:00:00","LA","Terrebonne Bay","Felicity Island",29.2558,-90.44,"SNEG",244,292,,"Y","N"
4773,2021,"06/20/21 00:00:00","TX","Matagorda Bay","Chester Island",28.45174,-96.34689,"WHIB",244,342,,"Y","Y"
2248,2012,"05/27/12 00:00:00","LA","Barataria Bay","Grand Island Point",29.3727,-89.8929,"BRPE",243,514,,"Y","N"
144,2010,"06/14/10 00:00:00","LA","Birdsfoot West","Birdsfoot West 2",29.1875,-89.31229999999999,"BLSK",242,473,,"Y","N"
3441,2015,"06/21/15 00:00:00","LA","Biloxi South","Biloxi South 10 D",29.52792,-89.54504,"BRPE",242,406,,"Y","N"
141,2010,"06/11/10 00:00:00","FL","Crystal River","Homosassa Point Key",28.7776,-82.7336,"DCCO",242,246,"Does not include 5 Empty Nests","Y","N"
142,2010,"05/07/10 00:00:00","LA","Biloxi North","Biloxi North 30 B",29.8166,-89.3095,"FOTE",242,286,,"Y","N"
1623,2011,"05/19/11 00:00:00","LA","Lake Borgne","Half Moon Island",30.1376,-89.43519999999999,"SNEG",242,149,,"Y","N"
143,2010,"06/14/10 00:00:00","LA","Birdsfoot West","Birdsfoot West 1",29.2054,-89.3549,"WHIB",242,320,,"Y","N"
1624,2011,"06/14/11 00:00:00","LA","Lake Borgne","Half Moon Island",30.1376,-89.43519999999999,"WHIB",242,242,,"Y","N"
2249,2012,"05/28/12 00:00:00","LA","Biloxi South","Biloxi South 10 C",29.53327,-89.55606,"BRPE",241,380,,"Y","N"
4774,2021,"06/20/21 00:00:00","TX","Corpus Christi-Aransas Bay","Shamrock Island",27.75883,-97.16936,"ROSP",241,275,,"Y","N"
4171,2018,"06/24/18 00:00:00","LA","Breton-Chandeleur Islands","Curlew Island",29.66636,-88.96111999999999,"BLSK",240,454,,"Y","N"
4170,2018,"06/24/18 00:00:00","LA","Birdsfoot East","East Bay Spoil Island",29.061022,-89.244134,"FOTE",240,272,,"Y","N"
2250,2012,"05/28/12 00:00:00","LA","Biloxi North","Biloxi North 10 A",30.0485,-89.322,"LAGU",240,329,,"Y","N"
4775,2021,"05/17/21 00:00:00","TX","Galveston","West Bay Bird Island",29.09517,-95.14105000000001,"LAGU",240,340,,"Y","N"
2251,2012,"05/28/12 00:00:00","LA","Biloxi South","Biloxi South 9",29.5392,-89.53530000000001,"LAGU",239,330,,"Y","N"
2818,2013,"05/23/13 00:00:00","LA","Barataria Bay","Queen Bess Island",29.3043,-89.9592,"ROYT",239,333,,"Y","N"
2817,2013,"05/24/13 00:00:00","LA","Lake Borgne","Half Moon Island",30.1376,-89.43519999999999,"TRHE",239,266,,"Y","Y"
4776,2021,"06/16/21 00:00:00","LA","Breton-Chandeleur Islands","Chandeleur South D",29.770378,-88.882942,"LAGU",238,384,,"Y","N"
1625,2011,"05/19/11 00:00:00","LA","Breton-Chandeleur Islands","Chandeleur South B",29.79898,-88.86415599999999,"ROYT",237,279,,"Y","N"
4777,2021,"06/14/21 00:00:00","FL","Apalachicola East","Lanark Reef West",29.871013,-84.590857,"BRPE",236,532,,"Y","N"
2819,2013,"06/18/13 00:00:00","LA","Biloxi North","Little Mud Grass Island Northeast",29.9628,-89.3156,"LAGU",236,291,,"Y","Y"
2252,2012,"05/30/12 00:00:00","FL","Apalachicola East","Flag Island South",29.6261,-85.152,"BLSK",235,481,,"Y","N"
4778,2021,"06/17/21 00:00:00","LA","Biloxi South","Belle Isle",29.5758,-89.5727,"WHIB",235,326,,"Y","N"
2253,2012,"05/29/12 00:00:00","AL","Mississippi Sound","Cat Island",30.3207,-88.2099,"BRPE",234,572,,"Y","N"
1626,2011,"06/14/11 00:00:00","LA","Biloxi North","Hell Pass Coast",29.92569,-89.31116,"TRHE",234,237,,"Y","N"
145,2010,"06/23/10 00:00:00","TX","Matagorda Bay","Chester Island",28.45174,-96.34689,"GREG",233,234,,"Y","N"
3442,2015,"05/16/15 00:00:00","LA","Terrebonne Bay","Raccoon Island",29.0505,-90.92659999999999,"GREG",233,129,,"Y","N"
2254,2012,"05/30/12 00:00:00","FL","Apalachicola East","Saint George Causeway",29.694945,-84.88297900000001,"LAGU",233,260,,"Y","N"
4779,2021,"05/23/21 00:00:00","LA","Biloxi North","Brush Island",30.034,-89.1863,"LAGU",233,489,,"Y","Y"
146,2010,"06/23/10 00:00:00","TX","Corpus Christi-Aransas Bay","Copano Rattlesnake Point",28.0561,-97.13330000000001,"TRHE",233,238,,"Y","N"
4780,2021,"06/19/21 00:00:00","LA","Barataria Bay","Barataria Bay 12",29.4323,-90.0147,"FOTE",232,290,,"Y","N"
2255,2012,"05/28/12 00:00:00","LA","Biloxi North","Drum Bay Island",29.9197,-89.2627,"SATE",232,235,,"Y","N"
3443,2015,"05/17/15 00:00:00","LA","Biloxi South","Biloxi South 3",29.7017,-89.5487,"WHIB",232,279,,"Y","Y"
2820,2013,"05/23/13 00:00:00","LA","Breton-Chandeleur Islands","Breton Island",29.4955,-89.1742,"CATE",231,374,,"Y","N"
1627,2011,"06/18/11 00:00:00","LA","Vermilion Bay","Bayou Platte Island South",29.6069,-91.8913,"FOTE",231,231,,"Y","N"
147,2010,"05/08/10 00:00:00","LA","Barataria Bay","Beauregard Island",29.27971,-89.97225,"FOTE",230,278,,"Y","N"
4783,2021,"06/17/21 00:00:00","LA","Biloxi South","Biloxi South 10 B",29.5289,-89.55068,"LAGU",229,364,,"Y","N"
4782,2021,"06/20/21 00:00:00","TX","Lower Laguna Madre","Bahia Grande C East",26.04147,-97.28154000000001,"SNEG",229,295,,"Y","Y"
4781,2021,"06/17/21 00:00:00","LA","Biloxi North","Biloxi North 16",29.9984,-89.2924,"TRHE",229,245,,"Y","N"
1628,2011,"06/13/11 00:00:00","AL","Mississippi Sound Gulf Islands","Dauphin Island 5",30.243843,-88.229688,"BLSK",228,341,,"Y","N"
4784,2021,"05/18/21 00:00:00","TX","Galveston","North Deer Island",29.28519,-94.92462,"SNEG",228,243,,"Y","N"
4172,2018,"05/21/18 00:00:00","LA","Terrebonne Bay","Felicity Island",29.2558,-90.44,"WHIB",227,348,,"Y","N"
3444,2015,"06/21/15 00:00:00","LA","Biloxi North","Bayou Pintou",30.128,-89.224,"BLSK",226,555,,"Y","N"
4174,2018,"06/23/18 00:00:00","LA","Biloxi North","Redfish Bend",29.9679,-89.2276,"BLSK",226,427,,"Y","N"
4173,2018,"05/21/18 00:00:00","LA","Terrebonne Bay","Philo Brice Islands",29.18416,-90.34678,"SATE",226,273,,"Y","N"
148,2010,"05/18/10 00:00:00","AL","Mississippi Sound","Cat Island",30.3207,-88.2099,"WHIB",226,239,,"Y","N"
4785,2021,"05/17/21 00:00:00","TX","Galveston","Nolan Ryan Marsh",28.94099,-95.35596,"BCNH",225,342,,"Y","N"
1629,2011,"05/20/11 00:00:00","FL","Apalachicola East","Flag Island South",29.6261,-85.152,"BLSK",225,405,,"Y","N"
4175,2018,"06/24/18 00:00:00","LA","Breton-Chandeleur Islands","Chandeleur South D",29.770378,-88.882942,"BLSK",225,311,,"Y","N"
3445,2015,"06/21/15 00:00:00","LA","Biloxi South","Biloxi South 4 B",29.6629,-89.4628,"LAGU",224,351,,"Y","N"
1630,2011,"05/19/11 00:00:00","LA","Biloxi North","Biloxi North 36",30.0497,-89.3038,"WHIB",224,216,,"Y","N"
3446,2015,"06/21/15 00:00:00","LA","Biloxi North","Biloxi North 27",29.8807,-89.2497,"BLSK",222,624,,"Y","N"
4176,2018,"06/23/18 00:00:00","LA","Biloxi North","Turtle Pen Isle",29.938,-89.242,"BLSK",222,296,,"Y","N"
2256,2012,"06/19/12 00:00:00","LA","Biloxi North","Biloxi North 7",30.0578,-89.2011,"LAGU",222,489,,"Y","N"
1632,2011,"05/17/11 00:00:00","LA","Terrebonne Bay","Felicity Island",29.2558,-90.44,"SATE",222,314,,"Y","N"
1631,2011,"06/17/11 00:00:00","LA","Biloxi South","Biloxi South 10 C",29.53327,-89.55606,"WHIB",222,231,,"Y","N"
3447,2015,"06/20/15 00:00:00","LA","Vermilion Bay","Bayou Platte Island South",29.6069,-91.8913,"GBTE",221,293,,"Y","N"
4177,2018,"05/19/18 00:00:00","LA","Biloxi South","Biloxi South 10 D",29.52792,-89.54504,"GBTE",221,299,,"Y","N"
1633,2011,"05/19/11 00:00:00","LA","Biloxi North","Drum Bay Island",29.9197,-89.2627,"TRHE",221,228,,"Y","N"
4786,2021,"05/17/21 00:00:00","TX","Lower Laguna Madre","Green Island Spoils H",26.409936,-97.30549999999999,"LAGU",220,318,,"Y","N"
2821,2013,"06/19/13 00:00:00","LA","Barataria Bay","Bastian Island",29.296,-89.66549999999999,"ROYT",220,308,,"Y","N"
1634,2011,"06/15/11 00:00:00","LA","Breton-Chandeleur Islands","Gosier Islands South",29.52369,-89.09535,"BLSK",219,317,,"Y","N"
2257,2012,"05/27/12 00:00:00","LA","Barataria Bay","Bay Ronquille Northeast Island",29.3659,-89.8357,"LAGU",219,433,,"Y","N"
4787,2021,"05/18/21 00:00:00","TX","Galveston","North Deer Island",29.28519,-94.92462,"NECO",219,244,,"Y","N"
2258,2012,"05/27/12 00:00:00","LA","Terrebonne Bay","Raccoon Island West",29.0596,-90.94159999999999,"BLSK",218,1887,,"Y","N"
149,2010,"05/17/10 00:00:00","LA","Sabine-Calcasieu","Rabbit Island",29.8494,-93.383,"FOTE",218,221,,"Y","N"
150,2010,"05/08/10 00:00:00","LA","Biloxi South","Biloxi South 11",29.5247,-89.57259999999999,"WHEG",218,259,,"Y","N"
4178,2018,"05/19/18 00:00:00","LA","Biloxi South","Biloxi South 9",29.5392,-89.53530000000001,"CATE",216,393,,"Y","N"
4788,2021,"06/15/21 00:00:00","AL","Mobile Bay Interior","Gaillard Island",30.5063,-88.03619999999999,"CATE",216,266,,"Y","N"
3448,2015,"06/21/15 00:00:00","LA","Biloxi North","Biloxi North 14",30.0038,-89.20650000000001,"LAGU",216,388,,"Y","N"
4789,2021,"05/17/21 00:00:00","TX","Lower Laguna Madre","Green Island Spoils E",26.412498,-97.3147,"LAGU",216,287,,"Y","N"
4179,2018,"05/19/18 00:00:00","LA","Biloxi North","Biloxi North 37",29.9141,-89.3257,"LAGU",215,356,,"Y","N"
2822,2013,"06/19/13 00:00:00","LA","Biloxi North","Bayou Pintou",30.128,-89.224,"BLSK",214,428,,"Y","N"
4790,2021,"05/17/21 00:00:00","TX","Lower Laguna Madre","Green Island Spoils J",26.412731,-97.300725,"SATE",214,231,,"Y","N"
1635,2011,"06/18/11 00:00:00","LA","Vermilion Bay","Bayou Platte Island South",29.6069,-91.8913,"BLSK",213,213,,"Y","N"
4180,2018,"05/19/18 00:00:00","LA","Biloxi South","Belle Isle",29.5758,-89.5727,"GREG",212,240,,"Y","N"
4181,2018,"05/19/18 00:00:00","LA","Lake Borgne","Half Moon Island",30.1376,-89.43519999999999,"WHIB",212,290,,"Y","N"
151,2010,"06/10/10 00:00:00","FL","Tampa Bay","Cortez Island",27.462,-82.6824,"DCCO",210,210,,"Y","N"
2823,2013,"05/24/13 00:00:00","LA","Biloxi South","Biloxi South 9",29.5392,-89.53530000000001,"LAGU",210,494,,"Y","N"
4182,2018,"05/19/18 00:00:00","LA","Biloxi North","Little Mud Grass Island Northeast",29.9628,-89.3156,"LAGU",210,269,,"Y","N"
4791,2021,"05/17/21 00:00:00","TX","Corpus Christi-Aransas Bay","Shamrock Island",27.75883,-97.16936,"REEG",209,246,"DM/WM combined","Y","N"
4792,2021,"06/16/21 00:00:00","LA","Breton-Chandeleur Islands","Chandeleur South A",29.809332,-88.86106700000001,"LAGU",207,310,,"Y","N"
3449,2015,"05/17/15 00:00:00","LA","Biloxi North","Hell Pass Coast B",29.92847,-89.3079,"SNEG",207,212,,"Y","N"
3450,2015,"06/22/15 00:00:00","FL","Apalachicola East","Flag Island South",29.6261,-85.152,"BLSK",206,260,,"Y","N"
4793,2021,"06/18/21 00:00:00","LA","Terrebonne Bay","Felicity Island",29.2558,-90.44,"BRPE",205,365,,"Y","N"
3451,2015,"05/16/15 00:00:00","LA","Barataria Bay","Cat Bay North Island",29.3656,-89.8646,"ROYT",205,249,,"Y","N"
4794,2021,"05/22/21 00:00:00","LA","Terrebonne Bay","Philo Brice Islands",29.18416,-90.34678,"SNEG",204,209,,"Y","N"
1636,2011,"05/20/11 00:00:00","FL","Apalachicola West","Audubon Island",30.17688,-85.7353,"LAGU",203,243,,"Y","N"
4795,2021,"06/18/21 00:00:00","TX","Galveston","South Deer Island",29.27195,-94.9119,"WFIB",203,262,,"Y","N"
4183,2018,"06/24/18 00:00:00","LA","Breton-Chandeleur Islands","Chandeleur North G",29.865132,-88.832617,"BLSK",202,309,,"Y","N"
4184,2018,"05/21/18 00:00:00","LA","Terrebonne Bay","East Island",29.07041,-90.65692,"BLSK",202,310,,"Y","N"
3452,2015,"05/16/15 00:00:00","LA","Terrebonne Bay","Houma Navigation Canal Island",29.19515,-90.61565,"GREG",202,138,,"Y","N"
4185,2018,"05/19/18 00:00:00","LA","Biloxi South","Biloxi South 10 D",29.52792,-89.54504,"CATE",201,397,,"Y","N"
2824,2013,"06/18/13 00:00:00","LA","Biloxi South","Biloxi South 14",29.659975,-89.45661699999999,"FOTE",201,230,,"Y","Y"
153,2010,"05/08/10 00:00:00","LA","Biloxi South","Biloxi South 3",29.7017,-89.5487,"LAGU",201,437,,"Y","N"
152,2010,"05/08/10 00:00:00","LA","Barataria Bay","Cat Bay South Island",29.3341,-89.8716,"TRHE",201,212,,"Y","N"
2826,2013,"06/18/13 00:00:00","LA","Biloxi South","Biloxi South 14",29.659975,-89.45661699999999,"BLSK",199,343,,"Y","N"
1637,2011,"05/20/11 00:00:00","AL","Mississippi Sound","Cat Island",30.3207,-88.2099,"CAEG",199,213,,"Y","N"
3453,2015,"05/17/15 00:00:00","LA","Breton-Chandeleur Islands","New Harbor Island 1",29.87609,-88.87682,"LAGU",199,278,,"Y","N"
2825,2013,"05/24/13 00:00:00","LA","Biloxi South","Long Bay Island",29.5021,-89.5356,"WHIB",199,266,,"Y","N"
4186,2018,"05/21/18 00:00:00","LA","Barataria Bay","Belle Pass East",29.0901,-90.22190000000001,"SNEG",198,226,,"Y","N"
3454,2015,"05/16/15 00:00:00","LA","Barataria Bay","Belle Pass East",29.0901,-90.22190000000001,"BCNH",197,273,,"Y","N"
3455,2015,"05/17/15 00:00:00","LA","Biloxi North","Hell Pass Coast C",29.92569,-89.31116,"LAGU",197,307,,"Y","N"
2827,2013,"06/18/13 00:00:00","LA","Biloxi South","Biloxi South 5 B",29.6521,-89.4577,"BRPE",196,278,,"Y","N"
2828,2013,"05/24/13 00:00:00","LA","Biloxi South","Biloxi South 9",29.5392,-89.53530000000001,"CATE",196,300,,"Y","N"
154,2010,"05/17/10 00:00:00","LA","Atchafalaya Bay","Skimmer Island",29.3864,-91.3836,"TRHE",196,202,,"Y","N"
156,2010,"05/17/10 00:00:00","LA","Terrebonne Bay","Raccoon Island",29.0505,-90.92659999999999,"BLSK",195,844,,"Y","N"
155,2010,"05/17/10 00:00:00","LA","Atchafalaya Bay","Heron Island",29.4282,-91.3287,"GREG",195,209,,"Y","N"
2829,2013,"05/23/13 00:00:00","LA","Barataria Bay","Queen Bess Island",29.3043,-89.9592,"GREG",195,258,,"Y","N"
2830,2013,"05/24/13 00:00:00","LA","Biloxi South","Belle Isle",29.5758,-89.5727,"TRHE",195,276,,"Y","N"
4187,2018,"05/19/18 00:00:00","LA","Lake Borgne","Half Moon Island",30.1376,-89.43519999999999,"TRHE",195,247,,"Y","N"
1638,2011,"05/17/11 00:00:00","LA","Barataria Bay","Barataria Bay 6",29.301332,-90.046274,"FOTE",194,272,,"Y","N"
4796,2021,"05/18/21 00:00:00","TX","Galveston","North Deer Island",29.28519,-94.92462,"TRHE",194,198,,"Y","Y"
1639,2011,"06/14/11 00:00:00","LA","Biloxi North","Isle au Pitre",30.1526,-89.1968,"BLSK",193,319,,"Y","N"
2831,2013,"05/24/13 00:00:00","LA","Biloxi South","Long Bay Island",29.5021,-89.5356,"FOTE",193,378,,"Y","N"
4188,2018,"05/19/18 00:00:00","LA","Biloxi North","Dry Bread Island",29.8426,-89.3064,"FOTE",193,231,,"Y","N"
4797,2021,"06/20/21 00:00:00","TX","Corpus Christi-Aransas Bay","Black Skimmer Strip",28.11619,-96.93405,"LAGU",193,322,,"Y","N"
157,2010,"05/08/10 00:00:00","LA","Biloxi South","Biloxi South 3",29.7017,-89.5487,"WHIB",193,234,,"Y","N"
1640,2011,"06/17/11 00:00:00","LA","Biloxi South","Biloxi South 10 B",29.5289,-89.55068,"WHIB",193,342,,"Y","N"
2259,2012,"06/19/12 00:00:00","LA","Biloxi North","Brush Island",30.034,-89.1863,"LAGU",192,426,,"Y","N"
1641,2011,"05/17/11 00:00:00","LA","Terrebonne Bay","Wine Island",29.0948,-90.6108,"BLSK",191,453,,"Y","N"
2832,2013,"06/18/13 00:00:00","LA","Biloxi North","Martin Island",29.959,-89.19840000000001,"BLSK",191,271,,"Y","N"
4798,2021,"06/18/21 00:00:00","LA","Atchafalaya Bay","Point au Fer",29.327788,-91.350965,"BLSK",191,392,,"Y","N"
158,2010,"06/23/10 00:00:00","TX","East Matagorda Bay","Dressing Point",28.73145,-95.76074,"ROYT",191,166,,"Y","N"
159,2010,"06/24/10 00:00:00","TX","Galveston","Cedar Lakes 4",28.8442,-95.488,"TRHE",191,191,,"Y","N"
1642,2011,"06/14/11 00:00:00","LA","Biloxi North","Biloxi North 30 B",29.8166,-89.3095,"FOTE",190,279,,"Y","N"
3456,2015,"06/20/15 00:00:00","LA","Atchafalaya Bay","Avocet Island",29.407242,-91.363845,"FOTE",190,190,,"Y","N"
4189,2018,"05/19/18 00:00:00","LA","Biloxi North","Hell Pass Coast B",29.92847,-89.3079,"LAGU",190,256,,"Y","N"
4799,2021,"05/17/21 00:00:00","TX","Lower Laguna Madre","Green Island Spoils G",26.412964,-97.30841100000001,"SATE",190,242,,"Y","N"
160,2010,"06/25/10 00:00:00","TX","Galveston","West Bay Bird Island",29.09517,-95.14105000000001,"SNEG",190,131,,"Y","N"
2833,2013,"06/19/13 00:00:00","LA","Lake Borgne","Half Moon Island",30.1376,-89.43519999999999,"SNEG",190,259,,"Y","Y"
4801,2021,"06/20/21 00:00:00","TX","Lower Laguna Madre","Northeast Mansfield Intersection Spoil",26.56432,-97.40021,"BLSK",189,286,,"Y","N"
4800,2021,"05/22/21 00:00:00","LA","Terrebonne Bay","Philo Brice Islands",29.18416,-90.34678,"WHIB",189,207,,"Y","N"
162,2010,"06/23/10 00:00:00","TX","Matagorda Bay","Coon Island",28.6534,-96.2272,"BLSK",188,350,,"Y","N"
1643,2011,"06/15/11 00:00:00","LA","Breton-Chandeleur Islands","Chandeleur North H",29.85238,-88.83663799999999,"BLSK",188,347,,"Y","N"
3457,2015,"05/18/15 00:00:00","AL","Mobile Bay Interior","Battery McIntosh",30.6686,-88.0125,"CAEG",188,194,,"Y","N"
161,2010,"06/24/10 00:00:00","TX","Galveston","Cedar Lakes 4",28.8442,-95.488,"GREG",188,147,"Does not include 16 Empty Nests","Y","N"
4802,2021,"05/22/21 00:00:00","LA","Barataria Bay","Queen Bess Island",29.3043,-89.9592,"GREG",188,159,,"Y","N"
3458,2015,"05/17/15 00:00:00","LA","Biloxi North","Little Mud Grass Island Northeast",29.9628,-89.3156,"LAGU",187,221,,"Y","N"
4190,2018,"05/19/18 00:00:00","LA","Biloxi North","Hell Pass Coast C",29.92569,-89.31116,"LAGU",187,265,,"Y","N"
4803,2021,"06/16/21 00:00:00","LA","Breton-Chandeleur Islands","Chandeleur North D",29.901692,-88.824851,"BLSK",186,244,,"Y","N"
4804,2021,"06/16/21 00:00:00","LA","Biloxi North","Biloxi North 38",30.00238,-89.21496999999999,"BLSK",186,345,,"Y","N"
1644,2011,"05/18/11 00:00:00","LA","Biloxi South","Biloxi South 11",29.5247,-89.57259999999999,"ROSP",186,266,,"Y","N"
3459,2015,"05/16/15 00:00:00","LA","Terrebonne Bay","Felicity Island",29.2558,-90.44,"ROYT",186,200,,"Y","N"
2260,2012,"05/28/12 00:00:00","LA","Biloxi North","Biloxi North 42",29.948796,-89.36322699999999,"FOTE",185,188,,"Y","N"
1645,2011,"05/18/11 00:00:00","LA","Biloxi South","Biloxi South 11",29.5247,-89.57259999999999,"TRHE",185,166,,"Y","N"
1646,2011,"05/17/11 00:00:00","LA","Barataria Bay","Belle Pass East",29.0901,-90.22190000000001,"TRHE",185,242,,"Y","N"
4191,2018,"05/19/18 00:00:00","LA","Lake Borgne","Half Moon Island",30.1376,-89.43519999999999,"BLSK",184,420,,"Y","N"
2835,2013,"05/25/13 00:00:00","FL","Apalachicola East","Saint George Causeway",29.694945,-84.88297900000001,"CATE",183,261,,"Y","N"
1647,2011,"05/17/11 00:00:00","LA","Barataria Bay","Queen Bess Island",29.3043,-89.9592,"GREG",183,226,,"Y","N"
4192,2018,"05/21/18 00:00:00","LA","Terrebonne Bay","Philo Brice Islands",29.18416,-90.34678,"GREG",183,210,,"Y","N"
4805,2021,"06/18/21 00:00:00","LA","Terrebonne Bay","Houma Navigation Canal Island",29.19515,-90.61565,"GREG",183,188,,"Y","N"
2834,2013,"05/23/13 00:00:00","LA","Barataria Bay","Belle Pass East",29.0901,-90.22190000000001,"SNEG",183,258,,"Y","N"
163,2010,"06/26/10 00:00:00","TX","Sabine-Calcasieu","Texas Coast 1",29.8482,-93.9521,"TRHE",183,564,"Chose to include 177 Empty Nests; should Immatures have been counted as Broods?","Y","N"
2261,2012,"05/28/12 00:00:00","LA","Biloxi South","Belle Isle",29.5758,-89.5727,"TRHE",183,228,,"Y","N"
1648,2011,"05/18/11 00:00:00","LA","Biloxi North","Biloxi North 41",29.75089,-89.44664,"FOTE",182,182,,"Y","N"
2263,2012,"06/19/12 00:00:00","LA","Biloxi North","Isle au Pitre",30.1526,-89.1968,"BLSK",181,466,,"Y","N"
2262,2012,"05/28/12 00:00:00","LA","Biloxi South","Biloxi South 4 B",29.6629,-89.4628,"FOTE",181,268,,"Y","N"
3460,2015,"05/18/15 00:00:00","AL","Mississippi Sound","Cat Island",30.3207,-88.2099,"BRPE",180,203,,"Y","N"
2836,2013,"06/19/13 00:00:00","LA","Lake Borgne","Half Moon Island",30.1376,-89.43519999999999,"BLSK",179,359,,"Y","N"
3461,2015,"06/22/15 00:00:00","AL","Mobile Bay Interior","Gaillard Island",30.5063,-88.03619999999999,"CAEG",179,196,,"Y","N"
4193,2018,"06/24/18 00:00:00","LA","Breton-Chandeleur Islands","Chandeleur South C",29.780414,-88.87419199999999,"CATE",178,190,,"Y","Y"
164,2010,"05/18/10 00:00:00","LA","Biloxi North","Biloxi North 5",30.0675,-89.2069,"BLSK",177,315,,"Y","N"
4806,2021,"06/17/21 00:00:00","LA","Biloxi North","Dry Bread Island",29.8426,-89.3064,"FOTE",177,231,,"Y","N"
1649,2011,"06/14/11 00:00:00","LA","Lake Borgne","Half Moon Island",30.1376,-89.43519999999999,"BLSK",176,176,,"Y","N"
2264,2012,"05/28/12 00:00:00","LA","Biloxi North","Biloxi North 27",29.8807,-89.2497,"BLSK",176,683,,"Y","N"
165,2010,"05/18/10 00:00:00","LA","Biloxi North","Door Point Lagoon 2",30.06117,-89.18415,"BRPE",175,293,,"Y","N"
2838,2013,"06/19/13 00:00:00","LA","Barataria Bay","Barataria Bay 5 AB",29.312443,-90.03893600000001,"FOTE",175,319,,"Y","N"
4807,2021,"06/17/21 00:00:00","LA","Biloxi North","Turtle Pen Isle",29.938,-89.242,"LAGU",175,259,,"Y","N"
2837,2013,"05/24/13 00:00:00","LA","Breton-Chandeleur Islands","Chandeleur North G",29.865132,-88.832617,"SATE",175,198,,"Y","N"
1650,2011,"05/18/11 00:00:00","LA","Biloxi South","Biloxi South 1",29.6873,-89.4646,"LAGU",174,286,,"Y","N"
2265,2012,"06/20/12 00:00:00","LA","Barataria Bay","Bastian Island",29.296,-89.66549999999999,"BLSK",173,765,,"Y","N"
166,2010,"06/14/10 00:00:00","LA","Barataria Bay","Manilla Island",29.4308,-89.97320000000001,"FOTE",173,177,,"Y","N"
167,2010,"06/14/10 00:00:00","LA","Birdsfoot West","Birdsfoot West 2",29.1875,-89.31229999999999,"GBTE",173,308,,"Y","N"
4194,2018,"05/19/18 00:00:00","LA","Biloxi North","Brush Island",30.034,-89.1863,"LAGU",173,378,,"Y","N"
2839,2013,"05/23/13 00:00:00","LA","Atchafalaya Bay","Skimmer Island",29.3864,-91.3836,"TRHE",173,199,,"Y","N"
168,2010,"06/24/10 00:00:00","TX","Galveston","Cedar Lakes 4",28.8442,-95.488,"WHEG",172,155,,"Y","N"
4808,2021,"06/15/21 00:00:00","AL","Mississippi Sound","Terrapin Island",30.335,-88.2619,"BLSK",171,372,,"Y","N"
2266,2012,"05/28/12 00:00:00","LA","Biloxi North","Biloxi North 31",29.8043,-89.28149999999999,"LAGU",171,238,,"Y","N"
3462,2015,"06/20/15 00:00:00","LA","Vermilion Bay","Bayou Platte Island North",29.619877,-91.895594,"BLSK",170,254,,"Y","N"
169,2010,"05/18/10 00:00:00","LA","Biloxi North","Door Point Lagoon 1",30.0637,-89.19280000000001,"BRPE",170,362,,"Y","N"
4195,2018,"05/21/18 00:00:00","LA","Terrebonne Bay","Felicity Island",29.2558,-90.44,"FOTE",170,207,,"Y","N"
1651,2011,"06/15/11 00:00:00","LA","Breton-Chandeleur Islands","Chandeleur North A",29.969531,-88.82772199999999,"ROYT",170,217,,"Y","N"
170,2010,"06/24/10 00:00:00","TX","Galveston","Wolf Lake Skimmer Area",29.0337,-95.2409,"GBTE",169,243,,"Y","N"
3463,2015,"06/20/15 00:00:00","LA","Birdsfoot East","Birdsfoot East 4",28.979007,-89.36321599999999,"WHIB",169,222,,"Y","N"
4196,2018,"05/21/18 00:00:00","LA","Sabine-Calcasieu","Rabbit Island",29.8494,-93.383,"BCNH",168,168,,"Y","N"
172,2010,"06/26/10 00:00:00","TX","Galveston","Rollover Bay B",29.5172,-94.50409999999999,"GBTE",168,232,,"Y","N"
2840,2013,"06/19/13 00:00:00","LA","Atchafalaya Bay","Avocet Island",29.407242,-91.363845,"GBTE",168,190,,"Y","N"
4809,2021,"06/18/21 00:00:00","LA","Terrebonne Bay","Raccoon Island",29.0505,-90.92659999999999,"GBTE",168,183,,"Y","N"
171,2010,"06/25/10 00:00:00","TX","Galveston","North Deer Island",29.28519,-94.92462,"GREG",168,87,,"Y","N"
4810,2021,"06/18/21 00:00:00","LA","Terrebonne Bay","Houma Navigation Canal Island",29.19515,-90.61565,"SATE",168,187,,"Y","N"
2841,2013,"05/24/13 00:00:00","LA","Biloxi South","Belle Isle",29.5758,-89.5727,"WHIB",168,201,,"Y","N"
3464,2015,"05/17/15 00:00:00","LA","Biloxi South","Belle Isle",29.5758,-89.5727,"WHIB",168,261,,"Y","N"
4811,2021,"05/17/21 00:00:00","TX","Galveston","West Bay Mooring Facility",29.17285,-95.10677,"FOTE",167,193,,"Y","N"
4812,2021,"05/22/21 00:00:00","LA","Birdsfoot West","Birdsfoot West 6 A",29.21976,-89.382209,"NECO",167,213,,"Y","N"
2842,2013,"05/23/13 00:00:00","LA","Barataria Bay","Belle Pass East",29.0901,-90.22190000000001,"TRHE",167,208,,"Y","N"
3465,2015,"06/20/15 00:00:00","LA","Terrebonne Bay","Raccoon Island West",29.0596,-90.94159999999999,"BLSK",166,368,,"Y","N"
2844,2013,"05/24/13 00:00:00","LA","Biloxi South","Biloxi South 11",29.5247,-89.57259999999999,"BRPE",166,232,,"Y","N"
4815,2021,"05/18/21 00:00:00","TX","Galveston","Dickinson Bay Spoil Island",29.46827,-94.94542,"BRPE",166,286,,"Y","N"
4813,2021,"05/24/21 00:00:00","AL","Mississippi Sound","Terrapin Island",30.335,-88.2619,"CAEG",166,185,,"Y","N"
2843,2013,"06/19/13 00:00:00","LA","Biloxi North","Biloxi North 10 A",30.0485,-89.322,"LAGU",166,216,,"Y","N"
4814,2021,"05/17/21 00:00:00","TX","Matagorda Bay","Chester Island",28.45174,-96.34689,"TRHE",166,189,,"Y","Y"
4197,2018,"06/23/18 00:00:00","LA","Biloxi North","Biloxi North 3",30.0997,-89.283,"BLSK",165,324,,"Y","N"
1652,2011,"06/15/11 00:00:00","LA","Breton-Chandeleur Islands","New Harbor Island 1",29.87609,-88.87682,"BRPE",165,293,"Does not include 7 Empty Nests","Y","N"
1653,2011,"05/17/11 00:00:00","LA","Terrebonne Bay","Wine Island",29.0948,-90.6108,"BRPE",165,336,"Does not include 2 Empty Nests","Y","N"
2845,2013,"06/19/13 00:00:00","LA","Biloxi North","Biloxi North 8",30.0525,-89.1944,"BRPE",165,222,,"Y","N"
2846,2013,"05/24/13 00:00:00","LA","Biloxi South","Biloxi South 14",29.659975,-89.45661699999999,"LAGU",165,264,,"Y","Y"
174,2010,"06/12/10 00:00:00","FL","Apalachicola East","Flag Island South",29.6261,-85.152,"BLSK",164,357,,"Y","N"
4817,2021,"06/20/21 00:00:00","TX","Lower Laguna Madre","Laguna Vista Spoils A",26.142736,-97.278547,"BLSK",164,232,,"Y","N"
173,2010,"06/11/10 00:00:00","FL","Tampa Bay","Pelican Island Tampa Bay",27.9144,-82.8408,"BRPE",164,149,"Does not include 1 Empty Nest","Y","N"
3466,2015,"05/17/15 00:00:00","LA","Biloxi South","Biloxi South 5 A",29.6523,-89.464,"BRPE",164,251,,"Y","N"
4818,2021,"05/17/21 00:00:00","TX","Galveston","West Bay Bird Island New",29.09832,-95.14131999999999,"BRPE",164,807,,"Y","N"
4816,2021,"05/17/21 00:00:00","TX","Corpus Christi-Aransas Bay","Pelican Island Spoil B",27.81882,-97.14743,"GREG",164,165,,"Y","N"
4198,2018,"05/19/18 00:00:00","LA","Biloxi North","Biloxi North 38",30.00238,-89.21496999999999,"WHIB",164,253,,"Y","N"
4819,2021,"06/16/21 00:00:00","LA","Breton-Chandeleur Islands","Chandeleur South A",29.809332,-88.86106700000001,"BLSK",163,289,,"Y","N"
175,2010,"06/11/10 00:00:00","FL","Crystal River","Saint Martins Key A",28.8004,-82.7555,"DCCO",163,180,"Does not include 16 Empty Nests","Y","N"
1654,2011,"05/17/11 00:00:00","LA","Atchafalaya Bay","Skimmer Island",29.3864,-91.3836,"SNEG",163,190,,"Y","N"
3467,2015,"06/21/15 00:00:00","LA","Biloxi South","Biloxi South 3",29.7017,-89.5487,"SNEG",163,217,,"Y","N"
4821,2021,"05/18/21 00:00:00","TX","Salt Bayou","High Island",29.57351,-94.38930000000001,"CAEG",161,217,,"Y","N"
4820,2021,"06/20/21 00:00:00","TX","Galveston","West Bay Mooring Facility",29.17285,-95.10677,"GREG",161,156,,"Y","N"
1655,2011,"05/18/11 00:00:00","LA","Biloxi South","Biloxi South 4 B",29.6629,-89.4628,"LAGU",161,339,,"Y","N"
4823,2021,"06/16/21 00:00:00","MS","Mississippi Sound","Broad",30.35802,-89.11138,"LETE",161,229,,"Y","N"
2848,2013,"06/19/13 00:00:00","LA","Biloxi North","Isle au Pitre",30.1526,-89.1968,"ROYT",161,196,,"Y","N"
4822,2021,"06/17/21 00:00:00","LA","Biloxi North","Biloxi North 18",29.992825,-89.249568,"ROYT",161,220,,"Y","N"
2847,2013,"06/18/13 00:00:00","LA","Biloxi North","Deadman Point",29.7411,-89.35680000000001,"TRHE",161,190,,"Y","N"
1656,2011,"06/17/11 00:00:00","LA","Biloxi South","Biloxi South 4 A",29.6618,-89.46720000000001,"BLSK",160,317,,"Y","N"
2267,2012,"06/18/12 00:00:00","AL","Mississippi Sound","Terrapin Island",30.335,-88.2619,"BLSK",160,305,,"Y","N"
4825,2021,"05/25/21 00:00:00","FL","Apalachicola West","Audubon Island",30.17688,-85.7353,"BRPE",160,274,,"Y","N"
2849,2013,"05/24/13 00:00:00","LA","Biloxi North","Biloxi North 13",30.0261,-89.2274,"LAGU",160,266,,"Y","N"
4824,2021,"05/18/21 00:00:00","TX","Galveston","Dickinson Bay Spoil Island",29.46827,-94.94542,"WHIB",160,157,,"Y","N"
177,2010,"06/11/10 00:00:00","FL","Tampa Bay","Saint Joseph Sound Spoil Island",28.0754,-82.8,"DCCO",159,215,,"Y","N"
4827,2021,"06/17/21 00:00:00","LA","Biloxi South","Belle Isle",29.5758,-89.5727,"GREG",159,193,,"Y","N"
2850,2013,"06/19/13 00:00:00","LA","Biloxi North","Biloxi North 8",30.0525,-89.1944,"LAGU",159,255,,"Y","N"
1657,2011,"05/17/11 00:00:00","LA","Terrebonne Bay","Raccoon Island",29.0505,-90.92659999999999,"ROSA",159,2269,,"Y","N"
176,2010,"06/23/10 00:00:00","TX","Corpus Christi-Aransas Bay","Long Reef Deadman Islands B",28.0763,-96.96550000000001,"ROYT",159,159,,"Y","N"
4826,2021,"05/17/21 00:00:00","TX","Galveston","West Bay Mooring Facility",29.17285,-95.10677,"ROYT",159,171,,"Y","N"
3468,2015,"06/21/15 00:00:00","LA","Biloxi South","Belle Isle",29.5758,-89.5727,"TRHE",159,197,,"Y","N"
2852,2013,"05/23/13 00:00:00","LA","Breton-Chandeleur Islands","Breton Island",29.4955,-89.1742,"BLSK",158,380,,"Y","N"
2851,2013,"05/23/13 00:00:00","LA","Barataria Bay","Barataria Bay 13",29.321881,-89.871357,"FOTE",158,182,,"Y","N"
1658,2011,"06/14/11 00:00:00","LA","Biloxi North","Biloxi North 31",29.8043,-89.28149999999999,"LAGU",158,264,,"Y","N"
4828,2021,"05/18/21 00:00:00","TX","Galveston","North Deer Island",29.28519,-94.92462,"WFIB",158,189,,"Y","Y"
3469,2015,"05/18/15 00:00:00","FL","Apalachicola East","Saint George Causeway",29.694945,-84.88297900000001,"CATE",157,192,,"Y","N"
4829,2021,"05/17/21 00:00:00","TX","Lower Laguna Madre","Green Island Spoils H",26.409936,-97.30549999999999,"CATE",157,262,,"Y","N"
3470,2015,"06/21/15 00:00:00","LA","Biloxi North","Deadman Point",29.7411,-89.35680000000001,"TRHE",157,245,,"Y","N"
4831,2021,"06/16/21 00:00:00","LA","Biloxi North","Bayou Pintou",30.128,-89.224,"CATE",156,319,,"Y","N"
4830,2021,"06/20/21 00:00:00","TX","Corpus Christi-Aransas Bay","West Nueces Bay 51W A",27.853228,-97.48302700000001,"GBTE",156,200,,"Y","N"
2268,2012,"05/27/12 00:00:00","LA","Barataria Bay","Belle Pass East",29.0901,-90.22190000000001,"WHIB",156,209,,"Y","N"
180,2010,"06/27/10 00:00:00","LA","Biloxi North","Martin Island",29.959,-89.19840000000001,"BRPE",155,834,"Does not include 6 Empty Nests","Y","N"
4199,2018,"05/19/18 00:00:00","LA","Biloxi North","Biloxi North 37",29.9141,-89.3257,"FOTE",155,188,,"Y","N"
178,2010,"06/23/10 00:00:00","TX","Corpus Christi-Aransas Bay","Pine Oak Woods",28.0397,-97.04130000000001,"GREG",155,155,,"Y","N"
4200,2018,"05/19/18 00:00:00","LA","Biloxi North","Door Point Lagoon 2",30.06117,-89.18415,"LAGU",155,311,,"Y","N"
4832,2021,"05/18/21 00:00:00","TX","Salt Bayou","High Island",29.57351,-94.38930000000001,"NECO",155,317,,"Y","N"
179,2010,"05/07/10 00:00:00","LA","Biloxi North","Dry Bread Island",29.8426,-89.3064,"TRHE",155,176,,"Y","N"
4201,2018,"05/19/18 00:00:00","LA","Biloxi South","Belle Isle",29.5758,-89.5727,"BCNH",154,187,,"Y","N"
2853,2013,"05/24/13 00:00:00","LA","Biloxi South","Biloxi South 10 D",29.52792,-89.54504,"BRPE",154,347,,"Y","N"
4835,2021,"06/20/21 00:00:00","TX","Corpus Christi-Aransas Bay","West Nueces Bay 51W A",27.853228,-97.48302700000001,"FOTE",153,222,,"Y","N"
4833,2021,"05/17/21 00:00:00","TX","Lower Laguna Madre","Green Island Spoils L",26.413197,-97.296649,"ROYT",153,163,,"Y","N"
4834,2021,"06/14/21 00:00:00","FL","Apalachicola West","Audubon Island",30.17688,-85.7353,"ROYT",153,164,,"Y","N"
4203,2018,"05/21/18 00:00:00","LA","Terrebonne Bay","Houma Navigation Canal Island",29.19515,-90.61565,"CATE",152,192,,"Y","N"
2855,2013,"06/19/13 00:00:00","LA","Barataria Bay","Manilla Island",29.4308,-89.97320000000001,"FOTE",152,201,,"Y","N"
4202,2018,"05/19/18 00:00:00","LA","Biloxi South","Biloxi South 14",29.659975,-89.45661699999999,"FOTE",152,165,,"Y","N"
2269,2012,"05/28/12 00:00:00","LA","Biloxi South","Biloxi South 11",29.5247,-89.57259999999999,"SNEG",152,259,,"Y","N"
2854,2013,"06/18/13 00:00:00","LA","Biloxi North","Hell Pass Coast",29.92569,-89.31116,"SNEG",152,172,,"Y","N"
4836,2021,"05/17/21 00:00:00","TX","Matagorda Bay","Lavaca Bay Spoils E",28.59947,-96.56207999999999,"SNEG",152,221,,"Y","N"
4204,2018,"06/24/18 00:00:00","LA","Breton-Chandeleur Islands","Chandeleur North D",29.901692,-88.824851,"BLSK",151,217,,"Y","N"
181,2010,"06/08/10 00:00:00","FL","Florida Keys","Bush and Long Keys",24.6281,-82.86369999999999,"MAFR",151,159,,"Y","N"
2856,2013,"06/19/13 00:00:00","LA","Biloxi North","Biloxi North 12",30.042,-89.273,"WHIB",151,172,,"Y","N"
1659,2011,"06/17/11 00:00:00","LA","Barataria Bay","Bay Ronquille Northeast Island",29.3659,-89.8357,"BRPE",150,150,,"Y","N"
3471,2015,"05/18/15 00:00:00","FL","Apalachicola West","Audubon Island",30.17688,-85.7353,"BRPE",150,238,,"Y","N"
183,2010,"05/17/10 00:00:00","LA","Terrebonne Bay","Felicity Island",29.2558,-90.44,"CATE",150,180,,"Y","N"
1660,2011,"05/19/11 00:00:00","LA","Lake Borgne","Half Moon Island",30.1376,-89.43519999999999,"FOTE",150,150,,"Y","N"
4206,2018,"05/19/18 00:00:00","LA","Lake Borgne","Half Moon Island",30.1376,-89.43519999999999,"FOTE",150,189,,"Y","N"
182,2010,"06/11/10 00:00:00","FL","Tampa Bay","Clearwater Harbor Island",27.966,-82.8146,"GREG",150,128,,"Y","N"
3472,2015,"06/21/15 00:00:00","LA","Biloxi North","Biloxi North 7",30.0578,-89.2011,"LAGU",150,246,,"Y","N"
4205,2018,"05/19/18 00:00:00","LA","Biloxi North","Hell Pass Coast C",29.92569,-89.31116,"SNEG",150,159,,"Y","N"
4837,2021,"06/20/21 00:00:00","TX","Upper Laguna Madre","Naval Air Station Islands E",27.671973,-97.24975499999999,"TRHE",150,109,,"Y","N"
3474,2015,"05/16/15 00:00:00","LA","Barataria Bay","Bay Ronquille Northwest Island",29.3631,-89.85339999999999,"BRPE",149,374,,"Y","N"
1661,2011,"05/20/11 00:00:00","AL","Mississippi Sound","Terrapin Island",30.335,-88.2619,"CAEG",149,169,,"Y","N"
4839,2021,"05/24/21 00:00:00","AL","Mississippi Sound","Marsh Island",30.321609,-88.223833,"CAEG",149,168,,"Y","N"
1662,2011,"06/17/11 00:00:00","LA","Biloxi South","Biloxi South 4 A",29.6618,-89.46720000000001,"FOTE",149,273,,"Y","N"
4838,2021,"05/18/21 00:00:00","TX","Galveston","Evia Island",29.4282,-94.7638,"GREG",149,123,,"Y","N"
4840,2021,"06/16/21 00:00:00","LA","Biloxi North","Biloxi North 4",30.0909,-89.23180000000001,"LAGU",149,196,,"Y","N"
3473,2015,"05/16/15 00:00:00","LA","Terrebonne Bay","Felicity Island",29.2558,-90.44,"SNEG",149,209,,"Y","N"
3475,2015,"06/21/15 00:00:00","LA","Biloxi South","Biloxi South 10 B",29.5289,-89.55068,"FOTE",148,175,,"Y","N"
4841,2021,"06/20/21 00:00:00","TX","Matagorda Bay","Chester Island",28.45174,-96.34689,"GBHE",148,83,,"Y","Y"
1664,2011,"06/15/11 00:00:00","LA","Breton-Chandeleur Islands","Chandeleur North A",29.969531,-88.82772199999999,"LAGU",148,337,,"Y","N"
1663,2011,"05/18/11 00:00:00","LA","Biloxi South","Biloxi South 11",29.5247,-89.57259999999999,"SNEG",148,210,,"Y","N"
3476,2015,"06/22/15 00:00:00","AL","Mississippi Sound","Terrapin Island",30.335,-88.2619,"BLSK",147,287,,"Y","N"
3477,2015,"05/17/15 00:00:00","LA","Biloxi North","Martin Island",29.959,-89.19840000000001,"BLSK",147,334,,"Y","N"
184,2010,"06/10/10 00:00:00","FL","Charlotte Harbor","Hemp Key",26.6005,-82.1524,"BRPE",147,160,,"Y","N"
185,2010,"06/23/10 00:00:00","TX","Corpus Christi-Aransas Bay","Second Chain of Islands J",28.1857,-96.8137,"LAGU",147,174,,"Y","N"
2270,2012,"05/27/12 00:00:00","LA","Atchafalaya Bay","Skimmer Island",29.3864,-91.3836,"SNEG",147,262,,"Y","N"
4208,2018,"06/23/18 00:00:00","LA","Biloxi North","Biloxi North 5",30.0675,-89.2069,"BLSK",146,309,,"Y","N"
2857,2013,"05/25/13 00:00:00","FL","Apalachicola East","Lake Number Five",29.6471,-85.1279,"SNEG",146,200,,"Y","N"
2858,2013,"06/19/13 00:00:00","LA","Birdsfoot West","Birdsfoot West 3",29.2122,-89.3914,"SNEG",146,256,,"Y","N"
4207,2018,"05/20/18 00:00:00","LA","Barataria Bay","Queen Bess Island",29.3043,-89.9592,"WHIB",146,172,,"Y","N"
3478,2015,"06/22/15 00:00:00","FL","Apalachicola East","Lanark Reef West",29.871013,-84.590857,"BLSK",145,280,,"Y","Y"
4843,2021,"06/17/21 00:00:00","LA","Biloxi North","Deadman Point",29.7411,-89.35680000000001,"BRPE",145,883,,"Y","N"
1665,2011,"05/17/11 00:00:00","LA","Terrebonne Bay","Felicity Island",29.2558,-90.44,"ROSP",145,258,,"Y","N"
2859,2013,"05/23/13 00:00:00","LA","Terrebonne Bay","Terrebonne Bay 8",29.1415,-90.64927,"ROYT",145,166,,"Y","N"
4842,2021,"06/20/21 00:00:00","TX","Lower Laguna Madre","Bahia Grande C Central",26.038968,-97.28825500000001,"WHIB",145,181,,"Y","N"
1666,2011,"05/17/11 00:00:00","LA","Barataria Bay","Barataria Bay 5 AB",29.312443,-90.03893600000001,"FOTE",144,159,,"Y","N"
4209,2018,"06/25/18 00:00:00","LA","Vermilion Bay","Bayou Platte Island South",29.6069,-91.8913,"GBTE",144,343,,"Y","N"
186,2010,"06/11/10 00:00:00","FL","Tampa Bay","Dog Leg Key",27.802,-82.76179999999999,"GREG",144,148,,"Y","N"
3479,2015,"05/18/15 00:00:00","FL","Apalachicola East","Lanark Reef West",29.871013,-84.590857,"LAGU",144,229,,"Y","N"
2860,2013,"06/19/13 00:00:00","LA","Biloxi North","Biloxi North 7",30.0578,-89.2011,"BRPE",143,192,"Does not include 1 Empty Nest","Y","N"
187,2010,"06/11/10 00:00:00","FL","Tampa Bay","Sunken Island",27.8469,-82.41500000000001,"DCCO",143,165,"Does not include 16 Empty Nests","Y","N"
2271,2012,"05/28/12 00:00:00","LA","Biloxi South","Belle Isle",29.5758,-89.5727,"FOTE",143,240,,"Y","N"
4844,2021,"06/20/21 00:00:00","TX","Lower Laguna Madre","Green Island",26.39257,-97.32510000000001,"REEG",143,169,"DM/WM combined","Y","N"
3480,2015,"06/20/15 00:00:00","LA","Terrebonne Bay","Raccoon Island West",29.0596,-90.94159999999999,"SATE",143,243,,"Y","N"
4210,2018,"05/19/18 00:00:00","LA","Biloxi South","Biloxi South 4 B",29.6629,-89.4628,"LAGU",142,250,,"Y","N"
2272,2012,"06/19/12 00:00:00","LA","Lake Borgne","Half Moon Island",30.1376,-89.43519999999999,"WHIB",142,206,,"Y","N"
2273,2012,"05/27/12 00:00:00","LA","Atchafalaya Bay","Skimmer Island",29.3864,-91.3836,"BLSK",141,228,,"Y","N"
2862,2013,"06/19/13 00:00:00","LA","Biloxi North","Door Point Lagoon 1",30.0637,-89.19280000000001,"BLSK",141,276,,"Y","N"
4845,2021,"06/16/21 00:00:00","LA","Lake Borgne","Half Moon Island",30.1376,-89.43519999999999,"BLSK",141,423,,"Y","N"
188,2010,"06/23/10 00:00:00","TX","East Matagorda Bay","Dressing Point",28.73145,-95.76074,"BRPE",141,20,,"Y","N"
4846,2021,"05/18/21 00:00:00","TX","Galveston","South Deer Island",29.27195,-94.9119,"BRPE",141,442,,"Y","Y"
2861,2013,"05/24/13 00:00:00","LA","Biloxi South","Biloxi South 11",29.5247,-89.57259999999999,"ROSP",141,185,,"Y","N"
1667,2011,"05/18/11 00:00:00","LA","Barataria Bay","Bay Ronquille Northeast Island",29.3659,-89.8357,"TRHE",141,183,,"Y","N"
189,2010,"06/27/10 00:00:00","LA","Biloxi North","Biloxi North 27",29.8807,-89.2497,"BLSK",140,246,"Does not include 8 Empty Nests","Y","N"
2865,2013,"05/23/13 00:00:00","LA","Terrebonne Bay","Pelican Island",29.1437,-90.3475,"BRPE",140,288,,"Y","N"
4847,2021,"06/20/21 00:00:00","TX","Lower Laguna Madre","Bahia Grande B",26.044,-97.30609,"GREG",140,182,,"Y","Y"
3481,2015,"05/16/15 00:00:00","LA","Barataria Bay","Belle Pass East",29.0901,-90.22190000000001,"ROSP",140,206,,"Y","N"
2864,2013,"05/24/13 00:00:00","LA","Biloxi North","Redfish Bend",29.9679,-89.2276,"SATE",140,199,,"Y","N"
2863,2013,"05/24/13 00:00:00","LA","Biloxi North","Dry Bread Island",29.8426,-89.3064,"TRHE",140,147,,"Y","N"
3482,2015,"06/21/15 00:00:00","LA","Breton-Chandeleur Islands","Chandeleur North E",29.888395,-88.82646,"BLSK",139,209,,"Y","N"
3483,2015,"06/21/15 00:00:00","LA","Biloxi South","Biloxi South 9",29.5392,-89.53530000000001,"BLSK",139,701,,"Y","N"
190,2010,"06/10/10 00:00:00","FL","Tampa Bay","Edwards Islands Southeast",27.2936,-82.54430000000001,"BRPE",139,142,,"Y","N"
191,2010,"05/08/10 00:00:00","LA","Biloxi South","Biloxi South 7",29.6055,-89.5887,"FOTE",139,157,,"Y","N"
4848,2021,"05/18/21 00:00:00","TX","Galveston","North Deer Island",29.28519,-94.92462,"GBHE",139,147,,"Y","N"
2866,2013,"06/19/13 00:00:00","LA","Atchafalaya Bay","Heron Island",29.4282,-91.3287,"GREG",139,125,,"Y","N"
192,2010,"05/08/10 00:00:00","LA","Barataria Bay","Bay Ronquille Northeast Island",29.3659,-89.8357,"LAGU",139,306,,"Y","N"
4850,2021,"05/17/21 00:00:00","TX","Lower Laguna Madre","Green Island Spoils D",26.409412,-97.317728,"LAGU",139,200,,"Y","N"
4849,2021,"06/17/21 00:00:00","LA","Biloxi South","Biloxi South 6",29.6569,-89.5145,"SNEG",139,194,,"Y","N"
2867,2013,"06/18/13 00:00:00","LA","Biloxi South","Biloxi South 5 A",29.6523,-89.464,"BRPE",138,140,,"Y","N"
2868,2013,"05/24/13 00:00:00","LA","Biloxi North","Door Point Lagoon 2",30.06117,-89.18415,"BRPE",138,310,,"Y","N"
1668,2011,"05/18/11 00:00:00","LA","Biloxi South","Biloxi South 1",29.6873,-89.4646,"FOTE",138,167,,"Y","N"
3485,2015,"06/20/15 00:00:00","LA","Terrebonne Bay","Bay Chaland Island",29.226439,-90.632649,"FOTE",138,362,,"Y","N"
4852,2021,"06/20/21 00:00:00","TX","Corpus Christi-Aransas Bay","West Nueces Bay 51W K",27.85912,-97.49294999999999,"FOTE",138,210,,"Y","N"
4851,2021,"05/17/21 00:00:00","TX","Corpus Christi-Aransas Bay","Pelican Island Spoil B",27.81882,-97.14743,"GBHE",138,70,,"Y","N"
3486,2015,"05/16/15 00:00:00","LA","Barataria Bay","Cat Bay North Island",29.3656,-89.8646,"LAGU",138,444,,"Y","N"
3484,2015,"06/20/15 00:00:00","LA","Terrebonne Bay","Raccoon Island West",29.0596,-90.94159999999999,"ROYT",138,223,,"Y","N"
193,2010,"06/23/10 00:00:00","TX","East Matagorda Bay","Dressing Point",28.73145,-95.76074,"WHIB",138,150,,"Y","N"
194,2010,"06/11/10 00:00:00","FL","Crystal River","Saint Martins Key B",28.8004,-82.7501,"DCCO",137,138,,"Y","N"
195,2010,"06/11/10 00:00:00","FL","Crystal River","Crystal River Energy Canal Spoil",28.9423,-82.7817,"LETE",137,152,,"Y","N"
1669,2011,"05/18/11 00:00:00","LA","Barataria Bay","Cat Bay South Island",29.3341,-89.8716,"TRHE",137,165,,"Y","N"
196,2010,"06/25/10 00:00:00","TX","Galveston","West Bay Bird Island New",29.09832,-95.14131999999999,"BLSK",136,194,,"Y","N"
2869,2013,"06/17/13 00:00:00","AL","Mississippi Sound","Terrapin Island",30.335,-88.2619,"CAEG",136,152,,"Y","N"
197,2010,"06/12/10 00:00:00","FL","Apalachee Bay","Smith Island",30.04906,-84.31802999999999,"GREG",136,199,"Does not include 15 Empty Nests","Y","N"
3487,2015,"06/21/15 00:00:00","LA","Biloxi South","Biloxi South 10 D",29.52792,-89.54504,"LAGU",136,378,,"Y","N"
3489,2015,"05/16/15 00:00:00","LA","Atchafalaya Bay","Skimmer Island",29.3864,-91.3836,"BCNH",135,182,,"Y","N"
2274,2012,"05/30/12 00:00:00","FL","Apalachicola East","Lanark Reef West",29.871013,-84.590857,"BLSK",135,243,,"Y","N"
4855,2021,"06/16/21 00:00:00","LA","Breton-Chandeleur Islands","Breton Island",29.4955,-89.1742,"BLSK",135,197,,"Y","N"
4853,2021,"06/18/21 00:00:00","LA","Sabine-Calcasieu","Rabbit Island",29.8494,-93.383,"GREG",135,139,,"Y","N"
4856,2021,"05/17/21 00:00:00","TX","Upper Laguna Madre","Tern Island",27.65791,-97.25123000000001,"LAGU",135,200,,"Y","N"
4854,2021,"05/17/21 00:00:00","TX","Galveston","West Bay Bird Island",29.09517,-95.14105000000001,"REEG",135,162,"DM/WM combined","Y","N"
3488,2015,"06/21/15 00:00:00","LA","Breton-Chandeleur Islands","Chandeleur North F",29.881806,-88.828345,"SATE",135,139,,"Y","N"
2276,2012,"05/28/12 00:00:00","LA","Biloxi South","Biloxi South 4 A",29.6618,-89.46720000000001,"BLSK",134,345,,"Y","N"
2870,2013,"06/18/13 00:00:00","LA","Breton-Chandeleur Islands","Chandeleur South A",29.809332,-88.86106700000001,"BLSK",134,253,,"Y","N"
4857,2021,"05/17/21 00:00:00","TX","Galveston","West Bay Bird Island",29.09517,-95.14105000000001,"GBHE",134,68,,"Y","N"
4858,2021,"06/20/21 00:00:00","TX","Lower Laguna Madre","Green Island",26.39257,-97.32510000000001,"SNEG",134,198,,"Y","N"
2275,2012,"05/28/12 00:00:00","LA","Biloxi North","Biloxi North 16",29.9984,-89.2924,"WHIB",134,134,,"Y","N"
2871,2013,"06/19/13 00:00:00","LA","Terrebonne Bay","Felicity Island",29.2558,-90.44,"WHIB",134,338,,"Y","Y"
3490,2015,"06/21/15 00:00:00","LA","Biloxi North","Biloxi North 38",30.00238,-89.21496999999999,"WHIB",134,415,,"Y","N"
4859,2021,"05/25/21 00:00:00","FL","Apalachicola East","Saint George Causeway",29.694945,-84.88297900000001,"CATE",133,140,,"Y","N"
3491,2015,"05/17/15 00:00:00","LA","Biloxi South","Biloxi South 14",29.659975,-89.45661699999999,"FOTE",133,230,,"Y","N"
1670,2011,"06/14/11 00:00:00","LA","Biloxi North","Hell Pass Coast",29.92569,-89.31116,"SNEG",133,137,,"Y","N"
2278,2012,"05/28/12 00:00:00","LA","Biloxi North","Deadman Point",29.7411,-89.35680000000001,"SNEG",133,170,,"Y","N"
198,2010,"06/26/10 00:00:00","TX","Galveston","Rollover Bay A",29.5178,-94.50239999999999,"TRHE",133,338,,"Y","N"
2277,2012,"05/28/12 00:00:00","LA","Biloxi North","Hell Pass Coast",29.92569,-89.31116,"TRHE",133,166,,"Y","N"
3492,2015,"06/21/15 00:00:00","LA","Breton-Chandeleur Islands","Curlew Island",29.66636,-88.96111999999999,"BLSK",132,141,,"Y","N"
2872,2013,"06/19/13 00:00:00","LA","Vermilion Bay","Bayou Platte Island South",29.6069,-91.8913,"LAGU",132,270,,"Y","N"
4861,2021,"05/17/21 00:00:00","TX","Galveston","Bay Harbor Island",29.13251,-95.07424,"SATE",132,190,,"Y","N"
4860,2021,"05/20/21 00:00:00","LA","Atchafalaya Bay","Bird Island East",29.353105,-91.382509,"TRHE",132,164,,"Y","Y"
2873,2013,"06/18/13 00:00:00","LA","Breton-Chandeleur Islands","Chandeleur North F",29.881806,-88.828345,"BLSK",131,217,,"Y","N"
199,2010,"06/11/10 00:00:00","FL","Tampa Bay","Clearwater Harbor Island",27.966,-82.8146,"BRPE",131,112,"Does not include 1 Empty Nest","Y","N"
4862,2021,"05/18/21 00:00:00","TX","Galveston","Marker 52 Spoil Island",29.290621,-94.92918,"CAEG",131,230,,"Y","N"
2279,2012,"05/27/12 00:00:00","LA","Atchafalaya Bay","Heron Island",29.4282,-91.3287,"GREG",131,85,,"Y","N"
2280,2012,"05/28/12 00:00:00","LA","Biloxi South","Biloxi South 2",29.7047,-89.5647,"LAGU",131,131,,"Y","N"
3494,2015,"05/17/15 00:00:00","LA","Breton-Chandeleur Islands","Chandeleur North B",29.949821,-88.823795,"BLSK",130,237,,"Y","Y"
3495,2015,"05/18/15 00:00:00","LA","Biloxi North","Biloxi North 3",30.0997,-89.283,"BLSK",130,401,,"Y","N"
3493,2015,"05/17/15 00:00:00","LA","Breton-Chandeleur Islands","Breton Island",29.4955,-89.1742,"CATE",130,166,,"Y","Y"
4211,2018,"05/21/18 00:00:00","LA","Terrebonne Bay","Philo Brice Islands",29.18416,-90.34678,"FOTE",130,159,,"Y","N"
200,2010,"06/09/10 00:00:00","FL","Everglades National Park","Clive Key",25.0799,-80.9284,"GREG",130,72,,"Y","N"
4863,2021,"05/24/21 00:00:00","AL","Mississippi Sound","Marsh Island",30.321609,-88.223833,"TRHE",130,156,,"Y","N"
4864,2021,"06/20/21 00:00:00","TX","Upper Laguna Madre","Pita Island",27.60181,-97.2876,"WHIB",130,166,,"Y","N"
4213,2018,"06/23/18 00:00:00","LA","Biloxi South","Biloxi South 5 B",29.6521,-89.4577,"BRPE",129,271,,"Y","N"
1671,2011,"06/17/11 00:00:00","LA","Barataria Bay","Shell Island East A",29.2701,-89.6131,"GBTE",129,156,,"Y","N"
4212,2018,"05/19/18 00:00:00","LA","Biloxi North","Biloxi North 38",30.00238,-89.21496999999999,"GREG",129,155,,"Y","N"
2874,2013,"06/18/13 00:00:00","LA","Breton-Chandeleur Islands","Chandeleur North B",29.949821,-88.823795,"LAGU",129,237,,"Y","N"
4865,2021,"06/16/21 00:00:00","LA","Breton-Chandeleur Islands","Chandeleur North D",29.901692,-88.824851,"LAGU",129,187,,"Y","N"
2876,2013,"06/19/13 00:00:00","LA","Biloxi North","Biloxi North 3",30.0997,-89.283,"BLSK",128,264,,"Y","N"
202,2010,"06/12/10 00:00:00","FL","Apalachicola East","Saint George Causeway",29.694945,-84.88297900000001,"CATE",128,138,,"Y","N"
2875,2013,"06/18/13 00:00:00","LA","Biloxi North","Biloxi North 14",30.0038,-89.20650000000001,"LAGU",128,158,,"Y","N"
4214,2018,"05/19/18 00:00:00","LA","Biloxi North","Hell Pass Coast D",29.9229,-89.31514,"LAGU",128,162,,"Y","N"
4215,2018,"05/20/18 00:00:00","LA","Breton-Chandeleur Islands","New Harbor Island 3",29.8542,-88.8634,"LAGU",128,207,,"Y","N"
201,2010,"06/25/10 00:00:00","TX","Galveston","Mustang Bayou Island",29.167164,-95.129808,"TRHE",128,75,"Does not include 3 Empty Nests","Y","N"
3496,2015,"06/21/15 00:00:00","LA","Biloxi North","Biloxi North 38",30.00238,-89.21496999999999,"BLSK",127,334,,"Y","N"
203,2010,"06/11/10 00:00:00","FL","Tampa Bay","Clearwater Harbor Island",27.966,-82.8146,"WHIB",127,340,,"Y","N"
204,2010,"06/11/10 00:00:00","FL","Tampa Bay","Jackass Key",27.6692,-82.7175,"DCCO",126,144,,"Y","N"
2877,2013,"05/23/13 00:00:00","LA","Atchafalaya Bay","Skimmer Island",29.3864,-91.3836,"SNEG",126,212,,"Y","N"
4866,2021,"06/18/21 00:00:00","TX","Galveston","Rollover Bay C",29.51574,-94.50743300000001,"SNEG",126,144,,"Y","N"
206,2010,"06/23/10 00:00:00","TX","Corpus Christi-Aransas Bay","Nueces Causeway",27.84176,-97.37604,"BLSK",125,235,,"Y","N"
4868,2021,"05/25/21 00:00:00","FL","Apalachicola East","Apalachicola Bird Island",29.714977,-84.975398,"BLSK",125,379,,"Y","N"
2281,2012,"05/29/12 00:00:00","LA","Breton-Chandeleur Islands","Chandeleur South A",29.809332,-88.86106700000001,"CATE",125,135,,"Y","N"
205,2010,"06/25/10 00:00:00","TX","Galveston","West Bay Bird Island",29.09517,-95.14105000000001,"GREG",125,70,,"Y","N"
4867,2021,"05/17/21 00:00:00","TX","Galveston","Bay Harbor Island",29.13251,-95.07424,"WHIB",125,199,,"Y","N"
4869,2021,"06/16/21 00:00:00","LA","Biloxi North","Door Point Lagoon 2",30.06117,-89.18415,"BLSK",124,287,,"Y","N"
2282,2012,"05/28/12 00:00:00","LA","Biloxi South","Biloxi South 9",29.5392,-89.53530000000001,"CATE",124,161,,"Y","N"
207,2010,"06/27/10 00:00:00","LA","Barataria Bay","Fricot Bayou Island",29.3459,-90.0342,"FOTE",124,171,,"Y","N"
4216,2018,"06/24/18 00:00:00","LA","Breton-Chandeleur Islands","Chandeleur South B",29.79898,-88.86415599999999,"BLSK",123,181,,"Y","N"
4870,2021,"06/17/21 00:00:00","LA","Biloxi North","Biloxi North 27",29.8807,-89.2497,"BLSK",123,168,,"Y","N"
4217,2018,"05/19/18 00:00:00","LA","Biloxi North","Door Point Lagoon 2",30.06117,-89.18415,"BRPE",123,311,,"Y","N"
2283,2012,"05/28/12 00:00:00","LA","Biloxi South","Biloxi South 11",29.5247,-89.57259999999999,"ROSP",123,164,,"Y","N"
208,2010,"06/12/10 00:00:00","FL","Apalachicola East","Flag Island South",29.6261,-85.152,"ROYT",123,188,,"Y","N"
4871,2021,"05/17/21 00:00:00","TX","Matagorda Bay","Lavaca Bay Spoils E",28.59947,-96.56207999999999,"WHIB",123,242,,"Y","N"
2879,2013,"06/17/13 00:00:00","MS","Mississippi Sound","Beauvoir",30.39081,-88.97239,"BLSK",122,234,,"Y","N"
2284,2012,"05/29/12 00:00:00","LA","Breton-Chandeleur Islands","Chandeleur South D",29.770378,-88.882942,"CATE",122,130,,"Y","N"
2878,2013,"06/19/13 00:00:00","LA","Biloxi North","Biloxi North 5",30.0675,-89.2069,"LAGU",122,176,,"Y","N"
3497,2015,"05/18/15 00:00:00","LA","Lake Borgne","Half Moon Island",30.1376,-89.43519999999999,"WHIB",122,222,,"Y","Y"
4218,2018,"06/23/18 00:00:00","LA","Biloxi North","Bayou Pintou",30.128,-89.224,"CATE",121,138,,"Y","N"
3499,2015,"06/20/15 00:00:00","LA","Vermilion Bay","Bayou Platte Island South",29.6069,-91.8913,"FOTE",121,198,,"Y","N"
4873,2021,"06/17/21 00:00:00","LA","Birdsfoot East","Gunn Island",29.4136,-89.2957,"FOTE",121,121,,"Y","N"
4872,2021,"06/18/21 00:00:00","TX","Galveston","Rollover Bay C",29.51574,-94.50743300000001,"GREG",121,113,,"Y","N"
4874,2021,"05/17/21 00:00:00","TX","Galveston","Nolan Ryan Marsh",28.94099,-95.35596,"GREG",121,132,,"Y","N"
3498,2015,"05/17/15 00:00:00","LA","Biloxi North","Hell Pass Coast C",29.92569,-89.31116,"TRHE",121,135,,"Y","N"
4219,2018,"06/24/18 00:00:00","LA","Breton-Chandeleur Islands","Gosier Islands North",29.5517,-89.06444,"BLSK",120,123,,"Y","N"
4875,2021,"06/16/21 00:00:00","LA","Breton-Chandeleur Islands","Chandeleur North H",29.85238,-88.83663799999999,"CATE",120,137,,"Y","N"
4877,2021,"05/25/21 00:00:00","FL","Apalachicola West","Saint Andrews State Park Gator Lake",30.12805,-85.73179,"CAEG",119,180,,"Y","N"
4876,2021,"05/25/21 00:00:00","FL","Apalachee Bay","Pepperfish Key",29.501954,-83.395151,"GREG",119,130,,"Y","N"
3500,2015,"05/17/15 00:00:00","LA","Breton-Chandeleur Islands","Chandeleur South B",29.79898,-88.86415599999999,"BLSK",118,176,,"Y","N"
4878,2021,"06/18/21 00:00:00","LA","Sabine-Calcasieu","Rabbit Island",29.8494,-93.383,"BLSK",118,231,,"Y","N"
1672,2011,"05/19/11 00:00:00","LA","Biloxi North","Redfish Bend",29.9679,-89.2276,"LAGU",118,239,,"Y","N"
209,2010,"06/11/10 00:00:00","FL","Tampa Bay","Hillsborough Channel Spoil Island",27.8246,-82.43429999999999,"BLSK",117,122,,"Y","N"
3501,2015,"06/21/15 00:00:00","LA","Breton-Chandeleur Islands","Chandeleur North H",29.85238,-88.83663799999999,"BLSK",117,129,,"Y","N"
4879,2021,"06/16/21 00:00:00","LA","Breton-Chandeleur Islands","Chandeleur South C",29.780414,-88.87419199999999,"BLSK",117,206,,"Y","N"
2880,2013,"05/23/13 00:00:00","LA","Terrebonne Bay","Felicity Island",29.2558,-90.44,"BCNH",116,135,,"Y","N"
2285,2012,"05/30/12 00:00:00","FL","Apalachicola East","Saint George Causeway",29.694945,-84.88297900000001,"CATE",116,137,,"Y","N"
212,2010,"06/11/10 00:00:00","FL","Tampa Bay","Bird Key Terra Ceia",27.5522,-82.59999999999999,"DCCO",116,128,,"Y","N"
4880,2021,"05/17/21 00:00:00","TX","Lower Laguna Madre","Green Hill Spoils B",26.48998,-97.38688999999999,"GREG",116,133,,"Y","N"
2881,2013,"06/17/13 00:00:00","MS","Mississippi Sound","Beauvoir",30.39081,-88.97239,"LETE",116,161,,"Y","N"
211,2010,"05/17/10 00:00:00","LA","Sabine-Calcasieu","Rabbit Island",29.8494,-93.383,"ROSP",116,121,,"Y","N"
210,2010,"06/25/10 00:00:00","TX","Galveston","Jigsaw Island",29.2832,-94.8918,"ROYT",116,56,,"Y","N"
2286,2012,"05/28/12 00:00:00","LA","Biloxi North","Biloxi North 10 A",30.0485,-89.322,"SNEG",116,149,,"Y","N"
4220,2018,"05/19/18 00:00:00","LA","Biloxi North","Biloxi North 16",29.9984,-89.2924,"SNEG",116,126,,"Y","N"
2882,2013,"05/23/13 00:00:00","LA","Terrebonne Bay","Houma Navigation Canal Island",29.19515,-90.61565,"BCNH",115,130,,"Y","N"
4881,2021,"06/17/21 00:00:00","LA","Biloxi South","Belle Isle",29.5758,-89.5727,"BCNH",115,135,,"Y","N"
4884,2021,"06/16/21 00:00:00","LA","Breton-Chandeleur Islands","Chandeleur North C",29.929685,-88.82179600000001,"BLSK",115,177,,"Y","N"
214,2010,"06/25/10 00:00:00","TX","Galveston","Evia Island",29.4282,-94.7638,"BRPE",115,148,,"Y","N"
2287,2012,"05/27/12 00:00:00","LA","Barataria Bay","Barataria Bay 3",29.3427,-89.8023,"BRPE",115,580,,"Y","N"
4882,2021,"06/17/21 00:00:00","LA","Biloxi North","Biloxi North 37",29.9141,-89.3257,"FOTE",115,135,,"Y","N"
4883,2021,"06/17/21 00:00:00","LA","Biloxi South","Biloxi South 14",29.659975,-89.45661699999999,"FOTE",115,157,,"Y","N"
1673,2011,"05/17/11 00:00:00","LA","Atchafalaya Bay","Heron Island",29.4282,-91.3287,"GREG",115,76,,"Y","N"
2883,2013,"06/18/13 00:00:00","LA","Biloxi South","Biloxi South 2",29.7047,-89.5647,"TRHE",115,187,,"Y","Y"
213,2010,"06/23/10 00:00:00","TX","Corpus Christi-Aransas Bay","Copano Rattlesnake Point",28.0561,-97.13330000000001,"WHIB",115,131,,"Y","N"
4221,2018,"05/21/18 00:00:00","LA","Terrebonne Bay","Philo Brice Islands",29.18416,-90.34678,"CATE",114,139,,"Y","N"
4223,2018,"05/19/18 00:00:00","LA","Biloxi South","Belle Isle",29.5758,-89.5727,"ROSP",114,164,,"Y","N"
215,2010,"05/17/10 00:00:00","LA","Terrebonne Bay","Raccoon Island West",29.0596,-90.94159999999999,"ROYT",114,119,,"Y","N"
4222,2018,"06/23/18 00:00:00","LA","Biloxi North","Redfish Bend",29.9679,-89.2276,"ROYT",114,162,,"Y","N"
4885,2021,"06/17/21 00:00:00","LA","Biloxi North","Little Mud Grass Island Northeast",29.9628,-89.3156,"SNEG",114,145,,"Y","N"
2288,2012,"05/28/12 00:00:00","LA","Biloxi North","Biloxi North 10 E",30.0502,-89.3117,"WHIB",114,191,,"Y","N"
1674,2011,"05/19/11 00:00:00","LA","Biloxi North","Martin Island",29.959,-89.19840000000001,"FOTE",113,124,,"Y","N"
4886,2021,"06/19/21 00:00:00","LA","Terrebonne Bay","Belle Pass Pond",29.111568,-90.211673,"GREG",113,121,,"Y","N"
4887,2021,"05/22/21 00:00:00","LA","Terrebonne Bay","Philo Brice Islands",29.18416,-90.34678,"ROSP",113,124,,"Y","N"
216,2010,"06/26/10 00:00:00","TX","Galveston","Rollover Bay D",29.5215,-94.5056,"TRHE",113,114,"Does not include 58 Empty Nests","Y","N"
2884,2013,"05/23/13 00:00:00","LA","Terrebonne Bay","Raccoon Island",29.0505,-90.92659999999999,"BLSK",112,793,,"Y","N"
4889,2021,"06/17/21 00:00:00","LA","Biloxi North","Anderson Point Island",29.892,-89.32729999999999,"FOTE",112,157,,"Y","N"
4888,2021,"05/17/21 00:00:00","TX","Lower Laguna Madre","Arroyo Colorado Spoils B1",26.329042,-97.31473099999999,"GREG",112,131,,"Y","N"
3502,2015,"05/18/15 00:00:00","FL","Apalachicola East","Lanark Reef-Pelican Lump",29.87806,-84.568555,"LAGU",112,148,,"Y","N"
1675,2011,"06/13/11 00:00:00","FL","Apalachicola East","Flag Island South",29.6261,-85.152,"ROYT",112,120,,"Y","N"
4224,2018,"05/19/18 00:00:00","LA","Lake Borgne","Half Moon Island",30.1376,-89.43519999999999,"SNEG",112,139,,"Y","N"
217,2010,"06/08/10 00:00:00","FL","Florida Keys","Veterans Key",24.8507,-80.7444,"DCCO",111,112,,"Y","N"
218,2010,"05/17/10 00:00:00","LA","Vermilion Bay","Bayou Platte Island South",29.6069,-91.8913,"FOTE",111,138,,"Y","N"
4890,2021,"05/22/21 00:00:00","LA","Barataria Bay","Belle Pass East",29.0901,-90.22190000000001,"GREG",111,76,,"Y","N"
2885,2013,"05/24/13 00:00:00","LA","Breton-Chandeleur Islands","Chandeleur North G",29.865132,-88.832617,"ROYT",111,126,,"Y","N"
4891,2021,"06/17/21 00:00:00","LA","Biloxi North","Biloxi North 16",29.9984,-89.2924,"SNEG",111,153,,"Y","N"
4892,2021,"05/17/21 00:00:00","TX","Lower Laguna Madre","Bahia Grande C Central",26.038968,-97.28825500000001,"SNEG",111,169,,"Y","N"
219,2010,"06/11/10 00:00:00","FL","Crystal River","Seahorse Key",29.0969,-83.06610000000001,"BRPE",110,111,"Does not include 5 Empty Nests","Y","N"
220,2010,"06/10/10 00:00:00","FL","Charlotte Harbor","Bird Island Matlacha Pass",26.5126,-82.033,"BRPE",110,156,,"Y","N"
221,2010,"06/12/10 00:00:00","FL","Apalachicola West","Audubon Island",30.17688,-85.7353,"BRPE",110,271,"Does not include 16 Empty Nests","Y","N"
4893,2021,"05/17/21 00:00:00","TX","Corpus Christi-Aransas Bay","Black Skimmer Strip",28.11619,-96.93405,"GREG",110,119,,"Y","N"
2886,2013,"05/23/13 00:00:00","LA","Atchafalaya Bay","Skimmer Island",29.3864,-91.3836,"ROSP",110,125,,"Y","N"
4894,2021,"06/17/21 00:00:00","LA","Biloxi South","Biloxi South 6",29.6569,-89.5145,"TRHE",110,125,,"Y","N"
1676,2011,"06/17/11 00:00:00","LA","Breton-Chandeleur Islands","Breton Island",29.4955,-89.1742,"BLSK",109,170,,"Y","N"
3504,2015,"05/16/15 00:00:00","LA","Birdsfoot West","Birdsfoot West 4",29.179677,-89.29314599999999,"GBTE",109,276,,"Y","N"
3503,2015,"05/17/15 00:00:00","LA","Biloxi North","Hell Pass Coast B",29.92847,-89.3079,"LAGU",109,195,,"Y","N"
4225,2018,"06/23/18 00:00:00","LA","Biloxi North","Biloxi North 5",30.0675,-89.2069,"LAGU",109,158,,"Y","N"
4226,2018,"05/19/18 00:00:00","LA","Biloxi South","Biloxi South 14",29.659975,-89.45661699999999,"LAGU",109,174,,"Y","N"
4896,2021,"06/20/21 00:00:00","TX","Corpus Christi-Aransas Bay","Nueces Causeway",27.84176,-97.37604,"ROYT",109,174,,"Y","N"
4895,2021,"06/17/21 00:00:00","LA","Biloxi North","Biloxi North 12",30.042,-89.273,"WHIB",109,160,,"Y","Y"
223,2010,"06/23/10 00:00:00","TX","Corpus Christi-Aransas Bay","Second Chain of Islands I",28.1888,-96.81523,"BLSK",108,182,,"Y","N"
1677,2011,"06/15/11 00:00:00","LA","Breton-Chandeleur Islands","Chandeleur South D",29.770378,-88.882942,"CATE",108,123,,"Y","N"
3506,2015,"05/17/15 00:00:00","LA","Biloxi North","Martin Island",29.959,-89.19840000000001,"FOTE",108,131,,"Y","N"
222,2010,"05/18/10 00:00:00","LA","Biloxi North","Biloxi North 10 A",30.0485,-89.322,"LAGU",108,150,,"Y","N"
2887,2013,"05/23/13 00:00:00","LA","Barataria Bay","Bay Ronquille Northwest Island",29.3631,-89.85339999999999,"LAGU",108,332,,"Y","N"
3505,2015,"06/22/15 00:00:00","FL","Apalachicola East","Flag Island North",29.6421,-85.155,"LETE",108,114,,"Y","N"
4227,2018,"05/19/18 00:00:00","LA","Barataria Bay","Manilla Island",29.4308,-89.97320000000001,"FOTE",107,173,,"Y","N"
225,2010,"06/23/10 00:00:00","TX","Corpus Christi-Aransas Bay","Second Chain of Islands G",28.192882,-96.81453399999999,"GREG",107,173,,"Y","N"
2289,2012,"05/28/12 00:00:00","LA","Biloxi North","West Karako Bay Islet",30.0049,-89.23090000000001,"LAGU",107,107,,"Y","N"
4897,2021,"05/17/21 00:00:00","TX","Upper Laguna Madre","Pita Island",27.60181,-97.2876,"TRHE",107,116,,"Y","N"
224,2010,"06/25/10 00:00:00","TX","Galveston","North Deer Island",29.28519,-94.92462,"WHIB",107,125,,"Y","N"
4898,2021,"06/16/21 00:00:00","LA","Breton-Chandeleur Islands","Chandeleur South B",29.79898,-88.86415599999999,"BLSK",106,186,,"Y","N"
1678,2011,"05/20/11 00:00:00","FL","Apalachicola West","Audubon Island",30.17688,-85.7353,"BRPE",106,136,,"Y","N"
2888,2013,"05/25/13 00:00:00","FL","Apalachicola West","Audubon Island",30.17688,-85.7353,"BRPE",106,150,,"Y","N"
227,2010,"06/11/10 00:00:00","FL","Tampa Bay","Piney Point Mangroves",27.6503,-82.5462,"DCCO",106,116,,"Y","N"
3507,2015,"05/18/15 00:00:00","AL","Mobile Bay Interior","Gaillard Island",30.5063,-88.03619999999999,"GBTE",106,152,,"Y","N"
3508,2015,"06/21/15 00:00:00","LA","Biloxi North","Biloxi North 38",30.00238,-89.21496999999999,"LAGU",106,190,,"Y","N"
226,2010,"06/23/10 00:00:00","TX","Corpus Christi-Aransas Bay","Copano Rattlesnake Point",28.0561,-97.13330000000001,"SNEG",106,109,,"Y","N"
3509,2015,"05/18/15 00:00:00","AL","Mobile Bay Interior","Gaillard Island",30.5063,-88.03619999999999,"BLSK",105,188,,"Y","N"
4900,2021,"06/16/21 00:00:00","LA","Breton-Chandeleur Islands","Chandeleur North H",29.85238,-88.83663799999999,"BLSK",105,164,,"Y","N"
228,2010,"05/18/10 00:00:00","AL","Mississippi Sound","Cat Island",30.3207,-88.2099,"CAEG",105,105,,"Y","N"
4899,2021,"06/16/21 00:00:00","LA","Breton-Chandeleur Islands","Chandeleur South D",29.770378,-88.882942,"CATE",105,159,,"Y","N"
229,2010,"05/17/10 00:00:00","LA","Terrebonne Bay","Felicity Island",29.2558,-90.44,"FOTE",105,105,,"Y","N"
1679,2011,"06/18/11 00:00:00","LA","Vermilion Bay","Bayou Platte Island South",29.6069,-91.8913,"GBTE",105,105,,"Y","N"
2291,2012,"05/28/12 00:00:00","LA","Biloxi North","Biloxi North 30 B",29.8166,-89.3095,"LAGU",105,137,,"Y","N"
4228,2018,"05/19/18 00:00:00","LA","Biloxi North","Biloxi North 10 A",30.0485,-89.322,"LAGU",105,135,,"Y","N"
1680,2011,"06/14/11 00:00:00","LA","Biloxi North","Biloxi North 16",29.9984,-89.2924,"WHIB",105,105,,"Y","N"
1682,2011,"06/17/11 00:00:00","LA","Breton-Chandeleur Islands","Breton Island",29.4955,-89.1742,"CATE",104,114,,"Y","N"
2292,2012,"05/30/12 00:00:00","FL","Apalachicola East","Flag Island South",29.6261,-85.152,"CATE",104,135,,"Y","N"
231,2010,"06/11/10 00:00:00","FL","Crystal River","Bird Island Chassahowitzka Reefs",28.6738,-82.68600000000001,"DCCO",104,105,,"Y","N"
233,2010,"06/10/10 00:00:00","FL","Tampa Bay","Edwards Islands Southeast",27.2936,-82.54430000000001,"DCCO",104,161,,"Y","N"
230,2010,"06/10/10 00:00:00","FL","Charlotte Harbor","Ostego Bay Islet North",26.4243,-81.8933,"GREG",104,80,,"Y","N"
4901,2021,"06/20/21 00:00:00","TX","Corpus Christi-Aransas Bay","West Nueces Bay 51W A",27.853228,-97.48302700000001,"LAGU",104,176,,"Y","N"
3510,2015,"05/16/15 00:00:00","LA","Birdsfoot West","Birdsfoot West 3",29.2122,-89.3914,"LBHE",104,118,,"Y","N"
232,2010,"05/08/10 00:00:00","LA","Barataria Bay","Cat Bay North Island",29.3656,-89.8646,"TRHE",104,115,,"Y","N"
1681,2011,"05/17/11 00:00:00","LA","Atchafalaya Bay","Skimmer Island",29.3864,-91.3836,"TRHE",104,108,,"Y","N"
3511,2015,"06/21/15 00:00:00","LA","Biloxi North","Biloxi North 4",30.0909,-89.23180000000001,"CATE",103,200,,"Y","N"
235,2010,"06/25/10 00:00:00","TX","Galveston","Evia Island",29.4282,-94.7638,"LAGU",103,192,,"Y","N"
4902,2021,"06/16/21 00:00:00","LA","Breton-Chandeleur Islands","Chandeleur North A",29.969531,-88.82772199999999,"LAGU",103,154,,"Y","N"
4903,2021,"06/20/21 00:00:00","TX","Lower Laguna Madre","Bahia Grande C East",26.04147,-97.28154000000001,"REEG",103,156,,"Y","Y"
2889,2013,"05/23/13 00:00:00","LA","Barataria Bay","Belle Pass East",29.0901,-90.22190000000001,"ROSP",103,163,,"Y","N"
234,2010,"05/17/10 00:00:00","LA","Terrebonne Bay","Raccoon Island",29.0505,-90.92659999999999,"TRHE",103,110,,"Y","N"
4229,2018,"05/19/18 00:00:00","LA","Biloxi South","Long Bay Island",29.5021,-89.5356,"WHIB",103,117,,"Y","N"
2890,2013,"05/24/13 00:00:00","LA","Biloxi South","Biloxi South 10 B",29.5289,-89.55068,"BRPE",102,206,,"Y","N"
1683,2011,"05/17/11 00:00:00","LA","Terrebonne Bay","Felicity Island",29.2558,-90.44,"CATE",102,210,,"Y","N"
4904,2021,"05/17/21 00:00:00","TX","Corpus Christi-Aransas Bay","Second Chain of Islands G",28.192882,-96.81453399999999,"CATE",102,147,,"Y","N"
4230,2018,"06/25/18 00:00:00","LA","Vermilion Bay","Bayou Platte Island North",29.619877,-91.895594,"GBTE",102,135,,"Y","N"
236,2010,"05/08/10 00:00:00","LA","Barataria Bay","Cat Bay Island",29.3474,-89.8672,"ROSP",102,331,,"Y","N"
239,2010,"06/25/10 00:00:00","TX","Galveston","Smith Point Island",29.5364,-94.8082,"BLSK",101,187,,"Y","N"
237,2010,"06/11/10 00:00:00","FL","Tampa Bay","Dog Leg Key",27.802,-82.76179999999999,"BRPE",101,91,"Does not include 2 Empty Nests","Y","N"
240,2010,"06/12/10 00:00:00","FL","Apalachicola East","Saint George Causeway",29.694945,-84.88297900000001,"ROSA",101,207,,"Y","N"
4231,2018,"05/21/18 00:00:00","LA","Terrebonne Bay","Philo Brice Islands",29.18416,-90.34678,"ROSP",101,154,,"Y","N"
4905,2021,"05/18/21 00:00:00","TX","Galveston","North Deer Island",29.28519,-94.92462,"ROSP",101,134,,"Y","N"
2293,2012,"05/27/12 00:00:00","LA","Barataria Bay","Belle Pass East",29.0901,-90.22190000000001,"SNEG",101,106,,"Y","N"
238,2010,"05/17/10 00:00:00","LA","Sabine-Calcasieu","Rabbit Island",29.8494,-93.383,"WHEG",101,101,,"Y","N"
2296,2012,"05/27/12 00:00:00","LA","Barataria Bay","Bay Ronquille Northwest Island",29.3631,-89.85339999999999,"BCNH",100,110,,"Y","N"
2891,2013,"05/23/13 00:00:00","LA","Barataria Bay","Beauregard Island",29.27971,-89.97225,"FOTE",100,138,,"Y","N"
4232,2018,"05/21/18 00:00:00","LA","Terrebonne Bay","Whiskey Island",29.05262,-90.85284,"GBTE",100,108,,"Y","N"
1684,2011,"05/20/11 00:00:00","FL","Apalachicola East","Lake Number Five",29.6471,-85.1279,"GREG",100,100,,"Y","N"
2295,2012,"05/28/12 00:00:00","LA","Biloxi North","Drum Bay Island",29.9197,-89.2627,"GREG",100,107,,"Y","N"
1685,2011,"05/19/11 00:00:00","LA","Biloxi North","Martin Island",29.959,-89.19840000000001,"LAGU",100,250,,"Y","N"
2294,2012,"05/30/12 00:00:00","FL","Apalachicola East","Lake Number Five",29.6471,-85.1279,"LAGU",100,100,,"Y","N"
4909,2021,"05/17/21 00:00:00","TX","Lower Laguna Madre","Laguna Vista Spoils A",26.142736,-97.278547,"CATE",99,130,,"Y","N"
241,2010,"06/23/10 00:00:00","TX","Corpus Christi-Aransas Bay","Pine Oak Woods",28.0397,-97.04130000000001,"GBHE",99,99,,"Y","N"
4908,2021,"05/17/21 00:00:00","TX","Lower Laguna Madre","Arroyo Colorado Spoils B1",26.329042,-97.31473099999999,"GBHE",99,129,,"Y","N"
2297,2012,"05/27/12 00:00:00","LA","Barataria Bay","Barataria Bay 3",29.3427,-89.8023,"GREG",99,72,,"Y","N"
2892,2013,"05/23/13 00:00:00","LA","Terrebonne Bay","Houma Navigation Canal Island",29.19515,-90.61565,"GREG",99,99,,"Y","N"
4906,2021,"05/17/21 00:00:00","TX","Corpus Christi-Aransas Bay","Skimmer Island Nueces Bay",27.86298,-97.49026000000001,"GREG",99,107,,"Y","N"
1686,2011,"06/17/11 00:00:00","LA","Biloxi South","Biloxi South 10 D",29.52792,-89.54504,"LAGU",99,173,,"Y","N"
2298,2012,"05/28/12 00:00:00","LA","Biloxi North","Biloxi North 25",29.9059,-89.2954,"LAGU",99,119,,"Y","N"
4907,2021,"06/20/21 00:00:00","TX","East Matagorda Bay","Dressing Point",28.73145,-95.76074,"REEG",99,122,"DM/WM combined","Y","N"
4233,2018,"05/19/18 00:00:00","LA","Biloxi North","Biloxi North 36",30.0497,-89.3038,"TRHE",99,104,,"Y","N"
2893,2013,"06/19/13 00:00:00","LA","Biloxi North","Biloxi North 10 E",30.0502,-89.3117,"WHIB",99,106,,"Y","N"
1687,2011,"06/17/11 00:00:00","LA","Barataria Bay","Shell Island East A",29.2701,-89.6131,"CATE",98,104,,"Y","N"
242,2010,"06/23/10 00:00:00","TX","Matagorda Bay","Lavaca Bay Spoils E",28.59947,-96.56207999999999,"DAIB",98,98,,"Y","N"
243,2010,"05/08/10 00:00:00","LA","Barataria Bay","Cat Bay North Island",29.3656,-89.8646,"LAGU",98,218,,"Y","N"
4235,2018,"06/23/18 00:00:00","LA","Biloxi South","Biloxi South 1",29.6873,-89.4646,"FOTE",97,146,,"Y","N"
3512,2015,"05/16/15 00:00:00","LA","Atchafalaya Bay","Heron Island",29.4282,-91.3287,"GREG",97,113,,"Y","N"
244,2010,"06/23/10 00:00:00","TX","Corpus Christi-Aransas Bay","Second Chain of Islands I",28.1888,-96.81523,"LAGU",97,162,,"Y","N"
245,2010,"05/18/10 00:00:00","LA","Biloxi North","Biloxi North 14",30.0038,-89.20650000000001,"LAGU",97,184,,"Y","N"
4234,2018,"06/23/18 00:00:00","LA","Biloxi North","Drum Bay Island",29.9197,-89.2627,"LAGU",97,106,,"Y","N"
2895,2013,"05/24/13 00:00:00","LA","Biloxi North","Drum Bay Island",29.9197,-89.2627,"ROYT",97,159,,"Y","N"
2299,2012,"05/27/12 00:00:00","LA","Birdsfoot West","Birdsfoot West 1",29.2054,-89.3549,"SNEG",97,97,,"Y","N"
2894,2013,"05/24/13 00:00:00","LA","Biloxi South","Biloxi South 15",29.5324,-89.57510000000001,"SNEG",97,111,,"Y","N"
1689,2011,"06/15/11 00:00:00","LA","Breton-Chandeleur Islands","Chandeleur South D",29.770378,-88.882942,"BLSK",96,176,,"Y","N"
4911,2021,"05/17/21 00:00:00","TX","Lower Laguna Madre","Laguna Vista Spoils A",26.142736,-97.278547,"BRPE",96,309,,"Y","N"
1690,2011,"05/18/11 00:00:00","LA","Biloxi South","Biloxi South 9",29.5392,-89.53530000000001,"CATE",96,208,,"Y","N"
246,2010,"05/18/10 00:00:00","LA","Biloxi North","Biloxi North 11",30.0324,-89.3141,"FOTE",96,127,,"Y","N"
1688,2011,"05/19/11 00:00:00","LA","Biloxi North","Little Mud Grass Island Northeast",29.9628,-89.3156,"FOTE",96,96,,"Y","N"
247,2010,"05/18/10 00:00:00","LA","Biloxi North","Biloxi North 7",30.0578,-89.2011,"LAGU",96,236,,"Y","N"
3513,2015,"05/17/15 00:00:00","LA","Biloxi North","Biloxi North 10 A",30.0485,-89.322,"LAGU",96,118,,"Y","N"
4910,2021,"06/20/21 00:00:00","TX","Matagorda Bay","Chester Island",28.45174,-96.34689,"SNEG",96,127,,"Y","Y"
2300,2012,"05/27/12 00:00:00","LA","Barataria Bay","Belle Pass East",29.0901,-90.22190000000001,"TRHE",96,97,,"Y","N"
250,2010,"05/18/10 00:00:00","LA","Biloxi North","Biloxi North 8",30.0525,-89.1944,"BRPE",95,181,,"Y","N"
3514,2015,"06/20/15 00:00:00","LA","Terrebonne Bay","Terrebonne Bay 1",29.21025,-90.57022000000001,"BRPE",95,175,,"Y","N"
248,2010,"06/11/10 00:00:00","FL","Tampa Bay","Little McPherson Bayou Island",27.7058,-82.7351,"DCCO",95,100,,"Y","N"
249,2010,"06/09/10 00:00:00","FL","Florida Keys","Rachel Key",24.7265,-81.0759,"DCCO",95,119,,"Y","N"
251,2010,"06/25/10 00:00:00","TX","Galveston","Jigsaw Island",29.2832,-94.8918,"LAGU",95,196,,"Y","N"
2896,2013,"06/18/13 00:00:00","LA","Biloxi North","Biloxi North 35",29.951,-89.253,"LAGU",95,104,,"Y","N"
2897,2013,"06/19/13 00:00:00","LA","Biloxi North","Biloxi North 7",30.0578,-89.2011,"LAGU",95,180,,"Y","N"
2898,2013,"06/18/13 00:00:00","LA","Biloxi North","Turtle Pen Isle",29.938,-89.242,"BLSK",94,116,,"Y","N"
4236,2018,"06/24/18 00:00:00","LA","Breton-Chandeleur Islands","Chandeleur North E",29.888395,-88.82646,"BLSK",94,152,,"Y","N"
2301,2012,"06/20/12 00:00:00","LA","Birdsfoot West","Birdsfoot West 2",29.1875,-89.31229999999999,"GBTE",94,94,,"Y","N"
253,2010,"05/17/10 00:00:00","LA","Terrebonne Bay","Wine Island",29.0948,-90.6108,"BRPE",93,420,,"Y","N"
252,2010,"05/18/10 00:00:00","LA","Biloxi North","Martin Island",29.959,-89.19840000000001,"FOTE",93,127,,"Y","N"
4912,2021,"05/17/21 00:00:00","TX","Corpus Christi-Aransas Bay","Shamrock Island",27.75883,-97.16936,"GREG",93,106,,"Y","N"
4914,2021,"06/16/21 00:00:00","LA","Biloxi North","Biloxi North 14",30.0038,-89.20650000000001,"LAGU",93,135,,"Y","N"
4913,2021,"05/18/21 00:00:00","TX","Salt Bayou","High Island",29.57351,-94.38930000000001,"SNEG",93,116,,"Y","N"
2302,2012,"05/28/12 00:00:00","LA","Biloxi North","Biloxi North 10 A",30.0485,-89.322,"TRHE",93,103,,"Y","N"
2899,2013,"06/19/13 00:00:00","LA","Biloxi North","Biloxi North 10 E",30.0502,-89.3117,"TRHE",93,101,,"Y","N"
4915,2021,"05/17/21 00:00:00","TX","Matagorda Bay","Lavaca Bay Spoils E",28.59947,-96.56207999999999,"GBHE",92,61,,"Y","N"
3515,2015,"06/21/15 00:00:00","LA","Breton-Chandeleur Islands","Chandeleur North B",29.949821,-88.823795,"SATE",92,129,,"Y","N"
2900,2013,"06/18/13 00:00:00","LA","Biloxi North","Little Mud Grass Island Northeast",29.9628,-89.3156,"TRHE",92,103,,"Y","Y"
4916,2021,"05/17/21 00:00:00","TX","Galveston","Bay Harbor Island",29.13251,-95.07424,"TRHE",92,102,,"Y","N"
4917,2021,"06/18/21 00:00:00","LA","Sabine-Calcasieu","Rabbit Island",29.8494,-93.383,"BCNH",91,95,,"Y","N"
256,2010,"06/12/10 00:00:00","FL","Apalachicola East","Lanark Reef West",29.871013,-84.590857,"BLSK",91,180,,"Y","N"
254,2010,"06/11/10 00:00:00","FL","Tampa Bay","Piney Point Mangroves",27.6503,-82.5462,"CAEG",91,116,,"Y","N"
3517,2015,"05/17/15 00:00:00","LA","Biloxi South","Biloxi South 1",29.6873,-89.4646,"FOTE",91,128,,"Y","N"
4920,2021,"06/18/21 00:00:00","TX","Galveston","Rollover Bay A",29.5178,-94.50239999999999,"FOTE",91,107,,"Y","N"
4922,2021,"06/17/21 00:00:00","LA","Biloxi South","Biloxi South 20",29.719486,-89.539958,"FOTE",91,118,,"Y","N"
4919,2021,"05/17/21 00:00:00","TX","Lower Laguna Madre","Green Hill Spoils B",26.48998,-97.38688999999999,"GBHE",91,103,,"Y","N"
255,2010,"06/26/10 00:00:00","LA","Sabine-Calcasieu","Point Hunt Island",29.7471,-93.8862,"GREG",91,131,"Does not include 343 Empty Nests","Y","N"
4921,2021,"05/17/21 00:00:00","TX","Upper Laguna Madre","Rabit Island Laguna Madre",27.24658,-97.41421,"ROYT",91,113,,"Y","N"
4918,2021,"06/17/21 00:00:00","LA","Biloxi North","Hell Pass Coast A",29.93259,-89.30759999999999,"TRHE",91,99,,"Y","N"
3516,2015,"05/18/15 00:00:00","AL","Mississippi Sound","Terrapin Island",30.335,-88.2619,"WHIB",91,112,,"Y","N"
4923,2021,"06/20/21 00:00:00","TX","Lower Laguna Madre","Bahia Grande C East",26.04147,-97.28154000000001,"WHIB",91,165,,"Y","N"
258,2010,"06/27/10 00:00:00","LA","Breton-Chandeleur Islands","Freemason Island",29.789,-88.977,"BLSK",90,175,,"Y","N"
2901,2013,"05/24/13 00:00:00","LA","Biloxi South","Biloxi South 1",29.6873,-89.4646,"FOTE",90,205,,"Y","N"
4924,2021,"06/17/21 00:00:00","LA","Biloxi North","Biloxi North 16",29.9984,-89.2924,"GREG",90,78,,"Y","N"
4237,2018,"05/19/18 00:00:00","LA","Biloxi North","Hell Pass Coast A",29.93259,-89.30759999999999,"LAGU",90,107,,"Y","N"
4926,2021,"05/23/21 00:00:00","LA","Biloxi North","Biloxi North 3",30.0997,-89.283,"LAGU",90,156,,"Y","Y"
4238,2018,"06/23/18 00:00:00","LA","Biloxi North","Biloxi North 5",30.0675,-89.2069,"ROYT",90,164,,"Y","N"
2303,2012,"05/28/12 00:00:00","LA","Biloxi North","Hell Pass Coast",29.92569,-89.31116,"SNEG",90,130,,"Y","N"
4925,2021,"05/17/21 00:00:00","TX","Upper Laguna Madre","Pita Island",27.60181,-97.2876,"SNEG",90,134,,"Y","N"
257,2010,"06/25/10 00:00:00","TX","Galveston","Marker 52 Spoil Island",29.290621,-94.92918,"TRHE",90,72,,"Y","N"
4929,2021,"05/17/21 00:00:00","TX","Corpus Christi-Aransas Bay","Pelican Island Spoil B",27.81882,-97.14743,"CAEG",89,108,,"Y","N"
4930,2021,"06/18/21 00:00:00","TX","Galveston","Mayes Lake North",29.83194,-94.77016999999999,"CAEG",89,110,,"Y","N"
3518,2015,"05/17/15 00:00:00","LA","Biloxi South","Biloxi South 9",29.5392,-89.53530000000001,"CATE",89,162,,"Y","N"
4932,2021,"06/20/21 00:00:00","TX","Lower Laguna Madre","Bahia Grande C Central",26.038968,-97.28825500000001,"CATE",89,123,,"Y","N"
259,2010,"06/10/10 00:00:00","FL","Charlotte Harbor","Hemp Key",26.6005,-82.1524,"GREG",89,66,,"Y","N"
260,2010,"06/23/10 00:00:00","TX","East Matagorda Bay","Dressing Point",28.73145,-95.76074,"GREG",89,100,,"Y","N"
261,2010,"05/08/10 00:00:00","LA","Biloxi South","Biloxi South 10 C",29.53327,-89.55606,"GREG",89,102,,"Y","N"
262,2010,"05/07/10 00:00:00","LA","Biloxi North","Biloxi North 31",29.8043,-89.28149999999999,"LAGU",89,254,,"Y","N"
4928,2021,"05/17/21 00:00:00","TX","Lower Laguna Madre","Green Hill Spoils B",26.48998,-97.38688999999999,"NECO",89,106,,"Y","N"
4239,2018,"05/19/18 00:00:00","LA","Biloxi North","Biloxi North 38",30.00238,-89.21496999999999,"ROSP",89,123,,"Y","N"
1691,2011,"05/18/11 00:00:00","LA","Birdsfoot West","Birdsfoot West 3",29.2122,-89.3914,"SNEG",89,124,,"Y","N"
3519,2015,"05/16/15 00:00:00","LA","Terrebonne Bay","Houma Navigation Canal Island",29.19515,-90.61565,"SNEG",89,174,,"Y","N"
4931,2021,"06/20/21 00:00:00","TX","Corpus Christi-Aransas Bay","Hog Island Complex East Islands",27.89763,-97.096237,"SNEG",89,112,,"Y","N"
4927,2021,"06/17/21 00:00:00","LA","Biloxi North","Hell Pass Coast C",29.92569,-89.31116,"TRHE",89,94,,"Y","N"
263,2010,"05/08/10 00:00:00","LA","Barataria Bay","Beauregard Island",29.27971,-89.97225,"LAGU",88,304,,"Y","N"
2304,2012,"05/27/12 00:00:00","LA","Atchafalaya Bay","Skimmer Island",29.3864,-91.3836,"ROSP",88,100,,"Y","N"
4936,2021,"06/14/21 00:00:00","FL","Apalachicola East","Lanark Reef West",29.871013,-84.590857,"ROYT",88,174,,"Y","N"
4933,2021,"06/15/21 00:00:00","AL","Mobile Bay Interior","Gaillard Island",30.5063,-88.03619999999999,"SATE",88,90,,"Y","N"
4934,2021,"05/22/21 00:00:00","LA","Barataria Bay","Beauregard Island",29.27971,-89.97225,"SNEG",88,110,,"Y","N"
4935,2021,"05/18/21 00:00:00","TX","Galveston","Dickinson Bay Spoil Island",29.46827,-94.94542,"TRHE",88,110,,"Y","N"
264,2010,"06/27/10 00:00:00","LA","Biloxi North","Isle au Pitre",30.1526,-89.1968,"BLSK",87,100,,"Y","N"
4240,2018,"06/24/18 00:00:00","LA","Breton-Chandeleur Islands","Chandeleur North I",29.845356,-88.83965499999999,"BLSK",87,178,,"Y","N"
2902,2013,"05/24/13 00:00:00","LA","Biloxi North","Biloxi North 28",29.9168,-89.4183,"FOTE",87,108,,"Y","N"
2305,2012,"05/27/12 00:00:00","LA","Barataria Bay","Cat Bay North Island",29.3656,-89.8646,"GREG",87,74,,"Y","N"
266,2010,"05/07/10 00:00:00","LA","Biloxi North","Dry Bread Island",29.8426,-89.3064,"LAGU",87,322,,"Y","N"
3520,2015,"05/17/15 00:00:00","LA","Biloxi North","Martin Island",29.959,-89.19840000000001,"LAGU",87,160,,"Y","N"
265,2010,"05/17/10 00:00:00","LA","Terrebonne Bay","Raccoon Island",29.0505,-90.92659999999999,"ROSP",87,157,,"Y","N"
4938,2021,"06/16/21 00:00:00","LA","Breton-Chandeleur Islands","Chandeleur South D",29.770378,-88.882942,"BLSK",86,138,,"Y","N"
2306,2012,"05/28/12 00:00:00","LA","Biloxi South","Biloxi South 4 B",29.6629,-89.4628,"CATE",86,120,,"Y","N"
1692,2011,"05/17/11 00:00:00","LA","Barataria Bay","Barataria Bay 7",29.297676,-90.0553,"FOTE",86,109,,"Y","N"
4937,2021,"06/20/21 00:00:00","TX","Galveston","Cowtrap Lake A",28.861515,-95.527641,"FOTE",86,110,,"Y","N"
1693,2011,"05/19/11 00:00:00","LA","Biloxi North","Biloxi North 25",29.9059,-89.2954,"LAGU",86,129,,"Y","N"
267,2010,"06/24/10 00:00:00","TX","Galveston","Arcadia Reef A",29.0293,-95.2024,"TRHE",86,69,,"Y","N"
4241,2018,"05/19/18 00:00:00","LA","Biloxi South","Biloxi South 3",29.7017,-89.5487,"WHIB",86,102,,"Y","N"
1694,2011,"05/18/11 00:00:00","LA","Barataria Bay","Bay Ronquille Northwest Island",29.3631,-89.85339999999999,"BCNH",85,95,,"Y","N"
269,2010,"05/18/10 00:00:00","AL","Mississippi Sound Gulf Islands","Dauphin Island 2",30.2274,-88.3173,"BLSK",85,98,,"Y","N"
271,2010,"06/12/10 00:00:00","FL","Apalachicola East","Saint George Causeway",29.694945,-84.88297900000001,"BLSK",85,145,,"Y","N"
272,2010,"05/18/10 00:00:00","LA","Lake Borgne","Half Moon Island",30.1376,-89.43519999999999,"BLSK",85,148,,"Y","N"
1695,2011,"06/14/11 00:00:00","LA","Biloxi North","Hell Pass Coast",29.92569,-89.31116,"BLSK",85,187,,"Y","N"
4242,2018,"06/23/18 00:00:00","LA","Biloxi South","Biloxi South 10 D",29.52792,-89.54504,"BLSK",85,157,,"Y","N"
2307,2012,"05/30/12 00:00:00","AL","Mobile Bay Interior","Battery McIntosh",30.6686,-88.0125,"CAEG",85,85,,"Y","N"
270,2010,"06/23/10 00:00:00","TX","Corpus Christi-Aransas Bay","Salt Lake G",28.07,-97.093,"FOTE",85,104,,"Y","N"
268,2010,"06/11/10 00:00:00","FL","Tampa Bay","Pelican Island Tampa Bay",27.9144,-82.8408,"GREG",85,63,,"Y","N"
4939,2021,"06/18/21 00:00:00","LA","Atchafalaya Bay","Bird Island East",29.353105,-91.382509,"GREG",85,44,,"Y","Y"
3521,2015,"05/16/15 00:00:00","LA","Atchafalaya Bay","Skimmer Island",29.3864,-91.3836,"SNEG",85,105,,"Y","N"
4243,2018,"05/21/18 00:00:00","LA","Terrebonne Bay","Philo Brice Islands",29.18416,-90.34678,"BCNH",84,102,,"Y","N"
2309,2012,"05/28/12 00:00:00","LA","Biloxi South","Biloxi South 9",29.5392,-89.53530000000001,"BRPE",84,124,,"Y","N"
2308,2012,"05/29/12 00:00:00","AL","Mississippi Sound","Cat Island",30.3207,-88.2099,"CAEG",84,98,,"Y","N"
4940,2021,"05/17/21 00:00:00","TX","Matagorda Bay","Lavaca Bay Spoils E",28.59947,-96.56207999999999,"ROSP",84,134,,"Y","N"
4941,2021,"05/17/21 00:00:00","TX","Lower Laguna Madre","Arroyo Colorado Spoils B1",26.329042,-97.31473099999999,"ROSP",84,153,,"Y","N"
273,2010,"06/23/10 00:00:00","TX","Corpus Christi-Aransas Bay","Second Chain of Islands I",28.1888,-96.81523,"TRHE",84,92,,"Y","N"
1696,2011,"06/14/11 00:00:00","LA","Biloxi North","Biloxi North 12",30.042,-89.273,"WHIB",84,98,,"Y","N"
4945,2021,"06/16/21 00:00:00","LA","Biloxi North","Door Point Lagoon 1",30.0637,-89.19280000000001,"BRPE",83,286,,"Y","N"
4944,2021,"06/20/21 00:00:00","TX","Corpus Christi-Aransas Bay","Black Skimmer Strip",28.11619,-96.93405,"CATE",83,116,,"Y","N"
1697,2011,"05/17/11 00:00:00","LA","Terrebonne Bay","Felicity Island",29.2558,-90.44,"GREG",83,107,,"Y","N"
4244,2018,"05/19/18 00:00:00","LA","Biloxi South","Biloxi South 9",29.5392,-89.53530000000001,"LAGU",83,172,,"Y","N"
4942,2021,"06/17/21 00:00:00","LA","Biloxi North","Little Mud Grass Island Northeast",29.9628,-89.3156,"TRHE",83,98,,"Y","N"
4943,2021,"05/17/21 00:00:00","TX","Lower Laguna Madre","Laguna Vista Spoils B",26.142381,-97.28146599999999,"TRHE",83,107,,"Y","N"
2310,2012,"06/18/12 00:00:00","MS","Mississippi Sound","Beauvoir",30.39081,-88.97239,"BLSK",82,82,,"Y","N"
2904,2013,"06/17/13 00:00:00","FL","Apalachicola East","Flag Island South",29.6261,-85.152,"BLSK",82,159,,"Y","N"
276,2010,"06/10/10 00:00:00","FL","Ten Thousand Islands","Chocoloskee Bay Islet",25.8486,-81.413,"BRPE",82,91,,"Y","N"
4951,2021,"06/20/21 00:00:00","TX","Lower Laguna Madre","Green Island Spoils E",26.412498,-97.3147,"CATE",82,128,,"Y","N"
4949,2021,"06/17/21 00:00:00","LA","Biloxi North","Biloxi North 12",30.042,-89.273,"FOTE",82,95,,"Y","N"
274,2010,"06/11/10 00:00:00","FL","Crystal River","Saint Martins Key C",28.799,-82.73699999999999,"GREG",82,83,,"Y","N"
275,2010,"05/18/10 00:00:00","AL","Mississippi Sound","Cat Island",30.3207,-88.2099,"GREG",82,89,,"Y","N"
2903,2013,"05/24/13 00:00:00","LA","Biloxi North","Drum Bay Island",29.9197,-89.2627,"GREG",82,78,,"Y","N"
4947,2021,"05/17/21 00:00:00","TX","Lower Laguna Madre","Green Hill Spoils A",26.49391,-97.388755,"GREG",82,90,,"Y","N"
4948,2021,"05/17/21 00:00:00","TX","Upper Laguna Madre","Pita Island",27.60181,-97.2876,"GREG",82,93,,"Y","N"
4946,2021,"06/17/21 00:00:00","LA","Biloxi North","Hell Pass Coast C",29.92569,-89.31116,"SNEG",82,88,,"Y","N"
4950,2021,"06/20/21 00:00:00","TX","Corpus Christi-Aransas Bay","Nueces Causeway",27.84176,-97.37604,"SNEG",82,105,,"Y","N"
1698,2011,"06/14/11 00:00:00","LA","Biloxi North","Biloxi North 12",30.042,-89.273,"TRHE",82,10,,"Y","N"
3522,2015,"05/16/15 00:00:00","LA","Barataria Bay","Belle Pass East",29.0901,-90.22190000000001,"WHIB",82,148,,"Y","N"
4245,2018,"06/24/18 00:00:00","LA","Breton-Chandeleur Islands","Chandeleur North C",29.929685,-88.82179600000001,"CATE",81,96,,"Y","N"
1699,2011,"05/18/11 00:00:00","LA","Biloxi South","Biloxi South 16",29.681855,-89.447643,"FOTE",81,81,,"Y","N"
278,2010,"05/08/10 00:00:00","LA","Barataria Bay","Belle Pass East",29.0901,-90.22190000000001,"ROSP",81,175,,"Y","N"
4246,2018,"05/21/18 00:00:00","LA","Terrebonne Bay","Houma Navigation Canal Island",29.19515,-90.61565,"ROSP",81,156,,"Y","N"
277,2010,"06/26/10 00:00:00","TX","Galveston","Rollover Bay A",29.5178,-94.50239999999999,"SNEG",81,150,,"Y","N"
279,2010,"05/07/10 00:00:00","LA","Breton-Chandeleur Islands","Chandeleur South C",29.780414,-88.87419199999999,"BLSK",80,145,,"Y","N"
4954,2021,"06/18/21 00:00:00","LA","Terrebonne Bay","Raccoon Island",29.0505,-90.92659999999999,"CATE",80,91,,"Y","N"
4955,2021,"06/15/21 00:00:00","AL","Mississippi Sound","Terrapin Island",30.335,-88.2619,"CATE",80,172,,"Y","N"
4952,2021,"06/20/21 00:00:00","TX","Lower Laguna Madre","Green Island",26.39257,-97.32510000000001,"GBHE",80,68,,"Y","N"
4247,2018,"05/19/18 00:00:00","LA","Biloxi North","Biloxi North 13",30.0261,-89.2274,"GBTE",80,94,,"Y","N"
2311,2012,"05/30/12 00:00:00","FL","Apalachicola East","Lake Number Five",29.6471,-85.1279,"GREG",80,80,,"Y","N"
4953,2021,"06/17/21 00:00:00","LA","Biloxi North","Hell Pass Coast A",29.93259,-89.30759999999999,"SNEG",80,88,,"Y","N"
2312,2012,"05/28/12 00:00:00","LA","Biloxi South","Biloxi South 11",29.5247,-89.57259999999999,"TRHE",80,123,,"Y","N"
3525,2015,"05/17/15 00:00:00","LA","Breton-Chandeleur Islands","Chandeleur South D",29.770378,-88.882942,"BLSK",79,129,,"Y","N"
4248,2018,"06/24/18 00:00:00","LA","Breton-Chandeleur Islands","Chandeleur North F",29.881806,-88.828345,"BLSK",79,114,,"Y","N"
2905,2013,"05/24/13 00:00:00","AL","Mississippi Sound","Cat Island",30.3207,-88.2099,"CAEG",79,83,,"Y","N"
280,2010,"06/10/10 00:00:00","FL","Charlotte Harbor","Cape Haze Islet",26.7967,-82.2295,"DCCO",79,97,,"Y","N"
2313,2012,"05/28/12 00:00:00","LA","Biloxi North","Dry Bread Island",29.8426,-89.3064,"FOTE",79,98,,"Y","N"
281,2010,"05/08/10 00:00:00","LA","Biloxi South","Biloxi South 11",29.5247,-89.57259999999999,"GREG",79,98,,"Y","N"
4956,2021,"06/20/21 00:00:00","TX","Corpus Christi-Aransas Bay","West Nueces Bay 51W P",27.85798,-97.49055,"GREG",79,85,,"Y","N"
3524,2015,"06/21/15 00:00:00","LA","Biloxi North","Biloxi North 26",29.8979,-89.301,"LAGU",79,96,,"Y","N"
2314,2012,"06/20/12 00:00:00","LA","Barataria Bay","Bastian Island",29.296,-89.66549999999999,"ROSA",79,313,,"Y","N"
282,2010,"05/17/10 00:00:00","LA","Terrebonne Bay","Felicity Island",29.2558,-90.44,"ROSP",79,125,,"Y","N"
4957,2021,"05/17/21 00:00:00","TX","Lower Laguna Madre","Green Island Spoils I",26.412964,-97.302414,"ROYT",79,87,,"Y","N"
3523,2015,"05/17/15 00:00:00","LA","Biloxi North","Dry Bread Island",29.8426,-89.3064,"TRHE",79,94,,"Y","Y"
283,2010,"06/11/10 00:00:00","FL","Crystal River","Saint Martins Key C",28.799,-82.73699999999999,"DCCO",78,81,,"Y","N"
4249,2018,"05/21/18 00:00:00","LA","Atchafalaya Bay","Skimmer Island",29.3864,-91.3836,"GREG",78,92,,"Y","N"
4958,2021,"06/20/21 00:00:00","TX","Corpus Christi-Aransas Bay","Nueces Causeway",27.84176,-97.37604,"GREG",78,74,,"Y","N"
2906,2013,"06/18/13 00:00:00","LA","Biloxi South","Biloxi South 1",29.6873,-89.4646,"LAGU",78,152,,"Y","N"
4960,2021,"06/20/21 00:00:00","TX","East Matagorda Bay","Dressing Point",28.73145,-95.76074,"SNEG",78,88,,"Y","N"
4959,2021,"06/17/21 00:00:00","LA","Biloxi North","Biloxi North 35",29.951,-89.253,"TRHE",78,83,,"Y","N"
2908,2013,"05/23/13 00:00:00","LA","Atchafalaya Bay","Skimmer Island",29.3864,-91.3836,"BLSK",77,111,,"Y","N"
2907,2013,"06/19/13 00:00:00","LA","Terrebonne Bay","Terrebonne Bay 1",29.21025,-90.57022000000001,"CATE",77,97,,"Y","N"
4961,2021,"05/17/21 00:00:00","TX","Galveston","West Bay Bird Island",29.09517,-95.14105000000001,"FOTE",77,96,,"Y","N"
285,2010,"06/11/10 00:00:00","FL","Tampa Bay","Sutherland Bayou Spoil Island",28.0731,-82.7831,"GREG",77,80,,"Y","N"
3526,2015,"05/16/15 00:00:00","LA","Terrebonne Bay","Felicity Island",29.2558,-90.44,"GREG",77,87,,"Y","N"
2315,2012,"05/28/12 00:00:00","LA","Biloxi North","Biloxi North 10 E",30.0502,-89.3117,"LAGU",77,100,,"Y","N"
4250,2018,"05/21/18 00:00:00","LA","Vermilion Bay","Bayou Platte Island South",29.6069,-91.8913,"LAGU",77,149,,"Y","N"
284,2010,"06/23/10 00:00:00","TX","Corpus Christi-Aransas Bay","Long Reef Deadman Islands B",28.0763,-96.96550000000001,"SATE",77,77,,"Y","N"
2316,2012,"06/19/12 00:00:00","LA","Breton-Chandeleur Islands","Chandeleur North B",29.949821,-88.823795,"SATE",77,324,,"Y","N"
1700,2011,"05/20/11 00:00:00","AL","Mississippi Sound","Cat Island",30.3207,-88.2099,"SNEG",77,98,,"Y","N"
4964,2021,"05/17/21 00:00:00","TX","Galveston","West Bay Bird Island",29.09517,-95.14105000000001,"BCNH",76,116,,"Y","N"
2910,2013,"05/24/13 00:00:00","LA","Breton-Chandeleur Islands","Chandeleur North E",29.888395,-88.82646,"BLSK",76,109,,"Y","N"
2911,2013,"06/18/13 00:00:00","LA","Breton-Chandeleur Islands","Chandeleur South B",29.79898,-88.86415599999999,"BLSK",76,153,,"Y","N"
3528,2015,"06/21/15 00:00:00","LA","Lake Borgne","Half Moon Island",30.1376,-89.43519999999999,"BLSK",76,465,,"Y","N"
4966,2021,"06/16/21 00:00:00","LA","Biloxi North","Bayou Pintou",30.128,-89.224,"GBTE",76,153,,"Y","N"
2909,2013,"05/23/13 00:00:00","LA","Barataria Bay","Cat Bay North Island",29.3656,-89.8646,"GREG",76,53,,"Y","N"
3527,2015,"05/18/15 00:00:00","FL","Apalachicola East","Lake Number Five",29.6471,-85.1279,"GREG",76,73,,"Y","N"
4962,2021,"06/17/21 00:00:00","LA","Biloxi North","Dry Bread Island",29.8426,-89.3064,"LAGU",76,108,,"Y","N"
4963,2021,"05/17/21 00:00:00","TX","Lower Laguna Madre","Bahia Grande C Central",26.038968,-97.28825500000001,"REEG",76,110,,"Y","N"
4251,2018,"05/21/18 00:00:00","LA","Terrebonne Bay","Felicity Island",29.2558,-90.44,"ROSP",76,135,,"Y","N"
4965,2021,"05/18/21 00:00:00","TX","Salt Bayou","High Island",29.57351,-94.38930000000001,"ROSP",76,128,,"Y","N"
288,2010,"05/18/10 00:00:00","AL","Mississippi Sound Gulf Islands","Dauphin Island 1",30.2289,-88.32689999999999,"BLSK",75,171,,"Y","N"
3529,2015,"06/21/15 00:00:00","LA","Breton-Chandeleur Islands","Chandeleur South F",29.76426,-88.88748,"BLSK",75,89,,"Y","N"
2317,2012,"05/30/12 00:00:00","FL","Apalachicola West","Audubon Island",30.17688,-85.7353,"BRPE",75,125,,"Y","N"
4967,2021,"06/20/21 00:00:00","TX","Corpus Christi-Aransas Bay","Black Skimmer Strip",28.11619,-96.93405,"FOTE",75,82,,"Y","N"
287,2010,"06/23/10 00:00:00","TX","Corpus Christi-Aransas Bay","Causeway Island Platforms A",27.9326,-97.09950000000001,"GREG",75,95,,"Y","N"
4969,2021,"05/23/21 00:00:00","LA","Biloxi North","Brush Island",30.034,-89.1863,"ROYT",75,108,,"Y","N"
4968,2021,"06/17/21 00:00:00","LA","Biloxi South","Belle Isle",29.5758,-89.5727,"SNEG",75,98,,"Y","N"
286,2010,"05/08/10 00:00:00","LA","Biloxi South","Long Bay Island",29.5021,-89.5356,"TRHE",75,81,,"Y","N"
2319,2012,"06/19/12 00:00:00","LA","Breton-Chandeleur Islands","Chandeleur North I",29.845356,-88.83965499999999,"BLSK",74,140,,"Y","N"
2318,2012,"05/28/12 00:00:00","LA","Biloxi North","Biloxi North 30 B",29.8166,-89.3095,"FOTE",74,104,,"Y","N"
2321,2012,"05/28/12 00:00:00","LA","Biloxi South","Long Bay Island",29.5021,-89.5356,"FOTE",74,177,,"Y","N"
4971,2021,"06/17/21 00:00:00","LA","Biloxi North","Little Mud Grass Island Northeast",29.9628,-89.3156,"GREG",74,80,,"Y","N"
1703,2011,"05/17/11 00:00:00","LA","Barataria Bay","Barataria Bay 7",29.297676,-90.0553,"LAGU",74,105,,"Y","N"
3530,2015,"06/21/15 00:00:00","LA","Biloxi North","Hell Pass Coast A",29.93259,-89.30759999999999,"LAGU",74,122,,"Y","Y"
4252,2018,"05/19/18 00:00:00","LA","Biloxi North","Biloxi North 26",29.8979,-89.301,"LAGU",74,114,,"Y","N"
4970,2021,"06/17/21 00:00:00","LA","Biloxi North","Biloxi North 10 A",30.0485,-89.322,"LAGU",74,79,,"Y","N"
2320,2012,"06/19/12 00:00:00","LA","Biloxi North","Brush Island",30.034,-89.1863,"ROYT",74,170,,"Y","N"
290,2010,"06/12/10 00:00:00","FL","Apalachicola East","Flag Island South",29.6261,-85.152,"SATE",74,118,,"Y","N"
289,2010,"05/08/10 00:00:00","LA","Barataria Bay","Queen Bess Island",29.3043,-89.9592,"SNEG",74,113,,"Y","N"
1701,2011,"05/19/11 00:00:00","LA","Biloxi North","Biloxi North 36",30.0497,-89.3038,"SNEG",74,57,,"Y","N"
1702,2011,"05/19/11 00:00:00","LA","Biloxi North","Dry Bread Island",29.8426,-89.3064,"TRHE",74,76,,"Y","N"
3531,2015,"06/21/15 00:00:00","LA","Biloxi North","Biloxi North 42",29.948796,-89.36322699999999,"FOTE",73,79,,"Y","N"
4973,2021,"05/17/21 00:00:00","TX","Corpus Christi-Aransas Bay","Second Chain of Islands G",28.192882,-96.81453399999999,"GBHE",73,80,,"Y","N"
4974,2021,"05/17/21 00:00:00","TX","Upper Laguna Madre","Tern Island",27.65791,-97.25123000000001,"GREG",73,88,,"Y","N"
2912,2013,"05/24/13 00:00:00","LA","Biloxi North","Redfish Bend",29.9679,-89.2276,"LAGU",73,130,,"Y","N"
4253,2018,"05/19/18 00:00:00","LA","Biloxi North","Martin Island",29.959,-89.19840000000001,"LAGU",73,145,,"Y","N"
4976,2021,"06/17/21 00:00:00","LA","Biloxi North","Hell Pass Coast D",29.9229,-89.31514,"LAGU",73,97,,"Y","N"
4972,2021,"06/20/21 00:00:00","TX","Corpus Christi-Aransas Bay","Hog Island Complex East Islands",27.89763,-97.096237,"REEG",73,70,"DM/WM combined","Y","N"
4975,2021,"05/17/21 00:00:00","TX","Upper Laguna Madre","Pita Island",27.60181,-97.2876,"REEG",73,89,"DM/WM combined","Y","N"
2323,2012,"05/30/12 00:00:00","AL","Mobile Bay Interior","Gaillard Island",30.5063,-88.03619999999999,"ROSA",73,85,,"Y","N"
292,2010,"06/23/10 00:00:00","TX","East Matagorda Bay","Dressing Point",28.73145,-95.76074,"SNEG",73,74,,"Y","N"
291,2010,"06/23/10 00:00:00","TX","Corpus Christi-Aransas Bay","Second Chain of Islands J",28.1857,-96.8137,"TRHE",73,73,,"Y","N"
2322,2012,"05/28/12 00:00:00","LA","Biloxi North","Biloxi North 16",29.9984,-89.2924,"TRHE",73,73,,"Y","N"
2324,2012,"05/29/12 00:00:00","LA","Breton-Chandeleur Islands","Chandeleur North H",29.85238,-88.83663799999999,"BLSK",72,82,,"Y","N"
1706,2011,"06/15/11 00:00:00","LA","Breton-Chandeleur Islands","Chandeleur South B",29.79898,-88.86415599999999,"BRPE",72,264,"Does not include 1 Empty Nest","Y","N"
2325,2012,"05/27/12 00:00:00","LA","Barataria Bay","Bay Ronquille Northeast Island",29.3659,-89.8357,"BRPE",72,200,,"Y","N"
2913,2013,"05/25/13 00:00:00","AL","Mobile Bay Interior","Battery McIntosh",30.6686,-88.0125,"CAEG",72,81,,"Y","N"
1705,2011,"06/15/11 00:00:00","LA","Breton-Chandeleur Islands","Gosier Islands South",29.52369,-89.09535,"CATE",72,90,,"Y","N"
4977,2021,"06/16/21 00:00:00","LA","Biloxi North","Bayou Pintou",30.128,-89.224,"FOTE",72,74,,"Y","N"
4978,2021,"05/17/21 00:00:00","TX","Lower Laguna Madre","Bahia Grande C Central",26.038968,-97.28825500000001,"GREG",72,77,,"Y","N"
1704,2011,"05/18/11 00:00:00","LA","Birdsfoot West","Birdsfoot West 3",29.2122,-89.3914,"LBHE",72,89,,"Y","N"
4979,2021,"06/17/21 00:00:00","LA","Biloxi North","Biloxi North 16",29.9984,-89.2924,"ROSP",72,122,,"Y","N"
293,2010,"06/12/10 00:00:00","FL","Apalachicola East","Lake Number Five",29.6471,-85.1279,"WHEG",72,204,,"Y","N"
294,2010,"05/17/10 00:00:00","LA","Sabine-Calcasieu","Rabbit Island",29.8494,-93.383,"GREG",71,71,,"Y","N"
296,2010,"06/11/10 00:00:00","FL","Crystal River","Bird Keys Crystal Bay",28.8777,-82.7009,"GREG",71,77,,"Y","N"
295,2010,"06/23/10 00:00:00","TX","Corpus Christi-Aransas Bay","Second Chain of Islands G",28.192882,-96.81453399999999,"TRHE",71,73,,"Y","N"
3532,2015,"05/18/15 00:00:00","LA","Lake Borgne","Half Moon Island",30.1376,-89.43519999999999,"TRHE",71,127,,"Y","N"
4254,2018,"05/19/18 00:00:00","LA","Biloxi North","Biloxi North 8",30.0525,-89.1944,"TRHE",71,91,,"Y","N"
3533,2015,"05/16/15 00:00:00","LA","Terrebonne Bay","Houma Navigation Canal Island",29.19515,-90.61565,"WHIB",71,159,,"Y","N"
4256,2018,"05/21/18 00:00:00","LA","Terrebonne Bay","Felicity Island",29.2558,-90.44,"BCNH",70,79,,"Y","N"
2914,2013,"06/19/13 00:00:00","LA","Biloxi North","Biloxi North 5",30.0675,-89.2069,"BLSK",70,133,,"Y","N"
3534,2015,"05/17/15 00:00:00","LA","Breton-Chandeleur Islands","Chandeleur North G",29.865132,-88.832617,"BLSK",70,113,,"Y","Y"
3535,2015,"06/21/15 00:00:00","LA","Breton-Chandeleur Islands","Breton Island",29.4955,-89.1742,"BLSK",70,274,,"Y","N"
4257,2018,"05/19/18 00:00:00","LA","Biloxi North","Isle au Pitre",30.1526,-89.1968,"BLSK",70,147,,"Y","N"
4982,2021,"06/20/21 00:00:00","TX","Matagorda Bay","Chester Island",28.45174,-96.34689,"BLSK",70,128,,"Y","N"
4981,2021,"05/17/21 00:00:00","TX","Lower Laguna Madre","Bahia Grande C East",26.04147,-97.28154000000001,"CATE",70,113,,"Y","N"
4255,2018,"05/19/18 00:00:00","LA","Biloxi North","Biloxi North 11",30.0324,-89.3141,"FOTE",70,78,,"Y","N"
4980,2021,"05/17/21 00:00:00","TX","Lower Laguna Madre","Laguna Vista Spoils A",26.142736,-97.278547,"GREG",70,77,,"Y","N"
297,2010,"05/18/10 00:00:00","LA","Lake Borgne","Half Moon Island",30.1376,-89.43519999999999,"LAGU",70,125,,"Y","N"
1707,2011,"05/19/11 00:00:00","LA","Biloxi North","Biloxi North 36",30.0497,-89.3038,"TRHE",70,77,,"Y","N"
4258,2018,"05/19/18 00:00:00","LA","Biloxi South","Biloxi South 3",29.7017,-89.5487,"BCNH",69,82,,"Y","N"
2327,2012,"06/19/12 00:00:00","LA","Breton-Chandeleur Islands","Chandeleur North E",29.888395,-88.82646,"BLSK",69,120,,"Y","N"
4985,2021,"06/20/21 00:00:00","TX","Lower Laguna Madre","Arroyo Colorado Spoils B2",26.318883,-97.31019999999999,"BLSK",69,106,,"Y","N"
298,2010,"06/10/10 00:00:00","FL","Charlotte Harbor","Ostego Bay Islet North",26.4243,-81.8933,"BRPE",69,87,,"Y","N"
2326,2012,"05/28/12 00:00:00","LA","Biloxi South","Biloxi South 17",29.714347,-89.567863,"FOTE",69,69,,"Y","N"
299,2010,"05/07/10 00:00:00","LA","Biloxi North","Drum Bay Island",29.9197,-89.2627,"GREG",69,87,,"Y","N"
300,2010,"06/23/10 00:00:00","TX","Corpus Christi-Aransas Bay","Second Chain of Islands G",28.192882,-96.81453399999999,"LAGU",69,88,,"Y","N"
2916,2013,"05/23/13 00:00:00","LA","Terrebonne Bay","Houma Navigation Canal Island",29.19515,-90.61565,"ROSP",69,101,,"Y","N"
4983,2021,"06/17/21 00:00:00","LA","Biloxi South","Biloxi South 21",29.678218,-89.45653299999999,"SNEG",69,87,,"Y","N"
2915,2013,"05/25/13 00:00:00","FL","Apalachicola East","Lake Number Five",29.6471,-85.1279,"TRHE",69,73,,"Y","N"
2328,2012,"05/28/12 00:00:00","LA","Biloxi North","Drum Bay Island",29.9197,-89.2627,"WHIB",69,145,,"Y","N"
3536,2015,"06/20/15 00:00:00","LA","Birdsfoot West","Birdsfoot West 3",29.2122,-89.3914,"WHIB",69,85,,"Y","Y"
4984,2021,"06/17/21 00:00:00","LA","Biloxi North","Biloxi North 35",29.951,-89.253,"WHIB",69,88,,"Y","N"
302,2010,"06/26/10 00:00:00","TX","Galveston","Rollover Bay B",29.5172,-94.50409999999999,"BLSK",68,103,,"Y","N"
3537,2015,"06/21/15 00:00:00","LA","Breton-Chandeleur Islands","Gosier Islands North",29.5517,-89.06444,"BLSK",68,87,,"Y","N"
4987,2021,"06/16/21 00:00:00","LA","Biloxi North","Brush Island",30.034,-89.1863,"BRPE",68,174,,"Y","N"
1709,2011,"06/14/11 00:00:00","LA","Biloxi North","Biloxi North 16",29.9984,-89.2924,"FOTE",68,68,,"Y","N"
1708,2011,"05/20/11 00:00:00","AL","Mobile Bay Interior","Battery McIntosh",30.6686,-88.0125,"GREG",68,21,,"Y","N"
3538,2015,"06/21/15 00:00:00","LA","Biloxi South","Biloxi South 9",29.5392,-89.53530000000001,"LAGU",68,229,,"Y","N"
4986,2021,"06/20/21 00:00:00","TX","Lower Laguna Madre","Green Hill Spoils B",26.48998,-97.38688999999999,"ROSP",68,84,,"Y","N"
301,2010,"06/25/10 00:00:00","TX","Galveston","Evia Island",29.4282,-94.7638,"SATE",68,67,,"Y","N"
4989,2021,"06/20/21 00:00:00","TX","East Matagorda Bay","Dressing Point",28.73145,-95.76074,"BCNH",67,73,,"Y","N"
2917,2013,"06/19/13 00:00:00","LA","Birdsfoot West","Birdsfoot West 4",29.179677,-89.29314599999999,"CATE",67,82,,"Y","N"
3539,2015,"05/17/15 00:00:00","LA","Biloxi South","Biloxi South 6",29.6569,-89.5145,"FOTE",67,128,,"Y","N"
303,2010,"06/23/10 00:00:00","TX","Matagorda Bay","Chester Island",28.45174,-96.34689,"GBHE",67,68,,"Y","N"
4991,2021,"05/17/21 00:00:00","TX","Upper Laguna Madre","Rabit Island Laguna Madre",27.24658,-97.41421,"GBTE",67,107,,"Y","N"
2329,2012,"05/29/12 00:00:00","AL","Mississippi Sound","Cat Island",30.3207,-88.2099,"GREG",67,73,,"Y","N"
4990,2021,"06/20/21 00:00:00","TX","Lower Laguna Madre","Green Island",26.39257,-97.32510000000001,"NECO",67,74,,"Y","N"
4988,2021,"06/18/21 00:00:00","TX","Galveston","Mayes Lake North",29.83194,-94.77016999999999,"SNEG",67,60,,"Y","N"
304,2010,"06/23/10 00:00:00","TX","Corpus Christi-Aransas Bay","Nueces Causeway",27.84176,-97.37604,"WHEG",67,82,,"Y","N"
4260,2018,"06/25/18 00:00:00","LA","Vermilion Bay","Bayou Platte Island North",29.619877,-91.895594,"BLSK",66,150,,"Y","N"
4992,2021,"05/17/21 00:00:00","TX","Lower Laguna Madre","Bahia Grande C West",26.034567,-97.304354,"CATE",66,89,,"Y","N"
1710,2011,"05/19/11 00:00:00","LA","Biloxi North","Biloxi North 10 E",30.0502,-89.3117,"LAGU",66,106,,"Y","N"
4259,2018,"05/19/18 00:00:00","LA","Biloxi North","Biloxi North 4",30.0909,-89.23180000000001,"LAGU",66,105,,"Y","N"
4993,2021,"05/17/21 00:00:00","TX","Lower Laguna Madre","Arroyo Colorado Spoils B1",26.329042,-97.31473099999999,"REEG",66,102,"DM/WM combined","Y","N"
305,2010,"06/08/10 00:00:00","FL","Florida Keys","Bush and Long Keys",24.6281,-82.86369999999999,"ROST",66,83,,"Y","N"
3540,2015,"05/18/15 00:00:00","AL","Mississippi Sound","Terrapin Island",30.335,-88.2619,"TRHE",66,71,,"Y","N"
306,2010,"05/07/10 00:00:00","LA","Biloxi North","Biloxi North 16",29.9984,-89.2924,"WHIB",66,155,,"Y","N"
4996,2021,"06/20/21 00:00:00","TX","Lower Laguna Madre","Bahia Grande C West",26.034567,-97.304354,"BLSK",65,130,,"Y","N"
1711,2011,"05/18/11 00:00:00","LA","Biloxi South","Biloxi South 5 A",29.6523,-89.464,"CATE",65,113,,"Y","N"
307,2010,"06/11/10 00:00:00","FL","Crystal River","Bird Keys Crystal Bay",28.8777,-82.7009,"DCCO",65,66,"Does not include 2 Empty Nests","Y","N"
308,2010,"06/09/10 00:00:00","FL","Everglades National Park","Sandy Key",25.034399,-81.01542000000001,"DCCO",65,83,,"Y","N"
309,2010,"06/11/10 00:00:00","FL","Crystal River","Crawl Key",28.6528,-82.68680000000001,"DCCO",65,106,"Does not include 3 Empty Nests","Y","N"
4994,2021,"05/22/21 00:00:00","LA","Barataria Bay","Beauregard Island",29.27971,-89.97225,"GREG",65,66,,"Y","N"
4995,2021,"06/15/21 00:00:00","MS","Mississippi Sound","New Round Island",30.30669,-88.59744000000001,"LETE",65,72,,"Y","N"
3541,2015,"06/20/15 00:00:00","LA","Birdsfoot West","Birdsfoot West 6 A",29.21976,-89.382209,"NECO",65,166,,"Y","N"
2330,2012,"05/28/12 00:00:00","LA","Biloxi North","Biloxi North 10 E",30.0502,-89.3117,"SNEG",65,71,,"Y","N"
2918,2013,"05/24/13 00:00:00","LA","Breton-Chandeleur Islands","Chandeleur North G",29.865132,-88.832617,"BLSK",64,130,,"Y","N"
4997,2021,"06/15/21 00:00:00","FL","Pensacola","Navarre Causeway A",30.39222,-86.86313,"BLSK",64,75,,"Y","N"
311,2010,"05/18/10 00:00:00","AL","Mississippi Sound","Terrapin Island",30.335,-88.2619,"CAEG",64,75,,"Y","N"
4261,2018,"06/25/18 00:00:00","LA","Vermilion Bay","Bayou Platte Island North",29.619877,-91.895594,"LAGU",64,103,,"Y","N"
310,2010,"06/25/10 00:00:00","TX","Galveston","North Deer Island",29.28519,-94.92462,"SNEG",64,72,,"Y","N"
4999,2021,"05/24/21 00:00:00","AL","Mobile Bay Interior","Gaillard Island",30.5063,-88.03619999999999,"BCNH",63,83,,"Y","N"
5002,2021,"06/16/21 00:00:00","MS","Mississippi Sound","Broad",30.35802,-89.11138,"BLSK",63,132,,"Y","N"
313,2010,"06/11/10 00:00:00","FL","Crystal River","Seahorse Key",29.0969,-83.06610000000001,"DCCO",63,66,,"Y","N"
312,2010,"06/24/10 00:00:00","TX","Galveston","Cedar Lakes 4",28.8442,-95.488,"GBHE",63,44,"Does not include 3 Empty Nests","Y","N"
5000,2021,"06/20/21 00:00:00","TX","Lower Laguna Madre","Bahia Grande C East",26.04147,-97.28154000000001,"GBTE",63,93,,"Y","N"
1712,2011,"05/19/11 00:00:00","LA","Breton-Chandeleur Islands","Chandeleur North B",29.949821,-88.823795,"LAGU",63,118,,"Y","N"
5001,2021,"06/17/21 00:00:00","LA","Biloxi North","Biloxi North 37",29.9141,-89.3257,"LAGU",63,98,,"Y","N"
4998,2021,"06/18/21 00:00:00","TX","Galveston","Kanaloa Spoil",29.29323,-94.93583,"TRHE",63,64,,"Y","N"
2919,2013,"05/24/13 00:00:00","LA","Biloxi South","Biloxi South 5 A",29.6523,-89.464,"WHEG",63,72,,"Y","N"
5011,2021,"06/14/21 00:00:00","FL","Apalachicola East","Lanark Reef West",29.871013,-84.590857,"BLSK",62,151,,"Y","N"
5008,2021,"05/17/21 00:00:00","TX","Matagorda Bay","Chester Island",28.45174,-96.34689,"CAEG",62,118,,"Y","N"
5007,2021,"05/17/21 00:00:00","TX","Lower Laguna Madre","Green Island Spoils A",26.412032,-97.326928,"CATE",62,97,,"Y","N"
5003,2021,"05/17/21 00:00:00","TX","Lower Laguna Madre","Laguna Vista Spoils A",26.142736,-97.278547,"GBHE",62,53,,"Y","N"
5005,2021,"05/17/21 00:00:00","TX","Lower Laguna Madre","Bahia Grande C East",26.04147,-97.28154000000001,"GBHE",62,78,,"Y","Y"
5006,2021,"06/20/21 00:00:00","TX","Lower Laguna Madre","Bahia Grande C Central",26.038968,-97.28825500000001,"GBTE",62,78,,"Y","N"
4262,2018,"05/19/18 00:00:00","LA","Biloxi North","Little Mud Grass Island",29.9508,-89.32250000000001,"GREG",62,73,,"Y","N"
314,2010,"05/08/10 00:00:00","LA","Barataria Bay","Grand Island Point",29.3727,-89.8929,"LAGU",62,277,,"Y","N"
2920,2013,"06/18/13 00:00:00","LA","Breton-Chandeleur Islands","Chandeleur North F",29.881806,-88.828345,"LAGU",62,93,,"Y","N"
3542,2015,"06/21/15 00:00:00","LA","Biloxi North","Biloxi North 38",30.00238,-89.21496999999999,"ROYT",62,84,,"Y","N"
3543,2015,"05/17/15 00:00:00","LA","Biloxi South","Belle Isle",29.5758,-89.5727,"SNEG",62,95,,"Y","N"
5009,2021,"06/18/21 00:00:00","LA","Terrebonne Bay","Houma Navigation Canal Island",29.19515,-90.61565,"SNEG",62,127,,"Y","N"
1713,2011,"05/20/11 00:00:00","AL","Mississippi Sound","Cat Island",30.3207,-88.2099,"TRHE",62,59,,"Y","N"
5004,2021,"06/18/21 00:00:00","TX","Galveston","Rollover Bay A",29.5178,-94.50239999999999,"TRHE",62,66,,"Y","N"
5010,2021,"05/17/21 00:00:00","TX","Galveston","Nolan Ryan Marsh",28.94099,-95.35596,"WHIB",62,148,,"Y","N"
2333,2012,"05/29/12 00:00:00","AL","Mississippi Sound","Cat Island",30.3207,-88.2099,"BLSK",61,133,,"Y","N"
2922,2013,"06/18/13 00:00:00","LA","Biloxi North","Deadman Point",29.7411,-89.35680000000001,"BRPE",61,170,,"Y","N"
315,2010,"06/25/10 00:00:00","TX","Galveston","North Deer Island",29.28519,-94.92462,"CAEG",61,63,,"Y","N"
3544,2015,"06/21/15 00:00:00","LA","Breton-Chandeleur Islands","Gosier Islands South",29.52369,-89.09535,"CATE",61,64,,"Y","N"
3546,2015,"05/17/15 00:00:00","LA","Biloxi South","Long Bay Island",29.5021,-89.5356,"CATE",61,112,,"Y","N"
5013,2021,"06/16/21 00:00:00","LA","Breton-Chandeleur Islands","Chandeleur North D",29.901692,-88.824851,"CATE",61,66,,"Y","N"
316,2010,"06/26/10 00:00:00","TX","Galveston","Rollover Bay A",29.5178,-94.50239999999999,"FOTE",61,78,,"Y","N"
2332,2012,"05/27/12 00:00:00","LA","Barataria Bay","Beauregard Island",29.27971,-89.97225,"FOTE",61,64,,"Y","N"
5012,2021,"05/17/21 00:00:00","TX","Corpus Christi-Aransas Bay","Shamrock Island",27.75883,-97.16936,"GBHE",61,43,,"Y","N"
5014,2021,"06/16/21 00:00:00","MS","Mississippi Sound","Cowan",30.38279,-89.0224,"LETE",61,66,,"Y","N"
3545,2015,"06/21/15 00:00:00","LA","Biloxi North","Deadman Point",29.7411,-89.35680000000001,"SNEG",61,109,,"Y","N"
1715,2011,"05/18/11 00:00:00","LA","Biloxi South","Biloxi South 5 A",29.6523,-89.464,"TRHE",61,70,,"Y","N"
2331,2012,"06/20/12 00:00:00","LA","Biloxi North","Biloxi North 10 B",30.0516,-89.31829999999999,"TRHE",61,27,,"Y","N"
2921,2013,"05/24/13 00:00:00","LA","Biloxi South","Biloxi South 15",29.5324,-89.57510000000001,"TRHE",61,74,,"Y","N"
317,2010,"05/08/10 00:00:00","LA","Barataria Bay","Cat Bay South Island",29.3341,-89.8716,"WHIB",61,91,,"Y","N"
1714,2011,"06/14/11 00:00:00","LA","Biloxi North","Biloxi North 10 A",30.0485,-89.322,"WHIB",61,66,,"Y","N"
4264,2018,"06/24/18 00:00:00","LA","Birdsfoot East","Gunn Island",29.4136,-89.2957,"BLSK",60,95,,"Y","N"
5020,2021,"06/17/21 00:00:00","LA","Barataria Bay","Beauregard Island",29.27971,-89.97225,"BLSK",60,130,,"Y","N"
1717,2011,"05/19/11 00:00:00","LA","Biloxi North","Biloxi North 40",30.0434,-89.33750000000001,"FOTE",60,81,,"Y","N"
4263,2018,"06/23/18 00:00:00","LA","Biloxi North","Hell Pass Coast A",29.93259,-89.30759999999999,"FOTE",60,65,,"Y","N"
5016,2021,"05/17/21 00:00:00","TX","Corpus Christi-Aransas Bay","Skimmer Island Nueces Bay",27.86298,-97.49026000000001,"GBHE",60,52,,"Y","N"
5017,2021,"05/17/21 00:00:00","TX","East Matagorda Bay","Dressing Point",28.73145,-95.76074,"GBHE",60,55,,"Y","N"
5018,2021,"06/15/21 00:00:00","AL","Mississippi Sound","Terrapin Island",30.335,-88.2619,"GBTE",60,79,,"Y","N"
318,2010,"06/11/10 00:00:00","FL","Tampa Bay","Bird Key Terra Ceia",27.5522,-82.59999999999999,"GREG",60,49,,"Y","N"
5015,2021,"05/22/21 00:00:00","LA","Birdsfoot East","Birdsfoot East 4 B",28.98179,-89.362942,"GREG",60,44,,"Y","N"
320,2010,"06/23/10 00:00:00","TX","Corpus Christi-Aransas Bay","Long Reef Deadman Islands B",28.0763,-96.96550000000001,"LAGU",60,106,,"Y","N"
3548,2015,"06/20/15 00:00:00","LA","Birdsfoot West","Birdsfoot West 6 B",29.218071,-89.372248,"NECO",60,93,,"Y","N"
1716,2011,"05/18/11 00:00:00","LA","Biloxi North","Deadman Point",29.7411,-89.35680000000001,"SNEG",60,68,,"Y","N"
3547,2015,"05/16/15 00:00:00","LA","Birdsfoot West","Birdsfoot West 3",29.2122,-89.3914,"SNEG",60,68,,"Y","N"
5019,2021,"05/17/21 00:00:00","TX","Corpus Christi-Aransas Bay","Shamrock Island",27.75883,-97.16936,"SNEG",60,94,,"Y","N"
319,2010,"06/10/10 00:00:00","FL","Charlotte Harbor","Okeechobee Waterway Spoil Island",26.51,-82.02500000000001,"WHIB",60,60,,"Y","N"
2335,2012,"05/28/12 00:00:00","LA","Biloxi South","Biloxi South 3",29.7017,-89.5487,"BCNH",59,67,,"Y","N"
2924,2013,"05/24/13 00:00:00","LA","Biloxi South","Biloxi South 11",29.5247,-89.57259999999999,"BCNH",59,88,,"Y","N"
3549,2015,"06/22/15 00:00:00","AL","Mississippi Sound","Cat Island",30.3207,-88.2099,"CAEG",59,67,,"Y","N"
322,2010,"06/14/10 00:00:00","LA","Birdsfoot East","Willet Island",29.407,-89.2903,"CATE",59,73,,"Y","N"
321,2010,"06/25/10 00:00:00","TX","Galveston","Mustang Bayou Island",29.167164,-95.129808,"GREG",59,24,"Does not include 7 Empty Nests","Y","N"
2923,2013,"06/17/13 00:00:00","FL","Apalachee Bay","Smith Island",30.04906,-84.31802999999999,"GREG",59,61,,"Y","N"
2334,2012,"05/28/12 00:00:00","LA","Biloxi North","Drum Bay Island",29.9197,-89.2627,"TRHE",59,59,,"Y","N"
1718,2011,"06/15/11 00:00:00","LA","Breton-Chandeleur Islands","Chandeleur South B",29.79898,-88.86415599999999,"BLSK",58,84,,"Y","N"
324,2010,"06/11/10 00:00:00","FL","Tampa Bay","Dog Leg Key",27.802,-82.76179999999999,"DCCO",58,90,,"Y","N"
3550,2015,"05/17/15 00:00:00","LA","Biloxi North","Drum Bay Island",29.9197,-89.2627,"GREG",58,36,,"Y","N"
5021,2021,"06/20/21 00:00:00","TX","Corpus Christi-Aransas Bay","Hog Island Complex East Islands",27.89763,-97.096237,"GREG",58,56,,"Y","N"
323,2010,"06/25/10 00:00:00","TX","Galveston","Mustang Bayou Island",29.167164,-95.129808,"SNEG",58,29,,"Y","N"
1719,2011,"06/18/11 00:00:00","LA","Terrebonne Bay","Raccoon Island",29.0505,-90.92659999999999,"BLSK",57,90,,"Y","N"
3552,2015,"06/21/15 00:00:00","LA","Breton-Chandeleur Islands","Chandeleur North B",29.949821,-88.823795,"CATE",57,70,,"Y","Y"
325,2010,"06/10/10 00:00:00","FL","Charlotte Harbor","Pine Island Sound 2",26.4945,-82.10429999999999,"DCCO",57,61,,"Y","N"
1720,2011,"05/18/11 00:00:00","LA","Barataria Bay","Bay Ronquille Northwest Island",29.3631,-89.85339999999999,"FOTE",57,255,,"Y","N"
2925,2013,"06/18/13 00:00:00","LA","Biloxi North","Anderson Point Island",29.892,-89.32729999999999,"FOTE",57,59,,"Y","N"
5022,2021,"05/17/21 00:00:00","TX","Upper Laguna Madre","Tern Island",27.65791,-97.25123000000001,"GBHE",57,46,,"Y","N"
3551,2015,"05/18/15 00:00:00","AL","Mobile Bay Interior","Battery McIntosh",30.6686,-88.0125,"GREG",57,38,,"Y","N"
3553,2015,"06/21/15 00:00:00","LA","Biloxi North","Biloxi North 35",29.951,-89.253,"LAGU",57,111,,"Y","Y"
5023,2021,"05/25/21 00:00:00","FL","Apalachee Bay","Rock Island",29.97151,-83.82935999999999,"TRHE",57,66,,"Y","N"
5024,2021,"06/20/21 00:00:00","TX","Lower Laguna Madre","Green Island",26.39257,-97.32510000000001,"TRHE",57,96,,"Y","N"
5025,2021,"05/22/21 00:00:00","LA","Terrebonne Bay","Raccoon Island",29.0505,-90.92659999999999,"BCNH",56,71,,"Y","N"
4265,2018,"05/19/18 00:00:00","LA","Biloxi North","Mink Island",30.00568,-89.30034999999999,"BLSK",56,108,,"Y","N"
326,2010,"06/08/10 00:00:00","FL","Florida Keys","Cottrell Key",24.603,-81.9211,"DCCO",56,56,,"Y","N"
328,2010,"06/09/10 00:00:00","FL","Everglades National Park","Lower Arsnicker Key",24.9203,-80.82689999999999,"DCCO",56,90,,"Y","N"
3556,2015,"05/17/15 00:00:00","LA","Biloxi North","Turtle Pen Isle",29.938,-89.242,"LAGU",56,97,,"Y","N"
1721,2011,"05/17/11 00:00:00","LA","Atchafalaya Bay","Skimmer Island",29.3864,-91.3836,"ROSP",56,68,,"Y","N"
1723,2011,"05/17/11 00:00:00","LA","Terrebonne Bay","Raccoon Island",29.0505,-90.92659999999999,"ROSP",56,118,"possibly a slight overestimate by combining months, but #s had definitley increasedin June Areas 21-22 compared with May photos of that area","Y","Y"
3555,2015,"05/16/15 00:00:00","LA","Atchafalaya Bay","Skimmer Island",29.3864,-91.3836,"ROSP",56,71,,"Y","N"
5026,2021,"05/24/21 00:00:00","LA","Biloxi North","Biloxi North 12",30.042,-89.273,"ROSP",56,92,,"Y","Y"
327,2010,"06/23/10 00:00:00","TX","Matagorda Bay","Lavaca Bay Spoils E",28.59947,-96.56207999999999,"TRHE",56,56,,"Y","N"
1722,2011,"06/14/11 00:00:00","LA","Biloxi North","Biloxi North 35",29.951,-89.253,"WHIB",56,103,,"Y","N"
3554,2015,"06/21/15 00:00:00","LA","Biloxi North","Biloxi North 16",29.9984,-89.2924,"WHIB",56,62,,"Y","N"
330,2010,"06/25/10 00:00:00","TX","Galveston","Mustang Bayou Island",29.167164,-95.129808,"BLSK",55,64,,"Y","N"
2336,2012,"05/29/12 00:00:00","LA","Breton-Chandeleur Islands","Chandeleur South A",29.809332,-88.86106700000001,"BLSK",55,100,,"Y","N"
2926,2013,"05/24/13 00:00:00","LA","Biloxi South","Biloxi South 10 A",29.53141,-89.55392000000001,"BRPE",55,79,,"Y","N"
329,2010,"06/09/10 00:00:00","FL","Everglades National Park","Dead Terrapin Key",25.0416,-80.8017,"DCCO",55,55,,"Y","N"
332,2010,"05/08/10 00:00:00","LA","Biloxi South","Biloxi South 2",29.7047,-89.5647,"FOTE",55,70,,"Y","N"
1724,2011,"05/20/11 00:00:00","AL","Mississippi Sound","Cat Island",30.3207,-88.2099,"GREG",55,23,,"Y","N"
4267,2018,"06/24/18 00:00:00","LA","Birdsfoot West","Birdsfoot West 5",29.223319,-89.299464,"GREG",55,81,,"Y","N"
5027,2021,"06/18/21 00:00:00","LA","Terrebonne Bay","Felicity Island",29.2558,-90.44,"GREG",55,50,,"Y","N"
333,2010,"05/07/10 00:00:00","LA","Biloxi North","Little Mud Grass Island Northeast",29.9628,-89.3156,"LAGU",55,225,,"Y","N"
1725,2011,"06/14/11 00:00:00","LA","Biloxi North","Biloxi North 35",29.951,-89.253,"ROYT",55,63,,"Y","N"
5028,2021,"06/14/21 00:00:00","FL","Apalachicola East","Lanark Reef West",29.871013,-84.590857,"SATE",55,100,,"Y","N"
331,2010,"05/18/10 00:00:00","LA","Biloxi North","Biloxi North 10 A",30.0485,-89.322,"SNEG",55,66,,"Y","N"
2927,2013,"06/17/13 00:00:00","AL","Mississippi Sound","Terrapin Island",30.335,-88.2619,"SNEG",55,82,,"Y","N"
4266,2018,"05/19/18 00:00:00","LA","Biloxi South","Long Bay Island",29.5021,-89.5356,"TRHE",55,58,,"Y","N"
2929,2013,"06/18/13 00:00:00","LA","Breton-Chandeleur Islands","Chandeleur North D",29.901692,-88.824851,"BLSK",54,95,,"Y","N"
2930,2013,"06/18/13 00:00:00","LA","Breton-Chandeleur Islands","Chandeleur South C",29.780414,-88.87419199999999,"BLSK",54,113,,"Y","N"
3558,2015,"05/17/15 00:00:00","LA","Biloxi South","Biloxi South 1",29.6873,-89.4646,"BLSK",54,368,,"Y","N"
4268,2018,"06/24/18 00:00:00","LA","Birdsfoot East","East Bay Spoil Island",29.061022,-89.244134,"BLSK",54,70,,"Y","N"
336,2010,"06/10/10 00:00:00","FL","Charlotte Harbor","Okeechobee Waterway Spoil Island",26.51,-82.02500000000001,"BRPE",54,62,,"Y","N"
335,2010,"05/17/10 00:00:00","LA","Sabine-Calcasieu","Rabbit Island",29.8494,-93.383,"DAIB",54,54,,"Y","N"
1726,2011,"06/17/11 00:00:00","LA","Biloxi South","Biloxi South 10 D",29.52792,-89.54504,"FOTE",54,102,,"Y","N"
2928,2013,"05/25/13 00:00:00","AL","Mobile Bay Interior","Battery McIntosh",30.6686,-88.0125,"GREG",54,29,,"Y","N"
5029,2021,"05/18/21 00:00:00","TX","Galveston","Dickinson Bay Spoil Island",29.46827,-94.94542,"GREG",54,28,,"Y","N"
5030,2021,"06/17/21 00:00:00","LA","Biloxi South","Biloxi South 5 B",29.6521,-89.4577,"GREG",54,59,,"Y","N"
5031,2021,"05/18/21 00:00:00","TX","Galveston","Dickinson Bay Spoil Island",29.46827,-94.94542,"NECO",54,67,,"Y","N"
334,2010,"06/25/10 00:00:00","TX","Galveston","North Deer Island",29.28519,-94.92462,"ROSP",54,43,,"Y","N"
2337,2012,"05/27/12 00:00:00","LA","Barataria Bay","Belle Pass East",29.0901,-90.22190000000001,"ROSP",54,101,,"Y","N"
337,2010,"06/23/10 00:00:00","TX","Corpus Christi-Aransas Bay","Second Chain of Islands G",28.192882,-96.81453399999999,"SNEG",54,66,,"Y","N"
3557,2015,"06/21/15 00:00:00","LA","Biloxi North","Little Mud Grass Island",29.9508,-89.32250000000001,"SNEG",54,65,,"Y","Y"
5032,2021,"05/17/21 00:00:00","TX","Corpus Christi-Aransas Bay","Second Chain of Islands G",28.192882,-96.81453399999999,"SNEG",54,83,,"Y","N"
1728,2011,"06/15/11 00:00:00","LA","Breton-Chandeleur Islands","Chandeleur North B",29.949821,-88.823795,"BLSK",53,86,,"Y","N"
2338,2012,"06/19/12 00:00:00","LA","Biloxi North","Door Point Lagoon 2",30.06117,-89.18415,"BLSK",53,303,,"Y","N"
3559,2015,"06/21/15 00:00:00","LA","Breton-Chandeleur Islands","Gosier Islands South",29.52369,-89.09535,"BLSK",53,65,,"Y","N"
4269,2018,"06/23/18 00:00:00","LA","Biloxi North","Bayou Pintou",30.128,-89.224,"GBTE",53,60,,"Y","N"
338,2010,"06/10/10 00:00:00","FL","Charlotte Harbor","Gasparilla Sound Spoil Island",26.7904,-82.2462,"GREG",53,8,,"Y","N"
341,2010,"06/11/10 00:00:00","FL","Tampa Bay","Saint Joseph Sound Spoil Island",28.0754,-82.8,"GREG",53,81,,"Y","N"
4270,2018,"05/21/18 00:00:00","LA","Atchafalaya Bay","Heron Island",29.4282,-91.3287,"GREG",53,77,,"Y","N"
340,2010,"06/12/10 00:00:00","FL","Apalachicola East","Lanark Reef West",29.871013,-84.590857,"LAGU",53,55,,"Y","N"
5033,2021,"05/17/21 00:00:00","TX","Lower Laguna Madre","Green Island Spoils A",26.412032,-97.326928,"LAGU",53,68,,"Y","N"
5034,2021,"05/17/21 00:00:00","TX","Corpus Christi-Aransas Bay","Second Chain of Islands G",28.192882,-96.81453399999999,"LAGU",53,135,,"Y","N"
1727,2011,"06/15/11 00:00:00","LA","Breton-Chandeleur Islands","Chandeleur North F",29.881806,-88.828345,"ROSA",53,0,"All Empty Nests","Y","N"
3560,2015,"05/16/15 00:00:00","LA","Terrebonne Bay","Houma Navigation Canal Island",29.19515,-90.61565,"ROSP",53,98,,"Y","N"
339,2010,"05/18/10 00:00:00","AL","Mississippi Sound","Cat Island",30.3207,-88.2099,"TRHE",53,53,,"Y","N"
4271,2018,"06/25/18 00:00:00","LA","Terrebonne Bay","Houma Navigation Canal Island",29.19515,-90.61565,"WHIB",53,91,,"Y","Y"
2933,2013,"06/18/13 00:00:00","LA","Biloxi North","Hell Pass Coast",29.92569,-89.31116,"BLSK",52,85,,"Y","N"
343,2010,"06/12/10 00:00:00","FL","Apalachicola East","Flag Island South",29.6261,-85.152,"CATE",52,101,,"Y","N"
4273,2018,"06/24/18 00:00:00","LA","Barataria Bay","Bastian Island",29.296,-89.66549999999999,"CATE",52,56,,"Y","N"
4274,2018,"05/21/18 00:00:00","LA","Terrebonne Bay","Raccoon Island",29.0505,-90.92659999999999,"CATE",52,78,,"Y","N"
342,2010,"06/10/10 00:00:00","FL","Charlotte Harbor","Givney Key",26.5145,-82.0549,"DCCO",52,52,,"Y","N"
3561,2015,"06/21/15 00:00:00","LA","Biloxi North","Anderson Point Island",29.892,-89.32729999999999,"FOTE",52,55,,"Y","N"
5035,2021,"05/17/21 00:00:00","TX","Lower Laguna Madre","Bahia Grande C West",26.034567,-97.304354,"FOTE",52,79,,"Y","N"
344,2010,"06/25/10 00:00:00","TX","Galveston","North Deer Island",29.28519,-94.92462,"NECO",52,451,,"Y","N"
5036,2021,"06/14/21 00:00:00","FL","Apalachicola East","Flag Island South",29.6261,-85.152,"ROYT",52,138,,"Y","N"
2931,2013,"05/25/13 00:00:00","AL","Mobile Bay Interior","Battery McIntosh",30.6686,-88.0125,"SNEG",52,46,,"Y","N"
3562,2015,"05/16/15 00:00:00","LA","Atchafalaya Bay","Heron Island",29.4282,-91.3287,"SNEG",52,78,,"Y","N"
2339,2012,"05/27/12 00:00:00","LA","Atchafalaya Bay","Skimmer Island",29.3864,-91.3836,"TRHE",52,53,,"Y","N"
4272,2018,"06/23/18 00:00:00","LA","Biloxi South","Biloxi South 2",29.7047,-89.5647,"TRHE",52,52,,"Y","N"
2932,2013,"06/18/13 00:00:00","LA","Biloxi North","Little Mud Grass Island Northeast",29.9628,-89.3156,"WHIB",52,58,,"Y","N"
3563,2015,"06/21/15 00:00:00","LA","Breton-Chandeleur Islands","Chandeleur North D",29.901692,-88.824851,"BLSK",51,54,,"Y","N"
345,2010,"06/10/10 00:00:00","FL","Charlotte Harbor","Bird Island Matlacha Pass",26.5126,-82.033,"DCCO",51,61,,"Y","N"
2934,2013,"05/24/13 00:00:00","LA","Biloxi North","Little Mud Grass Island Northeast",29.9628,-89.3156,"FOTE",51,54,,"Y","N"
3564,2015,"05/17/15 00:00:00","LA","Biloxi North","Biloxi North 41",29.75089,-89.44664,"FOTE",51,61,,"Y","N"
5039,2021,"06/16/21 00:00:00","MS","Mississippi Sound Gulf Islands","Ship Island",30.21912,-88.92156,"GBTE",51,72,,"Y","N"
346,2010,"05/08/10 00:00:00","LA","Barataria Bay","Cat Bay North Island",29.3656,-89.8646,"GREG",51,70,,"Y","N"
5037,2021,"05/25/21 00:00:00","FL","Apalachicola East","Lake Number Five",29.6471,-85.1279,"GREG",51,37,,"Y","N"
5038,2021,"06/20/21 00:00:00","TX","Upper Laguna Madre","Naval Air Station Islands I",27.663101,-97.24649100000001,"LAGU",51,70,,"Y","N"
5040,2021,"05/17/21 00:00:00","TX","Lower Laguna Madre","Laguna Vista Spoils B",26.142381,-97.28146599999999,"REEG",51,84,,"Y","N"
2341,2012,"05/30/12 00:00:00","FL","Apalachicola East","Flag Island South",29.6261,-85.152,"ROYT",51,84,,"Y","N"
2340,2012,"05/28/12 00:00:00","LA","Biloxi South","Belle Isle",29.5758,-89.5727,"SNEG",51,80,,"Y","N"
4276,2018,"05/19/18 00:00:00","LA","Biloxi North","Biloxi North 12",30.042,-89.273,"WHEG",51,77,,"Y","N"
4275,2018,"05/19/18 00:00:00","LA","Biloxi North","Biloxi North 3",30.0997,-89.283,"WHIB",51,72,,"Y","N"
5045,2021,"06/15/21 00:00:00","MS","Mississippi Sound","New Round Island",30.30669,-88.59744000000001,"BLSK",50,93,,"Y","N"
4279,2018,"05/20/18 00:00:00","LA","Breton-Chandeleur Islands","Gosier Islands North",29.5517,-89.06444,"BRPE",50,109,,"Y","Y"
2344,2012,"05/27/12 00:00:00","LA","Terrebonne Bay","Felicity Island",29.2558,-90.44,"CATE",50,87,,"Y","N"
2935,2013,"05/24/13 00:00:00","LA","Breton-Chandeleur Islands","Chandeleur South B",29.79898,-88.86415599999999,"CATE",50,67,,"Y","Y"
5042,2021,"05/17/21 00:00:00","TX","Lower Laguna Madre","Green Island Spoils F",26.409668,-97.311339,"CATE",50,79,,"Y","Y"
347,2010,"06/23/10 00:00:00","TX","Matagorda Bay","Lavaca Bay Spoils E",28.59947,-96.56207999999999,"GBHE",50,50,,"Y","N"
4278,2018,"05/19/18 00:00:00","LA","Biloxi South","Biloxi South 10 C",29.53327,-89.55606,"GBTE",50,68,,"Y","N"
5041,2021,"06/16/21 00:00:00","LA","Biloxi North","Biloxi North 38",30.00238,-89.21496999999999,"GBTE",50,58,,"Y","N"
4277,2018,"05/20/18 00:00:00","LA","Birdsfoot East","Birdsfoot East 4",28.979007,-89.36321599999999,"GREG",50,55,,"Y","N"
2936,2013,"06/18/13 00:00:00","LA","Breton-Chandeleur Islands","Chandeleur South B",29.79898,-88.86415599999999,"LAGU",50,69,,"Y","N"
5043,2021,"06/17/21 00:00:00","LA","Biloxi South","Belle Isle",29.5758,-89.5727,"ROSP",50,91,,"Y","N"
2343,2012,"05/27/12 00:00:00","LA","Barataria Bay","Grand Island Point",29.3727,-89.8929,"SATE",50,58,,"Y","N"
2342,2012,"05/28/12 00:00:00","LA","Biloxi North","Biloxi North 16",29.9984,-89.2924,"SNEG",50,50,,"Y","N"
5044,2021,"05/17/21 00:00:00","TX","Lower Laguna Madre","Arroyo Colorado Spoils B1",26.329042,-97.31473099999999,"SNEG",50,91,,"Y","N"
1729,2011,"06/15/11 00:00:00","LA","Breton-Chandeleur Islands","New Harbor Island 3",29.8542,-88.8634,"TRHE",50,16,,"Y","N"
3565,2015,"05/16/15 00:00:00","LA","Barataria Bay","Queen Bess Island",29.3043,-89.9592,"WHIB",50,75,,"Y","N"
4280,2018,"06/25/18 00:00:00","LA","Vermilion Bay","Bayou Platte Island South",29.6069,-91.8913,"BLSK",49,122,,"Y","N"
348,2010,"06/11/10 00:00:00","FL","Tampa Bay","Pelican Island Tampa Bay",27.9144,-82.8408,"DCCO",49,54,"Does not include 5 Empty Nests","Y","N"
1731,2011,"06/17/11 00:00:00","LA","Barataria Bay","Shell Island East B",29.2786,-89.62690000000001,"GBTE",49,63,,"Y","N"
349,2010,"06/23/10 00:00:00","TX","Corpus Christi-Aransas Bay","Copano Rattlesnake Point",28.0561,-97.13330000000001,"LAGU",49,63,,"Y","N"
350,2010,"06/24/10 00:00:00","TX","Galveston","Drum Bay Islands 6",29.0192,-95.2193,"LAGU",49,78,"Does not include 1 Empty Nest","Y","N"
5046,2021,"05/17/21 00:00:00","TX","Lower Laguna Madre","Green Hill Spoils A",26.49391,-97.388755,"REEG",49,77,,"Y","N"
2938,2013,"05/23/13 00:00:00","LA","Barataria Bay","Cat Bay North Island",29.3656,-89.8646,"SATE",49,70,,"Y","N"
3566,2015,"06/21/15 00:00:00","LA","Breton-Chandeleur Islands","Gosier Islands South",29.52369,-89.09535,"SATE",49,50,,"Y","N"
2937,2013,"06/18/13 00:00:00","LA","Biloxi North","Biloxi North 16",29.9984,-89.2924,"TRHE",49,51,,"Y","Y"
1730,2011,"05/18/11 00:00:00","LA","Biloxi South","Biloxi South 5 B",29.6521,-89.4577,"WHIB",49,59,,"Y","N"
2345,2012,"05/28/12 00:00:00","LA","Biloxi South","Biloxi South 11",29.5247,-89.57259999999999,"WHIB",49,75,,"Y","N"
5049,2021,"05/17/21 00:00:00","TX","Lower Laguna Madre","East Marker Spoil",26.63626,-97.38531999999999,"CATE",48,68,,"Y","N"
351,2010,"06/10/10 00:00:00","FL","Charlotte Harbor","Okeechobee Waterway Spoil Island",26.51,-82.02500000000001,"DCCO",48,49,,"Y","N"
352,2010,"06/23/10 00:00:00","TX","Corpus Christi-Aransas Bay","Second Chain of Islands B",28.19825,-96.81665,"LAGU",48,95,,"Y","N"
1734,2011,"06/14/11 00:00:00","LA","Biloxi North","Biloxi North 10 D",30.0476,-89.31829999999999,"LAGU",48,81,,"Y","N"
2347,2012,"05/29/12 00:00:00","LA","Breton-Chandeleur Islands","Chandeleur North C",29.929685,-88.82179600000001,"LAGU",48,61,,"Y","N"
5050,2021,"06/17/21 00:00:00","LA","Biloxi South","Biloxi South 20",29.719486,-89.539958,"LAGU",48,86,,"Y","N"
3567,2015,"05/16/15 00:00:00","LA","Terrebonne Bay","Felicity Island",29.2558,-90.44,"ROSP",48,73,,"Y","N"
5051,2021,"05/17/21 00:00:00","TX","Lower Laguna Madre","Laguna Vista Spoils B",26.142381,-97.28146599999999,"ROSP",48,86,,"Y","N"
1732,2011,"06/14/11 00:00:00","LA","Biloxi North","Drum Bay Island",29.9197,-89.2627,"ROYT",48,48,,"Y","N"
353,2010,"06/13/10 00:00:00","AL","Mobile Bay Interior","Battery McIntosh",30.6686,-88.0125,"SNEG",48,182,,"Y","N"
2346,2012,"05/28/12 00:00:00","LA","Biloxi South","Biloxi South 5 B",29.6521,-89.4577,"TRHE",48,54,,"Y","N"
5047,2021,"06/20/21 00:00:00","TX","East Matagorda Bay","Dressing Point",28.73145,-95.76074,"TRHE",48,51,,"Y","N"
5048,2021,"05/18/21 00:00:00","TX","Salt Bayou","High Island",29.57351,-94.38930000000001,"TRHE",48,54,,"Y","N"
5052,2021,"06/16/21 00:00:00","LA","Lake Borgne","Half Moon Island",30.1376,-89.43519999999999,"TRHE",48,90,,"Y","N"
1733,2011,"05/17/11 00:00:00","LA","Barataria Bay","Queen Bess Island",29.3043,-89.9592,"WHIB",48,55,,"Y","N"
357,2010,"05/08/10 00:00:00","LA","Barataria Bay","Grand Island Point",29.3727,-89.8929,"FOTE",47,97,,"Y","N"
1736,2011,"06/14/11 00:00:00","LA","Biloxi North","Hell Pass Coast",29.92569,-89.31116,"FOTE",47,49,,"Y","N"
354,2010,"06/25/10 00:00:00","TX","Galveston","North Deer Island",29.28519,-94.92462,"GBHE",47,16,,"Y","N"
3569,2015,"05/16/15 00:00:00","LA","Terrebonne Bay","Raccoon Island",29.0505,-90.92659999999999,"GBTE",47,77,,"Y","N"
356,2010,"05/08/10 00:00:00","LA","Barataria Bay","Queen Bess Island",29.3043,-89.9592,"GREG",47,67,,"Y","N"
358,2010,"05/17/10 00:00:00","LA","Terrebonne Bay","Raccoon Island West",29.0596,-90.94159999999999,"LAGU",47,105,,"Y","N"
3570,2015,"06/21/15 00:00:00","LA","Breton-Chandeleur Islands","Chandeleur South C",29.780414,-88.87419199999999,"LAGU",47,106,,"Y","Y"
5053,2021,"06/18/21 00:00:00","LA","Sabine-Calcasieu","Rabbit Island",29.8494,-93.383,"SATE",47,56,,"Y","N"
355,2010,"06/23/10 00:00:00","TX","Corpus Christi-Aransas Bay","Nueces Causeway",27.84176,-97.37604,"SNEG",47,57,,"Y","N"
1735,2011,"05/20/11 00:00:00","AL","Mobile Bay Interior","Battery McIntosh",30.6686,-88.0125,"SNEG",47,47,,"Y","N"
2940,2013,"06/18/13 00:00:00","LA","Biloxi North","Biloxi North 16",29.9984,-89.2924,"SNEG",47,59,,"Y","N"
2941,2013,"06/19/13 00:00:00","LA","Biloxi North","Biloxi North 10 A",30.0485,-89.322,"SNEG",47,63,,"Y","N"
2939,2013,"05/23/13 00:00:00","LA","Barataria Bay","Barataria Bay 13",29.321881,-89.871357,"TRHE",47,47,,"Y","N"
3568,2015,"06/21/15 00:00:00","LA","Biloxi North","Hell Pass Coast A",29.93259,-89.30759999999999,"TRHE",47,56,,"Y","N"
1739,2011,"05/18/11 00:00:00","LA","Biloxi South","Biloxi South 3",29.7017,-89.5487,"BCNH",46,65,,"Y","N"
2942,2013,"06/18/13 00:00:00","LA","Biloxi North","Biloxi North 38",30.00238,-89.21496999999999,"BLSK",46,78,,"Y","N"
3572,2015,"05/17/15 00:00:00","LA","Biloxi North","Redfish Bend",29.9679,-89.2276,"BLSK",46,188,,"Y","N"
4281,2018,"06/23/18 00:00:00","LA","Biloxi North","Redfish Bend",29.9679,-89.2276,"CATE",46,57,,"Y","N"
360,2010,"06/10/10 00:00:00","FL","Charlotte Harbor","Turtle Bay Island",26.7867,-82.1875,"DCCO",46,59,,"Y","N"
5054,2021,"06/20/21 00:00:00","TX","Galveston","Cowtrap Lake B",28.86285,-95.524216,"FOTE",46,68,,"Y","N"
5056,2021,"06/17/21 00:00:00","LA","Biloxi North","Biloxi North 18",29.992825,-89.249568,"FOTE",46,120,,"Y","N"
1740,2011,"05/17/11 00:00:00","LA","Atchafalaya Bay","Skimmer Island",29.3864,-91.3836,"GBTE",46,85,,"Y","N"
1737,2011,"05/19/11 00:00:00","LA","Biloxi North","Drum Bay Island",29.9197,-89.2627,"GREG",46,46,,"Y","N"
361,2010,"05/18/10 00:00:00","LA","Biloxi North","Door Point Lagoon 2",30.06117,-89.18415,"LAGU",46,105,,"Y","N"
1738,2011,"05/18/11 00:00:00","LA","Biloxi South","Biloxi South 2",29.7047,-89.5647,"LAGU",46,46,,"Y","N"
3571,2015,"05/17/15 00:00:00","LA","Breton-Chandeleur Islands","New Harbor Island 2",29.8565,-88.875,"LAGU",46,81,,"Y","N"
5055,2021,"06/15/21 00:00:00","FL","Pensacola","Navarre Causeway A",30.39222,-86.86313,"LETE",46,72,,"Y","N"
359,2010,"05/18/10 00:00:00","LA","Biloxi North","Biloxi North 10 B",30.0516,-89.31829999999999,"TRHE",46,46,,"Y","N"
2348,2012,"05/28/12 00:00:00","LA","Biloxi South","Long Bay Island",29.5021,-89.5356,"WHIB",46,85,,"Y","N"
368,2010,"05/18/10 00:00:00","MS","Mississippi Sound","Beauvoir",30.39081,-88.97239,"BLSK",45,301,,"Y","N"
5060,2021,"06/18/21 00:00:00","LA","Vermilion Bay","Bayou Platte Island North",29.619877,-91.895594,"BLSK",45,83,,"Y","N"
2944,2013,"05/24/13 00:00:00","LA","Biloxi North","Biloxi North 12",30.042,-89.273,"CATE",45,75,,"Y","N"
3573,2015,"06/21/15 00:00:00","LA","Breton-Chandeleur Islands","Gosier Islands North",29.5517,-89.06444,"CATE",45,46,,"Y","N"
3576,2015,"05/16/15 00:00:00","LA","Terrebonne Bay","Houma Navigation Canal Island",29.19515,-90.61565,"CATE",45,64,,"Y","N"
5058,2021,"05/18/21 00:00:00","TX","Galveston","Kanaloa Spoil",29.29323,-94.93583,"CATE",45,66,,"Y","N"
5059,2021,"06/17/21 00:00:00","LA","Biloxi North","Redfish Bend",29.9679,-89.2276,"CATE",45,66,,"Y","N"
362,2010,"06/08/10 00:00:00","FL","Everglades National Park","Peterson Key",24.9129,-80.7437,"DCCO",45,45,,"Y","N"
365,2010,"06/11/10 00:00:00","FL","Tampa Bay","Sutherland Bayou Spoil Island",28.0731,-82.7831,"DCCO",45,58,,"Y","N"
3574,2015,"06/21/15 00:00:00","LA","Biloxi North","Comfort Island",29.825987,-89.254186,"FOTE",45,48,,"Y","N"
3575,2015,"06/21/15 00:00:00","LA","Biloxi South","Biloxi South 4 B",29.6629,-89.4628,"FOTE",45,50,,"Y","N"
2943,2013,"06/19/13 00:00:00","LA","Biloxi North","Isle au Pitre",30.1526,-89.1968,"GBTE",45,64,,"Y","N"
367,2010,"06/12/10 00:00:00","FL","Apalachicola West","Audubon Island",30.17688,-85.7353,"LAGU",45,141,,"Y","N"
5061,2021,"06/17/21 00:00:00","LA","Biloxi South","Biloxi South 10 D",29.52792,-89.54504,"LAGU",45,87,,"Y","N"
363,2010,"06/23/10 00:00:00","TX","Matagorda Bay","Kamey Island",28.4554,-96.80629999999999,"LBHE",45,49,,"Y","N"
366,2010,"05/07/10 00:00:00","LA","Biloxi North","Biloxi North 32",29.7637,-89.2869,"SATE",0,85,,"Y","N"
5057,2021,"05/18/21 00:00:00","TX","Galveston","South Deer Island",29.27195,-94.9119,"SATE",45,47,,"Y","N"
4282,2018,"05/19/18 00:00:00","LA","Biloxi North","Biloxi North 38",30.00238,-89.21496999999999,"SNEG",45,50,,"Y","N"
364,2010,"06/24/10 00:00:00","TX","Galveston","Arcadia Reef B",29.0293,-95.2008,"TRHE",45,50,,"Y","N"
2350,2012,"05/27/12 00:00:00","LA","Terrebonne Bay","Wine Island",29.0948,-90.6108,"BLSK",44,136,,"Y","N"
2351,2012,"06/19/12 00:00:00","LA","Biloxi North","Brush Island",30.034,-89.1863,"BLSK",44,210,,"Y","N"
3582,2015,"06/21/15 00:00:00","LA","Biloxi North","Biloxi North 14",30.0038,-89.20650000000001,"BLSK",44,117,,"Y","N"
5065,2021,"06/16/21 00:00:00","LA","Biloxi North","Door Point Lagoon 2",30.06117,-89.18415,"BRPE",44,655,,"Y","N"
1743,2011,"05/20/11 00:00:00","FL","Apalachicola East","Flag Island South",29.6261,-85.152,"CATE",44,92,,"Y","N"
3581,2015,"06/21/15 00:00:00","LA","Biloxi North","Biloxi North 38",30.00238,-89.21496999999999,"CATE",44,67,,"Y","N"
2349,2012,"05/28/12 00:00:00","LA","Biloxi South","Biloxi South 4 A",29.6618,-89.46720000000001,"FOTE",44,69,,"Y","N"
3577,2015,"05/17/15 00:00:00","LA","Biloxi North","Little Mud Grass Island Northeast",29.9628,-89.3156,"FOTE",44,46,,"Y","N"
5064,2021,"06/17/21 00:00:00","LA","Biloxi North","Comfort Island",29.825987,-89.254186,"FOTE",44,89,,"Y","N"
369,2010,"06/23/10 00:00:00","TX","Matagorda Bay","Seadrift Island B",28.3968,-96.7229,"GREG",44,44,,"Y","N"
3578,2015,"05/17/15 00:00:00","LA","Biloxi South","Belle Isle",29.5758,-89.5727,"GREG",44,46,,"Y","N"
1741,2011,"06/14/11 00:00:00","LA","Biloxi North","Biloxi North 16",29.9984,-89.2924,"LAGU",44,44,,"Y","N"
3579,2015,"05/17/15 00:00:00","LA","Biloxi North","Hell Pass Coast C",29.92569,-89.31116,"SNEG",44,49,,"Y","N"
3580,2015,"05/18/15 00:00:00","LA","Lake Borgne","Half Moon Island",30.1376,-89.43519999999999,"SNEG",44,50,,"Y","N"
370,2010,"05/18/10 00:00:00","LA","Biloxi North","Biloxi North 10 E",30.0502,-89.3117,"TRHE",44,45,,"Y","N"
1742,2011,"05/18/11 00:00:00","LA","Biloxi South","Belle Isle",29.5758,-89.5727,"TRHE",44,59,,"Y","N"
5062,2021,"06/20/21 00:00:00","TX","Galveston","Mustang Bayou Island",29.167164,-95.129808,"TRHE",44,44,,"Y","N"
5063,2021,"06/18/21 00:00:00","TX","Galveston","Rollover Bay C",29.51574,-94.50743300000001,"TRHE",44,47,,"Y","N"
1744,2011,"05/18/11 00:00:00","LA","Biloxi South","Biloxi South 11",29.5247,-89.57259999999999,"BCNH",43,53,,"Y","N"
5066,2021,"05/22/21 00:00:00","LA","Terrebonne Bay","Philo Brice Islands",29.18416,-90.34678,"BCNH",43,47,,"Y","N"
2946,2013,"06/18/13 00:00:00","LA","Biloxi South","Long Bay Island",29.5021,-89.5356,"BLSK",43,118,,"Y","N"
5068,2021,"06/20/21 00:00:00","TX","Lower Laguna Madre","Bahia Grande C East",26.04147,-97.28154000000001,"BLSK",43,89,,"Y","N"
374,2010,"06/10/10 00:00:00","FL","Charlotte Harbor","Pine Island Sound 1",26.4979,-82.11239999999999,"BRPE",43,67,,"Y","N"
4283,2018,"05/19/18 00:00:00","LA","Biloxi North","Martin Island",29.959,-89.19840000000001,"FOTE",43,43,,"Y","N"
5067,2021,"06/20/21 00:00:00","TX","Corpus Christi-Aransas Bay","West Nueces Bay 51W K",27.85912,-97.49294999999999,"GBTE",43,58,,"Y","N"
371,2010,"06/10/10 00:00:00","FL","Charlotte Harbor","Okeechobee Waterway Spoil Island",26.51,-82.02500000000001,"GREG",43,40,,"Y","N"
373,2010,"05/18/10 00:00:00","LA","Biloxi North","Biloxi North 10 D",30.0476,-89.31829999999999,"LAGU",43,57,,"Y","N"
376,2010,"06/25/10 00:00:00","TX","Galveston","Kanaloa Spoil East",29.2943,-94.93340000000001,"LAGU",43,115,,"Y","N"
377,2010,"06/26/10 00:00:00","LA","Sabine-Calcasieu","Point Hunt Island",29.7471,-93.8862,"NECO",43,167,"Does not include 52 Empty Nests","Y","N"
375,2010,"06/11/10 00:00:00","FL","Tampa Bay","Sunken Island",27.8469,-82.41500000000001,"ROSP",43,73,,"Y","N"
378,2010,"06/26/10 00:00:00","LA","Sabine-Calcasieu","Point Hunt Island",29.7471,-93.8862,"SNEG",43,321,"Does not include 123 Empty Nests","Y","N"
2945,2013,"05/24/13 00:00:00","LA","Biloxi South","Belle Isle",29.5758,-89.5727,"SNEG",43,57,,"Y","N"
372,2010,"06/23/10 00:00:00","TX","Corpus Christi-Aransas Bay","Nueces Causeway",27.84176,-97.37604,"TRHE",43,54,,"Y","N"
2352,2012,"06/19/12 00:00:00","LA","Lake Borgne","Half Moon Island",30.1376,-89.43519999999999,"TRHE",43,44,,"Y","N"
3583,2015,"05/16/15 00:00:00","LA","Barataria Bay","Queen Bess Island",29.3043,-89.9592,"BCNH",42,59,,"Y","N"
2355,2012,"06/19/12 00:00:00","LA","Breton-Chandeleur Islands","Chandeleur North D",29.901692,-88.824851,"BLSK",42,88,,"Y","N"
379,2010,"06/25/10 00:00:00","TX","Galveston","West Bay Bird Island New",29.09832,-95.14131999999999,"CATE",42,51,,"Y","N"
2353,2012,"05/29/12 00:00:00","LA","Breton-Chandeleur Islands","Chandeleur North C",29.929685,-88.82179600000001,"CATE",42,47,,"Y","N"
380,2010,"05/18/10 00:00:00","LA","Lake Borgne","Half Moon Island",30.1376,-89.43519999999999,"FOTE",42,51,,"Y","N"
5069,2021,"05/17/21 00:00:00","TX","Lower Laguna Madre","Bahia Grande C West",26.034567,-97.304354,"GBHE",42,53,,"Y","N"
5071,2021,"06/18/21 00:00:00","LA","Atchafalaya Bay","Point au Fer",29.327788,-91.350965,"GBTE",42,70,,"Y","N"
2947,2013,"05/24/13 00:00:00","AL","Mississippi Sound","Cat Island",30.3207,-88.2099,"GREG",42,31,,"Y","N"
5070,2021,"05/24/21 00:00:00","AL","Mobile Bay Interior","Battery McIntosh",30.6686,-88.0125,"GREG",42,63,,"Y","N"
2948,2013,"05/24/13 00:00:00","LA","Biloxi South","Biloxi South 15",29.5324,-89.57510000000001,"ROSP",42,46,,"Y","N"
4284,2018,"05/20/18 00:00:00","LA","Barataria Bay","Queen Bess Island",29.3043,-89.9592,"ROSP",42,57,,"Y","N"
3584,2015,"05/18/15 00:00:00","FL","Apalachicola East","Lake Number Five",29.6471,-85.1279,"SNEG",42,59,,"Y","N"
2354,2012,"05/28/12 00:00:00","LA","Biloxi North","Biloxi North 10 C",30.0481,-89.3202,"TRHE",42,48,,"Y","N"
2949,2013,"06/17/13 00:00:00","AL","Mississippi Sound","Terrapin Island",30.335,-88.2619,"TRHE",42,47,,"Y","N"
5077,2021,"06/14/21 00:00:00","FL","Apalachicola West","Crooked Island South",29.99427,-85.52838,"BLSK",41,99,,"Y","N"
1747,2011,"05/19/11 00:00:00","LA","Biloxi North","Redfish Bend",29.9679,-89.2276,"CATE",41,98,,"Y","N"
381,2010,"06/13/10 00:00:00","AL","Mobile Bay Interior","Gaillard Island",30.5063,-88.03619999999999,"DAIB",41,41,,"Y","N"
2356,2012,"05/28/12 00:00:00","LA","Biloxi South","Biloxi South 7",29.6055,-89.5887,"FOTE",41,63,,"Y","N"
2951,2013,"05/24/13 00:00:00","LA","Biloxi North","Dry Bread Island",29.8426,-89.3064,"FOTE",41,55,,"Y","N"
5073,2021,"06/20/21 00:00:00","TX","Upper Laguna Madre","Pita Island",27.60181,-97.2876,"GBHE",41,35,,"Y","N"
2952,2013,"05/23/13 00:00:00","LA","Terrebonne Bay","Felicity Island",29.2558,-90.44,"GBTE",41,66,,"Y","N"
384,2010,"06/25/10 00:00:00","TX","Galveston","Evia Island",29.4282,-94.7638,"GREG",41,50,,"Y","N"
3586,2015,"05/16/15 00:00:00","LA","Birdsfoot West","Birdsfoot West 5",29.223319,-89.299464,"GREG",41,65,,"Y","N"
5072,2021,"05/23/21 00:00:00","LA","Biloxi North","Biloxi North 38",30.00238,-89.21496999999999,"GREG",41,26,,"Y","N"
5074,2021,"06/17/21 00:00:00","LA","Biloxi North","Drum Bay Island",29.9197,-89.2627,"GREG",41,41,,"Y","N"
5076,2021,"05/25/21 00:00:00","FL","Apalachee Bay","Rock Island",29.97151,-83.82935999999999,"GREG",41,46,,"Y","N"
2357,2012,"06/19/12 00:00:00","LA","Lake Borgne","Half Moon Island",30.1376,-89.43519999999999,"LAGU",41,122,,"Y","N"
2953,2013,"06/17/13 00:00:00","FL","Apalachicola East","Lanark Reef West",29.871013,-84.590857,"LAGU",41,72,,"Y","N"
3588,2015,"05/17/15 00:00:00","LA","Breton-Chandeleur Islands","Chandeleur North A",29.969531,-88.82772199999999,"LAGU",41,182,,"Y","N"
5075,2021,"06/20/21 00:00:00","TX","Corpus Christi-Aransas Bay","Shamrock Island",27.75883,-97.16936,"LBHE",41,43,,"Y","N"
385,2010,"05/08/10 00:00:00","LA","Biloxi North","Biloxi North 10 B",30.0516,-89.31829999999999,"ROSP",41,56,,"Y","N"
1746,2011,"05/17/11 00:00:00","LA","Barataria Bay","Queen Bess Island",29.3043,-89.9592,"ROSP",41,70,,"Y","N"
383,2010,"06/23/10 00:00:00","TX","Matagorda Bay","South Pass Island B",28.2961,-96.62130000000001,"ROYT",41,46,,"Y","N"
3587,2015,"06/21/15 00:00:00","LA","Biloxi North","Bayou Pintou",30.128,-89.224,"ROYT",41,126,,"Y","N"
382,2010,"06/24/10 00:00:00","TX","Galveston","Drum Bay Islands 2",29.0123,-95.2253,"TRHE",41,42,"Does not include 4 Empty Nests","Y","N"
2950,2013,"06/19/13 00:00:00","LA","Biloxi North","Biloxi North 12",30.042,-89.273,"TRHE",41,49,,"Y","Y"
3585,2015,"05/17/15 00:00:00","LA","Biloxi North","Little Mud Grass Island",29.9508,-89.32250000000001,"TRHE",41,54,,"Y","Y"
4285,2018,"05/19/18 00:00:00","LA","Biloxi North","Biloxi North 38",30.00238,-89.21496999999999,"TRHE",41,44,,"Y","Y"
1745,2011,"06/17/11 00:00:00","LA","Biloxi South","Long Bay Island",29.5021,-89.5356,"WHIB",41,57,,"Y","N"
390,2010,"06/23/10 00:00:00","TX","Matagorda Bay","South Pass Island B",28.2961,-96.62130000000001,"BLSK",40,82,,"Y","N"
5082,2021,"05/24/21 00:00:00","AL","Mississippi Sound","Cat Island",30.3207,-88.2099,"BLSK",40,89,,"Y","N"
388,2010,"05/08/10 00:00:00","LA","Biloxi South","Biloxi South 9",29.5392,-89.53530000000001,"CATE",40,45,,"Y","N"
5081,2021,"06/18/21 00:00:00","TX","Galveston","South Deer Island",29.27195,-94.9119,"CATE",40,66,,"Y","N"
386,2010,"06/14/10 00:00:00","LA","Birdsfoot West","Birdsfoot West 1",29.2054,-89.3549,"DAIB",40,42,,"Y","N"
4286,2018,"06/23/18 00:00:00","LA","Biloxi North","Comfort Island",29.825987,-89.254186,"FOTE",40,40,,"Y","N"
4287,2018,"05/19/18 00:00:00","LA","Biloxi South","Biloxi South 4 B",29.6629,-89.4628,"FOTE",40,58,,"Y","N"
387,2010,"06/23/10 00:00:00","TX","Corpus Christi-Aransas Bay","Second Chain of Islands G",28.192882,-96.81453399999999,"GBHE",40,44,,"Y","N"
5078,2021,"06/20/21 00:00:00","TX","Corpus Christi-Aransas Bay","Nueces Causeway",27.84176,-97.37604,"GBHE",40,34,,"Y","N"
2954,2013,"05/25/13 00:00:00","FL","Apalachicola East","Lake Number Five",29.6471,-85.1279,"GREG",40,36,,"Y","N"
2956,2013,"06/18/13 00:00:00","LA","Breton-Chandeleur Islands","Chandeleur North A",29.969531,-88.82772199999999,"LAGU",40,130,,"Y","N"
3589,2015,"05/17/15 00:00:00","LA","Biloxi North","Little Mud Grass Island",29.9508,-89.32250000000001,"LAGU",40,45,,"Y","N"
5079,2021,"06/20/21 00:00:00","TX","Galveston","West Bay Mooring Facility",29.17285,-95.10677,"REEG",40,46,"DM/WM combined","Y","N"
389,2010,"06/13/10 00:00:00","AL","Mobile Bay Interior","Gaillard Island",30.5063,-88.03619999999999,"SATE",40,50,,"Y","N"
2955,2013,"06/18/13 00:00:00","LA","Biloxi North","Deadman Point",29.7411,-89.35680000000001,"SNEG",40,60,,"Y","N"
1748,2011,"05/18/11 00:00:00","LA","Barataria Bay","Grand Island Point",29.3727,-89.8929,"TRHE",40,91,,"Y","N"
2359,2012,"05/28/12 00:00:00","LA","Biloxi North","Dry Bread Island",29.8426,-89.3064,"TRHE",40,63,,"Y","N"
5080,2021,"05/17/21 00:00:00","TX","Lower Laguna Madre","Arroyo Colorado Spoils B1",26.329042,-97.31473099999999,"TRHE",40,62,,"Y","N"
2358,2012,"05/27/12 00:00:00","LA","Birdsfoot West","Birdsfoot West 1",29.2054,-89.3549,"WHIB",40,40,,"Y","N"
3590,2015,"05/16/15 00:00:00","LA","Birdsfoot West","Birdsfoot West 3",29.2122,-89.3914,"BCNH",39,39,,"Y","N"
5085,2021,"05/23/21 00:00:00","LA","Biloxi North","Biloxi North 5",30.0675,-89.2069,"BLSK",39,57,,"Y","N"
1749,2011,"05/18/11 00:00:00","LA","Barataria Bay","Barataria Bay 13",29.321881,-89.871357,"FOTE",39,39,,"Y","N"
5083,2021,"05/24/21 00:00:00","AL","Mississippi Sound","Terrapin Island",30.335,-88.2619,"GREG",39,28,,"Y","N"
393,2010,"05/07/10 00:00:00","LA","Biloxi North","Redfish Bend",29.9679,-89.2276,"LAGU",39,139,,"Y","N"
5084,2021,"06/14/21 00:00:00","FL","Apalachicola East","Lanark Reef-Pelican Lump",29.87806,-84.568555,"LAGU",39,47,,"Y","N"
1751,2011,"05/17/11 00:00:00","LA","Terrebonne Bay","Felicity Island",29.2558,-90.44,"LBHE",39,59,,"Y","N"
391,2010,"06/23/10 00:00:00","TX","Corpus Christi-Aransas Bay","Nueces Rivermouth",27.8451,-97.4896,"ROSP",39,96,,"Y","N"
394,2010,"05/18/10 00:00:00","LA","Biloxi North","Biloxi North 5",30.0675,-89.2069,"ROYT",39,158,,"Y","N"
1752,2011,"05/18/11 00:00:00","LA","Barataria Bay","Cat Bay North Island",29.3656,-89.8646,"ROYT",39,140,,"Y","N"
2360,2012,"06/19/12 00:00:00","LA","Breton-Chandeleur Islands","Chandeleur North B",29.949821,-88.823795,"ROYT",39,91,,"Y","N"
4288,2018,"05/21/18 00:00:00","LA","Terrebonne Bay","Philo Brice Islands",29.18416,-90.34678,"SNEG",39,49,,"Y","N"
5086,2021,"05/17/21 00:00:00","TX","Lower Laguna Madre","Green Hill Spoils B",26.48998,-97.38688999999999,"SNEG",39,59,,"Y","N"
2957,2013,"06/17/13 00:00:00","FL","Apalachee Bay","Smith Island",30.04906,-84.31802999999999,"TRHE",39,59,"Does not include 8 Empty Nests","Y","N"
392,2010,"06/12/10 00:00:00","FL","Apalachicola East","Saint George Causeway",29.694945,-84.88297900000001,"UNWA",39,106,,"Y","N"
1750,2011,"05/18/11 00:00:00","LA","Barataria Bay","Bay Ronquille Northeast Island",29.3659,-89.8357,"WHIB",39,46,,"Y","N"
1756,2011,"06/14/11 00:00:00","LA","Biloxi North","Turtle Pen Isle",29.938,-89.242,"BLSK",38,80,,"Y","N"
3593,2015,"05/18/15 00:00:00","LA","Biloxi North","Isle au Pitre",30.1526,-89.1968,"BLSK",38,88,,"Y","N"
5088,2021,"05/17/21 00:00:00","TX","Galveston","West Bay Mooring Facility",29.17285,-95.10677,"BLSK",38,77,,"Y","N"
2958,2013,"05/24/13 00:00:00","LA","Biloxi North","Biloxi North 16",29.9984,-89.2924,"CATE",38,57,,"Y","Y"
2362,2012,"05/28/12 00:00:00","LA","Biloxi North","Biloxi North 22",29.9368,-89.2873,"FOTE",38,45,,"Y","N"
4289,2018,"06/24/18 00:00:00","LA","Breton-Chandeleur Islands","Gosier Islands North",29.5517,-89.06444,"FOTE",38,39,,"Y","Y"
395,2010,"06/10/10 00:00:00","FL","Charlotte Harbor","Tarpon Bay Island",26.4565,-82.07550000000001,"GREG",38,21,,"Y","N"
1754,2011,"05/18/11 00:00:00","LA","Barataria Bay","Cat Bay North Island",29.3656,-89.8646,"GREG",38,37,,"Y","N"
3591,2015,"05/18/15 00:00:00","AL","Mississippi Sound","Cat Island",30.3207,-88.2099,"GREG",38,29,,"Y","N"
5087,2021,"05/24/21 00:00:00","LA","Biloxi North","Biloxi North 12",30.042,-89.273,"GREG",38,28,,"Y","Y"
397,2010,"05/18/10 00:00:00","LA","Biloxi North","Biloxi North 10 B",30.0516,-89.31829999999999,"LAGU",38,54,,"Y","N"
398,2010,"05/18/10 00:00:00","LA","Biloxi North","Biloxi North 8",30.0525,-89.1944,"LAGU",38,61,,"Y","N"
3592,2015,"06/20/15 00:00:00","LA","Vermilion Bay","Bayou Platte Island North",29.619877,-91.895594,"LAGU",38,47,,"Y","N"
396,2010,"05/17/10 00:00:00","LA","Atchafalaya Bay","Skimmer Island",29.3864,-91.3836,"ROSP",38,42,,"Y","N"
1753,2011,"06/14/11 00:00:00","LA","Biloxi North","Biloxi North 10 B",30.0516,-89.31829999999999,"TRHE",38,17,,"Y","N"
1755,2011,"05/18/11 00:00:00","LA","Barataria Bay","Cat Bay South Island",29.3341,-89.8716,"WHIB",38,58,,"Y","N"
2361,2012,"05/28/12 00:00:00","LA","Biloxi South","Biloxi South 5 B",29.6521,-89.4577,"WHIB",38,41,,"Y","N"
2959,2013,"06/18/13 00:00:00","LA","Biloxi South","Biloxi South 3",29.7017,-89.5487,"BCNH",37,42,,"Y","N"
402,2010,"05/08/10 00:00:00","LA","Biloxi South","Biloxi South 1",29.6873,-89.4646,"BLSK",37,258,,"Y","N"
4290,2018,"06/23/18 00:00:00","LA","Biloxi North","Biloxi North 13",30.0261,-89.2274,"CATE",37,38,,"Y","N"
399,2010,"05/08/10 00:00:00","LA","Biloxi South","Biloxi South 4 B",29.6629,-89.4628,"FOTE",37,37,,"Y","N"
5091,2021,"06/18/21 00:00:00","LA","Atchafalaya Bay","Bird Island East",29.353105,-91.382509,"FOTE",37,43,,"Y","N"
5089,2021,"05/18/21 00:00:00","TX","Galveston","Evia Island",29.4282,-94.7638,"GBHE",37,25,,"Y","N"
5092,2021,"06/17/21 00:00:00","LA","Biloxi North","Biloxi North 27",29.8807,-89.2497,"GBTE",37,45,,"Y","N"
401,2010,"06/24/10 00:00:00","TX","Galveston","Drum Bay Islands 5",29.0193,-95.2188,"LAGU",37,107,"Does not include 3 Empty Nests","Y","N"
2960,2013,"06/19/13 00:00:00","LA","Biloxi North","Biloxi North 10 B",30.0516,-89.31829999999999,"LAGU",37,43,,"Y","N"
5093,2021,"06/16/21 00:00:00","LA","Breton-Chandeleur Islands","Chandeleur North H",29.85238,-88.83663799999999,"LAGU",37,63,,"Y","N"
2363,2012,"05/29/12 00:00:00","LA","Breton-Chandeleur Islands","Chandeleur South A",29.809332,-88.86106700000001,"LETE",37,37,,"Y","N"
400,2010,"05/08/10 00:00:00","LA","Barataria Bay","Queen Bess Island",29.3043,-89.9592,"SATE",37,51,,"Y","N"
4291,2018,"05/19/18 00:00:00","LA","Biloxi North","Little Mud Grass Island Northeast",29.9628,-89.3156,"TRHE",37,40,,"Y","N"
5090,2021,"06/17/21 00:00:00","LA","Biloxi North","Biloxi North 36",30.0497,-89.3038,"TRHE",37,37,,"Y","N"
1759,2011,"06/17/11 00:00:00","LA","Biloxi South","Biloxi South 1",29.6873,-89.4646,"BLSK",36,133,,"Y","N"
2364,2012,"06/19/12 00:00:00","LA","Breton-Chandeleur Islands","Chandeleur South C",29.780414,-88.87419199999999,"BLSK",36,78,,"Y","N"
1757,2011,"06/15/11 00:00:00","LA","Breton-Chandeleur Islands","Chandeleur North B",29.949821,-88.823795,"CATE",36,43,,"Y","N"
5098,2021,"05/17/21 00:00:00","TX","Corpus Christi-Aransas Bay","Shamrock Island",27.75883,-97.16936,"CATE",36,67,,"Y","N"
408,2010,"06/09/10 00:00:00","FL","Everglades National Park","Palm Key",25.1122,-80.87860000000001,"DCCO",36,99,,"Y","N"
5099,2021,"06/20/21 00:00:00","TX","Lower Laguna Madre","Bahia Grande C East",26.04147,-97.28154000000001,"FOTE",36,68,,"Y","Y"
5097,2021,"05/17/21 00:00:00","TX","Corpus Christi-Aransas Bay","Black Skimmer Strip",28.11619,-96.93405,"GBHE",36,49,,"Y","N"
4292,2018,"06/23/18 00:00:00","LA","Biloxi North","Biloxi North 3",30.0997,-89.283,"GBTE",36,39,,"Y","N"
405,2010,"06/23/10 00:00:00","TX","Corpus Christi-Aransas Bay","West Nueces Bay 51W P",27.85798,-97.49055,"GREG",36,57,,"Y","N"
3594,2015,"05/16/15 00:00:00","LA","Barataria Bay","Cat Bay North Island",29.3656,-89.8646,"GREG",36,43,,"Y","N"
3595,2015,"06/21/15 00:00:00","LA","Biloxi North","Hell Pass Coast D",29.9229,-89.31514,"LAGU",36,63,,"Y","N"
403,2010,"06/11/10 00:00:00","FL","Tampa Bay","Hillsborough Channel Spoil Island",27.8246,-82.43429999999999,"LETE",36,36,,"Y","N"
406,2010,"06/23/10 00:00:00","TX","Corpus Christi-Aransas Bay","Copano Rattlesnake Point",28.0561,-97.13330000000001,"ROSP",36,73,,"Y","N"
407,2010,"05/08/10 00:00:00","LA","Biloxi South","Biloxi South 10 C",29.53327,-89.55606,"ROSP",36,78,,"Y","N"
1758,2011,"05/18/11 00:00:00","LA","Barataria Bay","Cat Bay South Island",29.3341,-89.8716,"SATE",36,47,,"Y","N"
5094,2021,"06/15/21 00:00:00","AL","Mississippi Sound","Terrapin Island",30.335,-88.2619,"SATE",36,40,,"Y","N"
404,2010,"05/08/10 00:00:00","LA","Barataria Bay","Cat Bay North Island",29.3656,-89.8646,"SNEG",36,51,,"Y","N"
5095,2021,"06/17/21 00:00:00","LA","Biloxi North","Biloxi North 35",29.951,-89.253,"SNEG",36,41,,"Y","N"
5096,2021,"06/17/21 00:00:00","LA","Biloxi North","Biloxi North 40",30.0434,-89.33750000000001,"SNEG",36,45,,"Y","N"
5100,2021,"06/16/21 00:00:00","LA","Lake Borgne","Half Moon Island",30.1376,-89.43519999999999,"SNEG",36,91,,"Y","N"
414,2010,"05/07/10 00:00:00","LA","Biloxi North","Biloxi North 30 B",29.8166,-89.3095,"BLSK",35,55,,"Y","N"
410,2010,"06/08/10 00:00:00","FL","Florida Keys","Cottrell Key",24.603,-81.9211,"BRPE",35,35,,"Y","N"
5103,2021,"06/16/21 00:00:00","LA","Biloxi North","Biloxi North 13",30.0261,-89.2274,"CATE",35,49,,"Y","N"
5104,2021,"05/17/21 00:00:00","TX","East Matagorda Bay","Dressing Point",28.73145,-95.76074,"CATE",35,56,,"Y","N"
411,2010,"06/10/10 00:00:00","FL","Tampa Bay","Longbeach Islet",27.433,-82.67529999999999,"DCCO",35,35,,"Y","N"
416,2010,"06/09/10 00:00:00","FL","Everglades National Park","Clive Key",25.0799,-80.9284,"DCCO",35,121,,"Y","N"
415,2010,"05/07/10 00:00:00","LA","Biloxi North","Biloxi North 28",29.9168,-89.4183,"FOTE",35,67,,"Y","N"
1761,2011,"06/14/11 00:00:00","LA","Biloxi North","Biloxi North 30 A",29.8191,-89.31010000000001,"FOTE",35,47,,"Y","N"
1760,2011,"06/14/11 00:00:00","LA","Biloxi North","Biloxi North 14",30.0038,-89.20650000000001,"GBTE",35,46,,"Y","N"
409,2010,"06/10/10 00:00:00","FL","Charlotte Harbor","Cape Haze Islet",26.7967,-82.2295,"GREG",35,24,,"Y","N"
412,2010,"06/09/10 00:00:00","FL","Everglades National Park","Sandy Key",25.034399,-81.01542000000001,"GREG",35,36,,"Y","N"
2365,2012,"05/30/12 00:00:00","AL","Mobile Bay Interior","Battery McIntosh",30.6686,-88.0125,"GREG",35,6,,"Y","N"
5101,2021,"05/25/21 00:00:00","FL","Apalachicola West","Saint Andrews State Park Gator Lake",30.12805,-85.73179,"GREG",35,23,,"Y","N"
3596,2015,"06/20/15 00:00:00","LA","Vermilion Bay","Bayou Platte Island North",29.619877,-91.895594,"LETE",35,37,,"Y","N"
2961,2013,"05/24/13 00:00:00","AL","Mississippi Sound","Cat Island",30.3207,-88.2099,"TRHE",35,41,,"Y","N"
2962,2013,"05/23/13 00:00:00","LA","Barataria Bay","Beauregard Island",29.27971,-89.97225,"TRHE",35,43,,"Y","N"
4293,2018,"05/19/18 00:00:00","LA","Biloxi North","Biloxi North 16",29.9984,-89.2924,"TRHE",35,43,,"Y","N"
5102,2021,"06/20/21 00:00:00","TX","Upper Laguna Madre","Naval Air Station Islands H",27.664078,-97.248767,"TRHE",35,29,,"Y","N"
413,2010,"05/08/10 00:00:00","LA","Biloxi South","Biloxi South 11",29.5247,-89.57259999999999,"WHIB",35,42,,"Y","N"
418,2010,"06/12/10 00:00:00","FL","Apalachee Bay","Smith Island",30.04906,-84.31802999999999,"BRPE",34,30,"Does not include 1 Empty Nest","Y","N"
1763,2011,"05/20/11 00:00:00","AL","Mobile Bay Interior","Battery McIntosh",30.6686,-88.0125,"CAEG",34,34,,"Y","N"
4295,2018,"05/19/18 00:00:00","LA","Biloxi North","Biloxi North 12",30.042,-89.273,"CATE",34,58,,"Y","N"
419,2010,"06/11/10 00:00:00","FL","Tampa Bay","Clearwater Harbor Island",27.966,-82.8146,"DCCO",34,34,,"Y","N"
423,2010,"05/08/10 00:00:00","LA","Biloxi South","Biloxi South 4 A",29.6618,-89.46720000000001,"FOTE",34,44,,"Y","N"
5105,2021,"05/25/21 00:00:00","FL","Apalachicola West","Saint Andrews State Park Gator Lake",30.12805,-85.73179,"GBHE",34,19,,"Y","N"
422,2010,"06/26/10 00:00:00","TX","Galveston","Rollover Bay A",29.5178,-94.50239999999999,"GBTE",34,41,,"Y","N"
3597,2015,"06/21/15 00:00:00","LA","Biloxi North","Biloxi North 27",29.8807,-89.2497,"GBTE",34,51,,"Y","N"
4294,2018,"06/24/18 00:00:00","LA","Breton-Chandeleur Islands","Chandeleur North D",29.901692,-88.824851,"GBTE",34,38,,"Y","N"
5106,2021,"06/16/21 00:00:00","LA","Breton-Chandeleur Islands","Chandeleur North B",29.949821,-88.823795,"GBTE",34,38,,"Y","N"
417,2010,"06/11/10 00:00:00","FL","Crystal River","Homosassa Point Key",28.7776,-82.7336,"GREG",34,18,,"Y","N"
1765,2011,"05/18/11 00:00:00","LA","Biloxi South","Biloxi South 3",29.7017,-89.5487,"GREG",34,52,,"Y","N"
2963,2013,"05/23/13 00:00:00","LA","Birdsfoot West","Birdsfoot West 5",29.223319,-89.299464,"GREG",34,34,,"Y","N"
2964,2013,"05/23/13 00:00:00","LA","Terrebonne Bay","Felicity Island",29.2558,-90.44,"GREG",34,35,,"Y","N"
1764,2011,"06/17/11 00:00:00","LA","Biloxi South","Long Bay Island",29.5021,-89.5356,"TRHE",34,42,,"Y","N"
2366,2012,"05/28/12 00:00:00","LA","Biloxi North","Biloxi North 26",29.8979,-89.301,"TRHE",34,48,,"Y","N"
420,2010,"06/23/10 00:00:00","TX","Corpus Christi-Aransas Bay","Second Chain of Islands I",28.1888,-96.81523,"WHIB",34,34,,"Y","N"
421,2010,"06/23/10 00:00:00","TX","Corpus Christi-Aransas Bay","Second Chain of Islands J",28.1857,-96.8137,"WHIB",34,34,,"Y","N"
1762,2011,"06/14/11 00:00:00","LA","Biloxi North","Biloxi North 10 C",30.0481,-89.3202,"WHIB",34,5,,"Y","N"
1769,2011,"05/17/11 00:00:00","LA","Atchafalaya Bay","Skimmer Island",29.3864,-91.3836,"BLSK",33,64,,"Y","N"
2367,2012,"05/29/12 00:00:00","LA","Breton-Chandeleur Islands","Chandeleur North J",29.8477,-88.8359,"BLSK",33,35,,"Y","N"
426,2010,"06/10/10 00:00:00","FL","Charlotte Harbor","Tarpon Bay Island",26.4565,-82.07550000000001,"BRPE",33,55,,"Y","N"
1767,2011,"05/19/11 00:00:00","LA","Breton-Chandeleur Islands","Chandeleur North D",29.901692,-88.824851,"CATE",33,54,,"Y","N"
5108,2021,"06/20/21 00:00:00","TX","Lower Laguna Madre","Bahia Grande B",26.044,-97.30609,"GBHE",33,25,,"Y","Y"
3598,2015,"06/21/15 00:00:00","LA","Biloxi North","Bayou Pintou",30.128,-89.224,"GBTE",33,64,,"Y","N"
424,2010,"06/12/10 00:00:00","FL","Apalachicola East","Lanark Reef-Pelican Lump",29.87806,-84.568555,"GREG",33,25,,"Y","N"
425,2010,"06/11/10 00:00:00","FL","Tampa Bay","Little McPherson Bayou Island",27.7058,-82.7351,"GREG",33,33,,"Y","N"
5107,2021,"05/25/21 00:00:00","FL","Apalachicola West","Saint Andrews State Park Buttonwood Marsh",30.13326,-85.73546,"GREG",33,1,,"Y","N"
2368,2012,"05/30/12 00:00:00","FL","Apalachicola East","Lanark Reef West",29.871013,-84.590857,"LAGU",33,35,,"Y","N"
4296,2018,"05/19/18 00:00:00","LA","Biloxi South","Biloxi South 10 C",29.53327,-89.55606,"LAGU",33,59,,"Y","N"
1766,2011,"06/15/11 00:00:00","LA","Breton-Chandeleur Islands","Chandeleur North G",29.865132,-88.832617,"LETE",33,35,,"Y","N"
5110,2021,"06/20/21 00:00:00","TX","Corpus Christi-Aransas Bay","Hog Island Complex East Islands",27.89763,-97.096237,"ROSP",33,48,,"Y","N"
427,2010,"05/08/10 00:00:00","LA","Biloxi South","Long Bay Island",29.5021,-89.5356,"ROYT",33,62,,"Y","N"
2369,2012,"05/27/12 00:00:00","LA","Barataria Bay","Queen Bess Island",29.3043,-89.9592,"ROYT",33,52,,"Y","N"
5109,2021,"06/18/21 00:00:00","LA","Terrebonne Bay","Philo Brice Islands",29.18416,-90.34678,"SATE",33,35,,"Y","N"
1768,2011,"05/20/11 00:00:00","AL","Mississippi Sound","Terrapin Island",30.335,-88.2619,"SNEG",33,55,,"Y","N"
5111,2021,"05/20/21 00:00:00","LA","Atchafalaya Bay","Bird Island East",29.353105,-91.382509,"SNEG",33,58,,"Y","Y"
435,2010,"05/07/10 00:00:00","LA","Biloxi North","Biloxi North 15",29.9943,-89.2162,"BLSK",32,97,,"Y","N"
436,2010,"05/08/10 00:00:00","LA","Barataria Bay","Beauregard Island",29.27971,-89.97225,"BLSK",32,108,,"Y","N"
1771,2011,"06/15/11 00:00:00","LA","Breton-Chandeleur Islands","Chandeleur North C",29.929685,-88.82179600000001,"BLSK",32,58,,"Y","N"
1770,2011,"06/14/11 00:00:00","LA","Biloxi North","Biloxi North 16",29.9984,-89.2924,"CATE",32,32,,"Y","N"
431,2010,"06/10/10 00:00:00","FL","Charlotte Harbor","Pine Island Sound 1",26.4979,-82.11239999999999,"DCCO",32,38,,"Y","N"
2968,2013,"05/24/13 00:00:00","LA","Biloxi South","Biloxi South 4 B",29.6629,-89.4628,"FOTE",32,56,,"Y","N"
428,2010,"06/23/10 00:00:00","TX","Corpus Christi-Aransas Bay","CC Channel Spoil East",27.8154,-97.1908,"GBHE",32,32,,"Y","N"
2966,2013,"06/17/13 00:00:00","AL","Mississippi Sound","Terrapin Island",30.335,-88.2619,"GBHE",32,36,,"Y","N"
429,2010,"06/12/10 00:00:00","FL","Apalachicola East","Flag Island South",29.6261,-85.152,"GBTE",32,34,,"Y","N"
430,2010,"06/23/10 00:00:00","TX","Matagorda Bay","Coon Island",28.6534,-96.2272,"GBTE",32,35,,"Y","N"
3599,2015,"06/22/15 00:00:00","FL","Apalachicola East","Flag Island South",29.6261,-85.152,"GBTE",32,34,,"Y","N"
4297,2018,"06/24/18 00:00:00","LA","Breton-Chandeleur Islands","Breton Island",29.4955,-89.1742,"GBTE",32,35,,"Y","N"
5112,2021,"06/18/21 00:00:00","TX","Galveston","South Deer Island",29.27195,-94.9119,"GREG",32,30,,"Y","N"
5113,2021,"05/17/21 00:00:00","TX","Matagorda Bay","Lavaca Bay Spoils E",28.59947,-96.56207999999999,"NECO",32,48,,"Y","N"
433,2010,"05/08/10 00:00:00","LA","Biloxi South","Biloxi South 11",29.5247,-89.57259999999999,"ROSP",32,60,,"Y","N"
434,2010,"06/25/10 00:00:00","TX","Galveston","Marker 52 Spoil Island",29.290621,-94.92918,"SNEG",32,64,,"Y","N"
2967,2013,"05/24/13 00:00:00","AL","Mississippi Sound","Cat Island",30.3207,-88.2099,"SNEG",32,41,,"Y","N"
5114,2021,"05/18/21 00:00:00","TX","Galveston","Dickinson Bay Spoil Island",29.46827,-94.94542,"SNEG",32,57,,"Y","N"
2965,2013,"06/19/13 00:00:00","LA","Biloxi North","Biloxi North 10 A",30.0485,-89.322,"TRHE",32,32,,"Y","N"
3600,2015,"05/17/15 00:00:00","LA","Biloxi North","Little Mud Grass Island Northeast",29.9628,-89.3156,"TRHE",32,40,,"Y","Y"
2370,2012,"05/29/12 00:00:00","AL","Mississippi Sound","Cat Island",30.3207,-88.2099,"WHEG",32,50,,"Y","N"
432,2010,"05/18/10 00:00:00","LA","Lake Borgne","Half Moon Island",30.1376,-89.43519999999999,"WHIB",32,57,,"Y","N"
2972,2013,"05/24/13 00:00:00","LA","Biloxi South","Biloxi South 15",29.5324,-89.57510000000001,"BCNH",31,37,,"Y","N"
3602,2015,"05/16/15 00:00:00","LA","Terrebonne Bay","Houma Navigation Canal Island",29.19515,-90.61565,"BCNH",31,59,,"Y","N"
5119,2021,"05/17/21 00:00:00","TX","Lower Laguna Madre","Bahia Grande C East",26.04147,-97.28154000000001,"BCNH",31,55,,"Y","Y"
440,2010,"06/09/10 00:00:00","FL","Everglades National Park","Sandy Key",25.034399,-81.01542000000001,"BRPE",31,45,,"Y","N"
2973,2013,"06/17/13 00:00:00","FL","Apalachee Bay","Smith Island",30.04906,-84.31802999999999,"BRPE",31,125,,"Y","N"
2372,2012,"05/29/12 00:00:00","LA","Breton-Chandeleur Islands","Chandeleur South C",29.780414,-88.87419199999999,"CATE",31,39,,"Y","Y"
4298,2018,"05/19/18 00:00:00","LA","Biloxi North","Little Mud Grass Island Northeast",29.9628,-89.3156,"FOTE",31,34,,"Y","N"
5118,2021,"05/20/21 00:00:00","LA","Vermilion Bay","Bayou Platte Island South",29.6069,-91.8913,"FOTE",31,45,,"Y","N"
437,2010,"06/10/10 00:00:00","FL","Ten Thousand Islands","Fakahatchee Bay Islet",25.8794,-81.4975,"GREG",31,31,,"Y","N"
3601,2015,"05/17/15 00:00:00","LA","Biloxi South","Long Bay Island",29.5021,-89.5356,"GREG",31,52,,"Y","N"
441,2010,"06/25/10 00:00:00","TX","Galveston","Bay Harbor Island",29.13251,-95.07424,"LAGU",31,126,,"Y","N"
2373,2012,"05/28/12 00:00:00","LA","Biloxi North","Biloxi North 10 C",30.0481,-89.3202,"LAGU",31,39,,"Y","N"
2970,2013,"06/18/13 00:00:00","LA","Biloxi North","Biloxi North 26",29.8979,-89.301,"LAGU",31,34,,"Y","N"
5117,2021,"06/20/21 00:00:00","TX","Lower Laguna Madre","Green Island Spoils B",26.409121,-97.323667,"LAGU",31,38,,"Y","N"
5120,2021,"06/17/21 00:00:00","LA","Biloxi South","Biloxi South 5 A",29.6523,-89.464,"LAGU",31,62,,"Y","N"
2969,2013,"06/19/13 00:00:00","LA","Birdsfoot West","Birdsfoot West 3",29.2122,-89.3914,"LBHE",31,32,,"Y","N"
2371,2012,"05/28/12 00:00:00","LA","Biloxi North","Biloxi North 35",29.951,-89.253,"ROYT",31,35,,"Y","N"
5116,2021,"06/20/21 00:00:00","TX","Lower Laguna Madre","Green Island Spoils E",26.412498,-97.3147,"ROYT",31,34,,"Y","N"
439,2010,"06/23/10 00:00:00","TX","Corpus Christi-Aransas Bay","Nueces Rivermouth",27.8451,-97.4896,"SNEG",31,43,,"Y","N"
2374,2012,"05/27/12 00:00:00","LA","Barataria Bay","Queen Bess Island",29.3043,-89.9592,"SNEG",31,70,,"Y","Y"
2971,2013,"06/18/13 00:00:00","LA","Biloxi North","Little Mud Grass Island Northeast",29.9628,-89.3156,"SNEG",31,36,,"Y","N"
438,2010,"06/12/10 00:00:00","FL","Apalachee Bay","Smith Island",30.04906,-84.31802999999999,"TRHE",31,33,"Does not include 50 Empty Nests","Y","N"
1772,2011,"05/18/11 00:00:00","LA","Biloxi South","Biloxi South 5 B",29.6521,-89.4577,"TRHE",31,36,,"Y","N"
5115,2021,"06/18/21 00:00:00","LA","Terrebonne Bay","Raccoon Island",29.0505,-90.92659999999999,"TRHE",31,33,,"Y","Y"
5121,2021,"05/17/21 00:00:00","TX","Lower Laguna Madre","Bahia Grande C Central",26.038968,-97.28825500000001,"BCNH",30,42,,"Y","N"
2975,2013,"06/18/13 00:00:00","LA","Breton-Chandeleur Islands","Freemason Island",29.789,-88.977,"BLSK",30,52,,"Y","N"
4300,2018,"06/24/18 00:00:00","LA","Breton-Chandeleur Islands","Chandeleur North B",29.949821,-88.823795,"BLSK",30,50,,"Y","N"
447,2010,"06/13/10 00:00:00","AL","Mobile Bay Interior","Gaillard Island",30.5063,-88.03619999999999,"CATE",30,93,,"Y","N"
442,2010,"06/09/10 00:00:00","FL","Everglades National Park","Upper Arsnicker Key",24.9316,-80.8274,"DCCO",30,31,,"Y","N"
446,2010,"06/10/10 00:00:00","FL","Charlotte Harbor","Tarpon Bay Island",26.4565,-82.07550000000001,"DCCO",30,40,"Does not include 18 Empty Nests","Y","N"
1775,2011,"05/17/11 00:00:00","LA","Terrebonne Bay","Raccoon Island West",29.0596,-90.94159999999999,"GBTE",30,43,,"Y","N"
5123,2021,"06/16/21 00:00:00","LA","Lake Borgne","Half Moon Island",30.1376,-89.43519999999999,"GBTE",30,58,,"Y","N"
5122,2021,"05/24/21 00:00:00","AL","Mobile Bay Interior","Gaillard Island",30.5063,-88.03619999999999,"GLIB",30,51,,"Y","N"
1774,2011,"05/19/11 00:00:00","LA","Breton-Chandeleur Islands","Chandeleur South C",29.780414,-88.87419199999999,"LAGU",30,30,,"Y","N"
2375,2012,"05/30/12 00:00:00","FL","Apalachicola East","Lanark Reef-Pelican Lump",29.87806,-84.568555,"LAGU",30,44,,"Y","N"
3603,2015,"05/17/15 00:00:00","LA","Biloxi North","Biloxi North 10 D",30.0476,-89.31829999999999,"LAGU",30,36,,"Y","N"
444,2010,"06/23/10 00:00:00","TX","Corpus Christi-Aransas Bay","Copano Rattlesnake Point",28.0561,-97.13330000000001,"LBHE",30,33,,"Y","N"
4299,2018,"05/21/18 00:00:00","LA","Sabine-Calcasieu","Rabbit Island",29.8494,-93.383,"ROSP",30,33,,"Y","N"
5124,2021,"06/20/21 00:00:00","TX","Corpus Christi-Aransas Bay","Nueces Causeway",27.84176,-97.37604,"ROSP",30,62,,"Y","N"
1773,2011,"06/14/11 00:00:00","LA","Biloxi North","Biloxi North 12",30.042,-89.273,"SNEG",30,9,,"Y","N"
443,2010,"06/25/10 00:00:00","TX","Galveston","West Bay Bird Island New",29.09832,-95.14131999999999,"TRHE",30,32,,"Y","N"
445,2010,"06/23/10 00:00:00","TX","Corpus Christi-Aransas Bay","Second Chain of Islands B",28.19825,-96.81665,"TRHE",30,34,,"Y","N"
2974,2013,"05/24/13 00:00:00","LA","Biloxi South","Biloxi South 5 B",29.6521,-89.4577,"TRHE",30,44,,"Y","N"
5125,2021,"05/20/21 00:00:00","LA","Atchafalaya Bay","Heron Island",29.4282,-91.3287,"ANHI",29,34,,"Y","N"
452,2010,"06/24/10 00:00:00","TX","Galveston","Wolf Lake Skimmer Area",29.0337,-95.2409,"BLSK",29,49,,"Y","N"
1778,2011,"06/17/11 00:00:00","LA","Biloxi South","Biloxi South 9",29.5392,-89.53530000000001,"BLSK",29,40,,"Y","N"
5128,2021,"06/14/21 00:00:00","FL","Apalachicola East","Alligator Point",29.91544,-84.44167,"BLSK",29,44,,"Y","N"
448,2010,"06/25/10 00:00:00","TX","Galveston","Marker 52 Spoil Island",29.290621,-94.92918,"CAEG",29,12,,"Y","N"
451,2010,"06/10/10 00:00:00","FL","Charlotte Harbor","Matanzas Pass Spoil Island",26.4609,-81.9571,"DCCO",29,31,,"Y","N"
453,2010,"06/11/10 00:00:00","FL","Tampa Bay","Sand Keys",28.038,-82.7946,"DCCO",29,49,,"Y","N"
449,2010,"06/11/10 00:00:00","FL","Tampa Bay","Bird Key Terra Ceia",27.5522,-82.59999999999999,"GBHE",29,24,,"Y","N"
1776,2011,"05/17/11 00:00:00","LA","Atchafalaya Bay","Heron Island",29.4282,-91.3287,"GBHE",29,23,,"Y","N"
5126,2021,"06/17/21 00:00:00","LA","Biloxi North","Turtle Pen Isle",29.938,-89.242,"GBTE",29,36,,"Y","N"
2976,2013,"06/17/13 00:00:00","FL","Apalachicola East","Lanark Reef West",29.871013,-84.590857,"GREG",29,29,,"Y","N"
3604,2015,"06/21/15 00:00:00","LA","Breton-Chandeleur Islands","Chandeleur North G",29.865132,-88.832617,"LETE",29,30,,"Y","N"
1777,2011,"05/19/11 00:00:00","LA","Biloxi North","Redfish Bend",29.9679,-89.2276,"SATE",29,37,,"Y","N"
450,2010,"05/08/10 00:00:00","LA","Biloxi South","Biloxi South 3",29.7017,-89.5487,"SDHE",29,29,,"Y","N"
1779,2011,"05/17/11 00:00:00","LA","Barataria Bay","Queen Bess Island",29.3043,-89.9592,"SNEG",29,54,,"Y","N"
2376,2012,"05/29/12 00:00:00","AL","Mississippi Sound","Cat Island",30.3207,-88.2099,"SNEG",29,54,,"Y","N"
3605,2015,"05/17/15 00:00:00","LA","Biloxi North","Little Mud Grass Island Northeast",29.9628,-89.3156,"SNEG",29,35,,"Y","Y"
4301,2018,"05/19/18 00:00:00","LA","Biloxi South","Belle Isle",29.5758,-89.5727,"SNEG",29,29,,"Y","N"
4302,2018,"06/23/18 00:00:00","LA","Biloxi North","Deadman Point",29.7411,-89.35680000000001,"SNEG",29,29,,"Y","N"
5129,2021,"06/17/21 00:00:00","LA","Biloxi North","Biloxi North 36",30.0497,-89.3038,"SNEG",29,46,,"Y","N"
5127,2021,"05/25/21 00:00:00","FL","Apalachicola East","Lake Number Five",29.6471,-85.1279,"WHEG",29,36,,"Y","N"
4303,2018,"06/23/18 00:00:00","LA","Biloxi South","Biloxi South 2",29.7047,-89.5647,"WHIB",29,29,,"Y","N"
5130,2021,"06/20/21 00:00:00","TX","Lower Laguna Madre","Bahia Grande B",26.044,-97.30609,"BCNH",28,29,,"Y","Y"
2377,2012,"05/28/12 00:00:00","LA","Biloxi North","Biloxi North 16",29.9984,-89.2924,"BLSK",28,28,,"Y","N"
2980,2013,"06/18/13 00:00:00","LA","Biloxi North","Comfort Island",29.825987,-89.254186,"BLSK",28,112,,"Y","N"
3606,2015,"06/21/15 00:00:00","LA","Breton-Chandeleur Islands","Chandeleur North F",29.881806,-88.828345,"BLSK",28,28,,"Y","N"
454,2010,"06/11/10 00:00:00","FL","Tampa Bay","Sand Keys",28.038,-82.7946,"BRPE",28,26,,"Y","N"
3607,2015,"05/16/15 00:00:00","LA","Birdsfoot West","Birdsfoot West 3",29.2122,-89.3914,"CAEG",28,31,,"Y","N"
5136,2021,"05/17/21 00:00:00","TX","Matagorda Bay","Lavaca Bay Spoils E",28.59947,-96.56207999999999,"CAEG",28,53,,"Y","N"
3608,2015,"06/21/15 00:00:00","LA","Biloxi North","Biloxi North 16",29.9984,-89.2924,"CATE",28,46,,"Y","N"
5137,2021,"06/20/21 00:00:00","TX","Corpus Christi-Aransas Bay","West Nueces Bay 51W P",27.85798,-97.49055,"CATE",28,62,,"Y","N"
2378,2012,"05/28/12 00:00:00","LA","Biloxi North","Biloxi North 4",30.0909,-89.23180000000001,"FOTE",28,31,,"Y","N"
2379,2012,"06/18/12 00:00:00","AL","Mississippi Sound","Terrapin Island",30.335,-88.2619,"GBTE",28,35,,"Y","N"
5132,2021,"06/14/21 00:00:00","FL","Apalachicola West","Crooked Island South",29.99427,-85.52838,"GBTE",28,40,,"Y","N"
457,2010,"06/10/10 00:00:00","FL","Charlotte Harbor","Matanzas Pass Spoil Island",26.4609,-81.9571,"GREG",28,31,,"Y","N"
459,2010,"06/23/10 00:00:00","TX","Corpus Christi-Aransas Bay","West Nueces Bay 51W A",27.853228,-97.48302700000001,"GREG",28,42,,"Y","N"
2978,2013,"06/19/13 00:00:00","LA","Birdsfoot East","Birdsfoot East 4 A",28.974693,-89.363755,"GREG",28,30,,"Y","N"
5131,2021,"05/17/21 00:00:00","TX","Lower Laguna Madre","Bahia Grande C East",26.04147,-97.28154000000001,"GREG",28,32,,"Y","Y"
458,2010,"06/24/10 00:00:00","TX","Galveston","Drum Bay Islands 2",29.0123,-95.2253,"LAGU",28,41,"Does not include 9 Empty Nests","Y","N"
5135,2021,"06/20/21 00:00:00","TX","Upper Laguna Madre","Naval Air Station Islands H",27.664078,-97.248767,"LAGU",28,48,,"Y","N"
5134,2021,"06/20/21 00:00:00","TX","Lower Laguna Madre","Bahia Grande C Central",26.038968,-97.28825500000001,"ROSP",28,44,,"Y","N"
1780,2011,"05/18/11 00:00:00","LA","Barataria Bay","Cat Bay North Island",29.3656,-89.8646,"SNEG",28,50,,"Y","N"
2979,2013,"06/18/13 00:00:00","LA","Biloxi South","Biloxi South 2",29.7047,-89.5647,"SNEG",28,71,,"Y","N"
455,2010,"05/18/10 00:00:00","LA","Biloxi North","Biloxi North 10 A",30.0485,-89.322,"TRHE",28,28,,"Y","N"
2977,2013,"06/18/13 00:00:00","LA","Biloxi North","Biloxi North 26",29.8979,-89.301,"TRHE",28,28,,"Y","N"
5133,2021,"06/18/21 00:00:00","LA","Terrebonne Bay","Felicity Island",29.2558,-90.44,"TRHE",28,42,,"Y","N"
460,2010,"05/17/10 00:00:00","LA","Terrebonne Bay","Raccoon Island",29.0505,-90.92659999999999,"UnTE",28,1348,,"Y","N"
456,2010,"06/23/10 00:00:00","TX","East Matagorda Bay","Dressing Point",28.73145,-95.76074,"WHEG",28,28,,"Y","N"
3613,2015,"05/16/15 00:00:00","LA","Terrebonne Bay","Felicity Island",29.2558,-90.44,"BCNH",27,50,,"Y","N"
5138,2021,"05/17/21 00:00:00","TX","Corpus Christi-Aransas Bay","Shamrock Island",27.75883,-97.16936,"BCNH",27,27,,"Y","N"
2382,2012,"05/29/12 00:00:00","LA","Breton-Chandeleur Islands","Chandeleur South D",29.770378,-88.882942,"BLSK",27,50,,"Y","N"
2982,2013,"05/24/13 00:00:00","LA","Biloxi South","Biloxi South 4 B",29.6629,-89.4628,"CATE",27,47,,"Y","N"
3609,2015,"06/22/15 00:00:00","FL","Apalachicola East","Flag Island South",29.6261,-85.152,"CATE",27,27,,"Y","N"
5142,2021,"06/17/21 00:00:00","LA","Biloxi North","Hell Pass Coast A",29.93259,-89.30759999999999,"CATE",27,59,,"Y","N"
3610,2015,"06/21/15 00:00:00","LA","Biloxi North","Little Mud Grass Island",29.9508,-89.32250000000001,"FOTE",27,28,,"Y","N"
5140,2021,"06/16/21 00:00:00","LA","Breton-Chandeleur Islands","Chandeleur South A",29.809332,-88.86106700000001,"FOTE",27,35,,"Y","N"
5141,2021,"06/18/21 00:00:00","TX","Galveston","North Deer Island",29.28519,-94.92462,"FOTE",27,35,,"Y","N"
461,2010,"06/11/10 00:00:00","FL","Tampa Bay","Jackass Key",27.6692,-82.7175,"GBHE",27,28,,"Y","N"
3611,2015,"05/16/15 00:00:00","LA","Atchafalaya Bay","Heron Island",29.4282,-91.3287,"GBHE",27,28,,"Y","N"
462,2010,"06/14/10 00:00:00","LA","Birdsfoot East","Bird Island Birdsfoot",29.391585,-89.3212,"GBTE",27,31,,"Y","N"
1781,2011,"06/13/11 00:00:00","AL","Mississippi Sound Gulf Islands","Dauphin Island 5",30.243843,-88.229688,"GBTE",27,28,,"Y","N"
2381,2012,"05/28/12 00:00:00","LA","Biloxi North","West Karako Bay Islet",30.0049,-89.23090000000001,"GBTE",27,27,,"Y","N"
465,2010,"06/26/10 00:00:00","TX","Galveston","Rollover Bay D",29.5215,-94.5056,"GREG",27,47,"Does not include 14 Empty Nests","Y","N"
463,2010,"06/24/10 00:00:00","TX","Galveston","Arcadia Reef A",29.0293,-95.2024,"LAGU",27,34,,"Y","N"
464,2010,"06/26/10 00:00:00","TX","Galveston","Rollover Bay A",29.5178,-94.50239999999999,"LAGU",27,40,,"Y","N"
2981,2013,"06/19/13 00:00:00","LA","Biloxi North","Biloxi North 10 D",30.0476,-89.31829999999999,"LAGU",27,38,,"Y","N"
3612,2015,"06/21/15 00:00:00","LA","Biloxi North","Biloxi North 5",30.0675,-89.2069,"LAGU",27,40,,"Y","N"
4304,2018,"05/20/18 00:00:00","LA","Breton-Chandeleur Islands","Chandeleur South D",29.770378,-88.882942,"LAGU",27,41,,"Y","Y"
1782,2011,"06/17/11 00:00:00","LA","Biloxi South","Biloxi South 10 D",29.52792,-89.54504,"TRHE",27,31,,"Y","N"
1783,2011,"06/17/11 00:00:00","LA","Biloxi South","Biloxi South 10 C",29.53327,-89.55606,"TRHE",27,35,,"Y","N"
5139,2021,"06/17/21 00:00:00","LA","Biloxi North","Deadman Point",29.7411,-89.35680000000001,"TRHE",27,31,,"Y","N"
2380,2012,"06/19/12 00:00:00","LA","Biloxi North","Biloxi North 35",29.951,-89.253,"WHEG",27,6,,"Y","N"
5147,2021,"06/17/21 00:00:00","LA","Biloxi North","Biloxi North 35",29.951,-89.253,"BCNH",26,27,,"Y","N"
466,2010,"06/23/10 00:00:00","TX","Corpus Christi-Aransas Bay","Copano Rattlesnake Point",28.0561,-97.13330000000001,"BLSK",26,20,,"Y","N"
1786,2011,"06/14/11 00:00:00","LA","Biloxi North","Biloxi North 30 B",29.8166,-89.3095,"BLSK",26,61,,"Y","N"
2384,2012,"05/29/12 00:00:00","LA","Breton-Chandeleur Islands","Chandeleur North B",29.949821,-88.823795,"BLSK",26,41,,"Y","N"
2983,2013,"06/18/13 00:00:00","LA","Biloxi North","Brush Island",30.034,-89.1863,"BLSK",26,45,,"Y","N"
5152,2021,"06/20/21 00:00:00","TX","Corpus Christi-Aransas Bay","Shamrock Island",27.75883,-97.16936,"BLSK",26,72,,"Y","N"
1785,2011,"05/18/11 00:00:00","LA","Biloxi South","Biloxi South 1",29.6873,-89.4646,"CATE",26,33,,"Y","N"
467,2010,"06/23/10 00:00:00","TX","Corpus Christi-Aransas Bay","Second Chain of Islands J",28.1857,-96.8137,"FOTE",26,27,,"Y","N"
4305,2018,"06/23/18 00:00:00","LA","Biloxi North","Biloxi North 38",30.00238,-89.21496999999999,"FOTE",26,27,,"Y","N"
1784,2011,"05/20/11 00:00:00","AL","Mobile Bay Interior","Battery McIntosh",30.6686,-88.0125,"GBHE",26,20,,"Y","N"
4306,2018,"05/21/18 00:00:00","LA","Atchafalaya Bay","Heron Island",29.4282,-91.3287,"GBHE",26,31,,"Y","N"
5143,2021,"05/24/21 00:00:00","AL","Mobile Bay Seashore","Robinson Island",30.285727,-87.55090199999999,"GBHE",26,11,,"Y","N"
5144,2021,"05/20/21 00:00:00","LA","Atchafalaya Bay","Heron Island",29.4282,-91.3287,"GBHE",26,16,,"Y","N"
2383,2012,"06/19/12 00:00:00","LA","Biloxi North","Isle au Pitre",30.1526,-89.1968,"GBTE",26,33,,"Y","N"
468,2010,"06/12/10 00:00:00","FL","Apalachicola East","Lake Number Five",29.6471,-85.1279,"GREG",26,28,"Does not include 3 Empty Nests","Y","N"
471,2010,"05/17/10 00:00:00","LA","Terrebonne Bay","Pelican Island",29.1437,-90.3475,"LAGU",26,204,,"Y","N"
2385,2012,"05/27/12 00:00:00","LA","Barataria Bay","Barataria Bay 3",29.3427,-89.8023,"LAGU",26,144,,"Y","N"
4307,2018,"05/19/18 00:00:00","LA","Biloxi North","Biloxi North 35",29.951,-89.253,"LAGU",26,72,,"Y","N"
5148,2021,"06/16/21 00:00:00","MS","Mississippi Sound","Tegarden",30.37926,-89.03793,"LETE",26,32,,"Y","Y"
5150,2021,"06/14/21 00:00:00","FL","Apalachicola East","Flag Island South",29.6261,-85.152,"LETE",26,41,,"Y","N"
5151,2021,"05/17/21 00:00:00","TX","Lower Laguna Madre","Laguna Vista Spoils A",26.142736,-97.278547,"REEG",26,45,,"Y","N"
3614,2015,"05/17/15 00:00:00","LA","Biloxi South","Belle Isle",29.5758,-89.5727,"ROSP",26,38,,"Y","N"
5145,2021,"06/18/21 00:00:00","LA","Atchafalaya Bay","Bird Island East",29.353105,-91.382509,"ROSP",26,26,,"Y","Y"
5146,2021,"05/17/21 00:00:00","TX","Galveston","Nolan Ryan Marsh",28.94099,-95.35596,"ROSP",26,26,,"Y","N"
469,2010,"05/07/10 00:00:00","LA","Biloxi North","Drum Bay Island",29.9197,-89.2627,"TRHE",26,28,,"Y","N"
5149,2021,"06/20/21 00:00:00","TX","Matagorda Bay","Lavaca Bay Spoils E",28.59947,-96.56207999999999,"WFIB",26,32,,"Y","Y"
470,2010,"05/08/10 00:00:00","LA","Barataria Bay","Belle Pass East",29.0901,-90.22190000000001,"WHIB",26,107,,"Y","N"
3615,2015,"05/17/15 00:00:00","LA","Biloxi North","Biloxi North 10 A",30.0485,-89.322,"WHIB",26,45,,"Y","Y"
3618,2015,"05/17/15 00:00:00","LA","Biloxi South","Belle Isle",29.5758,-89.5727,"BCNH",25,36,,"Y","N"
4308,2018,"05/19/18 00:00:00","LA","Biloxi North","Little Mud Grass Island",29.9508,-89.32250000000001,"BCNH",25,27,,"Y","N"
474,2010,"06/26/10 00:00:00","TX","Galveston","Rollover Bay A",29.5178,-94.50239999999999,"BLSK",25,26,"Does not include 3 Empty Nests","Y","N"
2985,2013,"06/19/13 00:00:00","LA","Terrebonne Bay","Wine Island",29.0948,-90.6108,"BLSK",25,28,,"Y","N"
5157,2021,"06/16/21 00:00:00","LA","Breton-Chandeleur Islands","Chandeleur North G",29.865132,-88.832617,"BLSK",25,30,,"Y","N"
5162,2021,"06/20/21 00:00:00","TX","Lower Laguna Madre","Bahia Grande C Central",26.038968,-97.28825500000001,"BLSK",25,59,,"Y","N"
472,2010,"06/10/10 00:00:00","FL","Tampa Bay","Cortez Island",27.462,-82.6824,"BRPE",25,25,,"Y","N"
475,2010,"06/12/10 00:00:00","FL","Apalachicola East","Lanark Reef-Pelican Lump",29.87806,-84.568555,"BRPE",25,31,,"Y","N"
473,2010,"06/23/10 00:00:00","TX","Matagorda Bay","Seadrift Island B",28.3968,-96.7229,"CAEG",25,25,,"Y","N"
5153,2021,"05/25/21 00:00:00","FL","Apalachicola West","Saint Andrews State Park Buttonwood Marsh",30.13326,-85.73546,"CAEG",25,0,,"Y","N"
5155,2021,"05/17/21 00:00:00","TX","Lower Laguna Madre","Green Hill Spoils A",26.49391,-97.388755,"GBHE",25,25,,"Y","N"
1787,2011,"06/14/11 00:00:00","LA","Lake Borgne","Half Moon Island",30.1376,-89.43519999999999,"GBTE",25,25,,"Y","N"
2986,2013,"06/18/13 00:00:00","LA","Biloxi North","Biloxi North 27",29.8807,-89.2497,"GBTE",25,34,,"Y","N"
2989,2013,"06/19/13 00:00:00","LA","Biloxi North","Bayou Pintou",30.128,-89.224,"GBTE",25,51,,"Y","N"
5158,2021,"06/14/21 00:00:00","FL","Apalachicola East","Flag Island South",29.6261,-85.152,"GBTE",25,30,,"Y","N"
3616,2015,"05/18/15 00:00:00","FL","Apalachicola East","Lanark Reef West",29.871013,-84.590857,"GREG",25,25,,"Y","N"
3617,2015,"06/21/15 00:00:00","LA","Biloxi North","Biloxi North 38",30.00238,-89.21496999999999,"GREG",25,28,,"Y","N"
476,2010,"06/14/10 00:00:00","LA","Birdsfoot East","Willet Island",29.407,-89.2903,"LAGU",25,45,,"Y","N"
477,2010,"06/23/10 00:00:00","TX","Corpus Christi-Aransas Bay","Little Bay C",28.0333,-97.0395,"LAGU",25,75,,"Y","N"
478,2010,"05/17/10 00:00:00","LA","Terrebonne Bay","Wine Island",29.0948,-90.6108,"LAGU",25,202,,"Y","N"
2988,2013,"06/17/13 00:00:00","AL","Mississippi Sound","Terrapin Island",30.335,-88.2619,"LETE",25,42,,"Y","N"
5159,2021,"05/17/21 00:00:00","TX","Upper Laguna Madre","Rabit Island Laguna Madre",27.24658,-97.41421,"REEG",25,32,,"Y","Y"
5161,2021,"06/20/21 00:00:00","TX","Lower Laguna Madre","Green Island Spoils D",26.409412,-97.317728,"REEG",25,38,,"Y","Y"
5156,2021,"06/20/21 00:00:00","TX","Matagorda Bay","Chester Island",28.45174,-96.34689,"ROSP",25,28,,"Y","Y"
5160,2021,"06/17/21 00:00:00","LA","Biloxi North","Biloxi North 35",29.951,-89.253,"ROSP",25,35,,"Y","N"
2984,2013,"05/24/13 00:00:00","LA","Biloxi North","Dry Bread Island",29.8426,-89.3064,"SNEG",25,25,,"Y","N"
2987,2013,"06/18/13 00:00:00","LA","Biloxi North","Little Mud Grass Island",29.9508,-89.32250000000001,"SNEG",25,40,,"Y","N"
2990,2013,"06/17/13 00:00:00","FL","Apalachee Bay","Smith Island",30.04906,-84.31802999999999,"SNEG",25,52,,"Y","N"
4309,2018,"05/21/18 00:00:00","LA","Terrebonne Bay","Raccoon Island",29.0505,-90.92659999999999,"SNEG",25,46,,"Y","N"
5154,2021,"06/20/21 00:00:00","TX","Upper Laguna Madre","Naval Air Station Islands D",27.673617,-97.25217000000001,"TRHE",25,19,,"Y","N"
2386,2012,"05/28/12 00:00:00","LA","Biloxi South","Belle Isle",29.5758,-89.5727,"WHIB",25,31,,"Y","N"
3619,2015,"06/21/15 00:00:00","LA","Biloxi South","Biloxi South 3",29.7017,-89.5487,"BCNH",24,41,,"Y","N"
482,2010,"06/23/10 00:00:00","TX","East Matagorda Bay","Dressing Point",28.73145,-95.76074,"BLSK",24,53,,"Y","N"
4311,2018,"06/24/18 00:00:00","LA","Breton-Chandeleur Islands","Chandeleur North H",29.85238,-88.83663799999999,"BLSK",24,42,,"Y","N"
1789,2011,"06/15/11 00:00:00","LA","Breton-Chandeleur Islands","Chandeleur South A",29.809332,-88.86106700000001,"CATE",24,29,,"Y","N"
2991,2013,"06/19/13 00:00:00","LA","Biloxi North","Isle au Pitre",30.1526,-89.1968,"CATE",24,26,,"Y","N"
2992,2013,"06/17/13 00:00:00","AL","Mississippi Sound","Terrapin Island",30.335,-88.2619,"GBTE",24,33,,"Y","N"
5165,2021,"06/20/21 00:00:00","TX","Lower Laguna Madre","Arroyo Colorado Spoils B2",26.318883,-97.31019999999999,"GBTE",24,28,,"Y","N"
479,2010,"06/11/10 00:00:00","FL","Crystal River","Crawl Key",28.6528,-82.68680000000001,"GREG",24,16,,"Y","N"
5163,2021,"05/25/21 00:00:00","FL","Apalachicola East","Lanark Reef West",29.871013,-84.590857,"GREG",24,11,,"Y","N"
481,2010,"05/18/10 00:00:00","LA","Biloxi North","Biloxi North 10 C",30.0481,-89.3202,"LAGU",24,32,,"Y","N"
2993,2013,"06/17/13 00:00:00","AL","Mississippi Sound","Terrapin Island",30.335,-88.2619,"LAGU",24,34,,"Y","N"
480,2010,"06/27/10 00:00:00","LA","Biloxi North","Isle au Pitre",30.1526,-89.1968,"LETE",24,28,,"Y","N"
5166,2021,"05/17/21 00:00:00","TX","Matagorda Bay","Lavaca Bay Spoils E",28.59947,-96.56207999999999,"REEG",24,30,"DM/WM combined","Y","N"
484,2010,"06/26/10 00:00:00","TX","Salt Bayou","High Island",29.57351,-94.38930000000001,"ROSP",24,98,"Does not include 7 Empty Nests","Y","N"
1788,2011,"05/17/11 00:00:00","LA","Atchafalaya Bay","Heron Island",29.4282,-91.3287,"ROSP",24,24,,"Y","N"
5164,2021,"05/24/21 00:00:00","AL","Mississippi Sound","Marsh Island",30.321609,-88.223833,"SATE",24,24,,"Y","N"
2388,2012,"05/27/12 00:00:00","LA","Barataria Bay","Cat Bay North Island",29.3656,-89.8646,"SNEG",24,49,,"Y","N"
2387,2012,"05/28/12 00:00:00","LA","Biloxi South","Long Bay Island",29.5021,-89.5356,"TRHE",24,30,,"Y","N"
483,2010,"05/18/10 00:00:00","LA","Biloxi North","Biloxi North 10 A",30.0485,-89.322,"WHIB",24,56,,"Y","N"
4310,2018,"05/19/18 00:00:00","LA","Biloxi North","Little Mud Grass Island Northeast",29.9628,-89.3156,"WHIB",24,29,,"Y","N"
5167,2021,"06/16/21 00:00:00","LA","Lake Borgne","Half Moon Island",30.1376,-89.43519999999999,"WHIB",24,46,,"Y","N"
1790,2011,"05/18/11 00:00:00","LA","Barataria Bay","Cat Bay South Island",29.3341,-89.8716,"BCNH",23,25,,"Y","N"
2389,2012,"05/27/12 00:00:00","LA","Terrebonne Bay","Felicity Island",29.2558,-90.44,"BCNH",23,21,,"Y","N"
5175,2021,"05/20/21 00:00:00","LA","Atchafalaya Bay","Bird Island East",29.353105,-91.382509,"BCNH",23,78,,"Y","Y"
490,2010,"05/18/10 00:00:00","MS","Mississippi Sound Gulf Islands","Ship Island East",30.2382,-88.8867,"BLSK",23,27,,"Y","N"
1792,2011,"05/19/11 00:00:00","LA","Biloxi North","Redfish Bend",29.9679,-89.2276,"BLSK",23,60,,"Y","N"
2393,2012,"05/29/12 00:00:00","LA","Breton-Chandeleur Islands","Chandeleur North A",29.969531,-88.82772199999999,"BLSK",23,46,,"Y","N"
5174,2021,"06/20/21 00:00:00","TX","Lower Laguna Madre","Green Island Spoils C",26.412323,-97.320581,"BLSK",23,51,,"Y","N"
485,2010,"06/23/10 00:00:00","TX","Matagorda Bay","Lavaca Bay Spoils E",28.59947,-96.56207999999999,"BRPE",23,5,,"Y","N"
487,2010,"06/11/10 00:00:00","FL","Tampa Bay","Little McPherson Bayou Island",27.7058,-82.7351,"BRPE",23,17,,"Y","N"
2994,2013,"05/24/13 00:00:00","AL","Mississippi Sound","Cat Island",30.3207,-88.2099,"BRPE",23,26,,"Y","N"
5173,2021,"06/16/21 00:00:00","LA","Breton-Chandeleur Islands","Chandeleur South C",29.780414,-88.87419199999999,"CATE",23,35,,"Y","N"
488,2010,"06/23/10 00:00:00","TX","Corpus Christi-Aransas Bay","Nueces Causeway",27.84176,-97.37604,"GBTE",23,23,,"Y","N"
2391,2012,"05/30/12 00:00:00","FL","Apalachicola East","Flag Island South",29.6261,-85.152,"GBTE",23,33,,"Y","N"
5171,2021,"05/17/21 00:00:00","TX","Lower Laguna Madre","Green Island Spoils C",26.412323,-97.320581,"GBTE",23,27,,"Y","Y"
486,2010,"06/10/10 00:00:00","FL","Charlotte Harbor","Pine Island Sound 2",26.4945,-82.10429999999999,"GREG",23,16,,"Y","N"
489,2010,"05/08/10 00:00:00","LA","Biloxi North","Biloxi North 10 B",30.0516,-89.31829999999999,"GREG",23,25,,"Y","N"
493,2010,"06/23/10 00:00:00","TX","Corpus Christi-Aransas Bay","Copano Rattlesnake Point",28.0561,-97.13330000000001,"GREG",23,32,,"Y","N"
5170,2021,"05/20/21 00:00:00","LA","Vermilion Bay","Southwest Pass Islands 1",29.594507,-92.038113,"GREG",23,26,,"Y","N"
5172,2021,"05/22/21 00:00:00","LA","Birdsfoot West","Birdsfoot West 6 A",29.21976,-89.382209,"GREG",23,27,,"Y","N"
497,2010,"05/08/10 00:00:00","LA","Biloxi South","Biloxi South 1",29.6873,-89.4646,"LAGU",23,128,,"Y","N"
1791,2011,"06/14/11 00:00:00","LA","Biloxi North","Biloxi North 11",30.0324,-89.3141,"LAGU",23,30,,"Y","N"
2392,2012,"06/20/12 00:00:00","LA","Biloxi North","Biloxi North 11",30.0324,-89.3141,"LAGU",23,41,,"Y","N"
4312,2018,"06/23/18 00:00:00","LA","Biloxi North","Redfish Bend",29.9679,-89.2276,"LAGU",23,34,,"Y","N"
4313,2018,"06/24/18 00:00:00","LA","Birdsfoot East","Gunn Island",29.4136,-89.2957,"LAGU",23,38,,"Y","N"
495,2010,"06/23/10 00:00:00","TX","East Matagorda Bay","Dressing Point",28.73145,-95.76074,"ROSP",23,48,,"Y","N"
496,2010,"06/27/10 00:00:00","LA","Biloxi North","Drum Bay Island",29.9197,-89.2627,"ROSP",23,59,"Does not include 5 Empty Nests","Y","N"
4314,2018,"05/19/18 00:00:00","LA","Biloxi North","Little Mud Grass Island Northeast",29.9628,-89.3156,"ROSP",23,43,,"Y","N"
2995,2013,"06/19/13 00:00:00","LA","Atchafalaya Bay","Heron Island",29.4282,-91.3287,"SNEG",23,30,,"Y","N"
5168,2021,"05/25/21 00:00:00","FL","Apalachicola East","Lake Number Five",29.6471,-85.1279,"SNEG",23,24,,"Y","N"
491,2010,"05/08/10 00:00:00","LA","Biloxi South","Biloxi South 11",29.5247,-89.57259999999999,"TRHE",23,27,,"Y","N"
5169,2021,"06/17/21 00:00:00","LA","Biloxi North","Biloxi North 40",30.0434,-89.33750000000001,"TRHE",23,25,,"Y","N"
492,2010,"05/08/10 00:00:00","LA","Biloxi South","Biloxi South 10 C",29.53327,-89.55606,"WHIB",23,31,,"Y","N"
494,2010,"06/23/10 00:00:00","TX","Corpus Christi-Aransas Bay","Nueces Rivermouth",27.8451,-97.4896,"WHIB",23,35,,"Y","N"
2390,2012,"05/29/12 00:00:00","AL","Mississippi Sound","Terrapin Island",30.335,-88.2619,"WHIB",23,32,,"Y","N"
499,2010,"05/17/10 00:00:00","LA","Terrebonne Bay","Raccoon Island West",29.0596,-90.94159999999999,"BLSK",22,23,,"Y","N"
501,2010,"06/10/10 00:00:00","FL","Charlotte Harbor","Matanzas Pass Spoil Island",26.4609,-81.9571,"BRPE",22,24,,"Y","N"
2996,2013,"05/24/13 00:00:00","LA","Breton-Chandeleur Islands","Chandeleur North G",29.865132,-88.832617,"CATE",22,22,,"Y","N"
2998,2013,"06/19/13 00:00:00","LA","Terrebonne Bay","Terrebonne Bay 8",29.1415,-90.64927,"CATE",22,26,,"Y","N"
498,2010,"06/08/10 00:00:00","FL","Florida Keys","Cowpens Cut Key",25.0008,-80.56310000000001,"DCCO",22,22,,"Y","N"
3621,2015,"05/16/15 00:00:00","LA","Atchafalaya Bay","Skimmer Island",29.3864,-91.3836,"GBHE",22,22,,"Y","N"
1793,2011,"06/14/11 00:00:00","LA","Biloxi North","Isle au Pitre",30.1526,-89.1968,"GBTE",22,22,,"Y","N"
3623,2015,"06/21/15 00:00:00","LA","Biloxi North","Door Point Lagoon 1",30.0637,-89.19280000000001,"GBTE",22,29,,"Y","N"
5177,2021,"06/16/21 00:00:00","LA","Breton-Chandeleur Islands","Chandeleur North D",29.901692,-88.824851,"GBTE",22,23,,"Y","N"
2997,2013,"05/23/13 00:00:00","LA","Atchafalaya Bay","Skimmer Island",29.3864,-91.3836,"GREG",22,23,,"Y","N"
3620,2015,"05/17/15 00:00:00","LA","Biloxi South","Biloxi South 11",29.5247,-89.57259999999999,"GREG",22,14,,"Y","N"
502,2010,"06/23/10 00:00:00","TX","Corpus Christi-Aransas Bay","West Nueces Bay 51W K",27.85912,-97.49294999999999,"LAGU",22,30,,"Y","N"
503,2010,"05/07/10 00:00:00","LA","Biloxi North","Hell Pass Coast D",29.9229,-89.31514,"LAGU",22,137,,"Y","N"
2397,2012,"05/29/12 00:00:00","LA","Breton-Chandeleur Islands","Chandeleur North A",29.969531,-88.82772199999999,"LAGU",22,43,,"Y","N"
3001,2013,"06/19/13 00:00:00","LA","Biloxi North","Biloxi North 10 C",30.0481,-89.3202,"LAGU",22,31,,"Y","N"
4315,2018,"06/24/18 00:00:00","LA","Birdsfoot East","East Bay Spoil Island",29.061022,-89.244134,"LAGU",22,33,,"Y","N"
4316,2018,"05/19/18 00:00:00","LA","Biloxi North","Hell Pass Coast E",29.92132,-89.31655000000001,"LAGU",22,37,,"Y","N"
5181,2021,"06/18/21 00:00:00","TX","Galveston","Rollover Bay A",29.5178,-94.50239999999999,"LAGU",22,61,,"Y","N"
2999,2013,"05/25/13 00:00:00","FL","Apalachicola East","Lake Number Five",29.6471,-85.1279,"LBHE",22,26,,"Y","N"
3000,2013,"05/23/13 00:00:00","LA","Barataria Bay","Belle Pass East",29.0901,-90.22190000000001,"LBHE",22,29,,"Y","N"
5179,2021,"06/16/21 00:00:00","LA","Breton-Chandeleur Islands","Chandeleur North D",29.901692,-88.824851,"LETE",22,37,,"Y","N"
1795,2011,"05/17/11 00:00:00","LA","Barataria Bay","Belle Pass East",29.0901,-90.22190000000001,"ROSP",22,36,,"Y","N"
3002,2013,"05/23/13 00:00:00","LA","Terrebonne Bay","Felicity Island",29.2558,-90.44,"ROSP",22,42,,"Y","N"
2398,2012,"05/28/12 00:00:00","LA","Biloxi North","Drum Bay Island",29.9197,-89.2627,"SNEG",22,54,,"Y","N"
5176,2021,"06/20/21 00:00:00","TX","Upper Laguna Madre","Naval Air Station Islands E",27.671973,-97.24975499999999,"SNEG",22,12,,"Y","N"
5178,2021,"05/17/21 00:00:00","TX","Corpus Christi-Aransas Bay","Black Skimmer Strip",28.11619,-96.93405,"SNEG",22,32,,"Y","N"
5180,2021,"06/18/21 00:00:00","LA","Terrebonne Bay","Felicity Island",29.2558,-90.44,"SNEG",22,39,,"Y","N"
500,2010,"05/08/10 00:00:00","LA","Barataria Bay","Grand Island Point",29.3727,-89.8929,"TRHE",22,23,,"Y","N"
1794,2011,"05/20/11 00:00:00","AL","Mobile Bay Interior","Gaillard Island",30.5063,-88.03619999999999,"TRHE",22,22,,"Y","N"
2395,2012,"05/28/12 00:00:00","LA","Biloxi North","Biloxi North 10 D",30.0476,-89.31829999999999,"TRHE",22,25,,"Y","N"
2396,2012,"05/29/12 00:00:00","AL","Mississippi Sound","Cat Island",30.3207,-88.2099,"TRHE",22,29,,"Y","N"
2394,2012,"05/27/12 00:00:00","LA","Barataria Bay","Grand Island Point",29.3727,-89.8929,"WHIB",22,17,,"Y","N"
3622,2015,"06/21/15 00:00:00","LA","Biloxi North","Little Mud Grass Island Northeast",29.9628,-89.3156,"WHIB",22,26,,"Y","Y"
1798,2011,"06/15/11 00:00:00","LA","Breton-Chandeleur Islands","Chandeleur North G",29.865132,-88.832617,"BLSK",21,34,,"Y","N"
1799,2011,"05/18/11 00:00:00","LA","Barataria Bay","Bastian Island",29.296,-89.66549999999999,"BLSK",21,188,,"Y","N"
2401,2012,"05/29/12 00:00:00","LA","Breton-Chandeleur Islands","Chandeleur South B",29.79898,-88.86415599999999,"BLSK",21,23,,"Y","N"
3004,2013,"05/24/13 00:00:00","MS","Mississippi Sound Gulf Islands","Ship Island West",30.21127,-88.98289,"BLSK",21,40,,"Y","N"
3006,2013,"05/23/13 00:00:00","LA","Terrebonne Bay","Felicity Island",29.2558,-90.44,"BLSK",21,239,,"Y","N"
5188,2021,"06/16/21 00:00:00","LA","Biloxi North","Isle au Pitre",30.1526,-89.1968,"BLSK",21,40,,"Y","N"
5189,2021,"05/17/21 00:00:00","TX","Upper Laguna Madre","Rabit Island Laguna Madre",27.24658,-97.41421,"BLSK",21,45,,"Y","N"
509,2010,"06/11/10 00:00:00","FL","Tampa Bay","Bird Key Terra Ceia",27.5522,-82.59999999999999,"BRPE",21,28,,"Y","N"
5185,2021,"05/17/21 00:00:00","TX","Galveston","West Bay Mooring Facility",29.17285,-95.10677,"CATE",21,30,,"Y","N"
507,2010,"06/23/10 00:00:00","TX","Corpus Christi-Aransas Bay","Black Jack Point Reef I",28.1222,-96.96899999999999,"FOTE",21,26,,"Y","N"
3005,2013,"05/24/13 00:00:00","LA","Biloxi South","Biloxi South 5 A",29.6523,-89.464,"FOTE",21,84,,"Y","N"
505,2010,"06/11/10 00:00:00","FL","Tampa Bay","Pelican Island Tampa Bay",27.9144,-82.8408,"GBHE",21,16,,"Y","N"
511,2010,"06/23/10 00:00:00","TX","Corpus Christi-Aransas Bay","Second Chain of Islands I",28.1888,-96.81523,"GBTE",21,33,,"Y","N"
504,2010,"06/10/10 00:00:00","FL","Tampa Bay","Blackburn Bay Island North",27.1515,-82.4751,"GREG",21,15,,"Y","N"
506,2010,"06/11/10 00:00:00","FL","Crystal River","Bird Island Chassahowitzka Reefs",28.6738,-82.68600000000001,"GREG",21,18,,"Y","N"
2400,2012,"05/27/12 00:00:00","LA","Terrebonne Bay","Felicity Island",29.2558,-90.44,"GREG",21,22,,"Y","N"
512,2010,"05/07/10 00:00:00","LA","Breton-Chandeleur Islands","Chandeleur North C",29.929685,-88.82179600000001,"LAGU",21,235,,"Y","N"
4318,2018,"05/19/18 00:00:00","LA","Biloxi North","Biloxi North 10 D",30.0476,-89.31829999999999,"LAGU",21,25,,"Y","N"
3625,2015,"05/18/15 00:00:00","AL","Mobile Bay Interior","Gaillard Island",30.5063,-88.03619999999999,"LBHE",21,24,,"Y","N"
5183,2021,"06/20/21 00:00:00","TX","Upper Laguna Madre","Naval Air Station Islands E",27.671973,-97.24975499999999,"REEG",21,23,"DM/WM combined","Y","N"
2404,2012,"06/19/12 00:00:00","LA","Birdsfoot East","Birdsfoot East 3",29.3725,-89.29989999999999,"ROSA",21,58,,"Y","N"
2399,2012,"05/27/12 00:00:00","LA","Atchafalaya Bay","Heron Island",29.4282,-91.3287,"ROSP",21,20,,"Y","N"
2402,2012,"05/27/12 00:00:00","LA","Terrebonne Bay","Felicity Island",29.2558,-90.44,"ROSP",21,47,,"Y","N"
510,2010,"06/26/10 00:00:00","TX","Galveston","Rollover Bay D",29.5215,-94.5056,"SNEG",21,32,"Does not include 9 Empty Nests","Y","N"
1796,2011,"05/19/11 00:00:00","LA","Biloxi North","Biloxi North 10 E",30.0502,-89.3117,"SNEG",21,23,,"Y","N"
3003,2013,"06/19/13 00:00:00","LA","Biloxi North","Biloxi North 10 E",30.0502,-89.3117,"SNEG",21,25,,"Y","N"
3624,2015,"05/18/15 00:00:00","AL","Mobile Bay Interior","Battery McIntosh",30.6686,-88.0125,"SNEG",21,17,,"Y","N"
4317,2018,"05/20/18 00:00:00","LA","Birdsfoot East","Birdsfoot East 4",28.979007,-89.36321599999999,"SNEG",21,22,,"Y","N"
5184,2021,"05/18/21 00:00:00","TX","Galveston","Evia Island",29.4282,-94.7638,"SNEG",21,25,,"Y","N"
5186,2021,"06/18/21 00:00:00","TX","Galveston","South Deer Island",29.27195,-94.9119,"SNEG",21,30,,"Y","N"
508,2010,"05/08/10 00:00:00","LA","Barataria Bay","Bay Ronquille Northeast Island",29.3659,-89.8357,"TRHE",21,27,,"Y","N"
5182,2021,"06/17/21 00:00:00","LA","Biloxi North","Biloxi North 18",29.992825,-89.249568,"TRHE",21,22,,"Y","N"
5187,2021,"05/25/21 00:00:00","FL","Apalachicola West","Saint Andrews State Park Gator Lake",30.12805,-85.73179,"WHEG",21,31,,"Y","N"
1797,2011,"05/19/11 00:00:00","LA","Biloxi North","Biloxi North 10 E",30.0502,-89.3117,"WHIB",21,29,,"Y","N"
2403,2012,"05/27/12 00:00:00","LA","Barataria Bay","Bay Ronquille Northwest Island",29.3631,-89.85339999999999,"WHIB",21,54,,"Y","N"
517,2010,"05/18/10 00:00:00","LA","Biloxi North","Biloxi North 14",30.0038,-89.20650000000001,"BLSK",20,25,,"Y","N"
1804,2011,"05/19/11 00:00:00","LA","Biloxi North","Martin Island",29.959,-89.19840000000001,"BLSK",20,62,,"Y","N"
3626,2015,"06/22/15 00:00:00","FL","Apalachicola East","Lanark Reef-Pelican Lump",29.87806,-84.568555,"BLSK",20,35,,"Y","N"
520,2010,"06/10/10 00:00:00","FL","Tampa Bay","Dryman Bay Island",27.1739,-82.49209999999999,"BRPE",20,38,"Does not include 1 Empty Nest","Y","N"
522,2010,"06/25/10 00:00:00","TX","Galveston","Mustang Bayou Island",29.167164,-95.129808,"BRPE",20,70,,"Y","N"
1800,2011,"05/20/11 00:00:00","FL","Apalachicola East","Lake Number Five",29.6471,-85.1279,"CAEG",20,20,,"Y","N"
3008,2013,"06/18/13 00:00:00","LA","Biloxi North","Biloxi North 38",30.00238,-89.21496999999999,"CATE",20,40,,"Y","N"
4319,2018,"06/24/18 00:00:00","LA","Breton-Chandeleur Islands","Chandeleur North F",29.881806,-88.828345,"CATE",20,24,,"Y","N"
5191,2021,"06/16/21 00:00:00","LA","Breton-Chandeleur Islands","Chandeleur South A",29.809332,-88.86106700000001,"CATE",20,27,,"Y","N"
5194,2021,"05/17/21 00:00:00","TX","Matagorda Bay","Lavaca Bay Spoils E",28.59947,-96.56207999999999,"CATE",20,37,,"Y","N"
514,2010,"05/17/10 00:00:00","LA","Atchafalaya Bay","Heron Island",29.4282,-91.3287,"GBHE",20,20,,"Y","N"
5193,2021,"05/17/21 00:00:00","TX","Upper Laguna Madre","Rabit Island Laguna Madre",27.24658,-97.41421,"GBHE",20,29,,"Y","Y"
3627,2015,"05/18/15 00:00:00","LA","Biloxi North","Biloxi North 3",30.0997,-89.283,"GBTE",20,37,,"Y","N"
2405,2012,"05/30/12 00:00:00","FL","Apalachicola East","Lanark Reef-Pelican Lump",29.87806,-84.568555,"GREG",20,21,,"Y","N"
519,2010,"05/18/10 00:00:00","LA","Biloxi North","Biloxi North 11",30.0324,-89.3141,"LAGU",20,34,,"Y","N"
521,2010,"05/08/10 00:00:00","LA","Biloxi South","Biloxi South 9",29.5392,-89.53530000000001,"LAGU",20,66,,"Y","N"
1801,2011,"05/17/11 00:00:00","LA","Barataria Bay","Belle Pass East",29.0901,-90.22190000000001,"LBHE",20,20,,"Y","N"
515,2010,"06/23/10 00:00:00","TX","Matagorda Bay","Lavaca Bay Spoils E",28.59947,-96.56207999999999,"NECO",20,20,,"Y","N"
523,2010,"06/26/10 00:00:00","TX","Salt Bayou","High Island",29.57351,-94.38930000000001,"NECO",20,209,"Does not include 10 Empty Nests","Y","N"
1803,2011,"05/18/11 00:00:00","LA","Biloxi South","Biloxi South 1",29.6873,-89.4646,"ROYT",20,33,,"Y","N"
4321,2018,"05/20/18 00:00:00","LA","Barataria Bay","Queen Bess Island",29.3043,-89.9592,"ROYT",20,27,,"Y","N"
516,2010,"06/23/10 00:00:00","TX","Corpus Christi-Aransas Bay","West Nueces Bay 51W P",27.85798,-97.49055,"SNEG",20,21,,"Y","N"
518,2010,"05/07/10 00:00:00","LA","Biloxi North","Deadman Point",29.7411,-89.35680000000001,"TRHE",20,31,,"Y","N"
1802,2011,"05/19/11 00:00:00","LA","Biloxi North","Biloxi North 26",29.8979,-89.301,"TRHE",20,25,,"Y","N"
3007,2013,"05/24/13 00:00:00","LA","Biloxi North","Drum Bay Island",29.9197,-89.2627,"TRHE",20,24,,"Y","N"
4320,2018,"05/20/18 00:00:00","LA","Birdsfoot East","Birdsfoot East 4",28.979007,-89.36321599999999,"TRHE",20,25,,"Y","N"
5190,2021,"06/20/21 00:00:00","TX","Upper Laguna Madre","Naval Air Station Islands O",27.663374,-97.254623,"TRHE",20,15,,"Y","N"
5192,2021,"05/17/21 00:00:00","TX","Lower Laguna Madre","Laguna Vista Spoils A",26.142736,-97.278547,"TRHE",20,27,,"Y","N"
513,2010,"06/25/10 00:00:00","TX","Galveston","North Deer Island",29.28519,-94.92462,"UNWA",20,0,"Does not include 150 Empty Nests","Y","N"
4322,2018,"05/21/18 00:00:00","LA","Sabine-Calcasieu","Rabbit Island",29.8494,-93.383,"WHIB",20,29,,"Y","N"
1806,2011,"05/17/11 00:00:00","LA","Barataria Bay","Queen Bess Island",29.3043,-89.9592,"BCNH",19,31,,"Y","N"
5202,2021,"06/18/21 00:00:00","LA","Terrebonne Bay","Houma Navigation Canal Island",29.19515,-90.61565,"BCNH",19,61,,"Y","N"
2407,2012,"05/28/12 00:00:00","LA","Biloxi South","Biloxi South 7",29.6055,-89.5887,"BLSK",19,84,,"Y","N"
3010,2013,"05/24/13 00:00:00","LA","Biloxi North","Drum Bay Island",29.9197,-89.2627,"BLSK",19,37,,"Y","N"
4326,2018,"06/23/18 00:00:00","LA","Biloxi North","Hell Pass Coast A",29.93259,-89.30759999999999,"BLSK",19,36,,"Y","N"
4328,2018,"05/19/18 00:00:00","LA","Biloxi North","Biloxi North 35",29.951,-89.253,"BLSK",19,142,,"Y","N"
530,2010,"06/09/10 00:00:00","FL","Everglades National Park","Clive Key",25.0799,-80.9284,"BRPE",19,47,,"Y","N"
528,2010,"06/12/10 00:00:00","FL","Apalachee Bay","Smith Island",30.04906,-84.31802999999999,"CAEG",19,28,,"Y","N"
3633,2015,"05/16/15 00:00:00","LA","Birdsfoot West","Birdsfoot West 4",29.179677,-89.29314599999999,"CATE",19,73,,"Y","N"
4324,2018,"05/20/18 00:00:00","LA","Breton-Chandeleur Islands","Chandeleur South E",29.765024,-88.887086,"CATE",19,26,,"Y","N"
525,2010,"06/23/10 00:00:00","TX","East Matagorda Bay","Dressing Point",28.73145,-95.76074,"GBHE",19,19,,"Y","N"
5195,2021,"05/17/21 00:00:00","TX","Lower Laguna Madre","Bahia Grande C Central",26.038968,-97.28825500000001,"GBHE",19,17,,"Y","N"
5196,2021,"06/20/21 00:00:00","TX","Corpus Christi-Aransas Bay","Hog Island Complex East Islands",27.89763,-97.096237,"GBHE",19,17,,"Y","N"
527,2010,"06/27/10 00:00:00","LA","Biloxi North","Biloxi North 27",29.8807,-89.2497,"GBTE",19,24,,"Y","N"
5200,2021,"05/17/21 00:00:00","TX","Lower Laguna Madre","Green Island Spoils G",26.412964,-97.30841100000001,"GBTE",19,30,,"Y","Y"
524,2010,"06/10/10 00:00:00","FL","Tampa Bay","Bird Keys Islet",27.2087,-82.5038,"GREG",19,7,,"Y","N"
526,2010,"06/23/10 00:00:00","TX","Corpus Christi-Aransas Bay","Long Reef Deadman Islands A",28.0659,-96.9629,"GREG",19,22,,"Y","N"
3628,2015,"06/21/15 00:00:00","LA","Biloxi North","Deadman Point",29.7411,-89.35680000000001,"GREG",19,23,,"Y","N"
3629,2015,"06/20/15 00:00:00","LA","Birdsfoot West","Birdsfoot West 6 A",29.21976,-89.382209,"GREG",19,24,,"Y","N"
1805,2011,"06/14/11 00:00:00","LA","Biloxi North","Biloxi North 10 B",30.0516,-89.31829999999999,"LAGU",19,28,,"Y","N"
2406,2012,"05/28/12 00:00:00","LA","Biloxi North","Biloxi North 10 D",30.0476,-89.31829999999999,"LAGU",19,24,,"Y","N"
3631,2015,"06/21/15 00:00:00","LA","Biloxi North","Mink Island",30.00568,-89.30034999999999,"LAGU",19,34,,"Y","N"
5203,2021,"05/17/21 00:00:00","TX","Lower Laguna Madre","East Flats Spoil",26.72269,-97.42762,"LAGU",19,63,,"Y","N"
5198,2021,"06/20/21 00:00:00","TX","Matagorda Bay","Chester Island",28.45174,-96.34689,"REEG",19,23,"DM/WM combined","Y","Y"
5199,2021,"06/20/21 00:00:00","TX","Lower Laguna Madre","East Marker Spoil",26.63626,-97.38531999999999,"REEG",19,25,,"Y","Y"
531,2010,"06/23/10 00:00:00","TX","Corpus Christi-Aransas Bay","Second Chain of Islands G",28.192882,-96.81453399999999,"ROSP",19,81,,"Y","N"
3630,2015,"05/16/15 00:00:00","LA","Barataria Bay","Queen Bess Island",29.3043,-89.9592,"ROSP",19,25,,"Y","N"
5197,2021,"06/16/21 00:00:00","LA","Breton-Chandeleur Islands","Chandeleur North H",29.85238,-88.83663799999999,"ROYT",19,20,,"Y","N"
1807,2011,"05/17/11 00:00:00","LA","Terrebonne Bay","Raccoon Island",29.0505,-90.92659999999999,"SNEG",19,33,,"Y","N"
3009,2013,"05/23/13 00:00:00","LA","Terrebonne Bay","Raccoon Island",29.0505,-90.92659999999999,"SNEG",19,32,,"Y","N"
3632,2015,"05/18/15 00:00:00","AL","Mississippi Sound","Cat Island",30.3207,-88.2099,"SNEG",19,35,,"Y","N"
4325,2018,"05/20/18 00:00:00","LA","Barataria Bay","Queen Bess Island",29.3043,-89.9592,"SNEG",19,26,,"Y","N"
529,2010,"05/08/10 00:00:00","LA","Biloxi South","Belle Isle",29.5758,-89.5727,"TRHE",19,29,,"Y","N"
4323,2018,"06/23/18 00:00:00","LA","Biloxi North","Deadman Point",29.7411,-89.35680000000001,"TRHE",19,19,,"Y","N"
4327,2018,"05/21/18 00:00:00","LA","Barataria Bay","Belle Pass East",29.0901,-90.22190000000001,"TRHE",19,40,,"Y","N"
5201,2021,"06/17/21 00:00:00","LA","Biloxi South","Long Bay Island",29.5021,-89.5356,"WHIB",19,30,,"Y","N"
4329,2018,"05/21/18 00:00:00","LA","Terrebonne Bay","Houma Navigation Canal Island",29.19515,-90.61565,"BCNH",18,18,,"Y","N"
4334,2018,"06/23/18 00:00:00","LA","Biloxi North","Comfort Island",29.825987,-89.254186,"BLSK",18,24,,"Y","N"
539,2010,"06/14/10 00:00:00","LA","Birdsfoot West","Birdsfoot West 2",29.1875,-89.31229999999999,"CATE",18,53,,"Y","N"
4332,2018,"06/23/18 00:00:00","LA","Biloxi North","Biloxi North 5",30.0675,-89.2069,"CATE",18,22,,"Y","N"
4333,2018,"06/24/18 00:00:00","LA","Breton-Chandeleur Islands","Curlew Island",29.66636,-88.96111999999999,"CATE",18,22,,"Y","N"
5210,2021,"05/17/21 00:00:00","TX","Galveston","West Bay Bird Island New",29.09832,-95.14131999999999,"CATE",18,26,,"Y","Y"
5211,2021,"05/17/21 00:00:00","TX","Lower Laguna Madre","East Flats Spoil",26.72269,-97.42762,"CATE",18,45,,"Y","N"
532,2010,"06/10/10 00:00:00","FL","Ten Thousand Islands","Chocoloskee Bay Islet",25.8486,-81.413,"DCCO",18,18,,"Y","N"
538,2010,"06/08/10 00:00:00","FL","Everglades National Park","Duck Key",25.1802,-80.4893,"DCCO",18,29,,"Y","N"
4336,2018,"06/23/18 00:00:00","LA","Biloxi North","Biloxi North 42",29.948796,-89.36322699999999,"FOTE",18,25,,"Y","N"
5209,2021,"06/16/21 00:00:00","LA","Breton-Chandeleur Islands","Chandeleur North D",29.901692,-88.824851,"FOTE",18,23,,"Y","N"
533,2010,"06/23/10 00:00:00","TX","Corpus Christi-Aransas Bay","Nueces Causeway",27.84176,-97.37604,"GBHE",18,18,,"Y","N"
3011,2013,"06/18/13 00:00:00","LA","Biloxi North","Biloxi North 14",30.0038,-89.20650000000001,"GBTE",18,19,,"Y","N"
3635,2015,"06/22/15 00:00:00","AL","Mississippi Sound","Terrapin Island",30.335,-88.2619,"GBTE",18,23,,"Y","N"
3636,2015,"05/18/15 00:00:00","FL","Apalachicola East","Lanark Reef West",29.871013,-84.590857,"GBTE",18,26,,"Y","Y"
534,2010,"06/24/10 00:00:00","TX","Galveston","Arcadia Reef A",29.0293,-95.2024,"GREG",18,18,,"Y","N"
4331,2018,"05/19/18 00:00:00","LA","Biloxi North","Little Mud Grass Island Northeast",29.9628,-89.3156,"GREG",18,20,,"Y","N"
5204,2021,"05/24/21 00:00:00","AL","Mississippi Sound","Marsh Island",30.321609,-88.223833,"GREG",18,12,,"Y","N"
5205,2021,"06/17/21 00:00:00","LA","Biloxi North","Biloxi North 35",29.951,-89.253,"GREG",18,18,,"Y","N"
535,2010,"06/08/10 00:00:00","FL","Florida Keys","Channel Key",24.7931,-80.9153,"LAGU",18,21,,"Y","N"
540,2010,"05/07/10 00:00:00","LA","Biloxi North","Biloxi North 25",29.9059,-89.2954,"LAGU",18,58,,"Y","N"
3013,2013,"05/24/13 00:00:00","LA","Biloxi North","Biloxi North 11",30.0324,-89.3141,"LAGU",18,29,,"Y","N"
3014,2013,"06/19/13 00:00:00","LA","Barataria Bay","Bastian Island",29.296,-89.66549999999999,"LAGU",18,35,,"Y","N"
3637,2015,"05/17/15 00:00:00","LA","Biloxi North","Biloxi North 36",30.0497,-89.3038,"LAGU",18,28,,"Y","N"
4335,2018,"06/24/18 00:00:00","LA","Breton-Chandeleur Islands","New Harbor Island 2",29.8565,-88.875,"LAGU",18,24,,"Y","N"
5212,2021,"05/23/21 00:00:00","LA","Biloxi North","Biloxi North 5",30.0675,-89.2069,"LAGU",18,68,,"Y","N"
5213,2021,"06/16/21 00:00:00","LA","Breton-Chandeleur Islands","Curlew Island",29.66636,-88.96111999999999,"LAGU",18,74,,"Y","N"
5206,2021,"05/25/21 00:00:00","FL","Apalachicola West","Saint Andrews State Park Buttonwood Marsh",30.13326,-85.73546,"LBHE",18,22,,"Y","N"
3638,2015,"05/17/15 00:00:00","LA","Biloxi South","Long Bay Island",29.5021,-89.5356,"ROSP",18,42,,"Y","N"
4337,2018,"05/19/18 00:00:00","LA","Biloxi North","Biloxi North 3",30.0997,-89.283,"ROSP",18,35,,"Y","N"
5207,2021,"05/20/21 00:00:00","LA","Atchafalaya Bay","Heron Island",29.4282,-91.3287,"ROSP",18,22,,"Y","N"
537,2010,"06/11/10 00:00:00","FL","Tampa Bay","Dog Leg Key",27.802,-82.76179999999999,"SNEG",18,24,,"Y","N"
1808,2011,"06/14/11 00:00:00","LA","Biloxi North","Biloxi North 16",29.9984,-89.2924,"SNEG",18,18,,"Y","N"
5208,2021,"06/16/21 00:00:00","LA","Biloxi North","Biloxi North 4",30.0909,-89.23180000000001,"SNEG",18,22,,"Y","N"
536,2010,"06/26/10 00:00:00","TX","Salt Bayou","High Island",29.57351,-94.38930000000001,"TRHE",18,21,,"Y","N"
1809,2011,"05/18/11 00:00:00","LA","Biloxi South","Biloxi South 10 A",29.53141,-89.55392000000001,"TRHE",18,24,,"Y","N"
3012,2013,"06/19/13 00:00:00","LA","Biloxi North","Biloxi North 10 B",30.0516,-89.31829999999999,"TRHE",18,20,,"Y","N"
3634,2015,"05/17/15 00:00:00","LA","Biloxi South","Long Bay Island",29.5021,-89.5356,"TRHE",18,21,,"Y","N"
4330,2018,"05/19/18 00:00:00","LA","Biloxi North","Hell Pass Coast A",29.93259,-89.30759999999999,"TRHE",18,19,,"Y","N"
541,2010,"06/25/10 00:00:00","TX","Galveston","North Deer Island",29.28519,-94.92462,"WFIB",18,428,,"Y","N"
1810,2011,"05/18/11 00:00:00","LA","Barataria Bay","Bay Ronquille Northwest Island",29.3631,-89.85339999999999,"WHIB",18,37,,"Y","N"
3015,2013,"05/24/13 00:00:00","LA","Lake Borgne","Half Moon Island",30.1376,-89.43519999999999,"WHIB",18,49,,"Y","N"
546,2010,"05/08/10 00:00:00","LA","Biloxi South","Biloxi South 3",29.7017,-89.5487,"BCNH",17,24,,"Y","N"
1814,2011,"05/17/11 00:00:00","LA","Terrebonne Bay","Raccoon Island",29.0505,-90.92659999999999,"BCNH",17,30,,"Y","Y"
1813,2011,"06/15/11 00:00:00","LA","Breton-Chandeleur Islands","Chandeleur South A",29.809332,-88.86106700000001,"BLSK",17,26,,"Y","N"
1816,2011,"06/18/11 00:00:00","LA","Barataria Bay","Queen Bess Island",29.3043,-89.9592,"BLSK",17,38,,"Y","N"
1818,2011,"06/14/11 00:00:00","LA","Biloxi North","Brush Island",30.034,-89.1863,"BLSK",17,53,,"Y","N"
1817,2011,"06/17/11 00:00:00","LA","Biloxi South","Biloxi South 5 A",29.6523,-89.464,"BRPE",17,44,,"Y","N"
1811,2011,"05/20/11 00:00:00","AL","Mobile Bay Interior","Gaillard Island",30.5063,-88.03619999999999,"DAIB",17,17,,"Y","N"
542,2010,"06/10/10 00:00:00","FL","Charlotte Harbor","Big Hickory Bay Islet",26.3531,-81.8415,"DCCO",17,17,,"Y","N"
3640,2015,"06/21/15 00:00:00","LA","Biloxi North","Bayou Pintou",30.128,-89.224,"FOTE",17,32,,"Y","N"
4340,2018,"05/19/18 00:00:00","LA","Biloxi North","Mink Island",30.00568,-89.30034999999999,"FOTE",17,18,,"Y","N"
4342,2018,"06/23/18 00:00:00","LA","Biloxi South","Biloxi South 17",29.714347,-89.567863,"FOTE",17,42,,"Y","N"
5220,2021,"06/16/21 00:00:00","LA","Breton-Chandeleur Islands","Chandeleur South B",29.79898,-88.86415599999999,"FOTE",17,21,,"Y","N"
2409,2012,"05/27/12 00:00:00","LA","Atchafalaya Bay","Heron Island",29.4282,-91.3287,"GBHE",17,12,,"Y","N"
4338,2018,"06/23/18 00:00:00","LA","Biloxi North","Redfish Bend",29.9679,-89.2276,"GBTE",17,17,,"Y","N"
5216,2021,"06/20/21 00:00:00","TX","Lower Laguna Madre","Northeast Mansfield Intersection Spoil",26.56432,-97.40021,"GBTE",17,19,,"Y","N"
5218,2021,"06/16/21 00:00:00","LA","Breton-Chandeleur Islands","Curlew Island",29.66636,-88.96111999999999,"GBTE",17,20,,"Y","N"
543,2010,"06/24/10 00:00:00","TX","Galveston","Drum Bay Islands 2",29.0123,-95.2253,"GREG",17,18,,"Y","N"
544,2010,"05/17/10 00:00:00","LA","Terrebonne Bay","Pelican Island",29.1437,-90.3475,"GREG",17,18,,"Y","N"
545,2010,"06/24/10 00:00:00","TX","Galveston","Arcadia Reef B",29.0293,-95.2008,"LAGU",17,21,,"Y","N"
548,2010,"06/23/10 00:00:00","TX","Corpus Christi-Aransas Bay","Second Chain of Islands K",28.18135,-96.81731000000001,"LAGU",17,27,,"Y","N"
1815,2011,"06/15/11 00:00:00","LA","Breton-Chandeleur Islands","Chandeleur North F",29.881806,-88.828345,"LAGU",17,32,,"Y","N"
3017,2013,"06/19/13 00:00:00","LA","Biloxi North","Biloxi North 10 E",30.0502,-89.3117,"LAGU",17,27,,"Y","N"
3641,2015,"05/17/15 00:00:00","LA","Biloxi South","Biloxi South 1",29.6873,-89.4646,"LAGU",17,63,,"Y","N"
4341,2018,"05/19/18 00:00:00","LA","Biloxi North","Biloxi North 10 C",30.0481,-89.3202,"LAGU",17,21,,"Y","N"
5217,2021,"06/18/21 00:00:00","TX","Galveston","Mayes Lake North",29.83194,-94.77016999999999,"LBHE",17,19,,"Y","N"
549,2010,"06/25/10 00:00:00","TX","Galveston","Marker 52 Spoil Island",29.290621,-94.92918,"NECO",17,73,,"Y","N"
5221,2021,"05/18/21 00:00:00","TX","Galveston","Evia Island",29.4282,-94.7638,"NECO",17,33,,"Y","N"
5222,2021,"05/17/21 00:00:00","TX","Corpus Christi-Aransas Bay","Second Chain of Islands G",28.192882,-96.81453399999999,"REEG",17,36,"DM/WM combined","Y","N"
550,2010,"06/25/10 00:00:00","TX","Galveston","North Deer Island",29.28519,-94.92462,"ROYT",17,352,,"Y","N"
3639,2015,"06/21/15 00:00:00","LA","Breton-Chandeleur Islands","Gosier Islands South",29.52369,-89.09535,"ROYT",17,18,,"Y","N"
547,2010,"05/07/10 00:00:00","LA","Biloxi North","Dry Bread Island",29.8426,-89.3064,"SNEG",17,26,,"Y","N"
1812,2011,"05/19/11 00:00:00","LA","Biloxi North","Drum Bay Island",29.9197,-89.2627,"SNEG",17,17,,"Y","N"
3016,2013,"06/19/13 00:00:00","LA","Birdsfoot East","Birdsfoot East 4 A",28.974693,-89.363755,"SNEG",17,24,,"Y","N"
4339,2018,"06/23/18 00:00:00","LA","Biloxi South","Biloxi South 5 B",29.6521,-89.4577,"SNEG",17,17,,"Y","N"
5219,2021,"05/25/21 00:00:00","FL","Apalachee Bay","Rock Island",29.97151,-83.82935999999999,"SNEG",17,20,,"Y","N"
5214,2021,"06/20/21 00:00:00","TX","Upper Laguna Madre","Naval Air Station Islands G",27.668877,-97.251941,"TRHE",17,7,,"Y","N"
5215,2021,"06/20/21 00:00:00","TX","Upper Laguna Madre","Naval Air Station Islands F",27.67074,-97.24847699999999,"TRHE",17,11,,"Y","N"
557,2010,"06/23/10 00:00:00","TX","East Matagorda Bay","Dressing Point",28.73145,-95.76074,"BCNH",16,22,,"Y","N"
2412,2012,"05/28/12 00:00:00","LA","Biloxi South","Belle Isle",29.5758,-89.5727,"BCNH",16,19,,"Y","N"
5228,2021,"06/17/21 00:00:00","LA","Biloxi North","Hell Pass Coast C",29.92569,-89.31116,"BCNH",16,17,,"Y","N"
5230,2021,"06/17/21 00:00:00","LA","Biloxi North","Biloxi North 16",29.9984,-89.2924,"BCNH",16,21,,"Y","N"
3022,2013,"06/18/13 00:00:00","LA","Biloxi South","Biloxi South 1",29.6873,-89.4646,"BLSK",16,110,,"Y","N"
5234,2021,"06/16/21 00:00:00","LA","Biloxi North","Biloxi North 3",30.0997,-89.283,"BLSK",16,56,,"Y","N"
559,2010,"05/07/10 00:00:00","LA","Breton-Chandeleur Islands","Chandeleur South A",29.809332,-88.86106700000001,"CATE",16,27,,"Y","N"
561,2010,"05/18/10 00:00:00","AL","Mississippi Sound","Terrapin Island",30.335,-88.2619,"CATE",16,55,,"Y","N"
3018,2013,"06/18/13 00:00:00","LA","Breton-Chandeleur Islands","Chandeleur South A",29.809332,-88.86106700000001,"CATE",16,17,,"Y","N"
553,2010,"06/08/10 00:00:00","FL","Florida Keys","Bay Keys",24.6335,-81.7632,"DCCO",16,16,,"Y","N"
560,2010,"06/09/10 00:00:00","FL","Everglades National Park","Rabbit Key",24.9916,-80.8297,"DCCO",16,29,,"Y","N"
1821,2011,"05/19/11 00:00:00","LA","Biloxi North","Dry Bread Island",29.8426,-89.3064,"FOTE",16,29,,"Y","N"
2411,2012,"05/28/12 00:00:00","LA","Biloxi North","West Karako Bay Islet",30.0049,-89.23090000000001,"FOTE",16,16,,"Y","N"
551,2010,"06/25/10 00:00:00","TX","Galveston","West Bay Bird Island",29.09517,-95.14105000000001,"GBHE",16,9,,"Y","N"
552,2010,"06/11/10 00:00:00","FL","Tampa Bay","Little McPherson Bayou Island",27.7058,-82.7351,"GBHE",16,13,,"Y","N"
556,2010,"06/11/10 00:00:00","FL","Tampa Bay","Little Bird Key North",27.793,-82.7775,"GBHE",16,17,,"Y","N"
5223,2021,"05/25/21 00:00:00","FL","Apalachee Bay","Pepperfish Key",29.501954,-83.395151,"GBHE",16,8,,"Y","N"
5224,2021,"05/17/21 00:00:00","TX","Lower Laguna Madre","Green Island Spoils D",26.409412,-97.317728,"GBHE",16,11,,"Y","Y"
558,2010,"05/08/10 00:00:00","LA","Barataria Bay","Beauregard Island",29.27971,-89.97225,"GBTE",16,24,,"Y","N"
1820,2011,"06/15/11 00:00:00","LA","Breton-Chandeleur Islands","Gosier Islands South",29.52369,-89.09535,"GBTE",16,24,,"Y","N"
3019,2013,"06/18/13 00:00:00","LA","Biloxi South","Biloxi South 14",29.659975,-89.45661699999999,"GBTE",16,23,,"Y","Y"
3020,2013,"06/19/13 00:00:00","LA","Biloxi North","Door Point Lagoon 1",30.0637,-89.19280000000001,"GBTE",16,24,,"Y","N"
3021,2013,"06/19/13 00:00:00","LA","Lake Borgne","Half Moon Island",30.1376,-89.43519999999999,"GBTE",16,27,,"Y","N"
5229,2021,"06/20/21 00:00:00","TX","Corpus Christi-Aransas Bay","Shamrock Island",27.75883,-97.16936,"GBTE",16,20,,"Y","N"
554,2010,"06/11/10 00:00:00","FL","Crystal River","Saint Martins Key B",28.8004,-82.7501,"GREG",16,16,,"Y","N"
2410,2012,"06/19/12 00:00:00","LA","Biloxi North","Biloxi North 35",29.951,-89.253,"GREG",16,13,,"Y","N"
3642,2015,"05/16/15 00:00:00","LA","Barataria Bay","Barataria Bay 13",29.321881,-89.871357,"GREG",16,13,,"Y","N"
3643,2015,"05/18/15 00:00:00","AL","Mississippi Sound","Terrapin Island",30.335,-88.2619,"GREG",16,16,,"Y","N"
5226,2021,"06/16/21 00:00:00","LA","Biloxi North","Biloxi North 4",30.0909,-89.23180000000001,"GREG",16,14,,"Y","N"
562,2010,"05/07/10 00:00:00","LA","Biloxi North","Biloxi North 32",29.7637,-89.2869,"LAGU",0,60,,"Y","N"
1819,2011,"06/14/11 00:00:00","LA","Biloxi North","Biloxi North 27",29.8807,-89.2497,"LAGU",16,22,,"Y","N"
2413,2012,"06/21/12 00:00:00","LA","Vermilion Bay","Bayou Platte Island South",29.6069,-91.8913,"LAGU",16,24,,"Y","N"
3645,2015,"05/17/15 00:00:00","LA","Biloxi North","Biloxi North 10 C",30.0481,-89.3202,"LAGU",16,23,,"Y","N"
555,2010,"06/23/10 00:00:00","TX","Corpus Christi-Aransas Bay","Copano Rattlesnake Point",28.0561,-97.13330000000001,"REEG",16,16,,"Y","N"
2414,2012,"05/27/12 00:00:00","LA","Barataria Bay","Barataria Bay 3",29.3427,-89.8023,"ROSP",16,25,,"Y","N"
2415,2012,"05/28/12 00:00:00","LA","Biloxi North","Drum Bay Island",29.9197,-89.2627,"ROSP",16,25,,"Y","N"
5231,2021,"05/17/21 00:00:00","TX","Corpus Christi-Aransas Bay","Pelican Island Spoil B",27.81882,-97.14743,"ROSP",16,29,,"Y","N"
5233,2021,"05/17/21 00:00:00","TX","Lower Laguna Madre","Laguna Vista Spoils A",26.142736,-97.278547,"ROSP",16,34,,"Y","N"
5225,2021,"05/25/21 00:00:00","FL","Apalachicola West","Saint Andrews State Park Buttonwood Marsh",30.13326,-85.73546,"SNEG",16,11,,"Y","N"
3644,2015,"05/17/15 00:00:00","LA","Biloxi South","Biloxi South 5 B",29.6521,-89.4577,"TRHE",16,17,,"Y","N"
5227,2021,"05/18/21 00:00:00","TX","Galveston","Marker 52 Spoil Island",29.290621,-94.92918,"TRHE",16,16,,"Y","N"
5232,2021,"05/24/21 00:00:00","AL","Mississippi Sound","Terrapin Island",30.335,-88.2619,"TRHE",16,29,,"Y","N"
564,2010,"05/07/10 00:00:00","LA","Biloxi North","Biloxi North 30 A",29.8191,-89.31010000000001,"BLSK",15,15,,"Y","N"
4344,2018,"06/24/18 00:00:00","LA","Breton-Chandeleur Islands","Chandeleur South C",29.780414,-88.87419199999999,"BLSK",15,19,,"Y","N"
5244,2021,"06/20/21 00:00:00","TX","Galveston","Cowtrap Lake A",28.861515,-95.527641,"BLSK",15,27,,"Y","N"
3026,2013,"05/23/13 00:00:00","LA","Barataria Bay","Cat Bay South Island",29.3341,-89.8716,"BRPE",15,83,,"Y","N"
5245,2021,"05/17/21 00:00:00","TX","Lower Laguna Madre","East Marker Spoil",26.63626,-97.38531999999999,"BRPE",15,278,,"Y","N"
3027,2013,"05/24/13 00:00:00","LA","Biloxi South","Biloxi South 6",29.6569,-89.5145,"FOTE",15,102,,"Y","N"
3648,2015,"06/21/15 00:00:00","LA","Biloxi North","Biloxi North 40",30.0434,-89.33750000000001,"FOTE",15,37,,"Y","N"
5236,2021,"06/16/21 00:00:00","LA","Breton-Chandeleur Islands","Chandeleur South C",29.780414,-88.87419199999999,"FOTE",15,15,,"Y","N"
565,2010,"06/11/10 00:00:00","FL","Tampa Bay","Sunken Island",27.8469,-82.41500000000001,"GBHE",15,15,,"Y","N"
569,2010,"06/23/10 00:00:00","TX","Corpus Christi-Aransas Bay","Second Chain of Islands J",28.1857,-96.8137,"GBTE",15,18,,"Y","N"
3024,2013,"06/18/13 00:00:00","LA","Biloxi North","Hell Pass Coast",29.92569,-89.31116,"GBTE",15,20,,"Y","N"
3025,2013,"06/18/13 00:00:00","LA","Birdsfoot East","Birdsfoot East 3",29.3725,-89.29989999999999,"GBTE",15,21,,"Y","N"
3646,2015,"06/21/15 00:00:00","LA","Biloxi North","Biloxi North 14",30.0038,-89.20650000000001,"GBTE",15,16,,"Y","N"
4343,2018,"06/24/18 00:00:00","LA","Breton-Chandeleur Islands","Chandeleur South D",29.770378,-88.882942,"GBTE",15,18,,"Y","N"
4345,2018,"06/24/18 00:00:00","LA","Breton-Chandeleur Islands","Chandeleur North A",29.969531,-88.82772199999999,"GBTE",15,20,,"Y","N"
566,2010,"05/17/10 00:00:00","LA","Terrebonne Bay","Felicity Island",29.2558,-90.44,"GREG",15,15,,"Y","N"
2416,2012,"05/28/12 00:00:00","LA","Biloxi South","Biloxi South 3",29.7017,-89.5487,"GREG",15,18,,"Y","N"
572,2010,"05/07/10 00:00:00","LA","Breton-Chandeleur Islands","Chandeleur South C",29.780414,-88.87419199999999,"LAGU",15,177,,"Y","N"
1824,2011,"06/14/11 00:00:00","LA","Biloxi North","Biloxi North 30 B",29.8166,-89.3095,"LAGU",15,29,,"Y","N"
3023,2013,"06/18/13 00:00:00","LA","Biloxi North","Biloxi North 25",29.9059,-89.2954,"LAGU",15,17,,"Y","N"
5243,2021,"06/20/21 00:00:00","TX","Corpus Christi-Aransas Bay","Second Chain of Islands I",28.1888,-96.81523,"LAGU",15,21,,"Y","N"
5238,2021,"05/17/21 00:00:00","TX","Upper Laguna Madre","Pita Island",27.60181,-97.2876,"LBHE",15,16,,"Y","N"
2417,2012,"05/30/12 00:00:00","FL","Apalachicola East","Flag Island South",29.6261,-85.152,"LETE",15,19,,"Y","N"
5240,2021,"05/17/21 00:00:00","TX","Lower Laguna Madre","Green Hill Spoils B",26.48998,-97.38688999999999,"REEG",15,20,,"Y","N"
570,2010,"06/23/10 00:00:00","TX","Corpus Christi-Aransas Bay","West Nueces Bay 51W P",27.85798,-97.49055,"ROSP",15,23,,"Y","N"
3647,2015,"05/16/15 00:00:00","LA","Terrebonne Bay","Terrebonne Bay 1",29.21025,-90.57022000000001,"ROYT",15,29,,"Y","N"
3649,2015,"05/18/15 00:00:00","LA","Biloxi North","Brush Island",30.034,-89.1863,"ROYT",15,98,,"Y","N"
567,2010,"06/10/10 00:00:00","FL","Charlotte Harbor","Tarpon Bay Island",26.4565,-82.07550000000001,"SNEG",15,15,,"Y","N"
1823,2011,"05/18/11 00:00:00","LA","Biloxi South","Belle Isle",29.5758,-89.5727,"SNEG",15,22,,"Y","N"
5239,2021,"05/25/21 00:00:00","FL","Apalachicola West","Saint Andrews State Park Gator Lake",30.12805,-85.73179,"SNEG",15,18,,"Y","N"
5241,2021,"05/17/21 00:00:00","TX","Lower Laguna Madre","Laguna Vista Spoils B",26.142381,-97.28146599999999,"SNEG",15,20,,"Y","N"
563,2010,"06/23/10 00:00:00","TX","Corpus Christi-Aransas Bay","Little Bay C",28.0333,-97.0395,"TRHE",15,12,,"Y","N"
568,2010,"05/18/10 00:00:00","LA","Biloxi North","Biloxi North 10 C",30.0481,-89.3202,"TRHE",15,15,,"Y","N"
2418,2012,"05/27/12 00:00:00","LA","Barataria Bay","Cat Bay South Island",29.3341,-89.8716,"TRHE",15,32,,"Y","N"
5237,2021,"06/17/21 00:00:00","LA","Biloxi North","Biloxi North 10 A",30.0485,-89.322,"TRHE",15,15,,"Y","N"
5242,2021,"06/20/21 00:00:00","TX","Corpus Christi-Aransas Bay","Nueces Causeway",27.84176,-97.37604,"TRHE",15,20,,"Y","N"
571,2010,"06/11/10 00:00:00","FL","Tampa Bay","Sunken Island",27.8469,-82.41500000000001,"UnWa",15,28,"Does not include 14 Empty Nests","Y","N"
1822,2011,"05/18/11 00:00:00","LA","Biloxi South","Biloxi South 11",29.5247,-89.57259999999999,"UNWA",15,11,,"Y","N"
5235,2021,"05/22/21 00:00:00","LA","Terrebonne Bay","Philo Brice Islands",29.18416,-90.34678,"UNWA",15,0,,"Y","N"
2419,2012,"05/27/12 00:00:00","LA","Barataria Bay","Queen Bess Island",29.3043,-89.9592,"WHIB",15,44,,"Y","N"
4346,2018,"06/24/18 00:00:00","LA","Barataria Bay","Beauregard Island",29.27971,-89.97225,"WHIB",15,43,,"Y","N"
5249,2021,"05/22/21 00:00:00","LA","Birdsfoot West","Birdsfoot West 6 A",29.21976,-89.382209,"ANHI",14,15,,"Y","N"
3028,2013,"05/25/13 00:00:00","FL","Apalachicola East","Lake Number Five",29.6471,-85.1279,"BCNH",14,18,,"Y","N"
4348,2018,"05/20/18 00:00:00","LA","Barataria Bay","Queen Bess Island",29.3043,-89.9592,"BCNH",14,17,,"Y","N"
5250,2021,"06/17/21 00:00:00","LA","Biloxi North","Little Mud Grass Island Northeast",29.9628,-89.3156,"BCNH",14,15,,"Y","N"
2424,2012,"06/19/12 00:00:00","LA","Lake Borgne","Half Moon Island",30.1376,-89.43519999999999,"BLSK",14,312,,"Y","N"
5252,2021,"05/23/21 00:00:00","LA","Biloxi North","Redfish Bend",29.9679,-89.2276,"BLSK",14,18,,"Y","N"
575,2010,"06/11/10 00:00:00","FL","Crystal River","Bird Keys Crystal Bay",28.8777,-82.7009,"BRPE",14,14,,"Y","N"
5259,2021,"06/15/21 00:00:00","AL","Mobile Bay Interior","Gaillard Island",30.5063,-88.03619999999999,"CANG",14,123,,"Y","N"
2422,2012,"05/28/12 00:00:00","LA","Biloxi North","Biloxi North 35",29.951,-89.253,"CATE",14,19,,"Y","N"
3030,2013,"06/18/13 00:00:00","LA","Biloxi North","Hell Pass Coast",29.92569,-89.31116,"CATE",14,33,,"Y","N"
5257,2021,"06/18/21 00:00:00","LA","Sabine-Calcasieu","Rabbit Island",29.8494,-93.383,"CATE",14,37,,"Y","N"
573,2010,"06/10/10 00:00:00","FL","Tampa Bay","Edwards Islands Southeast",27.2936,-82.54430000000001,"GBHE",14,7,,"Y","N"
576,2010,"06/11/10 00:00:00","FL","Tampa Bay","Hillsborough Channel Spoil Island",27.8246,-82.43429999999999,"GBTE",14,14,,"Y","N"
579,2010,"06/14/10 00:00:00","LA","Barataria Bay","Bastian Island",29.296,-89.66549999999999,"GBTE",14,18,,"Y","N"
1826,2011,"06/17/11 00:00:00","LA","Biloxi South","Biloxi South 1",29.6873,-89.4646,"GBTE",14,28,,"Y","N"
2420,2012,"05/28/12 00:00:00","LA","Biloxi North","Biloxi North 16",29.9984,-89.2924,"GBTE",14,14,,"Y","N"
3650,2015,"06/21/15 00:00:00","LA","Biloxi North","Biloxi North 38",30.00238,-89.21496999999999,"GBTE",14,15,,"Y","N"
4347,2018,"06/24/18 00:00:00","LA","Breton-Chandeleur Islands","Curlew Island",29.66636,-88.96111999999999,"GBTE",14,15,,"Y","N"
5251,2021,"06/15/21 00:00:00","AL","Mobile Bay Interior","Gaillard Island",30.5063,-88.03619999999999,"GBTE",14,17,,"Y","N"
5254,2021,"06/14/21 00:00:00","FL","Apalachicola East","Lanark Reef West",29.871013,-84.590857,"GBTE",14,27,,"Y","N"
577,2010,"06/10/10 00:00:00","FL","Tampa Bay","Blackburn Bay Island South",27.1412,-82.47190000000001,"GREG",14,15,,"Y","N"
5246,2021,"05/24/21 00:00:00","AL","Mississippi Sound","Isle Aux Herbes",30.345969,-88.259531,"GREG",14,5,,"Y","N"
1827,2011,"05/17/11 00:00:00","LA","Terrebonne Bay","Pelican Island",29.1437,-90.3475,"LAGU",14,170,,"Y","N"
2421,2012,"05/28/12 00:00:00","LA","Biloxi South","Biloxi South 14",29.659975,-89.45661699999999,"LAGU",14,14,,"Y","N"
3653,2015,"06/21/15 00:00:00","LA","Biloxi North","Biloxi North 4",30.0909,-89.23180000000001,"LAGU",14,46,,"Y","Y"
5258,2021,"06/17/21 00:00:00","LA","Biloxi North","Comfort Island",29.825987,-89.254186,"LAGU",14,42,,"Y","N"
5255,2021,"06/14/21 00:00:00","FL","Apalachicola West","Crooked Island North",30.00567,-85.54322000000001,"LETE",14,27,,"Y","N"
5248,2021,"06/20/21 00:00:00","TX","Upper Laguna Madre","Naval Air Station Islands H",27.664078,-97.248767,"REEG",14,14,"DM/WM combined","Y","N"
580,2010,"06/12/10 00:00:00","FL","Apalachicola East","Flag Island South",29.6261,-85.152,"ROSA",14,841,,"Y","N"
3029,2013,"06/18/13 00:00:00","LA","Biloxi North","Biloxi North 16",29.9984,-89.2924,"ROSP",14,18,,"Y","N"
3652,2015,"06/21/15 00:00:00","LA","Biloxi North","Biloxi North 38",30.00238,-89.21496999999999,"ROSP",14,31,,"Y","N"
578,2010,"05/18/10 00:00:00","LA","Biloxi North","Biloxi North 10 B",30.0516,-89.31829999999999,"SNEG",14,15,,"Y","N"
2423,2012,"05/28/12 00:00:00","LA","Biloxi South","Biloxi South 5 B",29.6521,-89.4577,"SNEG",14,19,,"Y","N"
3031,2013,"05/23/13 00:00:00","LA","Barataria Bay","Queen Bess Island",29.3043,-89.9592,"SNEG",14,43,,"Y","N"
5253,2021,"05/25/21 00:00:00","FL","Apalachee Bay","Pepperfish Key",29.501954,-83.395151,"SNEG",14,24,,"Y","N"
5256,2021,"05/17/21 00:00:00","TX","Upper Laguna Madre","Tern Island",27.65791,-97.25123000000001,"SNEG",14,29,,"Y","N"
574,2010,"06/24/10 00:00:00","TX","Galveston","Drum Bay Islands 5",29.0193,-95.2188,"TRHE",14,13,,"Y","N"
3651,2015,"06/21/15 00:00:00","LA","Biloxi North","Biloxi North 26",29.8979,-89.301,"TRHE",14,18,,"Y","N"
5247,2021,"05/25/21 00:00:00","FL","Apalachicola East","Lake Number Five",29.6471,-85.1279,"TRHE",14,11,,"Y","N"
1825,2011,"05/20/11 00:00:00","AL","Mississippi Sound","Terrapin Island",30.335,-88.2619,"WHIB",14,19,,"Y","N"
589,2010,"05/17/10 00:00:00","LA","Sabine-Calcasieu","Rabbit Island",29.8494,-93.383,"BCNH",13,14,,"Y","N"
5265,2021,"05/22/21 00:00:00","LA","Barataria Bay","Beauregard Island",29.27971,-89.97225,"BCNH",13,19,,"Y","N"
2429,2012,"05/29/12 00:00:00","AL","Mississippi Sound Gulf Islands","Dauphin Island 2",30.2274,-88.3173,"BLSK",13,68,,"Y","N"
4351,2018,"06/23/18 00:00:00","LA","Biloxi South","Biloxi South 6",29.6569,-89.5145,"BLSK",13,18,,"Y","N"
4352,2018,"06/24/18 00:00:00","LA","Breton-Chandeleur Islands","Chandeleur North C",29.929685,-88.82179600000001,"BLSK",13,19,,"Y","N"
4353,2018,"06/24/18 00:00:00","LA","Breton-Chandeleur Islands","Chandeleur South A",29.809332,-88.86106700000001,"BLSK",13,22,,"Y","N"
4356,2018,"05/19/18 00:00:00","LA","Biloxi North","Door Point Lagoon 2",30.06117,-89.18415,"BLSK",13,55,,"Y","N"
583,2010,"06/08/10 00:00:00","FL","Everglades National Park","Buchanan Keys",24.9199,-80.7752,"BRPE",13,9,,"Y","N"
596,2010,"05/08/10 00:00:00","LA","Biloxi South","Biloxi South 1",29.6873,-89.4646,"CATE",13,31,,"Y","N"
1831,2011,"05/19/11 00:00:00","LA","Breton-Chandeleur Islands","Chandeleur North F",29.881806,-88.828345,"CATE",13,26,,"Y","N"
5268,2021,"06/17/21 00:00:00","LA","Biloxi South","Biloxi South 6",29.6569,-89.5145,"CATE",13,35,,"Y","N"
594,2010,"06/08/10 00:00:00","FL","Florida Keys","Pelican Key",25.0925,-80.4555,"DCCO",13,20,,"Y","N"
597,2010,"06/08/10 00:00:00","FL","Florida Keys","Boca Grande Key",24.5328,-82.0043,"DCCO",13,31,,"Y","N"
585,2010,"05/08/10 00:00:00","LA","Biloxi South","Biloxi South 6",29.6569,-89.5145,"FOTE",13,13,,"Y","N"
586,2010,"06/23/10 00:00:00","TX","Corpus Christi-Aransas Bay","Causeway Island Platforms A",27.9326,-97.09950000000001,"GBHE",13,13,,"Y","N"
587,2010,"06/10/10 00:00:00","FL","Charlotte Harbor","Okeechobee Waterway Spoil Island",26.51,-82.02500000000001,"GBHE",13,13,,"Y","N"
591,2010,"06/23/10 00:00:00","TX","Corpus Christi-Aransas Bay","Long Reef Deadman Islands A",28.0659,-96.9629,"GBHE",13,15,,"Y","N"
3034,2013,"06/19/13 00:00:00","LA","Atchafalaya Bay","Heron Island",29.4282,-91.3287,"GBHE",13,15,,"Y","N"
5260,2021,"06/20/21 00:00:00","TX","Corpus Christi-Aransas Bay","Second Chain of Islands I",28.1888,-96.81523,"GBHE",13,11,,"Y","N"
1829,2011,"06/13/11 00:00:00","AL","Mississippi Sound Gulf Islands","Dauphin Island 4",30.237943,-88.255144,"GBTE",13,14,,"Y","N"
1830,2011,"05/20/11 00:00:00","FL","Apalachicola East","Flag Island South",29.6261,-85.152,"GBTE",13,25,,"Y","N"
3032,2013,"06/18/13 00:00:00","LA","Breton-Chandeleur Islands","Chandeleur North D",29.901692,-88.824851,"GBTE",13,13,,"Y","N"
3654,2015,"06/21/15 00:00:00","LA","Breton-Chandeleur Islands","Gosier Islands South",29.52369,-89.09535,"GBTE",13,13,,"Y","N"
5266,2021,"06/17/21 00:00:00","LA","Biloxi North","Biloxi North 18",29.992825,-89.249568,"GBTE",13,19,,"Y","N"
582,2010,"06/10/10 00:00:00","FL","Charlotte Harbor","Black Key South Islet",26.4113,-81.8549,"GREG",13,8,,"Y","N"
584,2010,"06/10/10 00:00:00","FL","Charlotte Harbor","Pine Island Sound 1",26.4979,-82.11239999999999,"GREG",13,12,,"Y","N"
590,2010,"06/11/10 00:00:00","FL","Tampa Bay","Jackass Key",27.6692,-82.7175,"GREG",13,14,,"Y","N"
592,2010,"05/08/10 00:00:00","LA","Biloxi South","Biloxi South 3",29.7017,-89.5487,"GREG",13,16,,"Y","N"
599,2010,"06/13/10 00:00:00","AL","Mobile Bay Interior","Battery McIntosh",30.6686,-88.0125,"GREG",13,48,,"Y","N"
598,2010,"05/07/10 00:00:00","LA","Biloxi North","Biloxi Lake B 2",29.9207,-89.53740000000001,"LAGU",13,46,,"Y","N"
4355,2018,"06/23/18 00:00:00","LA","Biloxi North","Bayou Pintou",30.128,-89.224,"LAGU",13,36,,"Y","N"
5262,2021,"06/16/21 00:00:00","LA","Breton-Chandeleur Islands","Chandeleur North B",29.949821,-88.823795,"LAGU",13,16,,"Y","N"
3657,2015,"05/18/15 00:00:00","AL","Mississippi Sound","Terrapin Island",30.335,-88.2619,"LBHE",13,18,,"Y","N"
5264,2021,"05/18/21 00:00:00","TX","Galveston","Dickinson Bay Spoil Island",29.46827,-94.94542,"LBHE",13,17,,"Y","N"
5261,2021,"06/18/21 00:00:00","LA","Sabine-Calcasieu","Rabbit Island",29.8494,-93.383,"REEG",13,15,,"Y","N"
5269,2021,"06/20/21 00:00:00","TX","Corpus Christi-Aransas Bay","Nueces Causeway",27.84176,-97.37604,"SATE",13,99,,"Y","N"
593,2010,"06/23/10 00:00:00","TX","Corpus Christi-Aransas Bay","West Nueces Bay 51W D",27.85152,-97.47873,"SNEG",13,18,,"Y","N"
2425,2012,"05/30/12 00:00:00","AL","Mobile Bay Interior","Battery McIntosh",30.6686,-88.0125,"SNEG",13,13,,"Y","N"
2427,2012,"06/20/12 00:00:00","LA","Biloxi North","Biloxi North 10 B",30.0516,-89.31829999999999,"SNEG",13,24,,"Y","N"
2428,2012,"05/27/12 00:00:00","LA","Terrebonne Bay","Raccoon Island",29.0505,-90.92659999999999,"SNEG",13,24,,"Y","N"
3035,2013,"05/24/13 00:00:00","LA","Biloxi North","Drum Bay Island",29.9197,-89.2627,"SNEG",13,20,,"Y","N"
3656,2015,"05/18/15 00:00:00","AL","Mississippi Sound","Terrapin Island",30.335,-88.2619,"SNEG",13,16,,"Y","N"
4349,2018,"05/21/18 00:00:00","LA","Atchafalaya Bay","Heron Island",29.4282,-91.3287,"SNEG",13,13,,"Y","N"
588,2010,"06/23/10 00:00:00","TX","Matagorda Bay","Kamey Island",28.4554,-96.80629999999999,"TRHE",13,13,,"Y","N"
1828,2011,"06/14/11 00:00:00","LA","Biloxi North","Biloxi North 10 D",30.0476,-89.31829999999999,"TRHE",13,7,,"Y","N"
2426,2012,"05/29/12 00:00:00","AL","Mississippi Sound","Terrapin Island",30.335,-88.2619,"TRHE",13,13,,"Y","N"
3033,2013,"06/19/13 00:00:00","LA","Biloxi North","Biloxi North 10 C",30.0481,-89.3202,"TRHE",13,14,,"Y","N"
3655,2015,"05/18/15 00:00:00","FL","Apalachicola East","Lake Number Five",29.6471,-85.1279,"TRHE",13,15,,"Y","N"
4350,2018,"06/23/18 00:00:00","LA","Biloxi South","Biloxi South 5 B",29.6521,-89.4577,"TRHE",13,14,,"Y","N"
5263,2021,"06/19/21 00:00:00","LA","Barataria Bay","Belle Pass East",29.0901,-90.22190000000001,"TRHE",13,16,,"Y","Y"
581,2010,"06/24/10 00:00:00","TX","Galveston","Wolf Lake Skimmer Area",29.0337,-95.2409,"UNGT",13,0,"Does not include 136 Empty Nests","Y","N"
595,2010,"06/23/10 00:00:00","TX","Matagorda Bay","Chester Island",28.45174,-96.34689,"WHIB",13,22,,"Y","N"
4354,2018,"05/19/18 00:00:00","LA","Biloxi North","Biloxi North 16",29.9984,-89.2924,"WHIB",13,22,,"Y","N"
5267,2021,"06/17/21 00:00:00","LA","Biloxi North","Little Mud Grass Island Northeast",29.9628,-89.3156,"WHIB",13,24,,"Y","N"
1836,2011,"05/20/11 00:00:00","AL","Mobile Bay Interior","Gaillard Island",30.5063,-88.03619999999999,"BCNH",12,17,,"Y","N"
5278,2021,"05/17/21 00:00:00","TX","Matagorda Bay","Lavaca Bay Spoils E",28.59947,-96.56207999999999,"BCNH",12,47,,"Y","N"
612,2010,"05/08/10 00:00:00","LA","Biloxi South","Biloxi South 9",29.5392,-89.53530000000001,"BLSK",12,65,,"Y","N"
3662,2015,"05/17/15 00:00:00","LA","Biloxi North","Hell Pass Coast A",29.93259,-89.30759999999999,"BLSK",12,144,,"Y","N"
606,2010,"05/07/10 00:00:00","LA","Breton-Chandeleur Islands","New Harbor Island 1",29.87609,-88.87682,"BRPE",12,18,,"Y","N"
3036,2013,"05/25/13 00:00:00","FL","Apalachicola East","Lake Number Five",29.6471,-85.1279,"CAEG",12,12,,"Y","N"
607,2010,"06/23/10 00:00:00","TX","Corpus Christi-Aransas Bay","West Nueces Bay 51W K",27.85912,-97.49294999999999,"CATE",12,21,,"Y","N"
4359,2018,"05/20/18 00:00:00","LA","Breton-Chandeleur Islands","Chandeleur South D",29.770378,-88.882942,"CATE",12,21,,"Y","N"
600,2010,"06/09/10 00:00:00","FL","Everglades National Park","Clive Key",25.0799,-80.9284,"GBHE",12,5,,"Y","N"
601,2010,"06/11/10 00:00:00","FL","Tampa Bay","Clearwater Harbor Island",27.966,-82.8146,"GBHE",12,12,,"Y","N"
602,2010,"06/10/10 00:00:00","FL","Charlotte Harbor","Hemp Key",26.6005,-82.1524,"GBHE",12,12,,"Y","N"
5270,2021,"06/15/21 00:00:00","AL","Mobile Bay Seashore","Bon Secour 3",30.231185,-88.005818,"GBHE",12,8,,"Y","N"
5271,2021,"05/17/21 00:00:00","TX","Lower Laguna Madre","Green Island Spoils F",26.409668,-97.311339,"GBHE",12,10,,"Y","Y"
5273,2021,"05/17/21 00:00:00","TX","Lower Laguna Madre","Green Island Spoils B",26.409121,-97.323667,"GBHE",12,14,,"Y","Y"
605,2010,"05/18/10 00:00:00","MS","Mississippi Sound Gulf Islands","Horn Island",30.23863,-88.68608999999999,"GBTE",12,17,,"Y","N"
3038,2013,"05/24/13 00:00:00","MS","Mississippi Sound Gulf Islands","Ship Island West",30.21127,-88.98289,"GBTE",12,13,,"Y","N"
3040,2013,"06/19/13 00:00:00","LA","Barataria Bay","Bastian Island",29.296,-89.66549999999999,"GBTE",12,21,,"Y","N"
3658,2015,"06/21/15 00:00:00","LA","Breton-Chandeleur Islands","Gosier Islands North",29.5517,-89.06444,"GBTE",12,13,,"Y","N"
4357,2018,"06/23/18 00:00:00","LA","Biloxi North","Biloxi North 5",30.0675,-89.2069,"GBTE",12,12,,"Y","N"
4358,2018,"06/23/18 00:00:00","LA","Biloxi North","Hell Pass Coast A",29.93259,-89.30759999999999,"GBTE",12,18,,"Y","N"
3037,2013,"05/24/13 00:00:00","LA","Biloxi South","Biloxi South 15",29.5324,-89.57510000000001,"GREG",12,12,,"Y","N"
610,2010,"05/07/10 00:00:00","LA","Biloxi North","Biloxi North 15",29.9943,-89.2162,"LAGU",12,35,,"Y","N"
1837,2011,"05/19/11 00:00:00","LA","Biloxi North","Biloxi North 36",30.0497,-89.3038,"LAGU",12,17,,"Y","N"
3041,2013,"06/19/13 00:00:00","LA","Biloxi North","Bayou Pintou",30.128,-89.224,"LAGU",12,99,,"Y","N"
3661,2015,"06/20/15 00:00:00","LA","Vermilion Bay","Bayou Platte Island South",29.6069,-91.8913,"LAGU",12,19,,"Y","N"
5272,2021,"06/17/21 00:00:00","LA","Biloxi North","Biloxi North 10 D",30.0476,-89.31829999999999,"LAGU",12,12,,"Y","N"
5277,2021,"06/18/21 00:00:00","LA","Vermilion Bay","Bayou Platte Island South",29.6069,-91.8913,"LAGU",12,33,,"Y","N"
603,2010,"06/23/10 00:00:00","TX","Matagorda Bay","Lavaca Bay Spoils E",28.59947,-96.56207999999999,"LBHE",12,12,,"Y","N"
1834,2011,"05/18/11 00:00:00","LA","Biloxi South","Biloxi South 3",29.7017,-89.5487,"LBHE",12,15,,"Y","N"
1839,2011,"05/17/11 00:00:00","LA","Atchafalaya Bay","Skimmer Island",29.3864,-91.3836,"LBHE",12,20,,"Y","N"
5276,2021,"05/25/21 00:00:00","FL","Apalachicola West","Saint Andrews State Park Gator Lake",30.12805,-85.73179,"LBHE",12,19,,"Y","N"
5274,2021,"06/18/21 00:00:00","LA","Atchafalaya Bay","Point au Fer",29.327788,-91.350965,"LETE",12,14,,"Y","N"
613,2010,"06/11/10 00:00:00","FL","Crystal River","Seahorse Key",29.0969,-83.06610000000001,"MAFR",12,555,,"Y","N"
3039,2013,"05/23/13 00:00:00","LA","Terrebonne Bay","Felicity Island",29.2558,-90.44,"REEG",12,13,,"Y","N"
609,2010,"06/23/10 00:00:00","TX","Corpus Christi-Aransas Bay","Nueces Causeway",27.84176,-97.37604,"ROSP",12,29,,"Y","N"
611,2010,"06/26/10 00:00:00","LA","Sabine-Calcasieu","Point Hunt Island",29.7471,-93.8862,"ROSP",12,45,"Does not include 17 Empty Nests","Y","N"
4361,2018,"05/21/18 00:00:00","LA","Terrebonne Bay","Raccoon Island",29.0505,-90.92659999999999,"ROSP",12,47,,"Y","N"
608,2010,"05/07/10 00:00:00","LA","Biloxi North","Biloxi North 32",29.7637,-89.2869,"ROYT",0,24,,"Y","N"
5275,2021,"06/18/21 00:00:00","LA","Terrebonne Bay","Felicity Island",29.2558,-90.44,"SATE",12,16,,"Y","N"
1833,2011,"05/18/11 00:00:00","LA","Barataria Bay","Bay Ronquille Northwest Island",29.3631,-89.85339999999999,"SNEG",12,13,,"Y","N"
2430,2012,"06/19/12 00:00:00","LA","Lake Borgne","Half Moon Island",30.1376,-89.43519999999999,"SNEG",12,13,,"Y","N"
2431,2012,"05/28/12 00:00:00","LA","Biloxi North","Dry Bread Island",29.8426,-89.3064,"SNEG",12,26,,"Y","N"
4360,2018,"05/19/18 00:00:00","LA","Biloxi North","Little Mud Grass Island Northeast",29.9628,-89.3156,"SNEG",12,23,,"Y","N"
604,2010,"05/08/10 00:00:00","LA","Biloxi South","Biloxi South 10 C",29.53327,-89.55606,"TRHE",12,13,,"Y","N"
1832,2011,"05/18/11 00:00:00","LA","Birdsfoot West","Birdsfoot West 3",29.2122,-89.3914,"TRHE",12,12,,"Y","N"
2432,2012,"05/27/12 00:00:00","LA","Barataria Bay","Cat Bay North Island",29.3656,-89.8646,"TRHE",12,39,,"Y","N"
3659,2015,"06/21/15 00:00:00","LA","Biloxi South","Biloxi South 10 B",29.5289,-89.55068,"TRHE",12,14,,"Y","N"
1835,2011,"05/18/11 00:00:00","LA","Biloxi South","Biloxi South 11",29.5247,-89.57259999999999,"WHIB",12,15,,"Y","N"
1838,2011,"05/18/11 00:00:00","LA","Biloxi South","Biloxi South 10 A",29.53141,-89.55392000000001,"WHIB",12,18,,"Y","N"
3660,2015,"06/21/15 00:00:00","LA","Biloxi North","Biloxi North 10 D",30.0476,-89.31829999999999,"WHIB",12,17,,"Y","N"
3665,2015,"05/16/15 00:00:00","LA","Atchafalaya Bay","Heron Island",29.4282,-91.3287,"ANHI",11,14,,"Y","N"
1841,2011,"05/19/11 00:00:00","LA","Biloxi North","Dry Bread Island",29.8426,-89.3064,"BCNH",11,11,,"Y","N"
1843,2011,"05/20/11 00:00:00","AL","Mississippi Sound","Cat Island",30.3207,-88.2099,"BCNH",11,13,,"Y","N"
3045,2013,"05/24/13 00:00:00","LA","Biloxi South","Biloxi South 5 B",29.6521,-89.4577,"BCNH",11,19,,"Y","N"
5279,2021,"06/17/21 00:00:00","LA","Biloxi North","Hell Pass Coast B",29.92847,-89.3079,"BCNH",11,11,,"Y","N"
5286,2021,"06/17/21 00:00:00","LA","Biloxi South","Long Bay Island",29.5021,-89.5356,"BCNH",11,14,,"Y","N"
5288,2021,"06/17/21 00:00:00","LA","Biloxi North","Biloxi North 18",29.992825,-89.249568,"BLSK",11,21,,"Y","N"
5290,2021,"06/15/21 00:00:00","AL","Mobile Bay Interior","Gaillard Island",30.5063,-88.03619999999999,"BLSK",11,37,,"Y","N"
3669,2015,"06/21/15 00:00:00","LA","Biloxi South","Biloxi South 10 B",29.5289,-89.55068,"BRPE",11,32,,"Y","N"
3042,2013,"06/18/13 00:00:00","LA","Biloxi North","Biloxi North 14",30.0038,-89.20650000000001,"CATE",11,11,,"Y","N"
3050,2013,"06/17/13 00:00:00","AL","Mississippi Sound","Terrapin Island",30.335,-88.2619,"CATE",11,78,,"Y","N"
3051,2013,"06/18/13 00:00:00","LA","Biloxi South","Long Bay Island",29.5021,-89.5356,"CATE",11,84,,"Y","N"
3663,2015,"06/21/15 00:00:00","LA","Breton-Chandeleur Islands","Chandeleur South E",29.765024,-88.887086,"CATE",11,11,,"Y","N"
3668,2015,"05/17/15 00:00:00","LA","Biloxi North","Hell Pass Coast A",29.93259,-89.30759999999999,"CATE",11,21,,"Y","N"
5289,2021,"06/16/21 00:00:00","LA","Breton-Chandeleur Islands","Curlew Island",29.66636,-88.96111999999999,"CATE",11,27,,"Y","N"
616,2010,"06/11/10 00:00:00","FL","Crystal River","Homosassa Point Key",28.7776,-82.7336,"GBHE",11,7,,"Y","N"
617,2010,"06/13/10 00:00:00","AL","Mobile Bay Interior","Battery McIntosh",30.6686,-88.0125,"GBHE",11,11,,"Y","N"
621,2010,"06/10/10 00:00:00","FL","Charlotte Harbor","Givney Key",26.5145,-82.0549,"GBHE",11,13,,"Y","N"
1846,2011,"05/17/11 00:00:00","LA","Atchafalaya Bay","Skimmer Island",29.3864,-91.3836,"GBHE",11,16,,"Y","N"
1845,2011,"06/14/11 00:00:00","LA","Biloxi North","Hell Pass Coast",29.92569,-89.31116,"GBTE",11,15,,"Y","N"
3049,2013,"05/23/13 00:00:00","LA","Terrebonne Bay","Raccoon Island",29.0505,-90.92659999999999,"GBTE",11,51,,"Y","N"
4363,2018,"06/24/18 00:00:00","LA","Breton-Chandeleur Islands","Chandeleur North E",29.888395,-88.82646,"GBTE",11,13,,"Y","N"
4364,2018,"05/19/18 00:00:00","LA","Biloxi North","Mink Island",30.00568,-89.30034999999999,"GBTE",11,13,,"Y","N"
5284,2021,"05/17/21 00:00:00","TX","Lower Laguna Madre","Green Island Spoils L",26.413197,-97.296649,"GBTE",11,13,,"Y","N"
618,2010,"06/11/10 00:00:00","FL","Tampa Bay","Sand Keys",28.038,-82.7946,"GREG",11,11,,"Y","N"
625,2010,"06/25/10 00:00:00","TX","Galveston","Marker 52 Spoil Island",29.290621,-94.92918,"GREG",11,18,,"Y","N"
5280,2021,"06/20/21 00:00:00","TX","Corpus Christi-Aransas Bay","Second Chain of Islands I",28.1888,-96.81523,"GREG",11,11,,"Y","N"
619,2010,"05/18/10 00:00:00","LA","Biloxi North","Biloxi North 10 E",30.0502,-89.3117,"LAGU",11,12,,"Y","N"
627,2010,"06/24/10 00:00:00","TX","Galveston","Wolf Lake Skimmer Area",29.0337,-95.2409,"LAGU",11,33,,"Y","N"
3046,2013,"06/18/13 00:00:00","LA","Biloxi North","Biloxi North 27",29.8807,-89.2497,"LAGU",11,23,,"Y","N"
3047,2013,"06/18/13 00:00:00","LA","Biloxi North","Martin Island",29.959,-89.19840000000001,"LAGU",11,36,,"Y","N"
3048,2013,"06/19/13 00:00:00","LA","Biloxi North","Isle au Pitre",30.1526,-89.1968,"LAGU",11,47,,"Y","N"
4365,2018,"05/19/18 00:00:00","LA","Biloxi North","Biloxi North 36",30.0497,-89.3038,"LAGU",11,13,,"Y","N"
2433,2012,"05/30/12 00:00:00","AL","Mobile Bay Interior","Gaillard Island",30.5063,-88.03619999999999,"LBHE",11,11,,"Y","N"
5287,2021,"05/25/21 00:00:00","FL","Apalachicola East","Lake Number Five",29.6471,-85.1279,"LBHE",11,15,,"Y","N"
615,2010,"06/25/10 00:00:00","TX","Galveston","Marker 52 Spoil Island",29.290621,-94.92918,"REEG",11,4,,"Y","N"
3044,2013,"05/24/13 00:00:00","LA","Biloxi South","Belle Isle",29.5758,-89.5727,"REEG",11,15,,"Y","N"
3664,2015,"05/16/15 00:00:00","LA","Atchafalaya Bay","Skimmer Island",29.3864,-91.3836,"REEG",11,13,,"Y","N"
5282,2021,"05/18/21 00:00:00","TX","Galveston","North Deer Island",29.28519,-94.92462,"REEG",11,12,"DM/WM combined","Y","N"
626,2010,"06/11/10 00:00:00","FL","Tampa Bay","Bird Key Terra Ceia",27.5522,-82.59999999999999,"ROSP",11,23,,"Y","N"
3670,2015,"06/21/15 00:00:00","LA","Biloxi North","Biloxi North 35",29.951,-89.253,"ROSP",11,38,,"Y","N"
5285,2021,"06/20/21 00:00:00","TX","East Matagorda Bay","Dressing Point",28.73145,-95.76074,"ROSP",11,13,,"Y","N"
620,2010,"06/10/10 00:00:00","FL","Charlotte Harbor","Givney Key",26.5145,-82.0549,"SNEG",11,12,,"Y","N"
623,2010,"05/18/10 00:00:00","LA","Biloxi North","Biloxi North 10 E",30.0502,-89.3117,"SNEG",11,14,,"Y","N"
1840,2011,"06/14/11 00:00:00","LA","Biloxi North","Biloxi North 10 B",30.0516,-89.31829999999999,"SNEG",11,9,,"Y","N"
3666,2015,"06/21/15 00:00:00","LA","Biloxi North","Dry Bread Island",29.8426,-89.3064,"SNEG",11,14,,"Y","Y"
624,2010,"05/07/10 00:00:00","LA","Biloxi North","Biloxi North 26",29.8979,-89.301,"TRHE",11,16,,"Y","N"
1842,2011,"05/19/11 00:00:00","LA","Biloxi North","Biloxi North 25",29.9059,-89.2954,"TRHE",11,12,,"Y","N"
1844,2011,"06/14/11 00:00:00","LA","Biloxi North","Biloxi North 37",29.9141,-89.3257,"TRHE",11,14,,"Y","N"
3043,2013,"05/23/13 00:00:00","LA","Barataria Bay","Cat Bay South Island",29.3341,-89.8716,"TRHE",11,14,,"Y","N"
3667,2015,"06/21/15 00:00:00","LA","Biloxi North","Hell Pass Coast D",29.9229,-89.31514,"TRHE",11,15,,"Y","N"
4362,2018,"05/19/18 00:00:00","LA","Biloxi North","Biloxi North 10 A",30.0485,-89.322,"TRHE",11,12,,"Y","N"
5281,2021,"06/18/21 00:00:00","TX","Galveston","Rollover Bay B",29.5172,-94.50409999999999,"TRHE",11,11,,"Y","N"
5283,2021,"06/17/21 00:00:00","LA","Biloxi South","Long Bay Island",29.5021,-89.5356,"TRHE",11,12,,"Y","N"
614,2010,"06/25/10 00:00:00","TX","Galveston","Evia Island",29.4282,-94.7638,"UnWa",11,0,,"Y","N"
622,2010,"05/08/10 00:00:00","LA","Biloxi North","Biloxi North 10 B",30.0516,-89.31829999999999,"WHEG",11,13,,"Y","N"
3053,2013,"05/24/13 00:00:00","LA","Biloxi North","Drum Bay Island",29.9197,-89.2627,"BCNH",10,11,,"Y","N"
5291,2021,"06/17/21 00:00:00","LA","Biloxi South","Biloxi South 21",29.678218,-89.45653299999999,"BCNH",10,10,,"Y","N"
643,2010,"06/23/10 00:00:00","TX","Corpus Christi-Aransas Bay","Black Jack Point Reef I",28.1222,-96.96899999999999,"BLSK",10,22,,"Y","N"
1850,2011,"06/14/11 00:00:00","LA","Biloxi North","Biloxi North 30 A",29.8191,-89.31010000000001,"BLSK",10,15,,"Y","N"
630,2010,"06/08/10 00:00:00","FL","Everglades National Park","Bob Key",25.1092,-80.5646,"BRPE",10,8,"Does not include 1 Empty Nest","Y","N"
5302,2021,"05/17/21 00:00:00","TX","Matagorda Bay","Chester Island",28.45174,-96.34689,"CATE",10,16,,"Y","N"
5303,2021,"06/20/21 00:00:00","TX","Lower Laguna Madre","Green Island Spoils G",26.412964,-97.30841100000001,"CATE",10,16,,"Y","N"
5298,2021,"06/16/21 00:00:00","LA","Biloxi North","Biloxi North 8",30.0525,-89.1944,"FOTE",10,14,,"Y","N"
628,2010,"06/10/10 00:00:00","FL","Charlotte Harbor","Big Hickory Bay Islet",26.3531,-81.8415,"GBHE",10,4,,"Y","N"
629,2010,"06/10/10 00:00:00","FL","Charlotte Harbor","Black Key South Islet",26.4113,-81.8549,"GBHE",10,7,,"Y","N"
631,2010,"06/23/10 00:00:00","TX","Corpus Christi-Aransas Bay","Second Chain of Islands I",28.1888,-96.81523,"GBHE",10,10,,"Y","N"
4366,2018,"05/21/18 00:00:00","LA","Sabine-Calcasieu","Rabbit Island",29.8494,-93.383,"GBHE",10,10,,"Y","N"
637,2010,"06/25/10 00:00:00","TX","Galveston","West Bay Bird Island New",29.09832,-95.14131999999999,"GBTE",10,15,"Includes 1 Empty Nest","Y","N"
4367,2018,"06/24/18 00:00:00","LA","Barataria Bay","Bastian Island",29.296,-89.66549999999999,"GBTE",10,10,,"Y","N"
5292,2021,"05/17/21 00:00:00","TX","Lower Laguna Madre","Green Island Spoils B",26.409121,-97.323667,"GBTE",10,10,,"Y","N"
5297,2021,"06/16/21 00:00:00","LA","Breton-Chandeleur Islands","Breton Island",29.4955,-89.1742,"GBTE",10,13,,"Y","N"
5300,2021,"06/16/21 00:00:00","LA","Biloxi North","Door Point Lagoon 2",30.06117,-89.18415,"GBTE",10,15,,"Y","N"
5301,2021,"05/17/21 00:00:00","TX","Lower Laguna Madre","Green Island Spoils K",26.410227,-97.299153,"GBTE",10,15,,"Y","N"
632,2010,"06/11/10 00:00:00","FL","Tampa Bay","Piney Point Mangroves",27.6503,-82.5462,"GREG",10,10,,"Y","N"
634,2010,"06/11/10 00:00:00","FL","Tampa Bay","Little Bird Key North",27.793,-82.7775,"GREG",10,11,,"Y","N"
641,2010,"06/26/10 00:00:00","TX","Sabine-Calcasieu","Texas Coast 1",29.8482,-93.9521,"GREG",10,20,"Chose to include 10 Empty Nests; should Immatures have been counted as Broods?","Y","N"
639,2010,"06/27/10 00:00:00","LA","Biloxi North","Biloxi North 27",29.8807,-89.2497,"LAGU",10,19,,"Y","N"
642,2010,"06/23/10 00:00:00","TX","Corpus Christi-Aransas Bay","West Nueces Bay 51W D",27.85152,-97.47873,"LAGU",10,21,,"Y","N"
644,2010,"06/25/10 00:00:00","TX","Galveston","Kanaloa Spoil North",29.2975,-94.9395,"LAGU",10,31,,"Y","N"
2436,2012,"06/20/12 00:00:00","LA","Biloxi North","Biloxi North 10 B",30.0516,-89.31829999999999,"LAGU",10,14,,"Y","N"
4369,2018,"05/19/18 00:00:00","LA","Biloxi North","Mink Island",30.00568,-89.30034999999999,"LAGU",10,14,,"Y","N"
5304,2021,"06/20/21 00:00:00","TX","Lower Laguna Madre","Laguna Vista Spoils A",26.142736,-97.278547,"NECO",10,18,,"Y","N"
2437,2012,"05/27/12 00:00:00","LA","Barataria Bay","Queen Bess Island",29.3043,-89.9592,"ROSP",10,33,,"Y","N"
5305,2021,"06/17/21 00:00:00","LA","Biloxi North","Biloxi North 36",30.0497,-89.3038,"ROSP",10,23,,"Y","N"
5295,2021,"06/16/21 00:00:00","LA","Breton-Chandeleur Islands","Chandeleur North H",29.85238,-88.83663799999999,"SATE",10,11,,"Y","N"
633,2010,"06/23/10 00:00:00","TX","Corpus Christi-Aransas Bay","Second Chain of Islands J",28.1857,-96.8137,"SNEG",10,10,,"Y","N"
638,2010,"06/23/10 00:00:00","TX","Corpus Christi-Aransas Bay","Second Chain of Islands I",28.1888,-96.81523,"SNEG",10,16,,"Y","N"
1848,2011,"05/19/11 00:00:00","LA","Biloxi North","Little Mud Grass Island Northeast",29.9628,-89.3156,"SNEG",10,10,,"Y","N"
1851,2011,"06/14/11 00:00:00","LA","Biloxi North","Biloxi North 10 A",30.0485,-89.322,"SNEG",10,24,,"Y","N"
5293,2021,"06/17/21 00:00:00","LA","Biloxi South","Biloxi South 5 B",29.6521,-89.4577,"SNEG",10,10,,"Y","N"
5294,2021,"06/20/21 00:00:00","TX","Corpus Christi-Aransas Bay","West Nueces Bay 51W A",27.853228,-97.48302700000001,"SNEG",10,10,,"Y","N"
5296,2021,"05/17/21 00:00:00","TX","Corpus Christi-Aransas Bay","Shamrock Island",27.75883,-97.16936,"SOTE",10,12,,"Y","N"
635,2010,"06/23/10 00:00:00","TX","Matagorda Bay","Seadrift Island B",28.3968,-96.7229,"TRHE",10,12,,"Y","N"
636,2010,"06/23/10 00:00:00","TX","Corpus Christi-Aransas Bay","Second Chain of Islands K",28.18135,-96.81731000000001,"TRHE",10,12,,"Y","N"
1847,2011,"06/14/11 00:00:00","LA","Biloxi North","Biloxi North 10 C",30.0481,-89.3202,"TRHE",10,6,,"Y","N"
1849,2011,"06/14/11 00:00:00","LA","Biloxi North","Biloxi North 10 A",30.0485,-89.322,"TRHE",10,13,,"Y","N"
2434,2012,"05/28/12 00:00:00","LA","Biloxi North","Biloxi North 25",29.9059,-89.2954,"TRHE",10,10,,"Y","N"
2435,2012,"05/27/12 00:00:00","LA","Birdsfoot West","Birdsfoot West 1",29.2054,-89.3549,"TRHE",10,10,,"Y","N"
3052,2013,"06/18/13 00:00:00","LA","Biloxi North","Biloxi North 25",29.9059,-89.2954,"TRHE",10,10,,"Y","N"
3054,2013,"06/18/13 00:00:00","LA","Biloxi North","Little Mud Grass Island",29.9508,-89.32250000000001,"TRHE",10,17,,"Y","N"
3671,2015,"05/17/15 00:00:00","LA","Biloxi North","Biloxi North 10 A",30.0485,-89.322,"TRHE",10,10,,"Y","N"
3672,2015,"05/17/15 00:00:00","LA","Biloxi North","Biloxi North 16",29.9984,-89.2924,"TRHE",10,12,,"Y","N"
5299,2021,"05/24/21 00:00:00","AL","Mobile Bay Interior","Gaillard Island",30.5063,-88.03619999999999,"TRHE",10,14,,"Y","N"
640,2010,"05/08/10 00:00:00","LA","Barataria Bay","Queen Bess Island",29.3043,-89.9592,"WHEG",10,19,,"Y","N"
3055,2013,"06/17/13 00:00:00","AL","Mississippi Sound","Terrapin Island",30.335,-88.2619,"WHIB",10,18,,"Y","N"
3673,2015,"05/17/15 00:00:00","LA","Biloxi South","Long Bay Island",29.5021,-89.5356,"WHIB",10,24,,"Y","N"
3674,2015,"05/18/15 00:00:00","LA","Biloxi North","Biloxi North 4",30.0909,-89.23180000000001,"WHIB",10,33,,"Y","N"
4368,2018,"05/19/18 00:00:00","LA","Biloxi North","Biloxi North 10 A",30.0485,-89.322,"WHIB",10,12,,"Y","N"
2438,2012,"05/30/12 00:00:00","AL","Mobile Bay Interior","Gaillard Island",30.5063,-88.03619999999999,"BCNH",9,9,,"Y","N"
656,2010,"05/07/10 00:00:00","LA","Breton-Chandeleur Islands","Chandeleur South A",29.809332,-88.86106700000001,"BLSK",9,54,,"Y","N"
2441,2012,"06/19/12 00:00:00","LA","Breton-Chandeleur Islands","Chandeleur North F",29.881806,-88.828345,"BLSK",9,17,,"Y","N"
2442,2012,"05/29/12 00:00:00","LA","Breton-Chandeleur Islands","Chandeleur North K",29.8318,-88.84350000000001,"BLSK",9,18,,"Y","N"
5316,2021,"06/20/21 00:00:00","TX","East Matagorda Bay","Dressing Point",28.73145,-95.76074,"BLSK",9,21,,"Y","N"
3060,2013,"05/23/13 00:00:00","LA","Terrebonne Bay","Felicity Island",29.2558,-90.44,"CATE",9,32,,"Y","N"
3675,2015,"06/21/15 00:00:00","LA","Breton-Chandeleur Islands","Curlew Island",29.66636,-88.96111999999999,"CATE",9,9,,"Y","N"
3681,2015,"06/22/15 00:00:00","AL","Mississippi Sound","Terrapin Island",30.335,-88.2619,"CATE",9,27,,"Y","N"
653,2010,"05/07/10 00:00:00","LA","Biloxi North","Biloxi North 22",29.9368,-89.2873,"FOTE",9,14,,"Y","N"
2440,2012,"05/28/12 00:00:00","LA","Biloxi North","Deadman Point",29.7411,-89.35680000000001,"FOTE",9,16,,"Y","N"
3682,2015,"06/21/15 00:00:00","LA","Biloxi South","Biloxi South 17",29.714347,-89.567863,"FOTE",9,31,,"Y","N"
646,2010,"06/23/10 00:00:00","TX","Corpus Christi-Aransas Bay","West Nueces Bay 51W A",27.853228,-97.48302700000001,"GBHE",9,9,,"Y","N"
3058,2013,"05/23/13 00:00:00","LA","Atchafalaya Bay","Skimmer Island",29.3864,-91.3836,"GBHE",9,11,,"Y","N"
3679,2015,"05/18/15 00:00:00","AL","Mobile Bay Interior","Battery McIntosh",30.6686,-88.0125,"GBHE",9,11,,"Y","N"
5306,2021,"06/20/21 00:00:00","TX","Lower Laguna Madre","Green Island Spoils C",26.412323,-97.320581,"GBHE",9,5,,"Y","Y"
5307,2021,"06/20/21 00:00:00","TX","Corpus Christi-Aransas Bay","West Nueces Bay 51W P",27.85798,-97.49055,"GBHE",9,8,,"Y","N"
1858,2011,"06/14/11 00:00:00","LA","Biloxi North","Biloxi North 27",29.8807,-89.2497,"GBTE",9,12,,"Y","N"
2439,2012,"05/29/12 00:00:00","LA","Breton-Chandeleur Islands","Chandeleur North H",29.85238,-88.83663799999999,"GBTE",9,10,,"Y","N"
3680,2015,"05/18/15 00:00:00","LA","Biloxi North","Isle au Pitre",30.1526,-89.1968,"GBTE",9,21,,"Y","N"
5309,2021,"06/20/21 00:00:00","TX","Lower Laguna Madre","Laguna Vista Spoils A",26.142736,-97.278547,"GBTE",9,9,,"Y","N"
651,2010,"06/09/10 00:00:00","FL","Everglades National Park","Oyster Keys",25.104,-80.95140000000001,"GREG",9,11,,"Y","N"
1856,2011,"05/19/11 00:00:00","LA","Biloxi North","Dry Bread Island",29.8426,-89.3064,"GREG",9,10,,"Y","N"
3676,2015,"06/21/15 00:00:00","LA","Biloxi South","Biloxi South 3",29.7017,-89.5487,"GREG",9,9,,"Y","N"
3678,2015,"05/17/15 00:00:00","LA","Biloxi South","Biloxi South 5 B",29.6521,-89.4577,"GREG",9,10,,"Y","N"
3061,2013,"06/19/13 00:00:00","LA","Biloxi North","Biloxi North 3",30.0997,-89.283,"LAGU",9,73,,"Y","N"
5313,2021,"06/18/21 00:00:00","LA","Vermilion Bay","Bayou Platte Island North",29.619877,-91.895594,"LAGU",9,11,,"Y","N"
647,2010,"06/25/10 00:00:00","TX","Galveston","Marker 52 Spoil Island",29.290621,-94.92918,"LBHE",9,9,,"Y","N"
3057,2013,"05/23/13 00:00:00","LA","Terrebonne Bay","Houma Navigation Canal Island",29.19515,-90.61565,"LBHE",9,10,,"Y","N"
1853,2011,"05/17/11 00:00:00","LA","Terrebonne Bay","Felicity Island",29.2558,-90.44,"REEG",9,9,,"Y","N"
3677,2015,"05/17/15 00:00:00","LA","Biloxi North","Hell Pass Coast B",29.92847,-89.3079,"REEG",9,9,,"Y","N"
645,2010,"06/25/10 00:00:00","TX","Galveston","West Bay Bird Island",29.09517,-95.14105000000001,"ROSP",9,8,,"Y","N"
1854,2011,"05/18/11 00:00:00","LA","Barataria Bay","Cat Bay North Island",29.3656,-89.8646,"ROSP",9,9,,"Y","N"
1855,2011,"05/19/11 00:00:00","LA","Biloxi North","Drum Bay Island",29.9197,-89.2627,"ROSP",9,9,,"Y","N"
5317,2021,"06/18/21 00:00:00","LA","Sabine-Calcasieu","Rabbit Island",29.8494,-93.383,"ROSP",9,32,,"Y","N"
648,2010,"05/08/10 00:00:00","LA","Biloxi South","Biloxi South 11",29.5247,-89.57259999999999,"SDHE",9,9,,"Y","N"
649,2010,"06/23/10 00:00:00","TX","Corpus Christi-Aransas Bay","West Nueces Bay 51W K",27.85912,-97.49294999999999,"SNEG",9,9,,"Y","N"
1857,2011,"05/19/11 00:00:00","LA","Biloxi North","Dry Bread Island",29.8426,-89.3064,"SNEG",9,11,,"Y","N"
5310,2021,"06/17/21 00:00:00","LA","Biloxi North","Biloxi North 12",30.042,-89.273,"SNEG",9,9,,"Y","N"
5311,2021,"06/17/21 00:00:00","LA","Biloxi North","Deadman Point",29.7411,-89.35680000000001,"SNEG",9,9,,"Y","N"
5314,2021,"05/25/21 00:00:00","FL","Apalachicola East","Lanark Reef West",29.871013,-84.590857,"SNEG",9,11,,"Y","N"
5315,2021,"05/17/21 00:00:00","TX","Lower Laguna Madre","Green Hill Spoils A",26.49391,-97.388755,"SNEG",9,17,,"Y","N"
650,2010,"06/25/10 00:00:00","TX","Galveston","Evia Island",29.4282,-94.7638,"TRHE",9,9,,"Y","N"
652,2010,"05/08/10 00:00:00","LA","Biloxi South","Biloxi South 5 A",29.6523,-89.464,"TRHE",9,11,,"Y","N"
1859,2011,"06/17/11 00:00:00","LA","Biloxi South","Biloxi South 10 B",29.5289,-89.55068,"TRHE",9,13,,"Y","N"
3059,2013,"05/24/13 00:00:00","LA","Biloxi South","Biloxi South 11",29.5247,-89.57259999999999,"TRHE",9,22,,"Y","N"
5308,2021,"05/25/21 00:00:00","FL","Apalachicola West","Saint Andrews State Park Gator Lake",30.12805,-85.73179,"TRHE",9,8,,"Y","N"
5312,2021,"06/17/21 00:00:00","LA","Biloxi South","Biloxi South 21",29.678218,-89.45653299999999,"TRHE",9,9,,"Y","N"
654,2010,"06/25/10 00:00:00","TX","Galveston","West Bay Bird Island",29.09517,-95.14105000000001,"WHEG",9,24,"Does not include 1 Empty Nest","Y","N"
2443,2012,"05/29/12 00:00:00","LA","Breton-Chandeleur Islands","New Harbor Island 3",29.8542,-88.8634,"WHEG",9,31,,"Y","N"
655,2010,"06/25/10 00:00:00","TX","Galveston","West Bay Bird Island",29.09517,-95.14105000000001,"WHIB",9,27,,"Y","N"
1852,2011,"06/14/11 00:00:00","LA","Biloxi North","Biloxi North 10 D",30.0476,-89.31829999999999,"WHIB",9,2,,"Y","N"
3056,2013,"06/19/13 00:00:00","LA","Birdsfoot West","Birdsfoot West 3",29.2122,-89.3914,"WHIB",9,9,,"Y","N"
4370,2018,"05/20/18 00:00:00","LA","Birdsfoot East","Birdsfoot East 4",28.979007,-89.36321599999999,"WHIB",9,25,,"Y","N"
666,2010,"06/23/10 00:00:00","TX","Corpus Christi-Aransas Bay","Second Chain of Islands G",28.192882,-96.81453399999999,"BCNH",8,14,,"Y","N"
2445,2012,"05/28/12 00:00:00","LA","Biloxi South","Biloxi South 5 B",29.6521,-89.4577,"BCNH",8,8,,"Y","N"
5326,2021,"05/17/21 00:00:00","TX","Lower Laguna Madre","Laguna Vista Spoils A",26.142736,-97.278547,"BCNH",8,12,,"Y","N"
5331,2021,"06/20/21 00:00:00","TX","Galveston","Mustang Bayou Island",29.167164,-95.129808,"BRPE",8,296,,"Y","N"
2451,2012,"05/28/12 00:00:00","LA","Biloxi South","Biloxi South 11",29.5247,-89.57259999999999,"CAEG",8,12,,"Y","N"
2452,2012,"06/19/12 00:00:00","LA","Biloxi North","Isle au Pitre",30.1526,-89.1968,"CATE",8,31,,"Y","N"
3063,2013,"06/18/13 00:00:00","LA","Breton-Chandeleur Islands","Chandeleur North C",29.929685,-88.82179600000001,"CATE",8,10,,"Y","N"
3690,2015,"05/17/15 00:00:00","LA","Breton-Chandeleur Islands","Chandeleur North C",29.929685,-88.82179600000001,"CATE",8,20,,"Y","N"
4373,2018,"06/24/18 00:00:00","LA","Breton-Chandeleur Islands","Gosier Islands North",29.5517,-89.06444,"CATE",8,10,,"Y","N"
667,2010,"06/23/10 00:00:00","TX","Matagorda Bay","Chester Island",28.45174,-96.34689,"DAIB",8,16,,"Y","N"
665,2010,"06/10/10 00:00:00","FL","Tampa Bay","Blackburn Bay Island South",27.1412,-82.47190000000001,"DCCO",8,13,,"Y","N"
3067,2013,"06/19/13 00:00:00","LA","Biloxi North","Biloxi North 40",30.0434,-89.33750000000001,"FOTE",8,16,,"Y","N"
657,2010,"06/10/10 00:00:00","FL","Tampa Bay","Bird Keys Islet",27.2087,-82.5038,"GBHE",8,3,,"Y","N"
658,2010,"06/10/10 00:00:00","FL","Tampa Bay","Lemon Bay Spoil Island",26.9289,-82.3511,"GBHE",8,3,,"Y","N"
659,2010,"06/10/10 00:00:00","FL","Charlotte Harbor","Ostego Bay Islet South",26.4226,-81.89530000000001,"GBHE",8,5,,"Y","N"
2446,2012,"05/30/12 00:00:00","AL","Mobile Bay Interior","Battery McIntosh",30.6686,-88.0125,"GBHE",8,8,,"Y","N"
5318,2021,"06/18/21 00:00:00","TX","Galveston","Rollover Bay C",29.51574,-94.50743300000001,"GBHE",8,5,,"Y","N"
664,2010,"05/18/10 00:00:00","AL","Mississippi Sound Gulf Islands","Dauphin Island 3",30.2367,-88.26609999999999,"GBTE",8,11,,"Y","N"
2447,2012,"05/29/12 00:00:00","LA","Breton-Chandeleur Islands","Chandeleur South D",29.770378,-88.882942,"GBTE",8,8,,"Y","N"
3062,2013,"06/18/13 00:00:00","LA","Biloxi North","Biloxi North 38",30.00238,-89.21496999999999,"GBTE",8,9,,"Y","N"
3065,2013,"06/19/13 00:00:00","LA","Biloxi North","Biloxi North 3",30.0997,-89.283,"GBTE",8,13,,"Y","N"
3684,2015,"06/21/15 00:00:00","LA","Breton-Chandeleur Islands","Chandeleur North H",29.85238,-88.83663799999999,"GBTE",8,8,,"Y","N"
3685,2015,"05/17/15 00:00:00","LA","Breton-Chandeleur Islands","Chandeleur South B",29.79898,-88.86415599999999,"GBTE",8,8,,"Y","N"
3688,2015,"05/17/15 00:00:00","LA","Breton-Chandeleur Islands","Chandeleur North B",29.949821,-88.823795,"GBTE",8,13,,"Y","Y"
5323,2021,"06/16/21 00:00:00","LA","Biloxi North","Isle au Pitre",30.1526,-89.1968,"GBTE",8,10,,"Y","N"
663,2010,"06/10/10 00:00:00","FL","Charlotte Harbor","Bird Island Matlacha Pass",26.5126,-82.033,"GREG",8,10,,"Y","N"
1860,2011,"05/18/11 00:00:00","LA","Birdsfoot West","Birdsfoot West 3",29.2122,-89.3914,"GREG",8,8,,"Y","N"
2444,2012,"05/29/12 00:00:00","LA","Breton-Chandeleur Islands","New Harbor Island 2",29.8565,-88.875,"GREG",8,4,,"Y","N"
3683,2015,"06/21/15 00:00:00","LA","Biloxi South","Biloxi South 2",29.7047,-89.5647,"GREG",8,6,,"Y","N"
4371,2018,"05/19/18 00:00:00","LA","Biloxi North","Biloxi North 12",30.042,-89.273,"GREG",8,9,,"Y","N"
4374,2018,"06/25/18 00:00:00","LA","Atchafalaya Bay","Bird Island West",29.368626,-91.40304999999999,"GREG",8,12,,"Y","N"
668,2010,"05/07/10 00:00:00","LA","Biloxi North","Biloxi North 34",29.7439,-89.4532,"LAGU",8,38,,"Y","N"
1865,2011,"06/14/11 00:00:00","LA","Biloxi North","Biloxi North 30 A",29.8191,-89.31010000000001,"LAGU",8,11,,"Y","N"
1866,2011,"06/17/11 00:00:00","LA","Biloxi South","Biloxi South 10 B",29.5289,-89.55068,"LAGU",8,11,,"Y","N"
3066,2013,"06/18/13 00:00:00","LA","Breton-Chandeleur Islands","New Harbor Island 1",29.87609,-88.87682,"LAGU",8,14,,"Y","N"
4376,2018,"06/24/18 00:00:00","LA","Barataria Bay","Bastian Island",29.296,-89.66549999999999,"LAGU",8,17,,"Y","N"
5328,2021,"05/17/21 00:00:00","TX","Corpus Christi-Aransas Bay","Second Chain of Islands J",28.1857,-96.8137,"LAGU",8,16,,"Y","N"
5329,2021,"05/17/21 00:00:00","TX","Upper Laguna Madre","Rabit Island Laguna Madre",27.24658,-97.41421,"LAGU",8,24,,"Y","N"
1867,2011,"05/18/11 00:00:00","LA","Barataria Bay","Bay Ronquille Northwest Island",29.3631,-89.85339999999999,"LBHE",8,12,,"Y","N"
2448,2012,"05/27/12 00:00:00","LA","Barataria Bay","Belle Pass East",29.0901,-90.22190000000001,"LBHE",8,8,,"Y","N"
5320,2021,"06/16/21 00:00:00","MS","Mississippi Sound Gulf Islands","Ship Island",30.21912,-88.92156,"LETE",8,9,,"Y","N"
5319,2021,"05/17/21 00:00:00","TX","Matagorda Bay","Chester Island",28.45174,-96.34689,"NECO",8,8,,"Y","Y"
5327,2021,"05/20/21 00:00:00","LA","Atchafalaya Bay","Heron Island",29.4282,-91.3287,"NECO",8,12,,"Y","N"
1863,2011,"05/19/11 00:00:00","LA","Biloxi North","Drum Bay Island",29.9197,-89.2627,"REEG",8,10,,"Y","N"
3687,2015,"05/16/15 00:00:00","LA","Terrebonne Bay","Houma Navigation Canal Island",29.19515,-90.61565,"REEG",8,12,,"Y","N"
5324,2021,"06/20/21 00:00:00","TX","Lower Laguna Madre","Green Island Spoils F",26.409668,-97.311339,"REEG",8,11,,"Y","N"
5325,2021,"05/18/21 00:00:00","TX","Galveston","Evia Island",29.4282,-94.7638,"ROSP",8,11,,"Y","N"
5330,2021,"05/17/21 00:00:00","TX","Upper Laguna Madre","Pita Island",27.60181,-97.2876,"ROSP",8,56,,"Y","N"
660,2010,"06/24/10 00:00:00","TX","Galveston","Arcadia Reef A",29.0293,-95.2024,"SDHE",8,8,,"Y","N"
661,2010,"05/17/10 00:00:00","LA","Terrebonne Bay","Raccoon Island",29.0505,-90.92659999999999,"SNEG",8,8,,"Y","N"
1864,2011,"05/18/11 00:00:00","LA","Biloxi South","Biloxi South 5 B",29.6521,-89.4577,"SNEG",8,10,,"Y","N"
3686,2015,"06/21/15 00:00:00","LA","Biloxi North","Biloxi North 35",29.951,-89.253,"SNEG",8,10,,"Y","Y"
3689,2015,"05/16/15 00:00:00","LA","Barataria Bay","Queen Bess Island",29.3043,-89.9592,"SNEG",8,15,,"Y","N"
4375,2018,"05/19/18 00:00:00","LA","Biloxi North","Little Mud Grass Island",29.9508,-89.32250000000001,"SNEG",8,13,,"Y","N"
1861,2011,"05/20/11 00:00:00","AL","Mobile Bay Interior","Battery McIntosh",30.6686,-88.0125,"TRHE",8,8,,"Y","N"
1868,2011,"05/20/11 00:00:00","AL","Mississippi Sound","Terrapin Island",30.335,-88.2619,"TRHE",8,12,,"Y","N"
2449,2012,"05/30/12 00:00:00","AL","Mobile Bay Interior","Gaillard Island",30.5063,-88.03619999999999,"TRHE",8,8,,"Y","N"
3064,2013,"06/19/13 00:00:00","LA","Biloxi North","Biloxi North 10 D",30.0476,-89.31829999999999,"TRHE",8,12,,"Y","N"
4372,2018,"05/19/18 00:00:00","LA","Biloxi North","Biloxi North 12",30.042,-89.273,"TRHE",8,9,,"Y","N"
5321,2021,"06/16/21 00:00:00","LA","Biloxi North","Biloxi North 13",30.0261,-89.2274,"TRHE",8,9,,"Y","N"
5322,2021,"06/18/21 00:00:00","TX","Galveston","Mayes Lake North",29.83194,-94.77016999999999,"TRHE",8,9,,"Y","N"
662,2010,"06/24/10 00:00:00","TX","Galveston","Cedar Lakes 4",28.8442,-95.488,"UNWA",8,8,"Does not include 52 Empty Nests","Y","N"
1862,2011,"05/20/11 00:00:00","AL","Mississippi Sound","Cat Island",30.3207,-88.2099,"WHEG",8,8,,"Y","N"
1869,2011,"05/18/11 00:00:00","LA","Biloxi South","Biloxi South 11",29.5247,-89.57259999999999,"WHEG",8,22,,"Y","N"
2450,2012,"05/28/12 00:00:00","LA","Biloxi North","Biloxi North 10 C",30.0481,-89.3202,"WHIB",8,10,,"Y","N"
3692,2015,"05/18/15 00:00:00","FL","Apalachicola East","Lake Number Five",29.6471,-85.1279,"ANHI",7,10,,"Y","N"
2457,2012,"05/28/12 00:00:00","LA","Biloxi South","Biloxi South 11",29.5247,-89.57259999999999,"BCNH",7,15,,"Y","N"
3694,2015,"05/17/15 00:00:00","LA","Biloxi South","Biloxi South 5 B",29.6521,-89.4577,"BCNH",7,15,,"Y","N"
5337,2021,"06/20/21 00:00:00","TX","Matagorda Bay","Chester Island",28.45174,-96.34689,"BCNH",7,12,,"Y","Y"
686,2010,"06/23/10 00:00:00","TX","Corpus Christi-Aransas Bay","Salt Lake G",28.07,-97.093,"BLSK",7,18,,"Y","N"
2459,2012,"05/28/12 00:00:00","LA","Biloxi North","Biloxi North 30 B",29.8166,-89.3095,"BLSK",7,63,,"Y","N"
3072,2013,"06/18/13 00:00:00","LA","Breton-Chandeleur Islands","New Harbor Island 1",29.87609,-88.87682,"BLSK",7,18,,"Y","N"
3696,2015,"05/16/15 00:00:00","LA","Birdsfoot West","Birdsfoot West 4",29.179677,-89.29314599999999,"BLSK",7,131,,"Y","N"
1873,2011,"06/14/11 00:00:00","LA","Biloxi North","Isle au Pitre",30.1526,-89.1968,"CATE",7,11,,"Y","N"
2455,2012,"06/19/12 00:00:00","LA","Breton-Chandeleur Islands","Chandeleur North G",29.865132,-88.832617,"CATE",7,8,,"Y","N"
5339,2021,"06/14/21 00:00:00","FL","Apalachicola East","Flag Island South",29.6261,-85.152,"CATE",7,25,,"Y","N"
669,2010,"06/10/10 00:00:00","FL","Charlotte Harbor","Pine Island Sound 2",26.4945,-82.10429999999999,"GBHE",7,7,,"Y","N"
670,2010,"06/23/10 00:00:00","TX","Corpus Christi-Aransas Bay","West Nueces Bay 51W J",27.85231,-97.47709,"GBHE",7,7,,"Y","N"
3071,2013,"06/18/13 00:00:00","LA","Biloxi South","Biloxi South 14",29.659975,-89.45661699999999,"GBHE",7,13,,"Y","N"
671,2010,"06/23/10 00:00:00","TX","Matagorda Bay","Little Bird Island Matagorda",28.294,-96.697,"GBTE",7,7,,"Y","N"
676,2010,"06/23/10 00:00:00","TX","Corpus Christi-Aransas Bay","Salt Lake G",28.07,-97.093,"GBTE",7,8,,"Y","N"
685,2010,"05/18/10 00:00:00","AL","Mississippi Sound Gulf Islands","Dauphin Island 1",30.2289,-88.32689999999999,"GBTE",7,17,,"Y","N"
2456,2012,"05/30/12 00:00:00","FL","Apalachicola East","Lanark Reef West",29.871013,-84.590857,"GBTE",7,10,,"Y","N"
3073,2013,"05/23/13 00:00:00","LA","Terrebonne Bay","Raccoon Island West",29.0596,-90.94159999999999,"GBTE",7,38,,"Y","N"
677,2010,"06/08/10 00:00:00","FL","Florida Keys","Cowpens Cut Key",25.0008,-80.56310000000001,"GREG",7,8,,"Y","N"
1870,2011,"05/19/11 00:00:00","LA","Biloxi North","Biloxi North 36",30.0497,-89.3038,"GREG",7,7,,"Y","N"
3068,2013,"06/18/13 00:00:00","LA","Biloxi South","Biloxi South 3",29.7017,-89.5487,"GREG",7,7,,"Y","N"
5340,2021,"06/15/21 00:00:00","AL","Mobile Bay Interior","Gaillard Island",30.5063,-88.03619999999999,"GREG",7,25,,"Y","N"
1874,2011,"06/14/11 00:00:00","LA","Biloxi North","Biloxi North 10 C",30.0481,-89.3202,"LAGU",7,16,,"Y","N"
672,2010,"05/08/10 00:00:00","LA","Barataria Bay","Belle Pass East",29.0901,-90.22190000000001,"LBHE",7,7,,"Y","N"
673,2010,"06/25/10 00:00:00","TX","Galveston","North Deer Island",29.28519,-94.92462,"LBHE",7,7,,"Y","N"
5332,2021,"05/17/21 00:00:00","TX","Lower Laguna Madre","Arroyo Colorado Spoils B1",26.329042,-97.31473099999999,"LBHE",7,7,,"Y","N"
5333,2021,"06/20/21 00:00:00","TX","Upper Laguna Madre","Naval Air Station Islands E",27.671973,-97.24975499999999,"LBHE",7,7,,"Y","N"
680,2010,"06/25/10 00:00:00","TX","Galveston","West Bay Bird Island",29.09517,-95.14105000000001,"REEG",7,11,,"Y","N"
684,2010,"06/23/10 00:00:00","TX","Corpus Christi-Aransas Bay","Second Chain of Islands G",28.192882,-96.81453399999999,"REEG",7,15,,"Y","N"
5336,2021,"05/17/21 00:00:00","TX","Lower Laguna Madre","Green Island Spoils B",26.409121,-97.323667,"REEG",7,11,,"Y","Y"
682,2010,"06/23/10 00:00:00","TX","Corpus Christi-Aransas Bay","Little Bay C",28.0333,-97.0395,"ROSP",7,13,,"Y","N"
2458,2012,"06/19/12 00:00:00","LA","Biloxi North","Biloxi North 35",29.951,-89.253,"ROSP",7,18,,"Y","N"
3074,2013,"05/23/13 00:00:00","LA","Barataria Bay","Queen Bess Island",29.3043,-89.9592,"ROSP",7,61,,"Y","N"
3693,2015,"05/17/15 00:00:00","LA","Biloxi South","Biloxi South 3",29.7017,-89.5487,"ROSP",7,11,,"Y","Y"
5334,2021,"05/22/21 00:00:00","LA","Birdsfoot East","Birdsfoot East 4 B",28.98179,-89.362942,"ROSP",7,7,,"Y","N"
689,2010,"06/25/10 00:00:00","TX","Galveston","North Deer Island",29.28519,-94.92462,"SATE",7,91,,"Y","N"
688,2010,"06/27/10 00:00:00","LA","Biloxi North","Drum Bay Island",29.9197,-89.2627,"SDHE",7,83,,"Y","N"
678,2010,"06/10/10 00:00:00","FL","Charlotte Harbor","Hemp Key",26.6005,-82.1524,"SNEG",7,9,,"Y","N"
679,2010,"06/10/10 00:00:00","FL","Charlotte Harbor","Pine Island Sound 2",26.4945,-82.10429999999999,"SNEG",7,9,,"Y","N"
683,2010,"06/11/10 00:00:00","FL","Tampa Bay","Clearwater Harbor Island",27.966,-82.8146,"SNEG",7,13,,"Y","N"
687,2010,"05/08/10 00:00:00","LA","Barataria Bay","Cat Bay Island",29.3474,-89.8672,"SNEG",7,60,,"Y","N"
3069,2013,"06/19/13 00:00:00","LA","Biloxi North","Biloxi North 12",30.042,-89.273,"SNEG",7,8,,"Y","N"
3695,2015,"05/18/15 00:00:00","FL","Apalachicola East","Lanark Reef West",29.871013,-84.590857,"SNEG",7,15,,"Y","N"
5338,2021,"06/19/21 00:00:00","LA","Terrebonne Bay","Belle Pass Pond",29.111568,-90.211673,"SNEG",7,12,,"Y","N"
674,2010,"05/07/10 00:00:00","LA","Breton-Chandeleur Islands","New Harbor Island 2",29.8565,-88.875,"TRHE",7,7,,"Y","N"
2454,2012,"05/28/12 00:00:00","LA","Biloxi South","Biloxi South 5 A",29.6523,-89.464,"TRHE",7,7,,"Y","N"
3070,2013,"06/19/13 00:00:00","LA","Birdsfoot East","Birdsfoot East 4 A",28.974693,-89.363755,"TRHE",7,8,,"Y","N"
3691,2015,"05/18/15 00:00:00","AL","Mobile Bay Interior","Gaillard Island",30.5063,-88.03619999999999,"TRHE",7,9,,"Y","N"
4377,2018,"05/21/18 00:00:00","LA","Terrebonne Bay","Raccoon Island",29.0505,-90.92659999999999,"TRHE",7,7,,"Y","N"
5335,2021,"06/16/21 00:00:00","LA","Biloxi North","Bayou Pintou",30.128,-89.224,"TRHE",7,7,,"Y","N"
2453,2012,"05/28/12 00:00:00","LA","Biloxi South","Biloxi South 3",29.7017,-89.5487,"TRSN",7,0,"Does not include 57 Empty Nests","Y","N"
675,2010,"06/11/10 00:00:00","FL","Tampa Bay","Saint Joseph Sound Spoil Island",28.0754,-82.8,"UnWa",7,7,"Does not include 35 Empty Nests","Y","N"
681,2010,"05/18/10 00:00:00","AL","Mississippi Sound","Terrapin Island",30.335,-88.2619,"WHEG",7,12,,"Y","N"
1871,2011,"06/14/11 00:00:00","LA","Biloxi North","Biloxi North 10 B",30.0516,-89.31829999999999,"WHIB",7,8,,"Y","N"
1872,2011,"05/18/11 00:00:00","LA","Biloxi South","Biloxi South 5 A",29.6523,-89.464,"WHIB",7,9,,"Y","N"
5343,2021,"05/25/21 00:00:00","FL","Apalachicola West","Saint Andrews State Park Gator Lake",30.12805,-85.73179,"ANHI",6,6,,"Y","N"
715,2010,"06/23/10 00:00:00","TX","Corpus Christi-Aransas Bay","West Nueces Bay 51W D",27.85152,-97.47873,"BCNH",6,14,,"Y","N"
1878,2011,"05/19/11 00:00:00","LA","Biloxi North","Biloxi North 36",30.0497,-89.3038,"BCNH",6,7,,"Y","N"
4378,2018,"06/23/18 00:00:00","LA","Biloxi South","Biloxi South 5 B",29.6521,-89.4577,"BCNH",6,6,,"Y","N"
5344,2021,"05/18/21 00:00:00","TX","Galveston","North Deer Island",29.28519,-94.92462,"BCNH",6,6,,"Y","N"
5362,2021,"06/18/21 00:00:00","LA","Terrebonne Bay","Felicity Island",29.2558,-90.44,"BCNH",6,16,,"Y","N"
5365,2021,"05/17/21 00:00:00","TX","Corpus Christi-Aransas Bay","Pelican Island Spoil B",27.81882,-97.14743,"BCNH",6,21,,"Y","N"
1883,2011,"06/15/11 00:00:00","LA","Breton-Chandeleur Islands","Chandeleur North E",29.888395,-88.82646,"BLSK",6,10,,"Y","N"
2465,2012,"05/28/12 00:00:00","LA","Biloxi South","Long Bay Island",29.5021,-89.5356,"BLSK",6,32,,"Y","N"
3083,2013,"06/18/13 00:00:00","LA","Biloxi North","Biloxi North 16",29.9984,-89.2924,"BLSK",6,13,,"Y","Y"
3087,2013,"05/24/13 00:00:00","LA","Biloxi South","Biloxi South 9",29.5392,-89.53530000000001,"BLSK",6,128,,"Y","N"
5360,2021,"06/17/21 00:00:00","LA","Biloxi North","Comfort Island",29.825987,-89.254186,"BLSK",6,11,,"Y","N"
5361,2021,"06/20/21 00:00:00","TX","Corpus Christi-Aransas Bay","West Nueces Bay 51W K",27.85912,-97.49294999999999,"BLSK",6,15,,"Y","N"
701,2010,"06/10/10 00:00:00","FL","Charlotte Harbor","Pine Island Sound 2",26.4945,-82.10429999999999,"BRPE",6,7,,"Y","N"
706,2010,"06/10/10 00:00:00","FL","Tampa Bay","Blackburn Bay Island South",27.1412,-82.47190000000001,"BRPE",6,8,,"Y","N"
1875,2011,"05/19/11 00:00:00","LA","Biloxi North","Drum Bay Island",29.9197,-89.2627,"BRPE",6,6,,"Y","N"
3088,2013,"06/19/13 00:00:00","LA","Barataria Bay","Cat Bay Island",29.3474,-89.8672,"BRPE",6,250,,"Y","N"
713,2010,"06/23/10 00:00:00","TX","Corpus Christi-Aransas Bay","Nueces Causeway",27.84176,-97.37604,"CAEG",6,11,,"Y","N"
692,2010,"06/10/10 00:00:00","FL","Tampa Bay","Blackburn Bay Island North",27.1515,-82.4751,"DCCO",6,6,,"Y","N"
693,2010,"06/10/10 00:00:00","FL","Charlotte Harbor","Ostego Bay Islet South",26.4226,-81.89530000000001,"DCCO",6,6,,"Y","N"
702,2010,"06/08/10 00:00:00","FL","Florida Keys","Water Key Mangroves",24.7483,-81.34743400000001,"DCCO",6,7,,"Y","N"
707,2010,"06/10/10 00:00:00","FL","Charlotte Harbor","Ostego Bay Islet North",26.4243,-81.8933,"DCCO",6,8,,"Y","N"
694,2010,"06/24/10 00:00:00","TX","Galveston","Jumbile Cove/Live Oak Grove",29.195,-94.9928,"FOTE",6,6,,"Y","N"
695,2010,"06/26/10 00:00:00","TX","Galveston","Rollover Bay D",29.5215,-94.5056,"FOTE",6,6,,"Y","N"
4382,2018,"06/24/18 00:00:00","LA","Breton-Chandeleur Islands","New Harbor Island 1",29.87609,-88.87682,"FOTE",6,11,,"Y","N"
690,2010,"06/11/10 00:00:00","FL","Tampa Bay","Piney Point Mangroves",27.6503,-82.5462,"GBHE",6,2,,"Y","N"
691,2010,"06/24/10 00:00:00","TX","Galveston","Arcadia Reef A",29.0293,-95.2024,"GBHE",6,5,,"Y","N"
3075,2013,"06/17/13 00:00:00","FL","Apalachee Bay","Smith Island",30.04906,-84.31802999999999,"GBHE",6,3,,"Y","N"
3076,2013,"05/25/13 00:00:00","AL","Mobile Bay Interior","Battery McIntosh",30.6686,-88.0125,"GBHE",6,6,,"Y","N"
5345,2021,"06/20/21 00:00:00","TX","Galveston","West Bay Mooring Facility",29.17285,-95.10677,"GBHE",6,6,,"Y","N"
5350,2021,"05/18/21 00:00:00","TX","Galveston","Marker 52 Spoil Island",29.290621,-94.92918,"GBHE",6,7,,"Y","N"
5353,2021,"05/18/21 00:00:00","TX","Galveston","South Deer Island",29.27195,-94.9119,"GBHE",6,8,,"Y","Y"
5363,2021,"05/24/21 00:00:00","AL","Mobile Bay Interior","Battery McIntosh",30.6686,-88.0125,"GBHE",6,19,,"Y","N"
696,2010,"06/12/10 00:00:00","FL","Apalachicola East","Saint George Causeway",29.694945,-84.88297900000001,"GBTE",6,6,,"Y","N"
1879,2011,"06/15/11 00:00:00","LA","Breton-Chandeleur Islands","Chandeleur North C",29.929685,-88.82179600000001,"GBTE",6,8,,"Y","N"
1880,2011,"06/15/11 00:00:00","LA","Breton-Chandeleur Islands","Chandeleur North H",29.85238,-88.83663799999999,"GBTE",6,8,,"Y","N"
1881,2011,"06/15/11 00:00:00","LA","Breton-Chandeleur Islands","Chandeleur South B",29.79898,-88.86415599999999,"GBTE",6,8,,"Y","N"
1884,2011,"06/17/11 00:00:00","LA","Biloxi South","Biloxi South 9",29.5392,-89.53530000000001,"GBTE",6,12,,"Y","N"
2464,2012,"05/27/12 00:00:00","LA","Terrebonne Bay","Raccoon Island",29.0505,-90.92659999999999,"GBTE",6,18,,"Y","N"
3077,2013,"06/18/13 00:00:00","LA","Biloxi North","Martin Island",29.959,-89.19840000000001,"GBTE",6,6,,"Y","N"
3078,2013,"05/24/13 00:00:00","LA","Biloxi North","Redfish Bend",29.9679,-89.2276,"GBTE",6,7,,"Y","N"
3085,2013,"05/24/13 00:00:00","LA","Biloxi South","Biloxi South 9",29.5392,-89.53530000000001,"GBTE",6,15,,"Y","N"
3700,2015,"06/21/15 00:00:00","LA","Biloxi South","Biloxi South 9",29.5392,-89.53530000000001,"GBTE",6,7,,"Y","N"
3704,2015,"06/21/15 00:00:00","LA","Breton-Chandeleur Islands","Breton Island",29.4955,-89.1742,"GBTE",6,8,,"Y","N"
4381,2018,"05/19/18 00:00:00","LA","Lake Borgne","Half Moon Island",30.1376,-89.43519999999999,"GBTE",6,8,,"Y","N"
5354,2021,"06/16/21 00:00:00","LA","Breton-Chandeleur Islands","Chandeleur South C",29.780414,-88.87419199999999,"GBTE",6,8,,"Y","N"
5358,2021,"06/20/21 00:00:00","TX","Galveston","Cowtrap Lake A",28.861515,-95.527641,"GBTE",6,9,,"Y","N"
5359,2021,"05/17/21 00:00:00","TX","Galveston","Nolan Ryan Marsh",28.94099,-95.35596,"GLIB",6,10,,"Y","N"
697,2010,"06/10/10 00:00:00","FL","Charlotte Harbor","Givney Key",26.5145,-82.0549,"GREG",6,6,,"Y","N"
698,2010,"06/23/10 00:00:00","TX","Corpus Christi-Aransas Bay","Second Chain of Islands I",28.1888,-96.81523,"GREG",6,6,,"Y","N"
703,2010,"06/11/10 00:00:00","FL","Tampa Bay","Sunken Island",27.8469,-82.41500000000001,"GREG",6,7,,"Y","N"
1876,2011,"05/19/11 00:00:00","LA","Breton-Chandeleur Islands","New Harbor Island 2",29.8565,-88.875,"GREG",6,6,,"Y","N"
2462,2012,"05/27/12 00:00:00","LA","Birdsfoot West","Birdsfoot West 1",29.2054,-89.3549,"GREG",6,6,,"Y","N"
3079,2013,"06/17/13 00:00:00","AL","Mississippi Sound","Terrapin Island",30.335,-88.2619,"GREG",6,7,,"Y","N"
4379,2018,"05/19/18 00:00:00","LA","Biloxi North","Biloxi North 36",30.0497,-89.3038,"GREG",6,6,,"Y","N"
4380,2018,"05/19/18 00:00:00","LA","Biloxi South","Biloxi South 3",29.7017,-89.5487,"GREG",6,6,,"Y","N"
716,2010,"05/07/10 00:00:00","LA","Biloxi North","Biloxi North 12",30.042,-89.273,"LAGU",6,18,,"Y","N"
720,2010,"05/08/10 00:00:00","LA","Biloxi South","Biloxi South 10 A",29.53141,-89.55392000000001,"LAGU",6,848,,"Y","N"
3084,2013,"06/18/13 00:00:00","LA","Biloxi North","Little Mud Grass Island",29.9508,-89.32250000000001,"LAGU",6,13,,"Y","N"
3706,2015,"06/21/15 00:00:00","LA","Biloxi North","Hell Pass Coast E",29.92132,-89.31655000000001,"LAGU",6,13,,"Y","N"
3708,2015,"05/17/15 00:00:00","LA","Biloxi North","Biloxi North 31",29.8043,-89.28149999999999,"LAGU",6,56,,"Y","N"
4383,2018,"06/23/18 00:00:00","LA","Biloxi South","Biloxi South 6",29.6569,-89.5145,"LAGU",6,11,,"Y","N"
704,2010,"05/07/10 00:00:00","LA","Biloxi North","Hell Pass Coast D",29.9229,-89.31514,"LBHE",6,7,,"Y","N"
3080,2013,"06/17/13 00:00:00","AL","Mississippi Sound","Terrapin Island",30.335,-88.2619,"LBHE",6,7,,"Y","N"
5364,2021,"06/20/21 00:00:00","TX","Lower Laguna Madre","Green Island",26.39257,-97.32510000000001,"LBHE",6,20,,"Y","N"
5346,2021,"06/15/21 00:00:00","FL","Pensacola","Navarre Causeway B",30.39147,-86.86268,"LETE",6,6,,"Y","N"
699,2010,"06/23/10 00:00:00","TX","East Matagorda Bay","Dressing Point",28.73145,-95.76074,"REEG",6,6,,"Y","N"
3697,2015,"05/17/15 00:00:00","LA","Breton-Chandeleur Islands","New Harbor Island 3",29.8542,-88.8634,"REEG",6,4,,"Y","N"
5341,2021,"06/20/21 00:00:00","TX","Upper Laguna Madre","Naval Air Station Islands O",27.663374,-97.254623,"REEG",6,4,"WM","Y","N"
5355,2021,"06/20/21 00:00:00","TX","Galveston","Bay Harbor Island",29.13251,-95.07424,"REEG",6,8,"DM/WM combined","Y","N"
5356,2021,"06/20/21 00:00:00","TX","Lower Laguna Madre","Green Island Spoils C",26.412323,-97.320581,"REEG",6,8,,"Y","N"
709,2010,"05/07/10 00:00:00","LA","Biloxi North","Biloxi North 32",29.7637,-89.2869,"ROSA",0,9,,"Y","N"
3705,2015,"05/17/15 00:00:00","LA","Biloxi North","Little Mud Grass Island Northeast",29.9628,-89.3156,"ROSP",6,8,,"Y","Y"
5347,2021,"05/18/21 00:00:00","TX","Galveston","Dickinson Bay Spoil Island",29.46827,-94.94542,"ROSP",6,6,,"Y","N"
717,2010,"05/17/10 00:00:00","LA","Terrebonne Bay","Felicity Island",29.2558,-90.44,"SATE",6,18,,"Y","N"
5351,2021,"05/23/21 00:00:00","LA","Biloxi North","Brush Island",30.034,-89.1863,"SATE",6,7,,"Y","N"
708,2010,"05/07/10 00:00:00","LA","Biloxi North","Hell Pass Coast D",29.9229,-89.31514,"SNEG",6,8,,"Y","N"
710,2010,"05/08/10 00:00:00","LA","Biloxi South","Belle Isle",29.5758,-89.5727,"SNEG",6,9,,"Y","N"
1882,2011,"06/17/11 00:00:00","LA","Biloxi South","Biloxi South 10 D",29.52792,-89.54504,"SNEG",6,9,,"Y","N"
3698,2015,"06/21/15 00:00:00","LA","Biloxi South","Biloxi South 10 B",29.5289,-89.55068,"SNEG",6,6,,"Y","N"
3701,2015,"05/17/15 00:00:00","LA","Biloxi North","Biloxi North 16",29.9984,-89.2924,"SNEG",6,7,,"Y","N"
700,2010,"06/23/10 00:00:00","TX","Corpus Christi-Aransas Bay","Long Reef Deadman Islands B",28.0763,-96.96550000000001,"TRHE",6,6,,"Y","N"
705,2010,"06/23/10 00:00:00","TX","Corpus Christi-Aransas Bay","West Nueces Bay 51W D",27.85152,-97.47873,"TRHE",6,7,,"Y","N"
712,2010,"06/24/10 00:00:00","TX","Galveston","Drum Bay Islands 6",29.0192,-95.2193,"TRHE",6,10,,"Y","N"
714,2010,"05/07/10 00:00:00","LA","Biloxi North","Biloxi North 25",29.9059,-89.2954,"TRHE",6,11,,"Y","N"
1877,2011,"06/14/11 00:00:00","LA","Biloxi North","Biloxi North 16",29.9984,-89.2924,"TRHE",6,6,,"Y","N"
2463,2012,"05/27/12 00:00:00","LA","Barataria Bay","Bay Ronquille Northeast Island",29.3659,-89.8357,"TRHE",6,8,,"Y","N"
3082,2013,"05/25/13 00:00:00","AL","Mobile Bay Interior","Battery McIntosh",30.6686,-88.0125,"TRHE",6,10,,"Y","N"
3699,2015,"05/18/15 00:00:00","AL","Mobile Bay Interior","Battery McIntosh",30.6686,-88.0125,"TRHE",6,6,,"Y","N"
3702,2015,"05/17/15 00:00:00","LA","Biloxi North","Biloxi North 10 D",30.0476,-89.31829999999999,"TRHE",6,7,,"Y","N"
5342,2021,"06/16/21 00:00:00","LA","Biloxi North","Biloxi North 4",30.0909,-89.23180000000001,"TRHE",6,5,,"Y","N"
5348,2021,"06/16/21 00:00:00","LA","Biloxi North","Biloxi North 38",30.00238,-89.21496999999999,"TRHE",6,6,,"Y","N"
5349,2021,"05/25/21 00:00:00","FL","Apalachicola West","Saint Andrews State Park Buttonwood Marsh",30.13326,-85.73546,"TRHE",6,6,,"Y","N"
5352,2021,"05/17/21 00:00:00","TX","Corpus Christi-Aransas Bay","Pelican Island Spoil B",27.81882,-97.14743,"TRHE",6,7,,"Y","N"
5357,2021,"06/20/21 00:00:00","TX","Corpus Christi-Aransas Bay","West Nueces Bay 51W A",27.853228,-97.48302700000001,"TRHE",6,8,,"Y","N"
5366,2021,"06/14/21 00:00:00","FL","Apalachicola East","Lanark Reef West",29.871013,-84.590857,"TRHE",6,22,,"Y","N"
2460,2012,"05/28/12 00:00:00","LA","Biloxi North","Deadman Point",29.7411,-89.35680000000001,"TRSN",6,0,,"Y","N"
2461,2012,"05/27/12 00:00:00","LA","Terrebonne Bay","Felicity Island",29.2558,-90.44,"TRSN",6,0,"Does not include 25 Empty Nests","Y","N"
711,2010,"06/24/10 00:00:00","TX","Galveston","Arcadia Reef A",29.0293,-95.2024,"WHEG",6,9,,"Y","N"
718,2010,"05/18/10 00:00:00","AL","Mississippi Sound","Cat Island",30.3207,-88.2099,"WHEG",6,19,,"Y","N"
719,2010,"06/26/10 00:00:00","LA","Sabine-Calcasieu","Point Hunt Island",29.7471,-93.8862,"WHIB",6,158,"Does not include 56 Empty Nests","Y","N"
1885,2011,"05/18/11 00:00:00","LA","Biloxi South","Belle Isle",29.5758,-89.5727,"WHIB",6,12,,"Y","N"
3081,2013,"06/19/13 00:00:00","LA","Biloxi North","Biloxi North 10 B",30.0516,-89.31829999999999,"WHIB",6,8,,"Y","N"
3086,2013,"05/24/13 00:00:00","LA","Biloxi South","Biloxi South 11",29.5247,-89.57259999999999,"WHIB",6,16,,"Y","N"
3707,2015,"05/17/15 00:00:00","LA","Biloxi North","Biloxi North 36",30.0497,-89.3038,"WHIB",6,19,,"Y","N"
4384,2018,"05/19/18 00:00:00","LA","Biloxi North","Hell Pass Coast B",29.92847,-89.3079,"WHIB",6,11,,"Y","N"
3703,2015,"05/16/15 00:00:00","LA","Atchafalaya Bay","Heron Island",29.4282,-91.3287,"YCNH",6,7,,"Y","N"
2475,2012,"05/27/12 00:00:00","LA","Barataria Bay","Cat Bay North Island",29.3656,-89.8646,"BCNH",5,9,,"Y","N"
3089,2013,"05/25/13 00:00:00","AL","Mobile Bay Interior","Gaillard Island",30.5063,-88.03619999999999,"BCNH",5,5,,"Y","N"
3710,2015,"05/18/15 00:00:00","AL","Mississippi Sound","Terrapin Island",30.335,-88.2619,"BCNH",5,6,,"Y","N"
723,2010,"06/14/10 00:00:00","LA","Breton-Chandeleur Islands","Breton Island",29.4955,-89.1742,"BLSK",5,5,,"Y","N"
739,2010,"06/25/10 00:00:00","TX","Galveston","Bay Harbor Island",29.13251,-95.07424,"BLSK",5,15,,"Y","N"
740,2010,"06/23/10 00:00:00","TX","Corpus Christi-Aransas Bay","Second Chain of Islands K",28.18135,-96.81731000000001,"BLSK",5,15,,"Y","N"
5375,2021,"06/20/21 00:00:00","TX","Lower Laguna Madre","Green Island Spoils G",26.412964,-97.30841100000001,"BLSK",5,6,,"Y","N"
5386,2021,"06/17/21 00:00:00","LA","Birdsfoot West","Scofield Island",29.241339,-89.54569100000001,"BLSK",5,8,,"Y","N"
745,2010,"06/24/10 00:00:00","TX","Galveston","Drum Bay Islands 2",29.0123,-95.2253,"BRPE",5,77,,"Y","N"
724,2010,"06/14/10 00:00:00","LA","Barataria Bay","Queen Bess Island",29.3043,-89.9592,"CAEG",5,5,,"Y","N"
3097,2013,"06/18/13 00:00:00","LA","Breton-Chandeleur Islands","Chandeleur North B",29.949821,-88.823795,"CATE",5,7,,"Y","N"
5392,2021,"05/18/21 00:00:00","TX","Galveston","Dickinson Bay Spoil Island",29.46827,-94.94542,"CATE",5,10,,"Y","N"
746,2010,"06/09/10 00:00:00","FL","Everglades National Park","Carl Ross Key",25.039,-81.01739999999999,"DCCO",5,186,,"Y","N"
1894,2011,"05/18/11 00:00:00","LA","Barataria Bay","Cat Bay South Island",29.3341,-89.8716,"FOTE",5,48,,"Y","N"
3090,2013,"06/18/13 00:00:00","LA","Biloxi North","Biloxi North 16",29.9984,-89.2924,"FOTE",5,5,,"Y","N"
3091,2013,"05/24/13 00:00:00","LA","Biloxi North","Brush Island",30.034,-89.1863,"FOTE",5,5,,"Y","N"
3711,2015,"05/17/15 00:00:00","LA","Biloxi North","Biloxi North 37",29.9141,-89.3257,"FOTE",5,6,,"Y","N"
3718,2015,"05/17/15 00:00:00","LA","Biloxi North","Biloxi North 31",29.8043,-89.28149999999999,"FOTE",5,8,,"Y","N"
5397,2021,"05/17/21 00:00:00","TX","Corpus Christi-Aransas Bay","Second Chain of Islands J",28.1857,-96.8137,"FOTE",5,18,,"Y","N"
722,2010,"06/10/10 00:00:00","FL","Tampa Bay","Longbeach Islet",27.433,-82.67529999999999,"GBHE",5,2,,"Y","N"
731,2010,"06/10/10 00:00:00","FL","Charlotte Harbor","Matanzas Pass Spoil Island",26.4609,-81.9571,"GBHE",5,6,,"Y","N"
1891,2011,"05/18/11 00:00:00","LA","Biloxi South","Biloxi South 3",29.7017,-89.5487,"GBHE",5,7,,"Y","N"
4387,2018,"05/21/18 00:00:00","LA","Terrebonne Bay","Philo Brice Islands",29.18416,-90.34678,"GBHE",5,6,,"Y","N"
5367,2021,"05/18/21 00:00:00","TX","Galveston","Dickinson Bay Spoil Island",29.46827,-94.94542,"GBHE",5,4,,"Y","N"
5376,2021,"05/17/21 00:00:00","TX","Lower Laguna Madre","East Flats Spoil",26.72269,-97.42762,"GBHE",5,6,,"Y","Y"
5387,2021,"06/20/21 00:00:00","TX","Lower Laguna Madre","East Marker Spoil",26.63626,-97.38531999999999,"GBHE",5,8,,"Y","Y"
734,2010,"05/18/10 00:00:00","LA","Lake Borgne","Half Moon Island",30.1376,-89.43519999999999,"GBTE",5,9,,"Y","N"
1887,2011,"06/15/11 00:00:00","LA","Breton-Chandeleur Islands","Chandeleur North G",29.865132,-88.832617,"GBTE",5,5,,"Y","N"
1892,2011,"05/17/11 00:00:00","LA","Terrebonne Bay","Raccoon Island",29.0505,-90.92659999999999,"GBTE",5,8,,"Y","N"
2466,2012,"06/19/12 00:00:00","LA","Breton-Chandeleur Islands","Chandeleur North E",29.888395,-88.82646,"GBTE",5,5,,"Y","N"
2467,2012,"05/27/12 00:00:00","LA","Terrebonne Bay","Felicity Island",29.2558,-90.44,"GBTE",5,5,,"Y","N"
3092,2013,"06/18/13 00:00:00","LA","Biloxi North","Turtle Pen Isle",29.938,-89.242,"GBTE",5,5,,"Y","N"
3100,2013,"05/24/13 00:00:00","LA","Biloxi South","Biloxi South 1",29.6873,-89.4646,"GBTE",5,43,,"Y","N"
3716,2015,"06/21/15 00:00:00","LA","Breton-Chandeleur Islands","Chandeleur North E",29.888395,-88.82646,"GBTE",5,7,,"Y","N"
3721,2015,"05/16/15 00:00:00","LA","Barataria Bay","Shell Island East",29.281019,-89.62835200000001,"GBTE",5,19,,"Y","N"
4385,2018,"06/24/18 00:00:00","LA","Breton-Chandeleur Islands","Chandeleur South B",29.79898,-88.86415599999999,"GBTE",5,5,,"Y","N"
4386,2018,"06/24/18 00:00:00","LA","Breton-Chandeleur Islands","Gosier Islands North",29.5517,-89.06444,"GBTE",5,5,,"Y","N"
4388,2018,"06/24/18 00:00:00","LA","Breton-Chandeleur Islands","Chandeleur North G",29.865132,-88.832617,"GBTE",5,6,,"Y","N"
5369,2021,"06/16/21 00:00:00","LA","Breton-Chandeleur Islands","Chandeleur North C",29.929685,-88.82179600000001,"GBTE",5,5,,"Y","N"
5388,2021,"06/16/21 00:00:00","LA","Breton-Chandeleur Islands","Chandeleur South B",29.79898,-88.86415599999999,"GBTE",5,8,,"Y","N"
5396,2021,"05/17/21 00:00:00","TX","Lower Laguna Madre","Green Island Spoils F",26.409668,-97.311339,"GBTE",5,12,,"Y","N"
5398,2021,"05/25/21 00:00:00","FL","Apalachicola East","Apalachicola Bird Island",29.714977,-84.975398,"GBTE",5,31,,"Y","N"
725,2010,"06/08/10 00:00:00","FL","Everglades National Park","Duck Key",25.1802,-80.4893,"GREG",5,5,,"Y","N"
1886,2011,"06/14/11 00:00:00","LA","Biloxi North","Biloxi North 35",29.951,-89.253,"GREG",5,3,,"Y","N"
1888,2011,"05/20/11 00:00:00","AL","Mississippi Sound","Terrapin Island",30.335,-88.2619,"GREG",5,5,,"Y","N"
3709,2015,"06/21/15 00:00:00","LA","Biloxi North","Little Mud Grass Island Northeast",29.9628,-89.3156,"GREG",5,5,,"Y","N"
5370,2021,"06/17/21 00:00:00","LA","Biloxi North","Biloxi North 36",30.0497,-89.3038,"GREG",5,5,,"Y","N"
5371,2021,"06/17/21 00:00:00","LA","Biloxi South","Biloxi South 6",29.6569,-89.5145,"GREG",5,5,,"Y","N"
5372,2021,"05/18/21 00:00:00","TX","Galveston","Marker 52 Spoil Island",29.290621,-94.92918,"GREG",5,5,,"Y","N"
5377,2021,"06/16/21 00:00:00","LA","Biloxi North","Bayou Pintou",30.128,-89.224,"GREG",5,6,,"Y","N"
5378,2021,"05/22/21 00:00:00","LA","Barataria Bay","Mendicant Island",29.302176,-89.973608,"GREG",5,6,,"Y","N"
5379,2021,"05/17/21 00:00:00","TX","Upper Laguna Madre","Rabit Island Laguna Madre",27.24658,-97.41421,"GREG",5,6,,"Y","N"
742,2010,"05/07/10 00:00:00","LA","Biloxi North","Biloxi North 17",29.9751,-89.2762,"LAGU",5,26,,"Y","N"
743,2010,"06/23/10 00:00:00","TX","Matagorda Bay","Coon Island",28.6534,-96.2272,"LAGU",5,38,,"Y","N"
1895,2011,"05/18/11 00:00:00","LA","Barataria Bay","Cat Bay Island",29.3474,-89.8672,"LAGU",5,56,,"Y","N"
2474,2012,"06/19/12 00:00:00","LA","Breton-Chandeleur Islands","Chandeleur North B",29.949821,-88.823795,"LAGU",5,8,,"Y","N"
3099,2013,"06/17/13 00:00:00","FL","Apalachicola East","Lanark Reef-Pelican Lump",29.87806,-84.568555,"LAGU",5,9,,"Y","N"
3101,2013,"06/19/13 00:00:00","LA","Barataria Bay","Grand Island Point",29.3727,-89.8929,"LAGU",5,300,,"Y","N"
3719,2015,"05/17/15 00:00:00","LA","Biloxi North","Biloxi North 11",30.0324,-89.3141,"LAGU",5,9,,"Y","N"
4390,2018,"06/24/18 00:00:00","LA","Breton-Chandeleur Islands","New Harbor Island 1",29.87609,-88.87682,"LAGU",5,95,,"Y","N"
5390,2021,"06/17/21 00:00:00","LA","Biloxi North","Mink Island",30.00568,-89.30034999999999,"LAGU",5,9,,"Y","N"
5399,2021,"06/16/21 00:00:00","LA","Breton-Chandeleur Islands","New Harbor Island 3",29.8542,-88.8634,"LAGU",5,122,,"Y","N"
726,2010,"06/26/10 00:00:00","TX","Galveston","Rollover Bay D",29.5215,-94.5056,"REEG",5,5,,"Y","N"
733,2010,"06/23/10 00:00:00","TX","Corpus Christi-Aransas Bay","Long Reef Deadman Islands B",28.0763,-96.96550000000001,"REEG",5,8,,"Y","N"
735,2010,"06/24/10 00:00:00","TX","Galveston","Arcadia Reef A",29.0293,-95.2024,"REEG",5,9,,"Y","N"
3093,2013,"05/24/13 00:00:00","AL","Mississippi Sound","Cat Island",30.3207,-88.2099,"REEG",5,5,,"Y","N"
3098,2013,"05/24/13 00:00:00","LA","Biloxi North","Drum Bay Island",29.9197,-89.2627,"REEG",5,7,,"Y","N"
3712,2015,"05/16/15 00:00:00","LA","Barataria Bay","Queen Bess Island",29.3043,-89.9592,"REEG",5,6,,"Y","N"
5373,2021,"05/22/21 00:00:00","LA","Barataria Bay","Beauregard Island",29.27971,-89.97225,"REEG",5,5,"DM/WM combined","Y","N"
741,2010,"06/23/10 00:00:00","TX","Corpus Christi-Aransas Bay","West Nueces Bay 51W A",27.853228,-97.48302700000001,"ROSP",5,20,,"Y","N"
3095,2013,"06/18/13 00:00:00","LA","Biloxi North","Little Mud Grass Island Northeast",29.9628,-89.3156,"ROSP",5,6,,"Y","N"
3717,2015,"05/18/15 00:00:00","LA","Biloxi North","Biloxi North 4",30.0909,-89.23180000000001,"ROSP",5,7,,"Y","N"
4389,2018,"05/21/18 00:00:00","LA","Atchafalaya Bay","Heron Island",29.4282,-91.3287,"ROSP",5,10,,"Y","N"
5368,2021,"06/18/21 00:00:00","TX","Galveston","Mayes Lake North",29.83194,-94.77016999999999,"ROSP",5,4,,"Y","N"
5391,2021,"05/17/21 00:00:00","TX","Lower Laguna Madre","Bahia Grande C East",26.04147,-97.28154000000001,"ROSP",5,9,,"Y","Y"
5393,2021,"06/19/21 00:00:00","LA","Terrebonne Bay","Belle Pass Pond",29.111568,-90.211673,"ROSP",5,10,,"Y","N"
5394,2021,"06/18/21 00:00:00","TX","Galveston","Rollover Bay C",29.51574,-94.50743300000001,"ROSP",5,10,,"Y","N"
3722,2015,"05/18/15 00:00:00","LA","Biloxi North","Door Point Lagoon 2",30.06117,-89.18415,"ROYT",5,136,,"Y","N"
5380,2021,"06/14/21 00:00:00","FL","Apalachicola West","Audubon Island",30.17688,-85.7353,"SATE",5,6,,"Y","N"
727,2010,"05/18/10 00:00:00","AL","Mississippi Sound","Terrapin Island",30.335,-88.2619,"SDHE",5,5,,"Y","N"
736,2010,"06/27/10 00:00:00","LA","Biloxi North","Martin Island",29.959,-89.19840000000001,"SDHE",5,11,,"Y","N"
5383,2021,"05/25/21 00:00:00","FL","Apalachicola East","Lake Number Five",29.6471,-85.1279,"SDHE",5,7,,"Y","N"
732,2010,"06/10/10 00:00:00","FL","Charlotte Harbor","Pine Island Sound 1",26.4979,-82.11239999999999,"SNEG",5,7,,"Y","N"
738,2010,"06/11/10 00:00:00","FL","Tampa Bay","Little McPherson Bayou Island",27.7058,-82.7351,"SNEG",5,13,,"Y","N"
1890,2011,"05/18/11 00:00:00","LA","Biloxi South","Biloxi South 10 A",29.53141,-89.55392000000001,"SNEG",5,6,,"Y","N"
1893,2011,"05/18/11 00:00:00","LA","Barataria Bay","Bay Ronquille Northeast Island",29.3659,-89.8357,"SNEG",5,9,,"Y","N"
2468,2012,"05/28/12 00:00:00","LA","Biloxi North","Biloxi North 10 D",30.0476,-89.31829999999999,"SNEG",5,5,,"Y","N"
2469,2012,"06/19/12 00:00:00","LA","Biloxi North","Biloxi North 35",29.951,-89.253,"SNEG",5,5,,"Y","N"
3094,2013,"06/19/13 00:00:00","LA","Biloxi North","Biloxi North 10 B",30.0516,-89.31829999999999,"SNEG",5,5,,"Y","N"
3096,2013,"05/24/13 00:00:00","LA","Biloxi South","Biloxi South 5 B",29.6521,-89.4577,"SNEG",5,6,,"Y","N"
3713,2015,"05/17/15 00:00:00","LA","Biloxi South","Biloxi South 5 B",29.6521,-89.4577,"SNEG",5,6,,"Y","N"
3714,2015,"06/21/15 00:00:00","LA","Biloxi North","Hell Pass Coast A",29.93259,-89.30759999999999,"SNEG",5,6,,"Y","N"
3720,2015,"06/21/15 00:00:00","LA","Biloxi North","Biloxi North 38",30.00238,-89.21496999999999,"SNEG",5,14,,"Y","N"
5384,2021,"06/20/21 00:00:00","TX","Corpus Christi-Aransas Bay","West Nueces Bay 51W P",27.85798,-97.49055,"SNEG",5,7,,"Y","N"
728,2010,"06/25/10 00:00:00","TX","Galveston","Mustang Bayou Island",29.167164,-95.129808,"SOTE",5,5,,"Y","N"
729,2010,"05/07/10 00:00:00","LA","Biloxi North","Biloxi North 16",29.9984,-89.2924,"TRHE",5,5,,"Y","N"
744,2010,"06/26/10 00:00:00","LA","Sabine-Calcasieu","Point Hunt Island",29.7471,-93.8862,"TRHE",5,56,"Does not include 15 Empty Nests","Y","N"
1889,2011,"05/19/11 00:00:00","LA","Biloxi North","Little Mud Grass Island Northeast",29.9628,-89.3156,"TRHE",5,5,,"Y","N"
2470,2012,"05/30/12 00:00:00","FL","Apalachicola East","Lake Number Five",29.6471,-85.1279,"TRHE",5,5,,"Y","N"
2472,2012,"05/27/12 00:00:00","LA","Barataria Bay","Beauregard Island",29.27971,-89.97225,"TRHE",5,6,,"Y","N"
2473,2012,"05/28/12 00:00:00","LA","Biloxi South","Biloxi South 10 D",29.52792,-89.54504,"TRHE",5,7,,"Y","N"
3715,2015,"05/17/15 00:00:00","LA","Biloxi North","Biloxi North 36",30.0497,-89.3038,"TRHE",5,6,,"Y","N"
5374,2021,"06/17/21 00:00:00","LA","Biloxi South","Biloxi South 10 B",29.5289,-89.55068,"TRHE",5,5,,"Y","N"
5381,2021,"06/17/21 00:00:00","LA","Biloxi North","Biloxi North 10 D",30.0476,-89.31829999999999,"TRHE",5,6,,"Y","N"
5385,2021,"06/16/21 00:00:00","LA","Biloxi North","Biloxi North 8",30.0525,-89.1944,"TRHE",5,7,,"Y","N"
5389,2021,"06/19/21 00:00:00","LA","Terrebonne Bay","Belle Pass Pond",29.111568,-90.211673,"TRHE",5,8,,"Y","N"
2476,2012,"05/30/12 00:00:00","AL","Mobile Bay Interior","Gaillard Island",30.5063,-88.03619999999999,"UNTE",5,576,"5 Nests are Abandoned; CATE, ROYT, or SATE","Y","N"
721,2010,"06/24/10 00:00:00","TX","Galveston","Drum Bay Islands 2",29.0123,-95.2253,"UNWA",5,0,"Does not include 191 Empty Nests","Y","N"
730,2010,"06/11/10 00:00:00","FL","Tampa Bay","Little McPherson Bayou Island",27.7058,-82.7351,"UnWa",5,5,"Does not include 11 Empty Nests","Y","N"
737,2010,"05/18/10 00:00:00","LA","Biloxi North","Biloxi North 10 B",30.0516,-89.31829999999999,"WHIB",5,12,,"Y","N"
2471,2012,"05/30/12 00:00:00","AL","Mobile Bay Interior","Battery McIntosh",30.6686,-88.0125,"WHIB",5,5,,"Y","N"
5382,2021,"05/18/21 00:00:00","TX","Salt Bayou","High Island",29.57351,-94.38930000000001,"WHIB",5,6,,"Y","N"
5395,2021,"05/24/21 00:00:00","AL","Mississippi Sound","Terrapin Island",30.335,-88.2619,"WHIB",5,10,,"Y","N"
753,2010,"05/08/10 00:00:00","LA","Barataria Bay","Belle Pass East",29.0901,-90.22190000000001,"BCNH",4,4,,"Y","N"
754,2010,"05/08/10 00:00:00","LA","Biloxi South","Biloxi South 11",29.5247,-89.57259999999999,"BCNH",4,4,,"Y","N"
771,2010,"06/23/10 00:00:00","TX","Matagorda Bay","Kamey Island",28.4554,-96.80629999999999,"BCNH",4,5,,"Y","N"
778,2010,"06/23/10 00:00:00","TX","Corpus Christi-Aransas Bay","Second Chain of Islands I",28.1888,-96.81523,"BCNH",4,8,,"Y","N"
781,2010,"05/17/10 00:00:00","LA","Terrebonne Bay","Felicity Island",29.2558,-90.44,"BCNH",4,11,,"Y","N"
2481,2012,"05/28/12 00:00:00","LA","Biloxi North","Biloxi North 10 E",30.0502,-89.3117,"BCNH",4,5,,"Y","N"
2483,2012,"05/27/12 00:00:00","LA","Barataria Bay","Queen Bess Island",29.3043,-89.9592,"BCNH",4,9,,"Y","N"
3113,2013,"05/23/13 00:00:00","LA","Barataria Bay","Queen Bess Island",29.3043,-89.9592,"BCNH",4,10,,"Y","N"
5403,2021,"05/17/21 00:00:00","TX","Lower Laguna Madre","Arroyo Colorado Spoils B1",26.329042,-97.31473099999999,"BCNH",4,4,,"Y","N"
5404,2021,"05/24/21 00:00:00","AL","Mississippi Sound","Isle Aux Herbes",30.345969,-88.259531,"BCNH",4,4,,"Y","N"
1904,2011,"05/18/11 00:00:00","LA","Barataria Bay","Grand Island Point",29.3727,-89.8929,"BLSK",4,13,,"Y","N"
3105,2013,"05/24/13 00:00:00","LA","Biloxi North","Redfish Bend",29.9679,-89.2276,"BLSK",4,5,,"Y","N"
4398,2018,"05/20/18 00:00:00","LA","Breton-Chandeleur Islands","New Harbor Island 1",29.87609,-88.87682,"BLSK",4,8,,"Y","N"
5422,2021,"06/17/21 00:00:00","LA","Biloxi North","Biloxi North 16",29.9984,-89.2924,"BLSK",4,8,,"Y","N"
772,2010,"06/10/10 00:00:00","FL","Charlotte Harbor","Cape Haze Islet",26.7967,-82.2295,"BRPE",4,5,,"Y","N"
783,2010,"06/23/10 00:00:00","TX","Corpus Christi-Aransas Bay","Long Reef Deadman Islands A",28.0659,-96.9629,"BRPE",4,35,,"Y","N"
3114,2013,"05/23/13 00:00:00","LA","Barataria Bay","Bay Ronquille Northwest Island",29.3631,-89.85339999999999,"BRPE",4,17,,"Y","N"
755,2010,"06/11/10 00:00:00","FL","Tampa Bay","3 Rooker Key",28.1138,-82.839,"CATE",4,4,,"Y","N"
3723,2015,"05/17/15 00:00:00","LA","Biloxi North","Martin Island",29.959,-89.19840000000001,"CATE",4,4,,"Y","N"
779,2010,"06/10/10 00:00:00","FL","Tampa Bay","Dryman Bay Island",27.1739,-82.49209999999999,"DCCO",4,8,,"Y","N"
1897,2011,"06/14/11 00:00:00","LA","Biloxi North","Biloxi North 31",29.8043,-89.28149999999999,"FOTE",4,4,,"Y","N"
3112,2013,"06/19/13 00:00:00","LA","Birdsfoot West","Birdsfoot West 4",29.179677,-89.29314599999999,"FOTE",4,7,,"Y","N"
3727,2015,"06/21/15 00:00:00","LA","Biloxi North","Biloxi North 38",30.00238,-89.21496999999999,"FOTE",4,6,,"Y","N"
5405,2021,"06/20/21 00:00:00","TX","Lower Laguna Madre","Arroyo Colorado Spoils B2",26.318883,-97.31019999999999,"FOTE",4,4,,"Y","N"
756,2010,"06/25/10 00:00:00","TX","Galveston","Evia Island",29.4282,-94.7638,"GBHE",4,4,,"Y","N"
757,2010,"06/10/10 00:00:00","FL","Charlotte Harbor","Gasparilla Sound Spoil Island",26.7904,-82.2462,"GBHE",4,4,,"Y","N"
758,2010,"06/11/10 00:00:00","FL","Tampa Bay","Saint Joseph Sound Spoil Island",28.0754,-82.8,"GBHE",4,4,,"Y","N"
759,2010,"06/11/10 00:00:00","FL","Tampa Bay","Sand Keys",28.038,-82.7946,"GBHE",4,4,,"Y","N"
760,2010,"06/23/10 00:00:00","TX","Matagorda Bay","South Pass Island B",28.2961,-96.62130000000001,"GBHE",4,4,,"Y","N"
761,2010,"06/23/10 00:00:00","TX","Corpus Christi-Aransas Bay","West Nueces Bay 51W P",27.85798,-97.49055,"GBHE",4,4,,"Y","N"
773,2010,"06/11/10 00:00:00","FL","Tampa Bay","Dog Leg Key",27.802,-82.76179999999999,"GBHE",4,5,,"Y","N"
5400,2021,"05/24/21 00:00:00","AL","Mobile Bay Seashore","Walker Island",30.287087,-87.54138399999999,"GBHE",4,0,,"Y","N"
5401,2021,"05/17/21 00:00:00","TX","Galveston","Nolan Ryan Marsh",28.94099,-95.35596,"GBHE",4,1,,"Y","N"
5406,2021,"06/16/21 00:00:00","MS","Mississippi Sound","Deer Island Northeast",30.37174,-88.83011999999999,"GBHE",4,4,,"Y","N"
5407,2021,"05/17/21 00:00:00","TX","Lower Laguna Madre","Green Island Spoils G",26.412964,-97.30841100000001,"GBHE",4,4,,"Y","N"
5408,2021,"06/20/21 00:00:00","TX","Lower Laguna Madre","Northeast Mansfield Intersection Spoil",26.56432,-97.40021,"GBHE",4,4,,"Y","N"
5416,2021,"06/15/21 00:00:00","MS","Mississippi Sound","Old Round Island",30.29523,-88.58663,"GBHE",4,5,,"Y","N"
762,2010,"06/27/10 00:00:00","LA","Biloxi North","Isle au Pitre",30.1526,-89.1968,"GBTE",4,4,,"Y","N"
1902,2011,"06/15/11 00:00:00","LA","Breton-Chandeleur Islands","Chandeleur South D",29.770378,-88.882942,"GBTE",4,5,,"Y","N"
2477,2012,"06/19/12 00:00:00","LA","Breton-Chandeleur Islands","Chandeleur North D",29.901692,-88.824851,"GBTE",4,4,,"Y","N"
3109,2013,"06/18/13 00:00:00","LA","Breton-Chandeleur Islands","Chandeleur North F",29.881806,-88.828345,"GBTE",4,6,,"Y","N"
5409,2021,"06/16/21 00:00:00","LA","Breton-Chandeleur Islands","Chandeleur North H",29.85238,-88.83663799999999,"GBTE",4,4,,"Y","N"
5424,2021,"06/18/21 00:00:00","LA","Vermilion Bay","Bayou Platte Island North",29.619877,-91.895594,"GBTE",4,11,,"Y","N"
747,2010,"06/25/10 00:00:00","TX","Galveston","West Bay Bird Island New",29.09832,-95.14131999999999,"GREG",4,0,,"Y","N"
748,2010,"06/08/10 00:00:00","FL","Florida Keys","Bay Keys",24.6335,-81.7632,"GREG",4,1,,"Y","N"
750,2010,"06/24/10 00:00:00","TX","Galveston","Bryan Mound",28.9218,-95.3797,"GREG",4,3,,"Y","N"
1898,2011,"05/17/11 00:00:00","LA","Terrebonne Bay","Pelican Island",29.1437,-90.3475,"GREG",4,4,,"Y","N"
2478,2012,"05/27/12 00:00:00","LA","Terrebonne Bay","Pelican Island",29.1437,-90.3475,"GREG",4,4,,"Y","N"
3106,2013,"05/24/13 00:00:00","LA","Breton-Chandeleur Islands","New Harbor Island 3",29.8542,-88.8634,"GREG",4,5,,"Y","N"
3725,2015,"05/18/15 00:00:00","AL","Mobile Bay Interior","Gaillard Island",30.5063,-88.03619999999999,"GREG",4,5,,"Y","N"
4391,2018,"05/19/18 00:00:00","LA","Biloxi North","Biloxi North 3",30.0997,-89.283,"GREG",4,4,,"Y","N"
4392,2018,"06/23/18 00:00:00","LA","Biloxi South","Biloxi South 5 B",29.6521,-89.4577,"GREG",4,4,,"Y","N"
4395,2018,"05/19/18 00:00:00","LA","Lake Borgne","Half Moon Island",30.1376,-89.43519999999999,"GREG",4,5,,"Y","N"
4397,2018,"05/20/18 00:00:00","LA","Breton-Chandeleur Islands","New Harbor Island 3",29.8542,-88.8634,"GREG",4,6,,"Y","N"
5410,2021,"06/16/21 00:00:00","LA","Breton-Chandeleur Islands","New Harbor Island 3",29.8542,-88.8634,"GREG",4,4,,"Y","N"
5420,2021,"06/17/21 00:00:00","LA","Biloxi North","Deadman Point",29.7411,-89.35680000000001,"GREG",4,7,,"Y","N"
776,2010,"06/12/10 00:00:00","FL","Apalachicola East","Lanark Reef-Pelican Lump",29.87806,-84.568555,"LAGU",4,6,,"Y","N"
1899,2011,"06/18/11 00:00:00","LA","Vermilion Bay","Bayou Platte Island South",29.6069,-91.8913,"LAGU",4,4,,"Y","N"
2486,2012,"05/28/12 00:00:00","LA","Biloxi North","Biloxi North 27",29.8807,-89.2497,"LAGU",4,47,,"Y","N"
3728,2015,"05/17/15 00:00:00","LA","Biloxi North","Biloxi North 25",29.9059,-89.2954,"LAGU",4,6,,"Y","N"
3729,2015,"05/18/15 00:00:00","LA","Biloxi North","Isle au Pitre",30.1526,-89.1968,"LAGU",4,10,,"Y","N"
3730,2015,"06/20/15 00:00:00","LA","Terrebonne Bay","Raccoon Island West",29.0596,-90.94159999999999,"LAGU",4,17,,"Y","N"
3732,2015,"05/16/15 00:00:00","LA","Barataria Bay","Bay Ronquille Northwest Island",29.3631,-89.85339999999999,"LAGU",4,63,,"Y","N"
4396,2018,"05/19/18 00:00:00","LA","Biloxi North","Biloxi North 11",30.0324,-89.3141,"LAGU",4,5,,"Y","N"
4400,2018,"06/23/18 00:00:00","LA","Biloxi North","Biloxi North 3",30.0997,-89.283,"LAGU",4,30,,"Y","N"
5421,2021,"06/20/21 00:00:00","TX","Corpus Christi-Aransas Bay","West Nueces Bay 51W K",27.85912,-97.49294999999999,"LAGU",4,7,,"Y","N"
3102,2013,"05/25/13 00:00:00","AL","Mobile Bay Interior","Gaillard Island",30.5063,-88.03619999999999,"LBHE",4,4,,"Y","N"
5411,2021,"06/20/21 00:00:00","TX","Upper Laguna Madre","Naval Air Station Islands H",27.664078,-97.248767,"LBHE",4,4,,"Y","N"
5418,2021,"05/17/21 00:00:00","TX","Matagorda Bay","Chester Island",28.45174,-96.34689,"LBHE",4,6,,"Y","N"
751,2010,"06/25/10 00:00:00","TX","Galveston","North Deer Island",29.28519,-94.92462,"REEG",4,3,,"Y","N"
763,2010,"06/23/10 00:00:00","TX","Corpus Christi-Aransas Bay","Second Chain of Islands I",28.1888,-96.81523,"ROSP",4,4,,"Y","N"
3110,2013,"06/19/13 00:00:00","LA","Atchafalaya Bay","Heron Island",29.4282,-91.3287,"ROSP",4,6,,"Y","N"
4399,2018,"06/25/18 00:00:00","LA","Atchafalaya Bay","Bird Island West",29.368626,-91.40304999999999,"ROSP",4,9,,"Y","N"
5412,2021,"06/16/21 00:00:00","LA","Biloxi North","Bayou Pintou",30.128,-89.224,"ROSP",4,4,,"Y","N"
5413,2021,"05/24/21 00:00:00","AL","Mobile Bay Interior","Gaillard Island",30.5063,-88.03619999999999,"ROSP",4,4,,"Y","N"
5419,2021,"06/20/21 00:00:00","TX","Upper Laguna Madre","Tern Island",27.65791,-97.25123000000001,"ROSP",4,6,,"Y","N"
5423,2021,"05/22/21 00:00:00","LA","Terrebonne Bay","Raccoon Island",29.0505,-90.92659999999999,"ROSP",4,8,,"Y","Y"
2482,2012,"06/19/12 00:00:00","LA","Biloxi North","Door Point Lagoon 2",30.06117,-89.18415,"SATE",4,7,,"Y","N"
5414,2021,"05/24/21 00:00:00","AL","Mississippi Sound","Cat Island",30.3207,-88.2099,"SATE",4,4,,"Y","N"
782,2010,"06/24/10 00:00:00","TX","Galveston","Drum Bay Islands 2",29.0123,-95.2253,"SDHE",4,15,,"Y","N"
764,2010,"05/07/10 00:00:00","LA","Biloxi North","Deadman Point",29.7411,-89.35680000000001,"SNEG",4,4,,"Y","N"
765,2010,"06/23/10 00:00:00","TX","Matagorda Bay","South Pass Island B",28.2961,-96.62130000000001,"SNEG",4,4,,"Y","N"
777,2010,"06/10/10 00:00:00","FL","Charlotte Harbor","Matanzas Pass Spoil Island",26.4609,-81.9571,"SNEG",4,7,,"Y","N"
1896,2011,"06/14/11 00:00:00","LA","Biloxi North","Biloxi North 10 C",30.0481,-89.3202,"SNEG",4,2,,"Y","N"
1900,2011,"06/14/11 00:00:00","LA","Biloxi North","Biloxi North 10 D",30.0476,-89.31829999999999,"SNEG",4,4,,"Y","N"
1903,2011,"05/18/11 00:00:00","LA","Barataria Bay","Cat Bay South Island",29.3341,-89.8716,"SNEG",4,11,,"Y","N"
2479,2012,"05/28/12 00:00:00","LA","Biloxi North","Biloxi North 26",29.8979,-89.301,"SNEG",4,4,,"Y","N"
2484,2012,"05/29/12 00:00:00","AL","Mississippi Sound","Terrapin Island",30.335,-88.2619,"SNEG",4,12,,"Y","N"
3107,2013,"06/19/13 00:00:00","LA","Biloxi North","Biloxi North 10 C",30.0481,-89.3202,"SNEG",4,5,,"Y","N"
3108,2013,"05/24/13 00:00:00","LA","Biloxi South","Long Bay Island",29.5021,-89.5356,"SNEG",4,5,,"Y","N"
3724,2015,"05/16/15 00:00:00","LA","Terrebonne Bay","Raccoon Island",29.0505,-90.92659999999999,"SNEG",4,4,,"Y","N"
3726,2015,"05/17/15 00:00:00","LA","Biloxi North","Biloxi North 10 A",30.0485,-89.322,"SNEG",4,5,,"Y","N"
3731,2015,"06/20/15 00:00:00","LA","Birdsfoot East","Birdsfoot East 4",28.979007,-89.36321599999999,"SNEG",4,17,,"Y","N"
5402,2021,"06/20/21 00:00:00","TX","Upper Laguna Madre","Naval Air Station Islands O",27.663374,-97.254623,"SNEG",4,3,,"Y","N"
749,2010,"06/25/10 00:00:00","TX","Galveston","Kanaloa Spoil East",29.2943,-94.93340000000001,"SOTE",4,2,,"Y","N"
766,2010,"06/10/10 00:00:00","FL","Charlotte Harbor","Okeechobee Waterway Spoil Island",26.51,-82.02500000000001,"TRHE",4,4,,"Y","N"
767,2010,"06/11/10 00:00:00","FL","Tampa Bay","Piney Point Mangroves",27.6503,-82.5462,"TRHE",4,4,,"Y","N"
768,2010,"06/23/10 00:00:00","TX","Matagorda Bay","South Pass Island B",28.2961,-96.62130000000001,"TRHE",4,4,,"Y","N"
774,2010,"06/13/10 00:00:00","AL","Mobile Bay Interior","Battery McIntosh",30.6686,-88.0125,"TRHE",4,5,,"Y","N"
775,2010,"06/10/10 00:00:00","FL","Charlotte Harbor","Tarpon Bay Island",26.4565,-82.07550000000001,"TRHE",4,5,,"Y","N"
2480,2012,"05/28/12 00:00:00","LA","Biloxi South","Biloxi South 10 A",29.53141,-89.55392000000001,"TRHE",4,4,,"Y","N"
2485,2012,"05/28/12 00:00:00","LA","Biloxi North","Door Point Lagoon 2",30.06117,-89.18415,"TRHE",4,17,,"Y","N"
3103,2013,"06/19/13 00:00:00","LA","Atchafalaya Bay","Heron Island",29.4282,-91.3287,"TRHE",4,4,,"Y","N"
3111,2013,"05/23/13 00:00:00","LA","Barataria Bay","Cat Bay North Island",29.3656,-89.8646,"TRHE",4,6,,"Y","N"
4393,2018,"05/19/18 00:00:00","LA","Biloxi North","Biloxi North 3",30.0997,-89.283,"TRHE",4,4,,"Y","N"
4394,2018,"05/19/18 00:00:00","LA","Biloxi South","Biloxi South 10 D",29.52792,-89.54504,"TRHE",4,4,,"Y","N"
5417,2021,"06/16/21 00:00:00","LA","Biloxi North","Isle au Pitre",30.1526,-89.1968,"TRHE",4,5,,"Y","N"
752,2010,"06/25/10 00:00:00","TX","Galveston","Mustang Bayou Island",29.167164,-95.129808,"WFIB",4,3,,"Y","N"
769,2010,"06/25/10 00:00:00","TX","Galveston","Mustang Bayou Island",29.167164,-95.129808,"WHEG",4,4,,"Y","N"
770,2010,"05/17/10 00:00:00","LA","Terrebonne Bay","Raccoon Island",29.0505,-90.92659999999999,"WHEG",4,4,,"Y","N"
780,2010,"05/08/10 00:00:00","LA","Barataria Bay","Bay Ronquille Northwest Island",29.3631,-89.85339999999999,"WHIB",4,8,,"Y","N"
1901,2011,"05/17/11 00:00:00","LA","Barataria Bay","Belle Pass East",29.0901,-90.22190000000001,"WHIB",4,4,,"Y","N"
3104,2013,"06/17/13 00:00:00","FL","Apalachee Bay","Smith Island",30.04906,-84.31802999999999,"WHIB",4,4,,"Y","N"
3115,2013,"05/23/13 00:00:00","LA","Barataria Bay","Queen Bess Island",29.3043,-89.9592,"WHIB",4,22,,"Y","N"
5415,2021,"06/16/21 00:00:00","LA","Biloxi North","Bayou Pintou",30.128,-89.224,"WHIB",4,4,,"Y","N"
5438,2021,"06/14/21 00:00:00","FL","Apalachicola East","Lanark Reef-Pelican Lump",29.87806,-84.568555,"AMOY",3,7,,"Y","N"
3747,2015,"06/20/15 00:00:00","LA","Birdsfoot West","Birdsfoot West 6 A",29.21976,-89.382209,"ANHI",3,11,,"Y","N"
4401,2018,"05/21/18 00:00:00","LA","Atchafalaya Bay","Heron Island",29.4282,-91.3287,"ANHI",3,3,,"Y","N"
792,2010,"06/24/10 00:00:00","TX","Galveston","Arcadia Reef A",29.0293,-95.2024,"BCNH",3,3,,"Y","N"
809,2010,"05/17/10 00:00:00","LA","Atchafalaya Bay","Skimmer Island",29.3864,-91.3836,"BCNH",3,4,,"Y","N"
3128,2013,"05/23/13 00:00:00","LA","Terrebonne Bay","Raccoon Island",29.0505,-90.92659999999999,"BCNH",3,9,,"Y","N"
3743,2015,"06/21/15 00:00:00","LA","Biloxi North","Little Mud Grass Island",29.9508,-89.32250000000001,"BCNH",3,6,,"Y","Y"
5441,2021,"06/20/21 00:00:00","TX","Lower Laguna Madre","Green Island",26.39257,-97.32510000000001,"BCNH",3,8,,"Y","N"
817,2010,"05/07/10 00:00:00","LA","Biloxi North","Redfish Bend",29.9679,-89.2276,"BLSK",3,8,,"Y","N"
3129,2013,"05/24/13 00:00:00","LA","Biloxi North","Door Point Lagoon 2",30.06117,-89.18415,"BLSK",3,14,,"Y","N"
3749,2015,"05/17/15 00:00:00","LA","Biloxi North","Biloxi North 16",29.9984,-89.2924,"BLSK",3,17,,"Y","N"
5439,2021,"06/20/21 00:00:00","TX","Galveston","Bay Harbor Island",29.13251,-95.07424,"BLSK",3,7,,"Y","N"
5442,2021,"06/18/21 00:00:00","LA","Vermilion Bay","Bayou Platte Island South",29.6069,-91.8913,"BLSK",3,8,,"Y","N"
5449,2021,"05/17/21 00:00:00","TX","Lower Laguna Madre","Green Island Spoils F",26.409668,-97.311339,"BLSK",3,246,,"Y","N"
810,2010,"06/14/10 00:00:00","LA","Birdsfoot West","Birdsfoot West 2",29.1875,-89.31229999999999,"BNST",3,4,,"Y","N"
4413,2018,"05/19/18 00:00:00","LA","Biloxi North","Brush Island",30.034,-89.1863,"BRPE",3,61,,"Y","N"
3125,2013,"06/19/13 00:00:00","LA","Birdsfoot West","Birdsfoot West 3",29.2122,-89.3914,"CAEG",3,5,,"Y","N"
5426,2021,"05/17/21 00:00:00","TX","Lower Laguna Madre","Green Hill Spoils B",26.48998,-97.38688999999999,"CAEG",3,3,,"Y","N"
823,2010,"06/11/10 00:00:00","FL","Tampa Bay","Hillsborough Channel Spoil Island",27.8246,-82.43429999999999,"CATE",3,11,,"Y","N"
5433,2021,"05/17/21 00:00:00","TX","Upper Laguna Madre","Rabit Island Laguna Madre",27.24658,-97.41421,"CATE",3,5,,"Y","N"
5445,2021,"06/14/21 00:00:00","FL","Apalachicola East","Lanark Reef West",29.871013,-84.590857,"CATE",3,33,,"Y","N"
2487,2012,"05/30/12 00:00:00","AL","Mobile Bay Interior","Gaillard Island",30.5063,-88.03619999999999,"DAIB",3,3,,"Y","N"
811,2010,"06/10/10 00:00:00","FL","Tampa Bay","Bird Keys Islet",27.2087,-82.5038,"DCCO",3,4,,"Y","N"
812,2010,"06/09/10 00:00:00","FL","Everglades National Park","Man of War Key",25.032786,-80.910808,"DCCO",3,4,,"Y","N"
1909,2011,"06/14/11 00:00:00","LA","Biloxi North","Biloxi North 10 D",30.0476,-89.31829999999999,"FOTE",3,25,,"Y","N"
3750,2015,"06/21/15 00:00:00","LA","Biloxi South","Biloxi South 10 D",29.52792,-89.54504,"FOTE",3,26,,"Y","N"
784,2010,"06/11/10 00:00:00","FL","Crystal River","Bird Island Chassahowitzka Reefs",28.6738,-82.68600000000001,"GBHE",3,0,,"Y","N"
785,2010,"06/10/10 00:00:00","FL","Charlotte Harbor","Tarpon Bay Island",26.4565,-82.07550000000001,"GBHE",3,0,,"Y","N"
787,2010,"06/10/10 00:00:00","FL","Charlotte Harbor","East Long Key Islet",26.3885,-81.8592,"GBHE",3,1,,"Y","N"
788,2010,"06/10/10 00:00:00","FL","Charlotte Harbor","Pine Island Sound 1",26.4979,-82.11239999999999,"GBHE",3,1,,"Y","N"
790,2010,"06/10/10 00:00:00","FL","Charlotte Harbor","Estero Preserve Long Island",26.3684,-81.8467,"GBHE",3,2,,"Y","N"
791,2010,"06/11/10 00:00:00","FL","Tampa Bay","Little Bird Key South",27.6852,-82.7169,"GBHE",3,2,,"Y","N"
793,2010,"06/10/10 00:00:00","FL","Tampa Bay","Cortez Island",27.462,-82.6824,"GBHE",3,3,,"Y","N"
794,2010,"06/23/10 00:00:00","TX","Corpus Christi-Aransas Bay","Little Bay C",28.0333,-97.0395,"GBHE",3,3,,"Y","N"
795,2010,"06/25/10 00:00:00","TX","Galveston","West Bay Bird Island New",29.09832,-95.14131999999999,"GBHE",3,3,,"Y","N"
796,2010,"06/23/10 00:00:00","TX","Corpus Christi-Aransas Bay","West Nueces Bay 51W K",27.85912,-97.49294999999999,"GBHE",3,3,,"Y","N"
2488,2012,"05/27/12 00:00:00","LA","Atchafalaya Bay","Skimmer Island",29.3864,-91.3836,"GBHE",3,3,,"Y","N"
3130,2013,"06/18/13 00:00:00","LA","Biloxi South","Long Bay Island",29.5021,-89.5356,"GBHE",3,15,,"Y","N"
5425,2021,"06/14/21 00:00:00","FL","Apalachicola East","Saint George Island Plantation",29.61734,-84.95554,"GBHE",3,1,,"Y","N"
797,2010,"06/23/10 00:00:00","TX","Corpus Christi-Aransas Bay","Black Jack Point Reef I",28.1222,-96.96899999999999,"GBTE",3,3,,"Y","N"
2489,2012,"06/19/12 00:00:00","LA","Breton-Chandeleur Islands","Chandeleur North I",29.845356,-88.83965499999999,"GBTE",3,3,,"Y","N"
2490,2012,"05/29/12 00:00:00","LA","Breton-Chandeleur Islands","Chandeleur North J",29.8477,-88.8359,"GBTE",3,3,,"Y","N"
3116,2013,"06/18/13 00:00:00","LA","Breton-Chandeleur Islands","Chandeleur South C",29.780414,-88.87419199999999,"GBTE",3,3,,"Y","N"
3120,2013,"05/24/13 00:00:00","LA","Biloxi North","Drum Bay Island",29.9197,-89.2627,"GBTE",3,4,,"Y","N"
3734,2015,"06/21/15 00:00:00","LA","Breton-Chandeleur Islands","Chandeleur North D",29.901692,-88.824851,"GBTE",3,3,,"Y","N"
3735,2015,"06/21/15 00:00:00","LA","Breton-Chandeleur Islands","Chandeleur North F",29.881806,-88.828345,"GBTE",3,3,,"Y","N"
3736,2015,"06/21/15 00:00:00","LA","Breton-Chandeleur Islands","Curlew Island",29.66636,-88.96111999999999,"GBTE",3,3,,"Y","N"
3744,2015,"06/22/15 00:00:00","FL","Apalachicola East","Lanark Reef-Pelican Lump",29.87806,-84.568555,"GBTE",3,6,,"Y","N"
4402,2018,"06/24/18 00:00:00","LA","Breton-Chandeleur Islands","Chandeleur North H",29.85238,-88.83663799999999,"GBTE",3,3,,"Y","N"
4408,2018,"06/24/18 00:00:00","LA","Breton-Chandeleur Islands","Chandeleur North B",29.949821,-88.823795,"GBTE",3,4,,"Y","N"
4409,2018,"06/24/18 00:00:00","LA","Breton-Chandeleur Islands","Chandeleur North C",29.929685,-88.82179600000001,"GBTE",3,4,,"Y","N"
5427,2021,"06/20/21 00:00:00","TX","Matagorda Bay","Chester Island",28.45174,-96.34689,"GBTE",3,3,,"Y","N"
5434,2021,"05/24/21 00:00:00","AL","Mississippi Sound","Cat Island",30.3207,-88.2099,"GBTE",3,5,,"Y","N"
5436,2021,"06/18/21 00:00:00","LA","Vermilion Bay","Bayou Platte Island South",29.6069,-91.8913,"GBTE",3,6,,"Y","N"
789,2010,"06/10/10 00:00:00","FL","Charlotte Harbor","Big Hickory Bay Islet",26.3531,-81.8415,"GREG",3,1,,"Y","N"
798,2010,"06/24/10 00:00:00","TX","Galveston","Arcadia Reef B",29.0293,-95.2008,"GREG",3,3,,"Y","N"
799,2010,"06/10/10 00:00:00","FL","Tampa Bay","Longbeach Islet",27.433,-82.67529999999999,"GREG",3,3,,"Y","N"
800,2010,"05/07/10 00:00:00","LA","Breton-Chandeleur Islands","New Harbor Island 2",29.8565,-88.875,"GREG",3,3,,"Y","N"
815,2010,"06/23/10 00:00:00","TX","Corpus Christi-Aransas Bay","Nueces Causeway",27.84176,-97.37604,"GREG",3,7,,"Y","N"
1905,2011,"05/17/11 00:00:00","LA","Atchafalaya Bay","Skimmer Island",29.3864,-91.3836,"GREG",3,3,,"Y","N"
2491,2012,"05/28/12 00:00:00","LA","Biloxi North","Biloxi North 16",29.9984,-89.2924,"GREG",3,3,,"Y","N"
3733,2015,"06/20/15 00:00:00","LA","Birdsfoot East","Birdsfoot East 4",28.979007,-89.36321599999999,"GREG",3,0,,"Y","N"
3737,2015,"06/21/15 00:00:00","LA","Biloxi South","Biloxi South 10 B",29.5289,-89.55068,"GREG",3,3,,"Y","N"
3739,2015,"06/21/15 00:00:00","LA","Biloxi North","Biloxi North 35",29.951,-89.253,"GREG",3,4,,"Y","N"
3745,2015,"05/17/15 00:00:00","LA","Breton-Chandeleur Islands","New Harbor Island 3",29.8542,-88.8634,"GREG",3,7,,"Y","N"
4403,2018,"05/19/18 00:00:00","LA","Biloxi North","Biloxi North 16",29.9984,-89.2924,"GREG",3,3,,"Y","N"
4404,2018,"05/19/18 00:00:00","LA","Biloxi South","Biloxi South 5 A",29.6523,-89.464,"GREG",3,3,,"Y","N"
5432,2021,"06/18/21 00:00:00","TX","Galveston","Rollover Bay A",29.5178,-94.50239999999999,"GREG",3,4,,"Y","N"
814,2010,"06/23/10 00:00:00","TX","Corpus Christi-Aransas Bay","Long Reef Deadman Islands A",28.0659,-96.9629,"LAGU",3,5,,"Y","N"
821,2010,"06/23/10 00:00:00","TX","Corpus Christi-Aransas Bay","West Nueces Bay 51W P",27.85798,-97.49055,"LAGU",3,10,,"Y","N"
827,2010,"06/23/10 00:00:00","TX","Matagorda Bay","South Pass Island B",28.2961,-96.62130000000001,"LAGU",3,24,,"Y","N"
828,2010,"05/07/10 00:00:00","LA","Biloxi North","Biloxi North 30 B",29.8166,-89.3095,"LAGU",3,25,,"Y","N"
830,2010,"05/17/10 00:00:00","LA","Vermilion Bay","Bayou Platte Island South",29.6069,-91.8913,"LAGU",3,44,,"Y","N"
2500,2012,"05/27/12 00:00:00","LA","Barataria Bay","Cat Bay Island",29.3474,-89.8672,"LAGU",3,44,,"Y","N"
3748,2015,"06/21/15 00:00:00","LA","Biloxi North","Bayou Pintou",30.128,-89.224,"LAGU",3,12,,"Y","N"
4412,2018,"06/24/18 00:00:00","LA","Breton-Chandeleur Islands","Chandeleur North E",29.888395,-88.82646,"LAGU",3,7,,"Y","N"
5440,2021,"05/17/21 00:00:00","TX","Lower Laguna Madre","Bahia Grande C West",26.034567,-97.304354,"LAGU",3,7,,"Y","N"
5447,2021,"06/16/21 00:00:00","LA","Lake Borgne","Half Moon Island",30.1376,-89.43519999999999,"LAGU",3,40,,"Y","N"
1908,2011,"05/20/11 00:00:00","AL","Mississippi Sound","Terrapin Island",30.335,-88.2619,"LBHE",3,6,,"Y","N"
2492,2012,"05/29/12 00:00:00","AL","Mississippi Sound","Terrapin Island",30.335,-88.2619,"LBHE",3,3,,"Y","N"
2495,2012,"05/28/12 00:00:00","LA","Biloxi South","Biloxi South 3",29.7017,-89.5487,"LBHE",3,4,,"Y","N"
2497,2012,"05/27/12 00:00:00","LA","Terrebonne Bay","Felicity Island",29.2558,-90.44,"LBHE",3,5,,"Y","N"
3117,2013,"06/18/13 00:00:00","LA","Biloxi South","Biloxi South 3",29.7017,-89.5487,"LBHE",3,3,,"Y","N"
829,2010,"06/08/10 00:00:00","FL","Florida Keys","Hospital Key",24.6478,-82.85290000000001,"MABO",3,33,,"Y","N"
832,2010,"06/14/10 00:00:00","LA","Barataria Bay","Queen Bess Island",29.3043,-89.9592,"REEG",3,97,,"Y","N"
2496,2012,"05/27/12 00:00:00","LA","Terrebonne Bay","Raccoon Island",29.0505,-90.92659999999999,"REEG",3,4,,"Y","N"
3118,2013,"05/23/13 00:00:00","LA","Barataria Bay","Belle Pass East",29.0901,-90.22190000000001,"REEG",3,3,,"Y","N"
3121,2013,"06/18/13 00:00:00","LA","Biloxi North","Deadman Point",29.7411,-89.35680000000001,"REEG",3,4,,"Y","N"
3122,2013,"05/23/13 00:00:00","LA","Terrebonne Bay","Raccoon Island",29.0505,-90.92659999999999,"REEG",3,4,,"Y","N"
3741,2015,"05/16/15 00:00:00","LA","Barataria Bay","Belle Pass East",29.0901,-90.22190000000001,"REEG",3,5,,"Y","N"
4410,2018,"05/21/18 00:00:00","LA","Terrebonne Bay","Philo Brice Islands",29.18416,-90.34678,"REEG",3,4,,"Y","N"
5428,2021,"06/20/21 00:00:00","TX","Corpus Christi-Aransas Bay","Nueces Causeway",27.84176,-97.37604,"REEG",3,3,"DM","Y","N"
5429,2021,"05/22/21 00:00:00","LA","Terrebonne Bay","Philo Brice Islands",29.18416,-90.34678,"REEG",3,3,"DM","Y","N"
5430,2021,"06/20/21 00:00:00","TX","Corpus Christi-Aransas Bay","Second Chain of Islands I",28.1888,-96.81523,"REEG",3,3,"DM/WM combined","Y","N"
3127,2013,"05/24/13 00:00:00","LA","Biloxi North","Drum Bay Island",29.9197,-89.2627,"ROSP",3,6,,"Y","N"
3746,2015,"06/21/15 00:00:00","LA","Biloxi North","Little Mud Grass Island",29.9508,-89.32250000000001,"ROSP",3,7,,"Y","N"
5443,2021,"05/17/21 00:00:00","TX","Lower Laguna Madre","Green Hill Spoils A",26.49391,-97.388755,"ROSP",3,8,,"Y","N"
5444,2021,"05/17/21 00:00:00","TX","Corpus Christi-Aransas Bay","Second Chain of Islands G",28.192882,-96.81453399999999,"ROSP",3,22,,"Y","N"
5448,2021,"06/16/21 00:00:00","LA","Biloxi North","Bayou Pintou",30.128,-89.224,"ROYT",3,237,,"Y","N"
833,2010,"05/18/10 00:00:00","LA","Biloxi North","Biloxi North 5",30.0675,-89.2069,"SATE",3,107,,"Y","N"
3126,2013,"05/23/13 00:00:00","LA","Barataria Bay","Queen Bess Island",29.3043,-89.9592,"SATE",3,5,,"Y","N"
813,2010,"06/24/10 00:00:00","TX","Galveston","Arcadia Reef B",29.0293,-95.2008,"SDHE",3,4,,"Y","N"
826,2010,"05/08/10 00:00:00","LA","Barataria Bay","Cat Bay Island",29.3474,-89.8672,"SDHE",3,16,,"Y","N"
3119,2013,"06/17/13 00:00:00","AL","Mississippi Sound","Terrapin Island",30.335,-88.2619,"SDHE",3,3,,"Y","N"
786,2010,"06/12/10 00:00:00","FL","Apalachicola East","Lake Number Five",29.6471,-85.1279,"SNEG",3,0,,"Y","N"
801,2010,"06/23/10 00:00:00","TX","Corpus Christi-Aransas Bay","Long Reef Deadman Islands B",28.0763,-96.96550000000001,"SNEG",3,3,,"Y","N"
802,2010,"06/10/10 00:00:00","FL","Charlotte Harbor","Okeechobee Waterway Spoil Island",26.51,-82.02500000000001,"SNEG",3,3,,"Y","N"
803,2010,"06/10/10 00:00:00","FL","Charlotte Harbor","Ostego Bay Islet North",26.4243,-81.8933,"SNEG",3,3,,"Y","N"
804,2010,"06/11/10 00:00:00","FL","Tampa Bay","Saint Joseph Sound Spoil Island",28.0754,-82.8,"SNEG",3,3,,"Y","N"
816,2010,"06/10/10 00:00:00","FL","Charlotte Harbor","Cape Haze Islet",26.7967,-82.2295,"SNEG",3,7,,"Y","N"
1907,2011,"05/17/11 00:00:00","LA","Birdsfoot East","Birdsfoot East 3",29.3725,-89.29989999999999,"SNEG",3,4,,"Y","N"
3123,2013,"05/23/13 00:00:00","LA","Barataria Bay","Beauregard Island",29.27971,-89.97225,"SNEG",3,4,,"Y","N"
4405,2018,"05/19/18 00:00:00","LA","Biloxi North","Biloxi North 36",30.0497,-89.3038,"SNEG",3,3,,"Y","N"
4406,2018,"05/19/18 00:00:00","LA","Biloxi North","Hell Pass Coast A",29.93259,-89.30759999999999,"SNEG",3,3,,"Y","N"
5437,2021,"05/17/21 00:00:00","TX","Lower Laguna Madre","Laguna Vista Spoils A",26.142736,-97.278547,"SNEG",3,6,,"Y","N"
805,2010,"05/07/10 00:00:00","LA","Biloxi North","Hell Pass Coast D",29.9229,-89.31514,"TRHE",3,3,,"Y","N"
818,2010,"06/09/10 00:00:00","FL","Everglades National Park","Clive Key",25.0799,-80.9284,"TRHE",3,8,,"Y","N"
822,2010,"06/10/10 00:00:00","FL","Charlotte Harbor","Cape Haze Islet",26.7967,-82.2295,"TRHE",3,10,,"Y","N"
831,2010,"06/26/10 00:00:00","TX","Galveston","Rollover Bay B",29.5172,-94.50409999999999,"TRHE",3,52,,"Y","N"
2493,2012,"05/29/12 00:00:00","LA","Breton-Chandeleur Islands","New Harbor Island 2",29.8565,-88.875,"TRHE",3,3,,"Y","N"
2494,2012,"05/29/12 00:00:00","LA","Breton-Chandeleur Islands","New Harbor Island 3",29.8542,-88.8634,"TRHE",3,3,,"Y","N"
2499,2012,"05/28/12 00:00:00","LA","Biloxi South","Biloxi South 10 B",29.5289,-89.55068,"TRHE",3,10,,"Y","N"
3124,2013,"05/23/13 00:00:00","LA","Barataria Bay","Bay Ronquille Northwest Island",29.3631,-89.85339999999999,"TRHE",3,4,,"Y","N"
3738,2015,"06/21/15 00:00:00","LA","Biloxi South","Biloxi South 10 D",29.52792,-89.54504,"TRHE",3,3,,"Y","N"
3742,2015,"06/21/15 00:00:00","LA","Biloxi North","Hell Pass Coast E",29.92132,-89.31655000000001,"TRHE",3,5,,"Y","N"
5431,2021,"06/17/21 00:00:00","LA","Biloxi North","Comfort Island",29.825987,-89.254186,"TRHE",3,3,,"Y","N"
825,2010,"05/07/10 00:00:00","LA","Biloxi North","Drum Bay Island",29.9197,-89.2627,"UNEG",3,14,,"Y","N"
806,2010,"06/11/10 00:00:00","FL","Tampa Bay","Clearwater Harbor Island",27.966,-82.8146,"UnWa",3,3,"Does not include 31 Empty Nests","Y","N"
1906,2011,"06/14/11 00:00:00","LA","Biloxi North","Biloxi North 16",29.9984,-89.2924,"UNWA",3,3,,"Y","N"
5435,2021,"06/18/21 00:00:00","TX","Galveston","Kanaloa Spoil",29.29323,-94.93583,"WFIB",3,5,,"Y","N"
807,2010,"06/11/10 00:00:00","FL","Tampa Bay","Bird Key Terra Ceia",27.5522,-82.59999999999999,"WHEG",3,3,,"Y","N"
808,2010,"06/24/10 00:00:00","TX","Galveston","Texas Coast 9",29.1595,-95.0202,"WHEG",3,3,,"Y","N"
819,2010,"05/17/10 00:00:00","LA","Atchafalaya Bay","Skimmer Island",29.3864,-91.3836,"WHEG",3,8,,"Y","N"
824,2010,"06/27/10 00:00:00","LA","Biloxi North","Martin Island",29.959,-89.19840000000001,"WHEG",3,11,,"Y","N"
2498,2012,"05/28/12 00:00:00","LA","Biloxi North","Door Point Lagoon 2",30.06117,-89.18415,"WHEG",3,8,,"Y","N"
4407,2018,"05/21/18 00:00:00","LA","Terrebonne Bay","Houma Navigation Canal Island",29.19515,-90.61565,"WHEG",3,3,,"Y","N"
820,2010,"06/10/10 00:00:00","FL","Charlotte Harbor","Givney Key",26.5145,-82.0549,"WHIB",3,8,,"Y","N"
3740,2015,"05/17/15 00:00:00","LA","Biloxi North","Little Mud Grass Island",29.9508,-89.32250000000001,"WHIB",3,4,,"Y","N"
4411,2018,"05/19/18 00:00:00","LA","Biloxi North","Biloxi North 36",30.0497,-89.3038,"WHIB",3,4,,"Y","N"
5446,2021,"06/18/21 00:00:00","LA","Terrebonne Bay","Houma Navigation Canal Island",29.19515,-90.61565,"WHIB",3,37,,"Y","N"
2501,2012,"05/28/12 00:00:00","LA","Biloxi North","Dry Bread Island",29.8426,-89.3064,"AMOY",2,2,,"Y","N"
3141,2013,"05/23/13 00:00:00","LA","Terrebonne Bay","Little Bird Island",29.13387,-90.67869,"AMOY",2,3,,"Y","N"
3769,2015,"05/18/15 00:00:00","LA","Biloxi North","Door Point Lagoon 2",30.06117,-89.18415,"AMOY",2,6,,"Y","N"
5469,2021,"05/18/21 00:00:00","TX","Galveston","Kanaloa Spoil",29.29323,-94.93583,"AMOY",2,4,,"Y","N"
5477,2021,"05/17/21 00:00:00","TX","Matagorda Bay","Lavaca Bay Spoils E",28.59947,-96.56207999999999,"AMOY",2,5,,"Y","N"
5480,2021,"06/17/21 00:00:00","LA","Biloxi North","Turtle Pen Isle",29.938,-89.242,"AMOY",2,6,,"Y","N"
5483,2021,"06/14/21 00:00:00","FL","Apalachicola East","Lanark Reef West",29.871013,-84.590857,"AMOY",2,13,,"Y","N"
838,2010,"06/11/10 00:00:00","FL","Tampa Bay","Piney Point Mangroves",27.6503,-82.5462,"ANHI",2,2,,"Y","N"
2502,2012,"05/30/12 00:00:00","FL","Apalachicola East","Lake Number Five",29.6471,-85.1279,"ANHI",2,2,,"Y","N"
5484,2021,"05/25/21 00:00:00","FL","Apalachicola East","Lake Number Five",29.6471,-85.1279,"ANHI",2,13,,"Y","N"
839,2010,"05/08/10 00:00:00","LA","Biloxi North","Biloxi North 10 B",30.0516,-89.31829999999999,"BCNH",2,2,,"Y","N"
858,2010,"06/23/10 00:00:00","TX","Corpus Christi-Aransas Bay","Second Chain of Islands J",28.1857,-96.8137,"BCNH",2,3,,"Y","N"
873,2010,"06/23/10 00:00:00","TX","Corpus Christi-Aransas Bay","Second Chain of Islands B",28.19825,-96.81665,"BCNH",2,6,,"Y","N"
1912,2011,"06/15/11 00:00:00","LA","Breton-Chandeleur Islands","New Harbor Island 1",29.87609,-88.87682,"BCNH",2,2,,"Y","N"
1919,2011,"06/17/11 00:00:00","LA","Biloxi South","Biloxi South 10 B",29.5289,-89.55068,"BCNH",2,3,,"Y","N"
1920,2011,"05/18/11 00:00:00","LA","Birdsfoot West","Birdsfoot West 3",29.2122,-89.3914,"BCNH",2,3,,"Y","N"
3133,2013,"06/17/13 00:00:00","FL","Apalachee Bay","Smith Island",30.04906,-84.31802999999999,"BCNH",2,2,,"Y","N"
3142,2013,"05/24/13 00:00:00","LA","Biloxi South","Belle Isle",29.5758,-89.5727,"BCNH",2,3,,"Y","N"
3753,2015,"06/21/15 00:00:00","LA","Biloxi South","Biloxi South 10 B",29.5289,-89.55068,"BCNH",2,2,,"Y","N"
3754,2015,"05/16/15 00:00:00","LA","Atchafalaya Bay","Heron Island",29.4282,-91.3287,"BCNH",2,2,,"Y","N"
3755,2015,"05/17/15 00:00:00","LA","Biloxi South","Long Bay Island",29.5021,-89.5356,"BCNH",2,2,,"Y","N"
4418,2018,"05/21/18 00:00:00","LA","Barataria Bay","Belle Pass East",29.0901,-90.22190000000001,"BCNH",2,3,,"Y","N"
4420,2018,"05/19/18 00:00:00","LA","Biloxi North","Biloxi North 38",30.00238,-89.21496999999999,"BCNH",2,5,,"Y","N"
4421,2018,"05/19/18 00:00:00","LA","Biloxi North","Little Mud Grass Island Northeast",29.9628,-89.3156,"BCNH",2,5,,"Y","N"
4424,2018,"05/21/18 00:00:00","LA","Terrebonne Bay","Raccoon Island",29.0505,-90.92659999999999,"BCNH",2,15,,"Y","N"
5450,2021,"06/17/21 00:00:00","LA","Biloxi North","Biloxi North 12",30.042,-89.273,"BCNH",2,2,,"Y","N"
5451,2021,"05/17/21 00:00:00","TX","Lower Laguna Madre","Laguna Vista Spoils B",26.142381,-97.28146599999999,"BCNH",2,2,,"Y","N"
5452,2021,"06/20/21 00:00:00","TX","Upper Laguna Madre","Tern Island",27.65791,-97.25123000000001,"BCNH",2,2,,"Y","N"
5453,2021,"06/20/21 00:00:00","TX","Galveston","West Bay Mooring Facility",29.17285,-95.10677,"BCNH",2,2,,"Y","N"
5463,2021,"05/17/21 00:00:00","TX","Corpus Christi-Aransas Bay","Second Chain of Islands G",28.192882,-96.81453399999999,"BCNH",2,3,,"Y","N"
879,2010,"05/17/10 00:00:00","LA","Vermilion Bay","Bayou Platte Island South",29.6069,-91.8913,"BLSK",2,12,,"Y","N"
3759,2015,"05/16/15 00:00:00","LA","Atchafalaya Bay","Skimmer Island",29.3864,-91.3836,"BLSK",2,3,,"Y","N"
3773,2015,"06/21/15 00:00:00","LA","Biloxi North","Mink Island",30.00568,-89.30034999999999,"BLSK",2,29,,"Y","N"
3774,2015,"05/16/15 00:00:00","LA","Barataria Bay","Shell Island East",29.281019,-89.62835200000001,"BLSK",2,474,,"Y","N"
5486,2021,"05/23/21 00:00:00","LA","Biloxi South","Biloxi South 6",29.6569,-89.5145,"BLSK",2,126,,"Y","N"
3760,2015,"06/20/15 00:00:00","LA","Atchafalaya Bay","Avocet Island",29.407242,-91.363845,"BNST",2,3,,"Y","N"
877,2010,"06/23/10 00:00:00","TX","Corpus Christi-Aransas Bay","West Nueces Bay 51W D",27.85152,-97.47873,"BRPE",2,9,,"Y","N"
5470,2021,"06/20/21 00:00:00","TX","Lower Laguna Madre","Green Island Spoils K",26.410227,-97.299153,"BRPE",2,4,,"Y","N"
5471,2021,"06/20/21 00:00:00","TX","Lower Laguna Madre","Green Island",26.39257,-97.32510000000001,"CAEG",2,4,,"Y","N"
840,2010,"05/18/10 00:00:00","AL","Mississippi Sound Gulf Islands","Dauphin Island 2",30.2274,-88.3173,"CATE",2,2,,"Y","N"
2516,2012,"06/19/12 00:00:00","LA","Breton-Chandeleur Islands","Chandeleur North D",29.901692,-88.824851,"CATE",2,6,,"Y","N"
3770,2015,"05/17/15 00:00:00","LA","Breton-Chandeleur Islands","Chandeleur South A",29.809332,-88.86106700000001,"CATE",2,7,,"Y","N"
4414,2018,"06/24/18 00:00:00","LA","Breton-Chandeleur Islands","Chandeleur North G",29.865132,-88.832617,"CATE",2,2,,"Y","N"
5472,2021,"06/17/21 00:00:00","LA","Biloxi North","Biloxi North 12",30.042,-89.273,"CATE",2,4,,"Y","N"
5478,2021,"06/20/21 00:00:00","TX","Corpus Christi-Aransas Bay","West Nueces Bay 51W A",27.853228,-97.48302700000001,"CATE",2,5,,"Y","N"
868,2010,"06/10/10 00:00:00","FL","Charlotte Harbor","Black Key South Islet",26.4113,-81.8549,"DCCO",2,4,,"Y","N"
5485,2021,"06/15/21 00:00:00","AL","Mobile Bay Interior","Gaillard Island",30.5063,-88.03619999999999,"FOTE",2,63,,"Y","N"
834,2010,"06/10/10 00:00:00","FL","Charlotte Harbor","Matlacha Pass National Wildlife Refuge",26.5592,-82.0712,"GBHE",2,0,,"Y","N"
837,2010,"06/10/10 00:00:00","FL","Charlotte Harbor","Clam Key",26.5065,-82.1126,"GBHE",2,1,,"Y","N"
841,2010,"06/10/10 00:00:00","FL","Charlotte Harbor","Bird Island Matlacha Pass",26.5126,-82.033,"GBHE",2,2,,"Y","N"
842,2010,"06/24/10 00:00:00","TX","Galveston","Bryan Mound",28.9218,-95.3797,"GBHE",2,2,"Does not include 2 Empty Nests","Y","N"
843,2010,"06/10/10 00:00:00","FL","Charlotte Harbor","Ostego Bay Islet North",26.4243,-81.8933,"GBHE",2,2,,"Y","N"
844,2010,"06/10/10 00:00:00","FL","Charlotte Harbor","Pine Island Sound 3",26.4939,-82.102,"GBHE",2,2,,"Y","N"
845,2010,"05/17/10 00:00:00","LA","Sabine-Calcasieu","Rabbit Island",29.8494,-93.383,"GBHE",2,2,,"Y","N"
846,2010,"06/11/10 00:00:00","FL","Crystal River","Saint Martins Key C",28.799,-82.73699999999999,"GBHE",2,2,,"Y","N"
859,2010,"06/26/10 00:00:00","TX","Galveston","Rollover Bay D",29.5215,-94.5056,"GBHE",2,3,"Does not include 1 Empty Nest","Y","N"
869,2010,"05/08/10 00:00:00","LA","Barataria Bay","Queen Bess Island",29.3043,-89.9592,"GBHE",2,4,,"Y","N"
872,2010,"06/25/10 00:00:00","TX","Galveston","Marker 52 Spoil Island",29.290621,-94.92918,"GBHE",2,5,,"Y","N"
874,2010,"06/23/10 00:00:00","TX","Matagorda Bay","Seadrift Island B",28.3968,-96.7229,"GBHE",2,6,,"Y","N"
1913,2011,"05/20/11 00:00:00","FL","Apalachicola East","Lake Number Five",29.6471,-85.1279,"GBHE",2,2,,"Y","N"
2503,2012,"05/27/12 00:00:00","LA","Barataria Bay","Cat Bay North Island",29.3656,-89.8646,"GBHE",2,2,,"Y","N"
2504,2012,"05/28/12 00:00:00","LA","Biloxi North","Deadman Point",29.7411,-89.35680000000001,"GBHE",2,2,,"Y","N"
2505,2012,"05/30/12 00:00:00","FL","Apalachicola East","Lake Number Five",29.6471,-85.1279,"GBHE",2,2,,"Y","N"
2512,2012,"05/27/12 00:00:00","LA","Terrebonne Bay","Felicity Island",29.2558,-90.44,"GBHE",2,4,,"Y","N"
5454,2021,"06/20/21 00:00:00","TX","Upper Laguna Madre","White Pelican Island",27.39097,-97.36359,"GBHE",2,2,,"Y","N"
847,2010,"06/24/10 00:00:00","TX","Galveston","Jumbile Cove/Live Oak Grove",29.195,-94.9928,"GBTE",2,2,,"Y","N"
860,2010,"05/18/10 00:00:00","AL","Mississippi Sound Gulf Islands","Dauphin Island 2",30.2274,-88.3173,"GBTE",2,3,,"Y","N"
1921,2011,"05/19/11 00:00:00","LA","Breton-Chandeleur Islands","Chandeleur North B",29.949821,-88.823795,"GBTE",2,3,,"Y","N"
2513,2012,"06/19/12 00:00:00","LA","Lake Borgne","Half Moon Island",30.1376,-89.43519999999999,"GBTE",2,4,,"Y","N"
3134,2013,"06/18/13 00:00:00","LA","Breton-Chandeleur Islands","Chandeleur North C",29.929685,-88.82179600000001,"GBTE",2,2,,"Y","N"
3135,2013,"05/23/13 00:00:00","LA","Terrebonne Bay","Terrebonne Bay 8",29.1415,-90.64927,"GBTE",2,2,,"Y","N"
3143,2013,"06/19/13 00:00:00","LA","Biloxi North","Biloxi North 5",30.0675,-89.2069,"GBTE",2,4,,"Y","N"
3756,2015,"06/21/15 00:00:00","LA","Breton-Chandeleur Islands","Chandeleur South F",29.76426,-88.88748,"GBTE",2,2,,"Y","N"
3757,2015,"05/17/15 00:00:00","LA","Biloxi North","Martin Island",29.959,-89.19840000000001,"GBTE",2,2,,"Y","N"
3761,2015,"05/17/15 00:00:00","LA","Breton-Chandeleur Islands","Chandeleur North G",29.865132,-88.832617,"GBTE",2,3,,"Y","N"
3768,2015,"05/17/15 00:00:00","LA","Biloxi South","Biloxi South 1",29.6873,-89.4646,"GBTE",2,5,,"Y","N"
5455,2021,"06/16/21 00:00:00","LA","Breton-Chandeleur Islands","Chandeleur South D",29.770378,-88.882942,"GBTE",2,2,,"Y","N"
861,2010,"06/23/10 00:00:00","TX","Corpus Christi-Aransas Bay","Nueces Rivermouth",27.8451,-97.4896,"GREG",2,3,,"Y","N"
1914,2011,"05/18/11 00:00:00","LA","Biloxi South","Biloxi South 5 B",29.6521,-89.4577,"GREG",2,2,,"Y","N"
3132,2013,"05/23/13 00:00:00","LA","Terrebonne Bay","Pelican Island",29.1437,-90.3475,"GREG",2,1,,"Y","N"
5464,2021,"06/16/21 00:00:00","LA","Biloxi North","Biloxi North 8",30.0525,-89.1944,"GREG",2,3,,"Y","N"
5473,2021,"06/17/21 00:00:00","LA","Biloxi South","Biloxi South 21",29.678218,-89.45653299999999,"GREG",2,4,,"Y","N"
848,2010,"06/08/10 00:00:00","FL","Florida Keys","Bush and Long Keys",24.6281,-82.86369999999999,"LAGU",2,2,,"Y","N"
875,2010,"05/07/10 00:00:00","LA","Biloxi North","Biloxi North 16",29.9984,-89.2924,"LAGU",2,8,,"Y","N"
878,2010,"05/07/10 00:00:00","LA","Biloxi North","Biloxi North 18",29.992825,-89.249568,"LAGU",2,9,,"Y","N"
880,2010,"05/17/10 00:00:00","LA","Atchafalaya Bay","Skimmer Island",29.3864,-91.3836,"LAGU",2,14,,"Y","N"
882,2010,"05/07/10 00:00:00","LA","Breton-Chandeleur Islands","New Harbor Island 2",29.8565,-88.875,"LAGU",2,277,,"Y","N"
1926,2011,"06/14/11 00:00:00","LA","Biloxi North","Turtle Pen Isle",29.938,-89.242,"LAGU",2,24,,"Y","N"
1927,2011,"05/19/11 00:00:00","LA","Breton-Chandeleur Islands","New Harbor Island 2",29.8565,-88.875,"LAGU",2,29,,"Y","N"
2506,2012,"05/28/12 00:00:00","LA","Biloxi North","Biloxi North 4",30.0909,-89.23180000000001,"LAGU",2,2,,"Y","N"
2507,2012,"06/19/12 00:00:00","LA","Breton-Chandeleur Islands","Chandeleur North I",29.845356,-88.83965499999999,"LAGU",2,2,,"Y","N"
3147,2013,"06/19/13 00:00:00","LA","Barataria Bay","Cat Bay Island",29.3474,-89.8672,"LAGU",2,25,,"Y","N"
3767,2015,"06/21/15 00:00:00","LA","Biloxi North","Biloxi North 8",30.0525,-89.1944,"LAGU",2,4,,"Y","N"
4419,2018,"05/21/18 00:00:00","LA","Barataria Bay","Belle Pass East",29.0901,-90.22190000000001,"LAGU",2,4,,"Y","N"
4422,2018,"06/23/18 00:00:00","LA","Biloxi North","Comfort Island",29.825987,-89.254186,"LAGU",2,6,,"Y","N"
849,2010,"06/23/10 00:00:00","TX","Matagorda Bay","Chester Island",28.45174,-96.34689,"LBHE",2,2,,"Y","N"
850,2010,"06/11/10 00:00:00","FL","Tampa Bay","Piney Point Mangroves",27.6503,-82.5462,"LBHE",2,2,,"Y","N"
2515,2012,"05/28/12 00:00:00","LA","Biloxi South","Biloxi South 11",29.5247,-89.57259999999999,"LBHE",2,5,,"Y","N"
3136,2013,"06/19/13 00:00:00","LA","Atchafalaya Bay","Heron Island",29.4282,-91.3287,"LBHE",2,2,,"Y","N"
3762,2015,"05/16/15 00:00:00","LA","Atchafalaya Bay","Heron Island",29.4282,-91.3287,"LBHE",2,3,,"Y","N"
5456,2021,"06/20/21 00:00:00","TX","Upper Laguna Madre","Naval Air Station Islands G",27.668877,-97.251941,"LBHE",2,2,,"Y","N"
5474,2021,"05/18/21 00:00:00","TX","Salt Bayou","High Island",29.57351,-94.38930000000001,"LBHE",2,4,,"Y","N"
5457,2021,"06/15/21 00:00:00","FL","Pensacola","Robertson Island",30.32973,-87.32279,"LETE",2,2,,"Y","N"
5465,2021,"06/16/21 00:00:00","MS","Mississippi Sound","Port of Gulfport",30.35079,-89.09195,"LETE",2,3,,"Y","N"
851,2010,"05/18/10 00:00:00","LA","Biloxi North","Biloxi North 10 A",30.0485,-89.322,"REEG",2,2,,"Y","N"
870,2010,"05/17/10 00:00:00","LA","Terrebonne Bay","Raccoon Island",29.0505,-90.92659999999999,"REEG",2,4,,"Y","N"
876,2010,"05/08/10 00:00:00","LA","Barataria Bay","Cat Bay Island",29.3474,-89.8672,"REEG",2,8,,"Y","N"
1915,2011,"05/17/11 00:00:00","LA","Barataria Bay","Belle Pass East",29.0901,-90.22190000000001,"REEG",2,2,,"Y","N"
1916,2011,"05/19/11 00:00:00","LA","Biloxi North","Biloxi North 36",30.0497,-89.3038,"REEG",2,2,,"Y","N"
3137,2013,"05/23/13 00:00:00","LA","Terrebonne Bay","Houma Navigation Canal Island",29.19515,-90.61565,"REEG",2,2,,"Y","N"
3138,2013,"05/23/13 00:00:00","LA","Atchafalaya Bay","Skimmer Island",29.3864,-91.3836,"REEG",2,2,,"Y","N"
4415,2018,"05/19/18 00:00:00","LA","Biloxi South","Biloxi South 3",29.7017,-89.5487,"REEG",2,2,,"Y","N"
4416,2018,"05/19/18 00:00:00","LA","Biloxi North","Hell Pass Coast B",29.92847,-89.3079,"REEG",2,2,,"Y","N"
4417,2018,"05/21/18 00:00:00","LA","Sabine-Calcasieu","Rabbit Island",29.8494,-93.383,"REEG",2,2,,"Y","N"
5458,2021,"06/20/21 00:00:00","TX","Upper Laguna Madre","Naval Air Station Islands F",27.67074,-97.24847699999999,"REEG",2,2,"DM/WM combined","Y","N"
5459,2021,"06/20/21 00:00:00","TX","Upper Laguna Madre","Naval Air Station Islands G",27.668877,-97.251941,"REEG",2,2,"WM","Y","N"
5466,2021,"06/17/21 00:00:00","LA","Biloxi North","Comfort Island",29.825987,-89.254186,"REEG",2,3,"DM/WM combined","Y","N"
852,2010,"05/17/10 00:00:00","LA","Atchafalaya Bay","Heron Island",29.4282,-91.3287,"ROSP",2,2,,"Y","N"
1925,2011,"06/14/11 00:00:00","LA","Biloxi North","Biloxi North 35",29.951,-89.253,"ROSP",2,11,,"Y","N"
2511,2012,"05/27/12 00:00:00","LA","Terrebonne Bay","Raccoon Island",29.0505,-90.92659999999999,"ROSP",2,3,,"Y","N"
2517,2012,"05/27/12 00:00:00","LA","Barataria Bay","Cat Bay North Island",29.3656,-89.8646,"ROSP",2,21,,"Y","N"
5479,2021,"06/17/21 00:00:00","LA","Biloxi North","Little Mud Grass Island Northeast",29.9628,-89.3156,"ROSP",2,5,,"Y","N"
1923,2011,"06/15/11 00:00:00","LA","Breton-Chandeleur Islands","Gosier Islands South",29.52369,-89.09535,"ROYT",2,5,,"Y","N"
3144,2013,"06/18/13 00:00:00","LA","Breton-Chandeleur Islands","Chandeleur South A",29.809332,-88.86106700000001,"ROYT",2,4,,"Y","N"
2508,2012,"05/28/12 00:00:00","LA","Biloxi South","Long Bay Island",29.5021,-89.5356,"SATE",2,2,,"Y","N"
3758,2015,"05/18/15 00:00:00","LA","Biloxi North","Door Point Lagoon 2",30.06117,-89.18415,"SATE",2,2,,"Y","N"
3772,2015,"05/18/15 00:00:00","LA","Biloxi North","Isle au Pitre",30.1526,-89.1968,"SATE",2,14,,"Y","N"
835,2010,"06/24/10 00:00:00","TX","Galveston","Drum Bay Islands 6",29.0192,-95.2193,"SDHE",2,0,,"Y","N"
853,2010,"06/24/10 00:00:00","TX","Galveston","Drum Bay Islands 5",29.0193,-95.2188,"SDHE",2,2,,"Y","N"
854,2010,"06/23/10 00:00:00","TX","Corpus Christi-Aransas Bay","West Nueces Bay 51W D",27.85152,-97.47873,"SDHE",2,2,,"Y","N"
862,2010,"06/24/10 00:00:00","TX","Galveston","Cedar Lakes 4",28.8442,-95.488,"SDHE",2,3,,"Y","N"
863,2010,"05/08/10 00:00:00","LA","Biloxi South","Biloxi South 5 B",29.6521,-89.4577,"SNEG",2,3,,"Y","N"
864,2010,"06/10/10 00:00:00","FL","Charlotte Harbor","Bird Island Matlacha Pass",26.5126,-82.033,"SNEG",2,3,,"Y","N"
1917,2011,"05/17/11 00:00:00","LA","Atchafalaya Bay","Heron Island",29.4282,-91.3287,"SNEG",2,2,,"Y","N"
1924,2011,"05/18/11 00:00:00","LA","Barataria Bay","Cat Bay Island",29.3474,-89.8672,"SNEG",2,5,,"Y","N"
2509,2012,"05/28/12 00:00:00","LA","Biloxi North","Biloxi North 10 C",30.0481,-89.3202,"SNEG",2,2,,"Y","N"
3139,2013,"06/19/13 00:00:00","LA","Biloxi North","Biloxi North 10 D",30.0476,-89.31829999999999,"SNEG",2,2,,"Y","N"
3763,2015,"05/17/15 00:00:00","LA","Biloxi North","Biloxi North 10 D",30.0476,-89.31829999999999,"SNEG",2,3,,"Y","N"
5460,2021,"06/17/21 00:00:00","LA","Biloxi North","Biloxi North 10 A",30.0485,-89.322,"SNEG",2,2,,"Y","N"
5467,2021,"06/20/21 00:00:00","TX","Upper Laguna Madre","Naval Air Station Islands H",27.664078,-97.248767,"SNEG",2,3,,"Y","N"
5475,2021,"06/16/21 00:00:00","LA","Biloxi North","Isle au Pitre",30.1526,-89.1968,"SNEG",2,4,,"Y","N"
5476,2021,"05/17/21 00:00:00","TX","Corpus Christi-Aransas Bay","Pelican Island Spoil B",27.81882,-97.14743,"SNEG",2,4,,"Y","N"
5481,2021,"06/17/21 00:00:00","LA","Biloxi North","Biloxi North 18",29.992825,-89.249568,"SNEG",2,6,,"Y","N"
855,2010,"05/08/10 00:00:00","LA","Biloxi South","Biloxi South 5 B",29.6521,-89.4577,"TRHE",2,2,,"Y","N"
856,2010,"06/10/10 00:00:00","FL","Charlotte Harbor","Pine Island Sound 2",26.4945,-82.10429999999999,"TRHE",2,2,,"Y","N"
865,2010,"06/23/10 00:00:00","TX","Matagorda Bay","Chester Island",28.45174,-96.34689,"TRHE",2,3,,"Y","N"
866,2010,"06/10/10 00:00:00","FL","Charlotte Harbor","Matanzas Pass Spoil Island",26.4609,-81.9571,"TRHE",2,3,,"Y","N"
1918,2011,"05/20/11 00:00:00","FL","Apalachicola East","Lake Number Five",29.6471,-85.1279,"TRHE",2,2,,"Y","N"
1922,2011,"06/14/11 00:00:00","LA","Biloxi North","Door Point Lagoon 2",30.06117,-89.18415,"TRHE",2,3,,"Y","N"
2510,2012,"06/19/12 00:00:00","LA","Biloxi North","Biloxi North 35",29.951,-89.253,"TRHE",2,2,,"Y","N"
2514,2012,"05/28/12 00:00:00","LA","Biloxi South","Biloxi South 10 C",29.53327,-89.55606,"TRHE",2,4,,"Y","N"
3140,2013,"06/19/13 00:00:00","LA","Terrebonne Bay","Terrebonne Bay 1",29.21025,-90.57022000000001,"TRHE",2,2,,"Y","N"
3764,2015,"06/20/15 00:00:00","LA","Birdsfoot East","Birdsfoot East 4",28.979007,-89.36321599999999,"TRHE",2,3,,"Y","N"
3765,2015,"05/17/15 00:00:00","LA","Breton-Chandeleur Islands","New Harbor Island 3",29.8542,-88.8634,"TRHE",2,3,,"Y","N"
4423,2018,"06/25/18 00:00:00","LA","Atchafalaya Bay","Bird Island West",29.368626,-91.40304999999999,"TRHE",2,13,,"Y","N"
5461,2021,"06/16/21 00:00:00","LA","Biloxi North","Biloxi North 3",30.0997,-89.283,"TRHE",2,2,,"Y","N"
5462,2021,"05/17/21 00:00:00","TX","Galveston","West Bay Bird Island New",29.09832,-95.14131999999999,"TRHE",2,2,,"Y","N"
5468,2021,"06/20/21 00:00:00","TX","Corpus Christi-Aransas Bay","West Nueces Bay 51W P",27.85798,-97.49055,"TRHE",2,3,,"Y","N"
5482,2021,"05/25/21 00:00:00","FL","Apalachee Bay","Pepperfish Key",29.501954,-83.395151,"TRHE",2,8,,"Y","N"
3131,2013,"06/18/13 00:00:00","LA","Biloxi North","Deadman Point",29.7411,-89.35680000000001,"TRSN",2,0,,"Y","N"
3751,2015,"05/17/15 00:00:00","LA","Biloxi North","Hell Pass Coast B",29.92847,-89.3079,"TRSN",2,0,,"Y","N"
3752,2015,"06/20/15 00:00:00","LA","Birdsfoot West","Birdsfoot West 6 B",29.218071,-89.372248,"UNCO",2,1,,"Y","N"
3771,2015,"06/20/15 00:00:00","LA","Birdsfoot West","Birdsfoot West 6 A",29.21976,-89.382209,"UNCO",2,13,,"Y","N"
857,2010,"06/24/10 00:00:00","TX","Galveston","Arcadia Reef A",29.0293,-95.2024,"UNWA",2,2,"Does not include 105 Empty Nests","Y","N"
867,2010,"06/24/10 00:00:00","TX","Galveston","Arcadia Reef B",29.0293,-95.2008,"UNWA",2,3,"Does not include 57 Empty Nests","Y","N"
1910,2011,"05/18/11 00:00:00","LA","Biloxi South","Biloxi South 3",29.7017,-89.5487,"UNWA",2,0,"Does not include 52 Empty Nests","Y","N"
836,2010,"05/17/10 00:00:00","LA","Sabine-Calcasieu","Rabbit Island",29.8494,-93.383,"WADE",2,0,"Does not include 6 Empty Nests","Y","N"
1911,2011,"05/19/11 00:00:00","LA","Lake Borgne","Half Moon Island",30.1376,-89.43519999999999,"WHEG",2,0,,"Y","N"
3145,2013,"05/24/13 00:00:00","LA","Biloxi South","Biloxi South 5 B",29.6521,-89.4577,"WHEG",2,7,,"Y","N"
881,2010,"06/24/10 00:00:00","TX","Galveston","Texas Coast 9",29.1595,-95.0202,"WHIB",2,89,"Does not include 2 Empty Nests","Y","N"
3146,2013,"06/19/13 00:00:00","LA","Biloxi North","Biloxi North 10 A",30.0485,-89.322,"WHIB",2,7,,"Y","N"
3766,2015,"05/17/15 00:00:00","LA","Biloxi North","Hell Pass Coast B",29.92847,-89.3079,"WHIB",2,3,,"Y","N"
871,2010,"06/13/10 00:00:00","AL","Mobile Bay Interior","Battery McIntosh",30.6686,-88.0125,"YCNH",2,4,,"Y","N"
887,2010,"05/17/10 00:00:00","LA","Terrebonne Bay","Raccoon Island West",29.0596,-90.94159999999999,"AMOY",1,1,,"Y","N"
888,2010,"06/23/10 00:00:00","TX","Corpus Christi-Aransas Bay","Second Chain of Islands I",28.1888,-96.81523,"AMOY",1,1,,"Y","N"
939,2010,"06/12/10 00:00:00","FL","Apalachicola East","Apalachicola Bird Island",29.714977,-84.975398,"AMOY",1,2,,"Y","N"
940,2010,"06/27/10 00:00:00","LA","Biloxi North","Isle au Pitre",30.1526,-89.1968,"AMOY",1,2,,"Y","N"
1929,2011,"05/19/11 00:00:00","LA","Biloxi North","Drum Bay Island",29.9197,-89.2627,"AMOY",1,1,,"Y","N"
1930,2011,"05/19/11 00:00:00","LA","Biloxi North","Little Mud Grass Island Northeast",29.9628,-89.3156,"AMOY",1,1,,"Y","N"
1948,2011,"05/18/11 00:00:00","LA","Biloxi South","Belle Isle",29.5758,-89.5727,"AMOY",1,2,,"Y","N"
1956,2011,"05/19/11 00:00:00","LA","Biloxi North","Dry Bread Island",29.8426,-89.3064,"AMOY",1,4,,"Y","N"
2518,2012,"05/27/12 00:00:00","LA","Terrebonne Bay","Raccoon Island West",29.0596,-90.94159999999999,"AMOY",1,1,,"Y","N"
3152,2013,"05/24/13 00:00:00","AL","Mississippi Sound","Cat Island",30.3207,-88.2099,"AMOY",1,1,,"Y","N"
3153,2013,"05/23/13 00:00:00","LA","Terrebonne Bay","Raccoon Island",29.0505,-90.92659999999999,"AMOY",1,1,,"Y","N"
3173,2013,"05/24/13 00:00:00","LA","Biloxi North","Biloxi North 13",30.0261,-89.2274,"AMOY",1,2,,"Y","N"
3174,2013,"05/24/13 00:00:00","LA","Biloxi South","Biloxi South 6",29.6569,-89.5145,"AMOY",1,2,,"Y","N"
3175,2013,"06/19/13 00:00:00","LA","Terrebonne Bay","Terrebonne Bay 1",29.21025,-90.57022000000001,"AMOY",1,2,,"Y","N"
3777,2015,"05/17/15 00:00:00","LA","Biloxi North","Dry Bread Island",29.8426,-89.3064,"AMOY",1,1,,"Y","N"
3778,2015,"06/22/15 00:00:00","FL","Apalachicola East","Lanark Reef-Pelican Lump",29.87806,-84.568555,"AMOY",1,1,,"Y","N"
3794,2015,"05/17/15 00:00:00","LA","Biloxi South","Belle Isle",29.5758,-89.5727,"AMOY",1,2,,"Y","N"
3795,2015,"05/17/15 00:00:00","LA","Biloxi North","Biloxi North 16",29.9984,-89.2924,"AMOY",1,2,,"Y","N"
3796,2015,"06/21/15 00:00:00","LA","Biloxi North","Biloxi North 7",30.0578,-89.2011,"AMOY",1,2,,"Y","N"
3797,2015,"05/17/15 00:00:00","LA","Biloxi South","Biloxi South 1",29.6873,-89.4646,"AMOY",1,2,,"Y","N"
3813,2015,"05/16/15 00:00:00","LA","Terrebonne Bay","Terrebonne Bay 1",29.21025,-90.57022000000001,"AMOY",1,4,,"Y","N"
4425,2018,"05/19/18 00:00:00","LA","Biloxi North","Biloxi North 12",30.042,-89.273,"AMOY",1,1,,"Y","N"
4438,2018,"06/24/18 00:00:00","LA","Breton-Chandeleur Islands","Chandeleur North E",29.888395,-88.82646,"AMOY",1,2,,"Y","N"
4439,2018,"05/19/18 00:00:00","LA","Biloxi North","Redfish Bend",29.9679,-89.2276,"AMOY",1,2,,"Y","N"
4445,2018,"05/21/18 00:00:00","LA","Terrebonne Bay","Raccoon Island",29.0505,-90.92659999999999,"AMOY",1,4,,"Y","N"
5487,2021,"06/17/21 00:00:00","LA","Biloxi South","Belle Isle",29.5758,-89.5727,"AMOY",1,1,,"Y","N"
5488,2021,"06/17/21 00:00:00","LA","Biloxi North","Biloxi North 12",30.042,-89.273,"AMOY",1,1,,"Y","N"
5489,2021,"05/23/21 00:00:00","LA","Biloxi North","Biloxi North 27",29.8807,-89.2497,"AMOY",1,1,,"Y","N"
5490,2021,"06/16/21 00:00:00","LA","Biloxi North","Biloxi North 4",30.0909,-89.23180000000001,"AMOY",1,1,,"Y","N"
5530,2021,"06/17/21 00:00:00","LA","Biloxi North","Anderson Point Island",29.892,-89.32729999999999,"AMOY",1,2,,"Y","N"
5531,2021,"05/23/21 00:00:00","LA","Biloxi North","Biloxi North 3",30.0997,-89.283,"AMOY",1,2,,"Y","N"
5532,2021,"06/17/21 00:00:00","LA","Biloxi North","Biloxi North 35",29.951,-89.253,"AMOY",1,2,,"Y","N"
5533,2021,"06/17/21 00:00:00","LA","Biloxi South","Biloxi South 6",29.6569,-89.5145,"AMOY",1,2,,"Y","N"
5534,2021,"05/18/21 00:00:00","TX","Galveston","Rollover Bay C",29.51574,-94.50743300000001,"AMOY",1,2,,"Y","N"
5535,2021,"05/17/21 00:00:00","TX","Corpus Christi-Aransas Bay","Second Chain of Islands G",28.192882,-96.81453399999999,"AMOY",1,2,,"Y","N"
5536,2021,"06/20/21 00:00:00","TX","Corpus Christi-Aransas Bay","Second Chain of Islands I",28.1888,-96.81523,"AMOY",1,2,,"Y","N"
5554,2021,"06/16/21 00:00:00","LA","Biloxi North","Bayou Pintou",30.128,-89.224,"AMOY",1,4,,"Y","N"
5559,2021,"06/18/21 00:00:00","TX","Galveston","South Deer Island",29.27195,-94.9119,"AMOY",1,7,,"Y","N"
889,2010,"06/10/10 00:00:00","FL","Charlotte Harbor","Okeechobee Waterway Spoil Island",26.51,-82.02500000000001,"ANHI",1,1,,"Y","N"
890,2010,"06/11/10 00:00:00","FL","Tampa Bay","Pelican Island Tampa Bay",27.9144,-82.8408,"ANHI",1,1,,"Y","N"
891,2010,"06/09/10 00:00:00","FL","Everglades National Park","Rabbit Key",24.9916,-80.8297,"ANHI",1,1,,"Y","N"
892,2010,"06/11/10 00:00:00","FL","Crystal River","Seahorse Key",29.0969,-83.06610000000001,"ANHI",1,1,,"Y","N"
3798,2015,"05/16/15 00:00:00","LA","Birdsfoot West","Birdsfoot West 5",29.223319,-89.299464,"ANHI",1,2,,"Y","N"
4440,2018,"05/19/18 00:00:00","LA","Biloxi North","Biloxi North 16",29.9984,-89.2924,"ANHI",1,2,,"Y","N"
5491,2021,"05/17/21 00:00:00","TX","Galveston","Nolan Ryan Marsh",28.94099,-95.35596,"ANHI",1,1,,"Y","N"
5492,2021,"05/25/21 00:00:00","FL","Apalachicola West","Saint Andrews State Park Buttonwood Marsh",30.13326,-85.73546,"ANHI",1,1,,"Y","N"
5493,2021,"05/17/21 00:00:00","TX","Lower Laguna Madre","Laguna Vista Spoils A",26.142736,-97.278547,"BBWD",1,1,,"Y","N"
5494,2021,"05/17/21 00:00:00","TX","Matagorda Bay","Lavaca Bay Spoils E",28.59947,-96.56207999999999,"BBWD",1,1,,"Y","N"
5495,2021,"05/17/21 00:00:00","TX","Upper Laguna Madre","Pita Island",27.60181,-97.2876,"BBWD",1,1,,"Y","N"
893,2010,"05/08/10 00:00:00","LA","Biloxi South","Long Bay Island",29.5021,-89.5356,"BCNH",1,1,,"Y","N"
894,2010,"06/23/10 00:00:00","TX","Corpus Christi-Aransas Bay","Long Reef Deadman Islands B",28.0763,-96.96550000000001,"BCNH",1,1,,"Y","N"
941,2010,"06/23/10 00:00:00","TX","Corpus Christi-Aransas Bay","West Nueces Bay 51W J",27.85231,-97.47709,"BCNH",1,2,,"Y","N"
942,2010,"06/23/10 00:00:00","TX","Corpus Christi-Aransas Bay","West Nueces Bay 51W P",27.85798,-97.49055,"BCNH",1,2,,"Y","N"
965,2010,"05/08/10 00:00:00","LA","Barataria Bay","Cat Bay North Island",29.3656,-89.8646,"BCNH",1,9,,"Y","N"
1931,2011,"05/17/11 00:00:00","LA","Terrebonne Bay","Felicity Island",29.2558,-90.44,"BCNH",1,1,,"Y","N"
1932,2011,"06/15/11 00:00:00","LA","Breton-Chandeleur Islands","New Harbor Island 3",29.8542,-88.8634,"BCNH",1,1,,"Y","N"
2533,2012,"05/27/12 00:00:00","LA","Barataria Bay","Grand Island Point",29.3727,-89.8929,"BCNH",1,3,,"Y","N"
2535,2012,"05/29/12 00:00:00","AL","Mississippi Sound","Cat Island",30.3207,-88.2099,"BCNH",1,4,,"Y","N"
3154,2013,"05/24/13 00:00:00","LA","Biloxi South","Biloxi South 5 A",29.6523,-89.464,"BCNH",1,1,,"Y","N"
3176,2013,"06/19/13 00:00:00","LA","Biloxi North","Biloxi North 10 A",30.0485,-89.322,"BCNH",1,2,,"Y","N"
3779,2015,"05/18/15 00:00:00","AL","Mobile Bay Interior","Gaillard Island",30.5063,-88.03619999999999,"BCNH",1,1,,"Y","N"
3780,2015,"05/17/15 00:00:00","LA","Biloxi North","Little Mud Grass Island Northeast",29.9628,-89.3156,"BCNH",1,1,,"Y","N"
3809,2015,"06/21/15 00:00:00","LA","Biloxi North","Biloxi North 35",29.951,-89.253,"BCNH",1,3,,"Y","N"
3819,2015,"06/21/15 00:00:00","LA","Biloxi North","Biloxi North 38",30.00238,-89.21496999999999,"BCNH",1,8,,"Y","N"
4441,2018,"05/19/18 00:00:00","LA","Biloxi North","Biloxi North 3",30.0997,-89.283,"BCNH",1,2,,"Y","N"
5496,2021,"06/16/21 00:00:00","LA","Biloxi North","Biloxi North 4",30.0909,-89.23180000000001,"BCNH",1,1,,"Y","N"
5497,2021,"05/17/21 00:00:00","TX","Lower Laguna Madre","Green Hill Spoils A",26.49391,-97.388755,"BCNH",1,1,,"Y","N"
5498,2021,"06/20/21 00:00:00","TX","Upper Laguna Madre","Naval Air Station Islands F",27.67074,-97.24847699999999,"BCNH",1,1,,"Y","N"
5499,2021,"06/18/21 00:00:00","TX","Galveston","Rollover Bay C",29.51574,-94.50743300000001,"BCNH",1,1,,"Y","N"
5537,2021,"06/16/21 00:00:00","LA","Biloxi North","Biloxi North 8",30.0525,-89.1944,"BCNH",1,2,,"Y","N"
5538,2021,"06/16/21 00:00:00","LA","Breton-Chandeleur Islands","Breton Island",29.4955,-89.1742,"BCNH",1,2,,"Y","N"
5539,2021,"05/17/21 00:00:00","TX","Upper Laguna Madre","Pita Island",27.60181,-97.2876,"BCNH",1,2,,"Y","N"
5549,2021,"05/17/21 00:00:00","TX","Lower Laguna Madre","Green Hill Spoils B",26.48998,-97.38688999999999,"BCNH",1,3,,"Y","N"
895,2010,"05/18/10 00:00:00","LA","Biloxi North","Biloxi North 11",30.0324,-89.3141,"BLSK",1,1,,"Y","N"
1966,2011,"05/19/11 00:00:00","LA","Breton-Chandeleur Islands","Chandeleur North D",29.901692,-88.824851,"BLSK",1,41,,"Y","N"
3177,2013,"06/18/13 00:00:00","LA","Breton-Chandeleur Islands","Chandeleur North C",29.929685,-88.82179600000001,"BLSK",1,2,,"Y","N"
3799,2015,"06/20/15 00:00:00","LA","Terrebonne Bay","Bay Chaland Island",29.226439,-90.632649,"BLSK",1,2,,"Y","N"
3800,2015,"05/17/15 00:00:00","LA","Biloxi North","Biloxi North 35",29.951,-89.253,"BLSK",1,2,,"Y","N"
3801,2015,"06/21/15 00:00:00","LA","Breton-Chandeleur Islands","Chandeleur South E",29.765024,-88.887086,"BLSK",1,2,,"Y","N"
5500,2021,"06/20/21 00:00:00","TX","Lower Laguna Madre","Green Island Spoils K",26.410227,-97.299153,"BLSK",1,1,,"Y","N"
5540,2021,"06/14/21 00:00:00","FL","Apalachicola East","Saint George Causeway",29.694945,-84.88297900000001,"BLSK",1,2,,"Y","N"
5563,2021,"05/17/21 00:00:00","TX","Lower Laguna Madre","Green Island Spoils B",26.409121,-97.323667,"BLSK",1,27,,"Y","N"
3810,2015,"06/20/15 00:00:00","LA","Vermilion Bay","Bayou Platte Island North",29.619877,-91.895594,"BNST",1,3,,"Y","N"
3811,2015,"05/18/15 00:00:00","AL","Mobile Bay Interior","Gaillard Island",30.5063,-88.03619999999999,"BNST",1,3,,"Y","N"
3816,2015,"05/16/15 00:00:00","LA","Terrebonne Bay","Felicity Island",29.2558,-90.44,"BNST",1,7,,"Y","N"
5501,2021,"06/17/21 00:00:00","LA","Birdsfoot East","Gunn Island",29.4136,-89.2957,"BNST",1,1,,"Y","N"
973,2010,"06/25/10 00:00:00","TX","Galveston","West Bay Bird Island New",29.09832,-95.14131999999999,"BRPE",1,43,,"Y","N"
974,2010,"06/25/10 00:00:00","TX","Galveston","Kanaloa Spoil East",29.2943,-94.93340000000001,"BRPE",1,49,,"Y","N"
3802,2015,"05/16/15 00:00:00","LA","Terrebonne Bay","Pelican Island",29.1437,-90.3475,"BRPE",1,2,,"Y","N"
896,2010,"06/11/10 00:00:00","FL","Tampa Bay","Little Bird Key North",27.793,-82.7775,"CAEG",1,1,,"Y","N"
897,2010,"06/23/10 00:00:00","TX","Matagorda Bay","Seadrift Island C",28.3888,-96.72580000000001,"CAEG",1,1,,"Y","N"
3155,2013,"05/24/13 00:00:00","LA","Biloxi South","Belle Isle",29.5758,-89.5727,"CAEG",1,1,,"Y","N"
3814,2015,"05/17/15 00:00:00","LA","Biloxi North","Biloxi North 10 A",30.0485,-89.322,"CAEG",1,5,,"Y","N"
5502,2021,"06/20/21 00:00:00","TX","Corpus Christi-Aransas Bay","Nueces Causeway",27.84176,-97.37604,"CAEG",1,1,,"Y","N"
5503,2021,"06/20/21 00:00:00","TX","Upper Laguna Madre","Tern Island",27.65791,-97.25123000000001,"CAEG",1,1,,"Y","N"
5541,2021,"06/20/21 00:00:00","TX","Upper Laguna Madre","Pita Island",27.60181,-97.2876,"CAEG",1,2,,"Y","N"
898,2010,"05/07/10 00:00:00","LA","Biloxi North","Biloxi North 30 A",29.8191,-89.31010000000001,"CATE",1,1,,"Y","N"
943,2010,"05/18/10 00:00:00","AL","Mississippi Sound Gulf Islands","Dauphin Island 1",30.2289,-88.32689999999999,"CATE",1,2,,"Y","N"
1933,2011,"06/14/11 00:00:00","LA","Biloxi North","Biloxi North 14",30.0038,-89.20650000000001,"CATE",1,1,,"Y","N"
3183,2013,"06/19/13 00:00:00","LA","Biloxi North","Bayou Pintou",30.128,-89.224,"CATE",1,3,,"Y","N"
3184,2013,"05/24/13 00:00:00","LA","Biloxi North","Biloxi North 13",30.0261,-89.2274,"CATE",1,3,,"Y","N"
3781,2015,"05/17/15 00:00:00","LA","Biloxi North","Biloxi North 35",29.951,-89.253,"CATE",1,1,,"Y","N"
3817,2015,"05/16/15 00:00:00","LA","Barataria Bay","Shell Island East",29.281019,-89.62835200000001,"CATE",1,7,,"Y","N"
4426,2018,"05/19/18 00:00:00","LA","Biloxi South","Biloxi South 10 C",29.53327,-89.55606,"CATE",1,1,,"Y","N"
4427,2018,"06/24/18 00:00:00","LA","Breton-Chandeleur Islands","Chandeleur North D",29.901692,-88.824851,"CATE",1,1,,"Y","N"
4442,2018,"05/19/18 00:00:00","LA","Biloxi North","Biloxi North 11",30.0324,-89.3141,"CATE",1,2,,"Y","N"
4443,2018,"06/24/18 00:00:00","LA","Breton-Chandeleur Islands","Chandeleur North A",29.969531,-88.82772199999999,"CATE",1,2,,"Y","N"
5504,2021,"06/16/21 00:00:00","LA","Biloxi North","Biloxi North 4",30.0909,-89.23180000000001,"CATE",1,1,,"Y","N"
5542,2021,"06/17/21 00:00:00","LA","Biloxi North","Biloxi North 35",29.951,-89.253,"CATE",1,2,,"Y","N"
5555,2021,"05/17/21 00:00:00","TX","Lower Laguna Madre","Bahia Grande B",26.044,-97.30609,"CATE",1,4,,"Y","N"
899,2010,"06/08/10 00:00:00","FL","Everglades National Park","Bob Key",25.1092,-80.5646,"DCCO",1,1,,"Y","N"
900,2010,"06/10/10 00:00:00","FL","Charlotte Harbor","Estero Preserve Long Island",26.3684,-81.8467,"DCCO",1,1,,"Y","N"
901,2010,"06/10/10 00:00:00","FL","Charlotte Harbor","Pine Island Sound 3",26.4939,-82.102,"DCCO",1,1,,"Y","N"
944,2010,"06/08/10 00:00:00","FL","Everglades National Park","Buchanan Keys",24.9199,-80.7752,"DCCO",1,2,,"Y","N"
902,2010,"05/18/10 00:00:00","LA","Biloxi North","Biloxi North 4",30.0909,-89.23180000000001,"FOTE",1,1,,"Y","N"
970,2010,"05/07/10 00:00:00","LA","Biloxi North","Biloxi North 30 A",29.8191,-89.31010000000001,"FOTE",1,17,,"Y","N"
5556,2021,"06/20/21 00:00:00","TX","Corpus Christi-Aransas Bay","Nueces Causeway",27.84176,-97.37604,"FUWD",1,4,,"Y","N"
883,2010,"06/12/10 00:00:00","FL","Apalachee Bay","Smith Island",30.04906,-84.31802999999999,"GBHE",1,0,,"Y","N"
903,2010,"06/10/10 00:00:00","FL","Tampa Bay","Blackburn Bay Island South",27.1412,-82.47190000000001,"GBHE",1,1,,"Y","N"
904,2010,"06/23/10 00:00:00","TX","Corpus Christi-Aransas Bay","Copano Rattlesnake Point",28.0561,-97.13330000000001,"GBHE",1,1,,"Y","N"
905,2010,"06/11/10 00:00:00","FL","Crystal River","Crawl Key",28.6528,-82.68680000000001,"GBHE",1,1,,"Y","N"
906,2010,"06/23/10 00:00:00","TX","Corpus Christi-Aransas Bay","Nueces Rivermouth",27.8451,-97.4896,"GBHE",1,1,,"Y","N"
907,2010,"06/23/10 00:00:00","TX","Corpus Christi-Aransas Bay","Salt Lake G",28.07,-97.093,"GBHE",1,1,,"Y","N"
908,2010,"06/11/10 00:00:00","FL","Crystal River","Seahorse Key",29.0969,-83.06610000000001,"GBHE",1,1,,"Y","N"
909,2010,"06/23/10 00:00:00","TX","Corpus Christi-Aransas Bay","Second Chain of Islands B",28.19825,-96.81665,"GBHE",1,1,,"Y","N"
910,2010,"06/10/10 00:00:00","FL","Charlotte Harbor","Turtle Bay Island",26.7867,-82.1875,"GBHE",1,1,,"Y","N"
911,2010,"06/23/10 00:00:00","TX","Corpus Christi-Aransas Bay","West Nueces Bay 51W D",27.85152,-97.47873,"GBHE",1,1,,"Y","N"
1934,2011,"05/20/11 00:00:00","FL","Apalachicola West","Audubon Island",30.17688,-85.7353,"GBHE",1,1,,"Y","N"
1949,2011,"05/17/11 00:00:00","LA","Terrebonne Bay","Felicity Island",29.2558,-90.44,"GBHE",1,2,,"Y","N"
1953,2011,"05/18/11 00:00:00","LA","Breton-Chandeleur Islands","Breton Island",29.4955,-89.1742,"GBHE",1,3,,"Y","N"
2519,2012,"05/28/12 00:00:00","LA","Biloxi South","Biloxi South 3",29.7017,-89.5487,"GBHE",1,1,,"Y","N"
3156,2013,"05/25/13 00:00:00","FL","Apalachicola West","Audubon Island",30.17688,-85.7353,"GBHE",1,1,,"Y","N"
3782,2015,"05/16/15 00:00:00","LA","Terrebonne Bay","Houma Navigation Canal Island",29.19515,-90.61565,"GBHE",1,1,,"Y","N"
4428,2018,"05/21/18 00:00:00","LA","Atchafalaya Bay","Skimmer Island",29.3864,-91.3836,"GBHE",1,1,,"Y","N"
5505,2021,"06/18/21 00:00:00","TX","Galveston","Rollover Bay A",29.5178,-94.50239999999999,"GBHE",1,1,,"Y","N"
5550,2021,"05/25/21 00:00:00","FL","Apalachicola West","Audubon Island",30.17688,-85.7353,"GBHE",1,3,,"Y","N"
1935,2011,"06/14/11 00:00:00","LA","Biloxi North","Biloxi North 30 B",29.8166,-89.3095,"GBTE",1,1,,"Y","N"
2520,2012,"05/29/12 00:00:00","LA","Breton-Chandeleur Islands","Chandeleur North B",29.949821,-88.823795,"GBTE",1,1,,"Y","N"
2521,2012,"05/29/12 00:00:00","LA","Breton-Chandeleur Islands","Chandeleur South B",29.79898,-88.86415599999999,"GBTE",1,1,,"Y","N"
2531,2012,"05/27/12 00:00:00","LA","Terrebonne Bay","Wine Island",29.0948,-90.6108,"GBTE",1,2,,"Y","N"
3157,2013,"05/24/13 00:00:00","LA","Breton-Chandeleur Islands","Chandeleur North G",29.865132,-88.832617,"GBTE",1,1,,"Y","N"
3178,2013,"05/24/13 00:00:00","LA","Breton-Chandeleur Islands","Chandeleur North E",29.888395,-88.82646,"GBTE",1,2,,"Y","N"
3783,2015,"05/17/15 00:00:00","LA","Breton-Chandeleur Islands","Chandeleur South D",29.770378,-88.882942,"GBTE",1,1,,"Y","N"
3815,2015,"06/21/15 00:00:00","LA","Lake Borgne","Half Moon Island",30.1376,-89.43519999999999,"GBTE",1,5,,"Y","N"
4429,2018,"06/24/18 00:00:00","LA","Breton-Chandeleur Islands","Chandeleur North F",29.881806,-88.828345,"GBTE",1,1,,"Y","N"
884,2010,"06/08/10 00:00:00","FL","Florida Keys","Pelican Key",25.0925,-80.4555,"GREG",1,0,,"Y","N"
912,2010,"06/09/10 00:00:00","FL","Everglades National Park","Dead Terrapin Key",25.0416,-80.8017,"GREG",1,1,,"Y","N"
913,2010,"06/09/10 00:00:00","FL","Everglades National Park","Rabbit Key",24.9916,-80.8297,"GREG",1,1,,"Y","N"
914,2010,"06/23/10 00:00:00","TX","Matagorda Bay","South Pass Island B",28.2961,-96.62130000000001,"GREG",1,1,,"Y","N"
945,2010,"06/08/10 00:00:00","FL","Everglades National Park","Peterson Key",24.9129,-80.7437,"GREG",1,2,,"Y","N"
946,2010,"06/11/10 00:00:00","FL","Crystal River","Saint Martins Key A",28.8004,-82.7555,"GREG",1,2,,"Y","N"
947,2010,"06/08/10 00:00:00","FL","Florida Keys","Veterans Key",24.8507,-80.7444,"GREG",1,2,,"Y","N"
966,2010,"06/23/10 00:00:00","TX","Corpus Christi-Aransas Bay","Second Chain of Islands J",28.1857,-96.8137,"GREG",1,11,,"Y","N"
1936,2011,"06/14/11 00:00:00","LA","Biloxi North","Biloxi North 16",29.9984,-89.2924,"GREG",1,1,,"Y","N"
1937,2011,"05/18/11 00:00:00","LA","Barataria Bay","Cat Bay South Island",29.3341,-89.8716,"GREG",1,1,,"Y","N"
2522,2012,"05/28/12 00:00:00","LA","Biloxi North","Dry Bread Island",29.8426,-89.3064,"GREG",1,1,,"Y","N"
2532,2012,"05/27/12 00:00:00","LA","Atchafalaya Bay","Skimmer Island",29.3864,-91.3836,"GREG",1,2,,"Y","N"
3158,2013,"06/18/13 00:00:00","LA","Biloxi North","Biloxi North 16",29.9984,-89.2924,"GREG",1,1,,"Y","N"
3159,2013,"06/18/13 00:00:00","LA","Biloxi North","Little Mud Grass Island Northeast",29.9628,-89.3156,"GREG",1,1,,"Y","N"
4430,2018,"05/19/18 00:00:00","LA","Biloxi North","Hell Pass Coast B",29.92847,-89.3079,"GREG",1,1,,"Y","N"
5506,2021,"05/17/21 00:00:00","TX","Galveston","Bay Harbor Island",29.13251,-95.07424,"GREG",1,1,,"Y","N"
5507,2021,"06/17/21 00:00:00","LA","Biloxi North","Biloxi North 40",30.0434,-89.33750000000001,"GREG",1,1,,"Y","N"
5508,2021,"06/20/21 00:00:00","TX","Galveston","Mustang Bayou Island",29.167164,-95.129808,"GREG",1,1,,"Y","N"
1938,2011,"05/20/11 00:00:00","AL","Mobile Bay Interior","Battery McIntosh",30.6686,-88.0125,"GRHE",1,1,,"Y","N"
5509,2021,"05/22/21 00:00:00","LA","Barataria Bay","Beauregard Island",29.27971,-89.97225,"GRHE",1,1,,"Y","N"
3784,2015,"05/17/15 00:00:00","LA","Breton-Chandeleur Islands","Breton Island",29.4955,-89.1742,"HERG",1,1,,"Y","N"
5543,2021,"05/22/21 00:00:00","LA","Terrebonne Bay","Raccoon Island",29.0505,-90.92659999999999,"HERG",1,2,,"Y","N"
958,2010,"05/07/10 00:00:00","LA","Breton-Chandeleur Islands","New Harbor Island 1",29.87609,-88.87682,"LAGU",1,3,,"Y","N"
961,2010,"05/08/10 00:00:00","LA","Biloxi South","Biloxi South 4 B",29.6629,-89.4628,"LAGU",1,4,,"Y","N"
971,2010,"05/07/10 00:00:00","LA","Biloxi North","Biloxi North 30 A",29.8191,-89.31010000000001,"LAGU",1,20,,"Y","N"
1939,2011,"05/19/11 00:00:00","LA","Biloxi North","Biloxi North 28",29.9168,-89.4183,"LAGU",1,1,,"Y","N"
1940,2011,"05/18/11 00:00:00","LA","Biloxi South","Biloxi South 11",29.5247,-89.57259999999999,"LAGU",1,1,,"Y","N"
1941,2011,"06/14/11 00:00:00","LA","Biloxi North","Isle au Pitre",30.1526,-89.1968,"LAGU",1,1,,"Y","N"
1954,2011,"06/17/11 00:00:00","LA","Biloxi South","Biloxi South 4 A",29.6618,-89.46720000000001,"LAGU",1,3,,"Y","N"
1965,2011,"06/13/11 00:00:00","MS","Mississippi Sound","Beauvoir",30.39081,-88.97239,"LAGU",1,19,,"Y","N"
2534,2012,"05/29/12 00:00:00","LA","Breton-Chandeleur Islands","Chandeleur North K",29.8318,-88.84350000000001,"LAGU",1,3,,"Y","N"
2541,2012,"05/28/12 00:00:00","LA","Biloxi South","Biloxi South 4 A",29.6618,-89.46720000000001,"LAGU",1,11,,"Y","N"
3160,2013,"06/18/13 00:00:00","LA","Biloxi North","Turtle Pen Isle",29.938,-89.242,"LAGU",1,1,,"Y","N"
3185,2013,"06/19/13 00:00:00","LA","Barataria Bay","Barataria Bay 7",29.297676,-90.0553,"LAGU",1,3,,"Y","N"
3186,2013,"06/18/13 00:00:00","LA","Breton-Chandeleur Islands","Chandeleur South A",29.809332,-88.86106700000001,"LAGU",1,4,,"Y","N"
3188,2013,"05/23/13 00:00:00","LA","Barataria Bay","Barataria Bay 13",29.321881,-89.871357,"LAGU",1,9,,"Y","N"
3189,2013,"05/23/13 00:00:00","LA","Terrebonne Bay","Terrebonne Bay 8",29.1415,-90.64927,"LAGU",1,9,,"Y","N"
3818,2015,"05/18/15 00:00:00","LA","Biloxi North","Biloxi North 3",30.0997,-89.283,"LAGU",1,7,,"Y","N"
3822,2015,"06/21/15 00:00:00","LA","Breton-Chandeleur Islands","Curlew Island",29.66636,-88.96111999999999,"LAGU",1,14,,"Y","N"
4444,2018,"06/24/18 00:00:00","LA","Breton-Chandeleur Islands","Chandeleur North A",29.969531,-88.82772199999999,"LAGU",1,3,,"Y","N"
4447,2018,"06/23/18 00:00:00","LA","Biloxi South","Biloxi South 1",29.6873,-89.4646,"LAGU",1,9,,"Y","N"
4448,2018,"05/20/18 00:00:00","LA","Breton-Chandeleur Islands","Chandeleur South C",29.780414,-88.87419199999999,"LAGU",1,44,,"Y","N"
5544,2021,"06/16/21 00:00:00","LA","Breton-Chandeleur Islands","Chandeleur North G",29.865132,-88.832617,"LAGU",1,2,,"Y","N"
5551,2021,"06/20/21 00:00:00","TX","Lower Laguna Madre","Northeast Mansfield Intersection Spoil",26.56432,-97.40021,"LAGU",1,3,,"Y","N"
5561,2021,"06/17/21 00:00:00","LA","Biloxi North","Anderson Point Island",29.892,-89.32729999999999,"LAGU",1,10,,"Y","N"
915,2010,"05/08/10 00:00:00","LA","Biloxi North","Biloxi North 10 B",30.0516,-89.31829999999999,"LBHE",1,1,,"Y","N"
916,2010,"06/10/10 00:00:00","FL","Charlotte Harbor","Pine Island Sound 1",26.4979,-82.11239999999999,"LBHE",1,1,,"Y","N"
917,2010,"06/12/10 00:00:00","FL","Apalachee Bay","Smith Island",30.04906,-84.31802999999999,"LBHE",1,1,,"Y","N"
948,2010,"06/23/10 00:00:00","TX","Corpus Christi-Aransas Bay","Second Chain of Islands B",28.19825,-96.81665,"LBHE",1,2,,"Y","N"
959,2010,"06/25/10 00:00:00","TX","Galveston","West Bay Bird Island",29.09517,-95.14105000000001,"LBHE",1,3,,"Y","N"
1942,2011,"05/18/11 00:00:00","LA","Biloxi South","Biloxi South 11",29.5247,-89.57259999999999,"LBHE",1,1,,"Y","N"
1943,2011,"05/20/11 00:00:00","AL","Mobile Bay Interior","Gaillard Island",30.5063,-88.03619999999999,"LBHE",1,1,,"Y","N"
1944,2011,"06/14/11 00:00:00","LA","Biloxi North","Hell Pass Coast",29.92569,-89.31116,"LBHE",1,1,,"Y","N"
1950,2011,"05/18/11 00:00:00","LA","Biloxi South","Belle Isle",29.5758,-89.5727,"LBHE",1,2,,"Y","N"
1957,2011,"06/14/11 00:00:00","LA","Biloxi North","Biloxi North 12",30.042,-89.273,"LBHE",1,4,,"Y","N"
2523,2012,"06/19/12 00:00:00","LA","Biloxi North","Biloxi North 35",29.951,-89.253,"LBHE",1,1,,"Y","N"
2524,2012,"05/28/12 00:00:00","LA","Biloxi North","Deadman Point",29.7411,-89.35680000000001,"LBHE",1,1,,"Y","N"
3161,2013,"06/18/13 00:00:00","LA","Biloxi North","Biloxi North 25",29.9059,-89.2954,"LBHE",1,1,,"Y","N"
3179,2013,"05/23/13 00:00:00","LA","Barataria Bay","Queen Bess Island",29.3043,-89.9592,"LBHE",1,2,,"Y","N"
3803,2015,"06/20/15 00:00:00","LA","Birdsfoot East","Birdsfoot East 4",28.979007,-89.36321599999999,"LBHE",1,2,,"Y","N"
3804,2015,"05/18/15 00:00:00","FL","Apalachicola East","Lake Number Five",29.6471,-85.1279,"LBHE",1,2,,"Y","N"
5552,2021,"05/25/21 00:00:00","FL","Apalachee Bay","Rock Island",29.97151,-83.82935999999999,"LBHE",1,3,,"Y","N"
5510,2021,"06/20/21 00:00:00","TX","Galveston","West Bay Mooring Facility",29.17285,-95.10677,"NECO",1,1,,"Y","N"
949,2010,"06/11/10 00:00:00","FL","Tampa Bay","Piney Point Mangroves",27.6503,-82.5462,"OSPR",1,2,,"Y","N"
3785,2015,"06/22/15 00:00:00","MS","Mississippi Sound Gulf Islands","Ship Island West",30.21127,-88.98289,"OSPR",1,1,,"Y","N"
5511,2021,"06/15/21 00:00:00","AL","Mobile Bay Interior","Bon Secour 1",30.253677,-87.94287300000001,"OSPR",1,1,,"Y","N"
5512,2021,"06/15/21 00:00:00","AL","Mobile Bay Seashore","Robinson Island",30.285727,-87.55090199999999,"OSPR",1,1,,"Y","N"
918,2010,"06/11/10 00:00:00","FL","Tampa Bay","3 Rooker Key",28.1138,-82.839,"REEG",1,1,,"Y","N"
919,2010,"05/17/10 00:00:00","LA","Sabine-Calcasieu","Rabbit Island",29.8494,-93.383,"REEG",1,1,,"Y","N"
920,2010,"06/26/10 00:00:00","TX","Galveston","Rollover Bay A",29.5178,-94.50239999999999,"REEG",1,1,,"Y","N"
921,2010,"06/23/10 00:00:00","TX","Corpus Christi-Aransas Bay","Second Chain of Islands I",28.1888,-96.81523,"REEG",1,1,,"Y","N"
922,2010,"06/23/10 00:00:00","TX","Corpus Christi-Aransas Bay","Second Chain of Islands J",28.1857,-96.8137,"REEG",1,1,,"Y","N"
923,2010,"06/23/10 00:00:00","TX","Matagorda Bay","South Pass Island B",28.2961,-96.62130000000001,"REEG",1,1,,"Y","N"
924,2010,"06/25/10 00:00:00","TX","Galveston","West Bay Bird Island New",29.09832,-95.14131999999999,"REEG",1,1,,"Y","N"
950,2010,"05/08/10 00:00:00","LA","Biloxi South","Biloxi South 3",29.7017,-89.5487,"REEG",1,2,,"Y","N"
972,2010,"06/27/10 00:00:00","LA","Biloxi North","Drum Bay Island",29.9197,-89.2627,"REEG",1,20,,"Y","N"
1945,2011,"05/18/11 00:00:00","LA","Barataria Bay","Bay Ronquille Northwest Island",29.3631,-89.85339999999999,"REEG",1,1,,"Y","N"
1946,2011,"05/18/11 00:00:00","LA","Biloxi South","Biloxi South 3",29.7017,-89.5487,"REEG",1,1,,"Y","N"
1955,2011,"05/17/11 00:00:00","LA","Terrebonne Bay","Raccoon Island",29.0505,-90.92659999999999,"REEG",1,3,,"Y","N"
2525,2012,"05/28/12 00:00:00","LA","Biloxi North","Deadman Point",29.7411,-89.35680000000001,"REEG",1,1,,"Y","N"
2537,2012,"05/29/12 00:00:00","LA","Breton-Chandeleur Islands","New Harbor Island 2",29.8565,-88.875,"REEG",1,5,,"Y","N"
2538,2012,"05/27/12 00:00:00","LA","Barataria Bay","Queen Bess Island",29.3043,-89.9592,"REEG",1,5,,"Y","N"
3162,2013,"06/19/13 00:00:00","LA","Biloxi North","Biloxi North 12",30.042,-89.273,"REEG",1,1,,"Y","N"
3163,2013,"06/18/13 00:00:00","LA","Biloxi South","Biloxi South 2",29.7047,-89.5647,"REEG",1,1,,"Y","N"
3164,2013,"06/18/13 00:00:00","LA","Biloxi North","Brush Island",30.034,-89.1863,"REEG",1,1,,"Y","N"
3180,2013,"05/25/13 00:00:00","AL","Mobile Bay Interior","Gaillard Island",30.5063,-88.03619999999999,"REEG",1,2,,"Y","N"
3786,2015,"06/21/15 00:00:00","LA","Biloxi North","Biloxi North 38",30.00238,-89.21496999999999,"REEG",1,1,,"Y","N"
3787,2015,"05/18/15 00:00:00","LA","Biloxi North","Biloxi North 4",30.0909,-89.23180000000001,"REEG",1,1,,"Y","N"
3788,2015,"05/17/15 00:00:00","LA","Biloxi South","Biloxi South 5 B",29.6521,-89.4577,"REEG",1,1,,"Y","N"
3805,2015,"05/17/15 00:00:00","LA","Biloxi North","Dry Bread Island",29.8426,-89.3064,"REEG",1,2,,"Y","N"
4431,2018,"05/21/18 00:00:00","LA","Terrebonne Bay","Felicity Island",29.2558,-90.44,"REEG",1,1,,"Y","N"
5513,2021,"06/17/21 00:00:00","LA","Biloxi North","Biloxi North 12",30.042,-89.273,"REEG",1,1,"DM","Y","N"
5514,2021,"06/16/21 00:00:00","LA","Biloxi North","Biloxi North 38",30.00238,-89.21496999999999,"REEG",1,1,"DM","Y","N"
5515,2021,"06/16/21 00:00:00","LA","Biloxi North","Biloxi North 4",30.0909,-89.23180000000001,"REEG",1,1,"DM","Y","N"
5516,2021,"06/20/21 00:00:00","TX","Upper Laguna Madre","Naval Air Station Islands D",27.673617,-97.25217000000001,"REEG",1,1,"WM","Y","N"
5517,2021,"06/20/21 00:00:00","TX","Lower Laguna Madre","Northeast Mansfield Intersection Spoil",26.56432,-97.40021,"REEG",1,1,,"Y","N"
5518,2021,"05/24/21 00:00:00","AL","Mississippi Sound","Terrapin Island",30.335,-88.2619,"REEG",1,1,,"Y","N"
5545,2021,"05/18/21 00:00:00","TX","Galveston","Evia Island",29.4282,-94.7638,"REEG",1,2,"DM","Y","N"
925,2010,"06/11/10 00:00:00","FL","Tampa Bay","Saint Joseph Sound Spoil Island",28.0754,-82.8,"ROSP",1,1,,"Y","N"
926,2010,"06/23/10 00:00:00","TX","Corpus Christi-Aransas Bay","Second Chain of Islands J",28.1857,-96.8137,"ROSP",1,1,,"Y","N"
951,2010,"06/23/10 00:00:00","TX","Matagorda Bay","Chester Island",28.45174,-96.34689,"ROSP",1,2,,"Y","N"
952,2010,"06/11/10 00:00:00","FL","Tampa Bay","Sutherland Bayou Spoil Island",28.0731,-82.7831,"ROSP",1,2,,"Y","N"
1964,2011,"05/18/11 00:00:00","LA","Barataria Bay","Cat Bay Island",29.3474,-89.8672,"ROSP",1,9,,"Y","N"
3165,2013,"06/18/13 00:00:00","LA","Biloxi North","Biloxi North 25",29.9059,-89.2954,"ROSP",1,1,,"Y","N"
3166,2013,"06/18/13 00:00:00","LA","Biloxi South","Biloxi South 3",29.7017,-89.5487,"ROSP",1,1,,"Y","N"
3187,2013,"05/23/13 00:00:00","LA","Terrebonne Bay","Raccoon Island",29.0505,-90.92659999999999,"ROSP",1,6,,"Y","N"
3190,2013,"05/23/13 00:00:00","LA","Barataria Bay","Cat Bay North Island",29.3656,-89.8646,"ROSP",1,12,,"Y","N"
3806,2015,"06/21/15 00:00:00","LA","Biloxi South","Biloxi South 2",29.7047,-89.5647,"ROSP",1,2,,"Y","N"
5519,2021,"05/17/21 00:00:00","TX","Upper Laguna Madre","Rabit Island Laguna Madre",27.24658,-97.41421,"ROSP",1,1,,"Y","N"
5557,2021,"05/22/21 00:00:00","LA","Barataria Bay","Beauregard Island",29.27971,-89.97225,"ROSP",1,5,,"Y","N"
5562,2021,"06/17/21 00:00:00","LA","Biloxi South","Biloxi South 5 B",29.6521,-89.4577,"ROYT",1,21,,"Y","N"
5564,2021,"06/15/21 00:00:00","AL","Mississippi Sound","Terrapin Island",30.335,-88.2619,"ROYT",1,52,,"Y","N"
953,2010,"05/07/10 00:00:00","LA","Biloxi North","Biloxi North 25",29.9059,-89.2954,"SATE",1,2,,"Y","N"
962,2010,"06/25/10 00:00:00","TX","Galveston","Mustang Bayou Island",29.167164,-95.129808,"SATE",1,6,,"Y","N"
3167,2013,"06/19/13 00:00:00","LA","Birdsfoot West","Birdsfoot West 4",29.179677,-89.29314599999999,"SATE",1,1,,"Y","N"
3168,2013,"05/24/13 00:00:00","LA","Biloxi North","Drum Bay Island",29.9197,-89.2627,"SATE",1,1,,"Y","N"
5520,2021,"05/17/21 00:00:00","TX","Lower Laguna Madre","Bahia Grande C Central",26.038968,-97.28825500000001,"SATE",1,1,,"Y","N"
5558,2021,"06/17/21 00:00:00","LA","Biloxi South","Biloxi South 5 B",29.6521,-89.4577,"SATE",1,5,,"Y","N"
927,2010,"05/08/10 00:00:00","LA","Biloxi South","Biloxi South 10 C",29.53327,-89.55606,"SDHE",1,1,,"Y","N"
928,2010,"05/07/10 00:00:00","LA","Breton-Chandeleur Islands","New Harbor Island 2",29.8565,-88.875,"SDHE",1,1,,"Y","N"
2526,2012,"05/28/12 00:00:00","LA","Biloxi North","Drum Bay Island",29.9197,-89.2627,"SDHE",1,1,,"Y","N"
929,2010,"06/11/10 00:00:00","FL","Tampa Bay","Bird Key Terra Ceia",27.5522,-82.59999999999999,"SNEG",1,1,,"Y","N"
930,2010,"06/23/10 00:00:00","TX","Corpus Christi-Aransas Bay","Little Bay C",28.0333,-97.0395,"SNEG",1,1,,"Y","N"
954,2010,"06/26/10 00:00:00","TX","Salt Bayou","High Island",29.57351,-94.38930000000001,"SNEG",1,2,"Does not include 1 Empty Nest","Y","N"
955,2010,"06/11/10 00:00:00","FL","Tampa Bay","Jackass Key",27.6692,-82.7175,"SNEG",1,2,,"Y","N"
967,2010,"06/12/10 00:00:00","FL","Apalachee Bay","Smith Island",30.04906,-84.31802999999999,"SNEG",1,13,,"Y","N"
1960,2011,"06/15/11 00:00:00","LA","Breton-Chandeleur Islands","New Harbor Island 3",29.8542,-88.8634,"SNEG",1,5,,"Y","N"
2536,2012,"05/28/12 00:00:00","LA","Biloxi South","Biloxi South 10 D",29.52792,-89.54504,"SNEG",1,4,,"Y","N"
3169,2013,"05/23/13 00:00:00","LA","Barataria Bay","Barataria Bay 13",29.321881,-89.871357,"SNEG",1,1,,"Y","N"
3170,2013,"06/19/13 00:00:00","LA","Biloxi North","Biloxi North 3",30.0997,-89.283,"SNEG",1,1,,"Y","N"
3181,2013,"05/24/13 00:00:00","LA","Biloxi South","Biloxi South 10 B",29.5289,-89.55068,"SNEG",1,2,,"Y","N"
3789,2015,"05/17/15 00:00:00","LA","Biloxi South","Biloxi South 5 A",29.6523,-89.464,"SNEG",1,1,,"Y","N"
3790,2015,"06/21/15 00:00:00","LA","Biloxi North","Hell Pass Coast D",29.9229,-89.31514,"SNEG",1,1,,"Y","N"
3821,2015,"05/17/15 00:00:00","LA","Biloxi South","Long Bay Island",29.5021,-89.5356,"SNEG",1,13,,"Y","N"
4432,2018,"06/23/18 00:00:00","LA","Biloxi South","Biloxi South 2",29.7047,-89.5647,"SNEG",1,1,,"Y","N"
4446,2018,"05/19/18 00:00:00","LA","Biloxi North","Biloxi North 3",30.0997,-89.283,"SNEG",1,5,,"Y","N"
5521,2021,"06/20/21 00:00:00","TX","Lower Laguna Madre","Bahia Grande C West",26.034567,-97.304354,"SNEG",1,1,,"Y","N"
5522,2021,"06/16/21 00:00:00","LA","Biloxi North","Biloxi North 7",30.0578,-89.2011,"SNEG",1,1,,"Y","N"
5546,2021,"05/24/21 00:00:00","AL","Mississippi Sound","Terrapin Island",30.335,-88.2619,"SNEG",1,2,,"Y","N"
5523,2021,"05/17/21 00:00:00","TX","Lower Laguna Madre","Green Island Spoils E",26.412498,-97.3147,"SOTE",1,1,,"Y","N"
5524,2021,"05/25/21 00:00:00","FL","Apalachicola East","Saint George Causeway",29.694945,-84.88297900000001,"SOTE",1,1,,"Y","N"
931,2010,"06/25/10 00:00:00","TX","Galveston","Bay Harbor Island",29.13251,-95.07424,"TRHE",1,1,,"Y","N"
932,2010,"05/17/10 00:00:00","LA","Terrebonne Bay","Pelican Island",29.1437,-90.3475,"TRHE",1,1,,"Y","N"
1951,2011,"05/18/11 00:00:00","LA","Barataria Bay","Cat Bay North Island",29.3656,-89.8646,"TRHE",1,2,,"Y","N"
1958,2011,"06/14/11 00:00:00","LA","Biloxi North","Biloxi North 35",29.951,-89.253,"TRHE",1,4,,"Y","N"
1961,2011,"06/15/11 00:00:00","LA","Breton-Chandeleur Islands","New Harbor Island 1",29.87609,-88.87682,"TRHE",1,5,,"Y","N"
1963,2011,"05/19/11 00:00:00","LA","Breton-Chandeleur Islands","New Harbor Island 2",29.8565,-88.875,"TRHE",1,8,,"Y","N"
2527,2012,"05/28/12 00:00:00","LA","Biloxi North","Biloxi North 31",29.8043,-89.28149999999999,"TRHE",1,1,,"Y","N"
2528,2012,"05/27/12 00:00:00","LA","Atchafalaya Bay","Heron Island",29.4282,-91.3287,"TRHE",1,1,,"Y","N"
2529,2012,"05/27/12 00:00:00","LA","Terrebonne Bay","Raccoon Island",29.0505,-90.92659999999999,"TRHE",1,1,,"Y","N"
3171,2013,"06/18/13 00:00:00","LA","Biloxi North","Biloxi North 27",29.8807,-89.2497,"TRHE",1,1,,"Y","N"
3172,2013,"05/24/13 00:00:00","LA","Biloxi South","Biloxi South 10 B",29.5289,-89.55068,"TRHE",1,1,,"Y","N"
3182,2013,"05/24/13 00:00:00","LA","Biloxi South","Biloxi South 4 B",29.6629,-89.4628,"TRHE",1,2,,"Y","N"
3791,2015,"05/17/15 00:00:00","LA","Biloxi North","Biloxi North 25",29.9059,-89.2954,"TRHE",1,1,,"Y","N"
3792,2015,"06/21/15 00:00:00","LA","Biloxi South","Biloxi South 17",29.714347,-89.567863,"TRHE",1,1,,"Y","N"
3807,2015,"05/17/15 00:00:00","LA","Biloxi South","Biloxi South 5 A",29.6523,-89.464,"TRHE",1,2,,"Y","N"
3808,2015,"06/21/15 00:00:00","LA","Biloxi North","Door Point Lagoon 1",30.0637,-89.19280000000001,"TRHE",1,2,,"Y","N"
3812,2015,"05/18/15 00:00:00","AL","Mississippi Sound","Cat Island",30.3207,-88.2099,"TRHE",1,3,,"Y","N"
3820,2015,"06/21/15 00:00:00","LA","Biloxi North","Biloxi North 38",30.00238,-89.21496999999999,"TRHE",1,8,,"Y","N"
4433,2018,"05/19/18 00:00:00","LA","Biloxi North","Biloxi North 10 C",30.0481,-89.3202,"TRHE",1,1,,"Y","N"
4434,2018,"05/19/18 00:00:00","LA","Biloxi North","Biloxi North 10 D",30.0476,-89.31829999999999,"TRHE",1,1,,"Y","N"
4435,2018,"05/19/18 00:00:00","LA","Biloxi North","Biloxi North 26",29.8979,-89.301,"TRHE",1,1,,"Y","N"
4436,2018,"06/24/18 00:00:00","LA","Birdsfoot East","Gunn Island",29.4136,-89.2957,"TRHE",1,1,,"Y","N"
5525,2021,"06/16/21 00:00:00","LA","Biloxi North","Door Point Lagoon 2",30.06117,-89.18415,"TRHE",1,1,,"Y","N"
5526,2021,"06/17/21 00:00:00","LA","Biloxi North","Drum Bay Island",29.9197,-89.2627,"TRHE",1,1,,"Y","N"
5527,2021,"05/17/21 00:00:00","TX","Lower Laguna Madre","Green Hill Spoils A",26.49391,-97.388755,"TRHE",1,1,,"Y","N"
5528,2021,"06/17/21 00:00:00","LA","Biloxi North","Hell Pass Coast D",29.9229,-89.31514,"TRHE",1,1,,"Y","N"
5553,2021,"05/24/21 00:00:00","AL","Mississippi Sound","Isle Aux Herbes",30.345969,-88.259531,"TRHE",1,3,,"Y","N"
885,2010,"05/18/10 00:00:00","LA","Biloxi North","Biloxi North 10 B",30.0516,-89.31829999999999,"TRSN",1,0,,"Y","N"
1928,2011,"05/18/11 00:00:00","LA","Biloxi South","Biloxi South 3",29.7017,-89.5487,"TRSN",1,0,"Does not include 10 Empty Nests","Y","N"
3148,2013,"05/23/13 00:00:00","LA","Terrebonne Bay","Felicity Island",29.2558,-90.44,"TRSN",1,0,,"Y","N"
3775,2015,"05/17/15 00:00:00","LA","Biloxi North","Hell Pass Coast C",29.92569,-89.31116,"TRSN",1,0,,"Y","N"
1947,2011,"06/15/11 00:00:00","LA","Breton-Chandeleur Islands","New Harbor Island 1",29.87609,-88.87682,"TURTLE",1,1,,"Y","N"
933,2010,"06/11/10 00:00:00","FL","Tampa Bay","Pelican Island Tampa Bay",27.9144,-82.8408,"UnDu",1,1,,"Y","N"
956,2010,"06/24/10 00:00:00","TX","Galveston","Jumbile Cove/Live Oak Grove",29.195,-94.9928,"UNGT",1,2,"Does not include 3 Empty Nests","Y","N"
968,2010,"05/07/10 00:00:00","LA","Biloxi North","Biloxi North 31",29.8043,-89.28149999999999,"UNGT",1,14,,"Y","N"
963,2010,"05/07/10 00:00:00","LA","Biloxi North","Biloxi North 16",29.9984,-89.2924,"UNHG",1,7,,"Y","N"
934,2010,"06/08/10 00:00:00","FL","Florida Keys","Bush and Long Keys",24.6281,-82.86369999999999,"UnTE",1,1,,"Y","N"
935,2010,"06/27/10 00:00:00","LA","Biloxi North","Isle au Pitre",30.1526,-89.1968,"UNTE",1,1,,"Y","N"
964,2010,"05/07/10 00:00:00","LA","Biloxi North","Biloxi North 30 A",29.8191,-89.31010000000001,"UNTE",1,7,,"Y","N"
936,2010,"06/11/10 00:00:00","FL","Tampa Bay","Bird Key Terra Ceia",27.5522,-82.59999999999999,"UnWa",1,1,"Does not include 38 Empty Nests","Y","N"
3149,2013,"05/24/13 00:00:00","LA","Biloxi North","Dry Bread Island",29.8426,-89.3064,"UNWA",1,0,,"Y","N"
3150,2013,"05/24/13 00:00:00","LA","Lake Borgne","Half Moon Island",30.1376,-89.43519999999999,"UNWA",1,0,,"Y","N"
3151,2013,"06/18/13 00:00:00","LA","Biloxi North","Hell Pass Coast",29.92569,-89.31116,"UNWA",1,0,,"Y","N"
3776,2015,"05/18/15 00:00:00","LA","Lake Borgne","Half Moon Island",30.1376,-89.43519999999999,"UNWA",1,0,,"Y","N"
886,2010,"06/11/10 00:00:00","FL","Tampa Bay","Piney Point Mangroves",27.6503,-82.5462,"WHEG",1,0,,"Y","N"
969,2010,"06/23/10 00:00:00","TX","Matagorda Bay","Chester Island",28.45174,-96.34689,"WHEG",1,16,,"Y","N"
2540,2012,"05/28/12 00:00:00","LA","Biloxi South","Belle Isle",29.5758,-89.5727,"WHEG",1,7,,"Y","N"
4437,2018,"05/21/18 00:00:00","LA","Terrebonne Bay","Raccoon Island",29.0505,-90.92659999999999,"WHEG",1,1,,"Y","N"
5529,2021,"05/25/21 00:00:00","FL","Apalachicola West","Saint Andrews State Park Buttonwood Marsh",30.13326,-85.73546,"WHEG",1,1,,"Y","N"
937,2010,"06/24/10 00:00:00","TX","Galveston","Drum Bay Islands 2",29.0123,-95.2253,"WHIB",1,1,,"Y","N"
957,2010,"06/24/10 00:00:00","TX","Galveston","Arcadia Reef A",29.0293,-95.2024,"WHIB",1,2,,"Y","N"
960,2010,"06/25/10 00:00:00","TX","Galveston","Marker 52 Spoil Island",29.290621,-94.92918,"WHIB",1,3,,"Y","N"
1962,2011,"05/18/11 00:00:00","LA","Barataria Bay","Grand Island Point",29.3727,-89.8929,"WHIB",1,7,,"Y","N"
2530,2012,"05/28/12 00:00:00","LA","Biloxi South","Biloxi South 5 A",29.6523,-89.464,"WHIB",1,1,,"Y","N"
2539,2012,"05/28/12 00:00:00","LA","Biloxi North","Biloxi North 10 A",30.0485,-89.322,"WHIB",1,5,,"Y","N"
5547,2021,"06/16/21 00:00:00","LA","Biloxi North","Biloxi North 13",30.0261,-89.2274,"WHIB",1,2,,"Y","N"
5548,2021,"05/22/21 00:00:00","LA","Terrebonne Bay","Raccoon Island",29.0505,-90.92659999999999,"WHIB",1,2,,"Y","N"
5560,2021,"06/17/21 00:00:00","LA","Biloxi North","Hell Pass Coast A",29.93259,-89.30759999999999,"WHIB",1,7,,"Y","N"
938,2010,"06/12/10 00:00:00","FL","Apalachee Bay","Smith Island",30.04906,-84.31802999999999,"WOST",1,1,,"Y","N"
1952,2011,"05/18/11 00:00:00","LA","Birdsfoot West","Birdsfoot West 3",29.2122,-89.3914,"YCNH",1,2,,"Y","N"
1959,2011,"06/15/11 00:00:00","LA","Breton-Chandeleur Islands","New Harbor Island 3",29.8542,-88.8634,"YCNH",1,4,,"Y","N"
3793,2015,"05/18/15 00:00:00","AL","Mississippi Sound","Terrapin Island",30.335,-88.2619,"YCNH",1,1,,"Y","N"
2616,2012,"05/27/12 00:00:00","LA","Barataria Bay","Queen Bess Island",29.3043,-89.9592,"AMAV",0,5,,"Y","N"
3228,2013,"05/23/13 00:00:00","LA","Atchafalaya Bay","Skimmer Island",29.3864,-91.3836,"AMAV",0,2,,"Y","N"
3292,2013,"05/23/13 00:00:00","LA","Barataria Bay","Queen Bess Island",29.3043,-89.9592,"AMAV",0,9,,"Y","N"
3922,2015,"05/17/15 00:00:00","LA","Biloxi North","Drum Bay Island",29.9197,-89.2627,"AMAV",0,3,,"Y","N"
3923,2015,"05/16/15 00:00:00","LA","Birdsfoot West","Scofield Island",29.241339,-89.54569100000001,"AMAV",0,3,,"Y","N"
3937,2015,"05/16/15 00:00:00","LA","Terrebonne Bay","Felicity Island",29.2558,-90.44,"AMAV",0,4,,"Y","N"
4059,2015,"05/16/15 00:00:00","LA","Barataria Bay","Queen Bess Island",29.3043,-89.9592,"AMAV",0,145,,"Y","N"
5565,2021,"06/15/21 00:00:00","AL","Mobile Bay Interior","Gaillard Island",30.5063,-88.03619999999999,"AMAV",0,1,,"Y","N"
5675,2021,"06/18/21 00:00:00","LA","Terrebonne Bay","Raccoon Island",29.0505,-90.92659999999999,"AMAV",0,2,,"Y","N"
5795,2021,"06/18/21 00:00:00","LA","Sabine-Calcasieu","Rabbit Island",29.8494,-93.383,"AMAV",0,6,,"Y","N"
5808,2021,"05/22/21 00:00:00","LA","Barataria Bay","Queen Bess Island",29.3043,-89.9592,"AMAV",0,8,,"Y","N"
3965,2015,"05/18/15 00:00:00","AL","Mobile Bay Interior","Battery McIntosh",30.6686,-88.0125,"AMCO",0,7,,"Y","N"
5566,2021,"05/24/21 00:00:00","AL","Mobile Bay Interior","Battery McIntosh",30.6686,-88.0125,"AMCO",0,1,,"Y","N"
5567,2021,"06/16/21 00:00:00","LA","Breton-Chandeleur Islands","Breton Island",29.4955,-89.1742,"AMCO",0,1,,"Y","N"
975,2010,"06/24/10 00:00:00","TX","Galveston","Arcadia Reef A",29.0293,-95.2024,"AMOY",0,1,,"Y","N"
976,2010,"05/08/10 00:00:00","LA","Barataria Bay","Bay Ronquille Northeast Island",29.3659,-89.8357,"AMOY",0,1,,"Y","N"
977,2010,"05/18/10 00:00:00","LA","Biloxi North","Biloxi North 11",30.0324,-89.3141,"AMOY",0,1,,"Y","N"
978,2010,"05/18/10 00:00:00","LA","Biloxi North","Biloxi North 14",30.0038,-89.20650000000001,"AMOY",0,1,,"Y","N"
979,2010,"05/07/10 00:00:00","LA","Breton-Chandeleur Islands","Chandeleur South A",29.809332,-88.86106700000001,"AMOY",0,1,,"Y","N"
980,2010,"05/17/10 00:00:00","LA","Terrebonne Bay","Felicity Island",29.2558,-90.44,"AMOY",0,1,,"Y","N"
981,2010,"06/25/10 00:00:00","TX","Galveston","Smith Point Island",29.5364,-94.8082,"AMOY",0,1,,"Y","N"
982,2010,"06/23/10 00:00:00","TX","Matagorda Bay","South Pass Island A",28.2984,-96.6223,"AMOY",0,1,,"Y","N"
983,2010,"05/17/10 00:00:00","LA","Terrebonne Bay","Terrebonne Bay 7",29.06,-90.4465,"AMOY",0,1,,"Y","N"
984,2010,"06/23/10 00:00:00","TX","Corpus Christi-Aransas Bay","West Nueces Bay 51W D",27.85152,-97.47873,"AMOY",0,1,,"Y","N"
1076,2010,"05/08/10 00:00:00","LA","Biloxi South","Biloxi South 3",29.7017,-89.5487,"AMOY",0,2,,"Y","N"
1077,2010,"05/18/10 00:00:00","LA","Lake Borgne","Half Moon Island",30.1376,-89.43519999999999,"AMOY",0,2,,"Y","N"
1078,2010,"05/07/10 00:00:00","LA","Biloxi North","Hell Pass Coast D",29.9229,-89.31514,"AMOY",0,2,,"Y","N"
1079,2010,"06/25/10 00:00:00","TX","Galveston","Kanaloa Spoil East",29.2943,-94.93340000000001,"AMOY",0,2,,"Y","N"
1080,2010,"06/12/10 00:00:00","FL","Apalachicola East","Lanark Reef-Pelican Lump",29.87806,-84.568555,"AMOY",0,2,,"Y","N"
1081,2010,"06/27/10 00:00:00","LA","Biloxi North","Martin Island",29.959,-89.19840000000001,"AMOY",0,2,,"Y","N"
1082,2010,"06/25/10 00:00:00","TX","Galveston","Mustang Bayou Island",29.167164,-95.129808,"AMOY",0,2,,"Y","N"
1083,2010,"06/23/10 00:00:00","TX","Corpus Christi-Aransas Bay","Second Chain of Islands G",28.192882,-96.81453399999999,"AMOY",0,2,,"Y","N"
1084,2010,"06/23/10 00:00:00","TX","Corpus Christi-Aransas Bay","West Nueces Bay 51W P",27.85798,-97.49055,"AMOY",0,2,,"Y","N"
1151,2010,"05/18/10 00:00:00","LA","Biloxi North","Biloxi North 13",30.0261,-89.2274,"AMOY",0,3,,"Y","N"
1152,2010,"06/12/10 00:00:00","FL","Apalachicola East","Lanark Reef West",29.871013,-84.590857,"AMOY",0,3,,"Y","N"
1207,2010,"06/23/10 00:00:00","TX","Corpus Christi-Aransas Bay","Second Chain of Islands B",28.19825,-96.81665,"AMOY",0,5,,"Y","N"
1228,2010,"06/27/10 00:00:00","LA","Biloxi North","Biloxi North 27",29.8807,-89.2497,"AMOY",0,6,,"Y","N"
1253,2010,"06/25/10 00:00:00","TX","Galveston","Marker 52 Spoil Island",29.290621,-94.92918,"AMOY",0,8,,"Y","N"
1384,2010,"06/25/10 00:00:00","TX","Galveston","North Deer Island",29.28519,-94.92462,"AMOY",0,41,,"Y","N"
1967,2011,"06/14/11 00:00:00","LA","Biloxi North","Biloxi North 12",30.042,-89.273,"AMOY",0,1,,"Y","N"
1968,2011,"06/17/11 00:00:00","LA","Biloxi South","Biloxi South 10 C",29.53327,-89.55606,"AMOY",0,1,,"Y","N"
1969,2011,"05/18/11 00:00:00","LA","Biloxi South","Biloxi South 4 B",29.6629,-89.4628,"AMOY",0,1,,"Y","N"
2020,2011,"05/18/11 00:00:00","LA","Biloxi South","Biloxi South 7",29.6055,-89.5887,"AMOY",0,2,,"Y","N"
2021,2011,"05/18/11 00:00:00","LA","Biloxi South","Biloxi South 9",29.5392,-89.53530000000001,"AMOY",0,2,,"Y","N"
2022,2011,"06/17/11 00:00:00","LA","Biloxi South","Long Bay Island",29.5021,-89.5356,"AMOY",0,2,,"Y","N"
2069,2011,"05/17/11 00:00:00","LA","Terrebonne Bay","Felicity Island",29.2558,-90.44,"AMOY",0,5,,"Y","N"
2542,2012,"05/29/12 00:00:00","AL","Mississippi Sound","Cat Island",30.3207,-88.2099,"AMOY",0,1,,"Y","N"
2543,2012,"05/27/12 00:00:00","LA","Terrebonne Bay","Wine Island",29.0948,-90.6108,"AMOY",0,1,,"Y","N"
2576,2012,"05/28/12 00:00:00","LA","Biloxi South","Biloxi South 10 D",29.52792,-89.54504,"AMOY",0,2,,"Y","N"
2577,2012,"05/28/12 00:00:00","LA","Biloxi South","Biloxi South 9",29.5392,-89.53530000000001,"AMOY",0,2,,"Y","N"
2578,2012,"06/19/12 00:00:00","LA","Biloxi North","Brush Island",30.034,-89.1863,"AMOY",0,2,,"Y","N"
2579,2012,"05/30/12 00:00:00","FL","Apalachicola East","Saint George Causeway",29.694945,-84.88297900000001,"AMOY",0,2,,"Y","N"
3191,2013,"05/24/13 00:00:00","LA","Biloxi South","Biloxi South 10 A",29.53141,-89.55392000000001,"AMOY",0,1,,"Y","N"
3192,2013,"06/18/13 00:00:00","LA","Biloxi South","Biloxi South 3",29.7017,-89.5487,"AMOY",0,1,,"Y","N"
3193,2013,"06/18/13 00:00:00","LA","Biloxi North","Deadman Point",29.7411,-89.35680000000001,"AMOY",0,1,,"Y","N"
3194,2013,"06/17/13 00:00:00","FL","Apalachicola East","Lanark Reef West",29.871013,-84.590857,"AMOY",0,1,,"Y","N"
3229,2013,"06/19/13 00:00:00","LA","Biloxi North","Biloxi North 3",30.0997,-89.283,"AMOY",0,2,,"Y","N"
3230,2013,"06/18/13 00:00:00","LA","Biloxi North","Biloxi North 38",30.00238,-89.21496999999999,"AMOY",0,2,,"Y","N"
3231,2013,"05/24/13 00:00:00","LA","Biloxi South","Biloxi South 10 B",29.5289,-89.55068,"AMOY",0,2,,"Y","N"
3232,2013,"05/23/13 00:00:00","LA","Terrebonne Bay","Houma Navigation Canal Island",29.19515,-90.61565,"AMOY",0,2,,"Y","N"
3233,2013,"06/17/13 00:00:00","FL","Apalachicola East","Lanark Reef-Pelican Lump",29.87806,-84.568555,"AMOY",0,2,,"Y","N"
3234,2013,"05/23/13 00:00:00","LA","Terrebonne Bay","Pelican Island",29.1437,-90.3475,"AMOY",0,2,,"Y","N"
3261,2013,"06/18/13 00:00:00","LA","Biloxi South","Biloxi South 1",29.6873,-89.4646,"AMOY",0,3,,"Y","N"
3276,2013,"05/23/13 00:00:00","LA","Terrebonne Bay","Felicity Island",29.2558,-90.44,"AMOY",0,5,,"Y","N"
3823,2015,"05/17/15 00:00:00","LA","Biloxi South","Biloxi South 5 B",29.6521,-89.4577,"AMOY",0,1,,"Y","N"
3824,2015,"05/17/15 00:00:00","LA","Breton-Chandeleur Islands","Chandeleur North A",29.969531,-88.82772199999999,"AMOY",0,1,,"Y","N"
3825,2015,"05/17/15 00:00:00","LA","Biloxi North","Hell Pass Coast A",29.93259,-89.30759999999999,"AMOY",0,1,,"Y","N"
3826,2015,"05/17/15 00:00:00","LA","Biloxi South","Long Bay Island",29.5021,-89.5356,"AMOY",0,1,,"Y","N"
3894,2015,"06/21/15 00:00:00","LA","Biloxi North","Biloxi North 14",30.0038,-89.20650000000001,"AMOY",0,2,,"Y","N"
3895,2015,"05/17/15 00:00:00","LA","Breton-Chandeleur Islands","Chandeleur North C",29.929685,-88.82179600000001,"AMOY",0,2,,"Y","N"
3896,2015,"06/22/15 00:00:00","MS","Mississippi Sound Gulf Islands","Ship Island West",30.21127,-88.98289,"AMOY",0,2,,"Y","N"
3897,2015,"06/22/15 00:00:00","AL","Mississippi Sound","Terrapin Island",30.335,-88.2619,"AMOY",0,2,,"Y","N"
3898,2015,"05/16/15 00:00:00","LA","Terrebonne Bay","Wine Island",29.0948,-90.6108,"AMOY",0,2,,"Y","N"
3924,2015,"05/16/15 00:00:00","LA","Terrebonne Bay","Houma Navigation Canal Island",29.19515,-90.61565,"AMOY",0,3,,"Y","N"
3925,2015,"05/18/15 00:00:00","FL","Apalachicola East","Lanark Reef West",29.871013,-84.590857,"AMOY",0,3,,"Y","N"
3938,2015,"06/21/15 00:00:00","LA","Biloxi North","Biloxi North 35",29.951,-89.253,"AMOY",0,4,,"Y","N"
3939,2015,"05/16/15 00:00:00","LA","Barataria Bay","Queen Bess Island",29.3043,-89.9592,"AMOY",0,4,,"Y","N"
3951,2015,"06/21/15 00:00:00","LA","Biloxi North","Biloxi North 4",30.0909,-89.23180000000001,"AMOY",0,5,,"Y","N"
3959,2015,"05/18/15 00:00:00","FL","Apalachicola East","Saint George Causeway",29.694945,-84.88297900000001,"AMOY",0,6,,"Y","N"
4449,2018,"05/19/18 00:00:00","LA","Biloxi South","Biloxi South 5 A",29.6523,-89.464,"AMOY",0,1,,"Y","N"
4450,2018,"05/19/18 00:00:00","LA","Biloxi North","Hell Pass Coast A",29.93259,-89.30759999999999,"AMOY",0,1,,"Y","N"
4465,2018,"05/19/18 00:00:00","LA","Biloxi North","Door Point Lagoon 1",30.0637,-89.19280000000001,"AMOY",0,2,,"Y","N"
4466,2018,"05/21/18 00:00:00","LA","Terrebonne Bay","Houma Navigation Canal Island",29.19515,-90.61565,"AMOY",0,2,,"Y","N"
5568,2021,"05/22/21 00:00:00","LA","Barataria Bay","Belle Pass East",29.0901,-90.22190000000001,"AMOY",0,1,,"Y","N"
5569,2021,"06/17/21 00:00:00","LA","Biloxi South","Biloxi South 5 B",29.6521,-89.4577,"AMOY",0,1,,"Y","N"
5570,2021,"05/18/21 00:00:00","TX","Galveston","Evia Island",29.4282,-94.7638,"AMOY",0,1,,"Y","N"
5571,2021,"06/15/21 00:00:00","AL","Mobile Bay Interior","Gaillard Island",30.5063,-88.03619999999999,"AMOY",0,1,,"Y","N"
5572,2021,"06/17/21 00:00:00","LA","Biloxi North","Hell Pass Coast A",29.93259,-89.30759999999999,"AMOY",0,1,,"Y","N"
5573,2021,"05/24/21 00:00:00","AL","Mississippi Sound","Isle Aux Herbes",30.345969,-88.259531,"AMOY",0,1,,"Y","N"
5574,2021,"05/17/21 00:00:00","TX","Lower Laguna Madre","Laguna Vista Spoils A",26.142736,-97.278547,"AMOY",0,1,,"Y","N"
5575,2021,"05/22/21 00:00:00","LA","Barataria Bay","Queen Bess Island",29.3043,-89.9592,"AMOY",0,1,,"Y","N"
5576,2021,"05/22/21 00:00:00","LA","Terrebonne Bay","Raccoon Island",29.0505,-90.92659999999999,"AMOY",0,1,,"Y","N"
5577,2021,"06/20/21 00:00:00","TX","Corpus Christi-Aransas Bay","West Nueces Bay 51W P",27.85798,-97.49055,"AMOY",0,1,,"Y","N"
5676,2021,"05/17/21 00:00:00","TX","Lower Laguna Madre","Bahia Grande C East",26.04147,-97.28154000000001,"AMOY",0,2,,"Y","N"
5677,2021,"05/17/21 00:00:00","TX","Matagorda Bay","Chester Island",28.45174,-96.34689,"AMOY",0,2,,"Y","N"
5678,2021,"05/18/21 00:00:00","TX","Galveston","Dickinson Bay Spoil Island",29.46827,-94.94542,"AMOY",0,2,,"Y","N"
5679,2021,"06/16/21 00:00:00","LA","Biloxi North","Door Point Lagoon 2",30.06117,-89.18415,"AMOY",0,2,,"Y","N"
5680,2021,"06/17/21 00:00:00","LA","Biloxi North","Hell Pass Coast C",29.92569,-89.31116,"AMOY",0,2,,"Y","N"
5681,2021,"06/18/21 00:00:00","LA","Terrebonne Bay","Houma Navigation Canal Island",29.19515,-90.61565,"AMOY",0,2,,"Y","N"
5682,2021,"05/22/21 00:00:00","LA","Terrebonne Bay","Philo Brice Islands",29.18416,-90.34678,"AMOY",0,2,,"Y","N"
5683,2021,"05/25/21 00:00:00","FL","Apalachee Bay","Smith Island",30.04906,-84.31802999999999,"AMOY",0,2,,"Y","N"
5732,2021,"05/17/21 00:00:00","TX","Corpus Christi-Aransas Bay","Shamrock Island",27.75883,-97.16936,"AMOY",0,3,,"Y","N"
5733,2021,"05/24/21 00:00:00","AL","Mississippi Sound","Terrapin Island",30.335,-88.2619,"AMOY",0,3,,"Y","N"
5809,2021,"06/14/21 00:00:00","FL","Apalachicola East","Saint George Causeway",29.694945,-84.88297900000001,"AMOY",0,8,,"Y","N"
985,2010,"06/23/10 00:00:00","TX","Matagorda Bay","Chester Island",28.45174,-96.34689,"ANHI",0,1,,"Y","N"
986,2010,"06/11/10 00:00:00","FL","Tampa Bay","Sunken Island",27.8469,-82.41500000000001,"ANHI",0,1,,"Y","N"
2023,2011,"06/15/11 00:00:00","LA","Breton-Chandeleur Islands","New Harbor Island 3",29.8542,-88.8634,"ANHI",0,2,,"Y","N"
3195,2013,"06/19/13 00:00:00","LA","Atchafalaya Bay","Heron Island",29.4282,-91.3287,"ANHI",0,1,,"Y","N"
4526,2018,"06/24/18 00:00:00","LA","Birdsfoot West","Birdsfoot West 5",29.223319,-89.299464,"ANHI",0,44,,"Y","N"
987,2010,"05/18/10 00:00:00","LA","Biloxi North","Martin Island",29.959,-89.19840000000001,"AWPE",0,1,,"Y","N"
1085,2010,"05/08/10 00:00:00","LA","Biloxi South","Biloxi South 10 A",29.53141,-89.55392000000001,"AWPE",0,2,,"Y","N"
1254,2010,"05/18/10 00:00:00","AL","Mississippi Sound","Terrapin Island",30.335,-88.2619,"AWPE",0,8,,"Y","N"
1293,2010,"05/18/10 00:00:00","MS","Mississippi Sound","Mississippi Coast 1",30.3454,-88.4083,"AWPE",0,14,,"Y","N"
1372,2010,"05/08/10 00:00:00","LA","Barataria Bay","Queen Bess Island",29.3043,-89.9592,"AWPE",0,35,,"Y","N"
1393,2010,"06/11/10 00:00:00","FL","Tampa Bay","Hillsborough Channel Spoil Island",27.8246,-82.43429999999999,"AWPE",0,46,,"Y","N"
1437,2010,"05/18/10 00:00:00","LA","Biloxi North","Biloxi North 5",30.0675,-89.2069,"AWPE",0,104,,"Y","N"
1442,2010,"05/18/10 00:00:00","LA","Biloxi North","Door Point Lagoon 1",30.0637,-89.19280000000001,"AWPE",0,112,,"Y","N"
1492,2010,"05/17/10 00:00:00","LA","Terrebonne Bay","Felicity Island",29.2558,-90.44,"AWPE",0,568,,"Y","N"
1970,2011,"05/19/11 00:00:00","LA","Biloxi North","Brush Island",30.034,-89.1863,"AWPE",0,1,,"Y","N"
1971,2011,"05/18/11 00:00:00","LA","Biloxi North","Deadman Point",29.7411,-89.35680000000001,"AWPE",0,1,,"Y","N"
2024,2011,"05/18/11 00:00:00","LA","Barataria Bay","Bay Ronquille Northwest Island",29.3631,-89.85339999999999,"AWPE",0,2,,"Y","N"
2046,2011,"06/17/11 00:00:00","LA","Biloxi South","Long Bay Island",29.5021,-89.5356,"AWPE",0,3,,"Y","N"
2070,2011,"05/18/11 00:00:00","LA","Biloxi South","Biloxi South 5 A",29.6523,-89.464,"AWPE",0,5,,"Y","N"
2079,2011,"05/19/11 00:00:00","LA","Biloxi North","Martin Island",29.959,-89.19840000000001,"AWPE",0,8,,"Y","N"
2080,2011,"05/19/11 00:00:00","LA","Biloxi North","Redfish Bend",29.9679,-89.2276,"AWPE",0,8,,"Y","N"
2086,2011,"05/17/11 00:00:00","LA","Terrebonne Bay","Raccoon Island",29.0505,-90.92659999999999,"AWPE",0,9,,"Y","N"
2099,2011,"06/14/11 00:00:00","LA","Biloxi North","Door Point Lagoon 2",30.06117,-89.18415,"AWPE",0,20,,"Y","N"
2107,2011,"05/17/11 00:00:00","LA","Barataria Bay","Queen Bess Island",29.3043,-89.9592,"AWPE",0,37,,"Y","N"
2134,2011,"05/17/11 00:00:00","LA","Terrebonne Bay","Felicity Island",29.2558,-90.44,"AWPE",0,1299,,"Y","N"
2544,2012,"05/27/12 00:00:00","LA","Barataria Bay","Bay Ronquille Northeast Island",29.3659,-89.8357,"AWPE",0,1,,"Y","N"
2580,2012,"05/28/12 00:00:00","LA","Biloxi South","Biloxi South 9",29.5392,-89.53530000000001,"AWPE",0,2,,"Y","N"
2601,2012,"05/27/12 00:00:00","LA","Barataria Bay","Cat Bay South Island",29.3341,-89.8716,"AWPE",0,3,,"Y","N"
2602,2012,"06/18/12 00:00:00","AL","Mississippi Sound","Terrapin Island",30.335,-88.2619,"AWPE",0,3,,"Y","N"
2625,2012,"05/27/12 00:00:00","LA","Barataria Bay","Barataria Bay 3",29.3427,-89.8023,"AWPE",0,7,,"Y","N"
2635,2012,"05/29/12 00:00:00","AL","Mississippi Sound","Cat Island",30.3207,-88.2099,"AWPE",0,11,,"Y","N"
2636,2012,"05/27/12 00:00:00","LA","Barataria Bay","Queen Bess Island",29.3043,-89.9592,"AWPE",0,11,,"Y","N"
2660,2012,"05/28/12 00:00:00","LA","Biloxi North","Drum Bay Island",29.9197,-89.2627,"AWPE",0,35,,"Y","N"
2664,2012,"06/19/12 00:00:00","LA","Biloxi North","Biloxi North 7",30.0578,-89.2011,"AWPE",0,44,,"Y","N"
2688,2012,"05/27/12 00:00:00","LA","Terrebonne Bay","Felicity Island",29.2558,-90.44,"AWPE",0,398,,"Y","N"
3235,2013,"05/23/13 00:00:00","LA","Barataria Bay","Cat Bay North Island",29.3656,-89.8646,"AWPE",0,2,,"Y","N"
3236,2013,"05/23/13 00:00:00","LA","Terrebonne Bay","Houma Navigation Canal Island",29.19515,-90.61565,"AWPE",0,2,,"Y","N"
3262,2013,"05/24/13 00:00:00","LA","Biloxi South","Biloxi South 10 A",29.53141,-89.55392000000001,"AWPE",0,3,,"Y","N"
3263,2013,"05/23/13 00:00:00","LA","Breton-Chandeleur Islands","Breton Island",29.4955,-89.1742,"AWPE",0,3,,"Y","N"
3268,2013,"05/23/13 00:00:00","LA","Terrebonne Bay","Felicity Island",29.2558,-90.44,"AWPE",0,4,,"Y","N"
3277,2013,"05/24/13 00:00:00","LA","Biloxi North","Drum Bay Island",29.9197,-89.2627,"AWPE",0,5,,"Y","N"
3285,2013,"06/17/13 00:00:00","AL","Mississippi Sound","Terrapin Island",30.335,-88.2619,"AWPE",0,6,,"Y","N"
3287,2013,"05/24/13 00:00:00","LA","Biloxi North","Door Point Lagoon 1",30.0637,-89.19280000000001,"AWPE",0,7,,"Y","N"
3323,2013,"05/23/13 00:00:00","LA","Barataria Bay","Queen Bess Island",29.3043,-89.9592,"AWPE",0,51,,"Y","N"
3827,2015,"06/21/15 00:00:00","LA","Biloxi South","Biloxi South 10 D",29.52792,-89.54504,"AWPE",0,1,,"Y","N"
3828,2015,"05/17/15 00:00:00","LA","Biloxi South","Biloxi South 5 B",29.6521,-89.4577,"AWPE",0,1,,"Y","N"
3829,2015,"06/21/15 00:00:00","LA","Biloxi South","Biloxi South 9",29.5392,-89.53530000000001,"AWPE",0,1,,"Y","N"
3830,2015,"05/16/15 00:00:00","LA","Terrebonne Bay","Felicity Island",29.2558,-90.44,"AWPE",0,1,,"Y","N"
3831,2015,"05/16/15 00:00:00","LA","Terrebonne Bay","Terrebonne Bay 1",29.21025,-90.57022000000001,"AWPE",0,1,,"Y","N"
3952,2015,"05/16/15 00:00:00","LA","Barataria Bay","Cat Bay North Island",29.3656,-89.8646,"AWPE",0,5,,"Y","N"
4006,2015,"06/21/15 00:00:00","LA","Biloxi North","Deadman Point",29.7411,-89.35680000000001,"AWPE",0,19,,"Y","N"
4008,2015,"05/18/15 00:00:00","FL","Apalachicola East","Lanark Reef West",29.871013,-84.590857,"AWPE",0,20,,"Y","N"
4010,2015,"05/18/15 00:00:00","LA","Biloxi North","Door Point Lagoon 2",30.06117,-89.18415,"AWPE",0,21,,"Y","N"
4040,2015,"05/17/15 00:00:00","LA","Biloxi South","Biloxi South 5 A",29.6523,-89.464,"AWPE",0,62,,"Y","N"
4057,2015,"05/16/15 00:00:00","LA","Terrebonne Bay","Houma Navigation Canal Island",29.19515,-90.61565,"AWPE",0,103,,"Y","N"
4061,2015,"05/16/15 00:00:00","LA","Barataria Bay","Queen Bess Island",29.3043,-89.9592,"AWPE",0,183,,"Y","N"
4467,2018,"05/21/18 00:00:00","LA","Terrebonne Bay","Raccoon Island",29.0505,-90.92659999999999,"AWPE",0,2,,"Y","N"
4481,2018,"05/19/18 00:00:00","LA","Biloxi North","Biloxi North 38",30.00238,-89.21496999999999,"AWPE",0,3,,"Y","N"
4495,2018,"05/19/18 00:00:00","LA","Biloxi North","Door Point Lagoon 2",30.06117,-89.18415,"AWPE",0,6,,"Y","N"
4509,2018,"05/19/18 00:00:00","LA","Biloxi North","Little Mud Grass Island",29.9508,-89.32250000000001,"AWPE",0,19,,"Y","N"
4510,2018,"05/21/18 00:00:00","LA","Sabine-Calcasieu","Rabbit Island",29.8494,-93.383,"AWPE",0,20,,"Y","N"
4516,2018,"06/23/18 00:00:00","LA","Biloxi North","Deadman Point",29.7411,-89.35680000000001,"AWPE",0,28,,"Y","N"
4519,2018,"05/21/18 00:00:00","LA","Terrebonne Bay","Felicity Island",29.2558,-90.44,"AWPE",0,31,,"Y","N"
4538,2018,"05/20/18 00:00:00","LA","Barataria Bay","Queen Bess Island",29.3043,-89.9592,"AWPE",0,161,,"Y","N"
4539,2018,"05/21/18 00:00:00","LA","Terrebonne Bay","Houma Navigation Canal Island",29.19515,-90.61565,"AWPE",0,230,,"Y","N"
5578,2021,"06/17/21 00:00:00","LA","Biloxi South","Belle Isle",29.5758,-89.5727,"AWPE",0,1,,"Y","N"
5579,2021,"06/17/21 00:00:00","LA","Biloxi North","Biloxi North 18",29.992825,-89.249568,"AWPE",0,1,,"Y","N"
5580,2021,"06/17/21 00:00:00","LA","Biloxi South","Biloxi South 10 B",29.5289,-89.55068,"AWPE",0,1,,"Y","N"
5581,2021,"06/17/21 00:00:00","LA","Biloxi North","Redfish Bend",29.9679,-89.2276,"AWPE",0,1,,"Y","N"
5734,2021,"06/17/21 00:00:00","LA","Biloxi South","Biloxi South 5 A",29.6523,-89.464,"AWPE",0,3,,"Y","N"
5735,2021,"06/17/21 00:00:00","LA","Biloxi North","Drum Bay Island",29.9197,-89.2627,"AWPE",0,3,,"Y","N"
5736,2021,"06/20/21 00:00:00","TX","Lower Laguna Madre","Green Hill Spoils B",26.48998,-97.38688999999999,"AWPE",0,3,,"Y","N"
5762,2021,"06/17/21 00:00:00","LA","Biloxi South","Biloxi South 5 B",29.6521,-89.4577,"AWPE",0,4,,"Y","N"
5784,2021,"05/18/21 00:00:00","TX","Galveston","Evia Island",29.4282,-94.7638,"AWPE",0,5,,"Y","N"
5810,2021,"06/17/21 00:00:00","LA","Biloxi North","Hell Pass Coast C",29.92569,-89.31116,"AWPE",0,8,,"Y","N"
5846,2021,"05/17/21 00:00:00","TX","East Matagorda Bay","Dressing Point",28.73145,-95.76074,"AWPE",0,16,,"Y","N"
5851,2021,"06/16/21 00:00:00","LA","Biloxi North","Door Point Lagoon 2",30.06117,-89.18415,"AWPE",0,17,,"Y","N"
5871,2021,"06/15/21 00:00:00","AL","Mobile Bay Interior","Gaillard Island",30.5063,-88.03619999999999,"AWPE",0,29,,"Y","N"
5878,2021,"06/17/21 00:00:00","LA","Biloxi North","Deadman Point",29.7411,-89.35680000000001,"AWPE",0,35,,"Y","N"
5879,2021,"06/20/21 00:00:00","TX","Galveston","Mustang Bayou Island",29.167164,-95.129808,"AWPE",0,38,,"Y","N"
5882,2021,"05/17/21 00:00:00","TX","Galveston","West Bay Bird Island New",29.09832,-95.14131999999999,"AWPE",0,40,,"Y","N"
5904,2021,"05/25/21 00:00:00","FL","Apalachee Bay","Pepperfish Key",29.501954,-83.395151,"AWPE",0,103,,"Y","N"
5911,2021,"06/18/21 00:00:00","LA","Sabine-Calcasieu","Rabbit Island",29.8494,-93.383,"AWPE",0,140,,"Y","N"
5915,2021,"05/22/21 00:00:00","LA","Barataria Bay","Queen Bess Island",29.3043,-89.9592,"AWPE",0,179,,"Y","N"
5582,2021,"06/14/21 00:00:00","FL","Apalachicola East","Lanark Reef West",29.871013,-84.590857,"BBPL",0,1,,"Y","N"
1972,2011,"06/15/11 00:00:00","LA","Breton-Chandeleur Islands","New Harbor Island 3",29.8542,-88.8634,"BBWD",0,1,,"Y","N"
5684,2021,"05/18/21 00:00:00","TX","Salt Bayou","High Island",29.57351,-94.38930000000001,"BBWD",0,2,,"Y","N"
5763,2021,"05/17/21 00:00:00","TX","Lower Laguna Madre","Green Hill Spoils A",26.49391,-97.388755,"BBWD",0,4,,"Y","N"
5764,2021,"06/20/21 00:00:00","TX","Lower Laguna Madre","Green Island Spoils B",26.409121,-97.323667,"BBWD",0,4,,"Y","N"
5765,2021,"05/17/21 00:00:00","TX","Corpus Christi-Aransas Bay","Shamrock Island",27.75883,-97.16936,"BBWD",0,4,,"Y","N"
988,2010,"06/12/10 00:00:00","FL","Apalachee Bay","Smith Island",30.04906,-84.31802999999999,"BCNH",0,1,,"Y","N"
1086,2010,"06/13/10 00:00:00","AL","Mobile Bay Interior","Gaillard Island",30.5063,-88.03619999999999,"BCNH",0,2,,"Y","N"
1153,2010,"06/13/10 00:00:00","AL","Mobile Bay Interior","Battery McIntosh",30.6686,-88.0125,"BCNH",0,3,,"Y","N"
1154,2010,"06/25/10 00:00:00","TX","Galveston","North Deer Island",29.28519,-94.92462,"BCNH",0,3,,"Y","N"
1229,2010,"06/14/10 00:00:00","LA","Barataria Bay","Queen Bess Island",29.3043,-89.9592,"BCNH",0,6,,"Y","N"
1235,2010,"05/08/10 00:00:00","LA","Barataria Bay","Cat Bay Island",29.3474,-89.8672,"BCNH",0,7,,"Y","N"
1236,2010,"05/17/10 00:00:00","LA","Terrebonne Bay","Raccoon Island",29.0505,-90.92659999999999,"BCNH",0,7,,"Y","N"
1973,2011,"05/18/11 00:00:00","LA","Biloxi South","Belle Isle",29.5758,-89.5727,"BCNH",0,1,,"Y","N"
1974,2011,"06/14/11 00:00:00","LA","Biloxi North","Biloxi North 35",29.951,-89.253,"BCNH",0,1,,"Y","N"
1975,2011,"05/18/11 00:00:00","LA","Barataria Bay","Cat Bay Island",29.3474,-89.8672,"BCNH",0,1,,"Y","N"
1976,2011,"05/18/11 00:00:00","LA","Barataria Bay","Cat Bay North Island",29.3656,-89.8646,"BCNH",0,1,,"Y","N"
2047,2011,"05/17/11 00:00:00","LA","Atchafalaya Bay","Skimmer Island",29.3864,-91.3836,"BCNH",0,3,,"Y","N"
2545,2012,"05/27/12 00:00:00","LA","Barataria Bay","Barataria Bay 3",29.3427,-89.8023,"BCNH",0,1,,"Y","N"
2546,2012,"05/28/12 00:00:00","LA","Biloxi North","Dry Bread Island",29.8426,-89.3064,"BCNH",0,1,,"Y","N"
2547,2012,"05/27/12 00:00:00","LA","Terrebonne Bay","Raccoon Island",29.0505,-90.92659999999999,"BCNH",0,1,,"Y","N"
3196,2013,"05/23/13 00:00:00","LA","Atchafalaya Bay","Skimmer Island",29.3864,-91.3836,"BCNH",0,1,,"Y","N"
3197,2013,"06/17/13 00:00:00","AL","Mississippi Sound","Terrapin Island",30.335,-88.2619,"BCNH",0,1,,"Y","N"
3237,2013,"06/19/13 00:00:00","LA","Birdsfoot East","Birdsfoot East 4 A",28.974693,-89.363755,"BCNH",0,2,,"Y","N"
3832,2015,"05/18/15 00:00:00","LA","Biloxi North","Biloxi North 4",30.0909,-89.23180000000001,"BCNH",0,1,,"Y","N"
3833,2015,"06/21/15 00:00:00","LA","Biloxi North","Door Point Lagoon 1",30.0637,-89.19280000000001,"BCNH",0,1,,"Y","N"
3960,2015,"05/16/15 00:00:00","LA","Terrebonne Bay","Raccoon Island",29.0505,-90.92659999999999,"BCNH",0,6,,"Y","N"
5583,2021,"05/22/21 00:00:00","LA","Birdsfoot East","Birdsfoot East 4 B",28.98179,-89.362942,"BCNH",0,1,,"Y","N"
5584,2021,"05/18/21 00:00:00","TX","Salt Bayou","High Island",29.57351,-94.38930000000001,"BCNH",0,1,,"Y","N"
5585,2021,"06/20/21 00:00:00","TX","Corpus Christi-Aransas Bay","Nueces Causeway",27.84176,-97.37604,"BCNH",0,1,,"Y","N"
5586,2021,"05/22/21 00:00:00","LA","Barataria Bay","Queen Bess Island",29.3043,-89.9592,"BCNH",0,1,,"Y","N"
5685,2021,"05/18/21 00:00:00","TX","Galveston","Evia Island",29.4282,-94.7638,"BCNH",0,2,,"Y","N"
5766,2021,"05/24/21 00:00:00","AL","Mississippi Sound","Terrapin Island",30.335,-88.2619,"BCNH",0,4,,"Y","N"
5811,2021,"06/19/21 00:00:00","LA","Terrebonne Bay","Belle Pass Pond",29.111568,-90.211673,"BCNH",0,8,,"Y","N"
989,2010,"06/23/10 00:00:00","TX","Matagorda Bay","Little Bird Island Matagorda",28.294,-96.697,"BLSK",0,1,,"Y","N"
990,2010,"05/18/10 00:00:00","MS","Mississippi Sound","Old Round Island",30.29523,-88.58663,"BLSK",0,1,,"Y","N"
991,2010,"06/26/10 00:00:00","TX","Sabine-Calcasieu","Texas Coast 1",29.8482,-93.9521,"BLSK",0,1,,"Y","N"
1087,2010,"05/08/10 00:00:00","LA","Barataria Bay","Bay Ronquille Northeast Island",29.3659,-89.8357,"BLSK",0,2,,"Y","N"
1088,2010,"05/18/10 00:00:00","LA","Biloxi North","Brush Island",30.034,-89.1863,"BLSK",0,2,,"Y","N"
1089,2010,"05/17/10 00:00:00","LA","Terrebonne Bay","Terrebonne Bay 7",29.06,-90.4465,"BLSK",0,2,,"Y","N"
1155,2010,"05/18/10 00:00:00","LA","Biloxi North","West Karako Bay Islet",30.0049,-89.23090000000001,"BLSK",0,3,,"Y","N"
1208,2010,"05/17/10 00:00:00","LA","Terrebonne Bay","Felicity Island",29.2558,-90.44,"BLSK",0,5,,"Y","N"
1209,2010,"06/13/10 00:00:00","AL","Mobile Bay Interior","Gaillard Island",30.5063,-88.03619999999999,"BLSK",0,5,,"Y","N"
1255,2010,"06/25/10 00:00:00","TX","Galveston","West Bay Bird Island",29.09517,-95.14105000000001,"BLSK",0,8,,"Y","N"
1297,2010,"05/08/10 00:00:00","LA","Biloxi South","Biloxi South 5 A",29.6523,-89.464,"BLSK",0,15,,"Y","N"
1315,2010,"06/11/10 00:00:00","FL","Tampa Bay","Clearwater Harbor Island",27.966,-82.8146,"BLSK",0,17,,"Y","N"
1375,2010,"05/17/10 00:00:00","LA","Terrebonne Bay","Wine Island",29.0948,-90.6108,"BLSK",0,36,,"Y","N"
1390,2010,"05/07/10 00:00:00","LA","Breton-Chandeleur Islands","Chandeleur North E",29.888395,-88.82646,"BLSK",0,45,,"Y","N"
1391,2010,"05/07/10 00:00:00","LA","Breton-Chandeleur Islands","Chandeleur South B",29.79898,-88.86415599999999,"BLSK",0,45,,"Y","N"
1422,2010,"05/18/10 00:00:00","AL","Mississippi Sound","Terrapin Island",30.335,-88.2619,"BLSK",0,71,,"Y","N"
1427,2010,"05/07/10 00:00:00","LA","Breton-Chandeleur Islands","Gosier Islands South",29.52369,-89.09535,"BLSK",0,87,,"Y","N"
2025,2011,"05/18/11 00:00:00","LA","Barataria Bay","Cat Bay South Island",29.3341,-89.8716,"BLSK",0,2,,"Y","N"
2075,2011,"06/15/11 00:00:00","LA","Breton-Chandeleur Islands","New Harbor Island 1",29.87609,-88.87682,"BLSK",0,6,,"Y","N"
2089,2011,"05/20/11 00:00:00","AL","Mississippi Sound","Terrapin Island",30.335,-88.2619,"BLSK",0,11,,"Y","N"
2100,2011,"05/17/11 00:00:00","LA","Terrebonne Bay","Felicity Island",29.2558,-90.44,"BLSK",0,20,,"Y","N"
2548,2012,"05/28/12 00:00:00","LA","Biloxi South","Biloxi South 4 B",29.6629,-89.4628,"BLSK",0,1,,"Y","N"
2581,2012,"05/28/12 00:00:00","LA","Biloxi South","Biloxi South 9",29.5392,-89.53530000000001,"BLSK",0,2,,"Y","N"
2603,2012,"05/29/12 00:00:00","LA","Breton-Chandeleur Islands","Breton Island",29.4955,-89.1742,"BLSK",0,3,,"Y","N"
2604,2012,"05/27/12 00:00:00","LA","Barataria Bay","Cat Bay South Island",29.3341,-89.8716,"BLSK",0,3,,"Y","N"
3264,2013,"05/23/13 00:00:00","LA","Terrebonne Bay","Terrebonne Bay 8",29.1415,-90.64927,"BLSK",0,3,,"Y","N"
3305,2013,"05/24/13 00:00:00","AL","Mississippi Sound","Cat Island",30.3207,-88.2099,"BLSK",0,19,,"Y","N"
3312,2013,"06/17/13 00:00:00","AL","Mobile Bay Interior","Gaillard Island",30.5063,-88.03619999999999,"BLSK",0,25,,"Y","N"
3327,2013,"06/17/13 00:00:00","FL","Apalachicola East","Lanark Reef West",29.871013,-84.590857,"BLSK",0,78,,"Y","N"
3337,2013,"05/25/13 00:00:00","FL","Apalachicola East","Saint George Causeway",29.694945,-84.88297900000001,"BLSK",0,191,,"Y","N"
3899,2015,"05/17/15 00:00:00","LA","Biloxi South","Long Bay Island",29.5021,-89.5356,"BLSK",0,2,,"Y","N"
3900,2015,"05/18/15 00:00:00","FL","Apalachicola East","Saint George Causeway",29.694945,-84.88297900000001,"BLSK",0,2,,"Y","N"
3901,2015,"05/16/15 00:00:00","LA","Terrebonne Bay","Terrebonne Bay 1",29.21025,-90.57022000000001,"BLSK",0,2,,"Y","N"
3953,2015,"05/16/15 00:00:00","LA","Terrebonne Bay","Wine Island",29.0948,-90.6108,"BLSK",0,5,,"Y","N"
3961,2015,"05/16/15 00:00:00","LA","Barataria Bay","Cat Bay South Island",29.3341,-89.8716,"BLSK",0,6,,"Y","N"
3966,2015,"06/21/15 00:00:00","LA","Biloxi South","Biloxi South 4 B",29.6629,-89.4628,"BLSK",0,7,,"Y","N"
3994,2015,"05/17/15 00:00:00","LA","Breton-Chandeleur Islands","Freemason Island",29.789,-88.977,"BLSK",0,14,,"Y","N"
4000,2015,"05/17/15 00:00:00","LA","Birdsfoot East","Birdsfoot East 3",29.3725,-89.29989999999999,"BLSK",0,16,,"Y","N"
4034,2015,"05/18/15 00:00:00","FL","Apalachicola East","Apalachicola Bird Island",29.714977,-84.975398,"BLSK",0,45,,"Y","N"
4058,2015,"05/16/15 00:00:00","LA","Birdsfoot West","Scofield Island",29.241339,-89.54569100000001,"BLSK",0,127,,"Y","N"
4451,2018,"05/19/18 00:00:00","LA","Biloxi South","Long Bay Island",29.5021,-89.5356,"BLSK",0,1,,"Y","N"
4468,2018,"05/19/18 00:00:00","LA","Biloxi North","Biloxi North 16",29.9984,-89.2924,"BLSK",0,2,,"Y","N"
4469,2018,"05/19/18 00:00:00","LA","Biloxi North","Brush Island",30.034,-89.1863,"BLSK",0,2,,"Y","N"
4470,2018,"05/21/18 00:00:00","LA","Terrebonne Bay","Felicity Island",29.2558,-90.44,"BLSK",0,2,,"Y","N"
4505,2018,"05/19/18 00:00:00","LA","Biloxi South","Biloxi South 9",29.5392,-89.53530000000001,"BLSK",0,14,,"Y","N"
5587,2021,"06/17/21 00:00:00","LA","Biloxi South","Biloxi South 5 B",29.6521,-89.4577,"BLSK",0,1,,"Y","N"
5588,2021,"05/17/21 00:00:00","TX","Lower Laguna Madre","Green Island Spoils L",26.413197,-97.296649,"BLSK",0,1,,"Y","N"
5686,2021,"05/17/21 00:00:00","TX","Lower Laguna Madre","Bahia Grande B",26.044,-97.30609,"BLSK",0,2,,"Y","N"
5687,2021,"05/17/21 00:00:00","TX","Lower Laguna Madre","Green Island Spoils H",26.409936,-97.30549999999999,"BLSK",0,2,,"Y","N"
5688,2021,"06/17/21 00:00:00","LA","Biloxi South","Long Bay Island",29.5021,-89.5356,"BLSK",0,2,,"Y","N"
5689,2021,"06/18/21 00:00:00","TX","Galveston","Rollover Bay C",29.51574,-94.50743300000001,"BLSK",0,2,,"Y","N"
5767,2021,"06/17/21 00:00:00","LA","Biloxi North","Drum Bay Island",29.9197,-89.2627,"BLSK",0,4,,"Y","N"
5823,2021,"05/17/21 00:00:00","TX","Lower Laguna Madre","Green Island Spoils I",26.412964,-97.302414,"BLSK",0,10,,"Y","N"
5872,2021,"05/17/21 00:00:00","TX","Upper Laguna Madre","White Pelican Island",27.39097,-97.36359,"BLSK",0,29,,"Y","N"
5883,2021,"05/17/21 00:00:00","TX","Lower Laguna Madre","East Flats Spoil",26.72269,-97.42762,"BLSK",0,40,,"Y","N"
5887,2021,"05/17/21 00:00:00","TX","Lower Laguna Madre","Green Hill Spoils B",26.48998,-97.38688999999999,"BLSK",0,44,,"Y","N"
5907,2021,"05/24/21 00:00:00","MS","Mississippi Sound Gulf Islands","Horn Island",30.23863,-88.68608999999999,"BLSK",0,117,,"Y","N"
5927,2021,"05/22/21 00:00:00","LA","Barataria Bay","Queen Bess Island",29.3043,-89.9592,"BLSK",0,483,,"Y","N"
992,2010,"05/18/10 00:00:00","LA","Biloxi North","Biloxi North 5",30.0675,-89.2069,"BLTE",0,1,,"Y","N"
1090,2010,"05/08/10 00:00:00","LA","Birdsfoot West","Burrwood Bayou South",28.9395,-89.3937,"BLTE",0,2,,"Y","N"
1091,2010,"05/17/10 00:00:00","LA","Sabine-Calcasieu","Louisiana West 3",29.6137,-92.7139,"BLTE",0,2,,"Y","N"
1187,2010,"05/08/10 00:00:00","LA","Birdsfoot West","Burrwood Bayou North",28.972,-89.3475,"BLTE",0,4,,"Y","N"
1474,2010,"06/12/10 00:00:00","FL","Apalachicola East","Flag Island South",29.6261,-85.152,"BLTE",0,246,,"Y","N"
3834,2015,"05/16/15 00:00:00","LA","Birdsfoot West","Scofield Island",29.241339,-89.54569100000001,"BLTE",0,1,,"Y","N"
3980,2015,"06/20/15 00:00:00","LA","Vermilion Bay","Bayou Platte Island South",29.6069,-91.8913,"BLTE",0,10,,"Y","N"
5589,2021,"06/20/21 00:00:00","TX","Corpus Christi-Aransas Bay","West Nueces Bay 51W K",27.85912,-97.49294999999999,"BLTE",0,1,,"Y","N"
1092,2010,"05/08/10 00:00:00","LA","Barataria Bay","Belle Pass East",29.0901,-90.22190000000001,"BNST",0,2,,"Y","N"
1093,2010,"06/11/10 00:00:00","FL","Tampa Bay","Hillsborough Channel Spoil Island",27.8246,-82.43429999999999,"BNST",0,2,,"Y","N"
1210,2010,"06/13/10 00:00:00","AL","Mobile Bay Interior","Gaillard Island",30.5063,-88.03619999999999,"BNST",0,5,,"Y","N"
3835,2015,"05/16/15 00:00:00","LA","Terrebonne Bay","Houma Navigation Canal Island",29.19515,-90.61565,"BNST",0,1,,"Y","N"
3962,2015,"05/16/15 00:00:00","LA","Barataria Bay","Queen Bess Island",29.3043,-89.9592,"BNST",0,6,,"Y","N"
5590,2021,"05/20/21 00:00:00","LA","Atchafalaya Bay","Bird Island East",29.353105,-91.382509,"BNST",0,1,,"Y","N"
5690,2021,"06/20/21 00:00:00","TX","Upper Laguna Madre","Naval Air Station Islands E",27.671973,-97.24975499999999,"BNST",0,2,,"Y","N"
993,2010,"05/18/10 00:00:00","LA","Biloxi North","Biloxi North 14",30.0038,-89.20650000000001,"BRPE",0,1,,"Y","N"
994,2010,"05/18/10 00:00:00","LA","Biloxi North","Biloxi North 22",29.9368,-89.2873,"BRPE",0,1,,"Y","N"
995,2010,"06/27/10 00:00:00","LA","Biloxi North","Biloxi North 27",29.8807,-89.2497,"BRPE",0,1,,"Y","N"
996,2010,"06/11/10 00:00:00","FL","Tampa Bay","Clearwater Harbor Wreck",27.9707,-82.8038,"BRPE",0,1,,"Y","N"
997,2010,"06/10/10 00:00:00","FL","Ten Thousand Islands","Marco Island",25.9549,-81.75279999999999,"BRPE",0,1,,"Y","N"
998,2010,"06/10/10 00:00:00","FL","Ten Thousand Islands","Pavillion Key",25.7025,-81.35420000000001,"BRPE",0,1,,"Y","N"
1094,2010,"05/08/10 00:00:00","LA","Barataria Bay","Barataria Bay 9",29.1376,-90.1323,"BRPE",0,2,,"Y","N"
1095,2010,"05/07/10 00:00:00","LA","Biloxi North","Biloxi North 17",29.9751,-89.2762,"BRPE",0,2,,"Y","N"
1096,2010,"05/07/10 00:00:00","LA","Biloxi North","Biloxi North 25",29.9059,-89.2954,"BRPE",0,2,,"Y","N"
1097,2010,"05/08/10 00:00:00","LA","Biloxi South","Biloxi South 10 C",29.53327,-89.55606,"BRPE",0,2,,"Y","N"
1098,2010,"06/10/10 00:00:00","FL","Charlotte Harbor","Ostego Bay Islet South",26.4226,-81.89530000000001,"BRPE",0,2,,"Y","N"
1099,2010,"06/08/10 00:00:00","FL","Florida Keys","Water Key Mangroves",24.7483,-81.34743400000001,"BRPE",0,2,,"Y","N"
1156,2010,"05/08/10 00:00:00","LA","Barataria Bay","Barataria Bay 10",29.1181,-90.16500000000001,"BRPE",0,3,,"Y","N"
1157,2010,"05/18/10 00:00:00","AL","Mississippi Sound Gulf Islands","Cedar Island",30.2791,-88.1193,"BRPE",0,3,,"Y","N"
1158,2010,"06/24/10 00:00:00","TX","Galveston","Drum Bay Islands 6",29.0192,-95.2193,"BRPE",0,3,,"Y","N"
1159,2010,"06/25/10 00:00:00","TX","Galveston","Kanaloa Spoil North",29.2975,-94.9395,"BRPE",0,3,,"Y","N"
1160,2010,"06/09/10 00:00:00","FL","Everglades National Park","Lower Arsnicker Key",24.9203,-80.82689999999999,"BRPE",0,3,,"Y","N"
1161,2010,"06/08/10 00:00:00","FL","Florida Keys","Marquesas Keys",24.57,-82.13,"BRPE",0,3,,"Y","N"
1162,2010,"06/23/10 00:00:00","TX","Matagorda Bay","Seadrift Island C",28.3888,-96.72580000000001,"BRPE",0,3,,"Y","N"
1188,2010,"06/08/10 00:00:00","FL","Florida Keys","Boca Grande Key",24.5328,-82.0043,"BRPE",0,4,,"Y","N"
1189,2010,"05/07/10 00:00:00","LA","Biloxi North","Redfish Bend",29.9679,-89.2276,"BRPE",0,4,,"Y","N"
1190,2010,"05/17/10 00:00:00","LA","Terrebonne Bay","Terrebonne Bay 2",29.1992,-90.44840000000001,"BRPE",0,4,,"Y","N"
1211,2010,"05/17/10 00:00:00","LA","Sabine-Calcasieu","Louisiana West 2",29.5967,-92.6617,"BRPE",0,5,,"Y","N"
1212,2010,"06/23/10 00:00:00","TX","Matagorda Bay","South Pass Island B",28.2961,-96.62130000000001,"BRPE",0,5,,"Y","N"
1230,2010,"05/08/10 00:00:00","LA","Barataria Bay","Bay Ronquille Northeast Island",29.3659,-89.8357,"BRPE",0,6,,"Y","N"
1237,2010,"05/07/10 00:00:00","LA","Biloxi North","Biloxi North 12",30.042,-89.273,"BRPE",0,7,,"Y","N"
1238,2010,"05/08/10 00:00:00","LA","Biloxi South","Biloxi South 1",29.6873,-89.4646,"BRPE",0,7,,"Y","N"
1239,2010,"05/08/10 00:00:00","LA","Biloxi South","Long Bay Island",29.5021,-89.5356,"BRPE",0,7,,"Y","N"
1256,2010,"05/07/10 00:00:00","LA","Biloxi North","Biloxi North 32",29.7637,-89.2869,"BRPE",0,8,,"Y","N"
1257,2010,"05/08/10 00:00:00","LA","Barataria Bay","Grand Island Point",29.3727,-89.8929,"BRPE",0,8,,"Y","N"
1258,2010,"06/23/10 00:00:00","TX","Corpus Christi-Aransas Bay","Nueces Causeway",27.84176,-97.37604,"BRPE",0,8,,"Y","N"
1265,2010,"05/07/10 00:00:00","LA","Biloxi North","Biloxi North 31",29.8043,-89.28149999999999,"BRPE",0,9,,"Y","N"
1266,2010,"06/25/10 00:00:00","TX","Galveston","Jigsaw Island",29.2832,-94.8918,"BRPE",0,9,,"Y","N"
1267,2010,"06/09/10 00:00:00","FL","Everglades National Park","Palm Key",25.1122,-80.87860000000001,"BRPE",0,9,,"Y","N"
1281,2010,"06/10/10 00:00:00","FL","Charlotte Harbor","East Long Key Islet",26.3885,-81.8592,"BRPE",0,11,,"Y","N"
1282,2010,"06/26/10 00:00:00","LA","Sabine-Calcasieu","Point Hunt Island",29.7471,-93.8862,"BRPE",0,11,,"Y","N"
1294,2010,"06/25/10 00:00:00","TX","Galveston","Bay Harbor Island",29.13251,-95.07424,"BRPE",0,14,,"Y","N"
1298,2010,"05/18/10 00:00:00","LA","Biloxi North","Biloxi North 11",30.0324,-89.3141,"BRPE",0,15,,"Y","N"
1299,2010,"06/23/10 00:00:00","TX","Corpus Christi-Aransas Bay","Copano Rattlesnake Point",28.0561,-97.13330000000001,"BRPE",0,15,,"Y","N"
1300,2010,"06/24/10 00:00:00","TX","Galveston","Follets Island",29.058,-95.1619,"BRPE",0,15,,"Y","N"
1301,2010,"06/23/10 00:00:00","TX","Corpus Christi-Aransas Bay","Second Chain of Islands I",28.1888,-96.81523,"BRPE",0,15,,"Y","N"
1302,2010,"05/17/10 00:00:00","LA","Atchafalaya Bay","Vermilion Bay 1",29.3141,-91.3429,"BRPE",0,15,,"Y","N"
1305,2010,"06/27/10 00:00:00","LA","Biloxi North","Isle au Pitre",30.1526,-89.1968,"BRPE",0,16,,"Y","N"
1306,2010,"06/10/10 00:00:00","FL","Tampa Bay","Lemon Bay Spoil Island",26.9289,-82.3511,"BRPE",0,16,,"Y","N"
1318,2010,"05/08/10 00:00:00","LA","Barataria Bay","Belle Pass East",29.0901,-90.22190000000001,"BRPE",0,18,,"Y","N"
1324,2010,"05/18/10 00:00:00","AL","Mississippi Sound","Terrapin Island",30.335,-88.2619,"BRPE",0,19,,"Y","N"
1327,2010,"05/07/10 00:00:00","LA","Breton-Chandeleur Islands","Chandeleur North D",29.901692,-88.824851,"BRPE",0,20,,"Y","N"
1328,2010,"06/23/10 00:00:00","TX","Matagorda Bay","Little Bird Island Matagorda",28.294,-96.697,"BRPE",0,20,,"Y","N"
1329,2010,"06/11/10 00:00:00","FL","Tampa Bay","Little Bird Key North",27.793,-82.7775,"BRPE",0,20,,"Y","N"
1343,2010,"05/08/10 00:00:00","LA","Biloxi South","Biloxi South 5 A",29.6523,-89.464,"BRPE",0,22,,"Y","N"
1347,2010,"05/07/10 00:00:00","LA","Biloxi North","Hell Pass Coast D",29.9229,-89.31514,"BRPE",0,23,,"Y","N"
1349,2010,"06/14/10 00:00:00","LA","Birdsfoot East","Bird Island Birdsfoot",29.391585,-89.3212,"BRPE",0,24,,"Y","N"
1352,2010,"06/09/10 00:00:00","FL","Everglades National Park","Carl Ross Key",25.039,-81.01739999999999,"BRPE",0,25,,"Y","N"
1353,2010,"05/07/10 00:00:00","LA","Breton-Chandeleur Islands","Chandeleur South A",29.809332,-88.86106700000001,"BRPE",0,25,,"Y","N"
1357,2010,"05/18/10 00:00:00","LA","Biloxi North","West Karako Bay Islet",30.0049,-89.23090000000001,"BRPE",0,26,,"Y","N"
1362,2010,"05/07/10 00:00:00","LA","Biloxi North","Biloxi North 34",29.7439,-89.4532,"BRPE",0,30,,"Y","N"
1363,2010,"06/23/10 00:00:00","TX","Corpus Christi-Aransas Bay","Long Reef Deadman Islands B",28.0763,-96.96550000000001,"BRPE",0,30,,"Y","N"
1364,2010,"06/10/10 00:00:00","FL","Ten Thousand Islands","Second Chance Critical Wildlife Area",25.8389,-81.6674,"BRPE",0,30,,"Y","N"
1368,2010,"05/07/10 00:00:00","LA","Biloxi North","Biloxi North 30 B",29.8166,-89.3095,"BRPE",0,32,,"Y","N"
1376,2010,"05/07/10 00:00:00","LA","Breton-Chandeleur Islands","Chandeleur South C",29.780414,-88.87419199999999,"BRPE",0,36,,"Y","N"
1377,2010,"06/24/10 00:00:00","TX","Galveston","Drum Bay Islands 5",29.0193,-95.2188,"BRPE",0,36,,"Y","N"
1378,2010,"06/11/10 00:00:00","FL","Tampa Bay","Jackass Key",27.6692,-82.7175,"BRPE",0,36,,"Y","N"
1388,2010,"05/08/10 00:00:00","LA","Barataria Bay","Bay Ronquille Northwest Island",29.3631,-89.85339999999999,"BRPE",0,43,,"Y","N"
1394,2010,"05/18/10 00:00:00","MS","Mississippi Sound","Mississippi Coast 1",30.3454,-88.4083,"BRPE",0,46,,"Y","N"
1395,2010,"05/18/10 00:00:00","MS","Mississippi Sound","Old Round Island",30.29523,-88.58663,"BRPE",0,46,,"Y","N"
1397,2010,"05/07/10 00:00:00","LA","Biloxi North","Biloxi North 18",29.992825,-89.249568,"BRPE",0,48,,"Y","N"
1398,2010,"05/08/10 00:00:00","LA","Barataria Bay","Cat Bay South Island",29.3341,-89.8716,"BRPE",0,50,,"Y","N"
1401,2010,"05/17/10 00:00:00","LA","Terrebonne Bay","Terrebonne Bay 5",29.2029,-90.35250000000001,"BRPE",0,51,,"Y","N"
1406,2010,"05/17/10 00:00:00","LA","Terrebonne Bay","Terrebonne Bay 4",29.2164,-90.354,"BRPE",0,55,,"Y","N"
1407,2010,"05/18/10 00:00:00","LA","Biloxi North","Biloxi North 5",30.0675,-89.2069,"BRPE",0,56,,"Y","N"
1409,2010,"05/07/10 00:00:00","LA","Breton-Chandeleur Islands","Gosier Islands South",29.52369,-89.09535,"BRPE",0,57,,"Y","N"
1411,2010,"05/07/10 00:00:00","LA","Breton-Chandeleur Islands","Chandeleur North E",29.888395,-88.82646,"BRPE",0,59,,"Y","N"
1413,2010,"05/07/10 00:00:00","LA","Biloxi North","Turtle Pen Isle",29.938,-89.242,"BRPE",0,62,,"Y","N"
1423,2010,"06/23/10 00:00:00","TX","Corpus Christi-Aransas Bay","Nueces Rivermouth",27.8451,-97.4896,"BRPE",0,75,,"Y","N"
1431,2010,"06/25/10 00:00:00","TX","Galveston","Smith Point Island",29.5364,-94.8082,"BRPE",0,92,,"Y","N"
1433,2010,"05/17/10 00:00:00","LA","Terrebonne Bay","Terrebonne Bay 7",29.06,-90.4465,"BRPE",0,99,,"Y","N"
1449,2010,"06/10/10 00:00:00","FL","Charlotte Harbor","Gasparilla Sound Spoil Island",26.7904,-82.2462,"BRPE",0,130,,"Y","N"
1464,2010,"05/07/10 00:00:00","LA","Biloxi North","Deadman Point",29.7411,-89.35680000000001,"BRPE",0,187,"One small territorial group","Y","N"
1480,2010,"05/18/10 00:00:00","LA","Biloxi North","Brush Island",30.034,-89.1863,"BRPE",0,283,,"Y","N"
1481,2010,"06/12/10 00:00:00","FL","Apalachicola East","Flag Island South",29.6261,-85.152,"BRPE",0,290,,"Y","N"
1485,2010,"06/26/10 00:00:00","TX","Galveston","Rollover Bay D",29.5215,-94.5056,"BRPE",0,358,,"Y","N"
1488,2010,"06/12/10 00:00:00","FL","Apalachicola East","Saint Vincent Island Roost",29.6773,-85.2214,"BRPE",0,491,,"Y","N"
1494,2010,"05/18/10 00:00:00","AL","Mississippi Sound","Cat Island",30.3207,-88.2099,"BRPE",0,606,,"Y","N"
1496,2010,"06/27/10 00:00:00","LA","Breton-Chandeleur Islands","Freemason Island",29.789,-88.977,"BRPE",0,699,,"Y","N"
1500,2010,"06/25/10 00:00:00","TX","Galveston","Marker 52 Spoil Island",29.290621,-94.92918,"BRPE",0,6837,,"Y","N"
2060,2011,"06/17/11 00:00:00","LA","Biloxi South","Biloxi South 10 C",29.53327,-89.55606,"BRPE",0,4,,"Y","N"
2061,2011,"05/19/11 00:00:00","LA","Breton-Chandeleur Islands","Chandeleur North D",29.901692,-88.824851,"BRPE",0,4,,"Y","N"
2071,2011,"06/14/11 00:00:00","LA","Biloxi North","Biloxi North 30 B",29.8166,-89.3095,"BRPE",0,5,,"Y","N"
2081,2011,"06/14/11 00:00:00","LA","Biloxi North","Biloxi North 31",29.8043,-89.28149999999999,"BRPE",0,8,,"Y","N"
2082,2011,"05/18/11 00:00:00","LA","Biloxi South","Biloxi South 9",29.5392,-89.53530000000001,"BRPE",0,8,,"Y","N"
2093,2011,"05/19/11 00:00:00","LA","Biloxi North","Redfish Bend",29.9679,-89.2276,"BRPE",0,13,,"Y","N"
2103,2011,"05/18/11 00:00:00","LA","Biloxi South","Biloxi South 5 B",29.6521,-89.4577,"BRPE",0,31,,"Y","N"
2104,2011,"05/18/11 00:00:00","LA","Barataria Bay","Grand Island Point",29.3727,-89.8929,"BRPE",0,33,,"Y","N"
2110,2011,"06/15/11 00:00:00","LA","Breton-Chandeleur Islands","Chandeleur North A",29.969531,-88.82772199999999,"BRPE",0,41,,"Y","N"
2122,2011,"05/17/11 00:00:00","LA","Terrebonne Bay","Raccoon Island West",29.0596,-90.94159999999999,"BRPE",0,87,,"Y","N"
2132,2011,"05/19/11 00:00:00","LA","Biloxi North","Martin Island",29.959,-89.19840000000001,"BRPE",0,456,,"Y","N"
2549,2012,"05/28/12 00:00:00","LA","Biloxi North","Biloxi North 27",29.8807,-89.2497,"BRPE",0,1,,"Y","N"
2605,2012,"05/28/12 00:00:00","LA","Biloxi North","Hell Pass Coast",29.92569,-89.31116,"BRPE",0,3,,"Y","N"
2620,2012,"05/27/12 00:00:00","LA","Terrebonne Bay","Raccoon Island West",29.0596,-90.94159999999999,"BRPE",0,6,,"Y","N"
2621,2012,"05/30/12 00:00:00","FL","Apalachicola East","Saint George Causeway",29.694945,-84.88297900000001,"BRPE",0,6,,"Y","N"
2626,2012,"05/28/12 00:00:00","LA","Biloxi North","Biloxi North 25",29.9059,-89.2954,"BRPE",0,7,,"Y","N"
2627,2012,"05/28/12 00:00:00","LA","Biloxi North","Dry Bread Island",29.8426,-89.3064,"BRPE",0,7,,"Y","N"
2649,2012,"05/27/12 00:00:00","LA","Barataria Bay","Beauregard Island",29.27971,-89.97225,"BRPE",0,24,,"Y","N"
2658,2012,"05/28/12 00:00:00","LA","Biloxi North","Biloxi North 26",29.8979,-89.301,"BRPE",0,33,,"Y","N"
2661,2012,"06/18/12 00:00:00","AL","Mississippi Sound","Terrapin Island",30.335,-88.2619,"BRPE",0,39,,"Y","N"
2662,2012,"06/20/12 00:00:00","LA","Biloxi North","Biloxi North 11",30.0324,-89.3141,"BRPE",0,43,,"Y","N"
2667,2012,"05/28/12 00:00:00","LA","Biloxi South","Long Bay Island",29.5021,-89.5356,"BRPE",0,52,,"Y","N"
2668,2012,"05/28/12 00:00:00","LA","Biloxi South","Biloxi South 5 B",29.6521,-89.4577,"BRPE",0,62,,"Y","N"
2672,2012,"05/27/12 00:00:00","LA","Terrebonne Bay","Wine Island",29.0948,-90.6108,"BRPE",0,85,,"Y","N"
2676,2012,"05/28/12 00:00:00","LA","Biloxi North","Biloxi North 31",29.8043,-89.28149999999999,"BRPE",0,100,,"Y","N"
2678,2012,"06/19/12 00:00:00","LA","Lake Borgne","Half Moon Island",30.1376,-89.43519999999999,"BRPE",0,113,,"Y","N"
2679,2012,"05/30/12 00:00:00","FL","Apalachicola East","Flag Island South",29.6261,-85.152,"BRPE",0,125,,"Y","N"
2683,2012,"06/19/12 00:00:00","LA","Biloxi North","Brush Island",30.034,-89.1863,"BRPE",0,169,,"Y","N"
2686,2012,"06/19/12 00:00:00","LA","Biloxi North","Isle au Pitre",30.1526,-89.1968,"BRPE",0,200,,"Y","N"
3198,2013,"05/24/13 00:00:00","LA","Biloxi South","Biloxi South 10 C",29.53327,-89.55606,"BRPE",0,1,,"Y","N"
3238,2013,"05/24/13 00:00:00","LA","Biloxi South","Belle Isle",29.5758,-89.5727,"BRPE",0,2,,"Y","N"
3239,2013,"05/24/13 00:00:00","LA","Biloxi North","Biloxi North 11",30.0324,-89.3141,"BRPE",0,2,,"Y","N"
3240,2013,"06/18/13 00:00:00","LA","Biloxi North","Biloxi North 26",29.8979,-89.301,"BRPE",0,2,,"Y","N"
3241,2013,"05/24/13 00:00:00","LA","Biloxi South","Biloxi South 9",29.5392,-89.53530000000001,"BRPE",0,2,,"Y","N"
3242,2013,"06/18/13 00:00:00","LA","Breton-Chandeleur Islands","Chandeleur South B",29.79898,-88.86415599999999,"BRPE",0,2,,"Y","N"
3243,2013,"06/18/13 00:00:00","LA","Breton-Chandeleur Islands","Chandeleur South C",29.780414,-88.87419199999999,"BRPE",0,2,,"Y","N"
3244,2013,"05/24/13 00:00:00","LA","Biloxi North","Dry Bread Island",29.8426,-89.3064,"BRPE",0,2,,"Y","N"
3269,2013,"05/24/13 00:00:00","LA","Biloxi North","Biloxi North 16",29.9984,-89.2924,"BRPE",0,4,,"Y","N"
3278,2013,"05/24/13 00:00:00","LA","Biloxi North","Biloxi North 13",30.0261,-89.2274,"BRPE",0,5,,"Y","N"
3279,2013,"06/18/13 00:00:00","LA","Biloxi North","Hell Pass Coast",29.92569,-89.31116,"BRPE",0,5,,"Y","N"
3288,2013,"06/19/13 00:00:00","LA","Biloxi North","Biloxi North 3",30.0997,-89.283,"BRPE",0,7,,"Y","N"
3293,2013,"05/23/13 00:00:00","LA","Barataria Bay","Bay Ronquille Northeast Island",29.3659,-89.8357,"BRPE",0,9,,"Y","N"
3297,2013,"06/19/13 00:00:00","LA","Barataria Bay","Barataria Bay 7",29.297676,-90.0553,"BRPE",0,12,,"Y","N"
3299,2013,"06/19/13 00:00:00","LA","Barataria Bay","Grand Island Point",29.3727,-89.8929,"BRPE",0,14,,"Y","N"
3301,2013,"06/17/13 00:00:00","AL","Mississippi Sound","Terrapin Island",30.335,-88.2619,"BRPE",0,15,,"Y","N"
3311,2013,"05/24/13 00:00:00","LA","Biloxi South","Long Bay Island",29.5021,-89.5356,"BRPE",0,24,,"Y","N"
3322,2013,"06/19/13 00:00:00","LA","Biloxi North","Bayou Pintou",30.128,-89.224,"BRPE",0,49,,"Y","N"
3326,2013,"06/19/13 00:00:00","LA","Biloxi North","Isle au Pitre",30.1526,-89.1968,"BRPE",0,68,,"Y","N"
3329,2013,"05/24/13 00:00:00","LA","Biloxi North","Brush Island",30.034,-89.1863,"BRPE",0,81,,"Y","N"
3330,2013,"06/19/13 00:00:00","LA","Biloxi North","Biloxi North 5",30.0675,-89.2069,"BRPE",0,82,,"Y","N"
3333,2013,"06/18/13 00:00:00","LA","Breton-Chandeleur Islands","Freemason Island",29.789,-88.977,"BRPE",0,105,,"Y","N"
3334,2013,"06/18/13 00:00:00","LA","Breton-Chandeleur Islands","Chandeleur North A",29.969531,-88.82772199999999,"BRPE",0,114,,"Y","N"
3336,2013,"06/19/13 00:00:00","LA","Lake Borgne","Half Moon Island",30.1376,-89.43519999999999,"BRPE",0,151,,"Y","N"
3338,2013,"05/23/13 00:00:00","LA","Terrebonne Bay","Raccoon Island West",29.0596,-90.94159999999999,"BRPE",0,192,,"Y","N"
3836,2015,"06/21/15 00:00:00","LA","Biloxi South","Biloxi South 4 A",29.6618,-89.46720000000001,"BRPE",0,1,,"Y","N"
3837,2015,"05/17/15 00:00:00","LA","Biloxi North","Hell Pass Coast B",29.92847,-89.3079,"BRPE",0,1,,"Y","N"
3838,2015,"06/20/15 00:00:00","LA","Terrebonne Bay","Raccoon Island West",29.0596,-90.94159999999999,"BRPE",0,1,,"Y","N"
3902,2015,"05/18/15 00:00:00","FL","Apalachicola East","Apalachicola Bird Island",29.714977,-84.975398,"BRPE",0,2,,"Y","N"
3940,2015,"05/17/15 00:00:00","LA","Biloxi South","Biloxi South 1",29.6873,-89.4646,"BRPE",0,4,,"Y","N"
3954,2015,"06/21/15 00:00:00","LA","Biloxi North","Biloxi North 38",30.00238,-89.21496999999999,"BRPE",0,5,,"Y","N"
3955,2015,"05/17/15 00:00:00","LA","Biloxi North","Redfish Bend",29.9679,-89.2276,"BRPE",0,5,,"Y","N"
3973,2015,"05/17/15 00:00:00","LA","Biloxi North","Hell Pass Coast A",29.93259,-89.30759999999999,"BRPE",0,9,,"Y","N"
3981,2015,"05/17/15 00:00:00","LA","Biloxi North","Biloxi North 35",29.951,-89.253,"BRPE",0,10,,"Y","N"
3995,2015,"05/17/15 00:00:00","LA","Biloxi North","Biloxi North 31",29.8043,-89.28149999999999,"BRPE",0,14,,"Y","N"
3996,2015,"06/21/15 00:00:00","LA","Biloxi North","Biloxi North 4",30.0909,-89.23180000000001,"BRPE",0,14,,"Y","N"
3997,2015,"06/21/15 00:00:00","LA","Biloxi North","Mink Island",30.00568,-89.30034999999999,"BRPE",0,15,,"Y","N"
4005,2015,"06/21/15 00:00:00","LA","Biloxi North","Bayou Pintou",30.128,-89.224,"BRPE",0,18,,"Y","N"
4011,2015,"06/22/15 00:00:00","AL","Mississippi Sound","Terrapin Island",30.335,-88.2619,"BRPE",0,22,,"Y","N"
4013,2015,"06/22/15 00:00:00","FL","Apalachicola East","Flag Island South",29.6261,-85.152,"BRPE",0,23,,"Y","N"
4016,2015,"06/21/15 00:00:00","LA","Biloxi North","Biloxi North 13",30.0261,-89.2274,"BRPE",0,28,,"Y","N"
4023,2015,"05/17/15 00:00:00","LA","Breton-Chandeleur Islands","New Harbor Island 1",29.87609,-88.87682,"BRPE",0,36,,"Y","N"
4025,2015,"05/18/15 00:00:00","LA","Biloxi North","Isle au Pitre",30.1526,-89.1968,"BRPE",0,39,,"Y","N"
4027,2015,"06/21/15 00:00:00","LA","Biloxi North","Biloxi North 14",30.0038,-89.20650000000001,"BRPE",0,40,,"Y","N"
4028,2015,"05/16/15 00:00:00","LA","Terrebonne Bay","Wine Island",29.0948,-90.6108,"BRPE",0,40,,"Y","N"
4029,2015,"06/22/15 00:00:00","MS","Mississippi Sound Gulf Islands","Ship Island West",30.21127,-88.98289,"BRPE",0,41,,"Y","N"
4031,2015,"06/21/15 00:00:00","LA","Biloxi South","Biloxi South 9",29.5392,-89.53530000000001,"BRPE",0,43,,"Y","N"
4032,2015,"05/16/15 00:00:00","LA","Barataria Bay","Cat Bay South Island",29.3341,-89.8716,"BRPE",0,44,,"Y","N"
4033,2015,"05/17/15 00:00:00","LA","Biloxi North","Martin Island",29.959,-89.19840000000001,"BRPE",0,44,,"Y","N"
4035,2015,"05/18/15 00:00:00","LA","Biloxi North","Brush Island",30.034,-89.1863,"BRPE",0,45,,"Y","N"
4038,2015,"06/22/15 00:00:00","MS","Mississippi Sound Gulf Islands","Ship Island East",30.2382,-88.8867,"BRPE",0,53,,"Y","N"
4039,2015,"05/17/15 00:00:00","LA","Breton-Chandeleur Islands","Freemason Island",29.789,-88.977,"BRPE",0,56,,"Y","N"
4045,2015,"05/18/15 00:00:00","MS","Mississippi Sound Gulf Islands","Horn Island",30.23863,-88.68608999999999,"BRPE",0,66,,"Y","N"
4046,2015,"05/18/15 00:00:00","LA","Lake Borgne","Half Moon Island",30.1376,-89.43519999999999,"BRPE",0,68,,"Y","N"
4048,2015,"05/17/15 00:00:00","LA","Breton-Chandeleur Islands","New Harbor Island 2",29.8565,-88.875,"BRPE",0,73,,"Y","N"
4049,2015,"05/17/15 00:00:00","LA","Breton-Chandeleur Islands","Chandeleur South C",29.780414,-88.87419199999999,"BRPE",0,76,,"Y","N"
4056,2015,"05/17/15 00:00:00","LA","Breton-Chandeleur Islands","Chandeleur North A",29.969531,-88.82772199999999,"BRPE",0,101,,"Y","N"
4452,2018,"05/19/18 00:00:00","LA","Biloxi North","Biloxi North 26",29.8979,-89.301,"BRPE",0,1,,"Y","N"
4471,2018,"06/23/18 00:00:00","LA","Biloxi North","Biloxi North 3",30.0997,-89.283,"BRPE",0,2,,"Y","N"
4472,2018,"06/23/18 00:00:00","LA","Biloxi South","Biloxi South 1",29.6873,-89.4646,"BRPE",0,2,,"Y","N"
4473,2018,"06/23/18 00:00:00","LA","Biloxi South","Biloxi South 6",29.6569,-89.5145,"BRPE",0,2,,"Y","N"
4474,2018,"05/19/18 00:00:00","LA","Lake Borgne","Half Moon Island",30.1376,-89.43519999999999,"BRPE",0,2,,"Y","N"
4482,2018,"05/19/18 00:00:00","LA","Biloxi North","Biloxi North 16",29.9984,-89.2924,"BRPE",0,3,,"Y","N"
4491,2018,"05/19/18 00:00:00","LA","Biloxi South","Biloxi South 9",29.5392,-89.53530000000001,"BRPE",0,5,,"Y","N"
4492,2018,"06/24/18 00:00:00","LA","Birdsfoot East","Gunn Island",29.4136,-89.2957,"BRPE",0,5,,"Y","N"
4496,2018,"06/23/18 00:00:00","LA","Biloxi North","Biloxi North 5",30.0675,-89.2069,"BRPE",0,6,,"Y","N"
4499,2018,"06/23/18 00:00:00","LA","Biloxi North","Comfort Island",29.825987,-89.254186,"BRPE",0,8,,"Y","N"
4502,2018,"05/19/18 00:00:00","LA","Biloxi South","Biloxi South 4 B",29.6629,-89.4628,"BRPE",0,10,,"Y","N"
4503,2018,"06/23/18 00:00:00","LA","Biloxi North","Bayou Pintou",30.128,-89.224,"BRPE",0,12,,"Y","N"
4506,2018,"05/19/18 00:00:00","LA","Biloxi South","Biloxi South 10 D",29.52792,-89.54504,"BRPE",0,16,,"Y","N"
4507,2018,"05/19/18 00:00:00","LA","Biloxi South","Long Bay Island",29.5021,-89.5356,"BRPE",0,16,,"Y","N"
4513,2018,"06/23/18 00:00:00","LA","Biloxi North","Redfish Bend",29.9679,-89.2276,"BRPE",0,24,,"Y","N"
4520,2018,"05/19/18 00:00:00","LA","Biloxi North","Biloxi North 14",30.0038,-89.20650000000001,"BRPE",0,31,,"Y","N"
4521,2018,"06/24/18 00:00:00","LA","Breton-Chandeleur Islands","New Harbor Island 2",29.8565,-88.875,"BRPE",0,32,,"Y","N"
4527,2018,"05/21/18 00:00:00","LA","Terrebonne Bay","East Island",29.07041,-90.65692,"BRPE",0,45,,"Y","N"
4536,2018,"05/19/18 00:00:00","LA","Biloxi North","Martin Island",29.959,-89.19840000000001,"BRPE",0,100,,"Y","N"
4541,2018,"06/24/18 00:00:00","LA","Breton-Chandeleur Islands","New Harbor Island 1",29.87609,-88.87682,"BRPE",0,529,,"Y","N"
5591,2021,"06/17/21 00:00:00","LA","Biloxi South","Biloxi South 10 B",29.5289,-89.55068,"BRPE",0,1,,"Y","N"
5592,2021,"06/16/21 00:00:00","MS","Mississippi Sound","Broad",30.35802,-89.11138,"BRPE",0,1,,"Y","N"
5593,2021,"05/17/21 00:00:00","TX","Corpus Christi-Aransas Bay","Pelican Island Spoil B",27.81882,-97.14743,"BRPE",0,1,,"Y","N"
5691,2021,"06/16/21 00:00:00","LA","Biloxi North","Biloxi North 13",30.0261,-89.2274,"BRPE",0,2,,"Y","N"
5692,2021,"06/17/21 00:00:00","LA","Biloxi North","Biloxi North 18",29.992825,-89.249568,"BRPE",0,2,,"Y","N"
5693,2021,"06/20/21 00:00:00","TX","Upper Laguna Madre","Naval Air Station Islands O",27.663374,-97.254623,"BRPE",0,2,,"Y","N"
5694,2021,"05/25/21 00:00:00","FL","Apalachee Bay","Pepperfish Key",29.501954,-83.395151,"BRPE",0,2,,"Y","N"
5695,2021,"05/25/21 00:00:00","FL","Apalachee Bay","Rock Island",29.97151,-83.82935999999999,"BRPE",0,2,,"Y","N"
5696,2021,"06/20/21 00:00:00","TX","Corpus Christi-Aransas Bay","West Nueces Bay 51W P",27.85798,-97.49055,"BRPE",0,2,,"Y","N"
5737,2021,"05/17/21 00:00:00","TX","Lower Laguna Madre","Green Hill Spoils B",26.48998,-97.38688999999999,"BRPE",0,3,,"Y","N"
5768,2021,"06/17/21 00:00:00","LA","Biloxi North","Biloxi North 16",29.9984,-89.2924,"BRPE",0,4,,"Y","N"
5769,2021,"05/17/21 00:00:00","TX","Lower Laguna Madre","Green Island Spoils C",26.412323,-97.320581,"BRPE",0,4,,"Y","N"
5770,2021,"05/17/21 00:00:00","TX","Lower Laguna Madre","Green Island Spoils G",26.412964,-97.30841100000001,"BRPE",0,4,,"Y","N"
5785,2021,"05/17/21 00:00:00","TX","Lower Laguna Madre","Green Island Spoils A",26.412032,-97.326928,"BRPE",0,5,,"Y","N"
5786,2021,"05/17/21 00:00:00","TX","Lower Laguna Madre","Green Island Spoils E",26.412498,-97.3147,"BRPE",0,5,,"Y","N"
5787,2021,"06/17/21 00:00:00","LA","Biloxi North","Hell Pass Coast C",29.92569,-89.31116,"BRPE",0,5,,"Y","N"
5796,2021,"06/18/21 00:00:00","TX","Galveston","Rollover Bay B",29.5172,-94.50409999999999,"BRPE",0,6,,"Y","N"
5802,2021,"05/17/21 00:00:00","TX","Lower Laguna Madre","Bahia Grande C Central",26.038968,-97.28825500000001,"BRPE",0,7,,"Y","N"
5812,2021,"05/17/21 00:00:00","TX","Corpus Christi-Aransas Bay","Second Chain of Islands G",28.192882,-96.81453399999999,"BRPE",0,8,,"Y","N"
5817,2021,"05/17/21 00:00:00","TX","Lower Laguna Madre","Green Hill Spoils A",26.49391,-97.388755,"BRPE",0,9,,"Y","N"
5818,2021,"06/17/21 00:00:00","LA","Biloxi North","Mink Island",30.00568,-89.30034999999999,"BRPE",0,9,,"Y","N"
5819,2021,"05/17/21 00:00:00","TX","Upper Laguna Madre","Tern Island",27.65791,-97.25123000000001,"BRPE",0,9,,"Y","N"
5832,2021,"06/17/21 00:00:00","LA","Birdsfoot East","Gunn Island",29.4136,-89.2957,"BRPE",0,11,,"Y","N"
5845,2021,"06/16/21 00:00:00","LA","Biloxi North","Biloxi North 3",30.0997,-89.283,"BRPE",0,15,,"Y","N"
5852,2021,"06/17/21 00:00:00","LA","Biloxi South","Biloxi South 6",29.6569,-89.5145,"BRPE",0,17,,"Y","N"
5865,2021,"05/17/21 00:00:00","TX","Lower Laguna Madre","Green Island Spoils L",26.413197,-97.296649,"BRPE",0,22,,"Y","N"
5866,2021,"06/20/21 00:00:00","TX","Upper Laguna Madre","Pita Island",27.60181,-97.2876,"BRPE",0,23,,"Y","N"
5873,2021,"05/17/21 00:00:00","TX","Lower Laguna Madre","Bahia Grande C East",26.04147,-97.28154000000001,"BRPE",0,32,,"Y","N"
5884,2021,"06/16/21 00:00:00","LA","Biloxi North","Biloxi North 14",30.0038,-89.20650000000001,"BRPE",0,40,,"Y","N"
5888,2021,"05/23/21 00:00:00","LA","Biloxi North","Martin Island",29.959,-89.19840000000001,"BRPE",0,45,,"Y","N"
5889,2021,"05/17/21 00:00:00","TX","Lower Laguna Madre","East Flats Spoil",26.72269,-97.42762,"BRPE",0,47,,"Y","N"
5893,2021,"06/17/21 00:00:00","LA","Biloxi North","Biloxi North 27",29.8807,-89.2497,"BRPE",0,55,,"Y","N"
5894,2021,"06/17/21 00:00:00","LA","Biloxi South","Biloxi South 5 A",29.6523,-89.464,"BRPE",0,55,,"Y","N"
5897,2021,"06/14/21 00:00:00","FL","Apalachicola West","Crooked Island South",29.99427,-85.52838,"BRPE",0,56,,"Y","N"
5899,2021,"06/20/21 00:00:00","TX","Upper Laguna Madre","White Pelican Island",27.39097,-97.36359,"BRPE",0,63,,"Y","N"
5900,2021,"05/17/21 00:00:00","TX","Galveston","Bay Harbor Island",29.13251,-95.07424,"BRPE",0,67,,"Y","N"
5902,2021,"05/17/21 00:00:00","TX","Upper Laguna Madre","Rabit Island Laguna Madre",27.24658,-97.41421,"BRPE",0,75,,"Y","N"
5903,2021,"06/20/21 00:00:00","TX","Corpus Christi-Aransas Bay","Nueces Causeway",27.84176,-97.37604,"BRPE",0,85,,"Y","N"
5906,2021,"05/17/21 00:00:00","TX","Corpus Christi-Aransas Bay","Second Chain of Islands J",28.1857,-96.8137,"BRPE",0,115,,"Y","N"
5909,2021,"05/24/21 00:00:00","MS","Mississippi Sound Gulf Islands","Horn Island",30.23863,-88.68608999999999,"BRPE",0,123,,"Y","N"
5910,2021,"06/16/21 00:00:00","LA","Breton-Chandeleur Islands","New Harbor Island 2",29.8565,-88.875,"BRPE",0,124,,"Y","N"
5913,2021,"05/25/21 00:00:00","FL","Apalachicola East","Apalachicola Bird Island",29.714977,-84.975398,"BRPE",0,149,,"Y","N"
5914,2021,"06/15/21 00:00:00","AL","Mississippi Sound","Cat Island",30.3207,-88.2099,"BRPE",0,150,,"Y","N"
5918,2021,"06/15/21 00:00:00","AL","Mississippi Sound","Isle Aux Herbes",30.345969,-88.259531,"BRPE",0,207,,"Y","N"
5919,2021,"06/14/21 00:00:00","FL","Apalachicola East","Flag Island South",29.6261,-85.152,"BRPE",0,216,,"Y","N"
5924,2021,"06/16/21 00:00:00","LA","Biloxi North","Bayou Pintou",30.128,-89.224,"BRPE",0,329,,"Y","N"
5925,2021,"06/15/21 00:00:00","AL","Mississippi Sound","Terrapin Island",30.335,-88.2619,"BRPE",0,347,,"Y","N"
5926,2021,"06/17/21 00:00:00","LA","Biloxi North","Turtle Pen Isle",29.938,-89.242,"BRPE",0,436,,"Y","N"
5928,2021,"06/17/21 00:00:00","LA","Biloxi North","Redfish Bend",29.9679,-89.2276,"BRPE",0,888,,"Y","N"
5697,2021,"05/17/21 00:00:00","TX","Lower Laguna Madre","Bahia Grande C East",26.04147,-97.28154000000001,"BWTE",0,2,,"Y","N"
999,2010,"05/07/10 00:00:00","LA","Biloxi North","Biloxi North 16",29.9984,-89.2924,"CAEG",0,1,,"Y","N"
1000,2010,"05/07/10 00:00:00","LA","Biloxi North","Biloxi North 34",29.7439,-89.4532,"CAEG",0,1,,"Y","N"
1001,2010,"06/14/10 00:00:00","LA","Barataria Bay","Cat Bay Island",29.3474,-89.8672,"CAEG",0,1,,"Y","N"
1100,2010,"05/07/10 00:00:00","LA","Biloxi North","Biloxi North 30 B",29.8166,-89.3095,"CAEG",0,2,,"Y","N"
1101,2010,"06/13/10 00:00:00","AL","Mobile Bay Interior","Gaillard Island",30.5063,-88.03619999999999,"CAEG",0,2,,"Y","N"
1268,2010,"06/12/10 00:00:00","FL","Apalachicola East","Saint George Island",29.6952,-84.7769,"CAEG",0,9,,"Y","N"
1977,2011,"05/19/11 00:00:00","LA","Breton-Chandeleur Islands","New Harbor Island 2",29.8565,-88.875,"CAEG",0,1,,"Y","N"
2026,2011,"05/18/11 00:00:00","LA","Barataria Bay","Cat Bay South Island",29.3341,-89.8716,"CAEG",0,2,,"Y","N"
2027,2011,"05/17/11 00:00:00","LA","Barataria Bay","Queen Bess Island",29.3043,-89.9592,"CAEG",0,2,,"Y","N"
2048,2011,"06/14/11 00:00:00","LA","Biloxi North","Biloxi North 35",29.951,-89.253,"CAEG",0,3,,"Y","N"
2049,2011,"05/18/11 00:00:00","LA","Biloxi South","Biloxi South 3",29.7017,-89.5487,"CAEG",0,3,,"Y","N"
2582,2012,"05/28/12 00:00:00","LA","Biloxi North","Biloxi North 10 E",30.0502,-89.3117,"CAEG",0,2,,"Y","N"
2583,2012,"05/27/12 00:00:00","LA","Barataria Bay","Cat Bay South Island",29.3341,-89.8716,"CAEG",0,2,,"Y","N"
2584,2012,"05/27/12 00:00:00","LA","Terrebonne Bay","Felicity Island",29.2558,-90.44,"CAEG",0,2,,"Y","N"
3839,2015,"05/17/15 00:00:00","LA","Biloxi South","Belle Isle",29.5758,-89.5727,"CAEG",0,1,,"Y","N"
3840,2015,"05/17/15 00:00:00","LA","Breton-Chandeleur Islands","Chandeleur South C",29.780414,-88.87419199999999,"CAEG",0,1,,"Y","N"
3841,2015,"05/17/15 00:00:00","LA","Biloxi South","Long Bay Island",29.5021,-89.5356,"CAEG",0,1,,"Y","N"
3903,2015,"05/18/15 00:00:00","LA","Lake Borgne","Half Moon Island",30.1376,-89.43519999999999,"CAEG",0,2,,"Y","N"
3926,2015,"05/17/15 00:00:00","LA","Breton-Chandeleur Islands","Chandeleur North A",29.969531,-88.82772199999999,"CAEG",0,3,,"Y","N"
3956,2015,"05/17/15 00:00:00","LA","Biloxi North","Little Mud Grass Island Northeast",29.9628,-89.3156,"CAEG",0,5,,"Y","N"
3963,2015,"05/18/15 00:00:00","FL","Apalachicola East","Lanark Reef West",29.871013,-84.590857,"CAEG",0,6,,"Y","N"
3964,2015,"05/16/15 00:00:00","LA","Barataria Bay","Queen Bess Island",29.3043,-89.9592,"CAEG",0,6,,"Y","N"
4024,2015,"05/16/15 00:00:00","LA","Terrebonne Bay","Raccoon Island",29.0505,-90.92659999999999,"CAEG",0,36,,"Y","N"
5594,2021,"05/17/21 00:00:00","TX","Lower Laguna Madre","Arroyo Colorado Spoils B1",26.329042,-97.31473099999999,"CAEG",0,1,,"Y","N"
5595,2021,"06/16/21 00:00:00","LA","Breton-Chandeleur Islands","Breton Island",29.4955,-89.1742,"CAEG",0,1,,"Y","N"
5596,2021,"06/20/21 00:00:00","TX","Upper Laguna Madre","Naval Air Station Islands E",27.671973,-97.24975499999999,"CAEG",0,1,,"Y","N"
5597,2021,"06/20/21 00:00:00","TX","Upper Laguna Madre","Naval Air Station Islands H",27.664078,-97.248767,"CAEG",0,1,,"Y","N"
5598,2021,"05/17/21 00:00:00","TX","Upper Laguna Madre","White Pelican Island",27.39097,-97.36359,"CAEG",0,1,,"Y","N"
5698,2021,"06/20/21 00:00:00","TX","Galveston","West Bay Mooring Facility",29.17285,-95.10677,"CAEG",0,2,,"Y","N"
5738,2021,"05/25/21 00:00:00","FL","Apalachee Bay","Pepperfish Key",29.501954,-83.395151,"CAEG",0,3,,"Y","N"
1295,2010,"06/13/10 00:00:00","AL","Mobile Bay Interior","Gaillard Island",30.5063,-88.03619999999999,"CANG",0,14,,"Y","N"
2105,2011,"05/20/11 00:00:00","AL","Mobile Bay Interior","Gaillard Island",30.5063,-88.03619999999999,"CANG",0,33,,"Y","N"
2637,2012,"05/30/12 00:00:00","AL","Mobile Bay Interior","Gaillard Island",30.5063,-88.03619999999999,"CANG",0,11,,"Y","N"
3296,2013,"05/25/13 00:00:00","AL","Mobile Bay Interior","Gaillard Island",30.5063,-88.03619999999999,"CANG",0,11,,"Y","N"
3842,2015,"06/21/15 00:00:00","LA","Biloxi North","Mink Island",30.00568,-89.30034999999999,"CANG",0,1,,"Y","N"
4037,2015,"05/18/15 00:00:00","AL","Mobile Bay Interior","Gaillard Island",30.5063,-88.03619999999999,"CANG",0,51,,"Y","N"
1102,2010,"05/07/10 00:00:00","LA","Biloxi North","Little Mud Grass Island Northeast",29.9628,-89.3156,"CARO",0,2,,"Y","N"
1473,2010,"05/17/10 00:00:00","LA","Sabine-Calcasieu","Louisiana West 4",29.6407,-92.7851,"CARO",0,238,,"Y","N"
1978,2011,"06/14/11 00:00:00","LA","Biloxi North","Biloxi North 30 A",29.8191,-89.31010000000001,"CARO",0,1,,"Y","N"
2684,2012,"06/19/12 00:00:00","LA","Birdsfoot East","Birdsfoot East 3",29.3725,-89.29989999999999,"CARO",0,189,,"Y","N"
3245,2013,"06/19/13 00:00:00","LA","Birdsfoot West","Birdsfoot West 4",29.179677,-89.29314599999999,"CARO",0,2,,"Y","N"
3280,2013,"06/19/13 00:00:00","LA","Vermilion Bay","Bayou Platte Island South",29.6069,-91.8913,"CARO",0,5,,"Y","N"
1002,2010,"05/08/10 00:00:00","LA","Barataria Bay","Barataria Bay 9",29.1376,-90.1323,"CATE",0,1,,"Y","N"
1003,2010,"06/23/10 00:00:00","TX","Corpus Christi-Aransas Bay","Second Chain of Islands B",28.19825,-96.81665,"CATE",0,1,,"Y","N"
1103,2010,"06/25/10 00:00:00","TX","Galveston","North Deer Island",29.28519,-94.92462,"CATE",0,2,,"Y","N"
1163,2010,"05/08/10 00:00:00","LA","Barataria Bay","Barataria Bay 10",29.1181,-90.16500000000001,"CATE",0,3,,"Y","N"
1164,2010,"05/18/10 00:00:00","MS","Mississippi Sound","Old Round Island",30.29523,-88.58663,"CATE",0,3,,"Y","N"
1191,2010,"06/23/10 00:00:00","TX","Corpus Christi-Aransas Bay","Second Chain of Islands I",28.1888,-96.81523,"CATE",0,4,,"Y","N"
1213,2010,"06/12/10 00:00:00","FL","Apalachicola East","Apalachicola Bird Island",29.714977,-84.975398,"CATE",0,5,,"Y","N"
1240,2010,"05/18/10 00:00:00","LA","Biloxi North","Biloxi North 5",30.0675,-89.2069,"CATE",0,7,,"Y","N"
1404,2010,"05/17/10 00:00:00","LA","Sabine-Calcasieu","Louisiana West 5",29.6755,-92.8694,"CATE",0,53,,"Y","N"
1434,2010,"05/17/10 00:00:00","LA","Sabine-Calcasieu","Louisiana West 3",29.6137,-92.7139,"CATE",0,99,,"Y","N"
1440,2010,"05/17/10 00:00:00","LA","Sabine-Calcasieu","Louisiana West 2",29.5967,-92.6617,"CATE",0,108,,"Y","N"
1486,2010,"05/17/10 00:00:00","LA","Sabine-Calcasieu","Louisiana West 1",29.5776,-92.56780000000001,"CATE",0,369,,"Y","N"
1979,2011,"06/17/11 00:00:00","LA","Biloxi South","Long Bay Island",29.5021,-89.5356,"CATE",0,1,,"Y","N"
2028,2011,"05/18/11 00:00:00","LA","Barataria Bay","Cat Bay North Island",29.3656,-89.8646,"CATE",0,2,,"Y","N"
2062,2011,"06/14/11 00:00:00","LA","Biloxi North","Biloxi North 30 B",29.8166,-89.3095,"CATE",0,4,,"Y","N"
2550,2012,"05/29/12 00:00:00","LA","Breton-Chandeleur Islands","Chandeleur North A",29.969531,-88.82772199999999,"CATE",0,1,,"Y","N"
2585,2012,"06/19/12 00:00:00","LA","Lake Borgne","Half Moon Island",30.1376,-89.43519999999999,"CATE",0,2,,"Y","N"
2586,2012,"05/29/12 00:00:00","AL","Mississippi Sound","Terrapin Island",30.335,-88.2619,"CATE",0,2,,"Y","N"
2606,2012,"05/27/12 00:00:00","LA","Barataria Bay","Cat Bay South Island",29.3341,-89.8716,"CATE",0,3,,"Y","N"
2642,2012,"05/28/12 00:00:00","LA","Biloxi South","Long Bay Island",29.5021,-89.5356,"CATE",0,15,,"Y","N"
2650,2012,"05/28/12 00:00:00","LA","Biloxi South","Biloxi South 4 A",29.6618,-89.46720000000001,"CATE",0,25,,"Y","N"
3199,2013,"06/19/13 00:00:00","LA","Biloxi North","Biloxi North 5",30.0675,-89.2069,"CATE",0,1,,"Y","N"
3200,2013,"06/18/13 00:00:00","LA","Breton-Chandeleur Islands","Chandeleur North F",29.881806,-88.828345,"CATE",0,1,,"Y","N"
3246,2013,"05/23/13 00:00:00","LA","Barataria Bay","Cat Bay North Island",29.3656,-89.8646,"CATE",0,2,,"Y","N"
3247,2013,"05/24/13 00:00:00","AL","Mississippi Sound","Cat Island",30.3207,-88.2099,"CATE",0,2,,"Y","N"
3319,2013,"05/24/13 00:00:00","LA","Biloxi North","Door Point Lagoon 2",30.06117,-89.18415,"CATE",0,41,,"Y","N"
3843,2015,"05/18/15 00:00:00","FL","Apalachicola East","Apalachicola Bird Island",29.714977,-84.975398,"CATE",0,1,,"Y","N"
3844,2015,"05/18/15 00:00:00","LA","Biloxi North","Biloxi North 3",30.0997,-89.283,"CATE",0,1,,"Y","N"
3845,2015,"06/21/15 00:00:00","LA","Biloxi North","Door Point Lagoon 1",30.0637,-89.19280000000001,"CATE",0,1,,"Y","N"
3846,2015,"05/18/15 00:00:00","LA","Biloxi North","Door Point Lagoon 2",30.06117,-89.18415,"CATE",0,1,,"Y","N"
3847,2015,"05/17/15 00:00:00","LA","Biloxi North","Redfish Bend",29.9679,-89.2276,"CATE",0,1,,"Y","N"
3904,2015,"06/21/15 00:00:00","LA","Biloxi North","Biloxi North 14",30.0038,-89.20650000000001,"CATE",0,2,,"Y","N"
3905,2015,"06/21/15 00:00:00","LA","Biloxi North","Biloxi North 27",29.8807,-89.2497,"CATE",0,2,,"Y","N"
3906,2015,"06/21/15 00:00:00","LA","Biloxi North","Mink Island",30.00568,-89.30034999999999,"CATE",0,2,,"Y","N"
3907,2015,"06/20/15 00:00:00","LA","Terrebonne Bay","Terrebonne Bay 1",29.21025,-90.57022000000001,"CATE",0,2,,"Y","N"
3927,2015,"05/17/15 00:00:00","LA","Biloxi North","Biloxi North 31",29.8043,-89.28149999999999,"CATE",0,3,,"Y","N"
3928,2015,"05/16/15 00:00:00","LA","Birdsfoot West","Scofield Island",29.241339,-89.54569100000001,"CATE",0,3,,"Y","N"
3941,2015,"05/16/15 00:00:00","LA","Terrebonne Bay","Felicity Island",29.2558,-90.44,"CATE",0,4,,"Y","N"
3987,2015,"05/18/15 00:00:00","LA","Biloxi North","Isle au Pitre",30.1526,-89.1968,"CATE",0,12,,"Y","N"
3992,2015,"05/17/15 00:00:00","LA","Birdsfoot East","Birdsfoot East 3",29.3725,-89.29989999999999,"CATE",0,13,,"Y","N"
4002,2015,"06/21/15 00:00:00","LA","Biloxi North","Biloxi North 13",30.0261,-89.2274,"CATE",0,17,,"Y","N"
4453,2018,"06/23/18 00:00:00","LA","Biloxi North","Biloxi North 3",30.0997,-89.283,"CATE",0,1,,"Y","N"
4518,2018,"05/19/18 00:00:00","LA","Biloxi South","Biloxi South 5 A",29.6523,-89.464,"CATE",0,30,,"Y","N"
5599,2021,"06/20/21 00:00:00","TX","Lower Laguna Madre","Green Hill Spoils B",26.48998,-97.38688999999999,"CATE",0,1,,"Y","N"
5699,2021,"05/17/21 00:00:00","TX","Corpus Christi-Aransas Bay","Second Chain of Islands D",28.194354,-96.814465,"CATE",0,2,,"Y","N"
5739,2021,"06/16/21 00:00:00","LA","Breton-Chandeleur Islands","Breton Island",29.4955,-89.1742,"CATE",0,3,,"Y","N"
5833,2021,"05/23/21 00:00:00","LA","Biloxi North","Biloxi North 3",30.0997,-89.283,"CATE",0,11,,"Y","N"
5842,2021,"06/15/21 00:00:00","AL","Mississippi Sound","Isle Aux Herbes",30.345969,-88.259531,"CATE",0,13,,"Y","N"
5885,2021,"05/25/21 00:00:00","FL","Apalachicola East","Apalachicola Bird Island",29.714977,-84.975398,"CATE",0,40,,"Y","N"
1004,2010,"06/13/10 00:00:00","AL","Mobile Bay Interior","Gaillard Island",30.5063,-88.03619999999999,"COGA",0,1,,"Y","N"
1005,2010,"05/17/10 00:00:00","LA","Sabine-Calcasieu","Rabbit Island",29.8494,-93.383,"COGA",0,1,,"Y","N"
5700,2021,"05/18/21 00:00:00","TX","Salt Bayou","High Island",29.57351,-94.38930000000001,"COGA",0,2,,"Y","N"
1006,2010,"05/18/10 00:00:00","LA","Lake Borgne","Half Moon Island",30.1376,-89.43519999999999,"COTE",0,1,,"Y","N"
2628,2012,"05/27/12 00:00:00","LA","Terrebonne Bay","Raccoon Island",29.0505,-90.92659999999999,"COTE",0,7,,"Y","N"
3974,2015,"06/22/15 00:00:00","MS","Mississippi Sound Gulf Islands","Ship Island East",30.2382,-88.8867,"COTE",0,9,,"Y","N"
1104,2010,"06/24/10 00:00:00","TX","Galveston","Cedar Lakes 4",28.8442,-95.488,"CRCA",0,2,,"Y","N"
5600,2021,"06/20/21 00:00:00","TX","Lower Laguna Madre","Bahia Grande C West",26.034567,-97.304354,"CRCA",0,1,,"Y","N"
1259,2010,"06/11/10 00:00:00","FL","Tampa Bay","Sunken Island",27.8469,-82.41500000000001,"DAIB",0,8,,"Y","N"
1980,2011,"06/17/11 00:00:00","LA","Biloxi South","Biloxi South 10 D",29.52792,-89.54504,"DAIB",0,1,,"Y","N"
1981,2011,"06/17/11 00:00:00","LA","Biloxi South","Long Bay Island",29.5021,-89.5356,"DAIB",0,1,,"Y","N"
2551,2012,"05/28/12 00:00:00","LA","Biloxi North","Biloxi North 10 E",30.0502,-89.3117,"DAIB",0,1,,"Y","N"
2552,2012,"05/28/12 00:00:00","LA","Biloxi South","Long Bay Island",29.5021,-89.5356,"DAIB",0,1,,"Y","N"
3908,2015,"05/16/15 00:00:00","LA","Terrebonne Bay","Houma Navigation Canal Island",29.19515,-90.61565,"DAIB",0,2,,"Y","N"
1007,2010,"05/07/10 00:00:00","LA","Biloxi North","Biloxi North 32",29.7637,-89.2869,"DCCO",0,1,,"Y","N"
1008,2010,"06/10/10 00:00:00","FL","Charlotte Harbor","East Long Key Islet",26.3885,-81.8592,"DCCO",0,1,,"Y","N"
1009,2010,"05/07/10 00:00:00","LA","Biloxi North","Hell Pass Coast D",29.9229,-89.31514,"DCCO",0,1,,"Y","N"
1010,2010,"05/18/10 00:00:00","LA","Biloxi North","Martin Island",29.959,-89.19840000000001,"DCCO",0,1,,"Y","N"
1011,2010,"05/18/10 00:00:00","LA","Biloxi North","West Karako Bay Islet",30.0049,-89.23090000000001,"DCCO",0,1,,"Y","N"
1105,2010,"05/18/10 00:00:00","LA","Biloxi North","Biloxi North 5",30.0675,-89.2069,"DCCO",0,2,,"Y","N"
1260,2010,"06/11/10 00:00:00","FL","Tampa Bay","Clearwater Harbor Wreck",27.9707,-82.8038,"DCCO",0,8,,"Y","N"
1261,2010,"06/11/10 00:00:00","FL","Tampa Bay","Hillsborough Channel Spoil Island",27.8246,-82.43429999999999,"DCCO",0,8,,"Y","N"
1262,2010,"06/08/10 00:00:00","FL","Florida Keys","Marquesas Keys",24.57,-82.13,"DCCO",0,8,,"Y","N"
1325,2010,"05/18/10 00:00:00","AL","Mississippi Sound","Cat Island",30.3207,-88.2099,"DCCO",0,19,,"Y","N"
1419,2010,"06/10/10 00:00:00","FL","Charlotte Harbor","Gasparilla Sound Spoil Island",26.7904,-82.2462,"DCCO",0,66,,"Y","N"
2587,2012,"05/27/12 00:00:00","LA","Terrebonne Bay","Raccoon Island",29.0505,-90.92659999999999,"DCCO",0,2,,"Y","N"
3848,2015,"05/17/15 00:00:00","LA","Biloxi South","Belle Isle",29.5758,-89.5727,"DCCO",0,1,,"Y","N"
3849,2015,"05/17/15 00:00:00","LA","Biloxi North","Hell Pass Coast A",29.93259,-89.30759999999999,"DCCO",0,1,,"Y","N"
3942,2015,"05/17/15 00:00:00","LA","Biloxi North","Biloxi North 31",29.8043,-89.28149999999999,"DCCO",0,4,,"Y","N"
3943,2015,"05/17/15 00:00:00","LA","Biloxi North","Redfish Bend",29.9679,-89.2276,"DCCO",0,4,,"Y","N"
5601,2021,"05/17/21 00:00:00","TX","Lower Laguna Madre","Bahia Grande C East",26.04147,-97.28154000000001,"DCCO",0,1,,"Y","N"
5602,2021,"06/17/21 00:00:00","LA","Biloxi South","Biloxi South 10 D",29.52792,-89.54504,"DCCO",0,1,,"Y","N"
5603,2021,"06/17/21 00:00:00","LA","Biloxi North","Hell Pass Coast C",29.92569,-89.31116,"DCCO",0,1,,"Y","N"
5604,2021,"05/17/21 00:00:00","TX","Upper Laguna Madre","Pita Island",27.60181,-97.2876,"DCCO",0,1,,"Y","N"
5605,2021,"06/17/21 00:00:00","LA","Biloxi North","Redfish Bend",29.9679,-89.2276,"DCCO",0,1,,"Y","N"
5606,2021,"06/14/21 00:00:00","FL","Apalachicola East","Saint George Causeway",29.694945,-84.88297900000001,"DCCO",0,1,,"Y","N"
5701,2021,"05/23/21 00:00:00","LA","Biloxi North","Biloxi North 27",29.8807,-89.2497,"DCCO",0,2,,"Y","N"
5702,2021,"05/23/21 00:00:00","LA","Biloxi North","Biloxi North 5",30.0675,-89.2069,"DCCO",0,2,,"Y","N"
5703,2021,"06/20/21 00:00:00","TX","Galveston","Mustang Bayou Island",29.167164,-95.129808,"DCCO",0,2,,"Y","N"
5704,2021,"05/17/21 00:00:00","TX","Upper Laguna Madre","Rabit Island Laguna Madre",27.24658,-97.41421,"DCCO",0,2,,"Y","N"
5740,2021,"06/20/21 00:00:00","TX","Lower Laguna Madre","Bahia Grande C Central",26.038968,-97.28825500000001,"DCCO",0,3,,"Y","N"
5741,2021,"05/17/21 00:00:00","TX","Lower Laguna Madre","Green Island Spoils A",26.412032,-97.326928,"DCCO",0,3,,"Y","N"
5742,2021,"05/17/21 00:00:00","TX","Corpus Christi-Aransas Bay","Shamrock Island",27.75883,-97.16936,"DCCO",0,3,,"Y","N"
5771,2021,"05/24/21 00:00:00","AL","Mobile Bay Interior","Gaillard Island",30.5063,-88.03619999999999,"DCCO",0,4,,"Y","N"
5834,2021,"05/23/21 00:00:00","LA","Biloxi North","Brush Island",30.034,-89.1863,"DCCO",0,11,,"Y","N"
5859,2021,"05/23/21 00:00:00","LA","Biloxi North","Martin Island",29.959,-89.19840000000001,"DCCO",0,20,,"Y","N"
5891,2021,"06/20/21 00:00:00","TX","Lower Laguna Madre","Bahia Grande C West",26.034567,-97.304354,"DCCO",0,50,,"Y","N"
5920,2021,"05/25/21 00:00:00","FL","Apalachee Bay","Pepperfish Key",29.501954,-83.395151,"DCCO",0,226,,"Y","N"
4483,2018,"05/21/18 00:00:00","LA","Sabine-Calcasieu","Rabbit Island",29.8494,-93.383,"DUCK",0,3,,"Y","N"
5607,2021,"06/15/21 00:00:00","MS","Mississippi Sound","New Round Island",30.30669,-88.59744000000001,"FICR",0,1,,"Y","N"
1012,2010,"05/08/10 00:00:00","LA","Barataria Bay","Barataria Bay 10",29.1181,-90.16500000000001,"FOCO",0,1,,"Y","N"
1106,2010,"05/18/10 00:00:00","LA","Biloxi North","Biloxi North 5",30.0675,-89.2069,"FOCO",0,2,,"Y","N"
1165,2010,"05/17/10 00:00:00","LA","Sabine-Calcasieu","Louisiana West 5",29.6755,-92.8694,"FOCO",0,3,,"Y","N"
1166,2010,"05/18/10 00:00:00","MS","Mississippi Sound","Mississippi Coast 2",30.3524,-88.5882,"FOCO",0,3,,"Y","N"
1283,2010,"05/18/10 00:00:00","MS","Mississippi Sound","Old Round Island",30.29523,-88.58663,"FOCO",0,11,,"Y","N"
1386,2010,"05/17/10 00:00:00","LA","Sabine-Calcasieu","Louisiana West 4",29.6407,-92.7851,"FOCO",0,42,,"Y","N"
1402,2010,"05/18/10 00:00:00","AL","Mississippi Sound","Cat Island",30.3207,-88.2099,"FOCO",0,51,,"Y","N"
1107,2010,"05/18/10 00:00:00","LA","Biloxi North","Biloxi North 5",30.0675,-89.2069,"FOTE",0,2,,"Y","N"
1108,2010,"05/07/10 00:00:00","LA","Biloxi North","Hell Pass Coast D",29.9229,-89.31514,"FOTE",0,2,,"Y","N"
1192,2010,"05/17/10 00:00:00","LA","Sabine-Calcasieu","Louisiana West 2",29.5967,-92.6617,"FOTE",0,4,,"Y","N"
1241,2010,"05/07/10 00:00:00","LA","Biloxi North","Biloxi North 18",29.992825,-89.249568,"FOTE",0,7,,"Y","N"
1269,2010,"05/17/10 00:00:00","LA","Sabine-Calcasieu","Louisiana West 4",29.6407,-92.7851,"FOTE",0,9,,"Y","N"
1326,2010,"05/07/10 00:00:00","LA","Biloxi North","Little Mud Grass Island Northeast",29.9628,-89.3156,"FOTE",0,19,,"Y","N"
1330,2010,"05/17/10 00:00:00","LA","Sabine-Calcasieu","Louisiana West 3",29.6137,-92.7139,"FOTE",0,20,,"Y","N"
1348,2010,"05/17/10 00:00:00","LA","Sabine-Calcasieu","Louisiana West 1",29.5776,-92.56780000000001,"FOTE",0,23,,"Y","N"
1396,2010,"05/07/10 00:00:00","LA","Biloxi North","Dry Bread Island",29.8426,-89.3064,"FOTE",0,47,,"Y","N"
1403,2010,"05/07/10 00:00:00","LA","Biloxi North","Biloxi North 17",29.9751,-89.2762,"FOTE",0,51,,"Y","N"
1412,2010,"05/07/10 00:00:00","LA","Biloxi North","Biloxi North 34",29.7439,-89.4532,"FOTE",0,60,,"Y","N"
1417,2010,"05/08/10 00:00:00","LA","Biloxi South","Biloxi South 1",29.6873,-89.4646,"FOTE",0,64,,"Y","N"
2050,2011,"05/17/11 00:00:00","LA","Barataria Bay","Queen Bess Island",29.3043,-89.9592,"FOTE",0,3,,"Y","N"
2638,2012,"05/27/12 00:00:00","LA","Barataria Bay","Grand Island Point",29.3727,-89.8929,"FOTE",0,11,,"Y","N"
3201,2013,"06/19/13 00:00:00","LA","Biloxi North","Biloxi North 10 B",30.0516,-89.31829999999999,"FOTE",0,1,,"Y","N"
3248,2013,"06/19/13 00:00:00","LA","Biloxi North","Biloxi North 10 D",30.0476,-89.31829999999999,"FOTE",0,2,,"Y","N"
3270,2013,"05/24/13 00:00:00","LA","Biloxi South","Biloxi South 9",29.5392,-89.53530000000001,"FOTE",0,4,,"Y","N"
3957,2015,"06/21/15 00:00:00","LA","Biloxi South","Biloxi South 4 A",29.6618,-89.46720000000001,"FOTE",0,5,,"Y","N"
4454,2018,"05/19/18 00:00:00","LA","Biloxi North","Biloxi North 4",30.0909,-89.23180000000001,"FOTE",0,1,,"Y","N"
4484,2018,"05/19/18 00:00:00","LA","Biloxi South","Biloxi South 10 C",29.53327,-89.55606,"FOTE",0,3,,"Y","N"
5705,2021,"06/17/21 00:00:00","LA","Biloxi South","Belle Isle",29.5758,-89.5727,"FOTE",0,2,,"Y","N"
5743,2021,"05/23/21 00:00:00","LA","Biloxi North","Biloxi North 5",30.0675,-89.2069,"FOTE",0,3,,"Y","N"
5813,2021,"05/17/21 00:00:00","TX","Lower Laguna Madre","Green Island Spoils G",26.412964,-97.30841100000001,"FOTE",0,8,,"Y","N"
5862,2021,"06/16/21 00:00:00","LA","Lake Borgne","Half Moon Island",30.1376,-89.43519999999999,"FOTE",0,21,,"Y","N"
1013,2010,"06/23/10 00:00:00","TX","Corpus Christi-Aransas Bay","Salt Lake G",28.07,-97.093,"FUWD",0,1,,"Y","N"
1014,2010,"06/23/10 00:00:00","TX","Corpus Christi-Aransas Bay","Skimmer Island Nueces Bay",27.86298,-97.49026000000001,"FUWD",0,1,,"Y","N"
1109,2010,"06/23/10 00:00:00","TX","Corpus Christi-Aransas Bay","Copano Rattlesnake Point",28.0561,-97.13330000000001,"FUWD",0,2,,"Y","N"
5803,2021,"05/17/21 00:00:00","TX","East Matagorda Bay","Dressing Point",28.73145,-95.76074,"FUWD",0,7,,"Y","N"
1015,2010,"06/11/10 00:00:00","FL","Tampa Bay","Bird Key Anclote River",28.1739,-82.80459999999999,"GBHE",0,1,,"Y","N"
1016,2010,"06/10/10 00:00:00","FL","Tampa Bay","Dryman Bay Island",27.1739,-82.49209999999999,"GBHE",0,1,,"Y","N"
1017,2010,"06/12/10 00:00:00","FL","Apalachicola East","Lake Number Five",29.6471,-85.1279,"GBHE",0,1,,"Y","N"
1018,2010,"06/26/10 00:00:00","LA","Sabine-Calcasieu","Point Hunt Island",29.7471,-93.8862,"GBHE",0,1,,"Y","N"
1110,2010,"06/26/10 00:00:00","TX","Galveston","Rollover Bay A",29.5178,-94.50239999999999,"GBHE",0,2,,"Y","N"
1193,2010,"06/25/10 00:00:00","TX","Galveston","Smith Point Island",29.5364,-94.8082,"GBHE",0,4,,"Y","N"
1982,2011,"05/19/11 00:00:00","LA","Biloxi North","Biloxi North 36",30.0497,-89.3038,"GBHE",0,1,,"Y","N"
1983,2011,"06/15/11 00:00:00","LA","Breton-Chandeleur Islands","New Harbor Island 3",29.8542,-88.8634,"GBHE",0,1,,"Y","N"
1984,2011,"05/17/11 00:00:00","LA","Terrebonne Bay","Raccoon Island West",29.0596,-90.94159999999999,"GBHE",0,1,,"Y","N"
2553,2012,"05/28/12 00:00:00","LA","Biloxi North","Drum Bay Island",29.9197,-89.2627,"GBHE",0,1,,"Y","N"
3202,2013,"05/23/13 00:00:00","LA","Barataria Bay","Queen Bess Island",29.3043,-89.9592,"GBHE",0,1,,"Y","N"
3249,2013,"05/23/13 00:00:00","LA","Barataria Bay","Belle Pass East",29.0901,-90.22190000000001,"GBHE",0,2,,"Y","N"
3850,2015,"05/18/15 00:00:00","LA","Biloxi North","Biloxi North 4",30.0909,-89.23180000000001,"GBHE",0,1,,"Y","N"
3851,2015,"05/16/15 00:00:00","LA","Birdsfoot West","Birdsfoot West 5",29.223319,-89.299464,"GBHE",0,1,,"Y","N"
3852,2015,"06/21/15 00:00:00","LA","Biloxi North","Deadman Point",29.7411,-89.35680000000001,"GBHE",0,1,,"Y","N"
5608,2021,"06/20/21 00:00:00","TX","Lower Laguna Madre","Arroyo Colorado Spoils B2",26.318883,-97.31019999999999,"GBHE",0,1,,"Y","N"
5609,2021,"06/20/21 00:00:00","TX","Lower Laguna Madre","Bahia Grande A",26.040313,-97.315904,"GBHE",0,1,,"Y","N"
5610,2021,"06/20/21 00:00:00","TX","Lower Laguna Madre","Green Island Spoils K",26.410227,-97.299153,"GBHE",0,1,,"Y","N"
5611,2021,"06/18/21 00:00:00","TX","Galveston","Kanaloa Spoil",29.29323,-94.93583,"GBHE",0,1,,"Y","N"
5612,2021,"05/17/21 00:00:00","TX","Lower Laguna Madre","Laguna Vista Spoils B",26.142381,-97.28146599999999,"GBHE",0,1,,"Y","N"
5613,2021,"06/20/21 00:00:00","TX","Upper Laguna Madre","Naval Air Station Islands F",27.67074,-97.24847699999999,"GBHE",0,1,,"Y","N"
5614,2021,"06/20/21 00:00:00","TX","Upper Laguna Madre","Naval Air Station Islands I",27.663101,-97.24649100000001,"GBHE",0,1,,"Y","N"
5615,2021,"05/17/21 00:00:00","TX","Upper Laguna Madre","Naval Air Station Islands P",27.670627,-97.25837,"GBHE",0,1,,"Y","N"
5706,2021,"06/19/21 00:00:00","LA","Terrebonne Bay","Belle Pass Pond",29.111568,-90.211673,"GBHE",0,2,,"Y","N"
5707,2021,"06/20/21 00:00:00","TX","Upper Laguna Madre","Naval Air Station Islands H",27.664078,-97.248767,"GBHE",0,2,,"Y","N"
1111,2010,"06/23/10 00:00:00","TX","Corpus Christi-Aransas Bay","Second Chain of Islands B",28.19825,-96.81665,"GBTE",0,2,,"Y","N"
1194,2010,"05/08/10 00:00:00","LA","Biloxi South","Biloxi South 1",29.6873,-89.4646,"GBTE",0,4,,"Y","N"
1985,2011,"06/14/11 00:00:00","LA","Biloxi North","Biloxi North 30 A",29.8191,-89.31010000000001,"GBTE",0,1,,"Y","N"
2083,2011,"05/18/11 00:00:00","LA","Biloxi South","Belle Isle",29.5758,-89.5727,"GBTE",0,8,,"Y","N"
2084,2011,"05/20/11 00:00:00","AL","Mississippi Sound","Terrapin Island",30.335,-88.2619,"GBTE",0,8,,"Y","N"
2554,2012,"06/20/12 00:00:00","LA","Barataria Bay","Bastian Island",29.296,-89.66549999999999,"GBTE",0,1,,"Y","N"
2555,2012,"05/27/12 00:00:00","LA","Terrebonne Bay","Raccoon Island West",29.0596,-90.94159999999999,"GBTE",0,1,,"Y","N"
2588,2012,"05/28/12 00:00:00","LA","Biloxi South","Biloxi South 4 A",29.6618,-89.46720000000001,"GBTE",0,2,,"Y","N"
2607,2012,"06/19/12 00:00:00","LA","Breton-Chandeleur Islands","Chandeleur South C",29.780414,-88.87419199999999,"GBTE",0,3,,"Y","N"
2617,2012,"05/28/12 00:00:00","LA","Biloxi South","Biloxi South 9",29.5392,-89.53530000000001,"GBTE",0,5,,"Y","N"
3203,2013,"06/18/13 00:00:00","LA","Breton-Chandeleur Islands","Chandeleur South A",29.809332,-88.86106700000001,"GBTE",0,1,,"Y","N"
3250,2013,"06/17/13 00:00:00","FL","Apalachicola East","Flag Island South",29.6261,-85.152,"GBTE",0,2,,"Y","N"
3251,2013,"06/17/13 00:00:00","FL","Apalachicola East","Lanark Reef West",29.871013,-84.590857,"GBTE",0,2,,"Y","N"
3909,2015,"05/18/15 00:00:00","LA","Biloxi North","Biloxi North 12",30.042,-89.273,"GBTE",0,2,,"Y","N"
3975,2015,"05/17/15 00:00:00","LA","Biloxi North","Hell Pass Coast A",29.93259,-89.30759999999999,"GBTE",0,9,,"Y","N"
4455,2018,"05/20/18 00:00:00","LA","Breton-Chandeleur Islands","Chandeleur South C",29.780414,-88.87419199999999,"GBTE",0,1,,"Y","N"
4498,2018,"05/21/18 00:00:00","LA","Terrebonne Bay","East Island",29.07041,-90.65692,"GBTE",0,7,,"Y","N"
5708,2021,"06/17/21 00:00:00","LA","Biloxi South","Long Bay Island",29.5021,-89.5356,"GBTE",0,2,,"Y","N"
5744,2021,"05/23/21 00:00:00","LA","Biloxi North","Biloxi North 3",30.0997,-89.283,"GBTE",0,3,,"Y","N"
5772,2021,"06/14/21 00:00:00","FL","Apalachicola East","Alligator Point",29.91544,-84.44167,"GBTE",0,4,,"Y","N"
5814,2021,"05/24/21 00:00:00","MS","Mississippi Sound Gulf Islands","Horn Island",30.23863,-88.68608999999999,"GBTE",0,8,,"Y","N"
5844,2021,"05/22/21 00:00:00","LA","Barataria Bay","Queen Bess Island",29.3043,-89.9592,"GBTE",0,14,,"Y","N"
5860,2021,"05/17/21 00:00:00","TX","Lower Laguna Madre","Green Hill Spoils B",26.48998,-97.38688999999999,"GBTE",0,20,,"Y","N"
3929,2015,"05/18/15 00:00:00","AL","Mobile Bay Interior","Battery McIntosh",30.6686,-88.0125,"GLIB",0,3,,"Y","N"
5616,2021,"05/25/21 00:00:00","FL","Apalachicola East","Lake Number Five",29.6471,-85.1279,"GLIB",0,1,,"Y","N"
1019,2010,"06/08/10 00:00:00","FL","Everglades National Park","Buchanan Keys",24.9199,-80.7752,"GREG",0,1,,"Y","N"
1020,2010,"06/09/10 00:00:00","FL","Everglades National Park","Carl Ross Key",25.039,-81.01739999999999,"GREG",0,1,,"Y","N"
1021,2010,"06/10/10 00:00:00","FL","Charlotte Harbor","Ostego Bay Islet South",26.4226,-81.89530000000001,"GREG",0,1,,"Y","N"
1022,2010,"06/26/10 00:00:00","TX","Galveston","Rollover Bay A",29.5178,-94.50239999999999,"GREG",0,1,,"Y","N"
1023,2010,"06/24/10 00:00:00","TX","Galveston","Texas Coast 9",29.1595,-95.0202,"GREG",0,1,,"Y","N"
1112,2010,"06/14/10 00:00:00","LA","Breton-Chandeleur Islands","Breton Island",29.4955,-89.1742,"GREG",0,2,,"Y","N"
1113,2010,"06/08/10 00:00:00","FL","Florida Keys","Cottrell Key",24.603,-81.9211,"GREG",0,2,,"Y","N"
1167,2010,"06/23/10 00:00:00","TX","Corpus Christi-Aransas Bay","Second Chain of Islands B",28.19825,-96.81665,"GREG",0,3,,"Y","N"
1195,2010,"06/08/10 00:00:00","FL","Florida Keys","Channel Key",24.7931,-80.9153,"GREG",0,4,,"Y","N"
1196,2010,"06/26/10 00:00:00","TX","Galveston","Rollover Bay B",29.5172,-94.50409999999999,"GREG",0,4,,"Y","N"
1214,2010,"06/10/10 00:00:00","FL","Tampa Bay","Dryman Bay Island",27.1739,-82.49209999999999,"GREG",0,5,,"Y","N"
1284,2010,"06/24/10 00:00:00","TX","Galveston","Cedar Lakes 3",28.8463,-95.49120000000001,"GREG",0,11,,"Y","N"
1285,2010,"06/12/10 00:00:00","FL","Apalachicola East","Saint George Island",29.6952,-84.7769,"GREG",0,11,,"Y","N"
1307,2010,"06/09/10 00:00:00","FL","Everglades National Park","Frank Key",25.1062,-80.9114,"GREG",0,16,,"Y","N"
1337,2010,"06/25/10 00:00:00","TX","Galveston","Smith Point Island",29.5364,-94.8082,"GREG",0,21,,"Y","N"
1405,2010,"06/26/10 00:00:00","TX","Sabine-Calcasieu","Motiva West 7th",29.8513,-93.9576,"GREG",0,53,"Does not include 86 Empty Nests","Y","N"
1986,2011,"05/18/11 00:00:00","LA","Barataria Bay","Grand Island Point",29.3727,-89.8929,"GREG",0,1,,"Y","N"
1987,2011,"06/15/11 00:00:00","LA","Breton-Chandeleur Islands","New Harbor Island 1",29.87609,-88.87682,"GREG",0,1,,"Y","N"
2029,2011,"05/18/11 00:00:00","LA","Breton-Chandeleur Islands","Breton Island",29.4955,-89.1742,"GREG",0,2,,"Y","N"
2556,2012,"05/28/12 00:00:00","LA","Biloxi South","Belle Isle",29.5758,-89.5727,"GREG",0,1,,"Y","N"
2589,2012,"05/29/12 00:00:00","AL","Mississippi Sound","Terrapin Island",30.335,-88.2619,"GREG",0,2,,"Y","N"
4456,2018,"05/19/18 00:00:00","LA","Biloxi South","Biloxi South 2",29.7047,-89.5647,"GREG",0,1,,"Y","N"
5617,2021,"06/16/21 00:00:00","LA","Biloxi North","Isle au Pitre",30.1526,-89.1968,"GREG",0,1,,"Y","N"
5618,2021,"06/20/21 00:00:00","TX","Lower Laguna Madre","Laguna Vista Spoils B",26.142381,-97.28146599999999,"GREG",0,1,,"Y","N"
5619,2021,"06/20/21 00:00:00","TX","Matagorda Bay","Lavaca Bay Spoils E",28.59947,-96.56207999999999,"GRFL",0,1,,"Y","N"
5620,2021,"05/18/21 00:00:00","TX","Salt Bayou","High Island",29.57351,-94.38930000000001,"GRHE",0,1,,"Y","N"
5745,2021,"05/17/21 00:00:00","TX","Galveston","Nolan Ryan Marsh",28.94099,-95.35596,"GRHE",0,3,,"Y","N"
5621,2021,"05/18/21 00:00:00","TX","Salt Bayou","High Island",29.57351,-94.38930000000001,"GTGR",0,1,,"Y","N"
1024,2010,"05/07/10 00:00:00","LA","Biloxi North","Biloxi North 30 A",29.8191,-89.31010000000001,"HERG",0,1,,"Y","N"
1025,2010,"05/17/10 00:00:00","LA","Sabine-Calcasieu","Louisiana West 1",29.5776,-92.56780000000001,"HERG",0,1,,"Y","N"
1026,2010,"05/18/10 00:00:00","LA","Biloxi North","Martin Island",29.959,-89.19840000000001,"HERG",0,1,,"Y","N"
1027,2010,"05/17/10 00:00:00","LA","Terrebonne Bay","Raccoon Island West",29.0596,-90.94159999999999,"HERG",0,1,,"Y","N"
1114,2010,"05/08/10 00:00:00","LA","Barataria Bay","Barataria Bay 9",29.1376,-90.1323,"HERG",0,2,,"Y","N"
1168,2010,"05/18/10 00:00:00","AL","Mississippi Sound Gulf Islands","Cedar Island",30.2791,-88.1193,"HERG",0,3,,"Y","N"
1197,2010,"05/08/10 00:00:00","LA","Barataria Bay","Barataria Bay 10",29.1181,-90.16500000000001,"HERG",0,4,,"Y","N"
1242,2010,"05/18/10 00:00:00","AL","Mississippi Sound","Cat Island",30.3207,-88.2099,"HERG",0,7,,"Y","N"
1988,2011,"05/17/11 00:00:00","LA","Terrebonne Bay","Raccoon Island",29.0505,-90.92659999999999,"HERG",0,1,,"Y","N"
1989,2011,"05/17/11 00:00:00","LA","Terrebonne Bay","Raccoon Island West",29.0596,-90.94159999999999,"HERG",0,1,,"Y","N"
2557,2012,"05/27/12 00:00:00","LA","Terrebonne Bay","Raccoon Island",29.0505,-90.92659999999999,"HERG",0,1,,"Y","N"
3204,2013,"05/23/13 00:00:00","LA","Terrebonne Bay","Raccoon Island West",29.0596,-90.94159999999999,"HERG",0,1,,"Y","N"
3853,2015,"05/17/15 00:00:00","LA","Biloxi South","Biloxi South 5 B",29.6521,-89.4577,"HERG",0,1,,"Y","N"
3854,2015,"05/18/15 00:00:00","MS","Mississippi Sound Gulf Islands","Horn Island",30.23863,-88.68608999999999,"HERG",0,1,,"Y","N"
3944,2015,"05/16/15 00:00:00","LA","Terrebonne Bay","Raccoon Island",29.0505,-90.92659999999999,"HERG",0,4,,"Y","N"
3967,2015,"05/18/15 00:00:00","AL","Mobile Bay Interior","Gaillard Island",30.5063,-88.03619999999999,"HERG",0,7,,"Y","N"
5622,2021,"05/17/21 00:00:00","TX","East Matagorda Bay","Dressing Point",28.73145,-95.76074,"HERG",0,1,,"Y","N"
5623,2021,"05/17/21 00:00:00","TX","Lower Laguna Madre","Green Island Spoils F",26.409668,-97.311339,"HERG",0,1,,"Y","N"
5624,2021,"06/14/21 00:00:00","FL","Apalachicola East","Saint George Causeway",29.694945,-84.88297900000001,"HERG",0,1,,"Y","N"
5746,2021,"06/15/21 00:00:00","AL","Mobile Bay Interior","Gaillard Island",30.5063,-88.03619999999999,"HERG",0,3,,"Y","N"
5747,2021,"05/22/21 00:00:00","LA","Barataria Bay","Queen Bess Island",29.3043,-89.9592,"HERG",0,3,,"Y","N"
1028,2010,"06/24/10 00:00:00","TX","Galveston","Cedar Lakes 4",28.8442,-95.488,"LAGU",0,1,,"Y","N"
1029,2010,"06/24/10 00:00:00","TX","Galveston","Follets Island",29.058,-95.1619,"LAGU",0,1,,"Y","N"
1115,2010,"05/18/10 00:00:00","AL","Mississippi Sound Gulf Islands","Dauphin Island 1",30.2289,-88.32689999999999,"LAGU",0,2,,"Y","N"
1116,2010,"05/17/10 00:00:00","LA","Terrebonne Bay","Terrebonne Bay 3",29.249,-90.396,"LAGU",0,2,,"Y","N"
1169,2010,"06/23/10 00:00:00","TX","Matagorda Bay","South Pass Island A",28.2984,-96.6223,"LAGU",0,3,,"Y","N"
1198,2010,"05/18/10 00:00:00","AL","Mississippi Sound Gulf Islands","Dauphin Island 3",30.2367,-88.26609999999999,"LAGU",0,4,,"Y","N"
1199,2010,"05/18/10 00:00:00","LA","Biloxi North","West Karako Bay Islet",30.0049,-89.23090000000001,"LAGU",0,4,,"Y","N"
1215,2010,"06/11/10 00:00:00","FL","Tampa Bay","Hillsborough Channel Spoil Island",27.8246,-82.43429999999999,"LAGU",0,5,,"Y","N"
1216,2010,"05/17/10 00:00:00","LA","Sabine-Calcasieu","Louisiana West 2",29.5967,-92.6617,"LAGU",0,5,,"Y","N"
1217,2010,"05/17/10 00:00:00","LA","Atchafalaya Bay","Vermilion Bay 1",29.3141,-91.3429,"LAGU",0,5,,"Y","N"
1243,2010,"06/10/10 00:00:00","FL","Tampa Bay","Dryman Bay Island",27.1739,-82.49209999999999,"LAGU",0,7,,"Y","N"
1244,2010,"05/18/10 00:00:00","AL","Mississippi Sound","Terrapin Island",30.335,-88.2619,"LAGU",0,7,,"Y","N"
1270,2010,"05/18/10 00:00:00","MS","Mississippi Sound","Old Round Island",30.29523,-88.58663,"LAGU",0,9,,"Y","N"
1275,2010,"05/17/10 00:00:00","LA","Sabine-Calcasieu","Louisiana West 3",29.6137,-92.7139,"LAGU",0,10,,"Y","N"
1291,2010,"05/08/10 00:00:00","LA","Biloxi South","Biloxi South 2",29.7047,-89.5647,"LAGU",0,13,,"Y","N"
1303,2010,"06/12/10 00:00:00","FL","Apalachicola East","Saint Vincent Island Roost",29.6773,-85.2214,"LAGU",0,15,,"Y","N"
1308,2010,"05/07/10 00:00:00","LA","Biloxi North","Turtle Pen Isle",29.938,-89.242,"LAGU",0,16,,"Y","N"
1316,2010,"05/07/10 00:00:00","LA","Breton-Chandeleur Islands","Chandeleur South B",29.79898,-88.86415599999999,"LAGU",0,17,,"Y","N"
1319,2010,"06/12/10 00:00:00","FL","Apalachicola East","Apalachicola Bird Island",29.714977,-84.975398,"LAGU",0,18,,"Y","N"
1320,2010,"05/17/10 00:00:00","LA","Sabine-Calcasieu","Louisiana West 5",29.6755,-92.8694,"LAGU",0,18,,"Y","N"
1331,2010,"05/17/10 00:00:00","LA","Terrebonne Bay","Terrebonne Bay 7",29.06,-90.4465,"LAGU",0,20,,"Y","N"
1338,2010,"05/07/10 00:00:00","LA","Breton-Chandeleur Islands","Chandeleur North B",29.949821,-88.823795,"LAGU",0,21,,"Y","N"
1350,2010,"05/18/10 00:00:00","MS","Mississippi Sound Gulf Islands","Horn Island",30.23863,-88.68608999999999,"LAGU",0,24,,"Y","N"
1351,2010,"05/18/10 00:00:00","MS","Mississippi Sound","Mississippi Coast 1",30.3454,-88.4083,"LAGU",0,24,,"Y","N"
1360,2010,"06/27/10 00:00:00","LA","Biloxi North","Isle au Pitre",30.1526,-89.1968,"LAGU",0,28,,"Y","N"
1365,2010,"06/25/10 00:00:00","TX","Galveston","Smith Point Island",29.5364,-94.8082,"LAGU",0,30,,"Y","N"
1373,2010,"05/07/10 00:00:00","LA","Breton-Chandeleur Islands","Chandeleur North E",29.888395,-88.82646,"LAGU",0,35,,"Y","N"
1382,2010,"05/08/10 00:00:00","LA","Birdsfoot West","Burrwood Bayou North",28.972,-89.3475,"LAGU",0,39,,"Y","N"
1389,2010,"05/17/10 00:00:00","LA","Sabine-Calcasieu","Louisiana West 4",29.6407,-92.7851,"LAGU",0,44,,"Y","N"
1421,2010,"05/07/10 00:00:00","LA","Breton-Chandeleur Islands","Chandeleur South A",29.809332,-88.86106700000001,"LAGU",0,70,,"Y","N"
1428,2010,"05/07/10 00:00:00","LA","Breton-Chandeleur Islands","Gosier Islands South",29.52369,-89.09535,"LAGU",0,87,,"Y","N"
1429,2010,"05/18/10 00:00:00","MS","Mississippi Sound","Mississippi Coast 2",30.3524,-88.5882,"LAGU",0,88,,"Y","N"
1435,2010,"06/23/10 00:00:00","TX","Matagorda Bay","Seadrift Island C",28.3888,-96.72580000000001,"LAGU",0,100,,"Y","N"
1438,2010,"05/08/10 00:00:00","LA","Birdsfoot West","Burrwood Bayou South",28.9395,-89.3937,"LAGU",0,105,,"Y","N"
1441,2010,"05/07/10 00:00:00","LA","Breton-Chandeleur Islands","Chandeleur North A",29.969531,-88.82772199999999,"LAGU",0,110,,"Y","N"
1446,2010,"06/23/10 00:00:00","TX","Matagorda Bay","Little Bird Island Matagorda",28.294,-96.697,"LAGU",0,127,,"Y","N"
1455,2010,"06/12/10 00:00:00","FL","Apalachicola East","Flag Island South",29.6261,-85.152,"LAGU",0,153,,"Y","N"
1456,2010,"05/08/10 00:00:00","LA","Barataria Bay","Cat Bay Island",29.3474,-89.8672,"LAGU",0,158,,"Y","N"
1457,2010,"05/17/10 00:00:00","LA","Sabine-Calcasieu","Louisiana West 1",29.5776,-92.56780000000001,"LAGU",0,159,,"Y","N"
1460,2010,"05/18/10 00:00:00","AL","Mississippi Sound","Cat Island",30.3207,-88.2099,"LAGU",0,179,,"Y","N"
1470,2010,"06/27/10 00:00:00","LA","Breton-Chandeleur Islands","Freemason Island",29.789,-88.977,"LAGU",0,213,,"Y","N"
1478,2010,"05/08/10 00:00:00","LA","Barataria Bay","Barataria Bay 9",29.1376,-90.1323,"LAGU",0,263,,"Y","N"
1484,2010,"05/07/10 00:00:00","LA","Breton-Chandeleur Islands","Chandeleur North D",29.901692,-88.824851,"LAGU",0,339,,"Y","N"
1495,2010,"05/08/10 00:00:00","LA","Barataria Bay","Barataria Bay 10",29.1181,-90.16500000000001,"LAGU",0,632,,"Y","N"
1498,2010,"05/08/10 00:00:00","LA","Barataria Bay","Belle Pass East",29.0901,-90.22190000000001,"LAGU",0,900,,"Y","N"
2063,2011,"06/15/11 00:00:00","LA","Breton-Chandeleur Islands","Chandeleur South D",29.770378,-88.882942,"LAGU",0,4,,"Y","N"
2072,2011,"05/18/11 00:00:00","LA","Barataria Bay","Bastian Island",29.296,-89.66549999999999,"LAGU",0,5,,"Y","N"
2096,2011,"05/19/11 00:00:00","LA","Breton-Chandeleur Islands","Chandeleur North D",29.901692,-88.824851,"LAGU",0,17,,"Y","N"
2120,2011,"05/17/11 00:00:00","LA","Terrebonne Bay","Raccoon Island West",29.0596,-90.94159999999999,"LAGU",0,74,,"Y","N"
2121,2011,"05/17/11 00:00:00","LA","Terrebonne Bay","Wine Island",29.0948,-90.6108,"LAGU",0,82,,"Y","N"
2558,2012,"05/29/12 00:00:00","LA","Breton-Chandeleur Islands","Chandeleur South A",29.809332,-88.86106700000001,"LAGU",0,1,,"Y","N"
2590,2012,"05/28/12 00:00:00","LA","Biloxi South","Biloxi South 11",29.5247,-89.57259999999999,"LAGU",0,2,,"Y","N"
2622,2012,"05/30/12 00:00:00","FL","Apalachicola East","Flag Island South",29.6261,-85.152,"LAGU",0,6,,"Y","N"
2639,2012,"06/20/12 00:00:00","LA","Barataria Bay","Bastian Island",29.296,-89.66549999999999,"LAGU",0,12,,"Y","N"
2640,2012,"06/18/12 00:00:00","AL","Mississippi Sound","Terrapin Island",30.335,-88.2619,"LAGU",0,14,,"Y","N"
2643,2012,"05/29/12 00:00:00","LA","Breton-Chandeleur Islands","Chandeleur South C",29.780414,-88.87419199999999,"LAGU",0,16,,"Y","N"
2646,2012,"05/29/12 00:00:00","LA","Breton-Chandeleur Islands","Chandeleur South D",29.770378,-88.882942,"LAGU",0,22,,"Y","N"
2654,2012,"06/19/12 00:00:00","LA","Breton-Chandeleur Islands","Chandeleur North G",29.865132,-88.832617,"LAGU",0,28,,"Y","N"
2663,2012,"05/29/12 00:00:00","LA","Breton-Chandeleur Islands","New Harbor Island 2",29.8565,-88.875,"LAGU",0,43,,"Y","N"
2666,2012,"05/27/12 00:00:00","LA","Terrebonne Bay","Wine Island",29.0948,-90.6108,"LAGU",0,49,,"Y","N"
2671,2012,"06/19/12 00:00:00","LA","Birdsfoot East","Birdsfoot East 3",29.3725,-89.29989999999999,"LAGU",0,84,,"Y","N"
3205,2013,"05/24/13 00:00:00","AL","Mississippi Sound","Cat Island",30.3207,-88.2099,"LAGU",0,1,,"Y","N"
3206,2013,"05/23/13 00:00:00","LA","Terrebonne Bay","Raccoon Island West",29.0596,-90.94159999999999,"LAGU",0,1,,"Y","N"
3252,2013,"06/17/13 00:00:00","FL","Apalachicola East","Flag Island South",29.6261,-85.152,"LAGU",0,2,,"Y","N"
3271,2013,"06/18/13 00:00:00","LA","Biloxi North","Biloxi North 38",30.00238,-89.21496999999999,"LAGU",0,4,,"Y","N"
3281,2013,"06/18/13 00:00:00","LA","Breton-Chandeleur Islands","Freemason Island",29.789,-88.977,"LAGU",0,5,,"Y","N"
3289,2013,"05/23/13 00:00:00","LA","Terrebonne Bay","Pelican Island",29.1437,-90.3475,"LAGU",0,7,,"Y","N"
3290,2013,"06/18/13 00:00:00","LA","Breton-Chandeleur Islands","Chandeleur North C",29.929685,-88.82179600000001,"LAGU",0,8,,"Y","N"
3298,2013,"05/23/13 00:00:00","LA","Barataria Bay","Bay Ronquille Northeast Island",29.3659,-89.8357,"LAGU",0,13,,"Y","N"
3855,2015,"05/16/15 00:00:00","LA","Birdsfoot West","Birdsfoot West 4",29.179677,-89.29314599999999,"LAGU",0,1,,"Y","N"
3856,2015,"05/17/15 00:00:00","LA","Breton-Chandeleur Islands","Chandeleur North C",29.929685,-88.82179600000001,"LAGU",0,1,,"Y","N"
3857,2015,"06/21/15 00:00:00","LA","Breton-Chandeleur Islands","Chandeleur North F",29.881806,-88.828345,"LAGU",0,1,,"Y","N"
3858,2015,"06/21/15 00:00:00","LA","Breton-Chandeleur Islands","Chandeleur South E",29.765024,-88.887086,"LAGU",0,1,,"Y","N"
3859,2015,"05/18/15 00:00:00","AL","Mississippi Sound","Terrapin Island",30.335,-88.2619,"LAGU",0,1,,"Y","N"
3910,2015,"06/21/15 00:00:00","LA","Biloxi North","Anderson Point Island",29.892,-89.32729999999999,"LAGU",0,2,,"Y","N"
3911,2015,"05/17/15 00:00:00","LA","Breton-Chandeleur Islands","Chandeleur North B",29.949821,-88.823795,"LAGU",0,2,,"Y","N"
3930,2015,"05/16/15 00:00:00","LA","Barataria Bay","Bastian Island",29.296,-89.66549999999999,"LAGU",0,3,,"Y","N"
3931,2015,"05/17/15 00:00:00","LA","Birdsfoot East","Birdsfoot East 3",29.3725,-89.29989999999999,"LAGU",0,3,,"Y","N"
3932,2015,"05/17/15 00:00:00","LA","Breton-Chandeleur Islands","Chandeleur South B",29.79898,-88.86415599999999,"LAGU",0,3,,"Y","N"
3933,2015,"06/22/15 00:00:00","FL","Apalachicola East","Flag Island South",29.6261,-85.152,"LAGU",0,3,,"Y","N"
3934,2015,"06/21/15 00:00:00","LA","Breton-Chandeleur Islands","Gosier Islands North",29.5517,-89.06444,"LAGU",0,3,,"Y","N"
3945,2015,"06/21/15 00:00:00","LA","Biloxi North","Biloxi North 27",29.8807,-89.2497,"LAGU",0,4,,"Y","N"
3958,2015,"05/17/15 00:00:00","LA","Biloxi South","Biloxi South 14",29.659975,-89.45661699999999,"LAGU",0,5,,"Y","N"
3968,2015,"05/18/15 00:00:00","FL","Apalachicola East","Apalachicola Bird Island",29.714977,-84.975398,"LAGU",0,7,,"Y","N"
3970,2015,"06/21/15 00:00:00","LA","Biloxi South","Biloxi South 4 A",29.6618,-89.46720000000001,"LAGU",0,8,,"Y","N"
3976,2015,"05/18/15 00:00:00","MS","Mississippi Sound Gulf Islands","Horn Island",30.23863,-88.68608999999999,"LAGU",0,9,,"Y","N"
3977,2015,"05/16/15 00:00:00","LA","Barataria Bay","Shell Island East",29.281019,-89.62835200000001,"LAGU",0,9,,"Y","N"
3982,2015,"05/16/15 00:00:00","LA","Birdsfoot West","Scofield Island",29.241339,-89.54569100000001,"LAGU",0,10,,"Y","N"
3986,2015,"05/17/15 00:00:00","LA","Breton-Chandeleur Islands","Freemason Island",29.789,-88.977,"LAGU",0,11,,"Y","N"
3988,2015,"05/16/15 00:00:00","LA","Barataria Bay","Beauregard Island",29.27971,-89.97225,"LAGU",0,12,,"Y","N"
4019,2015,"05/16/15 00:00:00","LA","Terrebonne Bay","Wine Island",29.0948,-90.6108,"LAGU",0,30,,"Y","N"
4036,2015,"06/22/15 00:00:00","MS","Mississippi Sound Gulf Islands","Ship Island East",30.2382,-88.8867,"LAGU",0,49,,"Y","N"
4041,2015,"05/16/15 00:00:00","LA","Barataria Bay","Cat Bay South Island",29.3341,-89.8716,"LAGU",0,62,,"Y","N"
4052,2015,"06/22/15 00:00:00","MS","Mississippi Sound Gulf Islands","Ship Island West",30.21127,-88.98289,"LAGU",0,80,,"Y","N"
4475,2018,"06/24/18 00:00:00","LA","Breton-Chandeleur Islands","Chandeleur North D",29.901692,-88.824851,"LAGU",0,2,,"Y","N"
4485,2018,"06/24/18 00:00:00","LA","Breton-Chandeleur Islands","Curlew Island",29.66636,-88.96111999999999,"LAGU",0,3,,"Y","N"
4493,2018,"06/24/18 00:00:00","LA","Breton-Chandeleur Islands","Chandeleur North C",29.929685,-88.82179600000001,"LAGU",0,5,,"Y","N"
4500,2018,"06/24/18 00:00:00","LA","Breton-Chandeleur Islands","Chandeleur North F",29.881806,-88.828345,"LAGU",0,8,,"Y","N"
4504,2018,"05/21/18 00:00:00","LA","Terrebonne Bay","East Island",29.07041,-90.65692,"LAGU",0,13,,"Y","N"
5625,2021,"05/17/21 00:00:00","TX","Corpus Christi-Aransas Bay","Second Chain of Islands D",28.194354,-96.814465,"LAGU",0,1,,"Y","N"
5709,2021,"05/17/21 00:00:00","TX","Lower Laguna Madre","Green Hill Spoils B",26.48998,-97.38688999999999,"LAGU",0,2,,"Y","N"
5748,2021,"05/17/21 00:00:00","TX","Upper Laguna Madre","White Pelican Island",27.39097,-97.36359,"LAGU",0,3,,"Y","N"
5773,2021,"05/20/21 00:00:00","LA","Atchafalaya Bay","Bird Island East",29.353105,-91.382509,"LAGU",0,4,,"Y","N"
5788,2021,"05/17/21 00:00:00","TX","Lower Laguna Madre","Green Hill Spoils A",26.49391,-97.388755,"LAGU",0,5,,"Y","N"
5789,2021,"06/15/21 00:00:00","AL","Mississippi Sound","Isle Aux Herbes",30.345969,-88.259531,"LAGU",0,5,,"Y","N"
5797,2021,"05/25/21 00:00:00","FL","Apalachee Bay","Pepperfish Key",29.501954,-83.395151,"LAGU",0,6,,"Y","N"
5804,2021,"05/24/21 00:00:00","MS","Mississippi Sound Gulf Islands","Horn Island",30.23863,-88.68608999999999,"LAGU",0,7,,"Y","N"
5815,2021,"06/14/21 00:00:00","FL","Apalachicola East","Flag Island South",29.6261,-85.152,"LAGU",0,8,,"Y","N"
5824,2021,"06/17/21 00:00:00","LA","Biloxi North","Biloxi North 27",29.8807,-89.2497,"LAGU",0,10,,"Y","N"
5835,2021,"06/16/21 00:00:00","MS","Mississippi Sound Gulf Islands","Ship Island",30.21912,-88.92156,"LAGU",0,11,,"Y","N"
5836,2021,"06/15/21 00:00:00","AL","Mississippi Sound","Terrapin Island",30.335,-88.2619,"LAGU",0,11,,"Y","N"
5853,2021,"05/25/21 00:00:00","FL","Apalachicola East","Apalachicola Bird Island",29.714977,-84.975398,"LAGU",0,18,,"Y","N"
5867,2021,"06/20/21 00:00:00","TX","Lower Laguna Madre","Bahia Grande B",26.044,-97.30609,"LAGU",0,23,,"Y","N"
5877,2021,"05/23/21 00:00:00","LA","Biloxi North","Martin Island",29.959,-89.19840000000001,"LAGU",0,34,,"Y","N"
5895,2021,"06/18/21 00:00:00","LA","Atchafalaya Bay","Point au Fer",29.327788,-91.350965,"LAGU",0,55,,"Y","N"
5901,2021,"06/14/21 00:00:00","FL","Apalachicola West","Crooked Island South",29.99427,-85.52838,"LAGU",0,67,,"Y","N"
5905,2021,"06/16/21 00:00:00","MS","Mississippi Sound","Broad",30.35802,-89.11138,"LAGU",0,107,,"Y","N"
5908,2021,"06/16/21 00:00:00","MS","Mississippi Sound","Beauvoir",30.39081,-88.97239,"LAGU",0,121,,"Y","N"
5626,2021,"06/15/21 00:00:00","AL","Mobile Bay Interior","Gaillard Island",30.5063,-88.03619999999999,"LBBG",0,1,,"Y","N"
1030,2010,"06/24/10 00:00:00","TX","Galveston","Arcadia Reef A",29.0293,-95.2024,"LBHE",0,1,,"Y","N"
1031,2010,"06/12/10 00:00:00","FL","Apalachicola East","Lanark Reef-Pelican Lump",29.87806,-84.568555,"LBHE",0,1,,"Y","N"
1032,2010,"06/23/10 00:00:00","TX","Corpus Christi-Aransas Bay","Little Bay C",28.0333,-97.0395,"LBHE",0,1,,"Y","N"
1117,2010,"05/07/10 00:00:00","LA","Biloxi North","Biloxi North 16",29.9984,-89.2924,"LBHE",0,2,,"Y","N"
1118,2010,"05/07/10 00:00:00","LA","Biloxi North","Little Mud Grass Island Northeast",29.9628,-89.3156,"LBHE",0,2,,"Y","N"
1119,2010,"05/08/10 00:00:00","LA","Barataria Bay","Queen Bess Island",29.3043,-89.9592,"LBHE",0,2,,"Y","N"
1245,2010,"06/27/10 00:00:00","LA","Biloxi North","Drum Bay Island",29.9197,-89.2627,"LBHE",0,7,,"Y","N"
1990,2011,"05/17/11 00:00:00","LA","Barataria Bay","Queen Bess Island",29.3043,-89.9592,"LBHE",0,1,,"Y","N"
2064,2011,"05/18/11 00:00:00","LA","Barataria Bay","Cat Bay Island",29.3474,-89.8672,"LBHE",0,4,,"Y","N"
2559,2012,"05/28/12 00:00:00","LA","Biloxi North","Drum Bay Island",29.9197,-89.2627,"LBHE",0,1,,"Y","N"
2560,2012,"05/27/12 00:00:00","LA","Barataria Bay","Queen Bess Island",29.3043,-89.9592,"LBHE",0,1,,"Y","N"
3207,2013,"05/23/13 00:00:00","LA","Barataria Bay","Cat Bay South Island",29.3341,-89.8716,"LBHE",0,1,,"Y","N"
3860,2015,"06/21/15 00:00:00","LA","Biloxi North","Deadman Point",29.7411,-89.35680000000001,"LBHE",0,1,,"Y","N"
3946,2015,"05/18/15 00:00:00","AL","Mississippi Sound","Cat Island",30.3207,-88.2099,"LBHE",0,4,,"Y","N"
4457,2018,"05/19/18 00:00:00","LA","Biloxi South","Belle Isle",29.5758,-89.5727,"LBHE",0,1,,"Y","N"
4458,2018,"05/21/18 00:00:00","LA","Terrebonne Bay","Philo Brice Islands",29.18416,-90.34678,"LBHE",0,1,,"Y","N"
5627,2021,"05/24/21 00:00:00","AL","Mississippi Sound","Isle Aux Herbes",30.345969,-88.259531,"LBHE",0,1,,"Y","N"
5628,2021,"06/20/21 00:00:00","TX","Matagorda Bay","Lavaca Bay Spoils E",28.59947,-96.56207999999999,"LBHE",0,1,,"Y","N"
5710,2021,"05/24/21 00:00:00","AL","Mississippi Sound","Terrapin Island",30.335,-88.2619,"LBHE",0,2,,"Y","N"
1991,2011,"06/15/11 00:00:00","LA","Breton-Chandeleur Islands","New Harbor Island 3",29.8542,-88.8634,"LEBI",0,1,,"Y","N"
5749,2021,"05/22/21 00:00:00","LA","Terrebonne Bay","Raccoon Island",29.0505,-90.92659999999999,"LEBI",0,3,,"Y","N"
2078,2011,"05/19/11 00:00:00","LA","Breton-Chandeleur Islands","Chandeleur North B",29.949821,-88.823795,"LETE",0,7,,"Y","N"
2665,2012,"06/19/12 00:00:00","LA","Birdsfoot East","Birdsfoot East 3",29.3725,-89.29989999999999,"LETE",0,48,,"Y","N"
3912,2015,"05/16/15 00:00:00","LA","Terrebonne Bay","Wine Island",29.0948,-90.6108,"LETE",0,2,,"Y","N"
1033,2010,"06/25/10 00:00:00","TX","Galveston","Kanaloa Spoil East",29.2943,-94.93340000000001,"MAFR",0,1,,"Y","N"
1034,2010,"06/11/10 00:00:00","FL","Tampa Bay","Piney Point Mangroves",27.6503,-82.5462,"MAFR",0,1,,"Y","N"
1120,2010,"06/09/10 00:00:00","FL","Everglades National Park","Carl Ross Key",25.039,-81.01739999999999,"MAFR",0,2,,"Y","N"
1218,2010,"06/08/10 00:00:00","FL","Florida Keys","Cottrell Key",24.603,-81.9211,"MAFR",0,5,,"Y","N"
1309,2010,"06/10/10 00:00:00","FL","Charlotte Harbor","Bird Island Matlacha Pass",26.5126,-82.033,"MAFR",0,16,,"Y","N"
1332,2010,"06/11/10 00:00:00","FL","Crystal River","Saint Martins Key B",28.8004,-82.7501,"MAFR",0,20,,"Y","N"
1339,2010,"06/10/10 00:00:00","FL","Tampa Bay","Cortez Island",27.462,-82.6824,"MAFR",0,21,,"Y","N"
1340,2010,"06/08/10 00:00:00","FL","Florida Keys","Cowpens Cut Key",25.0008,-80.56310000000001,"MAFR",0,21,,"Y","N"
1344,2010,"06/08/10 00:00:00","FL","Everglades National Park","Duck Key",25.1802,-80.4893,"MAFR",0,22,,"Y","N"
1354,2010,"06/09/10 00:00:00","FL","Everglades National Park","Lower Arsnicker Key",24.9203,-80.82689999999999,"MAFR",0,25,,"Y","N"
1367,2010,"06/08/10 00:00:00","FL","Everglades National Park","Peterson Key",24.9129,-80.7437,"MAFR",0,31,,"Y","N"
1374,2010,"06/08/10 00:00:00","FL","Florida Keys","Marquesas Keys",24.57,-82.13,"MAFR",0,35,,"Y","N"
1381,2010,"06/11/10 00:00:00","FL","Tampa Bay","Jackass Key",27.6692,-82.7175,"MAFR",0,38,,"Y","N"
1387,2010,"06/11/10 00:00:00","FL","Crystal River","Saint Martins Key A",28.8004,-82.7555,"MAFR",0,42,,"Y","N"
1414,2010,"06/10/10 00:00:00","FL","Charlotte Harbor","Hemp Key",26.6005,-82.1524,"MAFR",0,62,,"Y","N"
1415,2010,"05/07/10 00:00:00","LA","Breton-Chandeleur Islands","New Harbor Island 2",29.8565,-88.875,"MAFR",0,62,,"Y","N"
1443,2010,"06/10/10 00:00:00","FL","Charlotte Harbor","Ostego Bay Islet North",26.4243,-81.8933,"MAFR",0,115,,"Y","N"
1463,2010,"06/10/10 00:00:00","FL","Charlotte Harbor","Pine Island Sound 1",26.4979,-82.11239999999999,"MAFR",0,185,,"Y","N"
1475,2010,"06/10/10 00:00:00","FL","Charlotte Harbor","Cape Haze Islet",26.7967,-82.2295,"MAFR",0,249,,"Y","N"
2126,2011,"05/19/11 00:00:00","LA","Breton-Chandeleur Islands","New Harbor Island 2",29.8565,-88.875,"MAFR",0,230,,"Y","N"
2130,2011,"05/19/11 00:00:00","LA","Breton-Chandeleur Islands","New Harbor Island 3",29.8542,-88.8634,"MAFR",0,360,,"Y","N"
2691,2012,"05/29/12 00:00:00","LA","Breton-Chandeleur Islands","New Harbor Island 3",29.8542,-88.8634,"MAFR",0,793,,"Y","N"
3208,2013,"05/23/13 00:00:00","LA","Breton-Chandeleur Islands","Breton Island",29.4955,-89.1742,"MAFR",0,1,,"Y","N"
3321,2013,"05/24/13 00:00:00","LA","Breton-Chandeleur Islands","New Harbor Island 3",29.8542,-88.8634,"MAFR",0,46,,"Y","N"
4053,2015,"06/20/15 00:00:00","LA","Birdsfoot West","Birdsfoot West 6 A",29.21976,-89.382209,"MAFR",0,82,,"Y","N"
4062,2015,"05/17/15 00:00:00","LA","Breton-Chandeleur Islands","New Harbor Island 3",29.8542,-88.8634,"MAFR",0,244,,"Y","N"
3861,2015,"05/18/15 00:00:00","FL","Apalachicola East","Lanark Reef West",29.871013,-84.590857,"MAGO",0,1,,"Y","N"
5774,2021,"06/14/21 00:00:00","FL","Apalachicola East","Lanark Reef-Pelican Lump",29.87806,-84.568555,"MAGO",0,4,,"Y","N"
1121,2010,"06/13/10 00:00:00","AL","Mobile Bay Interior","Gaillard Island",30.5063,-88.03619999999999,"MODU",0,2,,"Y","N"
1992,2011,"06/15/11 00:00:00","LA","Breton-Chandeleur Islands","New Harbor Island 3",29.8542,-88.8634,"MODU",0,1,,"Y","N"
2591,2012,"05/27/12 00:00:00","LA","Barataria Bay","Grand Island Point",29.3727,-89.8929,"MODU",0,2,,"Y","N"
3253,2013,"05/23/13 00:00:00","LA","Barataria Bay","Belle Pass East",29.0901,-90.22190000000001,"MODU",0,2,,"Y","N"
3254,2013,"05/23/13 00:00:00","LA","Terrebonne Bay","Houma Navigation Canal Island",29.19515,-90.61565,"MODU",0,2,,"Y","N"
3302,2013,"05/23/13 00:00:00","LA","Barataria Bay","Queen Bess Island",29.3043,-89.9592,"MODU",0,15,,"Y","N"
3935,2015,"05/16/15 00:00:00","LA","Terrebonne Bay","Houma Navigation Canal Island",29.19515,-90.61565,"MODU",0,3,,"Y","N"
3947,2015,"05/16/15 00:00:00","LA","Barataria Bay","Queen Bess Island",29.3043,-89.9592,"MODU",0,4,,"Y","N"
4007,2015,"05/18/15 00:00:00","LA","Biloxi North","Door Point Lagoon 2",30.06117,-89.18415,"MODU",0,19,,"Y","N"
4012,2015,"05/18/15 00:00:00","AL","Mobile Bay Interior","Gaillard Island",30.5063,-88.03619999999999,"MODU",0,22,,"Y","N"
5775,2021,"05/22/21 00:00:00","LA","Terrebonne Bay","Raccoon Island",29.0505,-90.92659999999999,"MODU",0,4,,"Y","N"
1170,2010,"06/24/10 00:00:00","TX","Galveston","Follets Island",29.058,-95.1619,"NECO",0,3,,"Y","N"
1171,2010,"06/26/10 00:00:00","TX","Sabine-Calcasieu","Motiva West 7th",29.8513,-93.9576,"NECO",0,3,,"Y","N"
1200,2010,"06/26/10 00:00:00","TX","Sabine-Calcasieu","Texas Coast 1",29.8482,-93.9521,"NECO",0,4,,"Y","N"
2030,2011,"06/14/11 00:00:00","LA","Biloxi North","Biloxi North 12",30.042,-89.273,"NECO",0,2,,"Y","N"
3255,2013,"05/23/13 00:00:00","LA","Barataria Bay","Queen Bess Island",29.3043,-89.9592,"NECO",0,2,,"Y","N"
5629,2021,"05/17/21 00:00:00","TX","Galveston","Bay Harbor Island",29.13251,-95.07424,"NECO",0,1,,"Y","N"
5630,2021,"06/18/21 00:00:00","TX","Galveston","Mayes Lake North",29.83194,-94.77016999999999,"NECO",0,1,,"Y","N"
5631,2021,"05/17/21 00:00:00","TX","Galveston","West Bay Bird Island New",29.09832,-95.14131999999999,"NECO",0,1,,"Y","N"
5816,2021,"06/20/21 00:00:00","TX","Corpus Christi-Aransas Bay","West Nueces Bay 51W P",27.85798,-97.49055,"NECO",0,8,,"Y","N"
5912,2021,"05/17/21 00:00:00","TX","Corpus Christi-Aransas Bay","Second Chain of Islands J",28.1857,-96.8137,"NECO",0,145,,"Y","N"
5917,2021,"05/17/21 00:00:00","TX","East Matagorda Bay","Dressing Point",28.73145,-95.76074,"NECO",0,201,,"Y","N"
5750,2021,"06/15/21 00:00:00","AL","Mobile Bay Interior","Gaillard Island",30.5063,-88.03619999999999,"NSHO",0,3,,"Y","N"
5632,2021,"05/23/21 00:00:00","LA","Biloxi North","Biloxi North 5",30.0675,-89.2069,"OSPR",0,1,,"Y","N"
5633,2021,"06/15/21 00:00:00","MS","Mississippi Sound","Old Round Island",30.29523,-88.58663,"OSPR",0,1,,"Y","N"
1035,2010,"05/18/10 00:00:00","AL","Mississippi Sound","Cat Island",30.3207,-88.2099,"RBGU",0,1,,"Y","N"
1036,2010,"05/07/10 00:00:00","LA","Biloxi North","Biloxi North 16",29.9984,-89.2924,"REEG",0,1,,"Y","N"
1037,2010,"06/23/10 00:00:00","TX","Matagorda Bay","Seadrift Island B",28.3968,-96.7229,"REEG",0,1,,"Y","N"
1201,2010,"06/24/10 00:00:00","TX","Galveston","Drum Bay Islands 2",29.0123,-95.2253,"REEG",0,4,,"Y","N"
1993,2011,"05/18/11 00:00:00","LA","Breton-Chandeleur Islands","Breton Island",29.4955,-89.1742,"REEG",0,1,,"Y","N"
1994,2011,"05/20/11 00:00:00","AL","Mobile Bay Interior","Gaillard Island",30.5063,-88.03619999999999,"REEG",0,1,,"Y","N"
1995,2011,"05/19/11 00:00:00","LA","Breton-Chandeleur Islands","New Harbor Island 2",29.8565,-88.875,"REEG",0,1,,"Y","N"
2076,2011,"05/18/11 00:00:00","LA","Barataria Bay","Cat Bay Island",29.3474,-89.8672,"REEG",0,6,,"Y","N"
3862,2015,"06/21/15 00:00:00","LA","Biloxi North","Little Mud Grass Island Northeast",29.9628,-89.3156,"REEG",0,1,,"Y","N"
5634,2021,"05/17/21 00:00:00","TX","Lower Laguna Madre","Bahia Grande B",26.044,-97.30609,"REEG",0,1,,"Y","N"
5635,2021,"05/17/21 00:00:00","TX","Upper Laguna Madre","Naval Air Station Islands P",27.670627,-97.25837,"REEG",0,1,"WM","Y","N"
5636,2021,"05/17/21 00:00:00","TX","Corpus Christi-Aransas Bay","Pelican Island Spoil B",27.81882,-97.14743,"REEG",0,1,"DM","Y","N"
5751,2021,"05/17/21 00:00:00","TX","Lower Laguna Madre","East Flats Spoil",26.72269,-97.42762,"REEG",0,3,,"Y","N"
5752,2021,"06/20/21 00:00:00","TX","Upper Laguna Madre","White Pelican Island",27.39097,-97.36359,"REEG",0,3,,"Y","N"
5637,2021,"06/14/21 00:00:00","FL","Apalachicola East","Lanark Reef West",29.871013,-84.590857,"REKN",0,1,,"Y","N"
1038,2010,"05/07/10 00:00:00","LA","Biloxi North","Little Mud Grass Island Northeast",29.9628,-89.3156,"ROSA",0,1,,"Y","N"
1355,2010,"05/07/10 00:00:00","LA","Biloxi North","Biloxi North 15",29.9943,-89.2162,"ROSA",0,25,,"Y","N"
1418,2010,"05/17/10 00:00:00","LA","Sabine-Calcasieu","Louisiana West 1",29.5776,-92.56780000000001,"ROSA",0,64,,"Y","N"
1448,2010,"05/18/10 00:00:00","MS","Mississippi Sound Gulf Islands","Horn Island",30.23863,-88.68608999999999,"ROSA",0,129,,"Y","N"
1476,2010,"06/23/10 00:00:00","TX","Corpus Christi-Aransas Bay","Long Reef Deadman Islands B",28.0763,-96.96550000000001,"ROSA",0,250,,"Y","N"
1482,2010,"05/17/10 00:00:00","LA","Terrebonne Bay","Wine Island",29.0948,-90.6108,"ROSA",0,301,,"Y","N"
1493,2010,"05/08/10 00:00:00","LA","Barataria Bay","Belle Pass East",29.0901,-90.22190000000001,"ROSA",0,600,,"Y","N"
2119,2011,"06/15/11 00:00:00","LA","Breton-Chandeleur Islands","New Harbor Island 1",29.87609,-88.87682,"ROSA",0,69,,"Y","N"
2124,2011,"05/19/11 00:00:00","LA","Biloxi North","Brush Island",30.034,-89.1863,"ROSA",0,160,,"Y","N"
2629,2012,"06/19/12 00:00:00","LA","Biloxi North","Brush Island",30.034,-89.1863,"ROSA",0,7,,"Y","N"
2681,2012,"05/27/12 00:00:00","LA","Terrebonne Bay","Felicity Island",29.2558,-90.44,"ROSA",0,154,,"Y","N"
2682,2012,"05/27/12 00:00:00","LA","Barataria Bay","Cat Bay South Island",29.3341,-89.8716,"ROSA",0,163,,"Y","N"
2687,2012,"05/27/12 00:00:00","LA","Terrebonne Bay","Wine Island",29.0948,-90.6108,"ROSA",0,284,,"Y","N"
1039,2010,"06/23/10 00:00:00","TX","Corpus Christi-Aransas Bay","Causeway Island Platforms A",27.9326,-97.09950000000001,"ROSP",0,1,,"Y","N"
1040,2010,"06/24/10 00:00:00","TX","Galveston","Cedar Lakes 4",28.8442,-95.488,"ROSP",0,1,,"Y","N"
1041,2010,"06/11/10 00:00:00","FL","Crystal River","Seahorse Key",29.0969,-83.06610000000001,"ROSP",0,1,,"Y","N"
1042,2010,"06/23/10 00:00:00","TX","Corpus Christi-Aransas Bay","West Nueces Bay 51W D",27.85152,-97.47873,"ROSP",0,1,,"Y","N"
1122,2010,"06/24/10 00:00:00","TX","Galveston","Cedar Lakes 3",28.8463,-95.49120000000001,"ROSP",0,2,,"Y","N"
1172,2010,"06/08/10 00:00:00","FL","Everglades National Park","Buchanan Keys",24.9199,-80.7752,"ROSP",0,3,,"Y","N"
1219,2010,"05/08/10 00:00:00","LA","Barataria Bay","Cat Bay North Island",29.3656,-89.8646,"ROSP",0,5,,"Y","N"
1231,2010,"06/11/10 00:00:00","FL","Tampa Bay","Hillsborough Channel Spoil Island",27.8246,-82.43429999999999,"ROSP",0,6,,"Y","N"
1321,2010,"06/26/10 00:00:00","TX","Sabine-Calcasieu","Motiva West 7th",29.8513,-93.9576,"ROSP",0,18,"Does not include 3 Empty Nests","Y","N"
1345,2010,"06/23/10 00:00:00","TX","Matagorda Bay","Seadrift Island B",28.3968,-96.7229,"ROSP",0,22,,"Y","N"
1399,2010,"06/23/10 00:00:00","TX","Matagorda Bay","Lavaca Bay Spoils E",28.59947,-96.56207999999999,"ROSP",0,50,,"Y","N"
1426,2010,"05/08/10 00:00:00","LA","Barataria Bay","Queen Bess Island",29.3043,-89.9592,"ROSP",0,81,,"Y","N"
1996,2011,"05/19/11 00:00:00","LA","Biloxi North","Biloxi North 36",30.0497,-89.3038,"ROSP",0,1,,"Y","N"
2031,2011,"05/18/11 00:00:00","LA","Breton-Chandeleur Islands","Breton Island",29.4955,-89.1742,"ROSP",0,2,,"Y","N"
2032,2011,"06/17/11 00:00:00","LA","Biloxi South","Long Bay Island",29.5021,-89.5356,"ROSP",0,2,,"Y","N"
2051,2011,"06/14/11 00:00:00","LA","Biloxi North","Biloxi North 10 A",30.0485,-89.322,"ROSP",0,3,,"Y","N"
2561,2012,"05/28/12 00:00:00","LA","Biloxi South","Belle Isle",29.5758,-89.5727,"ROSP",0,1,,"Y","N"
2562,2012,"05/28/12 00:00:00","LA","Biloxi South","Biloxi South 10 C",29.53327,-89.55606,"ROSP",0,1,,"Y","N"
3209,2013,"06/18/13 00:00:00","LA","Biloxi South","Biloxi South 2",29.7047,-89.5647,"ROSP",0,1,,"Y","N"
3272,2013,"06/19/13 00:00:00","LA","Biloxi North","Biloxi North 10 A",30.0485,-89.322,"ROSP",0,4,,"Y","N"
3863,2015,"05/17/15 00:00:00","LA","Biloxi North","Biloxi North 10 A",30.0485,-89.322,"ROSP",0,1,,"Y","N"
3864,2015,"06/21/15 00:00:00","LA","Biloxi North","Biloxi North 10 D",30.0476,-89.31829999999999,"ROSP",0,1,,"Y","N"
3865,2015,"06/21/15 00:00:00","LA","Biloxi South","Biloxi South 10 B",29.5289,-89.55068,"ROSP",0,1,,"Y","N"
3866,2015,"05/17/15 00:00:00","LA","Biloxi North","Dry Bread Island",29.8426,-89.3064,"ROSP",0,1,,"Y","N"
3867,2015,"05/17/15 00:00:00","LA","Biloxi North","Hell Pass Coast B",29.92847,-89.3079,"ROSP",0,1,,"Y","N"
3993,2015,"05/17/15 00:00:00","LA","Biloxi South","Biloxi South 5 B",29.6521,-89.4577,"ROSP",0,13,,"Y","N"
4020,2015,"05/16/15 00:00:00","LA","Terrebonne Bay","Raccoon Island",29.0505,-90.92659999999999,"ROSP",0,30,,"Y","N"
4459,2018,"05/19/18 00:00:00","LA","Biloxi North","Biloxi North 16",29.9984,-89.2924,"ROSP",0,1,,"Y","N"
4460,2018,"06/23/18 00:00:00","LA","Biloxi North","Comfort Island",29.825987,-89.254186,"ROSP",0,1,,"Y","N"
4461,2018,"05/19/18 00:00:00","LA","Biloxi North","Little Mud Grass Island",29.9508,-89.32250000000001,"ROSP",0,1,,"Y","N"
4508,2018,"05/21/18 00:00:00","LA","Barataria Bay","Belle Pass East",29.0901,-90.22190000000001,"ROSP",0,16,,"Y","N"
5638,2021,"06/17/21 00:00:00","LA","Biloxi South","Biloxi South 6",29.6569,-89.5145,"ROSP",0,1,,"Y","N"
5639,2021,"06/20/21 00:00:00","TX","Upper Laguna Madre","Naval Air Station Islands H",27.664078,-97.248767,"ROSP",0,1,,"Y","N"
5640,2021,"05/17/21 00:00:00","TX","Upper Laguna Madre","White Pelican Island",27.39097,-97.36359,"ROSP",0,1,,"Y","N"
5776,2021,"06/16/21 00:00:00","LA","Biloxi North","Biloxi North 4",30.0909,-89.23180000000001,"ROSP",0,4,,"Y","N"
5777,2021,"05/22/21 00:00:00","LA","Barataria Bay","Queen Bess Island",29.3043,-89.9592,"ROSP",0,4,,"Y","N"
5790,2021,"05/17/21 00:00:00","TX","Galveston","West Bay Bird Island New",29.09832,-95.14131999999999,"ROSP",0,5,,"Y","N"
5869,2021,"06/18/21 00:00:00","LA","Terrebonne Bay","Houma Navigation Canal Island",29.19515,-90.61565,"ROSP",0,24,,"Y","N"
1043,2010,"05/18/10 00:00:00","LA","Biloxi North","Biloxi North 13",30.0261,-89.2274,"ROYT",0,1,,"Y","N"
1044,2010,"06/23/10 00:00:00","TX","Matagorda Bay","Chester Island",28.45174,-96.34689,"ROYT",0,1,,"Y","N"
1045,2010,"06/27/10 00:00:00","LA","Biloxi North","Isle au Pitre",30.1526,-89.1968,"ROYT",0,1,,"Y","N"
1123,2010,"06/27/10 00:00:00","LA","Biloxi North","Biloxi North 27",29.8807,-89.2497,"ROYT",0,2,,"Y","N"
1124,2010,"05/08/10 00:00:00","LA","Birdsfoot West","Burrwood Bayou North",28.972,-89.3475,"ROYT",0,2,,"Y","N"
1125,2010,"06/11/10 00:00:00","FL","Tampa Bay","Hillsborough Channel Spoil Island",27.8246,-82.43429999999999,"ROYT",0,2,,"Y","N"
1126,2010,"05/18/10 00:00:00","MS","Mississippi Sound","Mississippi Coast 2",30.3524,-88.5882,"ROYT",0,2,,"Y","N"
1173,2010,"05/08/10 00:00:00","LA","Biloxi South","Biloxi South 5 A",29.6523,-89.464,"ROYT",0,3,,"Y","N"
1202,2010,"05/07/10 00:00:00","LA","Biloxi North","Biloxi Lake B 2",29.9207,-89.53740000000001,"ROYT",0,4,,"Y","N"
1203,2010,"05/18/10 00:00:00","LA","Biloxi North","Biloxi North 11",30.0324,-89.3141,"ROYT",0,4,,"Y","N"
1220,2010,"05/07/10 00:00:00","LA","Biloxi North","Biloxi North 17",29.9751,-89.2762,"ROYT",0,5,,"Y","N"
1221,2010,"05/07/10 00:00:00","LA","Biloxi North","Biloxi North 31",29.8043,-89.28149999999999,"ROYT",0,5,,"Y","N"
1222,2010,"05/08/10 00:00:00","LA","Birdsfoot West","Burrwood Bayou South",28.9395,-89.3937,"ROYT",0,5,,"Y","N"
1223,2010,"05/18/10 00:00:00","LA","Biloxi North","West Karako Bay Islet",30.0049,-89.23090000000001,"ROYT",0,5,,"Y","N"
1246,2010,"05/17/10 00:00:00","LA","Terrebonne Bay","Terrebonne Bay 2",29.1992,-90.44840000000001,"ROYT",0,7,,"Y","N"
1263,2010,"05/17/10 00:00:00","LA","Sabine-Calcasieu","Louisiana West 2",29.5967,-92.6617,"ROYT",0,8,,"Y","N"
1271,2010,"05/17/10 00:00:00","LA","Sabine-Calcasieu","Louisiana West 4",29.6407,-92.7851,"ROYT",0,9,,"Y","N"
1272,2010,"06/10/10 00:00:00","FL","Ten Thousand Islands","Marco Island",25.9549,-81.75279999999999,"ROYT",0,9,,"Y","N"
1286,2010,"05/18/10 00:00:00","MS","Mississippi Sound","Mississippi Coast 1",30.3454,-88.4083,"ROYT",0,11,,"Y","N"
1288,2010,"06/08/10 00:00:00","FL","Florida Keys","Boca Grande Key",24.5328,-82.0043,"ROYT",0,12,,"Y","N"
1289,2010,"05/07/10 00:00:00","LA","Biloxi North","Little Mud Grass Island Northeast",29.9628,-89.3156,"ROYT",0,12,,"Y","N"
1310,2010,"05/17/10 00:00:00","LA","Sabine-Calcasieu","Louisiana West 3",29.6137,-92.7139,"ROYT",0,16,,"Y","N"
1341,2010,"05/07/10 00:00:00","LA","Biloxi North","Redfish Bend",29.9679,-89.2276,"ROYT",0,21,,"Y","N"
1346,2010,"05/18/10 00:00:00","MS","Mississippi Sound","Old Round Island",30.29523,-88.58663,"ROYT",0,22,,"Y","N"
1358,2010,"05/07/10 00:00:00","LA","Biloxi North","Biloxi North 12",30.042,-89.273,"ROYT",0,26,,"Y","N"
1366,2010,"06/10/10 00:00:00","FL","Tampa Bay","Stump Pass",26.8968,-82.3409,"ROYT",0,30,,"Y","N"
1369,2010,"05/08/10 00:00:00","LA","Biloxi South","Biloxi South 1",29.6873,-89.4646,"ROYT",0,32,,"Y","N"
1370,2010,"05/07/10 00:00:00","LA","Biloxi North","Hell Pass Coast D",29.9229,-89.31514,"ROYT",0,32,,"Y","N"
1379,2010,"05/18/10 00:00:00","MS","Mississippi Sound Gulf Islands","Horn Island",30.23863,-88.68608999999999,"ROYT",0,37,,"Y","N"
1385,2010,"05/17/10 00:00:00","LA","Sabine-Calcasieu","Louisiana West 5",29.6755,-92.8694,"ROYT",0,41,,"Y","N"
1392,2010,"06/25/10 00:00:00","TX","Galveston","Smith Point Island",29.5364,-94.8082,"ROYT",0,45,,"Y","N"
1416,2010,"05/18/10 00:00:00","AL","Mississippi Sound","Cat Island",30.3207,-88.2099,"ROYT",0,62,,"Y","N"
1432,2010,"05/17/10 00:00:00","LA","Sabine-Calcasieu","Louisiana West 1",29.5776,-92.56780000000001,"ROYT",0,96,,"Y","N"
1452,2010,"05/18/10 00:00:00","LA","Lake Borgne","Half Moon Island",30.1376,-89.43519999999999,"ROYT",0,138,,"Y","N"
1454,2010,"05/18/10 00:00:00","AL","Mississippi Sound Gulf Islands","Cedar Island",30.2791,-88.1193,"ROYT",0,143,,"Y","N"
1459,2010,"06/10/10 00:00:00","FL","Ten Thousand Islands","Second Chance Critical Wildlife Area",25.8389,-81.6674,"ROYT",0,175,,"Y","N"
1465,2010,"05/07/10 00:00:00","LA","Breton-Chandeleur Islands","Chandeleur South C",29.780414,-88.87419199999999,"ROYT",0,190,,"Y","N"
1469,2010,"05/08/10 00:00:00","LA","Barataria Bay","Barataria Bay 9",29.1376,-90.1323,"ROYT",0,208,,"Y","N"
1472,2010,"05/17/10 00:00:00","LA","Atchafalaya Bay","Vermilion Bay 1",29.3141,-91.3429,"ROYT",0,235,,"Y","N"
1483,2010,"05/08/10 00:00:00","LA","Barataria Bay","Barataria Bay 10",29.1181,-90.16500000000001,"ROYT",0,324,,"Y","N"
1997,2011,"06/14/11 00:00:00","LA","Biloxi North","Biloxi North 30 A",29.8191,-89.31010000000001,"ROYT",0,1,,"Y","N"
2033,2011,"05/18/11 00:00:00","LA","Barataria Bay","Bay Ronquille Northeast Island",29.3659,-89.8357,"ROYT",0,2,,"Y","N"
2077,2011,"06/15/11 00:00:00","LA","Breton-Chandeleur Islands","New Harbor Island 1",29.87609,-88.87682,"ROYT",0,6,,"Y","N"
2087,2011,"05/18/11 00:00:00","LA","Biloxi South","Belle Isle",29.5758,-89.5727,"ROYT",0,10,,"Y","N"
2090,2011,"06/14/11 00:00:00","LA","Biloxi North","Turtle Pen Isle",29.938,-89.242,"ROYT",0,11,,"Y","N"
2092,2011,"06/14/11 00:00:00","LA","Biloxi North","Biloxi North 27",29.8807,-89.2497,"ROYT",0,12,,"Y","N"
2113,2011,"05/18/11 00:00:00","LA","Biloxi South","Biloxi South 9",29.5392,-89.53530000000001,"ROYT",0,49,,"Y","N"
2129,2011,"05/17/11 00:00:00","LA","Terrebonne Bay","Raccoon Island West",29.0596,-90.94159999999999,"ROYT",0,328,,"Y","N"
2563,2012,"05/27/12 00:00:00","LA","Terrebonne Bay","Raccoon Island West",29.0596,-90.94159999999999,"ROYT",0,1,,"Y","N"
2592,2012,"05/27/12 00:00:00","LA","Barataria Bay","Bay Ronquille Northwest Island",29.3631,-89.85339999999999,"ROYT",0,2,,"Y","N"
2633,2012,"05/28/12 00:00:00","LA","Biloxi North","Biloxi North 26",29.8979,-89.301,"ROYT",0,8,,"Y","N"
2634,2012,"06/18/12 00:00:00","AL","Mississippi Sound","Terrapin Island",30.335,-88.2619,"ROYT",0,10,,"Y","N"
2648,2012,"05/28/12 00:00:00","LA","Biloxi South","Biloxi South 9",29.5392,-89.53530000000001,"ROYT",0,23,,"Y","N"
2655,2012,"05/28/12 00:00:00","LA","Biloxi South","Biloxi South 4 B",29.6629,-89.4628,"ROYT",0,28,,"Y","N"
2656,2012,"06/19/12 00:00:00","LA","Biloxi North","Isle au Pitre",30.1526,-89.1968,"ROYT",0,29,,"Y","N"
2670,2012,"05/28/12 00:00:00","LA","Biloxi South","Biloxi South 5 B",29.6521,-89.4577,"ROYT",0,68,,"Y","N"
2673,2012,"05/28/12 00:00:00","LA","Biloxi North","Biloxi North 27",29.8807,-89.2497,"ROYT",0,88,,"Y","N"
2674,2012,"06/19/12 00:00:00","LA","Lake Borgne","Half Moon Island",30.1376,-89.43519999999999,"ROYT",0,94,,"Y","N"
2675,2012,"05/28/12 00:00:00","LA","Biloxi South","Biloxi South 4 A",29.6618,-89.46720000000001,"ROYT",0,98,,"Y","N"
2680,2012,"05/28/12 00:00:00","LA","Biloxi South","Long Bay Island",29.5021,-89.5356,"ROYT",0,125,,"Y","N"
2690,2012,"06/19/12 00:00:00","LA","Birdsfoot East","Birdsfoot East 3",29.3725,-89.29989999999999,"ROYT",0,551,,"Y","N"
3210,2013,"05/24/13 00:00:00","LA","Biloxi North","Biloxi North 12",30.042,-89.273,"ROYT",0,1,,"Y","N"
3211,2013,"05/24/13 00:00:00","LA","Biloxi North","Biloxi North 13",30.0261,-89.2274,"ROYT",0,1,,"Y","N"
3212,2013,"05/24/13 00:00:00","LA","Biloxi North","Dry Bread Island",29.8426,-89.3064,"ROYT",0,1,,"Y","N"
3213,2013,"05/23/13 00:00:00","LA","Terrebonne Bay","Raccoon Island West",29.0596,-90.94159999999999,"ROYT",0,1,,"Y","N"
3294,2013,"06/19/13 00:00:00","LA","Biloxi North","Biloxi North 3",30.0997,-89.283,"ROYT",0,9,,"Y","N"
3295,2013,"06/18/13 00:00:00","LA","Biloxi North","Comfort Island",29.825987,-89.254186,"ROYT",0,10,,"Y","N"
3300,2013,"06/18/13 00:00:00","LA","Biloxi North","Deadman Point",29.7411,-89.35680000000001,"ROYT",0,14,,"Y","N"
3307,2013,"05/24/13 00:00:00","AL","Mississippi Sound","Cat Island",30.3207,-88.2099,"ROYT",0,21,,"Y","N"
3308,2013,"06/17/13 00:00:00","AL","Mississippi Sound","Terrapin Island",30.335,-88.2619,"ROYT",0,21,,"Y","N"
3309,2013,"06/19/13 00:00:00","LA","Lake Borgne","Half Moon Island",30.1376,-89.43519999999999,"ROYT",0,22,,"Y","N"
3314,2013,"06/19/13 00:00:00","LA","Biloxi North","Bayou Pintou",30.128,-89.224,"ROYT",0,29,,"Y","N"
3316,2013,"06/19/13 00:00:00","LA","Barataria Bay","Grand Island Point",29.3727,-89.8929,"ROYT",0,35,,"Y","N"
3317,2013,"05/24/13 00:00:00","LA","Biloxi South","Biloxi South 9",29.5392,-89.53530000000001,"ROYT",0,39,,"Y","N"
3328,2013,"06/18/13 00:00:00","LA","Breton-Chandeleur Islands","Chandeleur South C",29.780414,-88.87419199999999,"ROYT",0,80,,"Y","N"
3331,2013,"05/24/13 00:00:00","LA","Biloxi North","Door Point Lagoon 2",30.06117,-89.18415,"ROYT",0,90,,"Y","N"
3339,2013,"06/18/13 00:00:00","LA","Breton-Chandeleur Islands","Freemason Island",29.789,-88.977,"ROYT",0,1075,,"Y","N"
3868,2015,"06/20/15 00:00:00","LA","Vermilion Bay","Bayou Platte Island South",29.6069,-91.8913,"ROYT",0,1,,"Y","N"
3869,2015,"05/17/15 00:00:00","LA","Biloxi South","Biloxi South 1",29.6873,-89.4646,"ROYT",0,1,,"Y","N"
3870,2015,"05/16/15 00:00:00","LA","Terrebonne Bay","Houma Navigation Canal Island",29.19515,-90.61565,"ROYT",0,1,,"Y","N"
3871,2015,"05/16/15 00:00:00","LA","Barataria Bay","Queen Bess Island",29.3043,-89.9592,"ROYT",0,1,,"Y","N"
3872,2015,"05/16/15 00:00:00","LA","Birdsfoot West","Scofield Island",29.241339,-89.54569100000001,"ROYT",0,1,,"Y","N"
3913,2015,"05/17/15 00:00:00","LA","Breton-Chandeleur Islands","Chandeleur South A",29.809332,-88.86106700000001,"ROYT",0,2,,"Y","N"
3914,2015,"06/21/15 00:00:00","LA","Biloxi North","Mink Island",30.00568,-89.30034999999999,"ROYT",0,2,,"Y","N"
3948,2015,"05/18/15 00:00:00","LA","Biloxi North","Isle au Pitre",30.1526,-89.1968,"ROYT",0,4,,"Y","N"
3949,2015,"05/17/15 00:00:00","LA","Biloxi South","Long Bay Island",29.5021,-89.5356,"ROYT",0,4,,"Y","N"
3978,2015,"05/16/15 00:00:00","LA","Barataria Bay","Bastian Island",29.296,-89.66549999999999,"ROYT",0,9,,"Y","N"
3983,2015,"05/17/15 00:00:00","LA","Biloxi North","Hell Pass Coast A",29.93259,-89.30759999999999,"ROYT",0,10,,"Y","N"
3989,2015,"05/17/15 00:00:00","LA","Breton-Chandeleur Islands","Freemason Island",29.789,-88.977,"ROYT",0,12,,"Y","N"
3990,2015,"05/17/15 00:00:00","LA","Biloxi North","Turtle Pen Isle",29.938,-89.242,"ROYT",0,12,,"Y","N"
3998,2015,"05/17/15 00:00:00","LA","Biloxi North","Biloxi North 31",29.8043,-89.28149999999999,"ROYT",0,15,,"Y","N"
3999,2015,"06/22/15 00:00:00","MS","Mississippi Sound Gulf Islands","Ship Island West",30.21127,-88.98289,"ROYT",0,15,,"Y","N"
4003,2015,"05/17/15 00:00:00","LA","Biloxi North","Biloxi North 35",29.951,-89.253,"ROYT",0,17,,"Y","N"
4004,2015,"05/16/15 00:00:00","LA","Terrebonne Bay","Wine Island",29.0948,-90.6108,"ROYT",0,17,,"Y","N"
4009,2015,"06/21/15 00:00:00","LA","Biloxi North","Deadman Point",29.7411,-89.35680000000001,"ROYT",0,20,,"Y","N"
4014,2015,"06/21/15 00:00:00","LA","Biloxi South","Biloxi South 4 A",29.6618,-89.46720000000001,"ROYT",0,24,,"Y","N"
4017,2015,"05/16/15 00:00:00","LA","Barataria Bay","Cat Bay South Island",29.3341,-89.8716,"ROYT",0,29,,"Y","N"
4018,2015,"06/21/15 00:00:00","LA","Lake Borgne","Half Moon Island",30.1376,-89.43519999999999,"ROYT",0,29,,"Y","N"
4022,2015,"05/17/15 00:00:00","LA","Breton-Chandeleur Islands","Chandeleur North C",29.929685,-88.82179600000001,"ROYT",0,35,,"Y","N"
4030,2015,"06/22/15 00:00:00","MS","Mississippi Sound Gulf Islands","Ship Island East",30.2382,-88.8867,"ROYT",0,41,,"Y","N"
4042,2015,"05/17/15 00:00:00","LA","Biloxi North","Martin Island",29.959,-89.19840000000001,"ROYT",0,63,,"Y","N"
4044,2015,"05/17/15 00:00:00","LA","Birdsfoot East","Birdsfoot East 3",29.3725,-89.29989999999999,"ROYT",0,65,,"Y","N"
4050,2015,"05/18/15 00:00:00","MS","Mississippi Sound Gulf Islands","Horn Island",30.23863,-88.68608999999999,"ROYT",0,76,,"Y","N"
4051,2015,"06/21/15 00:00:00","LA","Biloxi South","Biloxi South 9",29.5392,-89.53530000000001,"ROYT",0,78,,"Y","N"
4462,2018,"05/19/18 00:00:00","LA","Biloxi South","Biloxi South 5 A",29.6523,-89.464,"ROYT",0,1,,"Y","N"
4476,2018,"06/23/18 00:00:00","LA","Biloxi North","Bayou Pintou",30.128,-89.224,"ROYT",0,2,,"Y","N"
4489,2018,"05/19/18 00:00:00","LA","Biloxi South","Biloxi South 4 B",29.6629,-89.4628,"ROYT",0,4,,"Y","N"
4494,2018,"05/19/18 00:00:00","LA","Biloxi North","Mink Island",30.00568,-89.30034999999999,"ROYT",0,5,,"Y","N"
4514,2018,"05/19/18 00:00:00","LA","Biloxi North","Brush Island",30.034,-89.1863,"ROYT",0,25,,"Y","N"
4517,2018,"05/21/18 00:00:00","LA","Terrebonne Bay","East Island",29.07041,-90.65692,"ROYT",0,29,,"Y","N"
4523,2018,"05/19/18 00:00:00","LA","Biloxi South","Long Bay Island",29.5021,-89.5356,"ROYT",0,34,,"Y","N"
4524,2018,"06/23/18 00:00:00","LA","Biloxi North","Biloxi North 3",30.0997,-89.283,"ROYT",0,38,,"Y","N"
4525,2018,"06/24/18 00:00:00","LA","Breton-Chandeleur Islands","New Harbor Island 1",29.87609,-88.87682,"ROYT",0,46,,"Y","N"
4529,2018,"05/19/18 00:00:00","LA","Lake Borgne","Half Moon Island",30.1376,-89.43519999999999,"ROYT",0,50,,"Y","N"
4530,2018,"05/19/18 00:00:00","LA","Biloxi North","Door Point Lagoon 2",30.06117,-89.18415,"ROYT",0,51,,"Y","N"
4531,2018,"06/23/18 00:00:00","LA","Biloxi South","Biloxi South 1",29.6873,-89.4646,"ROYT",0,61,,"Y","N"
4533,2018,"05/19/18 00:00:00","LA","Biloxi North","Martin Island",29.959,-89.19840000000001,"ROYT",0,77,,"Y","N"
4535,2018,"06/23/18 00:00:00","LA","Biloxi North","Deadman Point",29.7411,-89.35680000000001,"ROYT",0,94,,"Y","N"
4537,2018,"05/19/18 00:00:00","LA","Biloxi South","Biloxi South 10 D",29.52792,-89.54504,"ROYT",0,138,,"Y","N"
4540,2018,"05/19/18 00:00:00","LA","Biloxi South","Biloxi South 9",29.5392,-89.53530000000001,"ROYT",0,230,,"Y","N"
5641,2021,"05/17/21 00:00:00","TX","Upper Laguna Madre","White Pelican Island",27.39097,-97.36359,"ROYT",0,1,,"Y","N"
5711,2021,"06/17/21 00:00:00","LA","Biloxi South","Belle Isle",29.5758,-89.5727,"ROYT",0,2,,"Y","N"
5712,2021,"06/17/21 00:00:00","LA","Biloxi North","Biloxi North 16",29.9984,-89.2924,"ROYT",0,2,,"Y","N"
5713,2021,"05/23/21 00:00:00","LA","Biloxi North","Biloxi North 5",30.0675,-89.2069,"ROYT",0,2,,"Y","N"
5714,2021,"05/18/21 00:00:00","TX","Galveston","Dickinson Bay Spoil Island",29.46827,-94.94542,"ROYT",0,2,,"Y","N"
5753,2021,"06/16/21 00:00:00","LA","Biloxi North","Biloxi North 38",30.00238,-89.21496999999999,"ROYT",0,3,,"Y","N"
5754,2021,"06/17/21 00:00:00","LA","Biloxi South","Biloxi South 6",29.6569,-89.5145,"ROYT",0,3,,"Y","N"
5755,2021,"05/17/21 00:00:00","TX","Lower Laguna Madre","Green Hill Spoils A",26.49391,-97.388755,"ROYT",0,3,,"Y","N"
5756,2021,"06/17/21 00:00:00","LA","Biloxi North","Mink Island",30.00568,-89.30034999999999,"ROYT",0,3,,"Y","N"
5805,2021,"06/17/21 00:00:00","LA","Biloxi South","Biloxi South 10 B",29.5289,-89.55068,"ROYT",0,7,,"Y","N"
5820,2021,"05/17/21 00:00:00","TX","Lower Laguna Madre","East Flats Spoil",26.72269,-97.42762,"ROYT",0,9,,"Y","N"
5837,2021,"06/20/21 00:00:00","TX","Lower Laguna Madre","Green Hill Spoils B",26.48998,-97.38688999999999,"ROYT",0,11,,"Y","N"
5838,2021,"06/15/21 00:00:00","AL","Mississippi Sound","Isle Aux Herbes",30.345969,-88.259531,"ROYT",0,11,,"Y","N"
5843,2021,"05/25/21 00:00:00","FL","Apalachicola East","Apalachicola Bird Island",29.714977,-84.975398,"ROYT",0,13,,"Y","N"
5847,2021,"06/17/21 00:00:00","LA","Biloxi South","Long Bay Island",29.5021,-89.5356,"ROYT",0,16,,"Y","N"
5855,2021,"06/16/21 00:00:00","LA","Biloxi North","Biloxi North 3",30.0997,-89.283,"ROYT",0,19,,"Y","N"
5870,2021,"06/18/21 00:00:00","LA","Atchafalaya Bay","Point au Fer",29.327788,-91.350965,"ROYT",0,25,,"Y","N"
5874,2021,"06/17/21 00:00:00","LA","Biloxi South","Biloxi South 5 A",29.6523,-89.464,"ROYT",0,32,,"Y","N"
5876,2021,"06/17/21 00:00:00","LA","Biloxi North","Comfort Island",29.825987,-89.254186,"ROYT",0,33,,"Y","N"
5880,2021,"05/24/21 00:00:00","MS","Mississippi Sound Gulf Islands","Horn Island",30.23863,-88.68608999999999,"ROYT",0,39,,"Y","N"
5881,2021,"06/17/21 00:00:00","LA","Biloxi North","Turtle Pen Isle",29.938,-89.242,"ROYT",0,39,,"Y","N"
5886,2021,"06/16/21 00:00:00","LA","Lake Borgne","Half Moon Island",30.1376,-89.43519999999999,"ROYT",0,43,,"Y","N"
5890,2021,"06/17/21 00:00:00","LA","Biloxi North","Biloxi North 27",29.8807,-89.2497,"ROYT",0,49,,"Y","N"
5916,2021,"06/16/21 00:00:00","MS","Mississippi Sound","Broad",30.35802,-89.11138,"ROYT",0,199,,"Y","N"
5921,2021,"05/23/21 00:00:00","LA","Biloxi North","Martin Island",29.959,-89.19840000000001,"ROYT",0,270,,"Y","N"
5923,2021,"06/16/21 00:00:00","LA","Biloxi North","Door Point Lagoon 2",30.06117,-89.18415,"ROYT",0,295,,"Y","N"
3214,2013,"05/23/13 00:00:00","LA","Barataria Bay","Queen Bess Island",29.3043,-89.9592,"RSHA",0,1,,"Y","N"
1998,2011,"05/18/11 00:00:00","LA","Barataria Bay","Cat Bay Island",29.3474,-89.8672,"RUTU",0,1,,"Y","N"
2593,2012,"05/27/12 00:00:00","LA","Barataria Bay","Cat Bay South Island",29.3341,-89.8716,"RUTU",0,2,,"Y","N"
3873,2015,"05/17/15 00:00:00","LA","Biloxi South","Belle Isle",29.5758,-89.5727,"RUTU",0,1,,"Y","N"
3874,2015,"05/17/15 00:00:00","LA","Biloxi South","Long Bay Island",29.5021,-89.5356,"RUTU",0,1,,"Y","N"
3915,2015,"05/17/15 00:00:00","LA","Biloxi South","Biloxi South 1",29.6873,-89.4646,"RUTU",0,2,,"Y","N"
3971,2015,"05/18/15 00:00:00","FL","Apalachicola West","Audubon Island",30.17688,-85.7353,"RUTU",0,8,,"Y","N"
5642,2021,"05/25/21 00:00:00","FL","Apalachicola West","Audubon Island",30.17688,-85.7353,"RUTU",0,1,,"Y","N"
5643,2021,"05/17/21 00:00:00","TX","Lower Laguna Madre","East Marker Spoil",26.63626,-97.38531999999999,"RUTU",0,1,,"Y","N"
5644,2021,"05/17/21 00:00:00","TX","Lower Laguna Madre","Green Island Spoils A",26.412032,-97.326928,"RUTU",0,1,,"Y","N"
5645,2021,"05/17/21 00:00:00","TX","Lower Laguna Madre","Green Island Spoils C",26.412323,-97.320581,"RUTU",0,1,,"Y","N"
5646,2021,"05/17/21 00:00:00","TX","Lower Laguna Madre","Laguna Vista Spoils A",26.142736,-97.278547,"RUTU",0,1,,"Y","N"
5647,2021,"05/17/21 00:00:00","TX","Upper Laguna Madre","Naval Air Station Islands O",27.663374,-97.254623,"RUTU",0,1,,"Y","N"
5648,2021,"05/17/21 00:00:00","TX","Corpus Christi-Aransas Bay","Shamrock Island",27.75883,-97.16936,"RUTU",0,1,,"Y","N"
5715,2021,"06/20/21 00:00:00","TX","Lower Laguna Madre","Bahia Grande B",26.044,-97.30609,"RUTU",0,2,,"Y","N"
5716,2021,"05/17/21 00:00:00","TX","Lower Laguna Madre","Green Island Spoils L",26.413197,-97.296649,"RUTU",0,2,,"Y","N"
5717,2021,"05/17/21 00:00:00","TX","Upper Laguna Madre","Pita Island",27.60181,-97.2876,"RUTU",0,2,,"Y","N"
5718,2021,"06/17/21 00:00:00","LA","Biloxi North","Redfish Bend",29.9679,-89.2276,"RUTU",0,2,,"Y","N"
5719,2021,"05/17/21 00:00:00","TX","Upper Laguna Madre","Tern Island",27.65791,-97.25123000000001,"RUTU",0,2,,"Y","N"
5757,2021,"05/17/21 00:00:00","TX","Lower Laguna Madre","Green Island Spoils I",26.412964,-97.302414,"RUTU",0,3,,"Y","N"
5758,2021,"05/17/21 00:00:00","TX","Corpus Christi-Aransas Bay","Second Chain of Islands J",28.1857,-96.8137,"RUTU",0,3,,"Y","N"
5778,2021,"05/17/21 00:00:00","TX","Lower Laguna Madre","Green Island Spoils K",26.410227,-97.299153,"RUTU",0,4,,"Y","N"
5791,2021,"05/18/21 00:00:00","TX","Galveston","Kanaloa Spoil",29.29323,-94.93583,"RUTU",0,5,,"Y","N"
5798,2021,"05/17/21 00:00:00","TX","Lower Laguna Madre","Bahia Grande C East",26.04147,-97.28154000000001,"RUTU",0,6,,"Y","N"
5799,2021,"05/17/21 00:00:00","TX","Upper Laguna Madre","Rabit Island Laguna Madre",27.24658,-97.41421,"RUTU",0,6,,"Y","N"
5861,2021,"05/22/21 00:00:00","LA","Terrebonne Bay","Raccoon Island",29.0505,-90.92659999999999,"RUTU",0,20,,"Y","N"
5863,2021,"05/17/21 00:00:00","TX","East Matagorda Bay","Dressing Point",28.73145,-95.76074,"RUTU",0,21,,"Y","N"
5868,2021,"05/17/21 00:00:00","TX","Lower Laguna Madre","Bahia Grande C Central",26.038968,-97.28825500000001,"RUTU",0,23,,"Y","N"
5892,2021,"05/18/21 00:00:00","TX","Galveston","Evia Island",29.4282,-94.7638,"RUTU",0,52,,"Y","N"
1127,2010,"05/18/10 00:00:00","AL","Mississippi Sound","Cat Island",30.3207,-88.2099,"SATE",0,2,,"Y","N"
1128,2010,"05/17/10 00:00:00","LA","Sabine-Calcasieu","Louisiana West 1",29.5776,-92.56780000000001,"SATE",0,2,,"Y","N"
1129,2010,"05/17/10 00:00:00","LA","Sabine-Calcasieu","Louisiana West 3",29.6137,-92.7139,"SATE",0,2,,"Y","N"
1174,2010,"06/25/10 00:00:00","TX","Galveston","Smith Point Island",29.5364,-94.8082,"SATE",0,3,,"Y","N"
1224,2010,"06/10/10 00:00:00","FL","Tampa Bay","Stump Pass",26.8968,-82.3409,"SATE",0,5,,"Y","N"
1232,2010,"05/18/10 00:00:00","MS","Mississippi Sound","Mississippi Coast 1",30.3454,-88.4083,"SATE",0,6,,"Y","N"
1247,2010,"05/17/10 00:00:00","LA","Sabine-Calcasieu","Louisiana West 5",29.6755,-92.8694,"SATE",0,7,,"Y","N"
1273,2010,"05/07/10 00:00:00","LA","Biloxi North","Biloxi North 31",29.8043,-89.28149999999999,"SATE",0,9,,"Y","N"
1287,2010,"05/18/10 00:00:00","LA","Biloxi North","West Karako Bay Islet",30.0049,-89.23090000000001,"SATE",0,11,,"Y","N"
1311,2010,"05/18/10 00:00:00","MS","Mississippi Sound","Mississippi Coast 2",30.3524,-88.5882,"SATE",0,16,,"Y","N"
1322,2010,"05/17/10 00:00:00","LA","Sabine-Calcasieu","Louisiana West 4",29.6407,-92.7851,"SATE",0,18,,"Y","N"
1333,2010,"05/18/10 00:00:00","LA","Lake Borgne","Half Moon Island",30.1376,-89.43519999999999,"SATE",0,20,,"Y","N"
1380,2010,"05/07/10 00:00:00","LA","Biloxi North","Biloxi North 17",29.9751,-89.2762,"SATE",0,37,,"Y","N"
1383,2010,"05/17/10 00:00:00","LA","Terrebonne Bay","Terrebonne Bay 2",29.1992,-90.44840000000001,"SATE",0,39,,"Y","N"
1400,2010,"06/10/10 00:00:00","FL","Ten Thousand Islands","Second Chance Critical Wildlife Area",25.8389,-81.6674,"SATE",0,50,,"Y","N"
1420,2010,"05/07/10 00:00:00","LA","Biloxi North","Little Mud Grass Island Northeast",29.9628,-89.3156,"SATE",0,67,,"Y","N"
1424,2010,"05/18/10 00:00:00","MS","Mississippi Sound","Old Round Island",30.29523,-88.58663,"SATE",0,75,,"Y","N"
1439,2010,"05/17/10 00:00:00","LA","Atchafalaya Bay","Vermilion Bay 1",29.3141,-91.3429,"SATE",0,106,,"Y","N"
1444,2010,"05/08/10 00:00:00","LA","Barataria Bay","Barataria Bay 9",29.1376,-90.1323,"SATE",0,117,,"Y","N"
1453,2010,"05/18/10 00:00:00","MS","Mississippi Sound Gulf Islands","Horn Island",30.23863,-88.68608999999999,"SATE",0,140,,"Y","N"
1458,2010,"05/07/10 00:00:00","LA","Breton-Chandeleur Islands","Chandeleur South C",29.780414,-88.87419199999999,"SATE",0,163,,"Y","N"
1471,2010,"05/07/10 00:00:00","LA","Biloxi North","Hell Pass Coast D",29.9229,-89.31514,"SATE",0,231,,"Y","N"
1487,2010,"05/08/10 00:00:00","LA","Barataria Bay","Barataria Bay 10",29.1181,-90.16500000000001,"SATE",0,383,,"Y","N"
1999,2011,"06/15/11 00:00:00","LA","Breton-Chandeleur Islands","New Harbor Island 1",29.87609,-88.87682,"SATE",0,1,,"Y","N"
2034,2011,"06/14/11 00:00:00","LA","Biloxi North","Biloxi North 30 A",29.8191,-89.31010000000001,"SATE",0,2,,"Y","N"
2035,2011,"05/18/11 00:00:00","LA","Barataria Bay","Cat Bay North Island",29.3656,-89.8646,"SATE",0,2,,"Y","N"
2127,2011,"05/17/11 00:00:00","LA","Terrebonne Bay","Raccoon Island West",29.0596,-90.94159999999999,"SATE",0,248,,"Y","N"
2594,2012,"06/20/12 00:00:00","LA","Barataria Bay","Bastian Island",29.296,-89.66549999999999,"SATE",0,2,,"Y","N"
2623,2012,"06/19/12 00:00:00","LA","Biloxi North","Isle au Pitre",30.1526,-89.1968,"SATE",0,6,,"Y","N"
2644,2012,"06/18/12 00:00:00","AL","Mississippi Sound","Terrapin Island",30.335,-88.2619,"SATE",0,17,,"Y","N"
2645,2012,"06/19/12 00:00:00","LA","Birdsfoot East","Birdsfoot East 3",29.3725,-89.29989999999999,"SATE",0,20,,"Y","N"
3215,2013,"05/24/13 00:00:00","LA","Biloxi North","Dry Bread Island",29.8426,-89.3064,"SATE",0,1,,"Y","N"
3265,2013,"05/23/13 00:00:00","LA","Terrebonne Bay","Pelican Island",29.1437,-90.3475,"SATE",0,3,,"Y","N"
3315,2013,"06/18/13 00:00:00","LA","Breton-Chandeleur Islands","Chandeleur South C",29.780414,-88.87419199999999,"SATE",0,30,,"Y","N"
3335,2013,"06/18/13 00:00:00","LA","Breton-Chandeleur Islands","Freemason Island",29.789,-88.977,"SATE",0,120,,"Y","N"
3875,2015,"06/21/15 00:00:00","LA","Biloxi North","Bayou Pintou",30.128,-89.224,"SATE",0,1,,"Y","N"
3950,2015,"05/16/15 00:00:00","LA","Barataria Bay","Cat Bay North Island",29.3656,-89.8646,"SATE",0,4,,"Y","N"
3969,2015,"05/18/15 00:00:00","LA","Biloxi North","Brush Island",30.034,-89.1863,"SATE",0,7,,"Y","N"
3972,2015,"05/17/15 00:00:00","LA","Birdsfoot East","Birdsfoot East 3",29.3725,-89.29989999999999,"SATE",0,8,,"Y","N"
3979,2015,"05/16/15 00:00:00","LA","Terrebonne Bay","Terrebonne Bay 1",29.21025,-90.57022000000001,"SATE",0,9,,"Y","N"
3984,2015,"05/16/15 00:00:00","LA","Barataria Bay","Cat Bay South Island",29.3341,-89.8716,"SATE",0,10,,"Y","N"
4001,2015,"05/17/15 00:00:00","LA","Biloxi North","Martin Island",29.959,-89.19840000000001,"SATE",0,16,,"Y","N"
4015,2015,"05/16/15 00:00:00","LA","Terrebonne Bay","Wine Island",29.0948,-90.6108,"SATE",0,25,,"Y","N"
4026,2015,"05/16/15 00:00:00","LA","Barataria Bay","Bastian Island",29.296,-89.66549999999999,"SATE",0,39,,"Y","N"
4043,2015,"05/17/15 00:00:00","LA","Breton-Chandeleur Islands","Freemason Island",29.789,-88.977,"SATE",0,63,,"Y","N"
4047,2015,"05/16/15 00:00:00","LA","Birdsfoot West","Scofield Island",29.241339,-89.54569100000001,"SATE",0,71,,"Y","N"
4054,2015,"06/22/15 00:00:00","MS","Mississippi Sound Gulf Islands","Ship Island West",30.21127,-88.98289,"SATE",0,93,,"Y","N"
4063,2015,"05/18/15 00:00:00","MS","Mississippi Sound Gulf Islands","Horn Island",30.23863,-88.68608999999999,"SATE",0,342,,"Y","N"
4064,2015,"06/22/15 00:00:00","MS","Mississippi Sound Gulf Islands","Ship Island East",30.2382,-88.8867,"SATE",0,528,,"Y","N"
4463,2018,"06/23/18 00:00:00","LA","Biloxi North","Biloxi North 3",30.0997,-89.283,"SATE",0,1,,"Y","N"
4477,2018,"05/19/18 00:00:00","LA","Biloxi South","Biloxi South 9",29.5392,-89.53530000000001,"SATE",0,2,,"Y","N"
4490,2018,"06/24/18 00:00:00","LA","Barataria Bay","Bastian Island",29.296,-89.66549999999999,"SATE",0,4,,"Y","N"
4497,2018,"06/24/18 00:00:00","LA","Birdsfoot East","East Bay Spoil Island",29.061022,-89.244134,"SATE",0,6,,"Y","N"
4501,2018,"05/19/18 00:00:00","LA","Biloxi South","Biloxi South 5 A",29.6523,-89.464,"SATE",0,8,,"Y","N"
4511,2018,"05/19/18 00:00:00","LA","Biloxi North","Martin Island",29.959,-89.19840000000001,"SATE",0,20,,"Y","N"
4522,2018,"05/19/18 00:00:00","LA","Biloxi North","Brush Island",30.034,-89.1863,"SATE",0,33,,"Y","N"
4528,2018,"05/19/18 00:00:00","LA","Biloxi North","Door Point Lagoon 2",30.06117,-89.18415,"SATE",0,47,,"Y","N"
4532,2018,"06/24/18 00:00:00","LA","Breton-Chandeleur Islands","New Harbor Island 1",29.87609,-88.87682,"SATE",0,126,,"Y","N"
4534,2018,"05/21/18 00:00:00","LA","Terrebonne Bay","East Island",29.07041,-90.65692,"SATE",0,93,,"Y","N"
5649,2021,"06/16/21 00:00:00","LA","Breton-Chandeleur Islands","Chandeleur North B",29.949821,-88.823795,"SATE",0,1,,"Y","N"
5720,2021,"06/16/21 00:00:00","LA","Breton-Chandeleur Islands","Chandeleur South C",29.780414,-88.87419199999999,"SATE",0,2,,"Y","N"
5721,2021,"05/17/21 00:00:00","TX","Lower Laguna Madre","East Flats Spoil",26.72269,-97.42762,"SATE",0,2,,"Y","N"
5779,2021,"06/18/21 00:00:00","LA","Atchafalaya Bay","Point au Fer",29.327788,-91.350965,"SATE",0,4,,"Y","N"
5806,2021,"06/17/21 00:00:00","LA","Biloxi North","Biloxi North 27",29.8807,-89.2497,"SATE",0,7,,"Y","N"
5825,2021,"05/17/21 00:00:00","TX","Lower Laguna Madre","Green Hill Spoils A",26.49391,-97.388755,"SATE",0,10,,"Y","N"
5826,2021,"05/17/21 00:00:00","TX","Upper Laguna Madre","White Pelican Island",27.39097,-97.36359,"SATE",0,10,,"Y","N"
5840,2021,"06/20/21 00:00:00","TX","Lower Laguna Madre","Green Hill Spoils B",26.48998,-97.38688999999999,"SATE",0,12,,"Y","N"
5848,2021,"05/25/21 00:00:00","FL","Apalachicola East","Apalachicola Bird Island",29.714977,-84.975398,"SATE",0,16,,"Y","N"
5864,2021,"06/17/21 00:00:00","LA","Biloxi South","Biloxi South 5 A",29.6523,-89.464,"SATE",0,21,,"Y","N"
5898,2021,"06/16/21 00:00:00","LA","Biloxi North","Door Point Lagoon 2",30.06117,-89.18415,"SATE",0,57,,"Y","N"
5922,2021,"05/24/21 00:00:00","MS","Mississippi Sound Gulf Islands","Horn Island",30.23863,-88.68608999999999,"SATE",0,285,,"Y","N"
5854,2021,"06/14/21 00:00:00","FL","Apalachicola East","Lanark Reef-Pelican Lump",29.87806,-84.568555,"SBDO",0,18,,"Y","N"
1046,2010,"05/08/10 00:00:00","LA","Barataria Bay","Cat Bay North Island",29.3656,-89.8646,"SDHE",0,1,,"Y","N"
1047,2010,"06/24/10 00:00:00","TX","Galveston","Cedar Lakes 3",28.8463,-95.49120000000001,"SDHE",0,1,,"Y","N"
1130,2010,"05/07/10 00:00:00","LA","Biloxi North","Biloxi North 30 B",29.8166,-89.3095,"SDHE",0,2,,"Y","N"
1131,2010,"05/08/10 00:00:00","LA","Biloxi South","Biloxi South 5 B",29.6521,-89.4577,"SDHE",0,2,,"Y","N"
1132,2010,"05/07/10 00:00:00","LA","Biloxi North","Deadman Point",29.7411,-89.35680000000001,"SDHE",0,2,,"Y","N"
1276,2010,"06/26/10 00:00:00","LA","Sabine-Calcasieu","Point Hunt Island",29.7471,-93.8862,"SDHE",0,10,,"Y","N"
2036,2011,"05/17/11 00:00:00","LA","Terrebonne Bay","Pelican Island",29.1437,-90.3475,"SDHE",0,2,,"Y","N"
2608,2012,"05/27/12 00:00:00","LA","Terrebonne Bay","Pelican Island",29.1437,-90.3475,"SDHE",0,3,,"Y","N"
3256,2013,"06/19/13 00:00:00","LA","Birdsfoot West","Birdsfoot West 3",29.2122,-89.3914,"SDHE",0,2,,"Y","N"
3291,2013,"05/23/13 00:00:00","LA","Barataria Bay","Belle Pass East",29.0901,-90.22190000000001,"SDHE",0,8,,"Y","N"
1048,2010,"05/08/10 00:00:00","LA","Biloxi South","Biloxi South 2",29.7047,-89.5647,"SNEG",0,1,,"Y","N"
1049,2010,"06/11/10 00:00:00","FL","Tampa Bay","Hillsborough Channel Spoil Island",27.8246,-82.43429999999999,"SNEG",0,1,,"Y","N"
1050,2010,"05/17/10 00:00:00","LA","Atchafalaya Bay","Vermilion Bay 1",29.3141,-91.3429,"SNEG",0,1,,"Y","N"
1133,2010,"05/07/10 00:00:00","LA","Breton-Chandeleur Islands","Chandeleur North B",29.949821,-88.823795,"SNEG",0,2,,"Y","N"
1134,2010,"06/23/10 00:00:00","TX","Matagorda Bay","Chester Island",28.45174,-96.34689,"SNEG",0,2,,"Y","N"
1135,2010,"06/23/10 00:00:00","TX","Matagorda Bay","Seadrift Island C",28.3888,-96.72580000000001,"SNEG",0,2,,"Y","N"
1175,2010,"05/08/10 00:00:00","LA","Biloxi South","Biloxi South 5 A",29.6523,-89.464,"SNEG",0,3,,"Y","N"
2000,2011,"06/17/11 00:00:00","LA","Biloxi South","Biloxi South 10 B",29.5289,-89.55068,"SNEG",0,1,,"Y","N"
2001,2011,"06/17/11 00:00:00","LA","Biloxi South","Biloxi South 10 C",29.53327,-89.55606,"SNEG",0,1,,"Y","N"
2002,2011,"06/17/11 00:00:00","LA","Biloxi South","Long Bay Island",29.5021,-89.5356,"SNEG",0,1,,"Y","N"
2065,2011,"05/18/11 00:00:00","LA","Breton-Chandeleur Islands","Breton Island",29.4955,-89.1742,"SNEG",0,4,,"Y","N"
2066,2011,"05/18/11 00:00:00","LA","Barataria Bay","Grand Island Point",29.3727,-89.8929,"SNEG",0,4,,"Y","N"
2091,2011,"06/14/11 00:00:00","LA","Biloxi North","Biloxi North 35",29.951,-89.253,"SNEG",0,11,,"Y","N"
2094,2011,"06/15/11 00:00:00","LA","Breton-Chandeleur Islands","New Harbor Island 1",29.87609,-88.87682,"SNEG",0,14,,"Y","N"
2564,2012,"05/28/12 00:00:00","LA","Biloxi South","Biloxi South 10 C",29.53327,-89.55606,"SNEG",0,1,,"Y","N"
2565,2012,"06/19/12 00:00:00","LA","Biloxi North","Brush Island",30.034,-89.1863,"SNEG",0,1,,"Y","N"
2566,2012,"05/28/12 00:00:00","LA","Biloxi South","Long Bay Island",29.5021,-89.5356,"SNEG",0,1,,"Y","N"
2595,2012,"05/27/12 00:00:00","LA","Barataria Bay","Bay Ronquille Northwest Island",29.3631,-89.85339999999999,"SNEG",0,2,,"Y","N"
2609,2012,"05/27/12 00:00:00","LA","Barataria Bay","Barataria Bay 3",29.3427,-89.8023,"SNEG",0,3,,"Y","N"
2614,2012,"05/27/12 00:00:00","LA","Barataria Bay","Grand Island Point",29.3727,-89.8929,"SNEG",0,4,,"Y","N"
2630,2012,"05/28/12 00:00:00","LA","Biloxi South","Biloxi South 10 A",29.53141,-89.55392000000001,"SNEG",0,7,,"Y","N"
2631,2012,"05/28/12 00:00:00","LA","Biloxi South","Biloxi South 10 B",29.5289,-89.55068,"SNEG",0,7,,"Y","N"
3216,2013,"05/24/13 00:00:00","LA","Biloxi South","Biloxi South 10 D",29.52792,-89.54504,"SNEG",0,1,,"Y","N"
3217,2013,"05/24/13 00:00:00","LA","Biloxi South","Biloxi South 4 B",29.6629,-89.4628,"SNEG",0,1,,"Y","N"
3257,2013,"05/24/13 00:00:00","LA","Biloxi South","Biloxi South 14",29.659975,-89.45661699999999,"SNEG",0,2,,"Y","N"
3258,2013,"05/24/13 00:00:00","LA","Biloxi South","Biloxi South 5 A",29.6523,-89.464,"SNEG",0,2,,"Y","N"
3259,2013,"05/23/13 00:00:00","LA","Breton-Chandeleur Islands","Breton Island",29.4955,-89.1742,"SNEG",0,2,,"Y","N"
3876,2015,"05/18/15 00:00:00","FL","Apalachicola East","Apalachicola Bird Island",29.714977,-84.975398,"SNEG",0,1,,"Y","N"
3877,2015,"05/16/15 00:00:00","LA","Barataria Bay","Beauregard Island",29.27971,-89.97225,"SNEG",0,1,,"Y","N"
3878,2015,"05/17/15 00:00:00","LA","Birdsfoot East","Birdsfoot East 3",29.3725,-89.29989999999999,"SNEG",0,1,,"Y","N"
3879,2015,"05/18/15 00:00:00","LA","Biloxi North","Brush Island",30.034,-89.1863,"SNEG",0,1,,"Y","N"
3880,2015,"05/18/15 00:00:00","AL","Mobile Bay Interior","Gaillard Island",30.5063,-88.03619999999999,"SNEG",0,1,,"Y","N"
3916,2015,"05/17/15 00:00:00","LA","Breton-Chandeleur Islands","New Harbor Island 3",29.8542,-88.8634,"SNEG",0,2,,"Y","N"
4515,2018,"06/25/18 00:00:00","LA","Atchafalaya Bay","Bird Island West",29.368626,-91.40304999999999,"SNEG",0,26,,"Y","N"
5650,2021,"05/24/21 00:00:00","AL","Mobile Bay Interior","Battery McIntosh",30.6686,-88.0125,"SNEG",0,1,,"Y","N"
5651,2021,"06/16/21 00:00:00","LA","Biloxi North","Biloxi North 38",30.00238,-89.21496999999999,"SNEG",0,1,,"Y","N"
5652,2021,"05/24/21 00:00:00","AL","Mississippi Sound","Marsh Island",30.321609,-88.223833,"SNEG",0,1,,"Y","N"
5653,2021,"05/17/21 00:00:00","TX","Corpus Christi-Aransas Bay","Skimmer Island Nueces Bay",27.86298,-97.49026000000001,"SNEG",0,1,,"Y","N"
5722,2021,"06/16/21 00:00:00","LA","Biloxi North","Biloxi North 8",30.0525,-89.1944,"SNEG",0,2,,"Y","N"
5723,2021,"06/18/21 00:00:00","TX","Galveston","Rollover Bay A",29.5178,-94.50239999999999,"SNEG",0,2,,"Y","N"
5792,2021,"06/15/21 00:00:00","AL","Mobile Bay Interior","Gaillard Island",30.5063,-88.03619999999999,"SNEG",0,5,,"Y","N"
5821,2021,"05/23/21 00:00:00","LA","Biloxi South","Biloxi South 3",29.7017,-89.5487,"SNEG",0,9,,"Y","N"
5839,2021,"05/18/21 00:00:00","TX","Galveston","Marker 52 Spoil Island",29.290621,-94.92918,"SNEG",0,11,,"Y","N"
1051,2010,"06/12/10 00:00:00","FL","Apalachicola East","Lanark Reef West",29.871013,-84.590857,"SOTE",0,1,,"Y","N"
1176,2010,"05/08/10 00:00:00","LA","Biloxi South","Long Bay Island",29.5021,-89.5356,"SOTE",0,3,,"Y","N"
3218,2013,"06/19/13 00:00:00","LA","Birdsfoot West","Birdsfoot West 4",29.179677,-89.29314599999999,"SOTE",0,1,,"Y","N"
1052,2010,"06/10/10 00:00:00","FL","Charlotte Harbor","Bird Island Matlacha Pass",26.5126,-82.033,"TRHE",0,1,,"Y","N"
1053,2010,"06/13/10 00:00:00","AL","Mobile Bay Interior","Gaillard Island",30.5063,-88.03619999999999,"TRHE",0,1,,"Y","N"
1054,2010,"06/24/10 00:00:00","TX","Galveston","Jumbile Cove/Live Oak Grove",29.195,-94.9928,"TRHE",0,1,,"Y","N"
1055,2010,"06/27/10 00:00:00","LA","Biloxi North","Martin Island",29.959,-89.19840000000001,"TRHE",0,1,,"Y","N"
1248,2010,"06/23/10 00:00:00","TX","Corpus Christi-Aransas Bay","Causeway Island Platforms A",27.9326,-97.09950000000001,"TRHE",0,7,,"Y","N"
2003,2011,"05/19/11 00:00:00","LA","Biloxi North","Biloxi North 28",29.9168,-89.4183,"TRHE",0,1,,"Y","N"
2004,2011,"05/18/11 00:00:00","LA","Barataria Bay","Cat Bay Island",29.3474,-89.8672,"TRHE",0,1,,"Y","N"
2037,2011,"06/14/11 00:00:00","LA","Biloxi North","Brush Island",30.034,-89.1863,"TRHE",0,2,,"Y","N"
2052,2011,"05/18/11 00:00:00","LA","Breton-Chandeleur Islands","Breton Island",29.4955,-89.1742,"TRHE",0,3,,"Y","N"
2567,2012,"05/27/12 00:00:00","LA","Barataria Bay","Barataria Bay 3",29.3427,-89.8023,"TRHE",0,1,,"Y","N"
2568,2012,"06/19/12 00:00:00","LA","Biloxi North","Biloxi North 7",30.0578,-89.2011,"TRHE",0,1,,"Y","N"
2569,2012,"05/29/12 00:00:00","LA","Breton-Chandeleur Islands","Breton Island",29.4955,-89.1742,"TRHE",0,1,,"Y","N"
2632,2012,"06/19/12 00:00:00","LA","Biloxi North","Brush Island",30.034,-89.1863,"TRHE",0,7,,"Y","N"
3219,2013,"06/18/13 00:00:00","LA","Biloxi South","Biloxi South 1",29.6873,-89.4646,"TRHE",0,1,,"Y","N"
3220,2013,"05/24/13 00:00:00","LA","Biloxi South","Biloxi South 9",29.5392,-89.53530000000001,"TRHE",0,1,,"Y","N"
3221,2013,"05/23/13 00:00:00","LA","Terrebonne Bay","Raccoon Island",29.0505,-90.92659999999999,"TRHE",0,1,,"Y","N"
3266,2013,"05/24/13 00:00:00","LA","Biloxi South","Biloxi South 10 C",29.53327,-89.55606,"TRHE",0,3,,"Y","N"
3881,2015,"05/18/15 00:00:00","LA","Biloxi North","Biloxi North 4",30.0909,-89.23180000000001,"TRHE",0,1,,"Y","N"
3917,2015,"05/18/15 00:00:00","LA","Biloxi North","Door Point Lagoon 2",30.06117,-89.18415,"TRHE",0,2,,"Y","N"
4464,2018,"05/19/18 00:00:00","LA","Biloxi North","Biloxi North 13",30.0261,-89.2274,"TRHE",0,1,,"Y","N"
4478,2018,"05/20/18 00:00:00","LA","Breton-Chandeleur Islands","New Harbor Island 3",29.8542,-88.8634,"TRHE",0,2,,"Y","N"
4486,2018,"06/24/18 00:00:00","LA","Breton-Chandeleur Islands","New Harbor Island 1",29.87609,-88.87682,"TRHE",0,3,,"Y","N"
5654,2021,"05/23/21 00:00:00","LA","Biloxi South","Biloxi South 3",29.7017,-89.5487,"TRHE",0,1,,"Y","N"
5655,2021,"06/16/21 00:00:00","LA","Breton-Chandeleur Islands","Breton Island",29.4955,-89.1742,"TRHE",0,1,,"Y","N"
5656,2021,"05/17/21 00:00:00","TX","Lower Laguna Madre","East Marker Spoil",26.63626,-97.38531999999999,"TRHE",0,1,,"Y","N"
5657,2021,"05/17/21 00:00:00","TX","Upper Laguna Madre","Naval Air Station Islands P",27.670627,-97.25837,"TRHE",0,1,,"Y","N"
5658,2021,"05/17/21 00:00:00","TX","Upper Laguna Madre","Rabit Island Laguna Madre",27.24658,-97.41421,"TRHE",0,1,,"Y","N"
5659,2021,"06/14/21 00:00:00","FL","Apalachicola East","Saint George Causeway",29.694945,-84.88297900000001,"TRHE",0,1,,"Y","N"
5660,2021,"06/20/21 00:00:00","TX","Upper Laguna Madre","Tern Island",27.65791,-97.25123000000001,"TRHE",0,1,,"Y","N"
5724,2021,"06/14/21 00:00:00","FL","Apalachicola East","Lanark Reef-Pelican Lump",29.87806,-84.568555,"TRHE",0,2,,"Y","N"
5725,2021,"06/16/21 00:00:00","LA","Breton-Chandeleur Islands","New Harbor Island 3",29.8542,-88.8634,"TRHE",0,2,,"Y","N"
1056,2010,"05/08/10 00:00:00","LA","Biloxi South","Biloxi South 1",29.6873,-89.4646,"ULGU",0,1,,"Y","N"
1057,2010,"05/07/10 00:00:00","LA","Breton-Chandeleur Islands","Chandeleur South A",29.809332,-88.86106700000001,"ULGU",0,1,,"Y","N"
1058,2010,"05/17/10 00:00:00","LA","Terrebonne Bay","Wine Island",29.0948,-90.6108,"ULGU",0,1,,"Y","N"
1136,2010,"05/08/10 00:00:00","LA","Biloxi South","Biloxi South 10 C",29.53327,-89.55606,"ULGU",0,2,,"Y","N"
1137,2010,"05/07/10 00:00:00","LA","Breton-Chandeleur Islands","Gosier Islands South",29.52369,-89.09535,"ULGU",0,2,,"Y","N"
1177,2010,"06/12/10 00:00:00","FL","Apalachicola East","Apalachicola Bird Island",29.714977,-84.975398,"ULGU",0,3,,"Y","N"
1178,2010,"05/07/10 00:00:00","LA","Breton-Chandeleur Islands","Chandeleur North E",29.888395,-88.82646,"ULGU",0,3,,"Y","N"
2005,2011,"05/18/11 00:00:00","LA","Barataria Bay","Bay Ronquille Northwest Island",29.3631,-89.85339999999999,"ULGU",0,1,,"Y","N"
2006,2011,"05/18/11 00:00:00","LA","Barataria Bay","Cat Bay South Island",29.3341,-89.8716,"ULGU",0,1,,"Y","N"
2038,2011,"05/17/11 00:00:00","LA","Terrebonne Bay","Felicity Island",29.2558,-90.44,"ULGU",0,2,,"Y","N"
2053,2011,"05/17/11 00:00:00","LA","Terrebonne Bay","Wine Island",29.0948,-90.6108,"ULGU",0,3,,"Y","N"
2570,2012,"05/28/12 00:00:00","LA","Biloxi North","Door Point Lagoon 1",30.0637,-89.19280000000001,"ULGU",0,1,,"Y","N"
2596,2012,"05/27/12 00:00:00","LA","Terrebonne Bay","Felicity Island",29.2558,-90.44,"ULGU",0,2,,"Y","N"
3260,2013,"06/18/13 00:00:00","LA","Biloxi North","Deadman Point",29.7411,-89.35680000000001,"ULGU",0,2,,"Y","N"
3882,2015,"05/18/15 00:00:00","FL","Apalachicola East","Lanark Reef West",29.871013,-84.590857,"ULGU",0,1,,"Y","N"
1356,2010,"05/08/10 00:00:00","LA","Biloxi South","Biloxi South 9",29.5392,-89.53530000000001,"ULTE",0,25,,"Y","N"
2007,2011,"05/17/11 00:00:00","LA","Terrebonne Bay","Felicity Island",29.2558,-90.44,"ULTE",0,1,,"Y","N"
2098,2011,"05/20/11 00:00:00","AL","Mississippi Sound","Terrapin Island",30.335,-88.2619,"ULTE",0,18,,"Y","N"
2685,2012,"05/27/12 00:00:00","LA","Terrebonne Bay","Felicity Island",29.2558,-90.44,"ULTE",0,195,,"Y","N"
3282,2013,"05/23/13 00:00:00","LA","Terrebonne Bay","Houma Navigation Canal Island",29.19515,-90.61565,"ULTE",0,5,,"Y","N"
3310,2013,"05/24/13 00:00:00","LA","Biloxi South","Biloxi South 5 B",29.6521,-89.4577,"ULTE",0,23,,"Y","N"
3318,2013,"06/18/13 00:00:00","LA","Biloxi North","Deadman Point",29.7411,-89.35680000000001,"ULTE",0,40,,"Y","N"
3324,2013,"05/23/13 00:00:00","LA","Terrebonne Bay","Felicity Island",29.2558,-90.44,"ULTE",0,60,,"Y","N"
1138,2010,"06/24/10 00:00:00","TX","Galveston","Arcadia Reef A",29.0293,-95.2024,"UNCO",0,2,,"Y","N"
1204,2010,"06/24/10 00:00:00","TX","Galveston","Bryan Mound",28.9218,-95.3797,"UNCO",0,4,,"Y","N"
1290,2010,"06/24/10 00:00:00","TX","Galveston","Drum Bay Islands 2",29.0123,-95.2253,"UNCO",0,12,,"Y","N"
1334,2010,"06/25/10 00:00:00","TX","Galveston","Smith Point Island",29.5364,-94.8082,"UNCO",0,20,,"Y","N"
1361,2010,"06/23/10 00:00:00","TX","Corpus Christi-Aransas Bay","Long Reef Deadman Islands A",28.0659,-96.9629,"UNCO",0,28,,"Y","N"
3883,2015,"05/18/15 00:00:00","FL","Apalachicola East","Saint George Causeway",29.694945,-84.88297900000001,"UNCO",0,1,,"Y","N"
5780,2021,"06/14/21 00:00:00","FL","Apalachicola East","Lanark Reef West",29.871013,-84.590857,"UNCO",0,4,,"Y","N"
1059,2010,"06/08/10 00:00:00","FL","Florida Keys","Boca Grande Key",24.5328,-82.0043,"UNCR",0,1,,"Y","N"
2039,2011,"05/20/11 00:00:00","AL","Mobile Bay Interior","Gaillard Island",30.5063,-88.03619999999999,"UNDU",0,2,,"Y","N"
3991,2015,"05/16/15 00:00:00","LA","Barataria Bay","Queen Bess Island",29.3043,-89.9592,"UNDU",0,12,,"Y","N"
1233,2010,"05/07/10 00:00:00","LA","Biloxi North","Biloxi North 17",29.9751,-89.2762,"UNGT",0,6,,"Y","N"
1234,2010,"05/07/10 00:00:00","LA","Biloxi North","Dry Bread Island",29.8426,-89.3064,"UNGT",0,6,,"Y","N"
1277,2010,"05/07/10 00:00:00","LA","Biloxi North","Anderson Point Island",29.892,-89.32729999999999,"UNGT",0,10,,"Y","N"
1312,2010,"05/07/10 00:00:00","LA","Biloxi North","Biloxi North 15",29.9943,-89.2162,"UNGT",0,16,,"Y","N"
1359,2010,"05/07/10 00:00:00","LA","Biloxi North","Biloxi North 16",29.9984,-89.2924,"UNGT",0,26,,"Y","N"
1060,2010,"05/07/10 00:00:00","LA","Biloxi North","Biloxi North 15",29.9943,-89.2162,"UNGU",0,1,,"Y","N"
1139,2010,"05/07/10 00:00:00","LA","Biloxi North","Biloxi Lake B 2",29.9207,-89.53740000000001,"UNGU",0,2,,"Y","N"
1140,2010,"05/07/10 00:00:00","LA","Biloxi North","Biloxi North 30 A",29.8191,-89.31010000000001,"UNGU",0,2,,"Y","N"
1141,2010,"06/11/10 00:00:00","FL","Tampa Bay","Hillsborough Channel Spoil Island",27.8246,-82.43429999999999,"UNGU",0,2,,"Y","N"
1179,2010,"05/07/10 00:00:00","LA","Biloxi North","Biloxi North 31",29.8043,-89.28149999999999,"UNGU",0,3,,"Y","N"
1249,2010,"05/07/10 00:00:00","LA","Biloxi North","Little Mud Grass Island Northeast",29.9628,-89.3156,"UNGU",0,7,,"Y","N"
1274,2010,"06/10/10 00:00:00","FL","Ten Thousand Islands","Marco Island",25.9549,-81.75279999999999,"UNGU",0,9,,"Y","N"
2008,2011,"05/19/11 00:00:00","LA","Breton-Chandeleur Islands","Chandeleur North D",29.901692,-88.824851,"UnGu",0,1,,"Y","N"
2009,2011,"05/18/11 00:00:00","LA","Barataria Bay","Grand Island Point",29.3727,-89.8929,"UNGU",0,1,,"Y","N"
2597,2012,"05/27/12 00:00:00","LA","Barataria Bay","Bay Ronquille Northeast Island",29.3659,-89.8357,"UNGU",0,2,,"Y","N"
1061,2010,"05/07/10 00:00:00","LA","Biloxi North","Biloxi North 31",29.8043,-89.28149999999999,"UNHG",0,1,,"Y","N"
1142,2010,"05/07/10 00:00:00","LA","Biloxi North","Biloxi North 26",29.8979,-89.301,"UNHG",0,2,,"Y","N"
1180,2010,"05/07/10 00:00:00","LA","Biloxi North","Biloxi North 25",29.9059,-89.2954,"UNHG",0,3,,"Y","N"
1181,2010,"05/07/10 00:00:00","LA","Biloxi North","Hell Pass Coast D",29.9229,-89.31514,"UNHG",0,3,,"Y","N"
1182,2010,"05/07/10 00:00:00","LA","Biloxi North","White Log Lake Islands",29.8283,-89.31910000000001,"UNHG",0,3,,"Y","N"
3884,2015,"05/17/15 00:00:00","LA","Breton-Chandeleur Islands","New Harbor Island 3",29.8542,-88.8634,"UNNH",0,1,,"Y","N"
3885,2015,"05/18/15 00:00:00","LA","Biloxi North","Door Point Lagoon 2",30.06117,-89.18415,"UNRA",0,1,,"Y","N"
1143,2010,"05/07/10 00:00:00","LA","Biloxi North","Little Mud Grass Island Northeast",29.9628,-89.3156,"UNSB",0,2,,"Y","N"
1292,2010,"05/07/10 00:00:00","LA","Biloxi North","Biloxi Lake B 2",29.9207,-89.53740000000001,"UNSB",0,13,,"Y","N"
2010,2011,"06/15/11 00:00:00","LA","Breton-Chandeleur Islands","New Harbor Island 3",29.8542,-88.8634,"UNSB",0,1,,"Y","N"
2040,2011,"05/18/11 00:00:00","LA","Barataria Bay","Bay Ronquille Northwest Island",29.3631,-89.85339999999999,"UNSB",0,2,,"Y","N"
2041,2011,"05/18/11 00:00:00","LA","Biloxi North","Deadman Point",29.7411,-89.35680000000001,"UNSB",0,2,,"Y","N"
2054,2011,"06/14/11 00:00:00","LA","Biloxi North","Brush Island",30.034,-89.1863,"UNSB",0,3,,"Y","N"
2055,2011,"05/18/11 00:00:00","LA","Barataria Bay","Grand Island Point",29.3727,-89.8929,"UNSB",0,3,,"Y","N"
2073,2011,"05/18/11 00:00:00","LA","Barataria Bay","Cat Bay North Island",29.3656,-89.8646,"UNSB",0,5,,"Y","N"
2088,2011,"06/14/11 00:00:00","LA","Biloxi North","Door Point Lagoon 2",30.06117,-89.18415,"UNSB",0,10,,"Y","N"
2112,2011,"05/19/11 00:00:00","LA","Breton-Chandeleur Islands","Chandeleur North D",29.901692,-88.824851,"UNSB",0,45,,"Y","N"
2118,2011,"05/19/11 00:00:00","LA","Breton-Chandeleur Islands","Chandeleur North F",29.881806,-88.828345,"UNSB",0,66,,"Y","N"
2123,2011,"05/18/11 00:00:00","LA","Breton-Chandeleur Islands","Breton Island",29.4955,-89.1742,"UNSB",0,87,,"Y","N"
2128,2011,"05/17/11 00:00:00","LA","Terrebonne Bay","Felicity Island",29.2558,-90.44,"UNSB",0,257,,"Y","N"
2571,2012,"05/27/12 00:00:00","LA","Barataria Bay","Bay Ronquille Northwest Island",29.3631,-89.85339999999999,"UNSB",0,1,,"Y","N"
2598,2012,"05/28/12 00:00:00","LA","Biloxi South","Belle Isle",29.5758,-89.5727,"UNSB",0,2,,"Y","N"
2599,2012,"05/28/12 00:00:00","LA","Biloxi South","Biloxi South 11",29.5247,-89.57259999999999,"UNSB",0,2,,"Y","N"
2618,2012,"05/29/12 00:00:00","LA","Breton-Chandeleur Islands","Breton Island",29.4955,-89.1742,"UNSB",0,5,,"Y","N"
2657,2012,"05/28/12 00:00:00","LA","Biloxi North","Door Point Lagoon 2",30.06117,-89.18415,"UNSB",0,29,,"Y","N"
2677,2012,"06/19/12 00:00:00","LA","Biloxi North","Brush Island",30.034,-89.1863,"UNSB",0,100,,"Y","N"
3222,2013,"06/17/13 00:00:00","AL","Mississippi Sound","Terrapin Island",30.335,-88.2619,"UNSB",0,1,,"Y","N"
3267,2013,"05/23/13 00:00:00","LA","Terrebonne Bay","Felicity Island",29.2558,-90.44,"UNSB",0,3,,"Y","N"
3273,2013,"05/23/13 00:00:00","LA","Terrebonne Bay","Houma Navigation Canal Island",29.19515,-90.61565,"UNSB",0,4,,"Y","N"
3304,2013,"05/24/13 00:00:00","LA","Biloxi South","Biloxi South 9",29.5392,-89.53530000000001,"UNSB",0,18,,"Y","N"
4021,2015,"05/16/15 00:00:00","LA","Terrebonne Bay","Wine Island",29.0948,-90.6108,"UNSB",0,34,,"Y","N"
4055,2015,"05/18/15 00:00:00","LA","Biloxi North","Brush Island",30.034,-89.1863,"UNSB",0,96,,"Y","N"
4060,2015,"05/16/15 00:00:00","LA","Barataria Bay","Queen Bess Island",29.3043,-89.9592,"UNSB",0,157,,"Y","N"
5661,2021,"05/25/21 00:00:00","FL","Apalachicola West","Audubon Island",30.17688,-85.7353,"UNSB",0,1,,"Y","N"
5662,2021,"05/17/21 00:00:00","TX","Lower Laguna Madre","Green Hill Spoils A",26.49391,-97.388755,"UNSB",0,1,,"Y","N"
5663,2021,"05/17/21 00:00:00","TX","Lower Laguna Madre","Green Island Spoils K",26.410227,-97.299153,"UNSB",0,1,,"Y","N"
5664,2021,"05/17/21 00:00:00","TX","Upper Laguna Madre","White Pelican Island",27.39097,-97.36359,"UNSB",0,1,,"Y","N"
5726,2021,"06/16/21 00:00:00","LA","Biloxi North","Bayou Pintou",30.128,-89.224,"UNSB",0,2,,"Y","N"
5727,2021,"05/17/21 00:00:00","TX","Lower Laguna Madre","Green Island Spoils F",26.409668,-97.311339,"UNSB",0,2,,"Y","N"
5728,2021,"06/16/21 00:00:00","MS","Mississippi Sound Gulf Islands","Ship Island",30.21912,-88.92156,"UNSB",0,2,,"Y","N"
5793,2021,"05/17/21 00:00:00","TX","Lower Laguna Madre","Bahia Grande C Central",26.038968,-97.28825500000001,"UNSB",0,5,,"Y","N"
5800,2021,"05/17/21 00:00:00","TX","Corpus Christi-Aransas Bay","Shamrock Island",27.75883,-97.16936,"UNSB",0,6,,"Y","N"
5849,2021,"05/22/21 00:00:00","LA","Terrebonne Bay","Raccoon Island",29.0505,-90.92659999999999,"UNSB",0,16,,"Y","N"
5856,2021,"05/17/21 00:00:00","TX","East Matagorda Bay","Dressing Point",28.73145,-95.76074,"UNSB",0,19,,"Y","N"
5857,2021,"05/17/21 00:00:00","TX","Upper Laguna Madre","Rabit Island Laguna Madre",27.24658,-97.41421,"UNSB",0,19,,"Y","N"
5896,2021,"06/14/21 00:00:00","FL","Apalachicola East","Lanark Reef West",29.871013,-84.590857,"UNSB",0,55,,"Y","N"
3918,2015,"05/17/15 00:00:00","LA","Biloxi North","Martin Island",29.959,-89.19840000000001,"UNSH",0,2,,"Y","N"
1062,2010,"05/07/10 00:00:00","LA","Biloxi North","Anderson Point Island",29.892,-89.32729999999999,"UNTE",0,1,,"Y","N"
1063,2010,"06/12/10 00:00:00","FL","Apalachicola East","Apalachicola Bird Island",29.714977,-84.975398,"UNTE",0,1,,"Y","N"
1144,2010,"05/07/10 00:00:00","LA","Biloxi North","Biloxi Lake B 2",29.9207,-89.53740000000001,"UNTE",0,2,,"Y","N"
1145,2010,"05/18/10 00:00:00","LA","Biloxi North","Biloxi North 7",30.0578,-89.2011,"UNTE",0,2,,"Y","N"
1146,2010,"06/26/10 00:00:00","TX","Galveston","Rollover Bay A",29.5178,-94.50239999999999,"UNTE",0,2,,"Y","N"
1225,2010,"05/08/10 00:00:00","LA","Biloxi South","Biloxi South 5 A",29.6523,-89.464,"UNTE",0,5,,"Y","N"
1250,2010,"05/07/10 00:00:00","LA","Biloxi North","Little Mud Grass Island Northeast",29.9628,-89.3156,"UNTE",0,7,,"Y","N"
1264,2010,"05/18/10 00:00:00","AL","Mississippi Sound","Terrapin Island",30.335,-88.2619,"UNTE",0,8,,"Y","N"
1278,2010,"05/07/10 00:00:00","LA","Biloxi North","Dry Bread Island",29.8426,-89.3064,"UNTE",0,10,,"Y","N"
1279,2010,"06/23/10 00:00:00","TX","Corpus Christi-Aransas Bay","Nueces Causeway",27.84176,-97.37604,"UNTE",0,10,,"Y","N"
1280,2010,"06/23/10 00:00:00","TX","Matagorda Bay","Seadrift Island C",28.3888,-96.72580000000001,"UNTE",0,10,,"Y","N"
1296,2010,"06/27/10 00:00:00","LA","Biloxi North","Biloxi North 27",29.8807,-89.2497,"UNTE",0,14,,"Y","N"
1304,2010,"06/23/10 00:00:00","TX","Matagorda Bay","Coon Island",28.6534,-96.2272,"UNTE",0,15,,"Y","N"
1317,2010,"05/07/10 00:00:00","LA","Biloxi North","Biloxi North 34",29.7439,-89.4532,"UNTE",0,17,,"Y","N"
1323,2010,"06/12/10 00:00:00","FL","Apalachicola East","Lanark Reef West",29.871013,-84.590857,"UNTE",0,18,,"Y","N"
1335,2010,"05/07/10 00:00:00","LA","Biloxi North","Biloxi North 17",29.9751,-89.2762,"UNTE",0,20,,"Y","N"
1371,2010,"05/07/10 00:00:00","LA","Biloxi North","Biloxi North 31",29.8043,-89.28149999999999,"UNTE",0,32,,"Y","N"
1408,2010,"05/07/10 00:00:00","LA","Breton-Chandeleur Islands","Chandeleur North E",29.888395,-88.82646,"UNTE",0,56,,"Y","N"
1425,2010,"05/17/10 00:00:00","LA","Terrebonne Bay","Terrebonne Bay 4",29.2164,-90.354,"UNTE",0,80,,"Y","N"
1430,2010,"05/17/10 00:00:00","LA","Terrebonne Bay","Terrebonne Bay 3",29.249,-90.396,"UNTE",0,89,,"Y","N"
1436,2010,"05/17/10 00:00:00","LA","Terrebonne Bay","Felicity Island",29.2558,-90.44,"UNTE",0,100,,"Y","N"
1445,2010,"06/08/10 00:00:00","FL","Florida Keys","Boca Grande Key",24.5328,-82.0043,"UNTE",0,125,,"Y","N"
1447,2010,"05/07/10 00:00:00","LA","Biloxi North","Turtle Pen Isle",29.938,-89.242,"UNTE",0,127,,"Y","N"
1450,2010,"06/13/10 00:00:00","AL","Mobile Bay Interior","Gaillard Island",30.5063,-88.03619999999999,"UNTE",0,130,,"Y","N"
1451,2010,"05/07/10 00:00:00","LA","Breton-Chandeleur Islands","Chandeleur North D",29.901692,-88.824851,"UNTE",0,137,,"Y","N"
1461,2010,"06/23/10 00:00:00","TX","Matagorda Bay","Little Bird Island Matagorda",28.294,-96.697,"UNTE",0,179,,"Y","N"
1462,2010,"05/08/10 00:00:00","LA","Birdsfoot West","Burrwood Bayou South",28.9395,-89.3937,"UNTE",0,181,,"Y","N"
1466,2010,"06/14/10 00:00:00","LA","Birdsfoot East","Bird Island Birdsfoot",29.391585,-89.3212,"UNTE",0,195,,"Y","N"
1467,2010,"05/08/10 00:00:00","LA","Birdsfoot West","Burrwood Bayou North",28.972,-89.3475,"UNTE",0,196,,"Y","N"
1468,2010,"06/23/10 00:00:00","TX","Matagorda Bay","Lavaca Bay Spoils E",28.59947,-96.56207999999999,"UNTE",0,200,,"Y","N"
1477,2010,"06/23/10 00:00:00","TX","Corpus Christi-Aransas Bay","Long Reef Deadman Islands A",28.0659,-96.9629,"UNTE",0,250,,"Y","N"
1479,2010,"05/07/10 00:00:00","LA","Breton-Chandeleur Islands","Chandeleur South B",29.79898,-88.86415599999999,"UNTE",0,280,,"Y","N"
1489,2010,"05/17/10 00:00:00","LA","Terrebonne Bay","Terrebonne Bay 7",29.06,-90.4465,"UNTE",0,550,,"Y","N"
1490,2010,"05/07/10 00:00:00","LA","Breton-Chandeleur Islands","Gosier Islands South",29.52369,-89.09535,"UNTE",0,553,,"Y","N"
1491,2010,"06/27/10 00:00:00","LA","Breton-Chandeleur Islands","Freemason Island",29.789,-88.977,"UNTE",0,560,,"Y","N"
1497,2010,"05/07/10 00:00:00","LA","Breton-Chandeleur Islands","Chandeleur South A",29.809332,-88.86106700000001,"UNTE",0,709,,"Y","N"
1499,2010,"05/07/10 00:00:00","LA","Breton-Chandeleur Islands","Chandeleur North A",29.969531,-88.82772199999999,"UNTE",0,977,,"Y","N"
2011,2011,"06/14/11 00:00:00","LA","Biloxi North","Biloxi North 14",30.0038,-89.20650000000001,"UNTE",0,1,,"Y","N"
2012,2011,"05/19/11 00:00:00","LA","Biloxi North","Dry Bread Island",29.8426,-89.3064,"UNTE",0,1,,"Y","N"
2042,2011,"06/14/11 00:00:00","LA","Biloxi North","Biloxi North 30 A",29.8191,-89.31010000000001,"UNTE",0,2,,"Y","N"
2106,2011,"05/18/11 00:00:00","LA","Breton-Chandeleur Islands","Breton Island",29.4955,-89.1742,"UNTE",0,33,,"Y","N"
2108,2011,"05/17/11 00:00:00","LA","Terrebonne Bay","Pelican Island",29.1437,-90.3475,"UNTE",0,40,,"Y","N"
2111,2011,"06/17/11 00:00:00","LA","Biloxi South","Long Bay Island",29.5021,-89.5356,"UNTE",0,43,,"Y","N"
2114,2011,"05/18/11 00:00:00","LA","Biloxi South","Biloxi South 9",29.5392,-89.53530000000001,"UNTE",0,49,,"Y","N"
2115,2011,"06/14/11 00:00:00","LA","Biloxi North","Biloxi North 30 B",29.8166,-89.3095,"UNTE",0,59,,"Y","N"
2116,2011,"05/18/11 00:00:00","LA","Biloxi North","Deadman Point",29.7411,-89.35680000000001,"UNTE",0,59,,"Y","N"
2117,2011,"05/19/11 00:00:00","LA","Biloxi North","Martin Island",29.959,-89.19840000000001,"UNTE",0,60,,"Y","N"
2125,2011,"06/14/11 00:00:00","LA","Biloxi North","Door Point Lagoon 2",30.06117,-89.18415,"UNTE",0,167,,"Y","N"
2133,2011,"05/17/11 00:00:00","LA","Terrebonne Bay","Wine Island",29.0948,-90.6108,"UNTE",0,849,,"Y","N"
2619,2012,"05/28/12 00:00:00","LA","Biloxi North","Deadman Point",29.7411,-89.35680000000001,"UNTE",0,5,,"Y","N"
2641,2012,"05/28/12 00:00:00","LA","Biloxi North","Biloxi North 27",29.8807,-89.2497,"UNTE",0,14,,"Y","N"
2647,2012,"05/28/12 00:00:00","LA","Biloxi North","Dry Bread Island",29.8426,-89.3064,"UNTE",0,22,,"Y","N"
2651,2012,"06/19/12 00:00:00","LA","Birdsfoot East","Birdsfoot East 3",29.3725,-89.29989999999999,"UNTE",0,25,,"Y","N"
2652,2012,"05/28/12 00:00:00","LA","Biloxi North","Door Point Lagoon 2",30.06117,-89.18415,"UNTE",0,27,,"Y","N"
2659,2012,"05/29/12 00:00:00","LA","Breton-Chandeleur Islands","Breton Island",29.4955,-89.1742,"UNTE",0,34,,"Y","N"
2689,2012,"05/27/12 00:00:00","LA","Terrebonne Bay","Felicity Island",29.2558,-90.44,"UNTE",0,475,,"Y","N"
3223,2013,"06/17/13 00:00:00","AL","Mississippi Sound","Terrapin Island",30.335,-88.2619,"UNTE",0,1,,"Y","N"
3274,2013,"06/18/13 00:00:00","LA","Breton-Chandeleur Islands","New Harbor Island 1",29.87609,-88.87682,"UNTE",0,4,,"Y","N"
3286,2013,"06/18/13 00:00:00","LA","Biloxi North","Biloxi North 27",29.8807,-89.2497,"UNTE",0,6,,"Y","N"
3306,2013,"05/23/13 00:00:00","LA","Terrebonne Bay","Raccoon Island West",29.0596,-90.94159999999999,"UNTE",0,19,,"Y","N"
3919,2015,"05/18/15 00:00:00","FL","Apalachicola East","Lanark Reef West",29.871013,-84.590857,"UNTE",0,2,,"Y","N"
1064,2010,"06/24/10 00:00:00","TX","Galveston","Bryan Mound",28.9218,-95.3797,"UNWA",0,1,"Does not include 8 Empty Nests","Y","N"
1065,2010,"05/07/10 00:00:00","LA","Biloxi North","Hell Pass Coast D",29.9229,-89.31514,"UNWA",0,1,,"Y","N"
1066,2010,"05/07/10 00:00:00","LA","Biloxi North","Little Mud Grass Island Northeast",29.9628,-89.3156,"UNWA",0,1,,"Y","N"
1067,2010,"06/11/10 00:00:00","FL","Tampa Bay","Pelican Island Tampa Bay",27.9144,-82.8408,"UnWa",0,1,"Does not include 38 Empty Nests","Y","N"
1068,2010,"06/12/10 00:00:00","FL","Apalachee Bay","Smith Island",30.04906,-84.31802999999999,"UNWA",0,1,,"Y","N"
1147,2010,"05/07/10 00:00:00","LA","Biloxi North","Biloxi North 34",29.7439,-89.4532,"UNWA",0,2,,"Y","N"
1183,2010,"06/10/10 00:00:00","FL","Tampa Bay","Blackburn Bay Island South",27.1412,-82.47190000000001,"UnWa",0,3,"Does not include 28 Empty Nests","Y","N"
1184,2010,"05/07/10 00:00:00","LA","Biloxi North","Deadman Point",29.7411,-89.35680000000001,"UNWA",0,3,,"Y","N"
1185,2010,"05/18/10 00:00:00","LA","Biloxi North","Door Point Lagoon 1",30.0637,-89.19280000000001,"UNWA",0,3,,"Y","N"
1205,2010,"05/07/10 00:00:00","LA","Biloxi North","Dry Bread Island",29.8426,-89.3064,"UNWA",0,4,,"Y","N"
1313,2010,"06/12/10 00:00:00","FL","Apalachicola East","Apalachicola Bird Island",29.714977,-84.975398,"UNWA",0,16,,"Y","N"
1342,2010,"05/07/10 00:00:00","LA","Biloxi North","Drum Bay Island",29.9197,-89.2627,"UNWA",0,21,,"Y","N"
2013,2011,"05/17/11 00:00:00","LA","Terrebonne Bay","Felicity Island",29.2558,-90.44,"UNWA",0,1,"Does not include 49 Empty Nests","Y","N"
2653,2012,"05/27/12 00:00:00","LA","Terrebonne Bay","Felicity Island",29.2558,-90.44,"UNWA",0,27,"Does not include 11 Empty Nests","Y","N"
3283,2013,"06/17/13 00:00:00","AL","Mississippi Sound","Terrapin Island",30.335,-88.2619,"UNWA",0,5,,"Y","N"
5759,2021,"06/15/21 00:00:00","AL","Mobile Bay Interior","Gaillard Island",30.5063,-88.03619999999999,"UNWA",0,3,,"Y","N"
2014,2011,"06/14/11 00:00:00","LA","Biloxi North","Door Point Lagoon 2",30.06117,-89.18415,"USTE",0,1,,"Y","N"
2043,2011,"05/18/11 00:00:00","LA","Biloxi North","Deadman Point",29.7411,-89.35680000000001,"USTE",0,2,,"Y","N"
2044,2011,"06/15/11 00:00:00","LA","Breton-Chandeleur Islands","New Harbor Island 1",29.87609,-88.87682,"USTE",0,2,,"Y","N"
2097,2011,"05/18/11 00:00:00","LA","Biloxi South","Biloxi South 9",29.5392,-89.53530000000001,"USTE",0,17,,"Y","N"
2102,2011,"05/20/11 00:00:00","AL","Mississippi Sound","Cat Island",30.3207,-88.2099,"USTE",0,25,,"Y","N"
2131,2011,"06/17/11 00:00:00","LA","Biloxi South","Long Bay Island",29.5021,-89.5356,"USTE",0,449,,"Y","N"
2600,2012,"05/29/12 00:00:00","AL","Mississippi Sound","Cat Island",30.3207,-88.2099,"USTE",0,2,,"Y","N"
3275,2013,"05/24/13 00:00:00","LA","Biloxi South","Biloxi South 5 A",29.6523,-89.464,"USTE",0,4,,"Y","N"
3284,2013,"05/24/13 00:00:00","LA","Biloxi South","Biloxi South 9",29.5392,-89.53530000000001,"USTE",0,5,,"Y","N"
3313,2013,"06/18/13 00:00:00","LA","Biloxi South","Biloxi South 3",29.7017,-89.5487,"USTE",0,25,,"Y","N"
3332,2013,"05/23/13 00:00:00","LA","Terrebonne Bay","Felicity Island",29.2558,-90.44,"USTE",0,92,,"Y","N"
1206,2010,"06/26/10 00:00:00","TX","Galveston","Rollover Bay A",29.5178,-94.50239999999999,"WFIB",0,4,,"Y","N"
2067,2011,"06/15/11 00:00:00","LA","Breton-Chandeleur Islands","New Harbor Island 3",29.8542,-88.8634,"WFIB",0,4,,"Y","N"
1069,2010,"06/27/10 00:00:00","LA","Biloxi North","Biloxi North 27",29.8807,-89.2497,"WHEG",0,1,,"Y","N"
1070,2010,"06/12/10 00:00:00","FL","Apalachicola East","Lanark Reef-Pelican Lump",29.87806,-84.568555,"WHEG",0,1,,"Y","N"
1148,2010,"06/24/10 00:00:00","TX","Galveston","Cedar Lakes 3",28.8463,-95.49120000000001,"WHEG",0,2,,"Y","N"
1149,2010,"06/24/10 00:00:00","TX","Galveston","Drum Bay Islands 2",29.0123,-95.2253,"WHEG",0,2,,"Y","N"
1251,2010,"06/24/10 00:00:00","TX","Galveston","Bryan Mound",28.9218,-95.3797,"WHEG",0,7,"Does not include 3 Empty Nests","Y","N"
1336,2010,"06/12/10 00:00:00","FL","Apalachee Bay","Smith Island",30.04906,-84.31802999999999,"WHEG",0,20,,"Y","N"
2056,2011,"06/14/11 00:00:00","LA","Biloxi North","Door Point Lagoon 2",30.06117,-89.18415,"WHEG",0,3,,"Y","N"
2057,2011,"05/17/11 00:00:00","LA","Terrebonne Bay","Raccoon Island",29.0505,-90.92659999999999,"WHEG",0,3,,"Y","N"
2085,2011,"05/18/11 00:00:00","LA","Biloxi North","Deadman Point",29.7411,-89.35680000000001,"WHEG",0,8,,"Y","N"
2109,2011,"05/19/11 00:00:00","LA","Breton-Chandeleur Islands","New Harbor Island 3",29.8542,-88.8634,"WHEG",0,40,,"Y","N"
4487,2018,"05/21/18 00:00:00","LA","Barataria Bay","Belle Pass East",29.0901,-90.22190000000001,"WHEG",0,3,,"Y","N"
4488,2018,"05/21/18 00:00:00","LA","Terrebonne Bay","Philo Brice Islands",29.18416,-90.34678,"WHEG",0,3,,"Y","N"
1071,2010,"05/08/10 00:00:00","LA","Biloxi South","Belle Isle",29.5758,-89.5727,"WHIB",0,1,,"Y","N"
1072,2010,"05/08/10 00:00:00","LA","Barataria Bay","Grand Island Point",29.3727,-89.8929,"WHIB",0,1,,"Y","N"
1073,2010,"06/26/10 00:00:00","TX","Salt Bayou","High Island",29.57351,-94.38930000000001,"WHIB",0,1,,"Y","N"
1074,2010,"06/26/10 00:00:00","TX","Sabine-Calcasieu","Texas Coast 1",29.8482,-93.9521,"WHIB",0,1,,"Y","N"
1150,2010,"05/17/10 00:00:00","LA","Terrebonne Bay","Raccoon Island",29.0505,-90.92659999999999,"WHIB",0,2,,"Y","N"
1186,2010,"06/27/10 00:00:00","LA","Biloxi North","Martin Island",29.959,-89.19840000000001,"WHIB",0,3,,"Y","N"
1226,2010,"05/08/10 00:00:00","LA","Barataria Bay","Cat Bay Island",29.3474,-89.8672,"WHIB",0,5,,"Y","N"
1227,2010,"06/26/10 00:00:00","TX","Sabine-Calcasieu","Motiva West 7th",29.8513,-93.9576,"WHIB",0,5,,"Y","N"
1252,2010,"06/14/10 00:00:00","LA","Barataria Bay","Queen Bess Island",29.3043,-89.9592,"WHIB",0,7,,"Y","N"
1314,2010,"06/14/10 00:00:00","LA","Barataria Bay","Barataria Bay 4",29.3261,-89.8319,"WHIB",0,16,,"Y","N"
2015,2011,"06/14/11 00:00:00","LA","Biloxi North","Biloxi North 14",30.0038,-89.20650000000001,"WHIB",0,1,,"Y","N"
2016,2011,"05/19/11 00:00:00","LA","Biloxi North","Biloxi North 28",29.9168,-89.4183,"WHIB",0,1,,"Y","N"
2017,2011,"05/18/11 00:00:00","LA","Breton-Chandeleur Islands","Breton Island",29.4955,-89.1742,"WHIB",0,1,,"Y","N"
2018,2011,"06/14/11 00:00:00","LA","Biloxi North","Hell Pass Coast",29.92569,-89.31116,"WHIB",0,1,,"Y","N"
2045,2011,"05/19/11 00:00:00","LA","Biloxi North","Redfish Bend",29.9679,-89.2276,"WHIB",0,2,,"Y","N"
2058,2011,"05/19/11 00:00:00","LA","Biloxi North","Dry Bread Island",29.8426,-89.3064,"WHIB",0,3,,"Y","N"
2068,2011,"05/18/11 00:00:00","LA","Barataria Bay","Cat Bay North Island",29.3656,-89.8646,"WHIB",0,4,,"Y","N"
2095,2011,"05/18/11 00:00:00","LA","Biloxi North","Deadman Point",29.7411,-89.35680000000001,"WHIB",0,15,,"Y","N"
2101,2011,"05/17/11 00:00:00","LA","Terrebonne Bay","Raccoon Island",29.0505,-90.92659999999999,"WHIB",0,21,,"Y","N"
2572,2012,"05/28/12 00:00:00","LA","Biloxi North","Biloxi North 10 D",30.0476,-89.31829999999999,"WHIB",0,1,,"Y","N"
2573,2012,"06/19/12 00:00:00","LA","Biloxi North","Biloxi North 7",30.0578,-89.2011,"WHIB",0,1,,"Y","N"
2574,2012,"05/28/12 00:00:00","LA","Biloxi North","Deadman Point",29.7411,-89.35680000000001,"WHIB",0,1,,"Y","N"
2610,2012,"06/20/12 00:00:00","LA","Biloxi North","Biloxi North 10 B",30.0516,-89.31829999999999,"WHIB",0,3,,"Y","N"
2611,2012,"05/28/12 00:00:00","LA","Biloxi South","Biloxi South 10 B",29.5289,-89.55068,"WHIB",0,3,,"Y","N"
2612,2012,"05/27/12 00:00:00","LA","Barataria Bay","Cat Bay North Island",29.3656,-89.8646,"WHIB",0,3,,"Y","N"
2613,2012,"05/28/12 00:00:00","LA","Biloxi North","Door Point Lagoon 1",30.0637,-89.19280000000001,"WHIB",0,3,,"Y","N"
2615,2012,"05/28/12 00:00:00","LA","Biloxi North","Door Point Lagoon 2",30.06117,-89.18415,"WHIB",0,4,,"Y","N"
2624,2012,"06/19/12 00:00:00","LA","Biloxi North","Biloxi North 13",30.0261,-89.2274,"WHIB",0,6,,"Y","N"
2669,2012,"05/27/12 00:00:00","LA","Barataria Bay","Barataria Bay 3",29.3427,-89.8023,"WHIB",0,64,,"Y","N"
3224,2013,"05/24/13 00:00:00","LA","Biloxi North","Drum Bay Island",29.9197,-89.2627,"WHIB",0,1,,"Y","N"
3225,2013,"05/24/13 00:00:00","LA","Biloxi North","Dry Bread Island",29.8426,-89.3064,"WHIB",0,1,,"Y","N"
3303,2013,"06/18/13 00:00:00","LA","Biloxi North","Little Mud Grass Island",29.9508,-89.32250000000001,"WHIB",0,17,,"Y","N"
3320,2013,"05/24/13 00:00:00","LA","Biloxi South","Biloxi South 15",29.5324,-89.57510000000001,"WHIB",0,44,,"Y","N"
3325,2013,"05/23/13 00:00:00","LA","Terrebonne Bay","Houma Navigation Canal Island",29.19515,-90.61565,"WHIB",0,64,,"Y","N"
3886,2015,"06/21/15 00:00:00","LA","Biloxi South","Biloxi South 10 D",29.52792,-89.54504,"WHIB",0,1,,"Y","N"
3887,2015,"05/17/15 00:00:00","LA","Biloxi South","Biloxi South 5 A",29.6523,-89.464,"WHIB",0,1,,"Y","N"
3888,2015,"05/18/15 00:00:00","AL","Mississippi Sound","Cat Island",30.3207,-88.2099,"WHIB",0,1,,"Y","N"
3889,2015,"06/21/15 00:00:00","LA","Biloxi North","Dry Bread Island",29.8426,-89.3064,"WHIB",0,1,,"Y","N"
3890,2015,"06/20/15 00:00:00","LA","Terrebonne Bay","Terrebonne Bay 1",29.21025,-90.57022000000001,"WHIB",0,1,,"Y","N"
3920,2015,"05/17/15 00:00:00","LA","Biloxi South","Biloxi South 5 B",29.6521,-89.4577,"WHIB",0,2,,"Y","N"
3936,2015,"06/21/15 00:00:00","LA","Biloxi South","Biloxi South 10 B",29.5289,-89.55068,"WHIB",0,3,,"Y","N"
3985,2015,"05/18/15 00:00:00","LA","Biloxi North","Door Point Lagoon 2",30.06117,-89.18415,"WHIB",0,10,,"Y","N"
4479,2018,"06/23/18 00:00:00","LA","Biloxi South","Biloxi South 5 B",29.6521,-89.4577,"WHIB",0,2,,"Y","N"
4480,2018,"05/19/18 00:00:00","LA","Biloxi North","Hell Pass Coast C",29.92569,-89.31116,"WHIB",0,2,,"Y","N"
4512,2018,"05/19/18 00:00:00","LA","Biloxi North","Biloxi North 12",30.042,-89.273,"WHIB",0,22,,"Y","N"
5665,2021,"06/19/21 00:00:00","LA","Terrebonne Bay","Belle Pass Pond",29.111568,-90.211673,"WHIB",0,1,,"Y","N"
5666,2021,"06/17/21 00:00:00","LA","Biloxi South","Biloxi South 10 B",29.5289,-89.55068,"WHIB",0,1,,"Y","N"
5667,2021,"06/17/21 00:00:00","LA","Biloxi South","Biloxi South 6",29.6569,-89.5145,"WHIB",0,1,,"Y","N"
5668,2021,"05/18/21 00:00:00","TX","Galveston","Evia Island",29.4282,-94.7638,"WHIB",0,1,,"Y","N"
5669,2021,"06/14/21 00:00:00","FL","Apalachicola East","Lake Number Five",29.6471,-85.1279,"WHIB",0,1,,"Y","N"
5670,2021,"05/18/21 00:00:00","TX","Galveston","Marker 52 Spoil Island",29.290621,-94.92918,"WHIB",0,1,,"Y","N"
5671,2021,"06/17/21 00:00:00","LA","Biloxi North","Turtle Pen Isle",29.938,-89.242,"WHIB",0,1,,"Y","N"
5729,2021,"06/16/21 00:00:00","LA","Biloxi North","Biloxi North 38",30.00238,-89.21496999999999,"WHIB",0,2,,"Y","N"
5730,2021,"05/23/21 00:00:00","LA","Biloxi North","Biloxi North 5",30.0675,-89.2069,"WHIB",0,2,,"Y","N"
5731,2021,"06/16/21 00:00:00","LA","Biloxi North","Door Point Lagoon 2",30.06117,-89.18415,"WHIB",0,2,,"Y","N"
5760,2021,"06/17/21 00:00:00","LA","Biloxi North","Hell Pass Coast C",29.92569,-89.31116,"WHIB",0,3,,"Y","N"
5781,2021,"05/17/21 00:00:00","TX","Lower Laguna Madre","Arroyo Colorado Spoils B1",26.329042,-97.31473099999999,"WHIB",0,4,,"Y","N"
5782,2021,"06/18/21 00:00:00","LA","Sabine-Calcasieu","Rabbit Island",29.8494,-93.383,"WHIB",0,4,,"Y","N"
5794,2021,"05/22/21 00:00:00","LA","Barataria Bay","Mendicant Island",29.302176,-89.973608,"WHIB",0,5,,"Y","N"
5801,2021,"05/17/21 00:00:00","TX","Galveston","West Bay Bird Island New",29.09832,-95.14131999999999,"WHIB",0,6,,"Y","N"
5807,2021,"06/17/21 00:00:00","LA","Biloxi North","Biloxi North 40",30.0434,-89.33750000000001,"WHIB",0,7,,"Y","N"
5822,2021,"06/16/21 00:00:00","LA","Biloxi North","Isle au Pitre",30.1526,-89.1968,"WHIB",0,9,,"Y","N"
5827,2021,"06/17/21 00:00:00","LA","Biloxi North","Biloxi North 36",30.0497,-89.3038,"WHIB",0,10,,"Y","N"
5828,2021,"06/17/21 00:00:00","LA","Biloxi North","Hell Pass Coast B",29.92847,-89.3079,"WHIB",0,10,,"Y","N"
5829,2021,"05/17/21 00:00:00","TX","Corpus Christi-Aransas Bay","Pelican Island Spoil B",27.81882,-97.14743,"WHIB",0,10,,"Y","N"
5830,2021,"05/22/21 00:00:00","LA","Barataria Bay","Queen Bess Island",29.3043,-89.9592,"WHIB",0,10,,"Y","N"
5841,2021,"06/16/21 00:00:00","LA","Biloxi North","Biloxi North 8",30.0525,-89.1944,"WHIB",0,12,,"Y","N"
5850,2021,"05/17/21 00:00:00","TX","Galveston","West Bay Bird Island",29.09517,-95.14105000000001,"WHIB",0,16,,"Y","N"
5858,2021,"05/18/21 00:00:00","TX","Galveston","North Deer Island",29.28519,-94.92462,"WHIB",0,19,,"Y","N"
5875,2021,"06/16/21 00:00:00","LA","Biloxi North","Biloxi North 4",30.0909,-89.23180000000001,"WHIB",0,32,,"Y","N"
2059,2011,"05/17/11 00:00:00","LA","Terrebonne Bay","Raccoon Island West",29.0596,-90.94159999999999,"WILL",0,3,,"Y","N"
5672,2021,"06/16/21 00:00:00","LA","Lake Borgne","Half Moon Island",30.1376,-89.43519999999999,"WILL",0,1,,"Y","N"
5673,2021,"06/14/21 00:00:00","FL","Apalachicola East","Lanark Reef-Pelican Lump",29.87806,-84.568555,"WILL",0,1,,"Y","N"
5761,2021,"06/16/21 00:00:00","LA","Biloxi North","Bayou Pintou",30.128,-89.224,"WILL",0,3,,"Y","N"
5831,2021,"06/14/21 00:00:00","FL","Apalachicola East","Lanark Reef West",29.871013,-84.590857,"WILL",0,10,,"Y","N"
5674,2021,"06/16/21 00:00:00","LA","Breton-Chandeleur Islands","Chandeleur North D",29.901692,-88.824851,"WIPH",0,1,,"Y","N"
5783,2021,"05/22/21 00:00:00","LA","Terrebonne Bay","Raccoon Island",29.0505,-90.92659999999999,"WIPL",0,4,,"Y","N"
1075,2010,"06/11/10 00:00:00","FL","Crystal River","Seahorse Key",29.0969,-83.06610000000001,"WOST",0,1,,"Y","N"
1410,2010,"06/26/10 00:00:00","TX","Salt Bayou","High Island",29.57351,-94.38930000000001,"WOST",0,58,,"Y","N"
2019,2011,"05/18/11 00:00:00","LA","Barataria Bay","Cat Bay Island",29.3474,-89.8672,"WOST",0,1,,"Y","N"
2074,2011,"05/17/11 00:00:00","LA","Atchafalaya Bay","Skimmer Island",29.3864,-91.3836,"YCNH",0,5,,"Y","N"
2575,2012,"05/29/12 00:00:00","LA","Breton-Chandeleur Islands","New Harbor Island 2",29.8565,-88.875,"YCNH",0,1,,"Y","N"
3226,2013,"05/23/13 00:00:00","LA","Barataria Bay","Belle Pass East",29.0901,-90.22190000000001,"YCNH",0,1,,"Y","N"
3227,2013,"05/23/13 00:00:00","LA","Barataria Bay","Queen Bess Island",29.3043,-89.9592,"YCNH",0,1,,"Y","N"
3891,2015,"05/16/15 00:00:00","LA","Terrebonne Bay","Felicity Island",29.2558,-90.44,"YCNH",0,1,,"Y","N"
3892,2015,"06/21/15 00:00:00","LA","Biloxi North","Little Mud Grass Island",29.9508,-89.32250000000001,"YCNH",0,1,,"Y","N"
3893,2015,"05/16/15 00:00:00","LA","Terrebonne Bay","Raccoon Island",29.0505,-90.92659999999999,"YCNH",0,1,,"Y","N"
3921,2015,"05/16/15 00:00:00","LA","Terrebonne Bay","Houma Navigation Canal Island",29.19515,-90.61565,"YCNH",0,2,,"Y","N"
