Year,Date,ColonyName,Dotter,Habitat,Oil,SpeciesCode,ActiveMayJune?,CombineMayJuneData?,Notes,AdditionalNotes
"2011","05/19/11 00:00:00","Chandeleur North G","MWP","barrier island","N",,,"N","flew by but no photos taken; assume no birds were seen",
"2021","06/17/21 00:00:00","Biloxi South 17","PJC","submerged","N",,,"N",,
"2021","06/17/21 00:00:00","Biloxi South 2","PJC","marsh island","N",,,"N","No birds in May or June; seemingly suitable habitat remained",
"2021","06/17/21 00:00:00","Biloxi South 11","PJC","marsh island","N",,,"N","no birds at all in May and June",
"2021","06/17/21 00:00:00","Biloxi South 15","PJC","marsh island","N",,,"N","no birds at all in May and June",
"2021","06/18/21 00:00:00","Bayou Platte Island North","EAM","spoil island","N","BLSK/GBTE","Active Both Months","N","more birds present in May but pre-breeding; birds on sites in June",
"2021","06/18/21 00:00:00","Bayou Platte Island North","EAM","spoil island","N","LAGU","Active Both Months","N","few birds, complete coverage",
"2021","06/18/21 00:00:00","Skimmer Island","PJC","large, muddy, grassy, spoil island","N",,,"N","just a couple roosting GBTE in May",
"2021","06/18/21 00:00:00","T-Pat Island","PJC","large, grassy, spoil island","N",,,"N","just a large WHIB foraging group in May",
"2021","06/18/21 00:00:00","Avocet Island","PJC","large, grassy, spoil island","N",,,"N","just some foraging WHIB in May",
"2021","06/18/21 00:00:00","Bayou Platte Island South","EAM","spoil island","N","BLSK/GBTE/LAGU","Active Both Months","N","More birds in May but June representative of colony size. Complete coverage.",
"2021","05/20/21 00:00:00","Bayou Platte Island South","EAM","spoil island","N","FOTE","Abandoned by June","N",,
"2021","05/20/21 00:00:00","Southwest Pass Islands 1","EAM","remnant shrubs from marsh island","N","GREG","Active Both Months","N","Only 2 nests left in June, others likely submerged",
"2021","06/14/21 00:00:00","Carrabelle","PJC","trees","N",,,"N","no birds detected either month",
"2021","06/14/21 00:00:00","Dog Island East","PJC","beach","N",,,"N","no BLSK/LETE detected either month; no Cam 1 photos either month",
"2021","06/14/21 00:00:00","Ballast Cove Beach","PJC","beach","N",,,"N","no BLSK/LETE detected either month; no Cam 1 photos either month",
"2021","06/14/21 00:00:00","Little Saint George Island","PJC","beach","N",,,"N","no BLSK/LETE detected either month; no Cam 1 photos either month",
"2021","06/18/21 00:00:00","Bay Chaland Island","PJC","marsh island","N",,,"N","submerged in May, no birds in June; FOTE habitat",
"2021","06/17/21 00:00:00","Biloxi South 20","PJC","marsh island","N","FOTE/LAGU","Active Both Months","N","Incubating in June; complete coverage",
"2021","05/23/21 00:00:00","Biloxi South 3","PJC","marsh island","N","SNEG/TRHE","Abandoned by June","N","Just a few birds in territorial spacing; no birds in June; large colony of waders in all previous survey years; and gulls too in certain years",
"2021","06/17/21 00:00:00","Scofield Island","PJC","barrier island","N",,,"N","roosting birds along the shoreline in both mos; no birds in breeding habitat",
"2021","06/18/21 00:00:00","Point Hunt Island","PJC","shrubs, trees","N",,,"N","no birds in June; a small AWPE, BRPE, corm roost and 6 foraging SNEG/GREG in May",
"2021","06/17/21 00:00:00","Biloxi South 4 B","PJC","marsh island; all but submerged","N",,,"N","no birds; tiny patch of marsh above water",
"2021","05/17/21 00:00:00","Bay Harbor Island","PJC",,"N","LAGU","Active Both Months","N","no obvious chicks in June; complete coverage",
"2021","05/17/21 00:00:00","Bay Harbor Island","PJC",,"N","ROYT","Active Both Months","N","a few chicks in June,with some birds on nests, but apparently a lot of nest failure since May",
"2021","05/17/21 00:00:00","Bay Harbor Island","PJC",,"N","WHIB","Active Both Months","N","many more birds in May; June birds incubating",
"2021","05/17/21 00:00:00","Bay Harbor Island","PJC",,"N","TRHE","Active Both Months","N","still incubating in June; no obvious chicks",
"2021","05/17/21 00:00:00","Bay Harbor Island","PJC",,"N","SATE","Abandoned by June","N",,
"2021","06/20/21 00:00:00","Bay Harbor Island","PJC",,"N","REEG","Active Both Months","N","3 nests in May still active in June, plus a few more WM",
"2021","06/20/21 00:00:00","Bay Harbor Island","PJC",,"N","BLSK","Formed by June","N","just a few birds",
"2021","06/20/21 00:00:00","Cowtrap Lake A","PJC",,"N",,"Active Both Months","N","complete coverage",
"2021","06/20/21 00:00:00","Cowtrap Lake B","PJC",,"N",,"Active Both Months","N","complete coverage",
"2021","06/17/21 00:00:00","Biloxi South 21","PJC","phragmites, woody shrubs","N","ALL","Formed by June","N","complete coverage but some birds perhaps concealed; overflown in May but no photos;",
"2021","05/17/21 00:00:00","West Bay Bird Island New","PJC",,"N","LAGU","Active Both Months","N","much nest loss by June likely due to weather/flooding; no chicks evident in June",
"2021","05/17/21 00:00:00","West Bay Bird Island New","PJC",,"N","BRPE","Active Both Months","N","some nest loss since May, but also many chicks present in June",
"2021","05/17/21 00:00:00","West Bay Bird Island New","PJC",,"N","CATE","Active Both Months","Y","some chicks in May; considered sites in June new",
"2021","06/20/21 00:00:00","West Bay Bird Island New","PJC",,"N","ROSA","Formed by June","N","just a few ROYT and SATE hanging out in May; more sandy habitat available in June",
"2021","06/16/21 00:00:00","Deer Island Northeast","PJC","trees","N","GBHE","Active Both Months","N","data are representative of colony size, but some nests likely not detected",
"2021","06/17/21 00:00:00","Scofield Island","PJC","barrier island","N","BLSK","Formed by June","N","no cam 1 pics; just a few birds, cryptic amid patchy vegetation; 70 mm Cam 2 only",
"2021","06/15/21 00:00:00","Range Point Beach","RSW",,"N",,,"N","Only cam 2 photos available for May. Camera 1 and Camera 2 photos for June did not show any birds. Mostly beach umbrellas and beachgoers in both months.",
"2021","05/24/21 00:00:00","Santa Rosa Island East Lot","RSW",,"N",,,"N","Only Cam 2 photos available for May. Camera 1 and Camera 2 photos for June did not show any breeding birds. Beachgoers in both months.",
"2021","06/15/21 00:00:00","Navarre Beach Empty Lot","RSW",,"N",,,"N","No May photos taken; No birds in June (Cam 1 and Cam 2) hotel by beach and beach umbrellas, some beachgoers on beach.",
"2021","06/14/21 00:00:00","Sunnyside Beach","RSW",,"N",,,"N","No May photos, only June Cam 2 photos. No birds, just people on beach.",
"2021","06/14/21 00:00:00","Laguna Beach","RSW",,"N",,,"N","Cam 2 photos in both May and June; no birds, people on beach with tents.",
"2021","06/14/21 00:00:00","Lullwater Beach","RSW",,"N",,,"N","Cam 2 photos in June show ROYT and LAGU roosting birds in area with no people. Both May and June have people on beach, umbrellas, and tents.",
"2021","06/14/21 00:00:00","Bid-A-Wee Beach","RSW",,"N",,,"N","Cam 1 photos for both May and June; no birds; people on beach with umbrellas and tents; near beach hotel.",
"2021","06/15/21 00:00:00","Navarre Causeway A","RSW",,"N",,,"N"," LETE and BLSK sites present; no May photos due to lack of access.",
"2021","06/15/21 00:00:00","Navarre Causeway B","RSW",,"N",,,"N","LETE present ; no May photos due to lack of access",
"2021","06/15/21 00:00:00","Robertson Island","RSW",,"N","LETE","Not Inspected in May","N","Two LETE observed from Cam 1 photos in June; no May photos due to restricted air space. Some people  on beach as well with boats pulled adjacent to the shoreline, but human activity limited to just edges of island.","Camera 2 images shows a portion of roped off area in image  1698, but do not cover entirety of roped off area. LETE dotted seem to be within boundary of roped off area, far from shore."
"2021","06/14/21 00:00:00","Crooked Island North","RSW",,"N","LETE","Formed by June","N","A couple LETE birds in May; but majority of LETE sites formed by June. Coverage in June(75%) is less complete than in May (90%), but no LETE birds except for 2 birds observed in May.",
"2021","06/14/21 00:00:00","Crooked Island South","RSW",,"N","BRPE",,"N","Roosting birds on shoreline; non-breeding.",
"2021","05/25/21 00:00:00","Crooked Island South","RSW",,"N","ROYT",,"N","Roosting birds on shoreline; not there in June.",
"2021","05/25/21 00:00:00","Crooked Island South","RSW",,"N","SATE",,"N","Roosting birds on shoreline mixed in with ROYT roosting birds; not there in June.",
"2021","05/22/21 00:00:00","Mendicant Island","PJC","southernmost corner; shrubs","N","BRPE","Abandoned by June","N","90 abandoned nests (with eggs) and many Empty nests in May; colony completely abandoned by June",
"2021","05/22/21 00:00:00","Queen Bess Island","PJC","restored before 2020 breeding season","N","ROYT/SATE","Active Both Months","Y","west end of Cell 2",
"2021","06/18/21 00:00:00","Rollover Bay A","PJC","four, small, grassy marsh islands","N","FOTE","Active Both Months","N","may include birds that were on B in May (and not countred) and redistributed to A islands by June",
"2021","06/18/21 00:00:00","Philo Brice Islands","PJC","mangroves w. sliver of beach","N","ROYT/SATE","Active Both Months","N","active both months, but better formed in June",
"2021","06/16/21 00:00:00","New Harbor Island 2","PJC","mangroves","N","BRPE",,"N","Essentially no breeding habitat left; nearly 1000 BRPE nests in 2012",
"2021","06/17/21 00:00:00","Gunn Island","PJC","spoil island, largely unvegetated","N","ROYT","Active Both Months","N","many more birds in June",
"2021","05/23/21 00:00:00","Curlew Island","PJC","sand, barrier island","N","ALL","Formed by June","N","very little breeding habitat available in May; no nesting evident yet",
"2021","05/18/21 00:00:00","Dickinson Bay Spoil Island","PJC","U-shaped levee w. shrubs and outer rock edge","N","ALL","Active Both Months","N","Chose May because many spp. with chicks already and no obvious differences in nesting #s by June; a few CATE in June, but they may have failed; movement of driftwood may indicate some low-level overwash occurred",
"2021","06/17/21 00:00:00","Gunn Island","PJC","spoil island, largely unvegetated","N","SATE","Active Both Months","N","many more birds in June",
"2021","06/17/21 00:00:00","Gunn Island","PJC","spoil island, largely unvegetated","N","GBTE","Active Both Months","N","many more birds in June",
"2021","06/17/21 00:00:00","Gunn Island","PJC","spoil island, largely unvegetated","N","BLSK","Active Both Months","N","many more birds in June",
"2021","06/17/21 00:00:00","Gunn Island","PJC","spoil island, largely unvegetated","N","CATE","Active Both Months","N","many more birds in June",
"2021","06/17/21 00:00:00","Gunn Island","PJC","spoil island, largely unvegetated","N","LAGU","Active Both Months","N","many more birds in June",
"2021","06/17/21 00:00:00","Gunn Island","PJC","spoil island, largely unvegetated","N","FOTE","Formed by June","N",,
"2021","06/16/21 00:00:00","Curlew Island","PJC","sand, barrier island","N","ALL","Formed by June","N","excellent coverage of all spp; SATE predominated",
"2021","06/17/21 00:00:00","Queen Bess Island","PJC","restored before 2020 breeding season","N","ROYT/SATE","Active Both Months","Y","south edge of Cell 3 mainly",
"2021","05/22/21 00:00:00","Philo Brice Islands","PJC","mangroves","N","ALL","Active Both Months","N","BRPE, LAGU, waders all active both months; possible increased WHIB in June; rainy day in June affecting image quality was a factor in choosing May; coverage complete",
"2021","05/22/21 00:00:00","Queen Bess Island","PJC","restored before 2020 breeding season","N","BRPE","Active Both Months","N","some chicks in May and no evidence of abandonment in June; used Cell 3 as loafing Area in June",
"2021","05/22/21 00:00:00","Queen Bess Island","PJC","restored before 2020 breeding season","N","GREG","Active Both Months","N","some chicks in May and no evidence of abandonment in June",
"2021","05/22/21 00:00:00","Queen Bess Island","PJC","restored before 2020 breeding season","N","LAGU","Active Both Months","N","mostly in Cell 2; no sign of abandonment in June",
"2021","05/22/21 00:00:00","Queen Bess Island","PJC","restored before 2020 breeding season","N","BLSK/GBTE","Abandoned by June","N","In potential breeding habitat in Cell 3, but no evidence of breeding and not seen in June",
"2021","06/18/21 00:00:00","Rollover Bay A","PJC","four, small, grassy marsh islands","N","LAGU","Active Both Months","N",,
"2021","06/18/21 00:00:00","Rollover Bay A","PJC","four, small, grassy marsh islands","N","TRHE","Formed by June","N","just on the main island",
"2021","06/18/21 00:00:00","Rollover Bay B","PJC","marshy grass island","N","TRHE","Active Both Months","N","complete coverage",
"2021","06/18/21 00:00:00","Rollover Bay C","PJC","marshy grass island w. shrubs","N","WADERS","Active Both Months","N","complete coverage",
"2021","05/18/21 00:00:00","Rollover Bay C","PJC","marshy grass island w. shrubs","N","AMOY","Abandoned by June","N","not seen in June",
"2021","06/20/21 00:00:00","West Nueces Bay 51W A","PJC",,"N",,"Not Inspected in May","N",,
"2021","06/20/21 00:00:00","West Nueces Bay 51W P","PJC",,"N",,"Not Inspected in May","N",,
"2021","06/20/21 00:00:00","West Nueces Bay 51W K","PJC",,"N",,"Active Both Months","N",,
"2021","05/18/21 00:00:00","Kanaloa Spoil","NY","Spoil Island","N","BRPE","Active Both Months","N","Colony in incubation stage, chicks present. Complete coverage.",
"2021","05/18/21 00:00:00","Kanaloa Spoil","NY","Spoil Island","N","LAGU","Active Both Months","N","Colony in incubation stage. Complete coverage.",
"2021","05/18/21 00:00:00","Kanaloa Spoil","NY","Spoil Island","N","CATE","Abandoned by June","N","Small colony in incubation stage, 1 chick present. Complete coverage.",
"2021","05/18/21 00:00:00","Kanaloa Spoil","NY","Spoil Island","N","RUTU","Active Both Months","N","Foraging.",
"2021","05/18/21 00:00:00","Kanaloa Spoil","NY","Spoil Island","N","AMOY","Abandoned by June","N","Small colony in incubation stage. Complete coverage.",
"2021","06/18/21 00:00:00","Kanaloa Spoil","NY","Spoil Island","N","TRHE","Active Both Months","N","Colony in incubation stage. Complete coverage.",
"2021","06/18/21 00:00:00","Kanaloa Spoil","NY","Spoil Island","N","WFIB","Formed by June","N","Colony in incubation stage. Complete coverage.",
"2021","05/25/21 00:00:00","Pepperfish Key","PJC","Shrubs on island","N","GREG","Active Both Months","N","Some large chicks present in May, and some birds on eggs in June; so, sort of a bimodal timing to nesting",
"2021","05/25/21 00:00:00","Pepperfish Key","PJC","Shrubs on island","N","GBHE","Active Both Months","N","large chicks in May and June; some other birds on eggs or setting up in May abandoned by June",
"2021","05/25/21 00:00:00","Pepperfish Key","PJC","Shrubs on island","N","SNEG","Abandoned by June","N","Sp. ID not 100% in May; no birds in June",
"2021","05/25/21 00:00:00","Pepperfish Key","PJC","Shrubs on island","N","TRHE","Abandoned by June","N",,
"2021","05/25/21 00:00:00","Pepperfish Key","PJC","Shrubs on island","N","DCCO",,"N","roosting only; none in June",
"2021","05/25/21 00:00:00","Pepperfish Key","PJC","Shrubs on island","N","AWPE",,"N","roosting only; none in June",
"2021","06/17/21 00:00:00","Biloxi North 26","PJC","Marsh island","N",,,"N","No birds in May or June; just a 50 m length of marsh remaining",
"2021","06/15/21 00:00:00","Petit Bois Island","PJC","barrier island","N",,,"N","no breeding birds detected either month; some roosting birds along shoreline at west end (70 mm only and not counted)",
"2021","06/16/21 00:00:00","Cat Island South","PJC","barrier island","N",,,"N","no breeding birds detected either month; large LAGU roost at south end in June; photoed at 70mm and not counted",
"2021","06/18/21 00:00:00","Aves Island","PJC","grassy, no woody shrubs; fractured, wet","N",,,"N","no birds at all in May and June",
"2021","06/17/21 00:00:00","Biloxi South 1","PJC","submerged","N",,,"N",,
"2021","05/25/21 00:00:00","Crooked Island South","RSW",,"N","CAEG",,"N","3 Roosting birds on shoreline; not there in June",
"2021","05/25/21 00:00:00","Crooked Island South","RSW",,"N","DCCO",,"N","3 DCCO Roosting birds on shoreline; not there in June.",
"2021","06/14/21 00:00:00","Crooked Island South","RSW",,"N","LAGU",,"N","roosting birds with BRPE on shoreline; non-breeding.",
"2021","06/15/21 00:00:00","Bon Secour 1","RSW",,"N","OSPR",,"N","Only Cam2 Photos in May, but not full coverage and zoom too far to dot; no birds observed. Osprey Nest found in June Cam 1 image, not visible from Cam 2 images.",
"2021","06/15/21 00:00:00","Bon Secour 2","RSW",,"N",,,"N","Only Cam 2 photos for both May and June - residential area with many people and houses on beach.",
"2021","06/15/21 00:00:00","Bon Secour 3","RSW",,"N","GBHE",,"N","Few photos in May for both Cam 1 and Cam 2. Used Cam 1 images to confirm GBHE sites in dotted June Cam 2 photos; 95% coverage. Big GBHE Chicks and tree top nests.",
"2021","05/24/21 00:00:00","Dauphin Island 1","RSW",,"N","BRPE",,"N","a few roosting birds; island mostly under water. Only Cam 2 photos.",
"2021","05/24/21 00:00:00","Dauphin Island 1","RSW",,"N","ROYT",,"N","a few roosting birds; island mostly under water. Only Cam 2 photos.",
"2021","05/24/21 00:00:00","Dauphin Island 2","RSW",,"N","ROYT",,"N","Both Cam 1 and Cam 2 photos taken. Roosting ROYT, LAGU, SATE, BRPE birds.",
"2021","05/24/21 00:00:00","Dauphin Island 2","RSW",,"N","LAGU",,"N","Both Cam 1 and Cam 2 photos taken. Roosting ROYT, LAGU, SATE, BRPE birds.",
"2021","05/24/21 00:00:00","Dauphin Island 2","RSW",,"N","SATE",,"N","Both Cam 1 and Cam 2 photos taken. Roosting ROYT, LAGU, SATE, BRPE birds.",
"2021","05/24/21 00:00:00","Dauphin Island 2","RSW",,"N","BRPE",,"N","Both Cam 1 and Cam 2 photos taken. Roosting ROYT, LAGU, SATE, BRPE birds.",
"2021","05/24/21 00:00:00","Dauphin Island 3","RSW",,"N","ROYT",,"N","Roosting birds along with BRPE roosting on shoreline.",
"2021","06/16/21 00:00:00","Isle au Pitre","RSW",,"N","ROYT","Active Both Months","N","ROYT sites present in both May and June in same areas.","ROYT colony in incubation stage. Complete coverage"
"2021","06/16/21 00:00:00","Isle au Pitre","RSW",,"N","SATE","Active Both Months","N","SATE sites present in both May and June in same areas.","SATE colony in incubation stage, but mostly birds. Complete coverage."
"2021","06/16/21 00:00:00","Isle au Pitre","RSW",,"N","SNEG","Active Both Months","N","Not very many SNEG sites in general, but a couple in June. Mostly individual SNEG birds in May.","complete coverage"
"2021","06/16/21 00:00:00","Isle au Pitre","RSW",,"N","BLSK","Active Both Months","N","BLSK present in both May and June, but more established sites in June.","BLSK colony in incubation stage, complete coverage."
"2021","06/16/21 00:00:00","Isle au Pitre","RSW",,"N","GBTE","Active Both Months","N","More established sites in June; complete coverage.",
"2021","06/17/21 00:00:00","Long Bay Island","RSW",,"N","LAGU","Formed by June","N","LAGU more established sites in June, no LAGU sites in May (mostly roosting birds on shoreline in May). 100% coverage.",
"2021","06/17/21 00:00:00","Long Bay Island","RSW",,"N","TRHE","Formed by June","N","Established TRHE sites in June, few in May. 100% coverage.",
"2021","06/17/21 00:00:00","Long Bay Island","RSW",,"N","WHIB","Formed by June","N","Established WHIB sites in June. 100% coverage. One or two individuals on island in May, nonbreeding.",
"2021","06/17/21 00:00:00","Long Bay Island","RSW",,"N","BCNH","Formed by June","N","Sites in June, not May. 100% coverage.",
"2021","06/17/21 00:00:00","Long Bay Island","RSW",,"N","ROYT","Active Both Months","N","Roosting ROYT on shoreline in June, but not many in May. 100% coverage.",
"2021","06/17/21 00:00:00","Long Bay Island","RSW",,"N","BLSK","Active Both Months","N","Roosting BLSK on shoreline in June, not many in May. 100% coverage. Nonbreeding in June.",
"2021","06/17/21 00:00:00","Long Bay Island","RSW",,"N","GBTE","Active Both Months","N","Roosting GBTE on shoreline in June, none in May. 100% coverage.",
"2021","06/17/21 00:00:00","Drum Bay Island","RSW",,"N","BRPE","Formed by June","N","BRPE pairing up in May but no sites; BRPE sites established in June. 100% coverage.",
"2021","06/17/21 00:00:00","Drum Bay Island","RSW",,"N","LAGU","Active Both Months","N","LAGU mostly on shoreline in May; very few sites in May; LAGU sites in June more abundant and established; 100% coverage.",
"2021","06/17/21 00:00:00","Drum Bay Island","RSW",,"N","GREG","Formed by June","N","GREG sites established in June; one abandoned nest identified, all others with incubating GREG. 100% coverage.",
"2021","06/17/21 00:00:00","Drum Bay Island","RSW",,"N","AWPE","Not Inspected in May","N","Roosting AWPE birds on shoreline in June but are nonbreeding. 100% coverage.",
"2021","06/17/21 00:00:00","Drum Bay Island","RSW",,"N","TRHE","Formed by June","N","Very few TRHE sites in general. 100% coverage.",
"2021","06/16/21 00:00:00","Ship Island","RSW",,"N","BLSK","Active Both Months","N","BLSK present in May but sites established in June. 95% coverage.",
"2021","06/16/21 00:00:00","Ship Island","RSW",,"N","GBTE","Active Both Months","N","GBTE sites scattered throughout BLSK colonies in incubation; 99% coverage.",
"2021","06/16/21 00:00:00","Ship Island","RSW",,"N","LETE","Not Inspected in May","N","Scattered LETE birds and sites; 80% coverage",
"2021","06/16/21 00:00:00","Ship Island","RSW",,"N","LAGU","Not Inspected in May","N","LAGU birds present on island in small numbers; 99% coverage.",
"2021","06/16/21 00:00:00","Ship Island","RSW",,"N","ROYT","Formed by June","N","ROYT colonies in incubation position; 100% coverage.",
"2021","06/16/21 00:00:00","Ship Island","RSW",,"N","SATE","Formed by June","N","SATE colonies in incubation position; 100% coverage.",
"2021","06/18/21 00:00:00","Houma Navigation Canal Island","RSW",,"N","BCNH","Active Both Months","N",,
"2021","06/18/21 00:00:00","Houma Navigation Canal Island","RSW",,"N","BCNH","Active Both Months","N","BCNH present in May but sites more abundant in June. 100% coverage",
"2021","06/18/21 00:00:00","Houma Navigation Canal Island","RSW",,"N","BRPE","Active Both Months","N","BRPE incubating in both months, but June had more BRPE chicks and established sites. 100% coverage.","There appeared to be random BRPE eggs outside of nests in some images - could be due to big flooding event that may have pushed eggs out of nest, prompting birds to try again."
"2021","06/18/21 00:00:00","Houma Navigation Canal Island","RSW",,"N","LAGU","Active Both Months","N","LAGU incubating in both May and June, but June sites more established and abundant. 100% coverage",
"2021","06/18/21 00:00:00","Houma Navigation Canal Island","RSW",,"N","SNEG","Active Both Months","N","SNEG incubating in both May and June, but June sites more established. 100% coverage",
"2021","06/18/21 00:00:00","Houma Navigation Canal Island","RSW",,"N","TRHE","Active Both Months","N","TRHE incubating in both May and June, but more June sites present. 100% coverage",
"2021","06/18/21 00:00:00","Houma Navigation Canal Island","RSW",,"N","WHIB","Active Both Months","N","Mostly WHIB roosting birds along coast in May, some sites in June. 100% coverage",
"2021","06/18/21 00:00:00","Houma Navigation Canal Island","RSW",,"N","FOTE","Formed by June","N","Some FOTE in May along racklines, but more established sites and complete colonies in June. 100% coverage.",
"2021","06/18/21 00:00:00","Houma Navigation Canal Island","RSW",,"N","ROYT","Formed by June","N","ROYT colonies mixed in with SATE colonies in June, but not established in May. 100% coverage.",
"2021","06/18/21 00:00:00","Houma Navigation Canal Island","RSW",,"N","GREG","Active Both Months","N","more GREG chicks in June than in May indicative of successful breeding.. 100% coverage",
"2021","06/18/21 00:00:00","Houma Navigation Canal Island","RSW",,"N","ROSP","Not Inspected in May","N","ROSP birds present in June images in groups, but not incubating. Not there in May. 100% coverage.",
"2021","06/18/21 00:00:00","Houma Navigation Canal Island","RSW",,"N","SATE","Formed by June","N","SATE colony in same area as ROYT colony in June, not detected in May. 100% coverage.",
"2021","06/18/21 00:00:00","Houma Navigation Canal Island","RSW",,"N","AMOY","Not Inspected in May","N","two AMOY birds on beach but not incubating in June. 100% coverage. Not in May.",
"2021","06/16/21 00:00:00","Broad","RSW",,"N","BLSK","Formed by June","N","BLSK colonies not present in May, but established by June with many roosting birds on shoreline of beach as well.",
"2021","06/16/21 00:00:00","Broad","RSW",,"N","LAGU","Formed by June","N","No LAGU in May, but many roosting LAGU birds on shoreline in June.",
"2021","06/16/21 00:00:00","Broad","RSW",,"N","ROYT","Formed by June","N","No ROYT in May, but many roosting ROYT birds on shoreline in June.",
"2021","06/16/21 00:00:00","Broad","RSW",,"N","LETE","Formed by June","N","No LETE birds or sites in May, but large colony of LETE birds in June.",
"2021","06/16/21 00:00:00","Beauvoir","RSW",,"N","LETE","Formed by June","N","Colony of LETE established by June, but not in May. May consisted of some ROYT, BRPE, and BLSK roosting birds near shoreline that were not there in June. No LETE in May, but abundant LETE sites in June.",
"2021","06/16/21 00:00:00","Bienville","RSW",,"N","BLSK/LETE",,"N","No birds in May or June. May beach shorelines covered with more algae and ocean debris than in June.",
"2021","06/16/21 00:00:00","Lady Mary","RSW",,"N","BLSK/LETE",,"N","No birds in May or June. Beachgoers visible in June with tents. May has tire tracks on sand and photo does not show people.",
"2021","06/16/21 00:00:00","Sherman","RSW",,"N","BLSK/LETE",,"N","No birds in May or June. People on Beach visible in May, a couple of LAGU birds roosting on beach in May.",
"2021","06/16/21 00:00:00","Magnolia","RSW",,"N","BLSK/LETE",,"N","No birds in May or June. People and heavy equipment such as tractors visible in May (images 24May2021 Cam2Card 3 - 2772 and 2774, 2776).",
"2021","06/16/21 00:00:00","Henderson","RSW

RSW",,"N","BLSK/LETE",,"N","No birds in May or June.",
"2021","06/16/21 00:00:00","Pass Christian Harbor","RSW",,"N","BLSK/LETE",,"N","Beachgoers in June. Some roosting LAGU, ROYT in May (24May2021Cam2Card3-2780 ) located at (30.315892, 89.240225)",
"2021","06/16/21 00:00:00","Isle au Pitre","RSW",,"N","BRPE",,"N","No BRPE colonies present in May, only roosting birds near shoreline. BRPE breeding colonies established in June.","BRPE colony in June in incubation stage. Complete coverage"
"2021","06/16/21 00:00:00","Isle au Pitre","RSW",,"N","LAGU",,"N","LAGU sites present in both May and June, but more abundant in June.","LAGU colonies in incubation stage for both months. Complete coverage"
"2021","06/16/21 00:00:00","Isle au Pitre","RSW",,"N","TRHE",,"N","TRHE sites present in both May and June.","Few incubating sites, mostly bird individuals. Complete coverage"
"2021","06/16/21 00:00:00","Menge","RSW",,"N","BLSK/LETE",,"N","Some roosting BLSK, LAGU, ROYT in June on beach shore but no sites. No sites in May either.",
"2021","06/16/21 00:00:00","Scenic","RSW",,"N","BLSK/LETE",,"N","No June photos, but in May, no birds or sites. Tractor present in image 24May2021Cam2Card3-2800.",
"2021","06/16/21 00:00:00","Espy","RSW",,"N","BLSK/LETE",,"N","No birds or sites present in May or June.",
"2021","06/16/21 00:00:00","Walmart","RSW",,"N","BLSK/LETE",,"N","No birds or sites present in May or June, some beach goers.",
"2021","06/16/21 00:00:00","Pitcher Point","RSW",,"N","BLSK/LETE",,"N","No birds or sites present in May or June.",
"2021","06/16/21 00:00:00","Island View","RSW",,"N","BLSK/LETE",,"N","No birds or sites present in May or June.",
"2021","06/16/21 00:00:00","Long Beach Harbor","RSW",,"N","BLSK/LETE",,"N","No birds or sites present in May or June.",
"2021","06/16/21 00:00:00","Ocean Wave","RSW",,"N","BLSK/LETE",,"N","No birds or sites present in May; some beachgoers in May. Not as many photographs in June, but no birds or sites captured in June either.",
"2021","06/16/21 00:00:00","Woodward","RSW",,"N","BLSK/LETE",,"N","No Cam 1 photos in June, but Cam 2 photos in May and June show no birds and no sites.",
"2021","06/16/21 00:00:00","Port of Gulfport","RSW",,"N","BLSK/LETE",,"N","No Cam 1 photos in June, but a few LETE present (2 sites 1 bird). No birds or sites in May",
"2021","06/16/21 00:00:00","Jones Park","RSW",,"N","BLSK/LETE",,"N","Some roosting BLSK in June, no sites with beachgoers as well; In May some roosting BLSK, ROYT, LAGU birds near beach shoreline (24May2021Cam2Card3-2904) and no sites.",
"2021","06/16/21 00:00:00","Hewes","RSW",,"N","BLSK/LETE",,"N","No birds or sites in June. Beachgoers in May, no sites or birds.",
"2021","06/16/21 00:00:00","Tegarden","RSW",,"N","LETE",,"Y","In June only 3 Cam 2 photos and no Cam 1 photos- Some LETE in habitat (16June2021Cam2Card1-4856 , but none in same area in May); In May, more Cam 2 photos than June, some LETE (24May2021Cam2Card3-2930) not in June. Beachgoers in both months.",
"2021","06/16/21 00:00:00","Cowan","RSW",,"N","LETE",,"N","LETE sites present in both May and June, but more established in June. More photos in May of beach than in June. No Camera 1 photos available to confirm. No BLSK.",
"2021","06/16/21 00:00:00","Great Southern","RSW",,"N","BLSK/LETE",,"N","No June Cam 2 images; in May, no LETE sites. No BLSK.",
"2021","06/16/21 00:00:00","Ocean Club","RSW",,"N","BLSK/LETE",,"N","No June Cam 2 images or Cam 1; In May, Cam 2 photos show LAGU flying birds and LAGU roosting as well as beach goers.",
"2021","06/16/21 00:00:00","Shell","RSW",,"N","BLSK/LETE",,"N","No birds in June or May. Hotels near beach and many beachgoers depicted in May Cam 2 photos.",
"2021","06/16/21 00:00:00","Leggett","RSW",,"N","BLSK/LETE",,"N","No birds in June or May.",
"2021","06/16/21 00:00:00","Biloxi Beach","RSW",,"N","BLSK/LETE",,"N","June has roosting LAGU birds but no sites. No birds or sites in May.",
"2021","05/24/21 00:00:00","Horn Island","RSW",,"N","BRPE",,"N","Roosting on shoreline, not breeding.",
"2021","05/24/21 00:00:00","Horn Island","RSW",,"N","LAGU",,"N","Roosting on shoreline, not breeding",
"2021","05/24/21 00:00:00","Horn Island","RSW",,"N","SATE",,"N","Roosting on shoreline, not breeding",
"2021","05/24/21 00:00:00","Horn Island","RSW",,"N","BLSK","Abandoned by June","N","BLSK pairs setting up in May but gone by June and did not breed. BLSK in May mainly birds and territorial birds, but no sites were present.",
"2021","05/24/21 00:00:00","Horn Island","RSW",,"N","ROYT",,"N","Roosting on shoreline, not breeding.",
"2021","05/24/21 00:00:00","Horn Island","RSW",,"N","GBTE",,"N","Roosting on shoreline, not breeding.",
"2021","05/23/21 00:00:00","Martin Island","RSW",,"N","ROYT",,"N","All roosting birds in May",
"2021","05/23/21 00:00:00","Martin Island","RSW",,"N","BRPE",,"N","Roosting birds in May, however, a lot more abundant roosting BRPE in June.",
"2021","05/23/21 00:00:00","Martin Island","RSW",,"N","DCCO",,"N","Roosting birds in May. Island is going underwater, loss of habitat compared to 2018 for FOTE.",
"2021","06/15/21 00:00:00","Fort Pickens Lot","RSW",,"N",,,"N","No birds in June(Only Cam2 photos, no Cam 1 photos); no photos taken in May. June - mostly people on beaches and vehicles in parking lots.",
"2021","06/15/21 00:00:00","Santa Rosa Island West Lot","RSW",,"N",,,"N","Only Cam 2 photos available for both months; No birds in May or June.",
"2021","06/15/21 00:00:00","Laffite Cove","RSW",,"N",,,"N","Only Cam 2 photos available for both months; no birds in May or June; lots of beachgoers in May and June, beach houses present.",
"2021","06/15/21 00:00:00","Little Sabine Bay","RSW",,"N",,,"N","Only Cam 2 photos available for both months; no birds in May or June; many beachgoers in May and June, hotels/beach houses present.",
"2021","06/15/21 00:00:00","Dauphin Island 1","RSW",,"N",,,"N","Roosting LAGU, BRPE, and SATE in Camera 1 images; Cam 2 photos have better coverage of island, although not many birds or sites other than the ones depicte din Cam 1. A couple people walking on edge of beach.",
"2021","06/15/21 00:00:00","Dauphin Island 2","RSW",,"N",,,"N","No birds; sand and vegetation. Only Cam 2 images.",
"2021","06/15/21 00:00:00","Dauphin Island 3","RSW",,"N",,,"N","No birds. Only Cam 2 images.",
"2021","05/24/21 00:00:00","Battery McIntosh","RSW",,"N","GREG","Active Both Months","N","Sites are more well-defined in May than in June. In June, many GREG birds off nest and in water, chicks are also more dispersed.",
"2021","05/24/21 00:00:00","Battery McIntosh","RSW",,"N","GBHE","Active Both Months","N","Sites are more well-defined in May and birds clearly on nest instead of wandering.",
"2021","06/15/21 00:00:00","Isle Aux Herbes","RSW",,"N","BRPE",,"N","Roosting BRPE on shoreline.",
"2021","06/15/21 00:00:00","Isle Aux Herbes","RSW",,"N","CATE",,"N","Roosting CATE on shoreline",
"2021","06/15/21 00:00:00","Isle Aux Herbes","RSW",,"N","LAGU",,"N","Roosting LAGU on shoreline.",
"2021","06/15/21 00:00:00","Isle Aux Herbes","RSW",,"N","ROYT",,"N","ROYT roosting on shoreline.",
"2021","05/24/21 00:00:00","Isle Aux Herbes","RSW",,"N","GREG","Active Both Months","N","GREG sites had chicks in May and also in June - sign of breeding success. Dotted May because less chicks roaming.",
"2021","05/24/21 00:00:00","Isle Aux Herbes","RSW",,"N","TRHE","Active Both Months","N","TRHE sites present in both months.",
"2021","05/24/21 00:00:00","Isle Aux Herbes","RSW",,"N","BCNH","Active Both Months","N","BCNH sites in May but fewer in June.",
"2021","05/24/21 00:00:00","Isle Aux Herbes","RSW",,"N","CASP",,"N","Roosting birds",
"2021","05/24/21 00:00:00","Isle Aux Herbes","RSW",,"N","AMOY",,"N","Single individual",
"2021","05/24/21 00:00:00","Terrapin Island","RSW",,"N","CAEG","Active Both Months","N","CAEG sites more well defined in May, CAEG chicks at same sites as May seen in June, but not as many sites.",
"2021","05/24/21 00:00:00","Terrapin Island","RSW",,"N","TRHE","Active Both Months","N","TRHE sites active both months.",
"2021","05/24/21 00:00:00","Terrapin Island","RSW",,"N","GREG","Active Both Months","N","GREG sites more well defined in May , many adults with chicks in May, and in June sites are  with grown chicks.",
"2021","05/24/21 00:00:00","Terrapin Island","RSW",,"N","REEG","Abandoned by June","N","One site in May that is not there in June.",
"2021","05/24/21 00:00:00","Terrapin Island","RSW",,"N","WHIB","Active Both Months","N","More WHIB chicks roaming in June; dotted in May because sites are more well-defined.",
"2021","06/16/21 00:00:00","Half Moon Island","RSW",,"N","SNEG","Active Both Months","N","Some SNEG present in May too but dotted in June (chicks present in June not in May)",
"2021","06/16/21 00:00:00","Half Moon Island","RSW",,"N","TRHE","Active Both Months","N","Some TRHE present in May too but dotted in June (more established in June)",
"2021","06/16/21 00:00:00","Half Moon Island","RSW",,"N","LAGU","Active Both Months","N","No LAGU in May; sparse LAGU in June (very few sites, mostly roosting)",
"2021","06/16/21 00:00:00","Half Moon Island","RSW",,"N","WHIB","Active Both Months","N","WHIB sites in May with eggs, but dotted in June (sites more established in June)",
"2021","06/16/21 00:00:00","Half Moon Island","RSW",,"N","BLSK","Active Both Months","N","BLSK also present in May, but sites more established by June.",
"2018","05/20/18 00:00:00","Barataria Bay 12","KLC","Grassy","N",,,"N","No nests. Grassy, narrow island. Wrack line on median. Primarily inundated and saturated soil.",
"2018","05/20/18 00:00:00","Barataria Bay 5 AB","KLC","Grassy, shrubs","N","FOTE",,"N","May only; small grassy island with narrow peninsula. FOTE in incubation posture on wrack line. Majority nesting/incubating.",
"2018","05/20/18 00:00:00","Barataria Bay 6","KLC","Grassy","N","FOTE",,"N","June only. Two solitary FOTE nests; insufficient colony. Saturated soil and narrow wrack line on grassy island.",
"2018","06/24/18 00:00:00","Bastian Island","KLC","Beach, shrubs","N","LAGU",,"N","June only; shrubby beach. Small number of nests; few birds in incubation posture.",
"2018","06/24/18 00:00:00","Bastian Island","KLC","Beach, shrubs","N","BLSK",,"N","June only; shrubby beach. Majority of individuals in incubation posture. Nesting in sandy substrate.",
"2018","06/24/18 00:00:00","Bastian Island","KLC","Beach, shrubs","N","CATE",,"N","June only; shrubby beach. Majority of CATE in incubation posture, nesting in sand adjacent to vegetation.",
"2018","06/24/18 00:00:00","Bastian Island","KLC","Beach, shrubs","N","GBTE",,"N","June only; shrubby beach. Small number of GBTE in incubation posture, mixed with BLSK in sandy substrate.",
"2018","06/24/18 00:00:00","Beauregard Island","KLC","Shrubs, marsh","N","WHIB",,"N","June only; small shrubby island. Approximately one third of WHIB present in incubating posture. Estimated 175 WHIB nests from June photo 11692 Cam 2 that were empty. Several WHIB in June remain with young; most fledged.",
"2021","06/16/21 00:00:00","Half Moon Island","RSW",,"N","GBTE","Active Both Months","N","GBTE dotted in June (more abundant and sites more established than in May)",
"2021","06/16/21 00:00:00","Half Moon Island","RSW",,"N","ROYT","Active Both Months","N","ROYT dotted in June but no sites, just roosting birds on shoreline.",
"2021","06/16/21 00:00:00","Half Moon Island","RSW",,"N","FOTE","Formed by June","N","FOTE dotted in June, not present in May. June birds roosting on shoreline.",
"2021","06/16/21 00:00:00","Half Moon Island","RSW",,"N","WILL",,"N","Willet was lone individual roosting on shore.",
"2021","05/24/21 00:00:00","Terrapin Island","RSW",,"N","SNEG","Abandoned by June","N","White waders all dotted in May because more hatched chicks and abandoned nests in June.",
"2021","05/24/21 00:00:00","Terrapin Island","RSW",,"N","BCNH","Abandoned by June","N","BCNH in May; but not in June.",
"2021","06/15/21 00:00:00","Terrapin Island","RSW",,"N","BLSK","Active Both Months","N","BLSK sites dotted in June because less breeding sites in May and mostly in pairs in May.",
"2021","06/15/21 00:00:00","Terrapin Island","RSW",,"N","GBTE","Active Both Months","N","GBTE dotted in June because more sites than in May.",
"2021","06/15/21 00:00:00","Terrapin Island","RSW",,"N","SATE","Formed by June","N","Formed by June.",
"2021","06/15/21 00:00:00","Terrapin Island","RSW",,"N","CATE","Active Both Months","N","Few sites in May, but more established sites in June than in May.",
"2021","06/15/21 00:00:00","Terrapin Island","RSW",,"N","ROYT",,"N","Not many ROYT in May, but ROYT in June were all roosting birds on shoreline.",
"2021","06/15/21 00:00:00","Terrapin Island","RSW",,"N","BRPE",,"N","BRPE present in May and June, but were roosting birds on shoreline for both months, non-breeding.",
"2021","05/24/21 00:00:00","Gaillard Island","RR",,"N","BRPE","Active Both Months","Y","Actively nesting in both May and June. May areas 106 were not photographed in June. Dotting nests and chicks in May on SW corner (area 7) gave better BPE than in June, chicks were either off nest or not visible in photos.",
"2021","05/24/21 00:00:00","Gaillard Island","RR",,"N","LAGU","Active Both Months","Y","Actively nesting in both May and June. May Areas 1-6 were not photographed in June. LAGU birds included in Area 7.",
"2021","06/15/21 00:00:00","Gaillard Island","RSW/RR",,"N","BRPE","Active Both Months","Y","Mostly incubating, chicks observed on nests in SW corner and S edge. Older chicks + broods in SW corner near May Area 7-95% coverage. Some BRPE WBN dotted along SE as well.",
"2021","06/15/21 00:00:00","Gaillard Island","RSW/RR",,"N","LAGU","Active Both Months","Y","Incubating throughout island in both months. June was better for BPE - 90% coverage. LAGU sites dotted in June along central levee.",
"2021","06/15/21 00:00:00","Gaillard Island","RSW/RR",,"N","CANG","Active Both Months","N","Adults, one chick present in May, many more in June with chicks and immature birds, representing nesting on island - 100% coverage.",
"2021","06/15/21 00:00:00","Gaillard Island","RSW/RR",,"N","WHIB","Active Both Months","Y","WHIB dotted in June in SE corner of Gaillard Island - mostly dotted with Cam 1 or Cam 2 images using Cam 1 as a reference; 95% coverage. Active in both months but sites are more clear in June; some abandonded nests in June possibly due to flooding (?).","Added a few sites from May (Area02RW)"
"2021","06/15/21 00:00:00","Gaillard Island","RR",,"N","AMOY",,"N","1 bird on SE side beach.",
"2021","06/15/21 00:00:00","Gaillard Island","RSW/RR",,"N","GREG","Formed by June","N","16 birds total on E side perimeter; several sites in SE corner among WHIB and CAEG of island.",
"2021","06/15/21 00:00:00","Gaillard Island","RR",,"N","BLSK","Formed by June","N","Not present in May. Roosters on SE and SW side, 11 sites on SW corner - 95% coverage.",
"2021","06/15/21 00:00:00","Gaillard Island","RR",,"N","HERG","Not Inspected in May","N","2 immature birds on SE corner beach, 1 immature bird on NE side by ROYT.",
"2021","06/15/21 00:00:00","Gaillard Island","RR",,"N","LBBG",,"N","One bird on SE corner beach by immature HERG.",
"2021","06/15/21 00:00:00","Gaillard Island","RSW/RR",,"N","ROYT","Formed by June","N","2 small colonies in SE corner only captured by Cam2, not present there in May. Colony NE of central levee establisehd by June - 100% coverage. ROYT colonies along Central Levee - 100% coverage.",
"2021","06/15/21 00:00:00","Gaillard Island","RSW/RR",,"N","CATE","Formed by June","N","Breeding colony on SE corner by ROYT only captured by Cam2, colony on SW corner by BLSK also only captured by Cam 2 - 100% coverage. Some CATE sites along central levee and along W perimeter of island (Area123RW and 124RW June)",
"2021","05/24/21 00:00:00","Gaillard Island","RSW",,"N","CAEG","Active Both Months","N","CAEG dotted in May; chicks roaming around in June and sites are not as distinct or clear. CAEG sites all throughout SE corner of island present in both months. 1 bird on E side perimeter.",
"2021","06/15/21 00:00:00","Gaillard Island","RSW/RR",,"N","ROSP","Not Inspected in June","N","Few ROSP sites in May amidst white waders in SE corner. 1 bird on E side perimeter.",
"2021","06/15/21 00:00:00","Gaillard Island","RSW/RR",,"N","DCCO",,"N","3 birds on SW perimeter, a couple along central levee.",
"2021","06/15/21 00:00:00","Gaillard Island","RR",,"N","FOTE","Formed by June","N","2 sites with mostly roosters on E side perimeter - 100% coverage.",
"2021","06/15/21 00:00:00","Gaillard Island","RSW/RR",,"N","BCNH",,"N","1 bird on SW perimeter; BCNH sites throughout SE corner of island; 95% coverage.",
"2021","06/15/21 00:00:00","Gaillard Island","RSW/RR",,"N","SNEG","Active Both Months","N","3 birds on SW perimeter, few birds throughout SE corner of island amidst other white waders; however photo quality in Cam 1 and 2 make them hard to distinguish. 1 bird along W perimeter of island. 95% coverage",
"2021","06/15/21 00:00:00","Gaillard Island","RR",,"N","GBTE","Formed by June","N","14 sites with BLSK on SW corner, mostly Cam2 Coverage - 95% coverage.",
"2021","06/15/21 00:00:00","Gaillard Island","UNWA",,"N","UNWA",,"N","large white/gray bird in pond near CANG - Area 197.",
"2021","06/15/21 00:00:00","Gaillard Island","RSW",,"N","SATE","Active Both Months","N","Along Central levee mixed with ROYT colonies; dotted in June; 100% coverage.",
"2021","06/15/21 00:00:00","Gaillard Island","RSW",,"N","AWPE",,"N","AWPE birds either roosting on land or swimming in water.",
"2021","06/15/21 00:00:00","Gaillard Island","RSW",,"N","AMAV",,"N","AMAV bird swimming in water Area63 June off of central levee; nonbreeding.",
"2021","05/24/21 00:00:00","Gaillard Island","RSW",,"N","TRHE","Abandoned by June","N","few sites in May in SE corner of island amidst CAEG and BCNH.",
"2021","05/24/21 00:00:00","Gaillard Island","RSW",,"N","GLIB","Active Both Months","N","GLIB sites in SE corner of island amidst CAEG and BCNH mostly; ; 95% coverage.",
"2021","05/24/21 00:00:00","Gaillard Island","RSW",,"N","GBHE","Not Inspected in June","N","One GBHE bird in SE corner of island near berm together with a couple roosing DCCO.",
"2021","06/17/21 00:00:00","Little Mud Grass Island Northeast","RSW",,"N","GREG","Formed by June","N","GREG birds present in May but not on breeding sites until June. 100% coverage",
"2021","06/17/21 00:00:00","Little Mud Grass Island Northeast","RSW",,"N","LAGU","Active Both Months","N","LAGU sites more abundant in June. 100% coverage",
"2021","06/17/21 00:00:00","Little Mud Grass Island Northeast","RSW",,"N","TRHE","Active Both Months","N","TRHE sites present in May but are more abundant in June and more established. 100% coverage.",
"2021","06/17/21 00:00:00","Little Mud Grass Island Northeast","RSW",,"N","BCNH","Formed by June","N","BCNH sites formed by June, not seen in May images. 100% coverage",
"2021","06/17/21 00:00:00","Little Mud Grass Island Northeast","RSW",,"N","ROSP","Formed by June","N","ROSP Birds scattered throughout island in May, but sites were not established until June. 100% coverage.",
"2021","06/17/21 00:00:00","Little Mud Grass Island Northeast","RSW",,"N","SNEG","Formed by June","N","SNEG birds present, but sites established in June. 100% coverage.",
"2021","06/17/21 00:00:00","Little Mud Grass Island Northeast","RSW",,"N","WHIB","Formed by June","N","WHIB birds not observed in May, but sites and birds present in June. 100% coverage.",
"2021","05/18/21 00:00:00","Marker 52 Spoil Island","RSW",,"N","BRPE","Active Both Months","N","100% coverage; many chick nests",
"2021","05/18/21 00:00:00","Marker 52 Spoil Island","RSW",,"N","LAGU","Active Both Months","N","100% coverage",
"2021","05/18/21 00:00:00","Marker 52 Spoil Island","RSW",,"N","TRHE","Active Both Months","N","100% coverage; more established sites in May, some gone in June.",
"2021","05/18/21 00:00:00","Marker 52 Spoil Island","RSW",,"N","GBHE","Active Both Months","N","100% coverage; Some of the GBHE sites not there in June, dotted in May.",
"2021","05/18/21 00:00:00","Marker 52 Spoil Island","RSW",,"N","CAEG","Abandoned by June","N","100% coverage; dotted camera 2 CAEG since not all areas covered by Cam 1, species ID in CAEG not 100% .",
"2021","05/18/21 00:00:00","Marker 52 Spoil Island","RSW",,"N","SNEG","Active Both Months","N","species ID in SNEG not 100% , 100% coverage",
"2021","05/18/21 00:00:00","Marker 52 Spoil Island","RSW",,"N","WHIB",,"N","Roosting birds, not abundant; 100% coverage .",
"2021","06/16/21 00:00:00","New Harbor Island 3","RSW",,"N","BRPE","Active Both Months","N","BRPE sites mostly all WBN with some chick nests; 95% coverage, small portion of island on western edge cut off from images above 16June2021Cam2Card1 img 9186/9278.",
"2021","06/16/21 00:00:00","New Harbor Island 3","RSW",,"N","LAGU","Active Both Months","N","100% coverage; mostly nonbreeding,roosting birds; few sites.",
"2021","06/16/21 00:00:00","New Harbor Island 3","RSW",,"N","GREG","Formed by June","N","100% coverage; a few sites, a couple with chicks. Class 61 in corrected screen captures.",
"2021","05/18/21 00:00:00","High Island","RSW",,"N","CAEG","Active Both Months","N","CAEG sites present in both May and June but more established in June.",
"2021","05/18/21 00:00:00","High Island","RSW",,"N","GREG","Active Both Months","N","GREG sites present in both months but more established in June.",
"2021","05/18/21 00:00:00","High Island","RSW",,"N","LBHE","Active Both Months","N","LBHE sites in both months.",
"2021","05/18/21 00:00:00","High Island","RSW",,"N","ROSP","Active Both Months","N","ROSP sites more established in June.",
"2021","05/18/21 00:00:00","High Island","RSW",,"N","SNEG","Active Both Months","N","SNEG sites present in both months but more established in June.",
"2021","05/18/21 00:00:00","High Island","RSW",,"N","TRHE","Active Both Months","N","TRHE sites present in both months but more established in June.",
"2021","05/18/21 00:00:00","High Island","RSW",,"N","NECO","Active Both Months","N","NECO sites more established in June and also paired NECO, as well as some sites with chicks.",
"2021","05/18/21 00:00:00","High Island","RSW",,"N","COGA",,"N","roosting bird foraging, a couple of individuals on island in June.",
"2021","05/18/21 00:00:00","High Island","RSW",,"N","WHIB","Formed by June","N","WHIB sites were few but established in June. Did not observe in May photos.",
"2021","05/18/21 00:00:00","High Island","RSW",,"N","BCNH",,"N","roosting bird",
"2021","05/18/21 00:00:00","High Island","RSW",,"N","BBWD",,"N","roosting in trees.",
"2021","06/17/21 00:00:00","Biloxi South 10 B","RRR","Marsh island with beaches","N","TRHE","Active Both Months","N","Colony in incubation stage, 5 sites spread out - 100% coverage",
"2021","06/17/21 00:00:00","Biloxi South 10 B","RRR","Marsh island with beaches","N","BRPE","Active Both Months","N","Single bird standing on beach",
"2021","06/17/21 00:00:00","Biloxi South 10 B","RRR","Marsh island with beaches","N","AWPE","Active Both Months","N","Single bird standing on beach near BRPE",
"2021","06/17/21 00:00:00","Biloxi South 10 B","RRR","Marsh island with beaches","N","WHIB","Active Both Months","N","Single bird standing on beach near vegetation",
"2021","06/17/21 00:00:00","Biloxi South 10 B","RRR","Marsh island with beaches","N","ROYT","Active Both Months","N","Birds standing on shore/in water; not nesting",
"2021","06/17/21 00:00:00","Biloxi South 10 C","RRR","Grassy, mostly underwater","N",,"NA","N","No birds present; most of island underwater with no land visible",
"2021","06/17/21 00:00:00","Biloxi South 10 D","RRR","Grassy, 60% underwater","N","LAGU","Active Both Months","N","One abandoned nest, some nesting in May but more established in June - 100% coverage",
"2021","06/17/21 00:00:00","Biloxi South 10 D","RRR","Grassy, 60% underwater","N","DCCO","Active Both Months","N","Single bird standing on beach strand",
"2021","06/17/21 00:00:00","Belle Isle","RRR","Fragmented marsh island with beaches","N","LAGU","Active Both Months","N","18 total abandoned nests on two islands; 30+ seen just slightly off nests with eggs visible - 100% coverage","Areas 13 and 14 removed from screen captures - Area 13 points were included in Area 38 and Area 14 points were included in Area 40"
"2021","06/17/21 00:00:00","Belle Isle","RRR","Fragmented marsh island with beaches","N","AMOY","Active Both Months","N","Single bird nesting on beach","Areas 13 and 14 removed from screen captures - Area 13 points were included in Area 38 and Area 14 points were included in Area 40"
"2021","06/17/21 00:00:00","Belle Isle","RRR","Fragmented marsh island with beaches","N","BRPE","Active Both Months","N","Most in incubating stage on WBNs. 2 juveniles observed w/ adult, 2 observed w/o adult present - 100% coverage","Areas 13 and 14 removed from screen captures - Area 13 points were included in Area 38 and Area 14 points were included in Area 40"
"2021","06/17/21 00:00:00","Belle Isle","RRR","Fragmented marsh island with beaches","N","TRHE","Active Both Months","N","Incubating, some slightly off nest showed eggs visible - 100% coverage","Areas 13 and 14 removed from screen captures - Area 13 points were included in Area 38 and Area 14 points were included in Area 40"
"2021","06/17/21 00:00:00","Belle Isle","RRR","Fragmented marsh island with beaches","N","GREG","Active Both Months","N","Incubating - 100% coverage","Areas 13 and 14 removed from screen captures - Area 13 points were included in Area 38 and Area 14 points were included in Area 40"
"2021","06/17/21 00:00:00","Belle Isle","RRR","Fragmented marsh island with beaches","N","SNEG","Active Both Months","N","Incubating - 100% coverage","Areas 13 and 14 removed from screen captures - Area 13 points were included in Area 38 and Area 14 points were included in Area 40"
"2021","06/17/21 00:00:00","Belle Isle","RRR","Fragmented marsh island with beaches","N","WHIB","Active Both Months","N","Incubating, big groups mixed in with ROSP and BCNH most of the time - 100% coverage","Areas 13 and 14 removed from screen captures - Area 13 points were included in Area 38 and Area 14 points were included in Area 40"
"2021","06/18/21 00:00:00","Kanaloa Spoil","NY","Spoil Island","N","GBHE","Active Both Months","N","Foraging.",
"2021","06/20/21 00:00:00","Naval Air Station Islands D","NY","small grass/cactus island w interspersed beaches","N","LAGU","Not Inspected in May","N","less than half of the colony in incubation stage, mostly chicks and broods present. 95% coverage","multiple broods"
"2021","06/20/21 00:00:00","Naval Air Station Islands D","NY","small grass/cactus island w interspersed beaches","N","TRHE","Not Inspected in May","N","Colony in incubation stage, chicks present. Complete coverage.",
"2021","06/20/21 00:00:00","Naval Air Station Islands D","NY","small grass/cactus island w interspersed beaches","N","REEG WM","Not Inspected in May","N","One site with chick. Complete coverage.",
"2021","06/20/21 00:00:00","Naval Air Station Islands E","NY","split island with trees","N","TRHE","Not Inspected in May","N","Colony in incubation stage, chicks present. Complete coverage.",
"2021","06/20/21 00:00:00","Naval Air Station Islands E","NY","split island with trees","N","CAEG","Not Inspected in May","N","One bird present",
"2021","06/20/21 00:00:00","Naval Air Station Islands E","NY","split island with trees","N","REEG DM","Not Inspected in May","N","Colony in incubation stage, one chick site present. Complete coverage.",
"2021","06/20/21 00:00:00","Naval Air Station Islands E","NY","split island with trees","N","REEG WM","Not Inspected in May","N","Colony in incubation stage, chicks present. Complete coverage.",
"2021","06/20/21 00:00:00","Naval Air Station Islands E","NY","split island with trees","N","LAGU","Not Inspected in May","N","Colony in incubation stage, chicks present. Complete coverage.","multiple broods"
"2021","06/20/21 00:00:00","Naval Air Station Islands E","NY","split island with trees","N","SNEG","Not Inspected in May","N","Colony in incubation stage, chicks present. Complete coverage.",
"2021","06/20/21 00:00:00","Naval Air Station Islands E","NY","split island with trees","N","BNST","Not Inspected in May","N","Pair foraging.",
"2021","06/20/21 00:00:00","Naval Air Station Islands E","NY","split island with trees","N","LBHE","Not Inspected in May","N","Colony in incubation stage. Complete coverage.",
"2021","06/20/21 00:00:00","Arroyo Colorado Spoils B2","NY","Spoil Island","N","GBHE","Active Both Months","N","Foraging",
"2021","06/20/21 00:00:00","Arroyo Colorado Spoils B2","NY","Spoil Island","N","BLSK","Active Both Months","N","Colony in incubation stage. Complete coverage.","More pre-breeding birds in May. Did not count May, pre-breeding is not included in the overall breeding population estimate."
"2021","06/20/21 00:00:00","Arroyo Colorado Spoils B2","NY","Spoil Island","N","GBTE","Active Both Months","N","Colony in incubation stage, chicks present. Complete coverage.",
"2021","06/17/21 00:00:00","Belle Isle","RRR","Fragmented marsh island with beaches","N","ROSP","Active Both Months","N","Incubating, some eggs visible, ~85% of nests had both adults at nest or second adult close by - 100% coverage","Areas 13 and 14 removed from screen captures - Area 13 points were included in Area 38 and Area 14 points were included in Area 40"
"2021","06/17/21 00:00:00","Belle Isle","RRR","Fragmented marsh island with beaches","N","BCNH","Active Both Months","N","Incubating - 100% coverage","Areas 13 and 14 removed from screen captures - Area 13 points were included in Area 38 and Area 14 points were included in Area 40"
"2021","06/17/21 00:00:00","Belle Isle","RRR","Fragmented marsh island with beaches","N","FOTE","Active Both Months","N","2 birds on beach w/ ROYT, not nesting","Areas 13 and 14 removed from screen captures - Area 13 points were included in Area 38 and Area 14 points were included in Area 40"
"2021","06/17/21 00:00:00","Belle Isle","RRR","Fragmented marsh island with beaches","N","ROYT","Active Both Months","N","2 birds on beach w/ FOTE, not nesting","Areas 13 and 14 removed from screen captures - Area 13 points were included in Area 38 and Area 14 points were included in Area 40"
"2021","06/17/21 00:00:00","Belle Isle","RRR","Fragmented marsh island with beaches","N","AMWE","Active Both Months","N","Single bird on shore with BRPE","Areas 13 and 14 removed from screen captures - Area 13 points were included in Area 38 and Area 14 points were included in Area 40"
"2021","05/22/21 00:00:00","Raccoon Island","RRR/NY","Marsh island with beaches and inland channel","N","LAGU","Active Both Months","N","Actively nesting both months, dotting all LAGU in May was best for BPE, some chicks observed in June - 100% coverage",
"2021","05/22/21 00:00:00","Raccoon Island","RRR/NY","Marsh island with beaches and inland channel","N","BRPE","Active Both Months","N","Actively nesting both months, May was best for BPE, chicks observed both months and more scattered in June - 100% coverage","Random eggs observed not in nests, maybe from floods?"
"2021","05/22/21 00:00:00","Raccoon Island","RRR/NY","Marsh island with beaches and inland channel","N","GREG","Active Both Months","Y","Incubating and chicks observed in May and June, lots of pairs of chicks in May on nest - 100% coverage",
"2021","05/22/21 00:00:00","Raccoon Island","RRR/NY","Marsh island with beaches and inland channel","N","BCNH","Active Both Months","N","Incubating and some chicks in May, no new sites in June - 100% coverage",
"2021","05/22/21 00:00:00","Raccoon Island","RRR/NY","Marsh island with beaches and inland channel","N","ROSP","Active Both Months","Y","1 site in June, 1 site in May, Birds observed in both months - 100% coverage",
"2021","05/22/21 00:00:00","Raccoon Island","RRR/NY","Marsh island with beaches and inland channel","N","WHIB","Active Both Months","N","One pair nesting in May on E side of island -100% coverage",
"2021","05/22/21 00:00:00","Raccoon Island","RRR","Marsh island with beaches and inland channel","N","HERG","Active Both Months","N","One adult observed in incubating posture with immature HERG (1st winter/2nd calendar year) in same photo. Immature HERG observed in same area in June but no adult on nest.",
"2021","06/18/21 00:00:00","Raccoon Island","RRR/PC","Marsh island with beaches and inland channel","N","ROYT","Active Both Months","Y","SE side of island had lots of chicks all over in June, a few new colonies were incubating or had chicks still at nest - 100% coverage",
"2021","06/18/21 00:00:00","Raccoon Island","RRR/PC","Marsh island with beaches and inland channel","N","SATE","Active Both Months","Y","Chicks all over SE side of island in June, colonies formed better in May. Some new sites within new ROYT colonies dotted in June - 100% coverage",
"2021","06/18/21 00:00:00","Raccoon Island","RRR","Marsh island with beaches and inland channel","N","CATE","Formed by June","N","A few birds observed in May but main nesting colony was better formed in June. Incubating stage - 100% coverage",
"2021","06/18/21 00:00:00","Raccoon Island","RRR","Marsh island with beaches and inland channel","N","BLSK","Formed by June","N","Birds present in May but not nesting, colonies formed in June in incubation stage, only on NE side of island - 100% coverage",
"2021","06/18/21 00:00:00","Raccoon Island","RRR","Marsh island with beaches and inland channel","N","GBTE","Formed by June","N","None observed in May, incubating in June, mixed in with BLSK - 100% coverage",
"2021","06/18/21 00:00:00","Raccoon Island","RRR","Marsh island with beaches and inland channel","N","AMAV","Not Inspected in May","N","Two adults in breeding plumage in pond on NE side of island. No chicks observed.",
"2021","05/22/21 00:00:00","Raccoon Island","RRR/PC","Marsh island with beaches and inland channel","N","ROYT","Active Both Months","Y","Nicely formed colonies on SE side of island in May, no chicks yet.",
"2021","05/22/21 00:00:00","Raccoon Island","RRR/PC","Marsh island with beaches and inland channel","N","SATE","Active Both Months","Y","Nicely formed colonies on SE side of island in May, no chicks yet.",
"2021","06/17/21 00:00:00","Biloxi South 10 A","RRR","Grassy, mostly underwater","N",,"NA","N","No birds on island",
"2021","06/17/21 00:00:00","Biloxi South 10 B","RRR","Marsh island with beaches","N","LAGU","Active Both Months","N","Colony in incubation stage - 100% coverage",
"2021","06/17/21 00:00:00","Hell Pass Coast A","RRR","Fragmented marsh island with small beach","N","LAGU","Active Both Months","N","Actively nesting in both months, more established in June - 100% coverage",
"2021","06/17/21 00:00:00","Hell Pass Coast A","RRR","Fragmented marsh island with small beach","N","TRHE","Not Inspected in May","N","None observed in May, incubating in June - 100% coverage",
"2021","06/17/21 00:00:00","Hell Pass Coast A","RRR","Fragmented marsh island with small beach","N","WHIB","Active Both Months","N","Birds wading on island in May, only one site observed in June.",
"2021","06/17/21 00:00:00","Hell Pass Coast A","RRR","Fragmented marsh island with small beach","N","SNEG","Not Inspected in May","N","None observed in May, most incubating in June. No chicks visible - 100% coverage",
"2021","06/17/21 00:00:00","Hell Pass Coast A","RRR","Fragmented marsh island with small beach","N","CATE","Not Inspected in May","N","None observed in May, small colony incubating in June on north side tip of island on small beach - 100% coverage",
"2021","06/17/21 00:00:00","Hell Pass Coast A","RRR","Fragmented marsh island with small beach","N","AMOY","Active Both Months","N","1 bird wading in marsh",
"2021","06/17/21 00:00:00","Hell Pass Coast B","RRR","Marsh island, parts inundated with water","N","LAGU","Active Both Months","N","Actively nesting in both months, more established in June - 95% coverage since some parts of island were not captured in photos",
"2021","06/17/21 00:00:00","Hell Pass Coast B","RRR","Marsh island, parts inundated with water","N","TRHE","Not Inspected in May","N","None observed in May, incubating in June. Some eggs visible under birds standing at nest - 100% coverage",
"2021","06/17/21 00:00:00","Hell Pass Coast B","RRR","Marsh island, parts inundated with water","N","BCNH","Not Inspected in May","N","None observed in May, incubating in June - 100% coverage",
"2021","06/17/21 00:00:00","Hell Pass Coast B","RRR","Marsh island, parts inundated with water","N","SNEG","Not Inspected in May","N","None observed in May, most incubating in June. Some eggs visible under birds standing at nests - 100% coverage",
"2021","06/17/21 00:00:00","Hell Pass Coast B","RRR","Marsh island, parts inundated with water","N","WHIB","Active Both Months","N","10 birds throughout island wading in grass, no nests.",
"2021","06/17/21 00:00:00","Hell Pass Coast C","RRR","Grassy marsh island","N","LAGU","Active Both Months","N","Actively nesting in both months, more established in June - 100% coverage",
"2021","06/17/21 00:00:00","Hell Pass Coast C","RRR","Grassy marsh island","N","TRHE","Not Inspected in May","N","None observed in May, incubating in June - 100% coverage",
"2021","06/17/21 00:00:00","Hell Pass Coast C","RRR","Grassy marsh island","N","SNEG","Not Inspected in May","N","None observed in May, most incubating in June. No chicks visible - 100% coverage",
"2021","06/17/21 00:00:00","Hell Pass Coast C","RRR","Grassy marsh island","N","BCNH","Not Inspected in May","N","None observed in May, incubating in June. No chicks visible - 100% coverage",
"2021","06/17/21 00:00:00","Hell Pass Coast C","RRR","Grassy marsh island","N","WHIB","Not Inspected in May","N","3 birds walking in grass, no nests",
"2021","06/17/21 00:00:00","Hell Pass Coast C","RRR","Grassy marsh island","N","BRPE","Not Inspected in May","N","5 birds standing on beach on south end",
"2021","06/17/21 00:00:00","Hell Pass Coast C","RRR","Grassy marsh island","N","AWPE","Not Inspected in May","N","8 birds standing on beach on south end",
"2021","06/17/21 00:00:00","Hell Pass Coast C","RRR","Grassy marsh island","N","AMOY","Not Inspected in May","N","2 birds on beach on south end",
"2021","06/17/21 00:00:00","Hell Pass Coast C","RRR","Grassy marsh island","N","DCCO","Not Inspected in May","N","1 bird on beach on south end",
"2021","06/17/21 00:00:00","Hell Pass Coast D","RRR","Grassy marsh island with small beach","N","LAGU","Active Both Months","N","Actively nesting in both months, more established in June - 100% coverage",
"2021","06/17/21 00:00:00","Hell Pass Coast D","RRR","Grassy marsh island with small beach","N","TRHE","Not Inspected in May","N","None observed in May, one site with bird incubating in June - 100% coverage",
"2021","06/17/21 00:00:00","Hell Pass Coast E","RRR","Grassy marsh island mostly underwater","N",,"NA","N","No nesting on island - some AWPE, BRPE, and LAGU standing around in May - mostly underwater by June",
"2021","06/17/21 00:00:00","Biloxi North 37","RRR","Fragmented marsh island","N","LAGU","Active Both Months","N","Only 1 nesting pair observed in May, most  nesting was observed in June on SW area of island - 100% coverage",
"2021","06/17/21 00:00:00","Biloxi North 37","RRR","Fragmented marsh island","N","FOTE","Not Inspected in May","N","None observed in May, nesting (incubation) within wrack lines on N tip of island - only CAM2 coverage - 95% colony coverage",
"2021","06/17/21 00:00:00","Anderson Point Island","RRR","Grassy marsh island","N","LAGU","Active Both Months","N","A few birds observed in May, only 2 sites in June - most birds hanging around in two large groups - 100% coverage",
"2021","06/17/21 00:00:00","Anderson Point Island","RRR","Grassy marsh island","N","FOTE","Not Inspected in May","N","None observed in May, all incubating in June - 100% coverage",
"2021","06/17/21 00:00:00","Anderson Point Island","RRR","Grassy marsh island","N","AMOY","Not Inspected in May","N","One site observed in wrack lines,  bird in marsh nearby",
"2021","06/17/21 00:00:00","Dry Bread Island","RRR","Grassy marsh island","N","FOTE","Formed by June","N","None observed in May, formed in wrack lines and on south end of island in June, birds in incubating posture - 90% coverage, most of colony on south end only captured in zoomed out cam2 photos",
"2021","06/17/21 00:00:00","Dry Bread Island","RRR","Grassy marsh island","N","LAGU","Formed by June","N","None observed in May, nesting on center and south end of island in June, birds in incubating posture - 95% coverage, south end of island only captured on zoomed out cam2 photos",
"2021","06/17/21 00:00:00","Comfort Island","RRR","Fragmented marsh island","N","LAGU","Active Both Months","N","A few sites in June, mostly wading with other birds in both months - 100% coverage",
"2021","06/17/21 00:00:00","Comfort Island","RRR","Fragmented marsh island","N","BLSK","Active Both Months","N","40+ birds on island in May, not nesting, only 6 sites in June on N and SE sides of island - 100% coverage",
"2021","06/17/21 00:00:00","Comfort Island","RRR","Fragmented marsh island","N","FOTE","Formed by June","N","One large group formed in June on W side of island in large wrack zone, not present at all in May - 100% coverage",
"2021","06/17/21 00:00:00","Comfort Island","RRR","Fragmented marsh island","N","ROYT","NA","N","Present in May and June on beaches and wading - no nesting",
"2021","06/17/21 00:00:00","Comfort Island","RRR","Fragmented marsh island","N","TRHE","Formed by June","N","3 sites in June with REEG, not present in May - 100% coverage",
"2021","06/17/21 00:00:00","Comfort Island","RRR","Fragmented marsh island","N","REEG","Formed by June","N","One dark morph nesting pair and one light morph site in same area with TRHE - 100% coverage",
"2021","05/23/21 00:00:00","Comfort Island","RRR","Fragmented marsh island","N","BRPE","NA","N","30+ birds standing around on beaches in May, not present in June",
"2021","05/23/21 00:00:00","Comfort Island","RRR","Fragmented marsh island","N","GBTE","NA","N","Observed with BLSK in May, not observed  in June",
"2021","06/17/21 00:00:00","Biloxi North 27","RRR","Fragmented marsh island","N","LAGU","NA","Y","No nesting in either month, only on beach or in shallow water","Island visibly flooded in June (or higher tide at time of photos)"
"2021","06/17/21 00:00:00","Biloxi North 27","RRR","Fragmented marsh island","N","BLSK","Active Both Months","N","Incubating in June, 80% w/ pair at site - 1 territory in May on SW beach abandoned by June",
"2021","06/17/21 00:00:00","Biloxi North 27","RRR","Fragmented marsh island","N","GBTE","Active Both Months","N","Incubating in June w/ BLSK - pre-breeding  in May on S and SW sides, not present in  June",
"2021","06/17/21 00:00:00","Biloxi North 27","RRR","Fragmented marsh island","N","BRPE","NA","N","Group of 50 birds standing around on beachy area in June only - no nesting",
"2021","06/17/21 00:00:00","Biloxi North 27","RRR","Fragmented marsh island","N","ROYT","NA","N","No nesting - standing around in 2-3 groups in June w/ BRPE and SATE",
"2021","06/17/21 00:00:00","Biloxi North 27","RRR","Fragmented marsh island","N","SATE","NA","N","No nesting - standing around in June w/ BRPE and ROYT",
"2021","05/23/21 00:00:00","Biloxi North 27","RRR","Fragmented marsh island","N","DCCO","NA","N","Two Juveniles on SW beach in May only",
"2021","05/23/21 00:00:00","Biloxi North 27","RRR","Fragmented marsh island","N","AMOY","NA","N","One site on S side of island in May only",
"2021","06/17/21 00:00:00","Deadman Point","RRR","Grassy marsh island","N","LAGU","Active Both Months","N","Active nesting in both months, more sites throughout island in June - 100% coverage",
"2021","06/17/21 00:00:00","Deadman Point","RRR","Grassy marsh island","N","TRHE","Formed by June","N","Wading birds present in May, nesting birds in incubating position in June, eggs seen under one bird - 100% coverage",
"2021","06/17/21 00:00:00","Deadman Point","RRR","Grassy marsh island","N","SNEG","Formed by June","N","Birds in grass in May near future June sites, nesting birds incubating in June - 100% coverage",
"2021","06/17/21 00:00:00","Deadman Point","RRR","Grassy marsh island","N","GREG","NA","N","None observed in May, birds in incubating position in June - 100% coverage",
"2021","06/17/21 00:00:00","Deadman Point","RRR","Grassy marsh island","N","AWPE","NA","N","Roosting birds on beaches, more in June.",
"2021","06/17/21 00:00:00","Deadman Point","RRR","Grassy marsh island","N","BRPE","Active Both Months","N","Birds roosting on beach, some standing in grass in May - WBN in June within territorially spaced birds and pairs - 100% coverage",
"2021","05/23/21 00:00:00","Deadman Point","RRR","Grassy marsh island","N","ROYT","NA","N","Birds on N side beach in May, not present in June",
"2021","05/23/21 00:00:00","Deadman Point","RRR","Grassy marsh island","N","BLSK","NA","N","Birds on beach in May, not present in June",
"2021","06/17/21 00:00:00","Biloxi North 41","RRR","Grassy marsh island","N",,"NA","N","2 wading SNEGs in June were only birds photographed in either month, 80% photo coverage in May and maybe 50% in June - Suitable shrub, wrack line, and grassy nesting habitat is present.",
"2021","06/17/21 00:00:00","Biloxi North 35","RRR","Fragmented marsh island","N","LAGU","Active Both Months","N","Nesting in both months, more in June, only incubating, no chicks - 100% coverage",
"2021","06/17/21 00:00:00","Biloxi North 35","RRR","Fragmented marsh island","N","WHIB","Active Both Months","N","Nesting both months, some birds on PBNs in June, the rest incubating in small groups or individually. 100% coverage",
"2021","06/17/21 00:00:00","Biloxi North 35","RRR","Fragmented marsh island","N","TRHE","Active Both Months","N","Nesting both months, more in June. Eggs visible under some standing - 100% coverage",
"2021","06/17/21 00:00:00","Biloxi North 35","RRR","Fragmented marsh island","N","BCNH","Active Both Months","N","Nesting both months, more in June.  100% coverage",
"2021","06/17/21 00:00:00","Biloxi North 35","RRR","Fragmented marsh island","N","ROSP","Active Both Months","N","Nesting both months, more in June. Some in pairs on nests - 100% coverage. Area 19 birds spaced territorially or on PBN in nesting habitat.",
"2021","06/17/21 00:00:00","Biloxi North 35","RRR","Fragmented marsh island","N","GREG","Active Both Months","N","Nesting both months, more in June. Eggs visible under some standing - 100% coverage",
"2021","06/17/21 00:00:00","Biloxi North 35","RRR","Fragmented marsh island","N","SNEG","Formed by June","N","Nesting both months, more in June. Eggs visible under some standing - 100% coverage",
"2021","06/17/21 00:00:00","Biloxi North 35","RRR","Fragmented marsh island","N","AMOY","Active Both Months","N","One bird incubating nest observed in May and June on NE end beach. Bird observed by site in June",
"2021","06/17/21 00:00:00","Biloxi North 35","RRR","Fragmented marsh island","N","CATE","Formed by June","N","One pair in June only, incubating nest close to AMOY site on NE end beach.",
"2021","06/17/21 00:00:00","Turtle Pen Isle","RRR","Fragmented marsh island","N","LAGU","Active Both Months","N","Nesting in both months, more in June.  Incubating only, no chicks - 100% coverage",
"2021","06/17/21 00:00:00","Turtle Pen Isle","RRR","Fragmented marsh island","N","BRPE","NA","N","Only roosters along E side beach",
"2021","06/17/21 00:00:00","Turtle Pen Isle","RRR","Fragmented marsh island","N","BLSK","Formed by June","N","Present in May and June, more established nesting in June along E side beach w/ GBTE, 90% paired up - 100% coverage",
"2021","06/17/21 00:00:00","Turtle Pen Isle","RRR","Fragmented marsh island","N","GBTE","Formed by June","N","Present in May and June, more established nesting in June along E side beach w/ BLSK - 100% coverage",
"2021","06/17/21 00:00:00","Turtle Pen Isle","RRR","Fragmented marsh island","N","ROYT","NA","N","Only birds along beach",
"2021","06/17/21 00:00:00","Turtle Pen Isle","RRR","Fragmented marsh island","N","AMOY","Active Both Months","N","1 site observed in May, 2 in June - 100% coverage",
"2021","06/17/21 00:00:00","Turtle Pen Isle","RRR","Fragmented marsh island","N","WHIB","NA","N","One bird in water",
"2021","05/23/21 00:00:00","Biloxi North 3","RRR","Fragmented marsh island","N","LAGU","Active Both Months","Y","Incubating in both months, some coverage possibly missed in June - 80% coverage",
"2021","05/23/21 00:00:00","Biloxi North 3","RRR","Fragmented marsh island","N","BRPE","NA","Y","Roosters only",
"2021","05/23/21 00:00:00","Biloxi North 3","RRR","Fragmented marsh island","N","AMOY","Not Inspected in June","Y","One site and one bird in May, not observed in June",
"2021","05/23/21 00:00:00","Biloxi North 3","RRR","Fragmented marsh island","N","GBTE","Not Inspected in June","N","Three territories in May, none observed in June, less photo coverage - 50% coverage in June, 100% in May",
"2021","05/23/21 00:00:00","Biloxi North 3","RRR","Fragmented marsh island","N","CATE","Not Inspected in June","N","Only roosters observed in May, none observed in June",
"2021","06/16/21 00:00:00","Biloxi North 3","RRR","Fragmented marsh island","N","TRHE","Formed by June","N","Two sites observed in June, not observed in May - 100% coverage",
"2021","06/16/21 00:00:00","Biloxi North 3","RRR","Fragmented marsh island","N","ROYT","NA","N","Only roosters observed in June, none in May",
"2021","06/16/21 00:00:00","Biloxi North 3","RRR","Fragmented marsh island","N","BLSK","Active Both Months","Y","Territories in May not captured in June photos - 50% coverage in June, 100% in May",
"2021","06/17/21 00:00:00","Biloxi South 14","RRR","Grassy marsh island","N","LAGU","Formed by June","N","Not present in May, incubating throughout island in June - 100% coverage","No birds at all on island in May"
"2021","06/17/21 00:00:00","Biloxi South 14","RRR","Grassy marsh island","N","FOTE","Formed by June","N","Not present in May, incubating in June, eggs visible under some slightly off nest - 100% coverage",
"2021","06/16/21 00:00:00","Chandeleur North A","RRR","Grassy, marsh island with beach on entire E side","N","LAGU","Active Both Months","N","Sites present in May, more in June, birds in incubation position on sites. 80% LAGU coverage on all of CIN",
"2021","06/16/21 00:00:00","Chandeleur North A","RRR","Grassy, marsh island with beach on entire E side","N","ROYT","Formed by June","N","Small colonies present in May, much more established in June - 100% coverage",
"2021","06/16/21 00:00:00","Chandeleur North A","RRR","Grassy, marsh island with beach on entire E side","N","SATE","Formed by June","N","Small colonies present in May, much more established in June - 100% coverage",
"2021","06/16/21 00:00:00","Chandeleur North B","RRR","Grassy, marsh island with beach on entire E side","N","BLSK","Formed by June","N","Pre-egg laying pairs in May, established nesting in June. Part of Area 1 only captured by CAM2 - 100% coverage",
"2021","06/16/21 00:00:00","Chandeleur North B","RRR","Grassy, marsh island with beach on entire E side","N","GBTE","Formed by June","N","Birds present in May, established nesting in June. Part of Area 1 only captured by CAM2 - 100% coverage",
"2021","06/16/21 00:00:00","Chandeleur North B","RRR","Grassy, marsh island with beach on entire E side","N","LAGU","Active Both Months","N","Incubating sites in grass. 80% LAGU coverage on all of CIN",
"2021","06/16/21 00:00:00","Chandeleur North B","RRR","Grassy, marsh island with beach on entire E side","N","SATE","NA","N","One bird",
"2021","06/16/21 00:00:00","Chandeleur North C","RRR","Grassy, marsh island with beach on entire E side","N","BLSK","Formed by June","N","Pre-egg laying pairs in May, established nesting in June. 100% coverage","Some empty scrapes observed around colony, likely from pre-egg laying birds in May"
"2021","06/16/21 00:00:00","Chandeleur North C","RRR","Grassy, marsh island with beach on entire E side","N","GBTE","Formed by June","N","Birds present in May, established nesting in June. 100% coverage",
"2021","06/16/21 00:00:00","Chandeleur North D","RRR","Grassy, marsh island with beach on entire E side","N","BLSK","Formed by June","N","Pre-egg laying pairs in May, established nesting in June. 100% coverage","Some empty scrapes observed around colony, likely from pre-egg laying birds in May"
"2021","06/16/21 00:00:00","Chandeleur North D","RRR","Grassy, marsh island with beach on entire E side","N","GBTE","Formed by June","N","Birds present in May, established nesting in June. 100% coverage",
"2021","06/16/21 00:00:00","Chandeleur North D","RRR","Grassy, marsh island with beach on entire E side","N","FOTE","Formed by June","N","Some sites in May, more established sites in June near LETE in wrack lines - 90% coverage",
"2021","06/16/21 00:00:00","Chandeleur North D","RRR","Grassy, marsh island with beach on entire E side","N","LETE","Formed by June","N","22 total sites in June, not observed in May. Some may have been missed due to only CAM2 coverage in some areas - 90% coverage",
"2021","06/16/21 00:00:00","Chandeleur North D","RRR","Grassy, marsh island with beach on entire E side","N","WIPH","NA","N","One bird in middle of Area 3",
"2021","06/16/21 00:00:00","Chandeleur North D","RRR","Grassy, marsh island with beach on entire E side","N","LAGU","Active Both Months","N","Incubating sites in grass. 80% LAGU coverage on all of CIN",
"2021","06/16/21 00:00:00","Chandeleur North D","RRR","Grassy, marsh island with beach on entire E side","N","CATE","Formed by June","N","Some sites in May, more established in June. Only CAM2 photo coverage - 90% coverage",
"2021","06/16/21 00:00:00","Chandeleur North E","RRR","Grassy, marsh island with beach on entire E side","N","LAGU","Active Both Months","N","Incubating sites in grass. 80% LAGU coverage on all of CIN",
"2021","06/16/21 00:00:00","Chandeleur North F","RRR","Grassy, marsh island with beach on entire E side","N","LAGU","Active Both Months","N","Incubating sites in grass. 80% LAGU coverage on all of CIN",
"2021","06/16/21 00:00:00","Chandeleur North G","RRR","Grassy, marsh island with beach on entire E side","N","BLSK","Formed by June","N","One colony - 100% coverage",
"2021","06/16/21 00:00:00","Chandeleur North G","RRR","Grassy, marsh island with beach on entire E side","N","LAGU","Active Both Months","N","1 site, 1 bird",
"2021","06/16/21 00:00:00","Chandeleur North H","RRR","Grassy, marsh island with beach on entire E side","N","BLSK","Formed by June","N","Pre-egg laying pairs in May, established nesting in June. 100% coverage",
"2021","06/16/21 00:00:00","Chandeleur North H","RRR","Grassy, marsh island with beach on entire E side","N","GBTE","Formed by June","N","Birds present in May, established nesting in June. 100% coverage",
"2021","06/16/21 00:00:00","Chandeleur North H","RRR","Grassy, marsh island with beach on entire E side","N","CATE","Formed by June","N","Some sites in May, more established in June. Some coverage only by CAM2 - 90% coverage",
"2021","06/16/21 00:00:00","Chandeleur North H","RRR","Grassy, marsh island with beach on entire E side","N","ROYT","Formed by June","N","Not present in this area in May, with SATE and CATE - 100% coverage",
"2021","06/16/21 00:00:00","Chandeleur North H","RRR","Grassy, marsh island with beach on entire E side","N","SATE","Formed by June","N","Not present in this area in May, with ROYT and CATE - 100% coverage",
"2021","06/16/21 00:00:00","Chandeleur North H","RRR","Grassy, marsh island with beach on entire E side","N","LAGU","Active Both Months","N","Incubating sites in grass. 80% LAGU coverage on all of CIN",
"2021","06/16/21 00:00:00","Chandeleur North I","RRR","Grassy, marsh island with beach on entire E side","N",,"NA","N","No birds nesting in this area in May or June",
"2021","06/17/21 00:00:00","Biloxi North 10","RRR","Fragmented, grassy island","N","LAGU","Active Both Months","N","Birds paired up in May, established sites in June - 95% coverage",
"2021","06/17/21 00:00:00","Biloxi North 10","RRR","Fragmented, grassy island","N","TRHE","Formed by June","N","Birds present in May and established sites in June, incubating - 100% coverage",
"2021","06/17/21 00:00:00","Biloxi North 10","RRR","Fragmented, grassy island","N","SNEG","Formed by June","N","2 sites in June only near GREG & SNEG, not present in May - 100% coverage",
"2021","06/16/21 00:00:00","Biloxi North 4","RRR","Grassy marsh island with beaches","N","AMOY","Not Inspected in May","N","One site on SE beach",
"2021","06/16/21 00:00:00","Biloxi North 4","RRR","Grassy marsh island with beaches","N","LAGU","Active Both Months","N","Present in both months, more established sites in June - 90% coverage",
"2021","06/16/21 00:00:00","Biloxi North 4","RRR","Grassy marsh island with beaches","N","REEG DM","Formed by June","N","Not present in May, one site, eggs visible under bird - 100% coverage",
"2021","06/16/21 00:00:00","Biloxi North 4","RRR","Grassy marsh island with beaches","N","WHIB","NA","N","No sites in either month, only adult and immature birds present in June near GREG/SNEG areas",
"2021","06/16/21 00:00:00","Biloxi North 4","RRR","Grassy marsh island with beaches","N","GREG","Active Both Months","N","Chicks present in May and June, some w/o adult present. A few birds still incubating - 100% coverage",
"2021","06/16/21 00:00:00","Biloxi North 4","RRR","Grassy marsh island with beaches","N","SNEG","Active Both Months","N","More sites in June, no chicks visible, birds look to be incubating - 100% coverage",
"2021","06/16/21 00:00:00","Biloxi North 4","RRR","Grassy marsh island with beaches","N","BCNH","Formed by June","N","Mostly birds in May and June, 1 site in June - 100% coverage",
"2021","06/16/21 00:00:00","Biloxi North 4","RRR","Grassy marsh island with beaches","N","TRHE","Active Both Months","N","Incubating in both months, one site with chicks in June - 100% coverage",
"2021","06/16/21 00:00:00","Biloxi North 4","RRR","Grassy marsh island with beaches","N","CATE","Formed by June","N","One site on SE beach",
"2021","06/16/21 00:00:00","Biloxi North 4","RRR","Grassy marsh island with beaches","N","ROSP","NA","N","4 birds wading with WHIB",
"2021","05/24/21 00:00:00","Biloxi North 12","RRR","Fragmented, grassy island","N","GREG","Active Both Months","Y","Chicks present in May still on nests, starting to go off nests in June. Some still in incubation position in June - 100% coverage",
"2021","05/24/21 00:00:00","Biloxi North 12","RRR","Fragmented, grassy island","N","ROSP","Active Both Months","Y","Chicks observed on some nests in June, mostly birds incubating. Some pairs at nests - 100% coverage",
"2021","06/17/21 00:00:00","Biloxi North 12","RRR","Fragmented, grassy island","N","LAGU","Active Both Months","Y","Sites observed in May, but many more established throughout island in June - 95% coverage",
"2021","06/17/21 00:00:00","Biloxi North 12","RRR","Fragmented, grassy island","N","BCNH","Formed by June","Y","A couple birds observed in May, only 2 sites in June",
"2021","06/17/21 00:00:00","Biloxi North 12","RRR","Fragmented, grassy island","N","REEG DM","Formed by June","Y","One bird observed in May, one site in June in same area",
"2021","06/17/21 00:00:00","Biloxi North 12","RRR","Fragmented, grassy island","N","SNEG","Formed by June","Y","Birds observed wading in area that sites were observed in June - 100% coverage",
"2021","06/17/21 00:00:00","Biloxi North 12","RRR","Fragmented, grassy island","N","WHIB","Active Both Months","Y","Some chicks in May, but mostly incubating. Lots of chicks and more birds in general in June - 100% coverage",
"2021","06/17/21 00:00:00","Biloxi North 12","RRR","Fragmented, grassy island","N","AMOY","Formed by June","N","One site on NE side beach",
"2021","06/17/21 00:00:00","Biloxi North 12","RRR","Fragmented, grassy island","N","CATE","Formed by June","N","Birds observed in May on SE side beaches, 2 pairs observed in same areas as May birds in June - 100% coverage",
"2021","06/17/21 00:00:00","Biloxi North 12","RRR","Fragmented, grassy island","N","FOTE","Formed by June","N","Not observed in May, established colonies on wrack line patches in June - 100% coverage",
"2021","06/17/21 00:00:00","Biloxi North 12","RRR","Fragmented, grassy island","N","TRHE","Formed by June","N","Not observed in May, established nesting throughout island mixed with LAGU in June - 95% coverage",
"2021","05/18/21 00:00:00","South Deer Island","RRR","Fragmented marsh island","N","BRPE","Active Both Months","Y","Established nesting in May, only a few sites in June included that were not photographed in May. Mostly still on nests in June - 100% coverage",
"2021","05/18/21 00:00:00","South Deer Island","RRR","Fragmented marsh island","N","ROYT","Active Both Months","N","Colonies on N and NW beaches in May, a few chicks visible in May, mostly chicked out by June - 100% coverage",
"2021","05/18/21 00:00:00","South Deer Island","RRR","Fragmented marsh island","N","SATE","Active Both Months","N","Mixed with ROYT in May, chicked out in June - 100% coverage",
"2021","06/18/21 00:00:00","South Deer Island","RRR","Fragmented marsh island","N","WHIB","Active Both Months","N","Lots of nesting in May, many new sites in June. Older chicks at least 4 weeks old observed off nests, in shrubs, and near water 100% coverage","Brood category used for chicks off nests and aggregating near shoreline."
"2021","06/18/21 00:00:00","South Deer Island","RRR","Fragmented marsh island","N","GREG","Active Both Months","N","Nesting in May, but more sites in June with some chicks on nests - 100% coverage",
"2021","06/18/21 00:00:00","South Deer Island","RRR","Fragmented marsh island","N","TRHE","Active Both Months","N","Nesting in May, more sites throughout island in June. Juvenile birds observed in SE shrub area in June - 100% coverage",
"2021","06/18/21 00:00:00","South Deer Island","RRR","Fragmented marsh island","N","CATE","Formed by June","N","Two colonies established in June on SE corner beaches - 100% coverage",
"2021","06/18/21 00:00:00","South Deer Island","RRR","Fragmented marsh island","N","WFIB","Active Both Months","N","Some sites observed in May, many more established in June in grassy areas, mixed with LAGU and TRHE mostly on S and E side of island - 100% coverage",
"2021","06/18/21 00:00:00","South Deer Island","RRR","Fragmented marsh island","N","FOTE","Active Both Months","Y","Sites in May did not have good photo coverage in June, sites in June were not established in May - 100% coverage",
"2021","06/18/21 00:00:00","South Deer Island","RRR","Fragmented marsh island","N","LAGU","Active Both Months","N","Nesting in both months, some chicks in June with adults - 100% coverage",
"2021","06/18/21 00:00:00","South Deer Island","RRR","Fragmented marsh island","N","SNEG","Formed by June","N","Only birds observed in May, some established sites in June with birds incubating - 100% coverage",
"2021","06/18/21 00:00:00","South Deer Island","RRR","Fragmented marsh island","N","AMOY","Formed by June","N","One site in June, birds on beaches observed in both months - 100% coverage",
"2021","06/18/21 00:00:00","South Deer Island","RRR","Fragmented marsh island","N","GBHE","Active Both Months","Y","Chicks and sites in May were gone by June, a few more established sites observed in June with birds incubating - 100% coverage",
"2021","06/19/21 00:00:00","Barataria Bay 12","RRR","Fragmented marsh island","N","FOTE","Active Both Months","N","Colony in incubation stage - 100% coverage",
"2021","06/14/21 00:00:00","Audubon Island","NY","Spoil Island; grasses w riprap perimeter","N","SATE","Active Both Months","N","Small colony in incubation stage. Complete coverage.",
"2021","06/17/21 00:00:00","Biloxi South 6","NY","Marsh Island","N","LAGU","Active Both Months","N","Colony in incubation stage, complete coverage.",
"2021","06/17/21 00:00:00","Biloxi South 6","NY","Marsh Island","N","FOTE","Formed by June","N","Colony in incubation stage, complete coverage.",
"2021","06/17/21 00:00:00","Biloxi South 6","NY","Marsh Island","N","BRPE","Formed by June","N","non breeding group.",
"2021","06/17/21 00:00:00","Biloxi South 6","NY","Marsh Island","N","TRHE","Formed by June","N","Colony in incubation stage, complete coverage.",
"2021","06/17/21 00:00:00","Biloxi South 6","NY","Marsh Island","N","AMOY","Formed by June","N","One present incubation stage, complete coverage.",
"2021","06/17/21 00:00:00","Biloxi South 6","NY","Marsh Island","N","ROSP","Formed by June","N","One individual present, non breeding.",
"2021","06/17/21 00:00:00","Biloxi South 6","NY","Marsh Island","N","WHIB","Active Both Months","N","One individual present, non breeding.",
"2021","06/17/21 00:00:00","Biloxi South 6","NY","Marsh Island","N","GREG","Formed by June","N","Few sites found in SNEG colony, complete coverage.",
"2021","06/17/21 00:00:00","Biloxi South 6","NY","Marsh Island","N","SNEG","Formed by June","N","Colony in incubation stage, complete coverage.",
"2021","06/17/21 00:00:00","Biloxi South 6","NY","Marsh Island","N","CATE","Formed by June","N","Few sites found within LAGU colony, complete coverage.",
"2021","06/17/21 00:00:00","Biloxi South 6","NY","Marsh Island","N","ROYT","Formed by June","N","Few sites found within LAGU colony, complete coverage.",
"2021","06/23/21 00:00:00","Biloxi South 6","NY","Marsh Island","N","BLSK","Abandoned by June","N","Two sites, rest non breeding.",
"2021","06/16/21 00:00:00","Bayou Pintou","NY","Marsh Island","N","LAGU","Active Both Months","N","Colony in incubation stage, 99% coverage.",
"2021","06/16/21 00:00:00","Bayou Pintou","NY","Marsh Island","N","BRPE","Active Both Months","N","non breeding group",
"2021","06/16/21 00:00:00","Bayou Pintou","NY","Marsh Island","N","BLSK","Active Both Months","N","Colony in incubation stage, complete coverage.",
"2021","06/16/21 00:00:00","Bayou Pintou","NY","Marsh Island","N","AMOY","Active Both Months","N","Pair in May, nesting in June.",
"2021","06/16/21 00:00:00","Bayou Pintou","NY","Marsh Island","N","GBTE","Active Both Months","N","Colony in incubation stage, complete coverage.",
"2021","06/16/21 00:00:00","Bayou Pintou","NY","Marsh Island","N","ROYT","Active Both Months","N","Colony in incubation stage, complete coverage.",
"2021","06/16/21 00:00:00","Bayou Pintou","NY","Marsh Island","N","WILL","Formed by June","N","Non breeding",
"2021","06/16/21 00:00:00","Bayou Pintou","NY","Marsh Island","N","CATE","Active Both Months","N","Colony in incubation stage, complete coverage.",
"2021","05/17/21 00:00:00","Second Chain of Islands J","NY","Chain Island","N","FOTE","Abandoned by June","N","Small colony in incubation stage. Complete coverage",
"2021","05/17/21 00:00:00","Second Chain of Islands G","NY","Chain Island","N","AMOY","Abandoned by June","N","One site present.",
"2021","05/17/21 00:00:00","Second Chain of Islands G","NY","Chain Island","N","BCNH","Active Both Months","N","Two site present.",
"2021","05/17/21 00:00:00","Second Chain of Islands G","NY","Chain Island","N","BRPE","NA","N","Foraging.",
"2021","05/17/21 00:00:00","Second Chain of Islands G","NY","Chain Island","N","CATE","Active Both Months","N","Colony in incubation stage, chicks present. Complete coverage.",
"2021","05/17/21 00:00:00","Second Chain of Islands G","NY","Chain Island","N","GBHE","Active Both Months","N","Colony in incubation stage, chicks present. Complete coverage.",
"2021","05/17/21 00:00:00","Second Chain of Islands G","NY","Chain Island","N","GREG","Active Both Months","N","Colony in incubation stage, chicks present. Complete coverage.",
"2021","05/17/21 00:00:00","Second Chain of Islands G","NY","Chain Island","N","LAGU","Active Both Months","N","Colony in incubation stage, complete coverage.",
"2021","05/17/21 00:00:00","Second Chain of Islands G","NY","Chain Island","N","REEG DM","Active Both Months","N","Ten sites present. Colony in incubation stage, complete coverage.",
"2021","05/17/21 00:00:00","Second Chain of Islands G","NY","Chain Island","N","REEG WM","Active Both Months","N","Seven sites present. Colony in incubation stage, complete coverage.",
"2021","05/17/21 00:00:00","Second Chain of Islands G","NY","Chain Island","N","ROSP","Active Both Months","N","Three sites present.",
"2021","05/17/21 00:00:00","Second Chain of Islands G","NY","Chain Island","N","SNEG","Active Both Months","N","Colony in incubation stage. Complete coverage.",
"2021","06/16/21 00:00:00","Bayou Pintou","NY","Marsh Island","N","FOTE","Active Both Months","N","Colony in incubation stage, complete coverage.",
"2021","06/16/21 00:00:00","Bayou Pintou","NY","Marsh Island","N","ROSP","Formed by June","N","Colony in incubation stage, complete coverage.",
"2021","06/16/21 00:00:00","Bayou Pintou","NY","Marsh Island","N","WHIB","Formed by June","N","Colony in incubation stage, complete coverage.",
"2021","06/16/21 00:00:00","Bayou Pintou","NY","Marsh Island","N","BLSK","Active Both Months","N","Colony in incubation stage, complete coverage.",
"2021","06/16/21 00:00:00","Bayou Pintou","NY","Marsh Island","N","TRHE","Active Both Months","N","Colony in incubation stage, complete coverage",
"2021","06/16/21 00:00:00","Bayou Pintou","NY","Marsh Island","N","GREG","Formed by June","N","Colony in incubation stage, complete coverage.",
"2021","06/18/21 00:00:00","Raccoon Island","NY","Marsh Island with beaches and inland channe;","N","TRHE","Active Both Months","Y","Actively nesting in both months, June was best for BPE. Complete coverage.",
"2021","05/22/21 00:00:00","Raccoon Island","NY","Marsh Island with beaches and inland channe;","N","RUTU","NA","N","Foraging.",
"2021","05/22/21 00:00:00","Raccoon Island","NY","Marsh Island with beaches and inland channe;","N","LEBI","NA","N","Foraging",
"2021","05/22/21 00:00:00","Raccoon Island","NY","Marsh Island with beaches and inland channe;","N","AMOY","NA","N","Foraging",
"2021","05/22/21 00:00:00","Raccoon Island","NY","Marsh Island with beaches and inland channe;","N","MODU","NA","N","Foraging",
"2021","05/22/21 00:00:00","Raccoon Island","NY","Marsh Island with beaches and inland channe;","N","WIPL","NA","N","Foraging",
"2021","06/14/21 00:00:00","Flag Island South","NY","Barrier Island","N","BLSK","Active Both Months","N","Colony in incubation stage, complete coverage.",
"2021","06/14/21 00:00:00","Flag Island South","NY","Barrier Island","N","GBTE","Active Both Months","N","Colony in incubation stage, complete coverage.",
"2021","06/14/21 00:00:00","Flag Island South","NY","Barrier Island","N","BRPE","Active Both Months","N","non breeding group.",
"2021","06/14/21 00:00:00","Flag Island South","NY","Barrier Island","N","LETE","Active Both Months","N","LETE captured in cam 1 adjacent to BLSK and other terns but not intermixed; difficult to determine total amount of nests present but likely not many.",
"2021","06/14/21 00:00:00","Flag Island South","NY","Barrier Island","N","LAGU","Active Both Months","N","Foraging.",
"2021","06/14/21 00:00:00","Flag Island South","NY","Barrier Island","N","ROYT","Active Both Months","N","Colony in incubation stage, complete coverage.",
"2021","06/14/21 00:00:00","Flag Island South","NY","Barrier Island","N","CATE","Active Both Months","N","Colony in incubation stage, complete coverage.",
"2021","06/14/21 00:00:00","Flag Island South","NY","Barrier Island","N","SATE","Active Both Months","N","Colony in incubation stage, complete coverage.",
"2021","05/25/21 00:00:00","Rock Island","NY","Marsh island w trees","N","TRHE","Active Both Months","N","Colony in incubation stage, complete coverage.",
"2021","05/25/21 00:00:00","Rock Island","NY","Marsh island w trees","N","BRPE","Active Both Months","N","Foraging.",
"2021","05/25/21 00:00:00","Rock Island","NY","Marsh island w trees","N","GREG","Active Both Months","N","Colony in incubation stage, complete coverage.",
"2021","05/25/21 00:00:00","Rock Island","NY","Marsh island w trees","N","SNEG","Active Both Months","N","Colony in incubation stage, complete coverage.",
"2021","05/25/21 00:00:00","Rock Island","NY","Marsh island w trees","N","LBHE","Active Both Months","N","One nest present. Complete coverage.",
"2021","05/17/21 00:00:00","West Bay Bird Island","NY","Marsh Island","N","BCNH","Active Both Months","N","Colony in incubation stage.","Some herons might be missed due to focal length."
"2021","05/17/21 00:00:00","West Bay Bird Island","NY","Marsh Island","N","FOTE","Active Both Months","N","Colony in incubation stage. Complete coverage.",
"2021","05/17/21 00:00:00","West Bay Bird Island","NY","Marsh Island","N","GBHE","Active Both Months","N","Colony in incubation stage, chicks present.",
"2021","05/25/21 00:00:00","Bay Joyeux Islettes","NY","Marsh Island","N","FOTE","Active Both Months","N","Colony in incubation stage, complete coverage.",
"2021","05/25/21 00:00:00","Audubon Island","NY","Spoil Island; grasses w riprap perimeter","N","LAGU","Active Both Months","N","Colony in incubation stage, chicks present. Complete coverage.",
"2021","05/25/21 00:00:00","Audubon Island","NY","Spoil Island; grasses w riprap perimeter","N","BRPE","Active Both Months","N","Colony in incubation stage, chicks present. Complete coverage."," In Area 6, found ~4 BRPE eggs not in nests and not attached to adult."
"2021","05/25/21 00:00:00","Audubon Island","NY","Spoil Island; grasses w riprap perimeter","N","GBHE","Abandoned by June","N","One nest w chick present. Complete coverage.","Nest not present in June."
"2021","05/25/21 00:00:00","Audubon Island","NY","Spoil Island; grasses w riprap perimeter","N","RUTU","NA","N","Foraging.",
"2021","06/14/21 00:00:00","Audubon Island","NY","Spoil Island; grasses w riprap perimeter","N","ROYT","Active Both Months","N","Small colony in incubation stage, chicks present. Complete coverage.",
"2021","05/17/21 00:00:00","West Bay Bird Island","NY","Marsh Island","N","GREG","Active Both Months","N","Colony in incubation stage, chicks present.","Some egrets might be missed due to focal length."
"2021","05/17/21 00:00:00","West Bay Bird Island","NY","Marsh Island","N","LAGU","Active Both Months","N","Colony in incubation stage.",
"2021","05/17/21 00:00:00","West Bay Bird Island","NY","Marsh Island","N","REEG DM","Active Both Months","N","Colony in incubation stage.",
"2021","05/17/21 00:00:00","West Bay Bird Island","NY","Marsh Island","N","REEG WM","Active Both Months","N","Colony in incubation stage.","Some egrets might be missed due to focal length."
"2021","05/17/21 00:00:00","West Bay Bird Island","NY","Marsh Island","N","ROSP","Active Both Months","N","Colony in incubation stage, chicks present. Complete coverage.",
"2021","05/17/21 00:00:00","West Bay Bird Island","NY","Marsh Island","N","SNEG","Active Both Months","N","Colony in incubation stage, chicks present. Complete coverage.","Some egrets might be missed due to focal length."
"2021","05/17/21 00:00:00","West Bay Bird Island","NY","Marsh Island","N","TRHE","Active Both Months","N","Colony in incubation stage.","Some herons might be missed due to focal length."
"2021","05/17/21 00:00:00","West Bay Bird Island","NY","Marsh Island","N","WHIB","Active Both Months","N","Foraging.",
"2021","06/18/21 00:00:00","Rabbit Island","MWP","Restored Island","N","BRPE","Active Both Months","N","BPRE incubating both months. Numbers seemed similar and a couple groups looked exactly the same in May and June (shape, number of nests, etc.). May was flooded and areas of eggs out of nest could be seen; thus used June for count.","Coverage was very good but a few nests appeared to be missed when looking at the very distant overview/oblique photos; difficult to count these photos. Large groups of roosting birds on edges and interior not counted; possible YY from earlier nest effort?"
"2021","06/18/21 00:00:00","Rabbit Island","MWP","Restored Island","N","LAGU","Active Both Months","N","May flooded; very good coverage in June. Birds mostly nesting on edges and on top of and adjacent to erosion control wattles distributed throughout the restored areas; quite a few wandering chicks seen in this habitat as well in June.",
"2021","06/18/21 00:00:00","Rabbit Island","MWP","Restored Island","N","BCNH","Active Both Months","N","minor numbers seen in June in the marsh that is at the edge of the Western Retored area",
"2021","06/18/21 00:00:00","Rabbit Island","MWP","Restored Island","N","BLSK","Active Both Months","N","areas flooded in May. June coverage was very good but some birds may have been still setting up even in June?",
"2021","06/18/21 00:00:00","Rabbit Island","MWP","Restored Island","N","CATE","Active Both Months","N","2 small groups seen in June along areas of sprouting green vegetation and some wattles. Quite a few birds still appeared to be standing/roosting; still setting up or not breeding at all?",
"2021","06/18/21 00:00:00","Rabbit Island","MWP","Restored Island","N","FOTE","Active Both Months","N","fairly large groups in several areas along the edges of the restored marsh, particularly in dead vegetation/wrack lines. Very good coverage",
"2021","06/18/21 00:00:00","Rabbit Island","MWP","Restored Island","N","GBTE","Active Both Months","N","fairly large groups amongs some of the skimmers and in other areas of the restored habitat. Quite a few chicks of this species observed as well. Very good coverage",
"2021","06/18/21 00:00:00","Rabbit Island","MWP","Restored Island","N","REEG","Active Both Months","N","very small numbers (2 sites) seen in marsh adjacent to the western restored area",
"2021","06/18/21 00:00:00","Rabbit Island","MWP","Restored Island","N","ROYT","Active Both Months","N","a few small groups in the northeastern restored area; very good coverage",
"2021","06/18/21 00:00:00","Rabbit Island","MWP","Restored Island","N","SATE","Active Both Months","N","a few small groups in the northeastern restored area; very good coverage",
"2021","06/18/21 00:00:00","Rabbit Island","MWP","Restored Island","N","SNEG","Active Both Months","N","small numbers seen in marsh along the western restored area; very good coverage",
"2021","06/18/21 00:00:00","Rabbit Island","MWP","Restored Island","N","TRHE","Active Both Months","N","small numbers in marsh along the western restored area; very good coverage",
"2021","06/18/21 00:00:00","Rabbit Island","MWP","Marsh","N","BCNH","Active Both Months","N","small numbers scattered throughout; most seemed to be in South Marsh toward the eastern end; good coverage",
"2021","06/18/21 00:00:00","Rabbit Island","MWP","Marsh","N","FOTE","Active Both Months","N","several smaller groups scattered throughout the areas usually within a wrack line/patch. Very good coverage.",
"2021","06/20/21 00:00:00","Arroyo Colorado Spoils B2","NY","Spoil Island","N","FOTE","Active Both Months","N","Colony in incubation stage. Complete coverage.",
"2021","06/20/21 00:00:00","Mustang Bayou Island","NY","Bayou with sand bar","N","AWPE","Active Both Months","N","Foraging",
"2021","06/20/21 00:00:00","Mustang Bayou Island","NY","Bayou with sand bar","N","BRPE","Active Both Months","N","8 WBN, rest foraging. Complete coverage.",
"2021","06/20/21 00:00:00","Mustang Bayou Island","NY","Bayou with sand bar","N","DCCO","Active Both Months","N","Foraging.",
"2021","06/20/21 00:00:00","Mustang Bayou Island","NY","Bayou with sand bar","N","GREG","Active Both Months","N","One site.",
"2021","06/20/21 00:00:00","Mustang Bayou Island","NY","Bayou with sand bar","N","LAGU","Active Both Months","N","Colony in incubation stage, 3 LAGU C. Complete coverage.",
"2021","06/20/21 00:00:00","Mustang Bayou Island","NY","Bayou with sand bar","N","ROYT","Active Both Months","N","Colony chicked out and primarly by shoreline. Complete coverage.",
"2021","06/20/21 00:00:00","Mustang Bayou Island","NY","Bayou with sand bar","N","SATE","Active Both Months","N","Colony chicked out and primarly by shoreline. Complete coverage.",
"2021","06/20/21 00:00:00","Mustang Bayou Island","NY","Bayou with sand bar","N","TRHE","Active Both Months","N","Colony in incubation stage. Complete coverage. Complete coverage.",
"2021","06/20/21 00:00:00","Hog Island Complex East Islands","BMR","Island with trees","N","GBHE","Not Inspected in May","N","Complete coverage; incubating and chicks present.",
"2021","06/20/21 00:00:00","Hog Island Complex East Islands","BMR","Island with trees","N","GREG","Not Inspected in May","N","Complete coverage; incubating and chicks present.",
"2021","06/20/21 00:00:00","Hog Island Complex East Islands","BMR","Island with trees","N","REEG DM","Not Inspected in May","N","Complete coverage; incubating and chicks present.",
"2021","06/20/21 00:00:00","Hog Island Complex East Islands","BMR","Island with trees","N","REEG WM","Not Inspected in May","N","Complete coverage; incubating and chicks present.",
"2021","06/20/21 00:00:00","Hog Island Complex East Islands","BMR","Island with trees","N","ROSP","Not Inspected in May","N","Complete coverage; incubating and chicks present.",
"2021","06/20/21 00:00:00","Hog Island Complex East Islands","BMR","Island with trees","N","SNEG","Not Inspected in May","N","Complete coverage; incubating and chicks present.",
"2021","06/20/21 00:00:00","Hog Island Complex East Islands","BMR","Island with trees","N","TRHE","Not Inspected in May","N","Complete coverage; incubating and chicks present.",
"2021","06/20/21 00:00:00","Naval Air Station Islands H","BMR","Two islands with trees","N","CAEG","Not Inspected in May","N","Complete coverage; roosting",
"2021","06/20/21 00:00:00","Naval Air Station Islands H","BMR","Two islands with trees","N","GBHE","Not Inspected in May","N","Complete coverage; foraging",
"2021","06/20/21 00:00:00","Naval Air Station Islands H","BMR","Two islands with trees","N","LAGU","Not Inspected in May","N","Complete coverage; incubating and chicks present",
"2021","06/20/21 00:00:00","Naval Air Station Islands H","BMR","Two islands with trees","N","LBHE","Not Inspected in May","N","Complete coverage; incubating",
"2021","06/20/21 00:00:00","Naval Air Station Islands H","BMR","Two islands with trees","N","REEG DM","Not Inspected in May","N","Complete coverage; incubating",
"2021","06/20/21 00:00:00","Naval Air Station Islands H","BMR","Two islands with trees","N","REEG WM","Not Inspected in May","N","Complete coverage; incubating and chicks present",
"2021","06/20/21 00:00:00","Naval Air Station Islands H","BMR","Two islands with trees","N","ROSP","Not Inspected in May","N","Complete coverage; foraging",
"2021","06/20/21 00:00:00","Naval Air Station Islands H","BMR","Two islands with trees","N","SNEG","Not Inspected in May","N","Complete coverage; incubating and chicks present",
"2021","06/20/21 00:00:00","Naval Air Station Islands H","BMR","Two islands with trees","N","TRHE","Not Inspected in May","N","Complete coverage; incubating and chicks present",
"2021","05/17/21 00:00:00","Arroyo Colorado Spoils B1","BMR","Island with trees","N","BCNH","Active Both Months","N","Complete coverage; incubating",
"2021","05/17/21 00:00:00","Arroyo Colorado Spoils B1","BMR","Island with trees","N","CAEG","N/A","N","Complete coverage; roosting",
"2021","05/17/21 00:00:00","Arroyo Colorado Spoils B1","BMR","Island with trees","N","GBHE","Active Both Months","N","Complete coverage; incubating and chicks present",
"2021","05/17/21 00:00:00","Arroyo Colorado Spoils B1","BMR","Island with trees","N","GREG","Active Both Months","N","Complete coverage; incubating and chicks present",
"2021","05/17/21 00:00:00","Arroyo Colorado Spoils B1","BMR","Island with trees","N","LBHE","Active Both Months","N","Complete coverage; incubating",
"2021","05/17/21 00:00:00","Arroyo Colorado Spoils B1","BMR","Island with trees","N","REEG DM","Active Both Months","N","Complete coverage; incubating",
"2021","05/17/21 00:00:00","Arroyo Colorado Spoils B1","BMR","Island with trees","N","REEG WM","Active Both Months","N","Complete coverage; incubating",
"2021","05/17/21 00:00:00","Arroyo Colorado Spoils B1","BMR","Island with trees","N","ROSP","Active Both Months","N","Complete coverage; incubating",
"2021","05/17/21 00:00:00","Arroyo Colorado Spoils B1","BMR","Island with trees","N","SNEG","Active Both Months","N","Complete coverage; incubating",
"2021","05/17/21 00:00:00","Arroyo Colorado Spoils B1","BMR","Island with trees","N","TRHE","Active Both Months","N","Complete coverage; incubating",
"2021","05/17/21 00:00:00","Arroyo Colorado Spoils B1","BMR","Island with trees","N","WHIB","N/A","N","Complete coverage; roosting",
"2021","06/18/21 00:00:00","Rabbit Island","MWP","Marsh","N","LAGU","Active Both Months","N","small numbers in the more ""upland"" type habitat within the marsh; good coverage; very few chicks or standing birds seen in this area; later phenology than restored areas?",
"2021","06/18/21 00:00:00","Rabbit Island","MWP","Marsh","N","GREG","Active Both Months","N","a few distinct nesting groups scattered throughout with the majority occurring in the dryer areas of the South Marsh; very good coverage",
"2021","06/18/21 00:00:00","Rabbit Island","MWP","Marsh","N","REEG","Active Both Months","N","a few individual sites scattered amongst the other nesting waders; used Cam 1 photos to confirm when possible; very good coverage",
"2021","06/18/21 00:00:00","Rabbit Island","MWP","Marsh","N","ROSP","Active Both Months","N","a few individual sites scattered amongst the other nesting waders; very good coverage",
"2021","06/18/21 00:00:00","Rabbit Island","MWP","Marsh","N","SNEG","Active Both Months","N","nesting SNEG occurred throughout marsh areas; very good coverage. Lots of standing individuals in some locations; these may have been fledged YY or adults just setting up but too difficult to determine and dotted as individual birds only.","If they were YY, there were no associated empty nests nearby to attribute these birds with"
"2021","06/18/21 00:00:00","Rabbit Island","MWP","Marsh","N","TRHE","Active Both Months","N","abundant throughout the marsh areas; mostly in the South Marsh but also along the western restored area and within the interior marsh. Very good coverage but likely some missed due to the scattered nature of some nests. Also it is possible individuals","could have been YY, but again no empty nests to attribute them with."
"2021","06/18/21 00:00:00","Rabbit Island","MWP","Marsh","N","WHIB","Active Both Months","N","just a couple of foraging(?) individuals seen within the marsh habitats; no nesting observed.",
"2021","06/18/21 00:00:00","Rabbit Island","MWP","Marsh","N","AMAV","Active Both Months","N","just a couple of foraging(?) individuals seen within the marsh habitats; no nesting observed.",
"2021","05/18/21 00:00:00","North Deer Island","MWP","All","N","BRPE","Active Both Months","Y","BRPE in various stages in May. Numbers were much lower in June. Large numbers of chicks not obvious in June despite phenology of May indicating they should be. Used some June photos to cover areas within marsh missed in May.","Likely results in a slight undercount of total nests for BRPE but not large numbers -- 10s not 100s or 1000s"
"2021","05/18/21 00:00:00","North Deer Island","MWP","All","N","LAGU","Active Both Months","Y","Large numbers of LAGU throughout the island. May had higher numbers with June seemingly reduced or eggs hatched and chicks hidden in vegetation etc. Used June photos to cover areas no photographed or where LAGU did not appear in May. This is particularly","true for the ""exterior"" marsh area where some nesting LAGU are seen in June but this area was void of LAGU in May"
"2021","05/18/21 00:00:00","North Deer Island","MWP","Upland Areas","N","BCNH","Active Both Months","N","Small numbers seen on the berm and shrubs of the upland areas.",
"2021","06/18/21 00:00:00","North Deer Island","MWP","Exterior Marsh","N","FOTE","Formed by June","N","A small group of FOTE begain nesting on wrack sometime after May survey. Wrack and terns were not present in May but appeared in June survey",
"2021","05/18/21 00:00:00","North Deer Island","MWP","Upland Areas","N","GREG","Active Both Months","N","nesting on the ground and shrubs of the ""upland"" areas. Various stages from incubation to chicks alone in nests. Few occupied nests in June; May survey best for counts.",
"2021","05/18/21 00:00:00","North Deer Island","MWP","Upland Areas","N","GBHE","Active Both Months","N","nesting on ground and in shrubs of the upland areas. Mostly chicks alone in nests but some incubation and smaller chicks seen.",
"2021","05/18/21 00:00:00","North Deer Island","MWP","Upland Areas","N","NECO","Active Both Months","N","nesting in shrubs of upland areas. Most birds in incubation posture. No chicks observed in May. June photos not examined close enough to determine if successful breeding occurred.",
"2021","05/18/21 00:00:00","North Deer Island","MWP","All","N","REEG","Active Both Months","N","seen in marsh habitats throughout the island; at the edges of the upland areas and on the outer island where 1 white morph REEG was seen in incubation posture. Did not see this bird in June photos - nest hatched and adult gone?",
"2021","05/18/21 00:00:00","North Deer Island","MWP","Upland Areas","N","ROSP","Active Both Months","N","nesting in shrubs of upland areas; perhaps a few on the ground outside of shrubs but very few. Phenology was incubation to small unattended chicks.",
"2021","05/18/21 00:00:00","North Deer Island","MWP","Upland Areas","N","SNEG","Active Both Months","N","mostly seen in upland areas within shrubs or near shrubs on the ground or at edges of upland areas. Most birds in incubation posture.",
"2021","05/18/21 00:00:00","North Deer Island","MWP","All","N","TRHE","Active Both Months","Y","seen nesting on ground throughout island but mostly in marsh areas or in marsh at edges of upland areas. Most birds in incubation posture in May. A few nests in June photos used to count missed nests in June or areas where LAGU appeared in exterior marsh","in June"
"2021","05/18/21 00:00:00","North Deer Island","MWP","Marsh","N","WFIB","Active Both Months","Y","seen through marsh areas - especially in interior marsh in May and exterior marsh in June. Exterior marsh was void of birds in May but WFIB appeared along with LAGU and FOTE in June.",
"2021","05/18/21 00:00:00","North Deer Island","MWP","Marsh","N","WHIB","Active Both Months","N","no nesting observed but a few individuals seen foraging in marsh areas.",
"2021","06/18/21 00:00:00","North Deer Island","MWP","Interior Marsh","N","BRPE","Active Both Months","Y","used June photos to cover an area missed in May. See notes for May above",
"2021","06/18/21 00:00:00","North Deer Island","MWP","Interior Marsh","N","LAGU","Active Both Months","Y","used June photos to cover an area missed in May. See notes for May above. Also small groups that appeared in June photos but were absent in May were counted.",
"2021","06/18/21 00:00:00","North Deer Island","MWP","Interior Marsh","N","TRHE","Active Both Months","N","used June photos to cover an area missed in May. See notes for May above",
"2021","06/18/21 00:00:00","North Deer Island","MWP","Marsh","N","WFIB","Active Both Months","Y","a few areas where WFIB appeared in June but were not present in May were counted; along with LAGU and FOTE",
"2021","06/20/21 00:00:00","East Flats Spoil","BMR","Spoil island","N","GBHE","Active Both Months","Y","New GBHE sites not present in May; species incubating",
"2021","05/17/21 00:00:00","White Pelican Island","BMR","Island with jetty perimeter","N","AWPE","Active Both Months","Y","Complete coverage. Counted approximately half the island in May.  Species mostly incubating with many nests with chicks and a some territorial birds. Several abandoned sites including some abandoned chicks may be due to siblicide or rejection.","Sites absent in June likely fledged."
"2021","05/17/21 00:00:00","White Pelican Island","BMR","Island with jetty perimeter","N","BLSK","N/A","N","Roosting black skimmers observed in May but not present in June",
"2021","05/25/21 00:00:00","Smith Island","NY","Marsh Island","N","AMOY","NA","N","Foraging. Complete coverage. White birds (great egrets?) evident in 4/11/21 GoogleEarth image, but no waders, BRPE, or LAGU seen during either survey.","Tracklines gave a full search effort."
"2021","06/14/21 00:00:00","Alligator Point","NY","Marsh Island","N","BLSK","Formed by June","N","Colony in incubation stage, complete coverage.",
"2021","06/14/21 00:00:00","Alligator Point","NY","Marsh Island","N","GBTE","Formed by June","N","Birds present within BLSK colony. Complete Coverage.",
"2021","06/14/21 00:00:00","Lanark Reef-Pelican Lump","NY","Barrier Island","N","LAGU","Active Both Months","N","Colony in incubation stage, complete coverage.",
"2021","06/14/21 00:00:00","Lanark Reef-Pelican Lump","NY","Barrier Island","N","AMOY","Active Both Months","N","Three sites found, complete coverage.",
"2021","06/14/21 00:00:00","Lanark Reef-Pelican Lump","NY","Barrier Island","N","TRHE","Active Both Months","N","two individuals present, non breeding.",
"2021","06/14/21 00:00:00","Lanark Reef-Pelican Lump","NY","Barrier Island","N","WILL","Active Both Months","N","One individual present, non breeding.",
"2021","06/14/21 00:00:00","Lanark Reef-Pelican Lump","NY","Barrier Island","N","SBDO","Active Both Months","N","non breeding group.",
"2021","06/14/21 00:00:00","Lanark Reef-Pelican Lump","NY","Barrier Island","N","MAGO","Active Both Months","N","non breeding group.",
"2021","06/14/21 00:00:00","Lanark Reef West","NY","Barrier Island","N","BRPE","Active Both Months","N","Colony in incubation stage, complete coverage.",
"2021","06/14/21 00:00:00","Lanark Reef West","NY","Barrier Island","N","UNSB","NA","N","Foraging.","Not all roosting birds counted."
"2021","06/14/21 00:00:00","Lanark Reef West","NY","Barrier Island","N","UNCO","NA","N","Foraging.",
"2021","06/14/21 00:00:00","Lanark Reef West","NY","Barrier Island","N","AMOY","Active Both Months","N","Three sites found, complete coverage.",
"2021","06/14/21 00:00:00","Lanark Reef West","NY","Barrier Island","N","TRHE","Active Both Months","N","Six sites found, complete coverage.",
"2021","06/14/21 00:00:00","Lanark Reef West","NY","Barrier Island","N","LAGU","Active Both Months","N","Colony in incubation stage, 95% complete coverage.",
"2021","06/14/21 00:00:00","Lanark Reef West","NY","Barrier Island","N","BLSK","Active Both Months","N","Colony in incubation stage, complete coverage.",
"2021","06/14/21 00:00:00","Lanark Reef West","NY","Barrier Island","N","ROYT","Active Both Months","N","Colony in incubation stage, complete coverage.",
"2021","06/14/21 00:00:00","Lanark Reef West","NY","Barrier Island","N","GBTE","Active Both Months","N","Colony in incubation stage, complete coverage.",
"2021","06/14/21 00:00:00","Lanark Reef West","NY","Barrier Island","N","CATE","Active Both Months","N","Three sites found, complete coverage.",
"2021","06/14/21 00:00:00","Lanark Reef West","NY","Barrier Island","N","SATE","Active Both Months","N","Colony in incubation stage, complete coverage.",
"2021","06/14/21 00:00:00","Lanark Reef West","NY","Barrier Island","N","BBPL","NA","N","Foraging.",
"2021","06/14/21 00:00:00","Lanark Reef West","NY","Barrier Island","N","REKN","NA","N","Foraging.",
"2021","05/25/21 00:00:00","Lanark Reef West","NY","Barrier Island","N","GREG","Active Both Months","N","Colony in incubation stage, complete coverage.",
"2021","05/25/21 00:00:00","Lanark Reef West","NY","Barrier Island","N","SNEG","Active Both Months","N","Colony in incubation stage, complete coverage.",
"2021","06/14/21 00:00:00","Lanark Reef West","NY","Barrier Island","N","WILL","NA","N","Foraging.",
"2021","05/25/21 00:00:00","Saint Joseph Lagoon","NY","Barrier Island","N","BLSK","NA","N","One LAGU Bird and one BLSK Bird seen. No other birds present.","Just 2 cam 2 pictures in June"
"2021","06/14/21 00:00:00","Oyster Lake Beach","NY","Barrier Island","N","BLSK","NA","N","roosting shore birds, gull, GBTE, BLSK, and CATE. No nesting BLSK or LETE detected.","Signage noted."
"2021","05/25/21 00:00:00","Lake Number Five","NY","Area within barrier Island w trees","N","ANHI","Active Both Months","N","Two sites found.",
"2021","05/25/21 00:00:00","Lake Number Five","NY","Area within barrier Island w trees","N","GLIB","Active Both Months","N","Foraging.",
"2021","06/14/21 00:00:00","Lake Number Five","NY","Area within barrier Island w trees","N","WHIB","Active Both Months","N","one bird observed.",
"2021","05/25/21 00:00:00","Lake Number Five","NY","Area within barrier Island w trees","N","Waders","Active Both Months","N","Waders consist of GREG, SNEG, LBHE, TRHE, WHEG, SDHE. All species found nesting. Difficult to determine identification of species due to dense vegetation.","Considering not surveying island for next years surveys."
"2021","06/14/21 00:00:00","Saint George Island Plantation","NY","Barrier island","N","GBHE","Formed by June","N","Three nests present with chicks.",
"2021","05/25/21 00:00:00","Apalachicola Bird Island","NY","Barrier Island","N","BLSK","Active Both Months","N","Colony in incubation stage, complete coverage.",
"2021","05/25/21 00:00:00","Apalachicola Bird Island","NY","Barrier Island","N","BRPE","Active Both Months","N","Roosting birds.",
"2021","05/25/21 00:00:00","Apalachicola Bird Island","NY","Barrier Island","N","CATE","Active Both Months","N","Roosting birds.","Not all roosting birds counted."
"2021","05/25/21 00:00:00","Apalachicola Bird Island","NY","Barrier Island","N","ROYT","Active Both Months","N","Roosting birds.","Not all roosting birds counted."
"2021","05/25/21 00:00:00","Apalachicola Bird Island","NY","Barrier Island","N","GBTE","Active Both Months","N","Five sites found.",
"2021","05/25/21 00:00:00","Apalachicola Bird Island","NY","Barrier Island","N","SATE","Active Both Months","N","Roosting birds.","Not all roosting birds counted."
"2021","05/25/21 00:00:00","Apalachicola Bird Island","NY","Barrier Island","N","LAGU","Active Both Months","N","Roosting birds.","Not all roosting birds counted."
"2021","05/25/21 00:00:00","Saint Andrews State Park Gator Lake","NY","Marsh island w trees","N","GBHE","Active Both Months","N","Colony in incubation stage, chicks present.",
"2021","05/25/21 00:00:00","Saint Andrews State Park Gator Lake","NY","Marsh island w trees","N","TRHE","Active Both Months","N","Colony in incubation stage, one chick nest present.",
"2021","05/25/21 00:00:00","Saint Andrews State Park Gator Lake","NY","Marsh island w trees","N","LBHE","Active Both Months","N","Colony in incubation stage, one chick nest present.",
"2021","05/25/21 00:00:00","Saint Andrews State Park Gator Lake","NY","Marsh island w trees","N","ANHI","Active Both Months","N","Six sites found.",
"2021","05/25/21 00:00:00","Saint Andrews State Park Gator Lake","NY","Marsh island w trees","N","WHEG","Active Both Months","N","WHEG consist of GREG, SNEG, and CAEG. All species found nesting. Difficult to determine identification of species due to dense vegetation.",
"2021","05/25/21 00:00:00","Saint Andrews State Park Buttonwood Marsh","NY","Marsh Island","N","GREG","Active Both Months","N","Only chicks present, One adult bird observed.","Photo quality different among species."
"2021","05/25/21 00:00:00","Saint Andrews State Park Buttonwood Marsh","NY","Marsh Island","N","SNEG","Active Both Months","N","Colony in incubation stage, chicks present.","Photo quality different among species."
"2021","05/25/21 00:00:00","Saint Andrews State Park Buttonwood Marsh","NY","Marsh Island","N","CAEG","Active Both Months","N","Only chick nests present, no adults observed.","Photo quality different among species."
"2021","05/25/21 00:00:00","Saint Andrews State Park Buttonwood Marsh","NY","Marsh Island","N","LBHE","Active Both Months","N","Colony in incubation stage, one chick nest present.","Photo quality different among species."
"2021","05/25/21 00:00:00","Saint Andrews State Park Buttonwood Marsh","NY","Marsh Island","N","TRHE","Active Both Months","N","Six sites and six birds observed.","Photo quality different among species."
"2021","05/25/21 00:00:00","Saint Andrews State Park Buttonwood Marsh","NY","Marsh Island","N","ANHI","Active Both Months","N","One site and one bird observed.","Photo quality different among species."
"2021","05/25/21 00:00:00","Saint Andrews State Park Buttonwood Marsh","NY","Marsh Island","N","WHEG","Active Both Months","N","WHEG consist of GREG, SNEG, and CAEG. All species found nesting. Difficult to determine identification of species due to dense vegetation.","Photo quality different among species."
"2021","06/14/21 00:00:00","Saint George Causeway","NY","Spoil Island","N","BRPE","Active Both Months","N","Colony in incubation stage, chicks present. Complete coverage.",
"2021","06/14/21 00:00:00","Saint George Causeway","NY","Spoil Island","N","BLSK","Active Both Months","N","One site, one bird present.",
"2021","06/14/21 00:00:00","Saint George Causeway","NY","Spoil Island","N","LAGU","Active Both Months","N","Colony in incubation stage, 98% Coverage.",
"2021","06/14/21 00:00:00","Saint George Causeway","NY","Spoil Island","N","ROYT","Active Both Months","Y","Colony in incubation stage, Complete coverage","Main colony dotted in May"
"2021","06/14/21 00:00:00","Saint George Causeway","NY","Spoil Island","N","SATE","Active Both Months","Y","Colony in incubation stage, Complete coverage","Main colony dotted in May"
"2021","05/25/21 00:00:00","Saint George Causeway","NY","Spoil Island","N","CATE","Active Both Months","N","Colony in incubation stage, Complete coverage",
"2021","05/25/21 00:00:00","Saint George Causeway","NY","Spoil Island","N","ROYT","Active Both Months","Y","Colony in incubation stage, Complete coverage","Locations of where sites were more abundant were dotted in June."
"2021","05/25/21 00:00:00","Saint George Causeway","NY","Spoil Island","N","SATE","Active Both Months","Y","Colony in incubation stage, Complete coverage","Locations of where sites were more abundant were dotted in June."
"2021","06/14/21 00:00:00","Saint George Causeway","NY","Spoil Island","N","HERG","Active Both Months","N","Foraging.",
"2021","06/14/21 00:00:00","Saint George Causeway","NY","Spoil Island","N","AMOY","Active Both Months","N","Foraging.",
"2021","06/14/21 00:00:00","Saint George Causeway","NY","Spoil Island","N","TRHE","Active Both Months","N","Foraging.",
"2021","06/14/21 00:00:00","Saint George Causeway","NY","Spoil Island","N","DCCO","Active Both Months","N","Foraging.",
"2021","05/17/21 00:00:00","Green Island Spoils L","NY","Spoil Island","N","LAGU","Active Both Months","N","Colony in incubation stage, Complete coverage.",
"2021","05/17/21 00:00:00","Green Island Spoils L","NY","Spoil Island","N","BRPE","Active Both Months","N","Foraging.",
"2021","05/17/21 00:00:00","Green Island Spoils L","NY","Spoil Island","N","BLSK","Active Both Months","N","One bird present.",
"2021","05/17/21 00:00:00","Green Island Spoils L","NY","Spoil Island","N","ROYT","Active Both Months","N","Colony in incubation stage, Complete coverage.",
"2021","05/17/21 00:00:00","Green Island Spoils L","NY","Spoil Island","N","GBTE","Active Both Months","N","Colony in incubation stage, Complete coverage.",
"2021","05/17/21 00:00:00","Green Island Spoils L","NY","Spoil Island","N","SATE","Active Both Months","N","Colony in incubation stage, Complete coverage.",
"2021","05/17/21 00:00:00","Green Island Spoils L","NY","Spoil Island","N","RUTU","Active Both Months","N","Foraging.",
"2021","05/17/21 00:00:00","Pita Island","NY","Spoil Island","N","LAGU","Active Both Months","N","Colony in incubation stage, some chicks present. Complete coverage.","More chicks present in June"
"2021","05/17/21 00:00:00","Pita Island","NY","Spoil Island","N","BCNH","Active Both Months","N","One site, two birds present.",
"2021","05/17/21 00:00:00","Pita Island","NY","Spoil Island","N","GREG","Active Both Months","N","Colony in incubation stage, chicks present. Complete coverage.",
"2021","05/17/21 00:00:00","Pita Island","NY","Spoil Island","N","REEG DM","Active Both Months","N","Colony in incubation stage, complete coverage.",
"2021","05/17/21 00:00:00","Pita Island","NY","Spoil Island","N","REEG WM","Active Both Months","N","Colony in incubation stage, complete coverage.",
"2021","05/17/21 00:00:00","Pita Island","NY","Spoil Island","N","ROSP","Active Both Months","N","Colony in incubation stage, complete coverage.",
"2021","05/17/21 00:00:00","Pita Island","NY","Spoil Island","N","TRHE","Active Both Months","N","Colony in incubation stage, complete coverage.",
"2021","05/17/21 00:00:00","Pita Island","NY","Spoil Island","N","SNEG","Active Both Months","N","Small colony in incubation stage, chicks present. Complete coverage.",
"2021","05/17/21 00:00:00","Pita Island","NY","Spoil Island","N","RUTU","Active Both Months","N","Foraging.",
"2021","05/17/21 00:00:00","Pita Island","NY","Spoil Island","N","DCCO","Active Both Months","N","Foraging.",
"2021","06/20/21 00:00:00","Pita Island","NY","Spoil Island","N","WHIB","Active Both Months","N","Colony in incubation stage, chicks present. Complete coverage.",
"2021","06/20/21 00:00:00","Pita Island","NY","Spoil Island","N","GBHE","Active Both Months","N","Colony in incubation stage, chicks present. Complete coverage.",
"2021","06/20/21 00:00:00","Pita Island","NY","Spoil Island","N","CAEG","Formed by June","N","One site, one bird present.",
"2021","06/20/21 00:00:00","Pita Island","NY","Spoil Island","N","BRPE","Formed by June","N","Foraging.",
"2021","05/17/21 00:00:00","Pita Island","NY","Spoil Island","N","BBWD","Abandoned by June","N","One site, one bird present.","Nest not present in June"
"2021","05/17/21 00:00:00","Pita Island","NY","Spoil Island","N","LBHE","Active Both Months","N","Colony in incubation stage, complete coverage.",
"2021","06/20/21 00:00:00","Nueces Causeway","NY","Spoil Island","N","BCNH","Active Both Months","N","One bird present.",
"2021","06/20/21 00:00:00","Nueces Causeway","NY","Spoil Island","N","BRPE","Active Both Months","N","Foraging.",
"2021","06/20/21 00:00:00","Nueces Causeway","NY","Spoil Island","N","CAEG","Active Both Months","N","One site present.",
"2021","06/20/21 00:00:00","Nueces Causeway","NY","Spoil Island","N","FUWD","Active Both Months","N","Four birds and one abandoned nest present.",
"2021","06/20/21 00:00:00","Nueces Causeway","NY","Spoil Island","N","GBHE","Active Both Months","N","Colony in incubation stage, chicks present. Complete coverage.",
"2021","06/20/21 00:00:00","Nueces Causeway","NY","Spoil Island","N","GREG","Active Both Months","N","Colony in incubation stage, chicks present. Complete coverage.",
"2021","06/20/21 00:00:00","Nueces Causeway","NY","Spoil Island","N","LAGU","Active Both Months","N","Colony in incubation stage, chicks present. Complete coverage.",
"2021","06/20/21 00:00:00","Nueces Causeway","NY","Spoil Island","N","REEG DM","Active Both Months","N","Three sites present.",
"2021","06/20/21 00:00:00","Nueces Causeway","NY","Spoil Island","N","ROSP","Active Both Months","N","Colony in incubation stage, chicks present. Complete coverage.",
"2021","06/20/21 00:00:00","Nueces Causeway","NY","Spoil Island","N","ROYT","Active Both Months","N","Colony in incubation stage, complete coverage.",
"2021","06/20/21 00:00:00","Nueces Causeway","NY","Spoil Island","N","SATE","Active Both Months","N","Colony in incubation stage, complete coverage.",
"2021","06/20/21 00:00:00","Nueces Causeway","NY","Spoil Island","N","SNEG","Active Both Months","N","Colony in incubation stage, chicks present. Complete coverage.",
"2021","06/20/21 00:00:00","Nueces Causeway","NY","Spoil Island","N","TRHE","Active Both Months","N","Colony in incubation stage, complete coverage.",
"2021","05/25/21 00:00:00","Saint George Causeway","NY","Spoil Island","N","SOTE","Abandoned by June","N","One site present.",
"2021","05/17/21 00:00:00","Chester Island","NY","Spoil Island","N","AMOY","NA","N","Foraging",
"2021","05/17/21 00:00:00","Chester Island","NY","Spoil Island","N","BCNH","Active Both Months","Y","One site present.",
"2021","05/17/21 00:00:00","Chester Island","NY","Spoil Island","N","BRPE","Active Both Months","Y","Colony in incubation stage, chicks present. 98% coverage.","Dotting all areas in May except the large shubby area is dotted in June."
"2021","05/17/21 00:00:00","Chester Island","NY","Spoil Island","N","CAEG","Active Both Months","N","Colony in incubation stage, complete coverage.","Active both months. Spatially did not dot these birds in June."
"2021","05/17/21 00:00:00","Chester Island","NY","Spoil Island","N","CATE","Abandoned by June","Y","10 sites present, chicks present. Complete coverage.",
"2021","05/17/21 00:00:00","Chester Island","NY","Spoil Island","N","GBHE","Active Both Months","Y","Colony in incubation stage, chicks present. Complete coverage.",
"2021","05/17/21 00:00:00","Chester Island","NY","Spoil Island","N","GREG","Active Both Months","Y","Colony in incubation stage, chicks present. Complete coverage.",
"2021","05/17/21 00:00:00","Chester Island","NY","Spoil Island","N","LAGU","Active Both Months","Y","Colony in incubation stage, Complete coverage.","Mainly colony dotted in May"
"2021","05/17/21 00:00:00","Chester Island","NY","Spoil Island","N","LBHE","Abandoned by June","N","Four sites present.",
"2021","05/17/21 00:00:00","Chester Island","NY","Spoil Island","N","NECO","Active Both Months","Y","Five sites present.",
"2021","05/17/21 00:00:00","Chester Island","NY","Spoil Island","N","REEG DM","Active Both Months","Y","One bird observed in areas dotted for May",
"2021","05/17/21 00:00:00","Chester Island","NY","Spoil Island","N","REEG WM","Abandoned by June","N","One site present.",
"2021","05/17/21 00:00:00","Chester Island","NY","Spoil Island","N","ROSP","Active Both Months","Y","Colony in incubation stage, Complete coverage.",
"2021","05/17/21 00:00:00","Chester Island","NY","Spoil Island","N","ROYT","Active Both Months","Y","Colony in incubation stage, Complete coverage.",
"2021","05/17/21 00:00:00","Chester Island","NY","Spoil Island","N","SATE","Active Both Months","Y","Colony in incubation stage, Complete coverage.",
"2021","05/17/21 00:00:00","Chester Island","NY","Spoil Island","N","SNEG","Active Both Months","Y","Colony in incubation stage, Complete coverage.",
"2021","05/17/21 00:00:00","Chester Island","NY","Spoil Island","N","TRHE","Active Both Months","Y","Colony in incubation stage, Complete coverage.",
"2021","05/17/21 00:00:00","Chester Island","NY","Spoil Island","N","WHIB","Active Both Months","Y","Colony in incubation stage, Complete coverage.",
"2021","06/20/21 00:00:00","Chester Island","NY","Spoil Island","N","BCNH","Active Both Months","Y","Six sites present.",
"2021","06/20/21 00:00:00","Chester Island","NY","Spoil Island","N","BLSK","Formed by June","N","Seventy sites present.",
"2021","06/20/21 00:00:00","Chester Island","NY","Spoil Island","N","BRPE","Active Both Months","Y","Colony in incubation stage, chicks present. Complete coverage.",
"2021","06/20/21 00:00:00","Chester Island","NY","Spoil Island","N","GBHE","Active Both Months","Y","Colony in incubation stage, chicks present. Complete coverage.",
"2021","06/20/21 00:00:00","Chester Island","NY","Spoil Island","N","GBTE","Formed by June","N","Three sites present.",
"2021","06/20/21 00:00:00","Chester Island","NY","Spoil Island","N","GREG","Active Both Months","Y","Colony in incubation stage, chicks present. Complete coverage.",
"2021","06/20/21 00:00:00","Chester Island","NY","Spoil Island","N","LAGU","Active Both Months","Y","Two birds observed in areas dotted for June.","Active both months. Spactially did not dot majority of colony in June."
"2021","06/20/21 00:00:00","Chester Island","NY","Spoil Island","N","NECO","Active Both Months","Y","Three sites present.",
"2021","06/20/21 00:00:00","Chester Island","NY","Spoil Island","N","REEG DM","Active Both Months","Y","Colony in incubation stage, Complete coverage.","18 sites observed."
"2021","06/20/21 00:00:00","Chester Island","NY","Spoil Island","N","ROSP","Active Both Months","Y","Colony in incubation stage, Complete coverage.",
"2021","06/20/21 00:00:00","Chester Island","NY","Spoil Island","N","ROYT","Active Both Months","Y","Colony in incubation stage, Complete coverage.",
"2021","06/20/21 00:00:00","Chester Island","NY","Spoil Island","N","SATE","Active Both Months","Y","Colony in incubation stage, Complete coverage.",
"2021","06/20/21 00:00:00","Chester Island","NY","Spoil Island","N","SNEG","Active Both Months","Y","Colony in incubation stage, Complete coverage.",
"2021","06/20/21 00:00:00","Chester Island","NY","Spoil Island","N","TRHE","Active Both Months","Y","Colony in incubation stage, chicks present. Complete coverage.",
"2021","06/20/21 00:00:00","Chester Island","NY","Spoil Island","N","WHIB","Active Both Months","Y","Colony in incubation stage, chicks present. Complete coverage.",
"2021","05/17/21 00:00:00","Second Chain of Islands D","NY","Submerged Island","N","CATE","NA","N","Foraging.",
"2021","05/17/21 00:00:00","Second Chain of Islands D","NY","Submerged Island","N","LAGU","NA","N","Foraging.",
"2021","06/20/21 00:00:00","Second Chain of Islands I","NY","Chain Island","N","AMOY","Formed by June","N","One site present.",
"2021","06/20/21 00:00:00","Second Chain of Islands I","NY","Chain Island","N","GBHE","Active Both Months","N","Small colony in incubation stage. Complete coverage",
"2021","06/20/21 00:00:00","Second Chain of Islands I","NY","Chain Island","N","GREG","Active Both Months","N","Small colony in incubation stage. Complete coverage",
"2021","06/20/21 00:00:00","Second Chain of Islands I","NY","Chain Island","N","LAGU","Active Both Months","N","Small colony in incubation stage. Complete coverage",
"2021","06/20/21 00:00:00","Second Chain of Islands I","NY","Chain Island","N","REEG DM","Active Both Months","N","Small colony in incubation stage. Complete coverage",
"2021","06/20/21 00:00:00","Second Chain of Islands I","NY","Chain Island","N","REEG WM","Formed by June","N","Small colony in incubation stage. Complete coverage",
"2021","05/17/21 00:00:00","Second Chain of Islands J","NY","Chain Island","N","BRPE","Active Both Months","N","Territories and roosters observed.","No egg laying sites observed in June, structures in May are territories"
"2021","05/17/21 00:00:00","Second Chain of Islands J","NY","Chain Island","N","NECO","Active Both Months","N","Foraging.",
"2021","05/17/21 00:00:00","Second Chain of Islands J","NY","Chain Island","N","LAGU","Abandoned by June","N","Small colony in incubation stage. Complete coverage",
"2021","05/17/21 00:00:00","Second Chain of Islands J","NY","Chain Island","N","RUTU","NA","N","Foraging.",
"2021","05/17/21 00:00:00","White Pelican Island","BMR","Island with jetty perimeter","N","SATE","N/A","N","Roosting sandwich terns observed in May but not present in June",
"2021","05/17/21 00:00:00","White Pelican Island","BMR","Island with jetty perimeter","N","LAGU","N/A","N","LAGU birds observed in May. Only 1 LAGU bird in June.",
"2021","05/17/21 00:00:00","White Pelican Island","BMR","Island with jetty perimeter","N","ROYT","N/A","N","ROYT bird observed in May but not present in June",
"2021","05/17/21 00:00:00","White Pelican Island","BMR","Island with jetty perimeter","N","CAEG","N/A","N","1 bird observed in May but not present in June",
"2021","05/17/21 00:00:00","White Pelican Island","BMR","Island with jetty perimeter","N","ROSP","N/A","N","1 bird observed in May but not present in June",
"2021","05/17/21 00:00:00","White Pelican Island","BMR","Island with jetty perimeter","N","UNSB","N/A","N","1 bird observed in May but not present in June",
"2021","06/20/21 00:00:00","White Pelican Island","BMR","Island with jetty perimeter","N","AWPE","Active Both Months","Y","Complete coverage. Counted approximately half the island in June where new nests present. Species mostly incubating with a few abandoned sites and territorial birds.",
"2021","06/20/21 00:00:00","White Pelican Island","BMR","Island with jetty perimeter","N","GBHE","Formed by June","N","GBHE chicks with adult in May but without adult in June. Decided to dot June because of additional site not present in May.",
"2021","06/20/21 00:00:00","White Pelican Island","BMR","Island with jetty perimeter","N","REEG","Active Both Months","N","2 white morph and 1 dark morph REEG birds observed in June. 2 WM REEG observed in May Area 4 but decided to dot June because of additional DM REEG.",
"2021","06/20/21 00:00:00","White Pelican Island","BMR","Island with jetty perimeter","N","BRPE","Active Both Months","N","BRPE birds observed in June.",
"2021","05/17/21 00:00:00","Bahia Grande B","BMR","Island with jetty perimeter","N","GBHE","Active Both Months","Y","Too few pictures in May to get a good breeding estimate. Only dotted sites not present in June. 2 sites and 2 chicks without adult.",
"2021","05/17/21 00:00:00","Bahia Grande B","BMR","Island with jetty perimeter","N","BCNH","Active Both Months","Y","Too few pictures in May to get a good breeding estimate. Only dotted sites not present in June. 3 sites.",
"2021","05/17/21 00:00:00","Bahia Grande B","BMR","Island with jetty perimeter","N","BLSK","N/A","N","No BLSK in June",
"2021","05/17/21 00:00:00","Bahia Grande B","BMR","Island with jetty perimeter","N","CATE","N/A","N","No CATE in June; only 1 site",
"2021","05/17/21 00:00:00","Bahia Grande B","BMR","Island with jetty perimeter","N","REEG","N/A","N","Dark morph bird",
"2021","06/20/21 00:00:00","East Marker Spoil","BMR","Spoil island","N","GBHE/REEG","Active Both Months","Y","New nest sites for GBHE and REEG not present in May; species incubating; 9 white morph sites, 1 white morph bird,  2 dark morph sites, 1 dark morph bird REEG",
"2021","05/17/21 00:00:00","East Flats Spoil","BMR","Spoil island","N","REEG","N/A","Y","Not present in June.",
"2021","06/20/21 00:00:00","Bahia Grande B","BMR","Island with jetty perimeter","N","LAGU","Formed by June","N","Only birds along the coastline",
"2021","06/20/21 00:00:00","Bahia Grande B","BMR","Island with jetty perimeter","N","GBHE","Active Both Months","Y","Better camera 1 and 2 pictures for breeding estimates in June. Species mostly incubating with 4 chicks without adult, 2 broods, 1 abandoned nest, and 3 empty nests.",
"2021","06/20/21 00:00:00","Bahia Grande B","BMR","Island with jetty perimeter","N","BCNH","Active Both Months","Y","Better pictures for breeding estimates in June. All birds incubating.",
"2021","06/20/21 00:00:00","Bahia Grande B","BMR","Island with jetty perimeter","N","GREG","Active Both Months","N","Better pictures for breeding estimates in June. Species mostly incubating with 4 chick nests.",
"2021","06/20/21 00:00:00","Bahia Grande A","BMR","Island with jetty perimeter","N","GBHE","Formed by June","N","No birds present in May. One solitary GBHE bird.",
"2021","05/17/21 00:00:00","Bahia Grande B","BMR","Island with jetty perimeter","N","GREG","Active Both Months","Y","Too few pictures in May to get good breeding estimate. Only dotted GREG not present in June. 1 chick nest, 4 sites, and 1 bird.",
"2021","05/17/21 00:00:00","East Flats Spoil","BMR","Spoil island","N","ROYT","N/A","N","Not present in June.",
"2021","05/17/21 00:00:00","East Flats Spoil","BMR","Spoil island","N","SATE","N/A","N","Not present in June.",
"2021","05/17/21 00:00:00","East Flats Spoil","BMR","Spoil island","N","LAGU","Active Both Months","N","Complete coverage; incubating; no chicks present in June; sites from May possibly failed due to flooding and birds re-nested in June",
"2021","05/17/21 00:00:00","East Flats Spoil","BMR","Spoil island","N","BLSK","N/A","N","Roosting in both months.",
"2021","05/17/21 00:00:00","East Flats Spoil","BMR","Spoil island","N","GBHE","Active Both Months","Y","Complete coverage; incubating, except 1 nest with chicks",
"2021","05/17/21 00:00:00","East Flats Spoil","BMR","Spoil island","N","CATE","Active Both Months","N","Complete coverage; no chicks present in June; nest failure possibly due to flooding and birds re-nested in June",
"2021","05/17/21 00:00:00","East Flats Spoil","BMR","Spoil island","N","BRPE","N/A","N","Roosting both months",
"2021","06/20/21 00:00:00","Northeast Mansfield Intersection Spoil","BMR","Spoil island with jetty perimeter","N","ALL","Formed by June","N","Complete coverage; all species incubating, except one REEG white morph nest with chicks (incubating in May)",
"2021","05/17/21 00:00:00","East Marker Spoil","BMR","Spoil island","N","ALL","Active Both Months","Y","Complete coverage; all species incubating; 8 White morph sites, 3 white morph birds, and 1 dark morph bird REEG",
"2021","05/17/21 00:00:00","Bahia Grande C West","BMR","Island with jetty perimeter","N","GBHE","Active Both Months","N","Complete coverage; Colony in incubation stage; Chicks present",
"2021","05/17/21 00:00:00","Bahia Grande C West","BMR","Island with jetty perimeter","N","CATE","Active Both Months","N","Complete coverage; colony in incubation stage; Chicks present and 5 abandoned nests",
"2021","05/17/21 00:00:00","Bahia Grande C West","BMR","Island with jetty perimeter","N","LAGU","Active Both Months","N","Complete coverage; incubating",
"2021","05/17/21 00:00:00","Bahia Grande C West","BMR","Island with jetty perimeter","N","GBTE","Active Both Months","Y","Complete coverage; incubating; dotted areas with more breeding birds in May",
"2021","05/17/21 00:00:00","Laguna Vista Spoils B","BMR","Spoil island w trees around perimeter","N","LAGU","Active Both Months","N","Complete coverage; incubating",
"2021","05/17/21 00:00:00","Laguna Vista Spoils B","BMR","Spoil island w trees around perimeter","N","SNEG","Active Both Months","N","Complete coverage; incubating",
"2021","05/17/21 00:00:00","Laguna Vista Spoils B","BMR","Spoil island w trees around perimeter","N","TRHE","Active Both Months","N","Complete coverage; incubating",
"2021","05/17/21 00:00:00","Laguna Vista Spoils B","BMR","Spoil island w trees around perimeter","N","REEG","Active Both Months","N","Complete coverage; incubating",
"2021","05/17/21 00:00:00","Laguna Vista Spoils B","BMR","Spoil island w trees around perimeter","N","ROSP","Active Both Months","N","Complete coverage; incubating",
"2021","05/17/21 00:00:00","Laguna Vista Spoils B","BMR","Spoil island w trees around perimeter","N","GBHE","Active Both Months","N","Complete coverage; foraging",
"2021","05/17/21 00:00:00","Laguna Vista Spoils B","BMR","Spoil island w trees around perimeter","N","BCNH","Active Both Months","N","Complete coverage; incubating",
"2021","06/20/21 00:00:00","Laguna Vista Spoils B","BMR","Spoil island w trees around perimeter","N","GREG","N/A","N","Complete coverage; roosting bird; species not observed in May",
"2021","05/17/21 00:00:00","Bahia Grande C West","BMR","Island with jetty perimeter","N","FOTE","Active Both Months","N","Complete coverage; incubating",
"2021","06/20/21 00:00:00","Bahia Grande C West","BMR","Island with jetty perimeter","N","BLSK","Formed by June","N","Complete coverage; incubating",
"2021","06/20/21 00:00:00","Bahia Grande C West","BMR","Island with jetty perimeter","N","GBTE","Active Both Months","Y","Complete coverage; incubating; dotted areas with more breeding birds in June",
"2021","06/20/21 00:00:00","Bahia Grande C West","BMR","Island with jetty perimeter","N","DCCO","N/A","N","Complete coverage; roosting birds",
"2021","06/20/21 00:00:00","Bahia Grande C West","BMR","Island with jetty perimeter","N","SNEG","Formed by June","N","Complete coverage; incubating",
"2021","06/20/21 00:00:00","Bahia Grande C West","BMR","Island with jetty perimeter","N","CRCA","N/A","N","Complete coverage; roosting bird",
"2021","05/17/21 00:00:00","Bahia Grande C East","BMR","Island with jetty perimeter","N","LAGU","Active Both Months","Y","Incomplete coverage; incubating; incomplete coverage due to gaps in photos",
"2021","05/17/21 00:00:00","Bahia Grande C East","BMR","Island with jetty perimeter","N","AMOY","N/A","N","Complete coverage; foraging",
"2021","05/17/21 00:00:00","Bahia Grande C East","BMR","Island with jetty perimeter","N","REEG","Active Both Months","Y","Complete coverage; incubating",
"2021","05/17/21 00:00:00","Bahia Grande C East","BMR","Island with jetty perimeter","N","BCNH","Active Both Months","Y","Incomplete coverage; incubating; incomplete coverage due to gaps in photos",
"2021","05/17/21 00:00:00","Bahia Grande C East","BMR","Island with jetty perimeter","N","BRPE","N/A","N","Complete coverage; roosting",
"2021","05/17/21 00:00:00","Bahia Grande C East","BMR","Island with jetty perimeter","N","BWTE","N/A","N","Complete coverage; foraging",
"2021","05/17/21 00:00:00","Bahia Grande C East","BMR","Island with jetty perimeter","N","CATE","Active Both Months","N","Complete coverage; incubating",
"2021","05/17/21 00:00:00","Bahia Grande C East","BMR","Island with jetty perimeter","N","DCCO","N/A","N","Complete coverage; roosting",
"2021","05/17/21 00:00:00","Bahia Grande C East","BMR","Island with jetty perimeter","N","FOTE","Active Both Months","N","Complete coverage; incubating",
"2021","05/17/21 00:00:00","Bahia Grande C East","BMR","Island with jetty perimeter","N","GBHE","Active Both Months","Y","Incomplete coverage; incubating with 2 chick nests and 1 brood; incomplete coverage due to gaps in photos",
"2021","05/17/21 00:00:00","Bahia Grande C East","BMR","Island with jetty perimeter","N","GREG","Active Both Months","Y","Incomplete coverage; incubating; incomplete coverage due to gaps in photos",
"2021","05/17/21 00:00:00","Bahia Grande C East","BMR","Island with jetty perimeter","N","ROSP","Active Both Months","Y","Incomplete coverage; incubating; incomplete coverage due to gaps in photos",
"2021","05/17/21 00:00:00","Bahia Grande C East","BMR","Island with jetty perimeter","N","RUTU","N/A","N","Complete coverage; foraging",
"2021","05/17/21 00:00:00","Bahia Grande C East","BMR","Island with jetty perimeter","N","SNEG","Active Both Months","Y","Incomplete coverage; incubating with 1 abandoned nest; incomplete coverage due to gaps in photos",
"2021","05/17/21 00:00:00","Bahia Grande C East","BMR","Island with jetty perimeter","N","TRHE","Active Both Months","Y","Incomplete coverage; incubating; incomplete coverage due to gaps in photos",
"2021","06/20/21 00:00:00","Bahia Grande C East","BMR","Island with jetty perimeter","N","BCNH","Active Both Months","Y","Complete coverage; incubating; filled gaps from May, resulting in complete coverage for this species",
"2021","06/20/21 00:00:00","Bahia Grande C East","BMR","Island with jetty perimeter","N","BLSK","Formed by June","N","Complete coverage; incubating",
"2021","06/20/21 00:00:00","Bahia Grande C East","BMR","Island with jetty perimeter","N","FOTE","Active Both Months","N","Complete coverage; incubating",
"2021","06/20/21 00:00:00","Bahia Grande C East","BMR","Island with jetty perimeter","N","GBHE","Active Both Months","Y","Complete coverage; incubating with 1 chick nest and 2 broods; filled in gaps from May, resulting in complete coverage for this species",
"2021","06/20/21 00:00:00","Bahia Grande C East","BMR","Island with jetty perimeter","N","GBTE","Active Both Months","N","Complete coverage; incubating with 2 chick nests",
"2021","06/20/21 00:00:00","Bahia Grande C East","BMR","Island with jetty perimeter","N","GREG","Active Both Months","Y","Complete coverage; incubating with 4 chick nests; filled in gaps from May, resulting in complete coverage for this species",
"2021","06/20/21 00:00:00","Bahia Grande C East","BMR","Island with jetty perimeter","N","LAGU","Active Both Months","Y","95% coverage; incubating with 98 chick nests and 14 broods; filled in gaps from May, resulting in 95% coverage for this species",
"2021","06/20/21 00:00:00","Bahia Grande C East","BMR","Island with jetty perimeter","N","REEG","Active Both Months","Y","Complete coverage; incubating with 6 chick nests; filled in gaps from May, resulting in complete coverage for this species",
"2021","06/20/21 00:00:00","Bahia Grande C East","BMR","Island with jetty perimeter","N","ROSP","Active Both Months","Y","Complete coverage; incubating; filled in gaps from May, resulting in complete coverage for this species",
"2021","06/20/21 00:00:00","Bahia Grande C East","BMR","Island with jetty perimeter","N","SNEG","Active Both Months","Y","Complete coverage; incubating with 31 chick nests; filled in gaps from May, resulting in complete coverage for this species",
"2021","06/20/21 00:00:00","Bahia Grande C East","BMR","Island with jetty perimeter","N","TRHE","Active Both Months","Y","Complete coverage; incubating; filled in gaps from May, resulting in complete coverage for this species",
"2021","06/20/21 00:00:00","Bahia Grande C East","BMR","Island with jetty perimeter","N","WHIB","Formed by June","N","Complete coverage; incubating with 2 chick nests an 1 abandoned nest",
"2021","05/17/21 00:00:00","Bahia Grande C Central","BMR","Island with jetty perimeter","N","BCNH","Active Both Months","N","Complete coverage; incubating",
"2021","05/17/21 00:00:00","Bahia Grande C Central","BMR","Island with jetty perimeter","N","BRPE","Active Both Months","N","Complete coverage; roosting",
"2021","05/17/21 00:00:00","Bahia Grande C Central","BMR","Island with jetty perimeter","N","GBHE","Active Both Months","N","Complete coverage; incubating with 6 nests with chicks and 1 abandoned",
"2021","05/17/21 00:00:00","Bahia Grande C Central","BMR","Island with jetty perimeter","N","GREG","Active Both Months","N","Complete coverage; incubating with 1 chick nest and 1 abandoned nest",
"2021","05/17/21 00:00:00","Bahia Grande C Central","BMR","Island with jetty perimeter","N","LAGU","Active Both Months","N","Complete coverage; incubating with 1 abandoned nest",
"2021","05/17/21 00:00:00","Bahia Grande C Central","BMR","Island with jetty perimeter","N","REEG","Active Both Months","N","Complete coverage; incubating with 1 abandoned nest",
"2021","05/17/21 00:00:00","Bahia Grande C Central","BMR","Island with jetty perimeter","N","ROYT","Active Both Months","N","Complete coverage; incubating",
"2021","05/17/21 00:00:00","Bahia Grande C Central","BMR","Island with jetty perimeter","N","RUTU","N/A","N","Complete coverage; foraging",
"2021","05/17/21 00:00:00","Bahia Grande C Central","BMR","Island with jetty perimeter","N","SATE","Active Both Months","N","Complete coverage; incubating",
"2021","05/17/21 00:00:00","Bahia Grande C Central","BMR","Island with jetty perimeter","N","SNEG","Active Both Months","N","Complete coverage; incubating",
"2021","05/17/21 00:00:00","Bahia Grande C Central","BMR","Island with jetty perimeter","N","TRHE","Active Both Months","N","Complete coverage; incubating and 1 abandoned nest",
"2021","05/17/21 00:00:00","Bahia Grande C Central","BMR","Island with jetty perimeter","N","UNSB","N/A","N","Complete coverage; foraging",
"2021","06/20/21 00:00:00","Bahia Grande C Central","BMR","Island with jetty perimeter","N","BLSK","Formed by June","N","Complete coverage; incubating",
"2021","06/20/21 00:00:00","Bahia Grande C Central","BMR","Island with jetty perimeter","N","CATE","Formed by June","N","Complete coverage; incubating",
"2021","06/20/21 00:00:00","Bahia Grande C Central","BMR","Island with jetty perimeter","N","DCCO","N/A","N","Complete coverage; roosting",
"2021","06/20/21 00:00:00","Bahia Grande C Central","BMR","Island with jetty perimeter","N","GBTE","Formed by June","N","Complete coverage; incubating",
"2021","06/20/21 00:00:00","Bahia Grande C Central","BMR","Island with jetty perimeter","N","ROSP","Formed by June","N","Complete coverage; incubating",
"2021","06/20/21 00:00:00","Bahia Grande C Central","BMR","Island with jetty perimeter","N","WHIB","Formed by June","N","Complete coverage; incubating",
"2021","05/17/21 00:00:00","Green Island Spoils A","BMR","Spoil island","N","CATE","Active Both Months","N","Complete coverage; Incubating and chick nests; Chicked out in June",
"2021","05/17/21 00:00:00","Green Island Spoils A","BMR","Spoil island","N","LAGU","Active Both Months","N","Complete coverage; incubating; chicks in June",
"2021","05/17/21 00:00:00","Green Island Spoils A","BMR","Spoil island","N","RUTU","N/A","N","Complete coverage; foraging",
"2021","05/17/21 00:00:00","Green Island Spoils A","BMR","Spoil island","N","BRPE","N/A","N","Complete coverage; roosting",
"2021","05/17/21 00:00:00","Green Island Spoils A","BMR","Spoil island","N","DCCO","N/A","N","Complete coverage; roosting",
"2021","05/17/21 00:00:00","Green Island Spoils B","BMR","Spoil island","N","BLSK","Abandoned by June","N","Complete coverage; birds paired up with only 1 site incubating; gone by June",
"2021","05/17/21 00:00:00","Green Island Spoils B","BMR","Spoil island","N","GBTE","Active Both Months","N","Complete coverage; incubating; no chicks in June with some birds still incubating",
"2021","05/17/21 00:00:00","Green Island Spoils B","BMR","Spoil island","N","GBHE","Active Both Months","Y","Complete coverage; incubating with some chick nests and chicks without attending adult",
"2021","05/17/21 00:00:00","Green Island Spoils B","BMR","Spoil island","N","REEG","Active Both Months","Y","Complete coverage; incubating",
"2021","06/20/21 00:00:00","Green Island Spoils B","BMR","Spoil island","N","LAGU","Active Both Months","N","Complete coverage; incubating",
"2021","06/20/21 00:00:00","Green Island Spoils B","BMR","Spoil island","N","REEG","Active Both Months","Y","Complete coverage; incubating",
"2021","06/20/21 00:00:00","Green Island Spoils B","BMR","Spoil island","N","GBHE","Active Both Months","Y","Complete coverage; incubating",
"2021","05/17/21 00:00:00","Green Island Spoils C","BMR","Spoil island","N","LAGU","Active Both Months","Y","Complete coverage; incubating; counted areas with camera 1 coverage in May; chicks in June",
"2021","05/17/21 00:00:00","Green Island Spoils C","BMR","Spoil island","N","GBTE","Active Both Months","Y","Complete coverage; incubating; counted areas with camera 1 coverage in May; only 2 adults with chicks in June",
"2021","05/17/21 00:00:00","Green Island Spoils C","BMR","Spoil island","N","GBHE","Active Both Months","Y","Complete coverage; incubating with 1 chick nest; counted areas with camera 1 coverage in May",
"2021","05/17/21 00:00:00","Green Island Spoils C","BMR","Spoil island","N","BRPE","N/A","N","Complete coverage; roosting",
"2021","05/17/21 00:00:00","Green Island Spoils C","BMR","Spoil island","N","RUTU","N/A","N","Complete coverage; foraging",
"2021","06/20/21 00:00:00","Green Island Spoils C","BMR","Spoil island","N","LAGU","Active Both Months","Y","Complete coverage; incubating with 9 adults with chicks; counted areas without May camera 1 coverage",
"2021","06/20/21 00:00:00","Green Island Spoils C","BMR","Spoil island","N","REEG","Formed by June","N","Complete coverage; incubating; no camera 1 coverage in May and camera 2 undottable; counted areas without May camera 1 coverage",
"2021","06/20/21 00:00:00","Green Island Spoils C","BMR","Spoil island","N","GBHE","Active Both Months","Y","Complete coverage; 3 sites incubating; chicks; no camera 1 coverage in May and camera 2 undottable; counted areas without May camera 1 coverage",
"2021","06/20/21 00:00:00","Green Island Spoils C","BMR","Spoil island","N","BLSK","Formed by June","N","Complete coverage; incubating with 3 abandoned nests",
"2021","06/20/21 00:00:00","Green Island Spoils C","BMR","Spoil island","N","GBTE","Active Both Months","Y","Complete coverage; incubating; no camera 1 coverage in May and camera 2 undottable; counted areas without May camera 1 coverage; new sites not seen in May",
"2021","05/17/21 00:00:00","Green Island Spoils D","BMR","Spoil island","N","LAGU","Active Both Months","N","Complete coverage; incubating; chicks in June",
"2021","05/17/21 00:00:00","Green Island Spoils D","BMR","Spoil island","N","GBHE","Active Both Months","Y","Complete coverage; mostly nests with chicks",
"2021","05/17/21 00:00:00","Green Island Spoils D","BMR","Spoil island","N","REEG","Active Both Months","Y","Complete coverage; incubating",
"2021","06/20/21 00:00:00","Green Island Spoils D","BMR","Spoil island","N","GBHE","Active Both Months","Y","Complete coverage; new site in June; incubating",
"2021","06/20/21 00:00:00","Green Island Spoils D","BMR","Spoil island","N","REEG","Active Both Months","Y","Complete coverage; incubating; new sites in June",
"2021","05/17/21 00:00:00","Green Island Spoils E","BMR","Spoil island","N","BRPE","N/A","N","Complete coverage; roosting",
"2021","05/17/21 00:00:00","Green Island Spoils E","BMR","Spoil island","N","LAGU","Active Both Months","N","Complete coverage; incubating; chicks in June",
"2021","06/20/21 00:00:00","Green Island Spoils E","BMR","Spoil island","N","CATE","Active Both Months","N","Complete coverage; incubating",
"2021","06/20/21 00:00:00","Green Island Spoils E","BMR","Spoil island","N","ROYT","Formed by June","N","Complete coverage; incubating",
"2021","05/17/21 00:00:00","Green Island Spoils F","BMR","Spoil island","N","BLSK","Abandoned by June","N","Complete coverage; Mostly birds with few territories and 3 sites; no chicks in June",
"2021","05/17/21 00:00:00","Green Island Spoils F","BMR","Spoil island","N","CATE","Active Both Months","Y","Complete coverage; incubating with 8 chick nests; chicks in June",
"2021","05/17/21 00:00:00","Green Island Spoils F","BMR","Spoil island","N","GBHE","Active Both Months","Y","Complete coverage; incubating and chicks present",
"2021","05/17/21 00:00:00","Green Island Spoils F","BMR","Spoil island","N","GBTE","Abandoned by June","N","Complete coverage; incubating; no chicks in June",
"2021","05/17/21 00:00:00","Green Island Spoils F","BMR","Spoil island","N","HERG","N/A","N","Complete coverage; 1 bird observed in May but not present in June",
"2021","05/17/21 00:00:00","Green Island Spoils F","BMR","Spoil island","N","LAGU","Active Both Months","N","Complete coverage; incubating; chicks in June",
"2021","05/17/21 00:00:00","Green Island Spoils F","BMR","Spoil island","N","UNSB","N/A","N","Complete coverage; foraging",
"2021","06/20/21 00:00:00","Green Island Spoils F","BMR","Spoil island","N","CATE","Active Both Months","Y","Complete coverage; incubating; new sites in June not present in May",
"2021","06/20/21 00:00:00","Green Island Spoils F","BMR","Spoil island","N","GBHE","Active Both Months","Y","Complete coverage; incubating; new sites in June not present in May",
"2021","06/20/21 00:00:00","Green Island Spoils F","BMR","Spoil island","N","REEG","Formed by June","N","Complete coverage; incubating",
"2021","05/17/21 00:00:00","Green Island Spoils G","BMR","Spoil island","N","BRPE","N/A","N","Complete coverage; roosting",
"2021","05/17/21 00:00:00","Green Island Spoils G","BMR","Spoil island","N","FOTE","N/A","N","Complete coverage; roosting",
"2021","05/17/21 00:00:00","Green Island Spoils G","BMR","Spoil island","N","GBHE","Active Both Months","N","Complete coverage; incubating and chicks present",
"2021","05/17/21 00:00:00","Green Island Spoils G","BMR","Spoil island","N","GBTE","Active Both Months","Y","Complete coverage; incubating; dotted areas with better breeding bird estimates in May",
"2021","05/17/21 00:00:00","Green Island Spoils G","BMR","Spoil island","N","LAGU","Active Both Months","N","Complete coverage; incubating; chicks in June",
"2021","05/17/21 00:00:00","Green Island Spoils G","BMR","Spoil island","N","ROYT","Active Both Months","Y","Complete coverage; incubating; dotted areas with more sites in May; chicked out in June",
"2021","05/17/21 00:00:00","Green Island Spoils G","BMR","Spoil island","N","SATE","Active Both Months","N","Complete coverage; incuabting; chicked out in June",
"2021","06/20/21 00:00:00","Green Island Spoils G","BMR","Spoil island","N","BLSK","Formed by June","N","Complete coverage; incubating",
"2021","06/20/21 00:00:00","Green Island Spoils G","BMR","Spoil island","N","CATE","Formed by June","N","Complete coverage; incuabting with 3 chick nests; not present in May",
"2021","06/20/21 00:00:00","Green Island Spoils G","BMR","Spoil island","N","GBTE","Active Both Months","Y","Complete coverage; incuabting; dotted areas with better breeding bird estimates in June",
"2021","06/20/21 00:00:00","Green Island Spoils G","BMR","Spoil island","N","ROYT","Active Both Months","Y","Complete coverage; incubating; dotted area with better breeding bird estimates in June; new sites not present in May",
"2021","05/17/21 00:00:00","Green Island Spoils H","BMR","Spoil island","N","BLSK","N/A","N","Complete coverage; roosting",
"2021","05/17/21 00:00:00","Green Island Spoils H","BMR","Spoil island","N","CATE","Active Both Months","N","Complete coverage; incubating and chicks present",
"2021","05/17/21 00:00:00","Green Island Spoils H","BMR","Spoil island","N","LAGU","Active Both Months","N","Complete coverage; incubating; chicks in June",
"2021","05/17/21 00:00:00","Green Island Spoils I","BMR","Spoil island","N","BLSK","N/A","N","Complete coverge; roosting",
"2021","05/17/21 00:00:00","Green Island Spoils I","BMR","Spoil island","N","LAGU","Active Both Months","N","Complete coverage; incubating; chicks in June",
"2021","05/17/21 00:00:00","Green Island Spoils I","BMR","Spoil island","N","ROYT","Active Both Months","N","Complete coverage; incubating; chicks in June",
"2021","05/17/21 00:00:00","Green Island Spoils I","BMR","Spoil island","N","RUTU","N/A","N","Complete coverage; foraging",
"2021","05/17/21 00:00:00","Green Island Spoils B","BMR","Spoil island","N","BBWD","N/A","N","Complete coverage; roosting",
"2021","05/17/21 00:00:00","Green Island Spoils J","BMR","Spoil island","N","LAGU","Active Both Months","N","Complete coverage; incubating; chicks in June",
"2021","05/17/21 00:00:00","Green Island Spoils J","BMR","Spoil island","N","ROYT","Active Both Months","N","Complete coverage; incubating; chicks in June",
"2021","05/17/21 00:00:00","Green Island Spoils J","BMR","Spoil island","N","SATE","Active Both Months","N","Complete coverage; incubating; chicks in June",
"2021","05/17/21 00:00:00","Green Island Spoils K","BMR","Spoil island","N","GBTE","Active Both Months","N","Complete coverage; incubating",
"2021","05/17/21 00:00:00","Green Island Spoils K","BMR","Spoil island","N","LAGU","Active Both Months","N","Complete coverage; incubating; chicks in June",
"2021","05/17/21 00:00:00","Green Island Spoils K","BMR","Spoil island","N","ROYT","Active Both Months","N","Complete coverage; incubating; chicks in June",
"2021","05/17/21 00:00:00","Green Island Spoils K","BMR","Spoil island","N","RUTU","N/A","N","Complete coverage; foraging",
"2021","05/17/21 00:00:00","Green Island Spoils K","BMR","Spoil island","N","UNSB","N/A","N","Complete coverage; foraging",
"2021","06/20/21 00:00:00","Green Island Spoils K","BMR","Spoil island","N","BLSK","Formed by June","N","Complete coverage; incubating; pre-breeding in May",
"2021","06/20/21 00:00:00","Green Island Spoils K","BMR","Spoil island","N","BRPE","Formed by June","N","Complete coverage; incubating",
"2021","06/20/21 00:00:00","Green Island Spoils K","BMR","Spoil island","N","GBHE","N/A","N","Complete coverage; foraging",
"2021","05/17/21 00:00:00","Tern Island","BMR","Island with jetty perimeter","N","BRPE","N/A","N","Complete coverage; roosting",
"2021","05/17/21 00:00:00","Tern Island","BMR","Island with jetty perimeter","N","GBHE","Active Both Months","N","Complete coverage; incubating and chicks present",
"2021","05/17/21 00:00:00","Tern Island","BMR","Island with jetty perimeter","N","GREG","Active Both Months","N","Complete coverage; incubating and chicks present",
"2021","05/17/21 00:00:00","Tern Island","BMR","Island with jetty perimeter","N","LAGU","Active Both Months","N","Complete coverage; incubating; chicks in June",
"2021","05/17/21 00:00:00","Tern Island","BMR","Island with jetty perimeter","N","RUTU","N/A","N","Complete coverage; foraging",
"2021","05/17/21 00:00:00","Tern Island","BMR","Island with jetty perimeter","N","SNEG","Active Both Months","N","Complete coverage; incubating; chicks in June",
"2021","06/20/21 00:00:00","Tern Island","BMR","Island with jetty perimeter","N","BCNH","Formed by June","N","Complete coverage; incubating",
"2021","06/20/21 00:00:00","Tern Island","BMR","Island with jetty perimeter","N","CAEG","Formed by June","N","Complete coverage; chick nest",
"2021","06/20/21 00:00:00","Tern Island","BMR","Island with jetty perimeter","N","ROSP","Formed by June","N","Complete coverage; incubating with 1 chick nest",
"2021","06/20/21 00:00:00","Tern Island","BMR","Island with jetty perimeter","N","TRHE","N/A","N","Complete coverage; foraging",
"2021","05/17/21 00:00:00","Green Island Spoils E","BMR","Spoil island","N","SOTE","Abandoned by June","N","Complete coverage; incubating",
"2021","05/17/21 00:00:00","Dressing Point","BMR","Spoil island with jetty perimeter","N","AWPE","N/A","N","Complete coverage; roosting",
"2021","05/17/21 00:00:00","Dressing Point","BMR","Spoil island with jetty perimeter","N","BRPE","Active Both Months","N","Complete coverage; incubating and chicks present; roosting",
"2021","05/17/21 00:00:00","Dressing Point","BMR","Spoil island with jetty perimeter","N","CATE","Active Both Months","N","Complete coverage; mostly incubating with a few chicks present",
"2021","05/17/21 00:00:00","Dressing Point","BMR","Spoil island with jetty perimeter","N","FUWD","N/A","N","Complete coverage; roosting",
"2021","05/17/21 00:00:00","Dressing Point","BMR","Spoil island with jetty perimeter","N","GBHE","Active Both Months","N","Complete coverage; incubating and chicks present",
"2021","05/17/21 00:00:00","Dressing Point","BMR","Spoil island with jetty perimeter","N","HERG","N/A","N","Complete coverage; roosting",
"2021","05/17/21 00:00:00","Dressing Point","BMR","Spoil island with jetty perimeter","N","LAGU","Active Both Months","N","Complete coverage; incubating; chicks in June",
"2021","05/17/21 00:00:00","Dressing Point","BMR","Spoil island with jetty perimeter","N","NECO","N/A","N","Complete coverage; roosting",
"2021","05/17/21 00:00:00","Dressing Point","BMR","Spoil island with jetty perimeter","N","ROYT","Active Both Months","N","Complete coverage; incubating; chicks in June",
"2021","05/17/21 00:00:00","Dressing Point","BMR","Spoil island with jetty perimeter","N","RUTU","N/A","N","Complete coverage; foraging",
"2021","05/17/21 00:00:00","Dressing Point","BMR","Spoil island with jetty perimeter","N","SATE","Active Both Months","N","Complete coverage; incubating; chicks in June",
"2021","05/17/21 00:00:00","Dressing Point","BMR","Spoil island with jetty perimeter","N","UNSB","N/A","N","Complete coverage; foraging",
"2021","06/20/21 00:00:00","Dressing Point","BMR","Spoil island with jetty perimeter","N","BCNH","Formed by June","N","Complete coverage; incubating with 4 chick nests present",
"2021","06/20/21 00:00:00","Dressing Point","BMR","Spoil island with jetty perimeter","N","BLSK","Formed by June","N","Complete coverage; incubating",
"2021","06/20/21 00:00:00","Dressing Point","BMR","Spoil island with jetty perimeter","N","GREG","Formed by June","N","Complete coverage; incubating and chicks present",
"2021","06/20/21 00:00:00","Dressing Point","BMR","Spoil island with jetty perimeter","N","REEG DM","Formed by June","N","Complete coverage; incubating with 1 chick nest present",
"2021","06/20/21 00:00:00","Dressing Point","BMR","Spoil island with jetty perimeter","N","REEG WM","Formed by June","N","Complete coverage; incubating",
"2021","06/20/21 00:00:00","Dressing Point","BMR","Spoil island with jetty perimeter","N","ROSP","Formed by June","N","Complete coverage; incubating",
"2021","06/20/21 00:00:00","Dressing Point","BMR","Spoil island with jetty perimeter","N","SNEG","Formed by June","N","Complete coverage; incubating and chicks present",
"2021","06/20/21 00:00:00","Dressing Point","BMR","Spoil island with jetty perimeter","N","TRHE","Formed by June","N","Complete coverage; incubating and chicks present",
"2021","05/18/21 00:00:00","Evia Island","BMR","Island with rock permiter","N","AMOY","N/A","N","Complete coverage; foraging",
"2021","05/18/21 00:00:00","Evia Island","BMR","Island with rock permiter","N","AWPE","N/A","N","Complete coverage; roosting",
"2021","05/18/21 00:00:00","Evia Island","BMR","Island with rock permiter","N","BCNH","N/A","N","Complete coverage; roositing",
"2021","05/18/21 00:00:00","Evia Island","BMR","Island with rock permiter","N","BRPE","Active Both Months","N","Complete coverage; incubating and chicks present",
"2021","05/18/21 00:00:00","Evia Island","BMR","Island with rock permiter","N","GBHE","Active Both Months","N","Complete coverage; incubating and chicks present",
"2021","05/18/21 00:00:00","Evia Island","BMR","Island with rock permiter","N","GREG","Active Both Months","N","Complete coverage; incubating and chicks present",
"2021","05/18/21 00:00:00","Evia Island","BMR","Island with rock permiter","N","LAGU","Active Both Months","N","Complete coverage; incubating; chicks present in June",
"2021","05/18/21 00:00:00","Evia Island","BMR","Island with rock permiter","N","NECO","Active Both Months","N","Complete coverage; incubating with 1 chick nest",
"2021","05/18/21 00:00:00","Evia Island","BMR","Island with rock permiter","N","REEG DM","Active Both Months","N","Complete coverage; incubating",
"2021","05/18/21 00:00:00","Evia Island","BMR","Island with rock permiter","N","ROSP","Active Both Months","N","Complete coverage; incubating; chicks in June",
"2021","05/18/21 00:00:00","Evia Island","BMR","Island with rock permiter","N","ROYT","Active Both Months","N","Complete coverage; incubating; chicks in June",
"2021","05/18/21 00:00:00","Evia Island","BMR","Island with rock permiter","N","RUTU","N/A","N","Complete coverage; foraging",
"2021","05/18/21 00:00:00","Evia Island","BMR","Island with rock permiter","N","SATE","Active Both Months","N","Complete coverage; incubating; chicks in June",
"2021","05/18/21 00:00:00","Evia Island","BMR","Island with rock permiter","N","SNEG","Active Both Months","N","Complete coverage; incubating with 2 chick nests present",
"2021","05/18/21 00:00:00","Evia Island","BMR","Island with rock permiter","N","WHIB","N/A","N","Complete coverage; foraging",
"2021","05/17/21 00:00:00","Shamrock Island","BMR","Island w beach perimeter and trees in center","N","AMOY","N/A","N","Complete coverage; foraging",
"2021","05/17/21 00:00:00","Shamrock Island","BMR","Island w beach perimeter and trees in center","N","BBWD","N/A","N","Complete coverage; foraging",
"2021","05/17/21 00:00:00","Shamrock Island","BMR","Island w beach perimeter and trees in center","N","BCNH","Active Both Months","N","Incomplete coverage, hard to quantify how many missed. Low photo quality also likley resulted in sites/birds missed; incubating",
"2021","05/17/21 00:00:00","Shamrock Island","BMR","Island w beach perimeter and trees in center","N","BRPE","Active Both Months","Y","Complete coverage; incubating and chicks present",
"2021","05/17/21 00:00:00","Shamrock Island","BMR","Island w beach perimeter and trees in center","N","CATE","Active Both Months","N","Complete coverage; incubating; chicks in June",
"2021","05/17/21 00:00:00","Shamrock Island","BMR","Island w beach perimeter and trees in center","N","DCCO","N/A","N","Incomplete coverage; hard to quantify how many birds missed; roosting",
"2021","05/17/21 00:00:00","Shamrock Island","BMR","Island w beach perimeter and trees in center","N","GBHE","Active Both Months","N","Incomplete coverage, approx 90%; incubating with chicks present",
"2021","05/17/21 00:00:00","Shamrock Island","BMR","Island w beach perimeter and trees in center","N","GREG","Active Both Months","N","Inomplete coverage, approx 90%, incubating with chicks present",
"2021","05/17/21 00:00:00","Shamrock Island","BMR","Island w beach perimeter and trees in center","N","LAGU","Active Both Months","N","Incomplete coverage, approx 90%; incubating; chicks in June",
"2021","05/17/21 00:00:00","Shamrock Island","BMR","Island w beach perimeter and trees in center","N","REEG DM","Active Both Months","N","Incomplete coverage, hard to quantify how many birds missed; poor photo quality likely resulted in sites/birds missed; incubating; chicks in June",
"2021","05/17/21 00:00:00","Shamrock Island","BMR","Island w beach perimeter and trees in center","N","REEG WM","Active Both Months","N","Incomplete coverage, hard to quantify how many birds missed; poor photo quality likely resulted in sites/birds missed; incubating; chicks in June",
"2021","05/17/21 00:00:00","Shamrock Island","BMR","Island w beach perimeter and trees in center","N","ROYT","Active Both Months","Y","Complete coverage; incubating; chicks in June",
"2021","05/17/21 00:00:00","Shamrock Island","BMR","Island w beach perimeter and trees in center","N","RUTU","N/A","N","Complete coverage; roosting",
"2021","05/17/21 00:00:00","Shamrock Island","BMR","Island w beach perimeter and trees in center","N","SATE","Active Both Months","Y","Complete coverage; incubating; chicks in June",
"2021","05/17/21 00:00:00","Shamrock Island","BMR","Island w beach perimeter and trees in center","N","SNEG","Active Both Months","N","Incomplete coverage; hard to quantify how many birds missed; poor photo quality also likely resulted in sites/birds missed; incubating with 3 chick nests present",
"2021","05/17/21 00:00:00","Shamrock Island","BMR","Island w beach perimeter and trees in center","N","SOTE","Active Both Months","N","Complete coverage; incubating",
"2021","05/17/21 00:00:00","Shamrock Island","BMR","Island w beach perimeter and trees in center","N","TRHE","Active Both Months","N","Incomplete coverage; hard to quantify how many birds missed; poor photo quality also likely resulted in sites/birds missed; incubating with some chick nests; more chicks in June",
"2021","05/17/21 00:00:00","Shamrock Island","BMR","Island w beach perimeter and trees in center","N","UNSB","N/A","N","Complete coverage; foraging",
"2021","05/17/21 00:00:00","Shamrock Island","BMR","Island w beach perimeter and trees in center","N","UNWW","Active Both Months","N","Incomplete coverage; hard to quantify how many birds missed; poor photo quality resulted in the use of UNWW class; sites/birds are either SNEG, WHIB, REEG WM",
"2021","06/20/21 00:00:00","Shamrock Island","BMR","Island w beach perimeter and trees in center","N","BLSK","Formed by June","N","Complete coverage; incubating",
"2021","06/20/21 00:00:00","Shamrock Island","BMR","Island w beach perimeter and trees in center","N","BRPE","Active Both Months","Y","Complete coverage; incubating with chicks present",
"2021","06/20/21 00:00:00","Shamrock Island","BMR","Island w beach perimeter and trees in center","N","GBTE","Formed by June","N","Complete coverage; incubating",
"2021","06/20/21 00:00:00","Shamrock Island","BMR","Island w beach perimeter and trees in center","N","LBHE","Formed by June","N","Complete coverage; incubating",
"2021","06/20/21 00:00:00","Shamrock Island","BMR","Island w beach perimeter and trees in center","N","ROSP","Formed by June","N","Complete coverage; incubating with chicks present",
"2021","06/20/21 00:00:00","Shamrock Island","BMR","Island w beach perimeter and trees in center","N","ROYT","Active Both Months","Y","Complete coverage; incubating",
"2021","06/20/21 00:00:00","Shamrock Island","BMR","Island w beach perimeter and trees in center","N","SATE","Active Both Months","Y","Complete coverage; incubating",
"2021","06/20/21 00:00:00","Shamrock Island","BMR","Island w beach perimeter and trees in center","N","SOTE","Active Both Months","N","Complete coverage; incubating",
"2021","06/20/21 00:00:00","Shamrock Island","BMR","Island w beach perimeter and trees in center","N","WHIB","Formed by June","N","Complete coverage; incubating with chicks present; sites/birds likley given UNWW tag due to poor photo quality",
"2021","06/20/21 00:00:00","Green Island","BMR","Spoil island with trees","N","BCNH","Active Both Months","N","complete coverage; incubating",
"2021","06/20/21 00:00:00","Green Island","BMR","Spoil island with trees","N","CAEG","Formed by June","N","complete coverage; incubating",
"2021","06/20/21 00:00:00","Green Island","BMR","Spoil island with trees","N","GBHE","Active Both Months","N","complete coverage; incubating with chicks present",
"2021","06/20/21 00:00:00","Green Island","BMR","Spoil island with trees","N","GREG","Active Both Months","N","complete coverage; incubating with chicks present",
"2021","06/20/21 00:00:00","Green Island","BMR","Spoil island with trees","N","LBHE","Active Both Months","N","complete coverage; incubating with 1 chick nest",
"2021","06/20/21 00:00:00","Green Island","BMR","Spoil island with trees","N","NECO","Active Both Months","N","complete coverage; incubating with chicks present",
"2021","06/20/21 00:00:00","Green Island","BMR","Spoil island with trees","N","REEG DM","Active Both Months","N","complete coverage; incubating with chicks present",
"2021","06/20/21 00:00:00","Green Island","BMR","Spoil island with trees","N","REEG WM","Active Both Months","N","complete coverage; incubating with chicks present",
"2021","06/20/21 00:00:00","Green Island","BMR","Spoil island with trees","N","ROSP","Active Both Months","N","complete coverage; incubating with chicks present",
"2021","06/20/21 00:00:00","Green Island","BMR","Spoil island with trees","N","SNEG","Active Both Months","N","complete coverage; incubating with chicks present",
"2021","06/20/21 00:00:00","Green Island","BMR","Spoil island with trees","N","TRHE","Active Both Months","N","complete coverage; incubating with 1 chick nest",
"2021","06/20/21 00:00:00","Green Island","BMR","Spoil island with trees","N","WHIB","Active Both Months","N","complete coverage; incubating with 1 chick nest",
"2021","05/22/21 00:00:00","Belle Pass East","EAM","pond with trees","N","TRHE","Active Both Months","Y","Excellent coverage. Additional active nests in June.",
"2021","05/22/21 00:00:00","Belle Pass East","EAM","pond with trees","N","AMOY","N/A","N","Foraging",
"2021","06/15/21 00:00:00","Cat Island","EAM","sand bar with vegetation","N","BRPE","N/A","N","Former colony roosting on island.",
"2021","05/24/21 00:00:00","Cat Island","EAM","sand bar with vegetation","N","ROYT/BLSK","Active Both Months","N","Excellent coverage. Some nest abandonment by June; likely nest failure.",
"2021","05/24/21 00:00:00","Cat Island","EAM","sand bar with vegetation","N","SATE/GBTE","Active Both Months","N","Excellent coverage. Only a few birds/nests on the island.",
"2021","05/24/21 00:00:00","Marsh Island","EAM","spoil island","N","LAGU","Active Both Months","N","95% coverage. Similar number of sites in June.",
"2021","05/24/21 00:00:00","Marsh Island","EAM","spoil island","N","WADE","Active Both Months","N","Excellent coverage. Large chicks and broods in June.",
"2021","05/24/21 00:00:00","Marsh Island","EAM","spoil island","N","ROYT/SATE","Active Both Months","N","Excellent coverage. Similar number of sites in June.",
"2021","05/24/21 00:00:00","Robinson Island","EAM","island with grass & trees","N","GBHE","Active Both Months","N","Complete coverage. Large chicks and juveniles in June.",
"2021","06/15/21 00:00:00","Robinson Island","EAM","island with grass & trees","N","OSPR","Formed by June","N",,
"2021","05/24/21 00:00:00","Walker Island","EAM","island w/ grass & sand bar","N","GBHE","Abandoned by May","N","Complete coverage. Four abandoned nests in May. No active nests in June.",
"2021","05/24/21 00:00:00","Lower Perdido Islands 1","EAM","island with grass & trees","N","N/A","N/A","N","Complete coverage. No nest sites in May or June.",
"2021","05/24/21 00:00:00","Lower Perdido Islands 2","EAM","island w/ grass & sand bar","N","N/A","N/A","N","Complete coverage. No nest sites in May or June.",
"2021","06/15/21 00:00:00","New Round Island","EAM","spoil island","N","FICR","N/A","N","No nest sites, foraging bird only.",
"2021","06/15/21 00:00:00","New Round Island","EAM","spoil island","N","BLSK/LETE","Formed by June","N","Complete coverage. Some birds pre-egg laying, no chicks observed.",
"2021","06/15/21 00:00:00","Old Round Island","EAM","island with grass & trees","N","OSPR","Not Inspected in May","N","No nest sites, foraging bird only.",
"2021","06/15/21 00:00:00","Old Round Island","EAM","island with grass & trees","N","GBHE","Not Inspected in May","N","Complete coverage. Large chicks and a couple empty nests.",
"2021","06/16/21 00:00:00","Brush Island","EAM","sandy island, interior flooded","N","BRPE","Active Both Months","Y","Territories in May, WBN in June. One nesting group on SW end of island, all others roosting.",
"2021","05/23/21 00:00:00","Brush Island","EAM","sandy island, interior flooded","N","BRPE","Active Both Months","Y","Territories in May, WBN in June. One nesting group on SW end of island, all others roosting.",
"2021","05/23/21 00:00:00","Brush Island","EAM","sandy island, interior flooded","N","DCCO","N/A","N","No nest sites, roosting birds only.",
"2021","05/23/21 00:00:00","Brush Island","EAM","sandy island, interior flooded","N","ROYT/SATE","Active Both Months","Y","On nest sites both months. May & June photos may both be within 30 day incubation period for some birds. Some birds moved to beach/roosting in June.",
"2021","06/16/21 00:00:00","Brush Island","EAM","sandy island, interior flooded","N","ROYT","Active Both Months","Y","Nest sites dotted in May. A few roosting/foraging birds dotted in June.",
"2021","06/16/21 00:00:00","Brush Island","EAM","sandy island, interior flooded","N","LAGU","Active Both Months","Y","Similar number of nest sites both months. May & June photos may both be within 27 day incubation period for some birds.",
"2021","05/23/21 00:00:00","Brush Island","EAM","sandy island, interior flooded","N","LAGU","Active Both Months","Y","Similar number of nest sites both months. May & June photos may both be within 27 day incubation period for some birds.",
"2021","06/16/21 00:00:00","Door Point Lagoon 1","EAM","sandy island, interior flooded","N","BRPE","Active Both Months","N","Complete coverage. More nest sites in June but some birds still pre-egg-laying.",
"2021","06/16/21 00:00:00","Door Point Lagoon 1","EAM","sandy island, interior flooded","N","LAGU","Active Both Months","N","Complete coverage. More nest sites in June.",
"2021","06/16/21 00:00:00","Door Point Lagoon 2","EAM","marsh island w/ sandy beach","N","AMOY/AWPE/ROYT/SATE/WHIB","N/A","N","No nest sites, foraging birds only.",
"2021","06/16/21 00:00:00","Door Point Lagoon 2","EAM","marsh island w/ sandy beach","N","TRHE","Formed by June","N","Only 1 nest observed.",
"2021","06/16/21 00:00:00","Door Point Lagoon 2","EAM","marsh island w/ sandy beach","N","BLSK/GBTE/LAGU","Active Both Months","N","Complete coverage. More nest sites in June. No chicks observed.",
"2021","06/16/21 00:00:00","Door Point Lagoon 2","EAM","marsh island w/ sandy beach","N","BRPE","Active Both Months","N","Complete coverage. Some territorial birds in May. More nest sites and territories in June. Nesting likely more established late June / early July.",
"2021","06/16/21 00:00:00","Biloxi North 7","EAM","marsh island w/ sandy beach","N","SNEG","Formed by June","N","Only 1 nest observed.",
"2021","06/16/21 00:00:00","Biloxi North 7","EAM","marsh island w/ sandy beach","N","LAGU","Active Both Months","N","Complete coverage. More nest sites in June. No chicks observed.",
"2021","06/16/21 00:00:00","Biloxi North 7","EAM","marsh island w/ sandy beach","N","BRPE","Formed by June","N","Complete coverage. Nesting, no chicks present.",
"2021","06/16/21 00:00:00","Biloxi North 8","EAM","grassy marsh island","N","LAGU","Active Both Months","N","Complete coverage. Only a few nests in May. No chicks.",
"2021","06/16/21 00:00:00","Biloxi North 8","EAM","grassy marsh island","N","BCNH/FOTE/GREG/TRHE","Formed by June","N","Complete coverage. Only a few nest sites, primarily at southern end of colony. No chicks.",
"2021","06/16/21 00:00:00","Biloxi North 8","EAM","grassy marsh island","N","SNEG/WHIB","N/A","N","No nest sites, foraging birds only.",
"2021","06/17/21 00:00:00","Biloxi North 18","EAM","marsh island w/ sandy beach","N","AWPE/BRPE","N/A","N","No nest sites, roosting birds only.",
"2021","06/17/21 00:00:00","Biloxi North 18","EAM","marsh island w/ sandy beach","N","TERN","Not Inspected in May","N","Complete coverage. Nesting, no chicks present.",
"2021","06/17/21 00:00:00","Biloxi North 18","EAM","marsh island w/ sandy beach","N","SNEG/TRHE","Not Inspected in May","N","Complete coverage. Nesting, no chicks present.",
"2021","06/17/21 00:00:00","Biloxi North 18","EAM","marsh island w/ sandy beach","N","LAGU","Not Inspected in May","N",">95% coverage. Nesting, no chicks present.",
"2021","06/16/21 00:00:00","Biloxi North 14","EAM","sandy island w/ grassy patches","N","BRPE","N/A","N","No nest sites, roosting birds only.",
"2021","06/16/21 00:00:00","Biloxi North 14","EAM","sandy island w/ grassy patches","N","LAGU","Active Both Months","N","95% coverage. Pre-egg-laying in May. Nesting in June, no chicks present.",
"2021","05/23/21 00:00:00","Biloxi North 38","EAM","marsh island w/ sandy beach","N","GREG","Active Both Months","N","Complete coverage. Large chicks by June.",
"2021","06/16/21 00:00:00","Biloxi North 38","EAM","marsh island w/ sandy beach","N","LAGU","Active Both Months","N",">95% coverage. Pre-egg-laying in May. Nesting in June, no chicks present.",
"2021","06/16/21 00:00:00","Biloxi North 38","EAM","marsh island w/ sandy beach","N","BRPE","Active Both Months","N","Complete coverage. Territories in May. More WBN in June. No chicks.",
"2021","06/16/21 00:00:00","Biloxi North 38","EAM","marsh island w/ sandy beach","N","BLSK/GBTE","Active Both Months","N","Complete coverage. Pre-egg-laying in May. Nesting in June, no chicks present.",
"2021","06/16/21 00:00:00","Biloxi North 38","EAM","marsh island w/ sandy beach","N","ROYT/SNEG/WHIB","N/A","N","No nest sites, foraging birds only.",
"2021","06/16/21 00:00:00","Biloxi North 38","EAM","marsh island w/ sandy beach","N","REEG DM/TRHE","Active Both Months","N","Complete coverage. Only a few nest sites. No chicks.",
"2021","06/16/21 00:00:00","Chandeleur South A","EAM","sand bar","N","TERN/LAGU","Active Both Months","N","Complete coverage. Pre-breeding in May. More nest sites in June. No chicks.",
"2021","06/16/21 00:00:00","Chandeleur South B","EAM","sand bar","N","BLSK/FOTE/GBTE","Active Both Months","N","Complete coverage. Pre-breeding in May. More nest sites in June. No chicks.",
"2021","06/16/21 00:00:00","Chandeleur South C","EAM","sand bar","N","TERN/LAGU","Active Both Months","N","Complete coverage. Pre-breeding in May. More nest sites in June. No chicks.",
"2021","06/16/21 00:00:00","Chandeleur South D","EAM","sand bar","N","TERN/LAGU","Active Both Months","N","Complete coverage. Pre-breeding in May. More nest sites in June. No chicks.",
"2021","06/17/21 00:00:00","Biloxi North 16","EAM","marsh island with shrubs","N","BRPE/ROYT","N/A","N","No nest sites, roosting birds only.",
"2021","06/17/21 00:00:00","Biloxi North 16","EAM","marsh island with shrubs","N","GREG/SNEG","Active Both Months","N","Complete coverage. More nest sites in June. Some chicks in June.",
"2021","06/17/21 00:00:00","Biloxi North 16","EAM","marsh island with shrubs","N","BLSK","Active Both Months","N","Complete coverage. Pre-breeding in May. No chicks in June.",
"2021","06/17/21 00:00:00","Biloxi North 16","EAM","marsh island with shrubs","N","BCNH/LAGU/ROSP/TRHE/WHIB","Active Both Months","N","Complete coverage. More nest sites in June. No chicks in June.",
"2021","05/24/21 00:00:00","Biloxi North 36","EAM","marsh island with shrubs","N","LAGU","Active Both Months","Y","Complete coverage. Nest sites both months. No chicks either month.","Colony comprised of 4 small islands. Northern and eastern islands surveyed in May. Central and southern islands surveyed in June."
"2021","06/17/21 00:00:00","Biloxi North 36","EAM","marsh island with shrubs","N","LAGU","Active Both Months","Y","Complete coverage. Nest sites both months. No chicks either month.",
"2021","05/24/21 00:00:00","Biloxi North 36","EAM","marsh island with shrubs","N","WHIB","N/A","Y","No nest sites, foraging birds only.","Colony comprised of 4 small islands. Northern and eastern islands surveyed in May. Central and southern islands surveyed in June."
"2021","06/17/21 00:00:00","Biloxi North 36","EAM","marsh island with shrubs","N","WHIB","N/A","Y","No nest sites, foraging birds only.",
"2021","06/17/21 00:00:00","Biloxi North 36","EAM","marsh island with shrubs","N","WADE","Formed by June","N","Complete coverage. No chicks in June.",
"2021","06/17/21 00:00:00","Biloxi North 40","EAM","marsh island with shrubs","N","WHIB","N/A","N","No nest sites, foraging birds only.",
"2021","06/17/21 00:00:00","Biloxi North 40","EAM","marsh island with shrubs","N","GREG/SNEG/TRHE","Formed by June","N","Complete coverage. No chicks in June.",
"2021","06/17/21 00:00:00","Biloxi North 40","EAM","marsh island with shrubs","N","LAGU","Active Both Months","N","Complete coverage. More nest sites in June. Pre-breeding birds in May.",
"2021","05/22/21 00:00:00","Beauregard Island","EAM","grassy marsh island","N","WADE","Active Both Months","N","Complete coverage. Chicked out by June.",
"2021","05/22/21 00:00:00","Beauregard Island","EAM","grassy marsh island","N","TRHE","Active Both Months","N","Complete coverage. Chicks in May. Chicked out by June.",
"2021","05/22/21 00:00:00","Beauregard Island","EAM","grassy marsh island","N","FOTE","Active Both Months","Y","Complete coverage of northern island of colony. Chicks in June.",
"2021","06/17/21 00:00:00","Beauregard Island","EAM","grassy marsh island","N","FOTE","Active Both Months","Y","Complete coverage of southern island of colony. Chicks in June.",
"2021","06/17/21 00:00:00","Beauregard Island","EAM","grassy marsh island","N","BLSK","Formed by June","N","Complete coverage. No chicks present.",
"2021","05/17/21 00:00:00","Black Skimmer Strip","EAM","man-made barrier island","N","WADE","Active Both Months","N","Complete coverage. Chicks in June.",
"2021","06/20/21 00:00:00","Black Skimmer Strip","EAM","man-made barrier island","N","ROYT/SATE","Active Both Months","N","Complete coverage. More nest sites in June. Some chicks and parents off nest.",
"2021","06/20/21 00:00:00","Black Skimmer Strip","EAM","man-made barrier island","N","TERN/BLSK/LAGU","Active Both Months","N","Complete coverage. More nest sites in June. No chicks.",
"2021","05/17/21 00:00:00","West Bay Mooring Facility","EAM","grassy marsh island","N","BLSK/CATE/WHIB","Abandoned by June","N","Complete coverage. A few WHIB sites in June. Some WHIB chicks in May; chicks may have fledged before June photos.",
"2021","05/17/21 00:00:00","West Bay Mooring Facility","EAM","grassy marsh island","N","FOTE","Active Both Months","N","Complete coverage. More nest sites in May. No chicks in June.",
"2021","05/17/21 00:00:00","West Bay Mooring Facility","EAM","grassy marsh island","N","NECO","Active Both Months","Y","Complete coverage. Only roosting birds in May.",
"2021","05/17/21 00:00:00","West Bay Mooring Facility","EAM","grassy marsh island","N","ROYT/SATE","Active Both Months","N","Complete coverage. Chicked out by June.",
"2021","06/20/21 00:00:00","West Bay Mooring Facility","EAM","grassy marsh island","N","NECO","Active Both Months","Y","Complete coverage. Only 1 nest site.",
"2021","06/20/21 00:00:00","West Bay Mooring Facility","EAM","grassy marsh island","N","BCNH","Active Both Months","N","Complete coverage. Only 2 nest sites.",
"2021","06/20/21 00:00:00","West Bay Mooring Facility","EAM","grassy marsh island","N","CAEG","N/A","N","Complete coverage. Roosting birds only, no nest sites.",
"2021","06/20/21 00:00:00","West Bay Mooring Facility","EAM","grassy marsh island","N","GBHE/GREG/SNEG/LAGU","Active Both Months","N","Complete coverage. More nest sites in June. Chicks in June.",
"2021","06/20/21 00:00:00","West Bay Mooring Facility","EAM","grassy marsh island","N","LAGU/REEG","Active Both Months","N","Complete coverage. More nest sites in June. No chicks in June.",
"2021","05/17/21 00:00:00","Pelican Island Spoil A","EAM","spoil island with shrubs","N","N/A","N/A","N","Complete coverage. No nest sites in May or June.",
"2021","06/20/21 00:00:00","Pelican Island Spoil A","EAM","spoil island with shrubs","N","N/A","N/A","N","Complete coverage. No nest sites in May or June.",
"2021","05/17/21 00:00:00","Pelican Island Spoil B","EAM","spoil island with shrubs","N","BRPE/REEG/WHIB","N/A","N","Complete coverage. No nest sites. Roosting birds only.",
"2021","05/17/21 00:00:00","Pelican Island Spoil B","EAM","spoil island with shrubs","N","GBHE/GREG","Active Both Months","N","Complete coverage. Chicks in May. Some chicks off nest in June.",
"2021","05/17/21 00:00:00","Pelican Island Spoil B","EAM","spoil island with shrubs","N","BCNH/CAEG/ROSP/SNEG/TRHE","Active Both Months","N","Complete coverage. No chicks in May. Some empty nests in June.",
"2021","05/18/21 00:00:00","Trinity River Mouth","EAM","shrubby island","N","N/A","N/A","N","Complete coverage. No nest sites in May or June.",
"2021","06/18/21 00:00:00","Trinity River Mouth","EAM","shrubby island","N","N/A","N/A","N","Complete coverage. No nest sites in May or June.",
"2021","06/18/21 00:00:00","Mayes Lake North","EAM","shrubby island","N","NECO","N/A","N","No nest sites, roosting bird only.",
"2021","06/18/21 00:00:00","Mayes Lake North","EAM","shrubby island","N","LBHE","Active Both Months","N","Complete coverage. No chicks in June.",
"2021","06/18/21 00:00:00","Mayes Lake North","EAM","shrubby island","N","CAEG/ROSP/SNEG/TRHE","Active Both Months","N","Complete coverage. Some chicks off nest.",
"2021","05/17/21 00:00:00","Nolan Ryan Marsh","EAM","grassy marsh island","N","ANHI/GBHE/GLIB","Active Both Months","N","Complete coverage. Fewer than 10 nest sites. GBHE chicks in May.",
"2021","05/17/21 00:00:00","Nolan Ryan Marsh","EAM","grassy marsh island","N","GRHE","N/A","N","Complete coverage. No nest sites. Roosting birds only.",
"2021","05/17/21 00:00:00","Nolan Ryan Marsh","EAM","grassy marsh island","N","WADE/ROSP","Active Both Months","N","Complete coverage. Chicks in May. Large chicks or chicked out by June.",
"2021","05/17/21 00:00:00","Nolan Ryan Marsh","EAM","grassy marsh island","N","WHIB","Active Both Months","N","Complete coverage. No chicks in May.",
"2021","05/22/21 00:00:00","Birdsfoot West 6 B","EAM","mangroves","N","MAFR","Not Inspected in June","N","No nest sites. Roosting birds only.",
"2021","05/22/21 00:00:00","Birdsfoot West 6 A","EAM","mangroves","N","ANHI/GREG/NECO","Active Both Months","N","Complete coverage. Some chicks in May. Large chicks / chicked out in June.",
"2021","06/18/21 00:00:00","Point au Fer","EAM","spoil island","N","BLSK/GBTE","Not Inspected in May","N","Excellent coverage. Nesting, no chicks present.",
"2021","06/18/21 00:00:00","Point au Fer","EAM","spoil island","N","LETE","Not Inspected in May","N","Excellent coverage. Nesting, no chicks present.",
"2021","06/18/21 00:00:00","Point au Fer","EAM","spoil island","N","ROYT/SATE/LAGU","Not Inspected in May","N","Excellent coverage. Not breeding in June, no chicks present.",
"2021","05/20/21 00:00:00","Heron Island","EAM","marsh island with trees","N","ANHI/NECO","Active Both Months","N","Excellent coverage. Some chicks in May. Chicked out by June.",
"2021","05/20/21 00:00:00","Heron Island","EAM","marsh island with trees","N","WADE","Active Both Months","N","Excellent coverage. Some chicks in May. Chicked out by June.",
"2021","06/19/21 00:00:00","Belle Pass Pond","EAM","pond with trees","N","BCNH/GBHE/WHIB","Not Inspected in May","N","No nest sites, foraging birds only.",
"2021","06/19/21 00:00:00","Belle Pass Pond","EAM","pond with trees","N","ROSP","Not Inspected in May","N","Excellent coverage. No nest sites, juveniles in June.",
"2021","06/19/21 00:00:00","Belle Pass Pond","EAM","pond with trees","N","GREG/SNEG/TRHE","Not Inspected in May","N","Excellent coverage. Both egg and chick nests in June.",
"2021","06/19/21 00:00:00","Belle Pass East","EAM","pond with trees","N","TRHE","Active Both Months","Y","Excellent coverage. Nests built in May but birds not on nests until June.",
"2021","05/22/21 00:00:00","Belle Pass East","EAM","pond with trees","N","GREG","Active Both Months","N","Excellent coverage. Bigger chicks in June.",
"2021","05/20/21 00:00:00","Bird Island East","EAM","spoil island","N","WADE","Active Both Months","Y","Excellent coverage. Nests not abondoned by June. Chicks and broods in June.","Northern half of island dotted in May. Southern half of island dotted in June."
"2021","05/20/21 00:00:00","Bird Island East","EAM","spoil island","N","LAGU","N/A","N","No nest sites, foraging birds only.",
"2021","05/20/21 00:00:00","Bird Island East","EAM","spoil island","N","BNST","N/A","N","No nest sites, foraging birds only.",
"2021","06/18/21 00:00:00","Bird Island East","EAM","spoil island","N","WADE","Active Both Months","Y","Excellent coverage. Nests not abondoned by June. Chicks and broods in June.","Northern half of island dotted in May. Southern half of island dotted in June."
"2021","06/18/21 00:00:00","Bird Island East","EAM","spoil island","N","FOTE","Formed by June","N",,
"2021","05/23/21 00:00:00","Biloxi North 5","EAE","grass and sand","N","BLSK","Abandoned by June","N","lots on dimples in june images that were not evident in May (probably due to angle of sun)","better coverage in may than in june"
"2021","05/23/21 00:00:00","Biloxi North 5","EAE","grass and sand","N","DCCO",,"N","no evidence of breeding","better coverage in may than in june"
"2021","05/23/21 00:00:00","Biloxi North 5","EAE","grass and sand","N","FOTE",,"N","no evidence of breeding","better coverage in may than in june"
"2021","05/23/21 00:00:00","Biloxi North 5","EAE","grass and sand","N","LAGU","Active Both Months","N",,"better coverage in may than in june"
"2021","05/23/21 00:00:00","Biloxi North 5","EAE","grass and sand","N","OSPR",,"N","no evidence of breeding","better coverage in may than in june"
"2021","05/23/21 00:00:00","Biloxi North 5","EAE","grass and sand","N","ROYT",,"N","no evidence of breeding","better coverage in may than in june"
"2021","05/23/21 00:00:00","Biloxi North 5","EAE","grass and sand","N","WHIB",,"N","no evidence of breeding","better coverage in may than in june"
"2021","06/16/21 00:00:00","Biloxi North 5","EAE","grass and sand","N","AWPE",,"N","no evidence of breeding","better coverage in may than in june"
"2021","06/16/21 00:00:00","Biloxi North 5","EAE","grass and sand","N","BRPE",,"N","no evidence of breeding","better coverage in may than in june"
"2021","06/16/21 00:00:00","Biloxi North 5","EAE","grass and sand","N","RUTU",,"N","no evidence of breeding","better coverage in may than in june"
"2021","06/16/21 00:00:00","Biloxi North 13","EAE","grass and sand","N","BRPE",,"N","no evidence of breeding",
"2021","06/16/21 00:00:00","Biloxi North 13","EAE","grass and sand","N","CATE","Formed by June","N","nesting","chose June because terns and Trikes were not present in May."
"2021","06/16/21 00:00:00","Biloxi North 13","EAE","grass and sand","N","LAGU","Active Both Months","N","nesting","chose June because terns and Trikes were not present in May."
"2021","06/16/21 00:00:00","Biloxi North 13","EAE","grass and sand","N","ROYT","Formed by June","N","nesting","chose June because terns and Trikes were not present in May."
"2021","06/16/21 00:00:00","Biloxi North 13","EAE","grass and sand","N","TRHE","Formed by June","N","nesting","chose June because terns and Trikes were not present in May."
"2021","06/16/21 00:00:00","Biloxi North 13","EAE","grass and sand","N","WHIB","Formed by June","N","nesting","chose June because terns and Trikes were not present in May."
"2021","06/16/21 00:00:00","Breton Island","EAE","grass and sand and mangroves","N","AMCO",,"N","no evidence of breeding","chose June because skimmers but mostly because May had backlight birds in poor lighting."
"2021","06/16/21 00:00:00","Breton Island","EAE","grass and sand and mangroves","N","BCNH","Not Inspected in May","N","nesting",
"2021","06/16/21 00:00:00","Breton Island","EAE","grass and sand and mangroves","N","BLSK","Formed by June","N",,"skimmers were flocked up but hadnt nested yet"
"2021","06/16/21 00:00:00","Breton Island","EAE","grass and sand and mangroves","N","BRPE","Active Both Months","N",,"almost all were on nestings"
"2021","06/16/21 00:00:00","Breton Island","EAE","grass and sand and mangroves","N","CAEG",,"N","no evidence of breeding",
"2021","06/16/21 00:00:00","Breton Island","EAE","grass and sand and mangroves","N","CATE",,"N","no evidence of breeding",
"2021","06/16/21 00:00:00","Breton Island","EAE","grass and sand and mangroves","N","GBTE","Formed by June","N",,"with nesting skimmer as usual"
"2021","06/16/21 00:00:00","Breton Island","EAE","grass and sand and mangroves","N","LAGU","Active Both Months","N",,
"2021","06/16/21 00:00:00","Breton Island","EAE","grass and sand and mangroves","N","TRHE",,"N","no evidence of breeding",
"2021","06/18/21 00:00:00","Felicity Island","KLC","Herbaceous cover, Shrubs, Sandy beach","N","BRPE","Active Both Months","N","Nesting in herbaceous layer and shrubs, chicks visible, high nesting success, nests evenly-distributed, small number of territories and PBN"," 100% coverage; >50% island covered in water; late nesting timing for all species"
"2021","06/18/21 00:00:00","Felicity Island","KLC","Herbaceous cover, Shrubs, Sandy beach","N","LAGU","Active Both Months","N","Established nests late, preferred habitat herbaceous layer with open mosaic, most individuals in incubation posture"," 100% coverage; >50% island covered in water; late nesting timing for all species"
"2021","06/18/21 00:00:00","Felicity Island","KLC","Herbaceous cover, Shrubs, Sandy beach","N","TRHE","Formed by June","N","Small number of TRHE nesting in habitat herbaceous layer, individuals in incubation posture"," 100% coverage; >50% island covered in water; late nesting timing for all species"
"2021","06/18/21 00:00:00","Felicity Island","KLC","Herbaceous cover, Shrubs, Sandy beach","N","BCNH","Active Both Months","N","Small number of nests in habitat herbaceous layer, individuals in incubation posture"," 100% coverage; >50% island covered in water; late nesting timing for all species"
"2021","06/18/21 00:00:00","Felicity Island","KLC","Herbaceous cover, Shrubs, Sandy beach","N","GREG","Active Both Months","N","Nests in shrub layer, individuals in incubation posture, some chicks visible and without adults, older chicks present"," 100% coverage; >50% island covered in water; late nesting timing for all species"
"2021","06/18/21 00:00:00","Felicity Island","KLC","Herbaceous cover, Shrubs, Sandy beach","N","SNEG","Formed by June","N","Nests in herbaceous layer, individuals in incubation posture, no chicks visible"," 100% coverage; >50% island covered in water; late nesting timing for all species"
"2021","06/18/21 00:00:00","Felicity Island","KLC","Herbaceous cover, Shrubs, Sandy beach","N","ROYT","Active Both Months","N","Nests on sandy beach in dense formation, majority of individuals in incubation posture, reproductive success"," 100% coverage; >50% island covered in water; late nesting timing for all species"
"2021","06/18/21 00:00:00","Felicity Island","KLC","Herbaceous cover, Shrubs, Sandy beach","N","SATE","Formed by June","N","Approximately a dozen nests scattered between ROYT nests on beach, incubation posture, reproductive success unknown "," 100% coverage; >50% island covered in water; late nesting timing for all species"
"2021","06/17/21 00:00:00","Redfish Bend","KLC","Herbaceous cover, Shrubs, Sandy beach","N","BRPE",,"N","Numerous roosting individuals on beach and in sparse vegetation, no nesting behaviors or reproductive success observed"," 100% coverage"
"2021","06/17/21 00:00:00","Redfish Bend","KLC","Herbaceous cover, Shrubs, Sandy beach","N","LAGU","Active Both Months","N","Nests along edge habitat on beaches and in sparse vegetation, incubation postures, reproductive success unknown"," 100% coverage"
"2021","06/17/21 00:00:00","Redfish Bend","KLC","Herbaceous cover, Shrubs, Sandy beach","N","CATE","Formed by June","N","Few nests on beach, loose association with ROYT colony, preferred habitat is sandy substrate with sparse vegetation, sporadic distribution, reproductive success unknown"," 100% coverage"
"2021","06/17/21 00:00:00","Redfish Bend","KLC","Herbaceous cover, Shrubs, Sandy beach","N","DCCO",,"N","One individual roosting on beach; no nesting behaviors observed"," 100% coverage"
"2021","06/17/21 00:00:00","Redfish Bend","KLC","Herbaceous cover, Shrubs, Sandy beach","N","ROYT","Formed by June","N","One large colony on beach plus a few other isolated nests, numerous roosting individuals, loosely associated with CATE"," 100% coverage"
"2021","06/17/21 00:00:00","Redfish Bend","KLC","Herbaceous cover, Shrubs, Sandy beach","N","RUTU",,"N","Two roosting individuals present on beach"," 100% coverage"
"2021","06/17/21 00:00:00","Redfish Bend","KLC","Herbaceous cover, Shrubs, Sandy beach","N","AWPE ",,"N","Roosting only"," 100% coverage"
"2021","05/23/21 00:00:00","Redfish Bend","KLC","Herbaceous cover, Shrubs, Sandy beach","N","BLSK","Abandoned by June","N","Small number of individuals in incuation posture on sandy beach, reproductive success unknown"," 100% coverage"
"2021","06/17/21 00:00:00","Mink Island","KLC","Herbaceous, Sandy beach","N","BRPE",,"N","Roosting individuals on beach, no nesting behaviors observed"," 100% coverage"
"2021","06/17/21 00:00:00","Mink Island","KLC","Herbaceous, Sandy beach","N","LAGU","Active Both Months","N","Small numer of nests, incubation posture, reproductive success unknown"," 100% coverage"
"2021","06/17/21 00:00:00","Mink Island","KLC","Herbaceous, Sandy beach","N","ROYT",,"N","Roosting only, no nesting behaviors"," 100% coverage"
"2021","05/22/21 00:00:00","Birdsfoot East 4 B","KLC","Herbaceous, Shrubs","N","GREG","Not Inspected in June","N","Nesting in shrubs, reproductive success, large chicks visible"," 100% coverage"
"2021","05/22/21 00:00:00","Birdsfoot East 4 B","KLC","Herbaceous, Shrubs","N","ROSP","Not Inspected in June","N","Nesting in shrubs, reproductive success, chicks visible"," 100% coverage"
"2021","05/22/21 00:00:00","Birdsfoot East 4 B","KLC","Herbaceous, Shrubs","N","BCNH","Not Inspected in June","N","One roosting individual; no nesting behaviors observed"," 100% coverage"
"2018","05/19/18 00:00:00","Belle Isle","KLC","Beach, grassy, marsh, shrubs","N","LAGU",,"N","95% coverage. Large colony. Over half individuals in incubation posture. Highest concentrations nesting along wrack line, periphery of island, and edge habitat.",
"2018","05/19/18 00:00:00","Belle Isle","KLC","Beach, grassy, marsh, shrubs","N","TRHE",,"N","95% coverage. Large colony. Interspersed and primarily solitary TRHE in the interior of island. Incubation posture. Nest in close proximity to WHIB.",
"2018","05/19/18 00:00:00","Belle Isle","KLC","Beach, grassy, marsh, shrubs","N","SNEG",,"N","95% coverage. Sparse and solitary SNEG nesters in incubation posture.",
"2018","05/19/18 00:00:00","Belle Isle","KLC","Beach, grassy, marsh, shrubs","N","FOTE",,"N","95% coverage. Large colony. Majority FOTE in incubation posture, nesting on wrack lines exclusively.",
"2018","05/19/18 00:00:00","Belle Isle","KLC","Beach, grassy, marsh, shrubs","N","WHIB",,"N","95% coverage. Large colony. WHIB in incubation posture, interspersed with TRHE and BRPE nests. Higher concentrations adjacent to interior water features. Nests with fledged chicks on the WSW side of the island.",
"2018","05/19/18 00:00:00","Belle Isle","KLC","Beach, grassy, marsh, shrubs","N","LBHE",,"N","95% coverage. Presence only; no nesting. One individual in marsh.",
"2018","05/19/18 00:00:00","Belle Isle","KLC","Beach, grassy, marsh, shrubs","N","BRPE",,"N","95% coverage. Nesting in open grassy habitat, close proximity to TRHE and WHIB. Nests with large chicks on the southwest peninsula.",
"2018","05/19/18 00:00:00","Belle Isle","KLC","Beach, grassy, marsh, shrubs","N","ROSP",,"N","95% coverage. Few ROSP nests in open, grassy habitat.",
"2018","05/19/18 00:00:00","Belle Isle","KLC","Beach, grassy, marsh, shrubs","N","BCNH",,"N","95% coverage. Small number of BCNH nests, relative to other species on the island. Incubation posture. BCNH in dense, shrubby habitat.",
"2018","05/19/18 00:00:00","Belle Isle","KLC","Beach, grassy, marsh, shrubs","N","GREG",,"N","95% coverage. Scattered GREG nests in shrubby, dense habitat. One larger group with chicks on the southwest peninsula.",
"2018","05/19/18 00:00:00","Biloxi North 36","KLC","Marsh, shrubs","N","LAGU",,"N","May only. Few isolated nests in grassy, marsh areas.",
"2018","05/19/18 00:00:00","Biloxi North 36","KLC","Marsh, shrubs","N","TRHE",,"N","May only. TRHE in incubation posture, concentrated in shrub areas on periphery.",
"2018","05/19/18 00:00:00","Biloxi North 36","KLC","Marsh, shrubs","N","GREG",,"N","May only. Small number of nests in tall shrubs. Incubation posture.",
"2018","05/19/18 00:00:00","Biloxi North 4","KLC","Beach, grassy","N","LAGU",,"N","May only. LAGU in incubation posture. Nests concentrated on/near the beach and edge habitat.",
"2018","05/19/18 00:00:00","Biloxi North 4","KLC","Beach, grassy","N","FOTE",,"N","May only. One FOTE nest, incubation posture.",
"2018","05/19/18 00:00:00","Biloxi North 42","KLC","Grassy","N","FOTE",,"N","June only. Small number of FOTE in open, grassy areas and wrack lines. Incubation posture.",
"2018","05/19/18 00:00:00","Biloxi South 1","KLC","Beach, grassy","N","BLSK",,"N","June only. Approximately half to two-thirds individuals present are in incubation posture. Open, sandy substrate.",
"2018","05/19/18 00:00:00","Biloxi South 1","KLC","Beach, grassy","N","FOTE",,"N","June only. FOTE in incubation posture on wrack line between beach and vegetation.",
"2018","05/19/18 00:00:00","Biloxi South 1","KLC","Beach, grassy","N","LAGU",,"N","June only. Few individuals present on the beach; no indication of nesting.",
"2018","05/19/18 00:00:00","Biloxi South 1","KLC","Beach, grassy","N","ROYT",,"N","June only. Small group of individuals roosting on the water's edge.",
"2018","05/19/18 00:00:00","Biloxi South 1","KLC","Beach, grassy","N","BRPE",,"N","June only. A couple of individuals present; no indication of nesting.",
"2018","05/19/18 00:00:00","Biloxi South 10 B","KLC","Beach, grassy","N",,,"N","No nests. Small grassy island.",
"2018","05/19/18 00:00:00","Biloxi South 10 C","KLC","Beach, grassy","N","LAGU",,"N","10% coverage; small grassy island. Approximately half the LAGU observed in incubation stage.",
"2018","05/19/18 00:00:00","Biloxi South 10 C","KLC","Beach, grassy","N","CATE",,"N","10% coverage; small grassy island. One individual nesting; incubation posture.",
"2018","05/19/18 00:00:00","Biloxi South 10 C","KLC","Beach, grassy","N","FOTE",,"N","10% coverage; small grassy island. Several individuals roosting, no indication of nesting.",
"2018","05/19/18 00:00:00","Biloxi South 10 C","KLC","Beach, grassy","N","GBTE",,"N","10% coverage; small grassy island. Large group of GBTE in incubation posture on open, sandy substrate; mixed with BLSK. Note: no BLSK dotted in May, no photos for 10-C in June.",
"2018","05/19/18 00:00:00","Biloxi South 10 D","KLC","Beach, grassy, marsh, shrubs","N","BRPE",,"N","Scattered BRPE roosting on beach. No indication of nesting.",
"2018","05/19/18 00:00:00","Biloxi South 10 D","KLC","Beach, grassy, marsh, shrubs","N","LAGU",,"N","LAGU in incubation posture along edge habitat of grass and beaches.",
"2018","05/19/18 00:00:00","Biloxi South 10 D","KLC","Beach, grassy, marsh, shrubs","N","CATE",,"N","Over half CATE individuals present in incubation posture in sandy, open substrate.",
"2018","05/19/18 00:00:00","Biloxi South 10 D","KLC","Beach, grassy, marsh, shrubs","N","FOTE",,"N","Large groups of FOTE nesting on wrack lines in grassy habitat and on beaches.",
"2018","05/19/18 00:00:00","Biloxi South 10 D","KLC","Beach, grassy, marsh, shrubs","N","TRHE",,"N","Two observed nests.",
"2018","05/19/18 00:00:00","Biloxi South 10 D","KLC","Beach, grassy, marsh, shrubs","N","ROYT",,"N","Individuals roosting on water's edge; no nesting observed.",
"2018","05/19/18 00:00:00","Biloxi South 10 D","KLC","Beach, grassy, marsh, shrubs","N","GBTE",,"N","Majority of GBTE present in incubation posture in sandy, open substrate.",
"2018","05/19/18 00:00:00","Biloxi South 10 D","KLC","Beach, grassy, marsh, shrubs","N","ROSP",,"N","Small group of roosters on beach; no indication of nesting.",
"2018","06/23/18 00:00:00","Biloxi South 10 D","KLC","Beach, grassy, marsh, shrubs","N","BLSK",,"N","Over half of the BLSK present in incubation posture on the beach.",
"2018","05/19/18 00:00:00","Biloxi South 2","KLC","Grassy","N","SNEG",,"N","Handful of individuals present in the marsh; no indication of nesting.",
"2018","05/19/18 00:00:00","Biloxi South 2","KLC","Grassy","N","GREG",,"N","One individual roosting in marsh.",
"2018","05/19/18 00:00:00","Biloxi South 2","KLC","Grassy","N","LAGU",,"N","Majority of LAGU present in incubation posture, in grassy habitat. Higher concentrations on wrack line, open areas, and edge habitat.",
"2018","05/19/18 00:00:00","Biloxi South 2","KLC","Grassy","N","FOTE",,"N","Incubation posture. Nesting on wrack line exclusively.",
"2018","06/23/18 00:00:00","Biloxi South 2","KLC","Grassy","N","TRHE",,"N","Sporadic nests throughout grassy interior.",
"2018","06/23/18 00:00:00","Biloxi South 2","KLC","Grassy","N","WHIB",,"N","Sporadic nests throughout grassy interior.",
"2018","05/20/18 00:00:00","Cat Bay North Island","KLC","Beach","N",,,"N","No nests.",
"2018","05/20/18 00:00:00","Cat Bay North Island","KLC","Beach","N",,,"N","No nests.",
"2018","06/23/18 00:00:00","Comfort Island","KLC","Beach, grassy","N","BLSK",,"N","June dotted. Incubation posture on beach.",
"2018","06/23/18 00:00:00","Comfort Island","KLC","Beach, grassy","N","FOTE",,"N","June dotted. Loose scattering of nests in incubation stage, exclusively on the wrack line.",
"2018","06/24/18 00:00:00","Bastian Island","KLC","Beach, shrubs","N","SATE",,"N","June only; shrubby beach. No nesting individuals; presence only.",
"2018","05/19/18 00:00:00","Biloxi South 10 A","KLC","Beach, grassy","N",,,"N","No nests. Small grassy island.",
"2018","06/23/18 00:00:00","Comfort Island","KLC","Beach, grassy","N","LAGU",,"N","June dotted. Few nests on the wrack line.",
"2018","06/23/18 00:00:00","Comfort Island","KLC","Beach, grassy","N","BRPE",,"N","June dotted. Small number of roosting individuals along the water's edge; none nesting.",
"2018","06/23/18 00:00:00","Comfort Island","KLC","Beach, grassy","N","ROSP",,"N","June dotted. One individual present; no indication of nesting.",
"2018","05/21/18 00:00:00","Whiskey Island","KLC","Beach","N","BLSK",,"N","May dotted. Even distribution of BLSK nests in incubation stage, mixed with fewer GBTE nests. [Far fewer birds present in June (PJC)]",
"2018","05/21/18 00:00:00","Whiskey Island","KLC","Beach","N","GBTE",,"N","May dotted. Even distribution of GBTE nests in incubation stage, mixed with higher density of BLSK.",
"2018","05/21/18 00:00:00","Trinity Island","KLC",,"N",,,"N","No nests.",
"2018","05/21/18 00:00:00","East Island","KLC","Beach","N","BLSK",,"N","Majority of BLSK nests in incubation stage. Nesting in open, sandy substrate; even distribution.",
"2018","05/21/18 00:00:00","East Island","KLC","Beach","N","BRPE",,"N","Roosting only.",
"2018","05/21/18 00:00:00","East Island","KLC","Beach","N","ROYT",,"N","Few nests on the beach; primarily roosting.",
"2018","05/21/18 00:00:00","East Island","KLC","Beach","N","SATE",,"N","Roosting only.",
"2018","05/21/18 00:00:00","East Island","KLC","Beach","N","LAGU",,"N","Roosting only.",
"2018","05/21/18 00:00:00","East Island","KLC","Beach","N","GBTE",,"N","Roosting only.",
"2018","06/23/18 00:00:00","Philo Brice Islands","KLC","Beach, grassy, marsh, shrubs","N","BRPE",,"N","Large colony. Nesting mainly in shrubs. High-density. Primarily nests with old chicks and well-built nests. Evenly-distributed throughout the island, with higher concentrations near periphery.",
"2018","06/23/18 00:00:00","Philo Brice Islands","KLC","Beach, grassy, marsh, shrubs","N","LAGU",,"N","Large colony. Nests in incubation stage; distributed along beaches, edge habitat, and open grassy areas.",
"2018","06/23/18 00:00:00","Philo Brice Islands","KLC","Beach, grassy, marsh, shrubs","N","TRHE",,"N","Large colony. Sporadic nests distributed throughout the interior; most abundant and evenly-distributed species in the interior.",
"2018","06/23/18 00:00:00","Philo Brice Islands","KLC","Beach, grassy, marsh, shrubs","N","ROSP",,"N","Large colony. Nests primarily in incubation stage, mixed with TRHE and WHIB. Clumped distribution in interior, nesting in dense shrubs.",
"2018","06/23/18 00:00:00","Philo Brice Islands","KLC","Beach, grassy, marsh, shrubs","N","WHIB",,"N","Large colony. Nests in incubation stage, mixed with TRHE and ROSP. Clustered groups near interior water features.",
"2018","06/23/18 00:00:00","Philo Brice Islands","KLC","Beach, grassy, marsh, shrubs","N","GREG",,"N","Small group of GREG nesting in the interior; incubation posture. Clusters of GREG mixed with BRPE nests adjacent to water.",
"2018","06/23/18 00:00:00","Philo Brice Islands","KLC","Beach, grassy, marsh, shrubs","N","BCNH",,"N","Small number of scattered BCNH nests in shrubby area of interior.",
"2018","06/23/18 00:00:00","Philo Brice Islands","KLC","Beach, grassy, marsh, shrubs","N","SNEG",,"N","Small number of SNEG nests in incubation stage, scattered with BRPE nests along inlets.",
"2018","06/23/18 00:00:00","Philo Brice Islands","KLC","Beach, grassy, marsh, shrubs","N","GBHE",,"N","Small number of GBHE nests in shrubby area of interior.",
"2018","06/23/18 00:00:00","Philo Brice Islands","KLC","Beach, grassy, marsh, shrubs","N","LBHE",,"N","No indication of nesting; one roosting individual.",
"2018","06/23/18 00:00:00","Philo Brice Islands","KLC","Beach, grassy, marsh, shrubs","N","ROYT",,"N","Large colony. Individuals clustered densely on beach; incubation posture.",
"2018","06/23/18 00:00:00","Philo Brice Islands","KLC","Beach, grassy, marsh, shrubs","N","SATE",,"N","Large colony. Smaller clusters mixed with ROYT on beach; incubation posture.",
"2018","06/23/18 00:00:00","Philo Brice Islands","KLC","Beach, grassy, marsh, shrubs","N","REEG",,"N","Few nests in incubation stage. Nesting in shrub habitat of interior.",
"2018","06/23/18 00:00:00","Philo Brice Islands","KLC","Beach, grassy, marsh, shrubs","N","CATE",,"N","Small groups and a few isolated nests in incubation stage. Nesting open interior, some in close proximity to beach, surrounded by numerous water features.",
"2018","06/23/18 00:00:00","Philo Brice Islands","KLC","Beach, grassy, marsh, shrubs","N","FOTE",,"N","Nesting on wrack line on periphery of island.",
"2018","06/25/18 00:00:00","Bayou Platte Island North","KLC","Beach, grassy","N","BLSK",,"N","Approximately half the BLSK present are in incubation posture. Nesting in open, sandy substrate.",
"2018","06/25/18 00:00:00","Bayou Platte Island North","KLC","Beach, grassy","N","GBTE",,"N","Nests in incubation stage; clustered and mixed with BLSK.",
"2018","06/25/18 00:00:00","Bayou Platte Island South","KLC","Beach, shrubs","N","GBTE",,"N","north islets (dotted as BPSA). Approxiately one-third of the individuals present in incubation posture; nesting in woody debris and wrack line on beach.",
"2018","06/25/18 00:00:00","Bayou Platte Island South","KLC","Beach, shrubs","N","BLSK",,"N","north islets (dotted as BPSA). Roosting only; no indication of nesting.",
"2018","06/25/18 00:00:00","Bayou Platte Island South","KLC","Beach, shrubs","N","LAGU",,"N","north islets (dotted as BPSA). Small group of roosting individuals.",
"2018","05/21/18 00:00:00","Bayou Platte Island South","KLC","Beach, grassy, shrubs","N","LAGU",,"N","Primarily incubation posture; nesting in open, sandy substrate. (dotted as BPSB)",
"2018","06/25/18 00:00:00","Bayou Platte Island South","KLC","Beach, grassy, shrubs","N","FOTE",,"N","Two-thirds of individuals present in incubation posture; nesting in open, sandy substrate on edge of vegetation. (dotted as BPSB)",
"2018","06/25/18 00:00:00","Bayou Platte Island South","KLC","Beach, grassy, shrubs","N","BLSK",,"N","Nests in incubation stage interspersed with FOTE nests in open, sandy substrate. (dotted as BPSB)",
"2018","05/19/18 00:00:00","Biloxi North 8","KMR","Beach, grassy, marsh","N","LAGU",,"N","Primarily nesting on wrack lines; incubation posture.",
"2018","05/19/18 00:00:00","Biloxi North 8","KMR","Beach, grassy, marsh","N","TRHE",,"N","Clustered in marshy areas of interior and along wrack line.",
"2018","06/25/18 00:00:00","Bayou Platte Island North","KLC","Beach, grassy","N","LAGU",,"N","LAGU nests sporadic and evenly-distributed in mixed sand and veg edge habitat.",
"2018","05/19/18 00:00:00","Biloxi South 11","KLC","Beach, grassy","N",,,"N","No nests. Crescent-shaped grassy island with wrack line.",
"2018","05/19/18 00:00:00","Biloxi South 15","KLC","Grassy, shrubs","N",,,"N","No nests. Small grassy island.",
"2018","05/19/18 00:00:00","Biloxi South 16","KLC","Grassy","N",,,"N","No nests. Small, narrow grassy island with wrack line.",
"2018","05/20/18 00:00:00","Chandeleur North C","KMR","Sandy beach.","N",,,"N","Photographed. BLSK present in one group/colony formation but not on sites in incubation posture. SATE/ROYT present in one small group but not on sites.",
"2018","05/20/18 00:00:00","Chandeleur North D","KMR","Sandy beach.","N",,,"N","Photographed.  No nesting observed.  Several groups of BLSK seen flying as plane flew overhead.",
"2018","05/20/18 00:00:00","Chandeleur North E","KMR","Sandy beach.","N",,,"N","Camera 1 took photos of a small group of BLSK seeming interested in nesting, not on sites.",
"2018","05/20/18 00:00:00","Chandeleur North F","KMR","Sandy beach.","N",,,"N","BLSK nesting started by May survey with birds on sites but increased substantially by June survey, so June used for BPE.",
"2018","05/20/18 00:00:00","Chandeleur North G","KMR","Sandy beach.","N",,,"N","BLSK set up in two large groups in May, but likely disbanded and re-established by June; colony location slightly different in June (a little further north).  BLSK in May seems to be still getting settled into sites; fresh digging observable.",
"2018","05/20/18 00:00:00","Chandeleur North H","KMR","Sandy beach.","N",,,"N","Very large group of BLSK in May.  Most birds in pairs, very close together; many not yet on sites, but fresh digging observable, colony actively forming.  June survey shows far fewer birds, so most likely failed or moved.",
"2018","05/20/18 00:00:00","Chandeleur North I","KMR","Sandy beach.","N",,,"N","Small group of BLSK in May; fresh digging observable.  Colony size increased by June.",
"2018","05/19/18 00:00:00","Biloxi South 5 A","KMR","Grassy, small beach and wrack lines.","N",,,"N","All LAGU hunkered down on sites; no YY seen.  GREG on sites.",
"2018","06/23/18 00:00:00","Biloxi South 5 A","KMR","Grassy, small beach and wrack lines.","N",,,"N","Vegetation much higher, making gulls harder to see.  Chicks present on periphery of colony.  GREG still present, now with small YY.",
"2018","05/19/18 00:00:00","Biloxi South 5 B","KMR","Grassy, small beach and wrack lines, some shrubs.","N",,,"N","LAGU on sites in May.  BRPE standing around but not nesting.  Coverage is about 99% complete.",
"2018","06/23/18 00:00:00","Biloxi South 5 B","KMR","Grassy, small beach and wrack lines, some shrubs.","N",,,"N","Coverage of pelicans and waders complete. BRPE on WBN and PBN, colony still building; eggs seen under birds on WBN.  LAGU with YY and on sites, but vegetation much higher and more difficult to count. Waders all on sites in incubation posture.",
"2018","05/19/18 00:00:00","Biloxi North 8","KMR","Grassy, open water, wrack lines.","N",,,"N","Coverage incomplete; guessing that about 80% of colony was photographed, but difficult to say given that the island is very large and contiguous with a larger island/bayou complex.  TRHE and LAGU sitting on sites in incubation posture.",
"2018","06/23/18 00:00:00","Biloxi North 8","KMR","Grassy, open water, wrack lines.","N",,,"N","No photos taken.  Flight path did travel over colony.",
"2018","06/24/18 00:00:00","Chandeleur North A","KMR","Sandy beach.","N",,,"N","Coverage complete for BLSK and GBTE",
"2018","05/20/18 00:00:00","Chandeleur North A","KMR","Sandy beach.","N",,,"N","Photographed……",
"2018","06/24/18 00:00:00","Chandeleur North B","KMR","Sand spit, beach, sparse vegetation.","N","BLSK",,"N","Coverage complete.  Small isolated group.",
"2018","06/24/18 00:00:00","Chandeleur North C","KMR","Sandy beach.","N","ROYT",,"N","Coverage complete.  Several sub groups shading small fluffy YY; other groups in tigh colony formation, likely on eggs.",
"2018","06/24/18 00:00:00","Chandeleur North C","KMR","Sandy beach.","N","SATE",,"N","Coverage complete.  Several sub groups shading small fluffy YY; other groups in tigh colony formation, likely on eggs.",
"2018","06/24/18 00:00:00","Chandeleur North C","KMR","Sandy beach.","N","BLSK",,"N","Coverage complete.",
"2018","06/24/18 00:00:00","Chandeleur North C","KMR","Sandy beach.","N","CATE",,"N","Coverage complete.  Birds in incubation posture.",
"2018","06/24/18 00:00:00","Chandeleur North C","KMR","Sandy beach.","N","GBTE",,"N","Coverage complete.  Associated with BLSK.",
"2018","06/24/18 00:00:00","Chandeleur North D","KMR","Sandy beach.","N","BLSK",,"N","Coverage complete.  Two isolated sub groups. Incubation posture.",
"2018","06/24/18 00:00:00","Chandeleur North D","KMR","Sandy beach.","N","GBTE",,"N","Coverage complete.  Two isolated sub groups.  Incubation posture.",
"2018","06/24/18 00:00:00","Chandeleur North E","KMR","Sandy beach.","N","GBTE",,"N","Coverage complete.  Two isolated sub groups.  Incubation posture.",
"2018","06/24/18 00:00:00","Chandeleur North E","KMR","Sandy beach.","N","BLSK",,"N","Coverage complete.  Two isolated sub groups.  Incubation posture.",
"2018","06/24/18 00:00:00","Chandeleur North E","KMR","Sandy beach.","N","AMOY",,"N","Coverage complete.  One nest found with bird in incubating posture and other bird nearby.",
"2018","06/24/18 00:00:00","Chandeleur North F","KMR","Sandy beach.","N","ROYT",,"N","Coverage complete.  Two large groups in tigh colony formation, likely on eggs.",
"2018","06/24/18 00:00:00","Chandeleur North F","KMR","Sandy beach.","N","SATE",,"N","Coverage complete.  Two large groups in tigh colony formation, likely on eggs.",
"2018","06/24/18 00:00:00","Chandeleur North F","KMR","Sandy beach.","N","CATE",,"N","Coverage complete. Scattered nests on periphery of ROYT/SATE groups, likely on eggs.",
"2018","06/24/18 00:00:00","Chandeleur North F","KMR","Sandy beach.","N","BLSK",,"N","Coverage complete. One isolated group, incubation posture.",
"2018","06/24/18 00:00:00","Chandeleur North F","KMR","Sandy beach.","N","GBTE",,"N","Coverage complete. One site among BLSK.",
"2018","06/24/18 00:00:00","Chandeleur North G","KMR","Sand spit, beach, sparse vegetation.","N","BLSK",,"N","Coverage complete.  Two large isolated nesting groups; incubation posture.",
"2018","06/24/18 00:00:00","Chandeleur North G","KMR","Sand spit, beach, sparse vegetation.","N","GBTE",,"N","Coverage complete.  Few scattered sites among large BLSK groups.",
"2018","06/24/18 00:00:00","Chandeleur North G","KMR","Sand spit, beach, sparse vegetation.","N","CATE",,"N","Coverage complete.  Two sites among large BLSK groups.",
"2018","06/24/18 00:00:00","Chandeleur North H","KMR","Sandy beach.","N","GBTE",,"N","Coverage complete. Few sites among BLSK.",
"2018","06/24/18 00:00:00","Chandeleur North H","KMR","Sand spit, beach, sparse vegetation.","N","BLSK",,"N","Coverage complete.  Two small isolated nesting groups; incubation posture. Sand scrapes visible in photos seem to reflect larger initiation effort but fewer sites upon survey.",
"2018","06/24/18 00:00:00","Chandeleur North I","KMR","Sandy beach.","N","BLSK",,"N","Coverage complete. One isolated group, incubation posture.",
"2018","05/20/18 00:00:00","Chandeleur South A","KMR","Sandy beach.","N",,,"N","No photos taken in May; likely no birds nesting as flight path was directly over June nesting area.",
"2018","06/24/18 00:00:00","Chandeleur South A","KMR","Sandy beach.","N","BLSK",,"N","Small group of BLSK.",
"2018","05/20/18 00:00:00","Chandeleur South B","KMR","Sandy beach.","N","BLSK",,"N","Few birds nesting, many roosting.",
"2018","06/24/18 00:00:00","Chandeleur South B","KMR","Sandy beach.","N",,,"N","Coverage likely complete.  BLSK and GBTE on sites.",
"2018","05/20/18 00:00:00","Chandeleur South C","KMR","Sandy beach.","N",,,"N","Huge ROYT/SATE colonies tight and even growing in May; largely disbanded by June (see below).",
"2018","06/24/18 00:00:00","Chandeleur South C","KMR","Sandy beach.","N",,,"N","Huge colonies from May now only a few smaller groups; chicks with adults seen on shoreline but not in abundance expected based on nesting numbers from May; likely renested in similar area as May (not recounted in June).  Combine May and June for CATE.",
"2018","06/24/18 00:00:00","Chandeleur South C","KMR","Sandy beach.","N","CATE",,"Y","Combine nest counts; majority of nests were in June.",
"2018","05/20/18 00:00:00","Chandeleur North B","KMR","Sandy beach.","N",,,"N","No photos taken; likely no nesting as flight path was directly over June nesting area.",
"2018","05/21/18 00:00:00","Belle Pass East","RRR","Marsh, shrubs","N","LAGU",,"N","Only a few sites and birds observed; no chicks observed.",
"2018","05/21/18 00:00:00","Belle Pass East","RRR","Marsh, shrubs","N",,,,"No photos of island in June. 100% photo coverage in May.",
"2018","05/19/18 00:00:00","Biloxi North 10","RRR","Marsh, shrubs, grasses, wrack lines","N","LAGU",,"N","Birds seen on nests; no chicks observed.",
"2018","05/19/18 00:00:00","Biloxi North 10","RRR","Marsh, shrubs, grasses, wrack lines","N","WHIB",,"N","~8 nests, birds incubating.",
"2018","05/19/18 00:00:00","Biloxi North 10","RRR","Marsh, shrubs, grasses, wrack lines","N","TRHE",,"N","A few sites mixed with WHIB or solitary; no chicks seen.",
"2018","05/19/18 00:00:00","Biloxi North 10","RRR","Marsh, shrubs, grasses, wrack lines","N",,,"N","No photos of island taken in June.",
"2018","05/19/18 00:00:00","Biloxi North 11","RRR","Marsh, grasses","N","LAGU",,"N","Only a few nesting LAGU; no chicks seen in June.",
"2018","05/19/18 00:00:00","Biloxi North 11","RRR","Marsh, grasses","N","FOTE",,"N","Birds in incubating posture on nests; no chicks seen in June.",
"2018","05/19/18 00:00:00","Biloxi North 11","RRR","Marsh, grasses","N","CATE",,"N","Only one pair observed nesting on island.",
"2018","05/19/18 00:00:00","Biloxi North 11","RRR","Marsh, grasses","N",,,,"100% photo coverage (small island), most birds were on shoreline in June. Only a few still nesting LAGU and terns.",
"2018","06/23/18 00:00:00","Biloxi North 12","RRR","Marsh, grasses, some shrubs","N","LAGU",,"Y","Small island with only LAGU photographed only in June, LAGU incubating, some chicks observed near nests.",
"2018","05/19/18 00:00:00","Biloxi North 12","RRR","Marsh, grasses, some shrubs","N","CATE",,"N","Birds nesting on beach in May, a few chicks seen in June.",
"2018","05/19/18 00:00:00","Biloxi North 12","RRR","Marsh, grasses, some shrubs","N","LAGU",,"Y","More LAGU on nests in May vs June on main island. Chicks only observed on small island in June",
"2018","05/19/18 00:00:00","Biloxi North 12","RRR","Marsh, grasses, some shrubs","N","WHEG",,"N","Sites and standing birds mixed with LAGU sites in vegetation and wrack lines. Unable to ID species from CAM2 photos.",
"2018","05/19/18 00:00:00","Biloxi North 12","RRR","Marsh, grasses, some shrubs","N","WHIB",,"N","Mostly birds foraging, 1 site mixed in with TRHE and GREG nests.",
"2018","05/19/18 00:00:00","Biloxi North 12","RRR","Marsh, grasses, some shrubs","N","GREG",,"N","A few sites with eggs seen, nests mixed with TRHE nests.",
"2018","05/19/18 00:00:00","Biloxi North 12","RRR","Marsh, grasses, some shrubs","N","TRHE",,"N","Birds observed incubating ~8 sites total.",
"2018","05/19/18 00:00:00","Biloxi North 12","RRR","Marsh, grasses, some shrubs","N",,,,"Approximately 60%-70% of island photographed in May.",
"2018","06/23/18 00:00:00","Biloxi North 13","RRR","Beach, grasses, some shrubs","N","CATE",,"N","~37 sites, area only photographed well in June; no chicks observed.",
"2018","05/19/18 00:00:00","Biloxi North 13","RRR","Beach, grasses, some shrubs","N","LAGU",,"N","Most incubating, 1 abandoned site; no chicks observed in May or June.",
"2018","05/19/18 00:00:00","Biloxi North 13","RRR","Beach, grasses, some shrubs","N","GBTE",,"N","Most incubating in BLSK colonies. Only ~18 sites in June.",
"2018","05/19/18 00:00:00","Biloxi North 13","RRR","Beach, grasses, some shrubs","N","TRHE",,"N","1 bird standing in vegetation.",
"2018","05/19/18 00:00:00","Biloxi North 13","RRR","Beach, grasses, some shrubs","N","BLSK",,"N","~half on nests, half standing or on shore. More sites and higher total numbers in May. Still incubating in June but in fewer numbers; no chicks seen in either May or June.",
"2018","05/19/18 00:00:00","Biloxi North 14","RRR","Beach, grasses, marsh, shrubs","N","BRPE",,"N","Adults standing on beach only.",
"2018","05/19/18 00:00:00","Biloxi North 14","RRR","Beach, grasses, marsh, shrubs","N","LAGU",,"N","All in incubation position on nests; no chicks seen in June.",
"2018","05/19/18 00:00:00","Biloxi North 14","RRR","Beach, grasses, marsh, shrubs","N","ROYT",,"N","1 chick observed in May (Area 6), in colonies mixed with SATE. Greatly dispersed around island in June.",
"2018","05/19/18 00:00:00","Biloxi North 14","RRR","Beach, grasses, marsh, shrubs","N","SATE",,"N","Incubating in May; no chicks observed. Dispersed around island in June with chicks, mixed with ROYT.",
"2018","05/19/18 00:00:00","Biloxi North 15","RRR","Marsh, grasses, shrubs, some beach","N","ROSP",,"N","Sites mixed with WHIB, BRPE, GREG sites. Nesting area not photographed in June.",
"2018","05/19/18 00:00:00","Biloxi North 15","RRR","Marsh, grasses, shrubs, some beach","N","GREG",,"N","Birds either sitting low on nests or standing. Nesting area not photographed in June.",
"2018","05/19/18 00:00:00","Biloxi North 15","RRR","Marsh, grasses, shrubs, some beach","N","SNEG",,"N","Birds low on nests, in small groups. Nesting area not photographed in June.",
"2018","05/19/18 00:00:00","Biloxi North 15","RRR","Marsh, grasses, shrubs, some beach","N","WHIB",,"N","Only 12 sites total. Nesting area not photographed in June.",
"2018","05/19/18 00:00:00","Biloxi North 15","RRR","Marsh, grasses, shrubs, some beach","N",,,,"Much less photo coverage on island in June. Difficult to determine nest success in June with many nesting areas not photographed.",
"2018","05/19/18 00:00:00","Biloxi North 16","RRR","Saturated marsh, grasses, some beach and shrubs","N",,,,"Included Mink Island in May photo coverage so this island was included as BN16(2) in database",
"2018","05/19/18 00:00:00","Biloxi North 16","RRR","Saturated marsh, grasses, some beach and shrubs","N","LAGU",,"N","Most seen incubating; no chicks seen in May or June.",
"2018","05/19/18 00:00:00","Biloxi North 16","RRR","Saturated marsh, grasses, some beach and shrubs","N","BLSK",,"N","~half sitting low on nests, half standing. Only on Mink island beach. No photo coverage in June.",
"2018","05/19/18 00:00:00","Biloxi North 16","RRR","Saturated marsh, grasses, some beach and shrubs","N","GBTE",,"N","11 sites mixed with BLSK sites, a few standing birds. No photo coverage in June.",
"2018","05/19/18 00:00:00","Biloxi North 16","RRR","Saturated marsh, grasses, some beach and shrubs","N","FOTE",,"N","17 sites in wrack line of Mink island, birds sitting low. No photo coverage in June.",
"2018","05/19/18 00:00:00","Biloxi North 16","RRR","Saturated marsh, grasses, some beach and shrubs","N","ROYT",,"N","Only 5 standing birds on shore.",
"2018","05/19/18 00:00:00","Biloxi North 16","RRR","Saturated marsh, grasses, some beach and shrubs","N","BRPE",,"N","A few standing birds only.",
"2018","05/19/18 00:00:00","Biloxi North 16","RRR","Saturated marsh, grasses, some beach and shrubs","N","TRHE",,"N","Sites mixed with SNEG and WHIB sites; no chicks seen. Only ~5 sites photographed in June.",
"2018","05/19/18 00:00:00","Biloxi North 16","RRR","Saturated marsh, grasses, some beach and shrubs","N","ROSP",,"N","Only 1 bird seen.",
"2018","05/19/18 00:00:00","Biloxi North 16","RRR","Saturated marsh, grasses, some beach and shrubs","N","WHIB",,"N","All sitting low on nest or standing around. Only a few sites in June, no chicks.",
"2018","05/19/18 00:00:00","Biloxi North 16","RRR","Saturated marsh, grasses, some beach and shrubs","N","SNEG",,"N","~130 sites in May, number of sites in June were about 3/4 of number in May. No chicks seen in May or June.",
"2018","05/19/18 00:00:00","Biloxi North 16","RRR","Saturated marsh, grasses, some beach and shrubs","N","GREG",,"N","A few sites mixed with SNEG and TRHE nests.",
"2018","05/19/18 00:00:00","Biloxi North 16","RRR","Saturated marsh, grasses, some beach and shrubs","N","ANHI",,"N","1 site, 1 bird near SNEG and TRHE nests near shore.",
"2018","06/23/18 00:00:00","Biloxi North 38","RRR","Marsh, grasses, shrubs","N","LAGU",,"Y","More coverage of overall  island with LAGU sites in June, also counted in May.",
"2018","05/19/18 00:00:00","Biloxi North 38","RRR","Marsh, grasses, shrubs","N","TRHE",,"Y","15 sites in May , 1 in June. All look to be incubating, sitting low on nests.",
"2018","05/19/18 00:00:00","Biloxi North 38","RRR","Marsh, grasses, shrubs","N","WHIB",,"N","Eggs seen as well as nests with up to 2 chicks with adult present. Lots of adults standing. Juveniles greatly dispersed in June.",
"2018","06/23/18 00:00:00","Biloxi North 38","RRR","Marsh, grasses, shrubs","N","FOTE",,"N","Adults sitting low on nests in inland sandy area in June, no chicks present.",
"2018","05/19/18 00:00:00","Biloxi North 38","RRR","Marsh, grasses, shrubs","N","SNEG",,"N","Adults observed sitting on nests. No chicks seen.",
"2018","05/19/18 00:00:00","Biloxi North 38","RRR","Marsh, grasses, shrubs","N","GREG",,"N","Eggs, small chicks in nests in May.",
"2018","05/19/18 00:00:00","Biloxi North 38","RRR","Marsh, grasses, shrubs","N","ROSP",,"N","Adults sitting in incubation posture; no chicks seen. Juveniles dispersed in June from nests.",
"2018","05/19/18 00:00:00","Biloxi North 38","RRR","Marsh, grasses, shrubs","N","BCNH",,"N","Only 2 adults seen sitting on nests. Mixed in with WHIB and TRHE sites.",
"2018","05/19/18 00:00:00","Biloxi North 38","RRR","Marsh, grasses, shrubs","N",,,,"~30% of island contained nests, the rest was empty vegetation.",
"2018","06/24/18 00:00:00","Gunn Island","RRR","Beach, grasses","N",,,,"Ovs only in May; colony not yet formed. Large ROYT and SATE colony in June, most all adults incubating nests.",
"2018","06/24/18 00:00:00","Gunn Island","RRR","Beach, grasses","N","BRPE",,"N","5 standing on beach.",
"2018","06/24/18 00:00:00","Gunn Island","RRR","Beach, grasses","N","ROYT, SATE",,"N","101 seemingly abandoned sites with eggs randomly within colony. Unable to tell which species.",
"2018","06/24/18 00:00:00","Gunn Island","RRR","Beach, grasses","N","BLSK",,"N","Most adults in incubation posture; no chicks seen.",
"2018","06/24/18 00:00:00","Gunn Island","RRR","Beach, grasses","N","TRHE",,"N","One bird seen sitting on a nest.",
"2018","06/24/18 00:00:00","Gunn Island","RRR","Beach, grasses","N","LAGU",,"N","A few sites in and along vegetation, in same areas as CATE.",
"2018","05/21/18 00:00:00","Belle Pass East","RRR","Marsh, shrubs","N","GREG",,"N","Nests at multiple stages; some with eggs, some with older chicks. Sites mixed with SNEG and TRHE.",
"2018","05/21/18 00:00:00","Belle Pass East","RRR","Marsh, shrubs","N","SNEG",,"N","Nests with chicks seen, others with adults in incubating posture.",
"2018","05/21/18 00:00:00","Belle Pass East","RRR","Marsh, shrubs","N","WHEG",,"N","Unable to distinguish birds.",
"2018","05/21/18 00:00:00","Belle Pass East","RRR","Marsh, shrubs","N","TRHE",,"N","Birds either incubating or wading in marsh; no chicks observed.",
"2018","05/21/18 00:00:00","Belle Pass East","RRR","Marsh, shrubs","N","ROSP",,"N","No nests, only birds observed.",
"2018","05/21/18 00:00:00","Belle Pass East","RRR","Marsh, shrubs","N","BCNH",,"N","Only 2 sites observed, birds in incubating posture.",
"2018","05/19/18 00:00:00","Biloxi North 15","RRR","Marsh, grasses, shrubs, some beach","N","BRPE",,"N","Mostly incubating or standing; more WBN than chick nests. Large chicks still on nest in June and some adults still incubating.",
"2018","05/19/18 00:00:00","Biloxi North 15","RRR","Marsh, grasses, shrubs, some beach","N","LAGU",,"N","Incubating nests; no chicks seen although hard to tell from mostly CAM2 photos.",
"2018","06/24/18 00:00:00","Gunn Island","RRR","Beach, grasses","N","CATE",,"N","Birds incubating on nests outside large SATE/ROYT colony in and near vegetation.",
"2018","05/20/18 00:00:00","Birdsfoot East 4","RRR","Marsh, large shrubs","N",,,,"No photos taken in June.",
"2018","05/20/18 00:00:00","Birdsfoot East 4","RRR","Marsh, large shrubs","N","GREG",,"N","Birds on nest with eggs or chicks in nest.",
"2018","05/20/18 00:00:00","Birdsfoot East 4","RRR","Marsh, large shrubs","N","SNEG",,"N","Sites mixed with GREG nests, some young chicks in nests.",
"2018","05/20/18 00:00:00","Birdsfoot East 4","RRR","Marsh, large shrubs","N","WHIB",,"N","9 sites, mixed with TRHE sites; no chicks seen.",
"2018","05/20/18 00:00:00","Birdsfoot East 4","RRR","Marsh, large shrubs","N","TRHE",,"N","1 nest with chicks seen. Adults in incubating posture on the rest or standing in shrubs.",
"2018","06/24/18 00:00:00","Birdsfoot West 5","RRR","Trees, shrubs, grasses, marsh","N",,,,"No photos taken in May.",
"2018","06/24/18 00:00:00","Birdsfoot West 5","RRR","Trees, shrubs, grasses, marsh","N","GREG",,"N","Sites mostly are nests with large chicks or empty nests.",
"2018","06/24/18 00:00:00","Birdsfoot West 5","RRR","Trees, shrubs, grasses, marsh","N","ANHI",,"N","No nesting birds seen, only adults roosting in trees near GREG birds and nests.",
"2018","05/19/18 00:00:00","Door Point Lagoon 1","RRR","Beach, grasses","N","LAGU",,"N","No chicks seen, much fewer nests in June.",
"2018","05/19/18 00:00:00","Door Point Lagoon 1","RRR","Beach, grasses","N","AMOY",,"N","2 birds wading, no nests.",
"2018","05/19/18 00:00:00","Door Point Lagoon 1","RRR","Beach, grasses","N",,,,"Only areas with nesting LAGU were photographed (~70% of island).",
"2018","05/19/18 00:00:00","Door Point Lagoon 2","RRR","Beach, grasses, shrubs","N","LAGU",,"N","Birds in incubating posture, no chicks seen.",
"2018","05/19/18 00:00:00","Door Point Lagoon 2","RRR","Beach, grasses, shrubs","N","BRPE",,"N","Many standing along shoreline, non nests.",
"2018","05/19/18 00:00:00","Door Point Lagoon 2","RRR","Beach, grasses, shrubs","N","BLSK",,"N","13 sites on beach, no chicks in May.",
"2018","05/19/18 00:00:00","Door Point Lagoon 2","RRR","Beach, grasses, shrubs","N","ROYT",,"N","Standing on sandbar, no nests.",
"2018","05/19/18 00:00:00","Door Point Lagoon 2","RRR","Beach, grasses, shrubs","N","AWPE",,"N","Standing on shore, no nests.",
"2018","05/19/18 00:00:00","Door Point Lagoon 2","RRR","Beach, grasses, shrubs","N","SATE",,"N","Birds standing on shore with ROYT, no nests.",
"2018","05/19/18 00:00:00","Door Point Lagoon 2","RRR","Beach, grasses, shrubs","N",,,,"Not enough June CAM1 photos to determine chick presence or nest success.",
"2018","05/19/18 00:00:00","Dry Bread Island","RRR","Marsh, grasses, few shrubs","N",,,,"No CAM1 coverage in June, unable to tell chick presence/nest success",
"2018","05/19/18 00:00:00","Dry Bread Island","RRR","Marsh, grasses, few shrubs","N","FOTE",,"N","193 sites in wrack lines, sitting low on nests, no chicks seen.",
"2018","05/19/18 00:00:00","Dry Bread Island","RRR","Marsh, grasses, few shrubs","N","LAGU",,"N","Most photos of sites from CAM2 so best estimate of nests vs birds was made; no chicks seen.",
"2018","06/24/18 00:00:00","Freemason Island","RRR","Beach strand","N",,,,"~35 BRPE standing on shoreline. The rest of the island is empty beach. Only photos were taken in June.",
"2018","05/20/18 00:00:00","Fricot Bayou Island","RRR","Grasses, wrack lines","N","FOTE",,"N","Most birds incubating in May, mates nearby in wrack lines. Adults are dispersed in June, a few still on nests, chicks in groups in vegetation away from nests.",
"2018","05/20/18 00:00:00","Fricot Bayou Island","RRR","Grasses, wrack lines","N",,,,"100% photo coverage of small island. FOTE only species observed on island.",
"2018","05/19/18 00:00:00","Little Mud Grass Island","RRR","Marsh, grasses, shrubs","N",,,,"~60% of island photographed, 40% of that area had nesting birds.",
"2018","05/19/18 00:00:00","Little Mud Grass Island","RRR","Marsh, grasses, shrubs","N","LAGU",,"N","Birds sitting low on nests, no chicks seen.",
"2018","05/19/18 00:00:00","Little Mud Grass Island","RRR","Marsh, grasses, shrubs","N","BCNH",,"N","Birds on nests in incubation position in May. Chicks seen with adults in June near nests.",
"2018","05/19/18 00:00:00","Little Mud Grass Island","RRR","Marsh, grasses, shrubs","N","AWPE",,"N","18 wading near egret nests; no chicks seen.",
"2018","05/19/18 00:00:00","Little Mud Grass Island","RRR","Marsh, grasses, shrubs","N","GREG",,"N","Nests with 1-3 chicks almost adult size, a few still sitting on nests without visible chicks. Chicks dispersed from nests in June.",
"2018","05/19/18 00:00:00","Little Mud Grass Island","RRR","Marsh, grasses, shrubs","N","SNEG",,"N","Birds in incubation position on nests; no chicks seen in May. In June, chicks were mixed with GREG chicks dispersed from nests.",
"2018","05/20/19 00:00:00","Point Hunt Island","RRR","Beach, grasses, shrubs","N",,,,"Photos taken in May, no birds visible on island. No photos taken in June.",
"2018","05/20/18 00:00:00","Manilla Island","RRR","Grasses, wrack lines, some beach","N","FOTE",,"N","Nesting in wrack lines, some nests near beach in vegetation. Adults dispersed in June without any visible chicks. More obvious nests in May.",
"2018","05/20/18 00:00:00","Manilla Island","RRR","Grasses, wrack lines, some beach","N",,,,"100% photo coverage of small island.",
"2018","05/21/18 00:00:00","Avocet Island","RRR","Marsh, grasses, shrubs","N",,,,"No nesting birds on island. No photos taken in June.",
"2018","06/25/18 00:00:00","Wine Island","RRR","Beach strand","N",,,,"Roosting BRPE, LAGU, and terns photographed on beach in June. No photos were taken in May.",
"2018","06/24/18 00:00:00","Scofield Island","RRR","N/A","N",,,,"No photos taken in May or June. Bastian Island is listed as Scofield in 20 May B CSV file.",
"2018","06/24/18 00:00:00","Shell Island East A","RRR","Water","N",,,,"Part of BB1 and BB2, not in CSV, assumed no nests as well. ""WATER"" in CSV notes.",
"2018","06/24/18 00:00:00","Shell Island East B","RRR","Water","N",,,,"Part of BB1 and BB2, not in CSV, assumed no nests as well. ""WATER"" in CSV notes.",
"2018","06/24/18 00:00:00","Shell Island East C","RRR","Water","N",,,,"Part of BB1 and BB2, not in CSV, assumed no nests as well. ""WATER"" in CSV notes.",
"2018","06/23/18 00:00:00","Turtle Pen Isle","RRR","Grasses, beach","N","BLSK",,"N","Only species nesting on island (TPI1). 75% of birds were sitting on a nest; no chicks seen.",
"2018","06/23/18 00:00:00","Turtle Pen Isle","RRR","Grasses, beach","N",,,,"Two islands are part of Turtle Pen Isle. BLSK were the only nesting species on one (TPI1) and LAGU were the only nesting species on the other (TPI2).",
"2018","05/19/18 00:00:00","Turtle Pen Isle","RRR","Grasses, beach","N","LAGU",,"Y","Only species nesting on island (TPI2). ~same number of nests in June. One image from June was used to cover entirety of island.",
"2018","05/19/18 00:00:00","Half Moon Island","RRR","Beach, grasses, shrubs, marsh","N","BRPE",,"N","Standing on shore, no nests.",
"2018","05/19/18 00:00:00","Half Moon Island","RRR","Beach, grasses, shrubs, marsh","N","LAGU",,"N","Most on nests in incubating position. Eggs seen underneath some birds; no chicks seen.",
"2018","05/19/18 00:00:00","Half Moon Island","RRR","Beach, grasses, shrubs, marsh","N","BLSK",,"N","~half nesting, half standing in May, fewer numbers nesting in June. 1 dead on beach, no chicks seen in June.",
"2018","05/19/18 00:00:00","Half Moon Island","RRR","Beach, grasses, shrubs, marsh","N","FOTE",,"N","All on nests in wrack lines. Some nests still in June but less photo coverage.",
"2018","05/19/18 00:00:00","Half Moon Island","RRR","Beach, grasses, shrubs, marsh","N","GBTE",,"N","Sites mixed in with BLSK sites. Fewer nests in June; no chicks seen.",
"2018","05/19/18 00:00:00","Half Moon Island","RRR","Beach, grasses, shrubs, marsh","N","TRHE",,"N","Abundant, mixed with WHIB nests. Birds scattered in June with chicks.",
"2018","05/19/18 00:00:00","Half Moon Island","RRR","Beach, grasses, shrubs, marsh","N","WHIB",,"N","1 nesting group, most incubating, sitting low on nests. 1 chick observed (Area 52). Some chicks in June, most still sitting on nests.",
"2018","05/19/18 00:00:00","Half Moon Island","RRR","Beach, grasses, shrubs, marsh","N","SNEG",,"N","Sites mixed with WHIB and TRHE nests. Chicks almost adult size in June.",
"2018","05/19/18 00:00:00","Half Moon Island","RRR","Beach, grasses, shrubs, marsh","N","GREG",,"N","A few nests with with TRHE and SNEG nests. Unable to differentiate chicks in June from SNEG chicks.",
"2018","06/23/18 00:00:00","Bayou Pintou","PJC","Beach","N",,,"N","Good coverage and timing for all species; no nesting seen on fractured, interior marsh",
"2018","05/19/18 00:00:00","Bayou Pintou","PJC","Beach","N",,,"N","BLSK setting up, CATE not yet present in colony; easy decision to count June",
"2018","05/19/18 00:00:00","Biloxi North 3","PJC","Shrubs","N",,,"N","Waders counted in May; BLSK and GBTE present on one beach, but similar in June and on a second beach in June",
"2018","06/23/18 00:00:00","Biloxi North 3","PJC","Beach","N",,,"N","Beaches counted in June; some waders still active with some chicks present, but mostly off of and away from nests",
"2018","06/23/18 00:00:00","Biloxi North 5","PJC","Small island with beaches and marsh","N",,,"N","Complete coverage; June counted because CATE and ROYT were present and other species were in #s similar to May",
"2018","05/19/18 00:00:00","Biloxi North 26","PJC","Small marsh island","N",,,"N","Complete coverage; LAGU still active in June, but more numerous and in incubation posture in May",
"2018","05/19/18 00:00:00","Biloxi North 35","PJC","Beaches and marsh","N",,,"N","LAGU coverage incomplete, as birds were wideley scattered in marsh veg; but not a large colony; BLSK setting up",
"2018","06/23/18 00:00:00","Biloxi North 35","PJC","Beaches and marsh","N",,,"N","LAGU still active; no BLSK detected",
"2018","05/19/18 00:00:00","Biloxi North 37","PJC","Marsh, wrack lines","N","LAGU",,"N","Mostly along wrack line at SW end of island",
"2018","05/19/18 00:00:00","Biloxi North 37","PJC","Marsh, wrack lines","N","FOTE",,"N","In wrack line at NW end of island",
"2018","06/23/18 00:00:00","Biloxi North 37","PJC","Marsh, wrack lines","N",,,"N","Overflown but not photographed presumably because no distinct nesters seen",
"2018","05/19/18 00:00:00","Biloxi South 3","PJC","Marsh island","N",,,"N","Excellent coverage overall; perhaps just ~ 10 SNEG and a few sites of other spp missed; no chicks of any spp seen; so survey timing looked good",
"2018","06/23/18 00:00:00","Biloxi South 3","PJC","Marsh island","N",,,"N","All spp apparently still active; SNEG chicks most conspicuous",
"2018","06/23/18 00:00:00","Deadman Point","PJC","Marsh island","N","BRPE",,"N","Incubating, with small #s apparently still nest-building; excellent coverage",
"2018","05/19/18 00:00:00","Deadman Point","PJC","Marsh island","N",,,"N","only LAGU noted nesting; and many were in pairs, indicating survey was still during early nesting period; so all spp counted in June given nesting BRPE then",
"2018","05/19/18 00:00:00","Redfish Bend","PJC","Beaches","N",,,"N","Just AMOY counted; BLSK setting up; no CATE or ROYT present",
"2018","06/23/18 00:00:00","Redfish Bend","PJC","Beaches","N",,,"N","Good coverage; mostly just beach use; only a couple LAGU in marsh habitat",
"2018","05/19/18 00:00:00","Hell Pass Coast E","PJC","Marsh","N",,,"N","LAGU only; complete coverage; colony less distinct in June",
"2018","05/19/18 00:00:00","Hell Pass Coast D","PJC","Marsh","N",,,"N","LAGU only; complete coverage; colony less distinct in June",
"2018","05/19/18 00:00:00","Hell Pass Coast C","PJC","Marsh","N",,,"N","Lots of TRHE and SNEG; excellent coverage overall; colony still active in June",
"2018","05/19/18 00:00:00","Hell Pass Coast B","PJC","Marsh","N",,,"N","Lots of TRHE and SNEG; excellent coverage overall; colony still active in June",
"2018","05/19/18 00:00:00","Hell Pass Coast A","PJC","Beaches, wrack line, some marsh","N",,,"N","May used for LAGU, TRHE, SNEG",
"2018","06/23/18 00:00:00","Hell Pass Coast A","PJC","Beaches, wrack line, some marsh","N",,,"N","June used for BLSK, FOTE GBTE",
"2018","05/19/18 00:00:00","Biloxi South 14","JRM","Grassy","N","LAGU",,"N","LAGU evenly-distributed throughout homogenous grassy interior; utilizing edge habitat along wrack lines",
"2018","05/19/18 00:00:00","Biloxi South 14","JRM","Grassy","N","FOTE",,"N","FOTE nesting exclusively within wide wrack line",
"2018","05/19/18 00:00:00","Biloxi South 17","JRM","Grassy","N","FOTE",,"N","Small number of FOTE nests on open debris in grassy habitat; roosting individuals near water's edge",
"2018","05/19/18 00:00:00","Biloxi South 9","JRM","Beach, grassy","N","LAGU",,"N","Few sites in grassy vegetation adjacent to beach",
"2018","05/19/18 00:00:00","Biloxi South 9","JRM","Beach, grassy","N","ROYT",,"N","Small number of sites on beach; primarily roosting individuals in clusters",
"2018","05/19/18 00:00:00","Biloxi South 9","JRM","Beach, grassy","N","CATE",,"N","Even ratio of nesting to roosting individals; evenly-distributed in sandy, open substrate",
"2018","05/19/18 00:00:00","Biloxi South 9","JRM","Beach, grassy","N","BLSK",,"N","Roosting only",
"2018","05/19/18 00:00:00","Biloxi South 9","JRM","Beach, grassy","N","BRPE",,"N","Roosting only",
"2018","06/23/18 00:00:00","Biloxi South 6","JRM","Grassy","N","LAGU",,"N","Small number of nest sites in open, sandy substrate adjacent to vegetation",
"2018","06/23/18 00:00:00","Biloxi South 6","JRM","Grassy","N","FOTE",,"N","Nest sites evenly-distributed on wrack lines; most abundant nesting species on island",
"2018","06/23/18 00:00:00","Biloxi South 6","JRM","Grassy","N","BRPE",,"N","Roosting only",
"2018","06/23/18 00:00:00","Biloxi South 6","JRM","Grassy","N","BLSK",,"N","Small number of nest sites in open, sandy substrate, surrounded by dense FOTE nest sites",
"2018","05/19/18 00:00:00","Biloxi South 4 B","JRM","Beach, grassy","N","LAGU",,"N","Nests distirbuted throughout herbaceous vegetation and edge habitat near beach",
"2018","05/19/18 00:00:00","Biloxi South 4 B","JRM","Beach, grassy","N","BRPE",,"N","Roosting only",
"2018","05/19/18 00:00:00","Biloxi South 4 B","JRM","Beach, grassy","N","FOTE",,"N","Nests located exclusively within wrack line areas",
"2018","05/19/18 00:00:00","Biloxi South 4 B","JRM","Beach, grassy","N","ROYT",,"N","Roosting only",
"2018","05/21/18 00:00:00","Heron Island","JRM","Grassy, marsh, shrubs","N","ROSP",,"N","Roosting ROSP on shrubs",
"2018","05/21/18 00:00:00","Heron Island","JRM","Grassy, marsh, shrubs","N","GBHE",,"N","Low-density nest sites interspersed with GREG, SNEG, and ROSP",
"2018","05/21/18 00:00:00","Heron Island","JRM","Grassy, marsh, shrubs","N","GREG",,"N","Sporadic nest sites in shrubs adjacent to marsh habitat; close proximity to SNEG nests; most abundant nesting species on island",
"2018","05/21/18 00:00:00","Heron Island","JRM","Grassy, marsh, shrubs","N","SNEG",,"N","Few individuals nesting on shrubs at the edge of marsh; close proximity to GREG nests",
"2018","05/21/18 00:00:00","Heron Island","JRM","Grassy, marsh, shrubs","N","ANHI",,"N","Several ANHI nest sites in shrubs adjacent to inundated marsh habitat with emergent vegetation",
"2018","05/21/18 00:00:00","Skimmer Island","JRM","Grassy, shrubs","N","GREG",,"N","Most abundant species on island; evenly-distributed, nesting in shrubs",
"2018","05/21/18 00:00:00","Skimmer Island","JRM","Grassy, shrubs","N","GBHE",,"N","One nest site in shrubs, close proximity to GREG nest sites",
"2018","06/25/18 00:00:00","Bird Island West","PJC","shrubs, grassy","N","WHIB",,"N","Coverage very good (>8,000 nests), but likely still incomplete; difficult to piece together; possibly some early nesting too not accounted for; survey timing in general appeared good though w. most nests in incubation stage","WHIB colony apparently moved from nearby Skimmer Island, which was used in previous years; colony not surveyed in May"
"2018","06/25/18 00:00:00","Bird Island West","PJC","shrubs, grassy","N","others",,"N","Very small #s of TRHE, ROSP, GREG, and possibly SNEG (no SNEG nests identified); possibly earlier phenology for those spp, and nest #s may be low; difficult colony to photograph also; but counts representative",
"2018","06/24/18 00:00:00","Curlew Island","PJC","sandy barrier island","N","BLSK",,"N","Incubating; excellent coverage; clearly more appropriate than May for breeding pop",
"2018","06/24/18 00:00:00","Curlew Island","PJC","sandy barrier island","N","GBTE",,"N","Incubating; excellent coverage",
"2018","06/24/18 00:00:00","Curlew Island","PJC","sandy barrier island","N","CATE",,"N","Incubating; excellent coverage; CATE more abundant in May, but those birds likely failed",
"2018","06/25/18 00:00:00","East Island","PJC",,"N",,,"N","No Birds [PC 22Feb22",
"2018","05/20/18 00:00:00","Queen Bess Island","MWP","island levees; marsh interior","N","BRPE",,"N","May had complete coverage. In some areas chicks were at least 9-10 weeks old (possibly older) but some birds still on eggs. Along Cell 3 outer levee there were birds building new nests",
"2018","05/20/18 00:00:00","Queen Bess Island","MWP","island levees; marsh interior","N","LAGU",,"N","got as complete coverage as possible as all areas of island were counted; some birds may not have been on nest yet but could not easily distinguish site differences bet. May and June so use only May photos",
"2018","05/20/18 00:00:00","Queen Bess Island","MWP","island levee","N","ROYT",,"N","small group of terns on sandy portion of island",
"2018","05/20/18 00:00:00","Queen Bess Island","MWP","marsh interior","N","WHIB",,"N","seemed as though chicks had hatched for a fair number of these nests perhaps 50% or higher; possibly missed some sites due to this; chicks could be seen creching in a couple areas of the island; count likely low due to this",
"2018","05/20/18 00:00:00","Queen Bess Island","MWP","marsh interior","N","TRHE",,"N","most birds appear to be on nests with eggs or young chicks; good count of the island as all areas were covered; a small area was covered using an overview photo but few birds were in this location so didn't drastically impact population estimate",
"2018","05/20/18 00:00:00","Queen Bess Island","MWP","island levees","N","GREG",,"N","a lot of nests with chicks; count seemed good; most nests on interior levees between cell 1 & 2 and cell 2 & 3",
"2018","05/20/18 00:00:00","Queen Bess Island","MWP","island levees","N","ROSP",,"N","seemed like there sites were tucked into vegetation a bit more so harder to determine status but count seems good",
"2018","05/20/18 00:00:00","Queen Bess Island","MWP","island levees","N","SNEG",,"N","due to large GREG chicks distinguishing these sites was difficult at times; count may have been low due to this but I don't feel it will significantly effect the pop. Estimate",
"2018","06/24/18 00:00:00","Queen Bess Island","MWP","island levees; marsh interior","N","ALL",,"N","June photos showed BRPE almost completely done with nesting; no breeding areas for any species would be discerned so only used May photos for population estimate",
"2018","05/20/18 00:00:00","Breton Island","MWP","beach; marsh, etc.","N","BRPE",,"Y","nests had chicks up to 6 weeks of age but few wandering too much so counts were good. Due to incomplete overview coverage it was difficult to determine if all area with BRPE were captured but all BRPE in photos were counted and assuming complete coverage","for May based on photos and layout. Certainly major areas were covered"
"2018","05/20/18 00:00:00","Breton Island","MWP","beach; marsh, etc.","N","LAGU",,"Y","as complete of coverage as possible; some small groups of LAGU may have been missed but all groups of 10+ sites seen in photos for May were counted; good count",
"2018","05/20/18 00:00:00","Breton Island","MWP","beach","N","ROYT",,"N","3 groups of ROYT/SATE were seen. One group didn't have close up photos but overviews captured 98% of the group. A small piece appeared to be missing and likely numbered fewer than 50 birds; 2 other groups had excellent coverage",
"2018","05/20/18 00:00:00","Breton Island","MWP","beach","N","SATE",,"N","3 groups of ROYT/SATE were seen. One group didn't have close up photos but overviews captured 98% of the group. A small piece appeared to be missing and likely numbered fewer than 50 birds; 2 other groups had excellent coverage",
"2018","05/20/18 00:00:00","Breton Island","MWP","beach","N","BLSK",,"N","a small group appeared to be setting up on beach in May; this same group was seen in June and was larger so used June photos",
"2018","06/24/18 00:00:00","Breton Island","MWP","beach; marsh, etc.","N","BRPE",,"Y","a significant group of BRPE initiated nesting between May and June toward the southern portion of the island - along the sand beach vegetated extension; use these counts to complete the population estimate for the island",
"2018","06/24/18 00:00:00","Breton Island","MWP","beach; marsh, etc.","N","LAGU",,"Y","significant groups of LAGU were photographed in June but not May along the southern beach extension of the island; a couple fo these had young chicks wandering about but sites could still be distinguished; most seemed to still be on eggs",
"2018","06/24/18 00:00:00","Breton Island","MWP","beach; marsh, etc.","N","ROYT",,"N","tern colonies were all chicked out and no new groups were observed in June; May photos best",
"2018","06/24/18 00:00:00","Breton Island","MWP","beach; marsh, etc.","N","SATE",,"N","tern colonies were all chicked out and no new groups were observed in June; May photos best",
"2018","06/24/18 00:00:00","Breton Island","MWP","beach","N","BLSK",,"N","group of nesting BLSK were largest in June; best to use these for population estimate",
"2018","06/24/18 00:00:00","Breton Island","MWP","beach","N","GBTE",,"N","small numbers observed amongst the BLSK in June; although other beach areas were photographed GBTE were only observed within the BLSK colony",
"2018","05/21/18 00:00:00","Rabbit Island","PJC","large marsh island","N","BRPE",,"N","Complete coverage of BRPE; most nests in incubation stage. Productivity perhaps not great, based on apparent low #s of chicks/fledglings.",
"2018","06/25/18 00:00:00","Rabbit Island","PJC","large marsh island","N","ALL",,"N","Far fewer birds overall than on 21 May. Many GREG sites still active with large chicks. Dozens of large BRPE chicks evident, a few in juvenile plumage, and dozens of nests still attended. Other spp. in lower #s and much less conspicuous than in May.",
"2018","05/21/18 00:00:00","Rabbit Island","PJC","large marsh island","N","LAGU",,"N","Good coverage, though of course not every nest seen or dotted. No chicks seen. Adults sitting tight; standing and incubation postures easy to judge.",
"2018","05/21/18 00:00:00","Rabbit Island","PJC","large marsh island","N","SNEG",,"N","Good coverage, but possibly substantial early nesting, as many chicks appeared to be out of nests and not brooded. April survey would have helped.",
"2018","05/21/18 00:00:00","Rabbit Island","PJC","large marsh island","N","TRHE",,"N","Good coverage, but possibly substantial early nesting, as many chicks appeared to be out of nests and not brooded. April survey would have helped.",
"2018","05/21/18 00:00:00","Rabbit Island","PJC","large marsh island","N","REEG",,"N","Just two nests seen, but others could have been missed (or dotted as TRHE) where Camera 2 images were used.",
"2018","05/21/18 00:00:00","Rabbit Island","PJC","large marsh island","N","GREG",,"N","Good coverage and good survey timing.",
"2018","05/21/18 00:00:00","Rabbit Island","PJC","large marsh island","N","GBHE",,"N","Good coverage and good survey timing.",
"2018","05/21/18 00:00:00","Rabbit Island","PJC","large marsh island","N","ROSP",,"N","Good coverage and good survey timing.",
"2018","05/21/18 00:00:00","Rabbit Island","PJC","large marsh island","N","FOTE",,"N","Good coverage and good survey timing.",
"2018","05/21/18 00:00:00","Rabbit Island","PJC","large marsh island","N","WHIB",,"N","Just a small group of nests.",
"2018","05/21/18 00:00:00","Rabbit Island","PJC","large marsh island","N","BCNH",,"N","Good coverage and good survey timing.",
"2018","05/21/18 00:00:00","Felicity Island","JRM","Beach, Grassy Marsh, Shrubs","N","BRPE",,"N","BRPE on WBN and PBN, likely in early incubation.  Few nests with 1-2 1-2 week old chicks.  BRPE in June with 3-5 week old chicks and many WBN in incubation posture.",
"2018","05/21/18 00:00:00","Felicity Island","JRM","Beach, Grassy, Marsh, Shrubs","N","ALL",,"N","Areas 1-13 dotted by KMR.  95%+ coverage.  Two small areas with little or no camera coverage.  May dotted for all species.",
"2018","05/21/18 00:00:00","Felicity Island","JRM","Beach, Grassy, Marsh, Shrubs","N","LAGU",,"N","LAGU on sites in incubation posture.  Some sites likely missed in tall grass owing to mainly Camera 2 coverage of the island.  LAGU in June with 1-2 brown chicks on nests, some fledged LAGU chicks on shoreline.",
"2018","05/21/18 00:00:00","Felicity Island","JRM","Beach, Grassy, Marsh, Shrubs","N","TRHE",,"N","TRHE on sites in incubation posture with few sites containing 2-3 1/3 grown, small, dark chicks.  June photos show many fledged TRHE interspersed througout the island.",
"2018","05/21/18 00:00:00","Felicity Island","JRM","Beach, Grassy, Marsh, Shrubs","N","BCNH",,"N","BCNH on sites in incubation posture in small numbers.",
"2018","05/21/18 00:00:00","Felicity Island","JRM","Beach, Grassy, Marsh, Shrubs","N","GREG",,"N","GREG on sites in incubation posture.  Few sites with 1-3, 1/3 grown, small white chicks.  GREG on sites in June with larger chicks, and some fledged chicks interspersed throughout the island.",
"2018","05/21/18 00:00:00","Felicity Island","JRM","Beach, Grassy, Marsh, Shrubs","N","SNEG",,"N","SNEG on sites in incubation posture and some sites with 2-3 1/2 grown, small white chicks.  Many fledged SNEG interspersed throughout the island in June photos.",
"2018","05/21/18 00:00:00","Felicity Island","JRM","Beach, Grassy, Marsh, Shrubs","N","ROYT",,"N","Large ROYT colony on sites in incubation posture in May.  June photos show a few groups of fledged ROYT throughout the island.",
"2018","05/21/18 00:00:00","Felicity Island","JRM","Beach, Grassy, Marsh, Shrubs","N","SATE",,"N","SATE on sites in incubation posture.  Very few adult SATEs in June photos.  Possible nest failure.",
"2018","05/21/18 00:00:00","Felicity Island","JRM","Beach, Grassy, Marsh, Shrubs","N","FOTE",,"N","Small groups of FOTE sites along wrack lines with birds in incubation posture.",
"2018","05/21/18 00:00:00","Felicity Island","JRM","Beach, Grassy, Marsh, Shrubs","N","WHIB",,"N","WHIB on sites in incubation posture in several small clusters, and one large group along east edge of island.  Poor image quality on dotted image for largest colony.  Fledged WHIB and adults still on sites in June.",
"2018","05/21/18 00:00:00","Felicity Island","JRM","Beach, Grassy, Marsh, Shrubs","N","ROSP",,"N","ROSP on sites in incubation posture in small numbers.  Large chicks on nests and fledged away from nests in June.",
"2018","05/21/18 00:00:00","Felicity Island","JRM","Beach, Grassy, Marsh, Shrubs","N","AWPE",,"N","Few AWPE birds interspersed throughout island along shoreline.",
"2018","05/19/18 00:00:00","Martin Island","JRM","Beach, Marsh","N","BRPE",,"N","BRPE birds along shoreline.  No indication of nesting.",
"2018","05/19/18 00:00:00","Martin Island","JRM","Beach, Marsh","N","FOTE",,"N","Small FOTE colony on sites in incubation posture on an inner wrack line.  Sites likely failed.  New nests in June photos in similar area to May sites, but no FOTE fledglings in June photos.",
"2018","05/19/18 00:00:00","Martin Island","JRM","Beach, Marsh","N","LAGU",,"N","Few LAGU sites in incubation posture.",
"2018","05/19/18 00:00:00","Martin Island","JRM","Beach, Marsh","N","ROYT",,"N","ROYT birds along shoreline.  No indication of nesting.",
"2018","05/19/18 00:00:00","Martin Island","JRM","Beach, Marsh","N","SATE",,"N","SATE birds along shoreline.  No indication of nesting.",
"2018","05/19/18 00:00:00","Brush Island","KLC","Beach, Grassy, Marsh, Shrubs","N","BRPE",,"N","Few BRPE on sites in incubation posture on northeast side of island; along margin of pond.",
"2018","05/19/18 00:00:00","Brush Island","KLC","Beach, Grassy, Marsh, Shrubs","N","LAGU",,"N","Sporadic LAGU sites interspersed throughout interior grassy and the beach in incubation posture.",
"2018","05/19/18 00:00:00","Brush Island","KLC","Beach, Grassy, Marsh, Shrubs","N","BLSK",,"N","A couple BLSK birds on the beach. No indication of nesting.",
"2018","05/19/18 00:00:00","Brush Island","KLC","Beach, Grassy, Marsh, Shrubs","N","SATE",,"N","SATE birds clustered along shoreline. No indication of nesting.",
"2018","05/19/18 00:00:00","Brush Island","KLC","Beach, Grassy, Marsh, Shrubs","N","ROYT",,"N","ROYT birds along shoreline. No indication of nesting.",
"2018","05/19/18 00:00:00","Isle au Pitre","KLC","Beach, Grassy, Marsh, Shrubs","N","LAGU",,"N","LAGU sites primarily in the intertior in incubation posture. Fewer sites interspersed along beach and margins of grass and beach habitat.",
"2018","05/19/18 00:00:00","Isle au Pitre","KLC","Beach, Grassy, Marsh, Shrubs","N","BRPE",,"Y","Large groups of BRPE on sites in shrub habitat. Majority of sites contain older chicks; fewer in incubation posture. New nests in June in similar areas in incubation. Immatures clustered along beach wrack line.",
"2018","05/19/18 00:00:00","Isle au Pitre","KLC","Beach, Grassy, Marsh, Shrubs","N","ROYT",,"N","Clusters of ROYT sites in June on periphery of large SATE beach colonies.",
"2018","05/19/18 00:00:00","Isle au Pitre","KLC","Beach, Grassy, Marsh, Shrubs","N","SATE",,"N","Large SATE colonies on the beach in incubation posture, surrounded by small clusters of ROYT sites. Smaller groups of individuals along shoreline.",
"2018","05/19/18 00:00:00","Isle au Pitre","KLC","Beach, Grassy, Marsh, Shrubs","N","BLSK",,"N","Widely-spaced BLSK sites on beach in incubation posture.",
"2018","05/21/18 00:00:00","Raccoon Island","KLC","Beach, Grassy, Marsh, Shrubs","N","BRPE",,"N","Majority of BRPE with young or old chicks; but many sites still in incubation posture. Few broods. Very few sites empty or abandoned; high productivity and nesting success. Immature birds grouped along interior pond margins.",
"2018","05/21/18 00:00:00","Raccoon Island","KLC","Beach, Grassy, Marsh, Shrubs","N","LAGU",,"N","Even distribution of LAGU sites in incubation posture. Prefers to nest associated with grassy interior and shrubs.",
"2018","05/21/18 00:00:00","Raccoon Island","KLC","Beach, Grassy, Marsh, Shrubs","N","ROYT",,"N","Long, narrow colonies mixed with groups of SATE. Distributed along margin of grass and edge of south beach.",
"2018","05/21/18 00:00:00","Raccoon Island","KLC","Beach, Grassy, Marsh, Shrubs","N","SATE",,"N","Smaller colonies mixed with groups of ROYT. Distributed along margin of grass and edge of south beach.",
"2018","05/21/18 00:00:00","Raccoon Island","KLC","Beach, Grassy, Marsh, Shrubs","N","TRHE",,"N","Few TRHE sites in incubation posture within BRPE colony.",
"2018","05/21/18 00:00:00","Raccoon Island","KLC","Beach, Grassy, Marsh, Shrubs","N","GREG",,"N","Small number of GREG sites within BRPE colony. Several with young chicks.",
"2018","05/21/18 00:00:00","Raccoon Island","KLC","Beach, Grassy, Marsh, Shrubs","N","SNEG",,"N","One SNEG site and over a dozen individuals observed interspersed with LAGU and BRPE sites.",
"2018","05/21/18 00:00:00","Raccoon Island","KLC","Beach, Grassy, Marsh, Shrubs","N","BCNH",,"N","Few BCNH sites and solitary individuals observed within BRPE colony.",
"2018","05/19/19 00:00:00","Brush Island","KLC","Beach, Grassy, Marsh, Shrubs","N","ALL",,"N","Areas 1-16 dotted by KLC.  95%+ coverage.  Camera 2 used for interior. May dotted for all species.",
"2018","05/19/19 00:00:00","Isle au Pitre","KLC","Beach, Grassy, Marsh, Shrubs","N",,,"Y","Areas 1-44 dotted May; 1-15 June. Full-coverage through Camera 1 and 2 combined.  May dotted for all species except terns. ROYT and SATE dotted in June. BRPE colony dotted from May in addition to small number of BRPE in June.  New BRPE sites in June.",
"2018","05/21/19 00:00:00","Raccoon Island","KLC","Beach, Grassy, Marsh, Shrubs","N","ALL",,"N","Areas 1-60 dotted by KLC.  95% coverage.  Camera 2 used for interior, cross-referenced with Camera 1 photos. May dotted for all species.",
"2018","05/20/18 00:00:00","New Harbor Island 3","RRR","Beach, marsh, grasses, shrubs.","N","BRPE",,"N","NHI3. BRPE mostly observed sitting on WBN and nests with chicks; chicks not leaving nest yet but most were fairly large with gray on back; many independent chicks widespread across island in June.",
"2018","05/20/18 00:00:00","New Harbor Island 3","RRR","Beach, marsh, grasses, shrubs.","N",,,"N","NHI3. Northernmost areas of island had no nesting birds but a few LAGU sites. 100% of island used by nesting birds analyzed.",
"2018","05/21/18 00:00:00","Raccoon Island","RRR","Beach, marsh, grasses, shrubs.","N","LAGU",,"N","LAGU observed on sites throughout island; no chicks seen.",
"2018","05/21/18 00:00:00","Raccoon Island","RRR","Beach, marsh, grasses, shrubs.","N","AWPE",,"N","Only 1 bird observed; no nests.",
"2018","05/21/18 00:00:00","Raccoon Island","RRR","Beach, marsh, grasses, shrubs.","N","BRPE",,"N","Few WBN, mostly nests with chicks varying in age as well as broods and chicks wandering with adults present. Chicks everywhere in June.",
"2018","05/21/18 00:00:00","Raccoon Island","RRR","Beach, marsh, grasses, shrubs.","N","SATE",,"N","Large colonies mixed with ROYT on N side beach; no chicks seen.",
"2018","05/21/18 00:00:00","Raccoon Island","RRR","Beach, marsh, grasses, shrubs.","N","ROYT",,"N","Large colonies; no chicks seen.",
"2018","05/21/18 00:00:00","Raccoon Island","RRR","Beach, marsh, grasses, shrubs.","N","CATE",,"N","CATE on sites in grass along beach; no chicks seen.",
"2018","05/21/18 00:00:00","Raccoon Island","RRR","Beach, marsh, grasses, shrubs.","N","BLSK",,"N","BLSK observed on sites on N side of island but many standing around nearby; no chicks seen.",
"2018","05/21/18 00:00:00","Raccoon Island","RRR","Beach, marsh, grasses, shrubs.","N","AMOY",,"N","One bird observed in incubation posture on nest; no other apparent nesting.",
"2018","05/21/18 00:00:00","Raccoon Island","RRR","Beach, marsh, grasses, shrubs.","N","GREG",,"N","Sites mixed with ROSP and BRPE sites. 80% of nests contained chicks varying in age. Few adults on nests in June.",
"2018","05/21/18 00:00:00","Raccoon Island","RRR","Beach, marsh, grasses, shrubs.","N","TRHE",,"N","Only 2 sites observed with adult incubating; no chicks seen.",
"2018","05/21/18 00:00:00","Raccoon Island","RRR","Beach, marsh, grasses, shrubs.","N","WHEG",,"N","Single egret site observed from CAM2 photo; unable to ID species.",
"2018","05/21/18 00:00:00","Raccoon Island","RRR","Beach, marsh, grasses, shrubs.","N","ROSP",,"N","Adults on nests mixed with GREG and BRPE sites in scrub along lagoon on interior of island; no chicks observed.",
"2018","05/21/18 00:00:00","Raccoon Island","RRR","Beach, marsh, grasses, shrubs.","N","BCNH",,"N","4 birds observed; no apparent nesting sites.",
"2018","05/21/18 00:00:00","Raccoon Island","RRR","Beach, marsh, grasses, shrubs.","N","all",,"N","BRPE, GREG, ROYT, and SATE chicks greatly dispersed from breeding sites in June to shoreline and inland pools. Very little CAM1 coverage of interior of island and most BRPE sites so many CAM2 images were used.",
"2018","05/19/18 00:00:00","Long Bay Island","RRR","Some beach, sand, grasses, shrubs, marsh","N","BRPE",,"N","Only roosting birds along shoreline observed, no nests.",
"2018","06/23/18 00:00:00","Long Bay Island","RRR","Some beach, sand, grasses, shrubs, marsh","N","ROYT",,"N","Only roosting birds along beach/marsh observed in May; June photos showed some in incubation posture on beach that might usually be underwater [later deemed roosters by PJC and RRR].",
"2018","05/19/18 00:00:00","Long Bay Island","RRR","Some beach, sand, grasses, shrubs, marsh","N","TRHE",,"N","TRHE observed sitting on sites; no chicks observed; had to use CAM2 photos for main colony as there was no CAM1 coverage of the most inland sites; no photo coverage in June.",
"2018","05/19/18 00:00:00","Long Bay Island","RRR","Some beach, sand, grasses, shrubs, marsh","N","BLSK",,"N","One bird observed standing along beach; no nests observed on island.",
"2018","05/19/18 00:00:00","Long Bay Island","RRR","Some beach, sand, grasses, shrubs, marsh","N","WHIB",,"N","Just over 100 sites observed with WHIB in incubation posture on nests; no chicks observed; had to use CAM2 photos for main colony as there was no CAM1 coverage of the most inland sites; no photo coverage in June.",
"2018","05/19/18 00:00:00","Long Bay Island","RRR","Some beach, sand, grasses, shrubs, marsh","N","AWPE",,"N","6 birds observed standing along shoreline; no nests on island.",
"2018","05/19/18 00:00:00","Long Bay Island","RRR","Some beach, sand, grasses, shrubs, marsh","N","ALL",,"N","Good photo coverage of island in May, 100% of colony analyzed from May photos except one penisula that was only photographed in June with nesting ROYT.",
"2018","06/24/18 00:00:00","New Harbor Island 1","RRR","Beach, marsh, grasses, shrubs.","N","LAGU",,"N","LAGU observed nesting along wrack lines and interior on edge of marsh; no chicks observed",
"2018","06/24/18 00:00:00","New Harbor Island 1","RRR","Beach, marsh, grasses, shrubs.","N","BRPE",,"N","Only roosting birds along beach and in shrubs",
"2018","05/20/18 00:00:00","Little Bird Island","PJC","none","N",,,"N","island no longer exists",
"2018","06/24/18 00:00:00","New Harbor Island 1","RRR","Beach, marsh, grasses, shrubs.","N","TRHE",,"N","3 birds observed wading in marsh.",
"2018","06/24/18 00:00:00","New Harbor Island 1","RRR","Beach, marsh, grasses, shrubs.","N","ROYT",,"N","ROYT observed in small colonies on beach mixed with SATE; no chicks observed. [no SATE/ROYT nests - PJC]",
"2018","06/24/18 00:00:00","New Harbor Island 1","RRR","Beach, marsh, grasses, shrubs.","N","SATE",,"N","SATE observed in small mixed colonies with ROYT; no chicks observed; more nesting sites than ROYT. [no SATE/ROYT nests - PJC]",
"2018","06/24/18 00:00:00","New Harbor Island 1","RRR","Beach, marsh, grasses, shrubs.","N","FOTE",,"N","Only 6 sites identified throughout colony; FOTE observed sitting on sites in wrack lines.",
"2018","05/20/18 00:00:00","New Harbor Island 1","RRR","Beach, marsh, grasses, shrubs.","N","BLSK",,"N","Only 4 BLSK sites observed in May, no photo coverage in June.",
"2018","06/24/18 00:00:00","New Harbor Island 1","RRR","Beach, marsh, grasses, shrubs.","N",,,"N","Only photo coverage of SATE and ROYT colonies in June from CAM2.; May photos only showed roosting birds and BLSK. [no SATE/ROYT nests - PJC]",
"2018","05/20/18 00:00:00","New Harbor Island 3","RRR","Beach, marsh, grasses, shrubs.","N","GREG",,"N","NHI3. Only 4 sites observed, 3 with young chicks still in nest.",
"2018","05/20/18 00:00:00","New Harbor Island 3","RRR","Beach, marsh, grasses, shrubs.","N","TRHE",,"N","NHI3. 2 TRHE birds observed in May, no nests.",
"2018","05/20/18 00:00:00","New Harbor Island 3","RRR","Beach, marsh, grasses, shrubs.","N","LAGU",,"N","NHI3. LAGU observed sitting on sites and in brooding posture; no chicks observed.",
"2018","06/23/18 00:00:00","Drum Bay Island","RRR","Marsh, grasses, shrubs","N","LAGU",,"N","No photos taken in May; only LAGU seen on nests in June; one nest with chick.",
"2018","05/19/18 00:00:00","Long Bay Island","RRR","Marsh, grasses, shrubs","N","LAGU",,"N","LAGU observed sitting on sites; no chicks observed; birds still observed incubating in June.",
"2015","06/21/15 00:00:00","Biloxi North 27","PJC","Marsh island w. beaches","N","BLSK/GBTE",,"N","On north beaches; many BLSK possibly brooding small chicks; 1 GBTE chick seen, away form nest but attended",
"2015","05/17/15 00:00:00","Biloxi North 27","PJC","Marsh island w. beaches","N","BLSK/GBTE",,"N","BLSK/GBTE present in good #s in May, but June reflected peak breeding better",
"2015","05/17/15 00:00:00","Gosier Islands South","PJC","barrier beach island","N",,,"N","BLSK/CATE present in good #s, setting up; few ROYT/SATE in non-breeding habitat; BRPE roost; nothing to dot compared w. June",
"2015","05/17/15 00:00:00","Gosier Islands North","PJC","barrier beach island","N",,,"N","BLSK/GBTE setting up; few ROYT/SATE in non-breeding habitat",
"2015","06/21/15 00:00:00","Gosier Islands North","PJC","barrier beach island","N",,,"N","excellent ROYT/SATE/CATE coverage; a little harder to tell if BLSK/GBTE coverage was 100%",
"2015","06/21/15 00:00:00","Gosier Islands South","PJC","barrier beach island","N",,,"N","excellent ROYT/SATE/CATE coverage; a little harder to tell if BLSK/GBTE coverage was 100%",
"2015","06/21/15 00:00:00","Biloxi North 42","PJC","marsh island","N","FOTE",,"N","Complete coverage; incubation posture; birds present in May, but fewer",
"2015","06/22/15 00:00:00","Beauvoir","PJC","Mainland beach","N","BLSK",,"N","No birds; just two photos on 18 May and none in June",
"2015","05/17/15 00:00:00","Biloxi North 31","PJC","marsh island","N","FOTE/LAGU",,"N","Just a 50m long island remained; under water by 2018 surveys; aka Higginbotham Island",
"2015","06/22/15 00:00:00","Biloxi North 31","PJC","marsh island","N","FOTE/LAGU",,"N","a few birds of both spp. still present, but May the better count",
"2015","05/16/15 00:00:00","Pelican Island","PJC",,"N","BRPE",,"N","former colony w. 100s of nests; 1 philopatric pair nesting on the only available square meter of dry land; submerged by June",
"2015","05/18/15 00:00:00","Biloxi Lake B 2","PJC",,"N",,,"N","Surveyed May and June, but no photos",
"2015","06/20/15 00:00:00","Barataria Bay 5 AB","PJC","marsh island","N","FOTE",,"N","No birds at all; same for 16 May",
"2015","06/20/15 00:00:00","Barataria Bay 12","PJC","marsh island","N","FOTE",,"N","No birds at all; same for 16 May",
"2015","06/20/15 00:00:00","Fricot Bayou Island","PJC","marsh island","N","FOTE",,"N","No birds at all; same for 16 May",
"2015","05/16/15 00:00:00","Beauregard Island","PJC","marsh island w. beaches","N",,,"N","No nests; lots of trash; no nests on 6/20 either",
"2015","06/20/15 00:00:00","Barataria Bay 6","PJC","marsh island","N",,,"N","No birds at all; same for 16 May",
"2015","05/16/15 00:00:00","Terrebonne Bay 1","PJC","marsh, shrubs, beach","N","LAGU",,"N","Complete count; incubating, and many mates present; some chicks conspicuous in June; much of island veg seemingly killed off by June (from BRPE nesting?)",
"2015","05/16/15 00:00:00","Terrebonne Bay 1","PJC","marsh, shrubs, beach","N","ROYT",,"N","Just a small group; some chicks evident in June; no evidence of colony growth from May to June and little habitat available",
"2015","06/20/15 00:00:00","Terrebonne Bay 1","PJC","marsh, shrubs, beach","N","BRPE",,"N","Complete count; incubating, along with some territorial birds; very few birds and no nests in May",
"2015","06/21/15 00:00:00","Biloxi South 15","PJC","marsh island","N",,,"N","No birds at all; none 17 May either; island about 100m x 50m",
"2015","05/17/15 00:00:00","Biloxi North 41","PJC","marsh island","N","FOTE",,"N","incubation posture; some mates; island empty 21 June",
"2015","06/21/15 00:00:00","Biloxi North 26","PJC","marsh island","N","LAGU/TRHE",,"N","complete coverage; counted June because TRHE seemed more abundant than in May; May had a group of 9 ROYT in potential breeding habitat, but just standing; 4 roosting BRPE in May too",
"2015","06/21/15 00:00:00","Biloxi North 22","PJC","marsh island","N",,,"N","no birds, and no birds 17 May; just a 30 m strip of marsh left",
"2015","05/17/15 00:00:00","Biloxi North 28","PJC","marsh island","N","FOTE",,"N","Likely flooded in May but not inspected in June; still visible in later satellite images; but see BS16 for May flooding",
"2015","05/17/15 00:00:00","Biloxi North 25","PJC","marsh island","N","LAGU/TRHE",,"N","Complete coverage; things pretty much the same in June",
"2015","06/21/15 00:00:00","Biloxi South 16","PJC","marsh island","N",,,"N","No birds at all; flooding evident in 17 May photos",
"2015","05/16/15 00:00:00","Barataria Bay 13","PJC","marsh shrubs","N","GREG",,"N","Some large chicks off nests; colony empty on 20 June, presumably fledged and dispersed",
"2015","05/16/15 00:00:00","Cat Bay Island","PJC",,"N",,,"N","no breeding habitat; tiny sand spit overwashed; mangrove woody trunks poking through the water",
"2015","06/22/15 00:00:00","Lanark Reef West","PJC","beach, grass, shrubs","N","BLSK",,"Y",,
"2015","05/18/15 00:00:00","Lanark Reef West","PJC","beach, grass, shrubs","N","GBTE",,"Y",,
"2015","06/22/15 00:00:00","Flag Island North","PJC","Sandspit","N","LETE",,"N","Just 1 photo available; likely incomplete coverage; Cam 2 May coverage indicates only roosting birds of other spp. at the south end",
"2015","06/22/15 00:00:00","Flag Island South","PJC","Sandspit w. patchy vegetation","N",,,"N","Tern and skimmer coverage excellent; colonies tight; just a few BLSK in May in breeding areas",
"2015","05/18/15 00:00:00","Lanark Reef-Pelican Lump","PJC","beach, grass, shrubs","N","LAGU",,"N","good coverage",
"2015","06/21/15 00:00:00","Anderson Point Island","PJC","Herbasceous marsh","N","FOTE",,"N","on wrackline at south end of island; surveyed but no photos in May",
"2015","06/21/15 00:00:00","Hell Pass Coast A","PJC","Marsh; beaches at N end","N","TRHE",,"N","Clearly more birds in June; coverage good; big island, but not a lot of birds",
"2015","05/17/15 00:00:00","Hell Pass Coast A","PJC","Marsh; beaches at N end","N","CATE/GBTE",,"N","Only present in May; likely failed",
"2015","05/17/15 00:00:00","Hell Pass Coast A","PJC","Marsh; beaches at N end","N","LAGU",,"Y","Big island, but not a big LAGU colony; counted them with TRHE/SNEG June coverage and with BLSK/CATE coverage",
"2015","05/17/15 00:00:00","Hell Pass Coast A","PJC","Marsh; beaches at N end","N","BLSK",,"N","Counted for May; birds moving around; few sites; fewer still in June",
"2015","05/16/15 00:00:00","Bastian Island","PJC","beach","N",,,"N","Just a small group of prospecting ROYT/SATE in potential breeding habitat",
"2015","06/20/15 00:00:00","Bastian Island","PJC","beach","N",,,"N","Just roosting BRPE/LAGU/terns at a north spit; only the May prospecters were dotted",
"2015","05/16/15 00:00:00","Manilla Island","PJC","marsh island","N",,,"N","No birds",
"2015","06/20/15 00:00:00","Manilla Island","PJC","marsh island","N","FOTE",,"N","Complete coverage; many in incubation posture; some mates present; no chicks visible",
"2015","05/17/15 00:00:00","Biloxi North 30 A","PJC","marsh island","N",,,"N","No birds in May or June; just a 50 m length of marsh left; 30 B under water",
"2015","06/21/15 00:00:00","Comfort Island","PJC","marsh island w. pocket beaches","N","FOTE",,"N","Coverage likely complete; mostly incubation posture",
"2015","05/17/15 00:00:00","Comfort Island","PJC","marsh island w. pocket beaches","N",,,"N","Small #s of roosting BRPE and ROYT/SATE and others; no nesting activity",
"2015","05/17/15 00:00:00","Birdsfoot East 3","PJC","beach, shrubs","N",,,"N","roostings terns, skimmers, and ducks photographed in May; no photos in June",
"2015","06/21/15 00:00:00","Biloxi South 17","PJC","marsh island","N","FOTE",,"N","complete coverage; no photos on 17 May",
"2015","05/17/15 00:00:00","Freemason Island","PJC","sandspit","N",,,"N","Just roosting birds, not all of which were counted; surveyed but not photographed in June",
"2015","05/17/15 00:00:00","Biloxi South 9","PJC","marsh island with beaches","N","CATE",,"N","Best nest count in May; many small chicks present in June, attended by adults, having wandered from nest sites; partial count was dotted for June",
"2015","06/21/15 00:00:00","Biloxi South 9","PJC","marsh island with beaches","N","LAGU",,"N","Good count, if maybe slightly incomplete",
"2015","06/21/15 00:00:00","Biloxi South 9","PJC","marsh island with beaches","N","BLSK",,"N","June clearly best for breeding pop., though beach full of more birds in May",
"2015","06/21/15 00:00:00","Biloxi South 10 C","PJC","marsh island with beaches","N",,,"N","No Nests; just about 20 roosting LAGU; No Nests in May either; this is the northernmost island in BS10",
"2015","06/21/15 00:00:00","Biloxi South 10 A","PJC","marsh island with beaches","N",,,"N","No Nests and No Birds; No Nests in May either; just 2 WHIB and 2 LAGU noted in 17 May Ovs",
"2015","06/21/15 00:00:00","Biloxi South 4 A","PJC","marsh island","N",,,"N","No breeding habitat remained; roosting birds only; no photos in May",
"2015","06/21/15 00:00:00","Biloxi South 4 B","PJC","marsh island","N","LAGU",,"N","Complete coverage; mostly incubation posture; just 2 chicks w. an adult seen; in May pairs and standing birds conspicuous, including in habitat later likely flooded",
"2015","06/21/15 00:00:00","Biloxi South 4 B","PJC","marsh island","N","FOTE",,"N","Complete coverage; mostly incubation posture; no birds on 17 May",
"2015","06/21/15 00:00:00","Biloxi South 4 B","PJC","marsh island","N","BLSK",,"N","< 20 birds in both months; no evidence of breeding",
"2015","05/18/15 00:00:00","Horn Island","PJC","sandspit","N",,,"N","roosting birds only, including a second-year Herring Gull; surveyed but not photographed in June; SLF27 2010 location that had BLSK/GBTE sites",
"2015","05/17/15 00:00:00","Biloxi South 14","PJC","marsh island","N","FOTE",,"N","some birds in incubation posture, but many likely pre-egglaying; no birds at all in June",
"2015","05/17/15 00:00:00","Breton Island","MWP","marsh/sand","N","BRPE",,"Y","excellent photos and coverage; some birds setting up and counted in June; chicks seen were mostly 1-3 weeks old but small group of 5 week old chicks seen; abn and empty nest sites appear to be higher than normal",
"2015","06/21/15 00:00:00","Breton Island","MWP","marsh/sand","N","BRPE",,"Y","excellent photos; counted areas not covered in May photos due to birds just setting up in May; the June areas counted had fewer abn and empty nests seen;","older chicks observed in marsh type habitat but very few older chicks (<9+ weeks) seen in the sand/upland type habitats where there should be these chicks based on May surveys; this suggests low reproductive year for these areas in particular"
"2015","05/17/15 00:00:00","Breton Island","MWP","sand dune/upland","N","ROYT",,"Y","excellent photos; used May for majorty of area except newly formed groups seen only in June surveys; lots of young chicks seen in June surveys suggesting that hatching success was high for this species",
"2015","06/21/15 00:00:00","Breton Island","PJC","sand dune/upland","N","ROYT",,"Y","excellent photos; PJC counted these groups; coverage appeared good; lots of chicks seen in and adjacent to May nesting groups as described in May entry above",
"2015","05/17/15 00:00:00","Breton Island","MWP","sand dune/upland","N","SATE",,"Y","excellent photos; used May for majorty of area except newly formed groups seen only in June surveys; lots of young chicks seen in June surveys suggesting that hatching success was high for this species","older chicks observed in marsh type habitat but very few older chicks (<9+ weeks) seen in the sand/upland type habitats where there should be these chicks based on May surveys; this suggests low reproductive year for these areas in particular"
"2015","06/21/15 00:00:00","Breton Island","PJC","sand dune/upland","N","SATE",,"Y","excellent photos; PJC counted these groups; coverage appeared good; lots of chicks seen in and adjacent to May nesting groups as described in May entry above",
"2015","05/17/15 00:00:00","Breton Island","MWP","marsh/sand dune","N","LAGU",,"Y","used May photos for a majority of the surveys except in areas where BRPE were counted in June; LAGU counted in conjunction with BRPE for areas where the 2 species overlapped; a couple areas solely with nesting LAGU counted in May",
"2015","06/21/15 00:00:00","Breton Island","MWP","sand dune/upland","N","LAGU",,"Y","used June photos where BRPE nesting and tern nesting was newly formed in June;",
"2015","06/21/15 00:00:00","Breton Island","MWP","sand dune","N","BLSK",,"N","Only June photos used for BLSK. May the birds did not appear to be on eggs. June surveys appeared to have good coverage; both MWP and PJC counted BLSK areas",
"2015","05/17/15 00:00:00","Breton Island","MWP","sand dune","N","CATE",,"Y","Mostly May used for this species; 1 site seen in June amongst BLSK and likely is a new site; all other sites appeared to be hatched out in June survey. Good coverage and excellent photos; birds flushed during survey and used both Cam1 and Cam 2 photos","to interpret sites; only cam 2 photo dotted"
"2015","06/21/15 00:00:00","Breton Island","MWP","sand dune","N","CATE",,"Y","only one new site seen during June survey but it should be counted in the total nest sites for this species",
"2015","06/21/15 00:00:00","Breton Island","PJC","sand dune","N","GBTE",,"N","a few GBTE seen and counted near BLSK groups in June. Complete coverage probably didn't happen as all areas of habitat for this species not photographed.",
"2015","05/17/15 00:00:00","Breton Island","mwp","upland area","N","HERG",,"N","one site seen in May and June helping to confirm this as a nesting species; nesting material can be seen around bird especially in June photos;  June photos helped confirm species identification. First known site for this species at Breton possibly",
"2015",,"Brush Island","RSW",,"N","ROYT",,"N","No chicks or other sign of ROYT breeding success from small group on sites in May.",
"2015",,"Long Bay Island","RSW",,"N","BRPE",,"N","No new BRPE Breeding groups in June; previous colony sites from May mostly vacant in June, indic. Abandoment, except for a few.",
"2015",,"Drum Bay Island","RSW",,"N","BRPE",,"Y","Small-scale abandonment in June from May sites; new nesting efforts in June, asyncronous breeding, sum both months.","closely brooded chicks in June indicate successful attempts from May."
"2015",,"Audubon Island","RSW",,"N","BRPE",,"N","May was best month to count BRPE and other species. No new breeding groups in June for BRPE.",
"2015",,"Biloxi North 4","RSW",,"N","CATE",,"N","No CATE colonies in May, but CATE colonies were in June so counted for June.",
"2015",,"Biloxi North 4","RSW",,"N","ROSP",,"N","ROSP counted for May, not present in June. June and May photos covered different areas.",
"2015",,"Biloxi North 4","RSW",,"N","WHIB",,"N","WHIB counted for May, not present in June. June and May photos covered different areas.",
"2015",,"Biloxi North 4","RSW",,"N","LAGU",,"Y","LAGU counts combined for May and June because May and June areas covered different areas.",
"2015",,"Biloxi North 4","RSW",,"N","AMOY",,"N","AMOY only present in June images.",
"2015",,"Biloxi North 4","RSW",,"N","BRPE",,"N","BRPE only present in June images.",
"2015",,"Biloxi North 3","RSW",,"N","BLSK",,"N","Far fewer birds in June, many non-breeding flying birds. Some BLSK from May still incubating in June. Many May BLSK just pairing up, prospecting.",
"2015",,"Biloxi North 3","RSW",,"N","GBTE",,"N","GBTE colonies counted for May because were more prevalent and abundant in May. Only handful of GBTE birds and sites in June.",
"2015",,"Bayou Pintou","RSW",,"N","BLSK",,"N","BLSK colonies more established, complete, and robust in June images than in May.",
"2015",,"Bayou Pintou","RSW",,"N","FOTE",,"N","FOTE sites found in racklines in June images.",
"2015",,"Bayou Pintou","RSW",,"N","ROYT",,"N","ROYT present in June not in May.",
"2015",,"Isle au Pitre","RSW",,"N","BLSK",,"N","BLSK colonies present in May images but not in June. Survey date 18May2015",
"2015",,"Isle au Pitre","RSW",,"N","CATE",,"N","CATE with SATE roosts and GBTE sites present in May on one beach. No terns present in June, therefore no breeding success for terns.  Survey date 18May2015",
"2015",,"Biloxi North 12","RSW",,"N","LAGU",,"N","LAGU colonies in May most representative of breeding. June had some LAGU sites, but not as many.",
"2015","05/16/15 00:00:00","Cat Bay South Island","PJC",,"N",,,"N","No nests; island ~ 50m wide, 150m long, and denuded of vegetation; sandy shoreline, flooded center",
"2015","06/20/15 00:00:00","Cat Bay South Island","PJC",,"N",,,"N","Not dotted; roosting birds only, as in May",
"2015","05/16/15 00:00:00","Cat Bay North Island","PJC","beach, marsh, mangrove","N",,,"N","Complete coverage",
"2015","06/20/15 00:00:00","Cat Bay North Island","PJC","beach, marsh, mangrove","N","ROYT",,"N","~ 20 brooded chicks in a vegetated area; some of the colony likely flooded since 16 May",
"2015","06/20/15 00:00:00","Cat Bay North Island","PJC","beach, marsh, mangrove","N","BRPE",,"N","about 20 scattered nests w. a bird in incubation posture; ca. 200 young of the year, from some no longer w. chick plumage to some still at nest sites",
"2015",,"Biloxi North 11","RSW",,"N","LAGU",,"N","Some present in June, but May is most representative of LAGU breeding colony and has more LAGU sites.",
"2015",,"Biloxi North 36","RSW",,"N","WHIB",,"N","Some nest sites from May still present in June, but May most representative of WHIB colony and has more LAGU sites.",
"2015",,"Biloxi North 10","RSW",,"N","WHIB",,"Y","New small breeding groups of WHIB in June that could have been later established. Large WHIB colony in May still present in June.",
"2015",,"Biloxi North 40","RSW",,"N","FOTE",,"N","June images counted for FOTE. One primary breeding colony, but a couple individual sites sprinkled lightly throughout island.","May survived but no photos in May, likely because no colonies were observed."
"2015",,"Half Moon Island","RSW",,"N","LAGU",,"N","about 50-60% coverage, throughout entire island",
"2015",,"Half Moon Island","RSW",,"N","TRHE",,"N","100% coverage many sites and individuals, some still present in June.",
"2015",,"Half Moon Island","RSW",,"N","FOTE",,"N","100% coverage; counted in May, FOTE colonies in May likely not there in June.",
"2015",,"Half Moon Island","RSW",,"N","BLSK",,"N","100% coverage; counted in June. Skimmers also present in same areas in May, but more likely to be breeding in June.",
"2015",,"Half Moon Island","RSW",,"N","ROYT",,"N","100% coverage; non-breeding ROYT in June, likely just checking out island",
"2015",,"Half Moon Island","RSW",,"N","CATE",,"N","100% coverage; a couple of isolated individuals in May, non-breeding",
"2015",,"Half Moon Island","RSW",,"N","SNEG",,"N","100% coverage; some sites and birds in May, some nonbreeding individuals in June, but no sites in June images counted.",
"2015",,"Half Moon Island","RSW",,"N","BRPE",,"N","non-breeding BRPE groups hanging out by the coastline, generally not paired. In May, there was only one PBE but not present in June.",
"2015",,"Dry Bread Island","RSW",,"N","LAGU",,"N","100% coverage, colony robust in May, not in June.",
"2015",,"Dry Bread Island","RSW",,"N","TRHE",,"Y","100% coverage, count both months because some new TRHE sites were established in June.",
"2015",,"Dry Bread Island","RSW",,"N","SNEG",,"Y","100% coverage, a few individuals in May, but more in June, however were in different areas.",
"2015",,"Dry Bread Island","RSW",,"N","AMOY",,"N","100% coverage, 1 site in May, and two birds in June.",
"2015",,"Dry Bread Island","RSW",,"N","REEG",,"N","100% coverage, 1 site and 1 bird in May",
"2015",,"Dry Bread Island","RSW",,"N","FOTE",,"N","100% coverage, robust colony in May that had largely left in June, except for a handful of remaining individuals.",
"2015",,"Dry Bread Island","RSW",,"N","WHIB",,"N"," 100% coverage, count for May because more individuals and sites in May than in June.",
"2015",,"Dry Bread Island","RSW",,"N","ROSP",,"N","100% coverage, individual ROSP found in both May and June, could be a lone wader or separated from migrating group.",
"2015",,"Birdsfoot West 4","RSW",,"N","GBTE",,"N","100% coverage",
"2015",,"Birdsfoot West 4","RSW",,"N","BLSK",,"N","100% coverage, Many breeding pairs but very few obvious established sites.",
"2015",,"Birdsfoot West 5","RSW",,"N","GREG",,"N","100% coverage, many nests with chicks and or eggs in them already in May and were successful breeding events (chicks in June present)",
"2015",,"Birdsfoot West 5","RSW",,"N","ANHI",,"N","100% coverage, one site and another female ANHI perched on treetop; no others, not there in June so hard to determine breeding success.",
"2015","06/20/15 00:00:00","Birdsfoot East 4","RSW","phragmites","N","WHIB",,"N","Robust WHIB colony with numerous established sites and some hatchlings; surveyed but no photos 16 May",
"2015",,"Biloxi South 6","RSW",,"N","FOTE",,"N","100% coverage of FOTE colonies in May. 100% coverage in June but no FOTE remaining.",
"2015","06/20/15 00:00:00","Bay Chaland Island","RSW","marsh island","N","FOTE",,"N","100% coverage, not surveyed in May; large FOTE chicks  visible, dotted nearby adults as FOTE C",
"2015",,"Deadman Point","RSW",,"N","TRHE",,"N","100% coverage, not surveyed in May, some large TRHE chicks visible (screenshots corrected from GLIB marking to TRHE Chicks w/o adult)",
"2015",,"Deadman Point","RSW",,"N","LAGU",,"N","100% coverage, not surveyed in May",
"2015",,"Deadman Point","RSW",,"N","BRPE",,"N","100% coverage, not surveyed in May. Mostly WBN, some PBN indicating either late breeding or second attempt.",
"2015",,"Deadman Point","RSW",,"N","SNEG",,"N","100% coverage, not survyed in May",
"2015",,"Deadman Point","RSW",,"N","GREG",,"N","100% coverage, not surveyed in May",
"2015",,"Deadman Point","RSW",,"N","AWPE",,"N","100% coverage, not surveyed in May. Roosting birders along shoreline, non-breeding.",
"2015",,"Deadman Point","RSW",,"N","ROYT",,"N","100% coverage, ROYT birds along shoreline, non-breeding.",
"2015",,"Deadman Point","RSW",,"N","LBHE",,"N","100% coverage, singular bird",
"2015",,"Deadman Point","RSW",,"N","GBHE",,"N","100% coverage, singular bird",
"2015","05/16/15 00:00:00","Skimmer Island","KMR","Dense shrubs, grass, and bare ground.","N","GBHE",,"N","Many sites with incubating adults or chick nests without adults; YY are 1/4-1/3 grown; eggs observed; incomplete photo coverage.",
"2015","05/16/15 00:00:00","Skimmer Island","KMR","Dense shrubs, grass, and bare ground.","N","BLSK",,"N","Two active sites found in a white sand area surrounded by grass; birds appeared to be in incubating posture; no photos taken in June of area where BLSK were found.",
"2015","05/16/15 00:00:00","Skimmer Island","KMR","Dense shrubs, grass, and bare ground.","N","WHIB",,"N","Complete range of phenology, with cresched chick groups to newly building colony with pairs of adults standing at ""territories"".  Young were observed hiding at edges of Arundo-like grass, so many were not observable; perhaps 20% of broods were obscured…","……by vegetation.  Two YY/pair was used to calculate brood size in groups of chicks."
"2015","05/16/15 00:00:00","Skimmer Island","KMR","Dense shrubs, grass, and bare ground.","N","ROSP",,"N","Most birds observed in incubating posture; some 1/3 grown YY seen.",
"2015","05/16/15 00:00:00","Skimmer Island","KMR","Dense shrubs, grass, and bare ground.","N","REEG",,"N","Birds observed in incubation posture on sites; no YY  seen.",
"2015","05/16/15 00:00:00","Skimmer Island","KMR","Dense shrubs, grass, and bare ground.","N","BCNH",,"N","Birds observed in incubation posture on sites; no YY  seen.",
"2015","05/16/15 00:00:00","Skimmer Island","KMR","Dense shrubs, grass, and bare ground.","N","SNEG",,"N","Many sites with incubating adults or chick nests without adults; YY are 1/3-1/2 grown; incomplete photo coverage.",
"2015","06/20/15 00:00:00","Skimmer Island","KMR","Dense shrubs, grass, and bare ground.","N",,,"N","Big chicks observed with many empty nests, appearing ""messy"".  Many species still on sites, but due to the fact that many YY of multiple species had dispersed, May was used for BPE.",
"2015","06/20/15 00:00:00","Belle Pass East","KMR","Mangrove, dense shrubs, open water.","N",,,"N","Chicks everywhere in June.  May used for BPE.",
"2015","05/16/15 00:00:00","Belle Pass East","KMR","Mangrove, dense shrubs, open water.","N","GREG",,"N","Birds observed on sites in incubating posture, with eggs, and with 1/2-2/3 grown YY.",
"2015","05/16/15 00:00:00","Belle Pass East","KMR","Mangrove, dense shrubs, open water.","N","WHIB",,"N","Birds on sites with a few pairs still establishing sites, seen on ""territories""; no YY seen.",
"2015","05/16/15 00:00:00","Belle Pass East","KMR","Mangrove, dense shrubs, open water.","N","SNEG",,"N","Birds hunkered on sites in incubation posture; chicks also present with 1/3 grown YY seen.",
"2015","05/16/15 00:00:00","Belle Pass East","KMR","Mangrove, dense shrubs, open water.","N","ROSP",,"N","Most birds in incubation posture on sites but 1/3 grown YY also seen.",
"2015","05/16/15 00:00:00","Belle Pass East","KMR","Mangrove, dense shrubs, open water.","N","BCNH",,"N","Most birds in incubation posture on sites but 1/3 grown YY also seen.",
"2015","05/16/15 00:00:00","Belle Pass East","KMR","Mangrove, dense shrubs, open water.","N","TRHE",,"N","Most birds in incubation posture on sites but 1/3-1/2 grown YY also seen.",
"2015","05/16/15 00:00:00","Belle Pass East","KMR","Mangrove, dense shrubs, open water.","N","REEG",,"N","Birds observed in incubation posture.",
"2015","05/16/15 00:00:00","Belle Pass East","KMR","Mangrove, dense shrubs, open water.","N",,,"N","General notes: incomplete photo coverage, but estimated that 95% of active nests were photographed. The colony location on the KMZ is about 1500 feet south of the main colony in 2015, with dispersed egret/heron nests extending another 1500 feet to the N.",
"2015","05/16/15 00:00:00","Birdsfoot West 3","KMR","Phragmites.","N","WHIB",,"Y","Birds on sites in May, incubating or brooding newly hatched YY.  No photos of small peripheral island where WHIB were found in June.",
"2015","05/16/15 00:00:00","Birdsfoot West 3","KMR","Phragmites.","N","BCNH",,"Y","Birds on sites in May, incubating or brooding; no YY seen.",
"2015","05/16/15 00:00:00","Birdsfoot West 3","KMR","Phragmites.","N","CAEG",,"N","Birds on sites, incubating; no YY seen.",
"2015","05/16/15 00:00:00","Birdsfoot West 3","KMR","Phragmites.","N","LBHE",,"N","Birds on sites, incubating eggs and or newly hatched YY; only a few photos taken in June but Cam1 showed the colony was still active with large chicks present.",
"2015","05/16/15 00:00:00","Bayou Platte Island North","KMR","Mostly barren sand, sparse low vegetation.","N","BLSK",,"N","Most birds still standing, few on sites.",
"2015","05/16/15 00:00:00","Bayou Platte Island North","KMR","Mostly barren sand, sparse low vegetation.","N","GBTE",,"N","Most birds on sites but some still standing.  Although birds are easier to see in May, June will be dotted.",
"2015","06/20/15 00:00:00","Bayou Platte Island North","KMR","Barren areas but also abundant low vegetation.","N","BLSK",,"N","Most birds hunkered on sites in incubation posture. Birds amongst vegetation in June where there was no vegetation in May in same areas.",
"2015","06/20/15 00:00:00","Bayou Platte Island North","KMR","Barren areas but also abundant low vegetation.","N","GBTE",,"N","Birds amongst vegetation that grew around them since they started nesting in May. Some birds hunkered on sites while others are shading 1/2-7/8 grown YY, most tended by nearby AD.",
"2015","06/20/15 00:00:00","Bayou Platte Island North","KMR","Barren areas but also abundant low vegetation.","N","LAGU",,"N","Most hunkered on sites; no YY seen.",
"2015","06/20/15 00:00:00","Bayou Platte Island North","KMR","Barren areas but also abundant low vegetation.","N","LETE",,"N","Birds observed on sites in barren area; very sparse vegetation present, if any, near nest sites.",
"2015","06/20/15 00:00:00","Bayou Platte Island North","KMR","Barren areas but also abundant low vegetation.","N","BNST",,"N","One site observed in Area 1; bird appeared to be incubating.",
"2015","06/20/15 00:00:00","Heron Island","KMR","Trees submerged in water.","N",,,"N","No Photos taken in June.",
"2015","05/16/15 00:00:00","Heron Island","KMR","Trees submerged in water.","N","ANHI",,"N","Birds observed sitting on sites, well concealed just under the upper canopy; some nests could have been missed due to the cryptic nature of the nests, but few birds seen overall, so count should be accurate.",
"2015","05/16/15 00:00:00","Heron Island","KMR","Trees submerged in water.","N","BCNH",,"N","Both nests observed had birds sitting low in incubation posture.",
"2015","05/16/15 00:00:00","Heron Island","KMR","Trees submerged in water.","N","GBHE",,"N","Birds observed with eggs, sitting low on the nest, and with 1/3-2/3 grown chicks.",
"2015","05/16/15 00:00:00","Heron Island","KMR","Trees submerged in water.","N","GREG",,"N","Most birds seen sitting low on nests in incubation posture; eggs observed in a few nests.  Some nests also seen with 1/3-1/2 grown YY.",
"2015","05/16/15 00:00:00","Heron Island","KMR","Trees submerged in water.","N","LBHE",,"N","Both nests seen with birds sitting low in incubation posture; nests well concealed just under top of tree canopy.",
"2015","05/16/15 00:00:00","Heron Island","KMR","Trees submerged in water.","N","SNEG",,"N","Most birds seen sitting low in incubation posture.  Some 1/3 grown YY also observed.",
"2015","05/16/15 00:00:00","Heron Island","KMR","Trees submerged in water.","N","YCNH",,"N","All birds seen sitting low on nests in incubation posture; nests fairly well concealed.",
"2015","05/16/15 00:00:00","Heron Island","KMR","Trees submerged in water.","N",,,"N",,
"2015","05/16/15 00:00:00","Avocet Island","KMR",,"N",,,"N","No photos taken in May.",
"2015","06/20/15 00:00:00","Avocet Island","KMR","Sand, sparse grasses and shrubs.","N","BNST",,"N","Birds observed sitting on sites.",
"2015","06/20/15 00:00:00","Avocet Island","KMR","Sand, sparse grasses and shrubs.","N","FOTE",,"N","Birds observed sitting low on sites in incubation posture.  Many birds flushed as plane flew over but many seemed to try and settle quickly as the plane was still flying over, suggesting that the colony was still growing.  No YY observed.",
"2015","05/16/15 00:00:00","Skimmer Island","KMR","Dense shrubs, grass, and bare ground.","N","LAGU",,"N","Colony still building with many birds standing at what are likely to become sites; the benefit of the doubt was given to them since no June photos of this species were taken; incomplete photo coverage.",
"2015","05/16/15 00:00:00","Skimmer Island","KMR","Dense shrubs, grass, and bare ground.","N","TRHE",,"N","Birds on sites in incubating posture; no YY seen; incomplete photo coverage of entire island.",
"2015","05/16/15 00:00:00","Skimmer Island","KMR","Dense shrubs, grass, and bare ground.","N","GREG",,"N","Many sites with incubating adults or chick nests without adults; YY are 1/3-1/2 grown; incomplete photo coverage.",
"2015","05/16/15 00:00:00","Birdsfoot West 3","KMR","Phragmites.","N","SNEG",,"N","Birds on sites, incubating or brooding small YY; only a few photos taken in June but Cam1 showed the colony was still active with large chicks present.",
"2015","06/20/15 00:00:00","Birdsfoot West 3","KMR","Phragmites.","N","WHIB",,"Y","Few photos taken by Cam2 in June of BW3 proper, showing YY dispersed from colony and large chicks present at sites.  Birds on sites, incubating/brooding, on small peripheral island (one chick nest seen with 1/2 grown YY).",
"2015","06/20/15 00:00:00","Birdsfoot West 3","KMR","Phragmites.","N",,,"N","Only a few photos taken of BW3 proper in June, but those taken showed that the colony was still active with YY present.  A new island adjacent to BW3 proper was found to have nesting WHIB (29.212557,-89.388605).",
"2015","05/16/15 00:00:00","Birdsfoot West 3","KMR","Phragmites.","N",,,"N","Complete photo coverage of BW3 proper is presumed. Small adjacent island that had an active WHIB colony in June was not photographed.",
"2015","06/20/15 00:00:00","Bayou Platte Island South","KMR","Barren, sand, sparse low grasses and shrubs.","N","BLSK",,"N","Birds seen hunkered in incubating posture; eggs seen under a couple birds.",
"2015","05/16/15 00:00:00","Bayou Platte Island South","KMR","Barren, sand, sparse low grasses and shrubs.","N","BLSK",,"N","Many birds are present but colony still disorganized with many birds standing.",
"2015","06/20/15 00:00:00","Bayou Platte Island South","KMR","Barren, sand, sparse low grasses and shrubs.","N","FOTE",,"N","Birds hunkered on sites amongst live vegetation, not wrack lines as is observed on other islands.",
"2015","05/16/15 00:00:00","Bayou Platte Island South","KMR","Barren, sand, sparse low grasses and shrubs.","N","GBTE",,"N","Birds present and observed on sites; seemingly more sites active in June.",
"2015","06/20/15 00:00:00","Bayou Platte Island South","KMR","Barren, sand, sparse low grasses and shrubs.","N","GBTE",,"N","Most birds on sites scattered among BLSK on open areas but some birds near clumps of vegetation; some chicks present ranging from 1/2-full grown.",
"2015","06/20/15 00:00:00","Bayou Platte Island South","KMR","Barren, sand, sparse low grasses and shrubs.","N","LAGU",,"N","Birds present in both months but all on sites in June.",
"2015","06/20/15 00:00:00","Bayou Platte Island South","KMR","Barren sand.","N",,,"N","No nesting on the north islets observed in May or June",
"2015","05/16/15 00:00:00","Bayou Platte Island North","KMR","Mostly barren sand, sparse low vegetation.","N","LAGU",,"N","Birds still mostly standing, few sitting on sites.",
"2015","05/17/15 00:00:00","Martin Island","KLC","Herbaceous, shrubs, sandy beach","N","LAGU",,"N","Low occupancy; nesting on edge habitat on wrack line or grass/sand.  Sparse, wide distribution."," 100% coverage"
"2015","05/17/15 00:00:00","Martin Island","KLC","Herbaceous, shrubs, sandy beach","N","CATE",,"N"," Small number of individuals roosting on beach peninsula; none nesting.","  100% coverage"
"2015","05/17/15 00:00:00","Martin Island","KLC","Herbaceous, shrubs, sandy beach","N","BLSK",,"N"," Predominantly nesting in May on sandy beaches; clustered distribution, and moderate occupany in suitable habitat.","  100% coverage"
"2015","05/17/15 00:00:00","Martin Island","KLC","Herbaceous, shrubs, sandy beach","N","ROYT",,"N"," Roosting only in May on beaches; no nesters on island.  ","  100% coverage"
"2015","05/17/15 00:00:00","Martin Island","KLC","Herbaceous, shrubs, sandy beach","N","BRPE",,"N"," Small clusters of roosting individuals; no nesters on island.","  100% coverage"
"2015","05/17/15 00:00:00","Martin Island","KLC","Herbaceous, shrubs, sandy beach","N","GBTE",,"N"," Two individual nests among BLSK on sandy beach; very low occupancy despite suitable habitat. ","  100% coverage"
"2015","05/17/15 00:00:00","Martin Island","KLC","Herbaceous, shrubs, sandy beach","N","SATE",,"N"," Small clusters of roosting individuals; no nesters on island.","  100% coverage"
"2015","05/17/15 00:00:00","Martin Island","KLC","Herbaceous, shrubs, sandy beach","N","FOTE",,"N","High occupany in suitable habitat on wrack line.  Predominantly nesting individuals in incubation posture; fewer roosting birds.","  100% coverage"
"2015","05/17/15 00:00:00","Martin Island","KLC","Herbaceous, shrubs, sandy beach","N","UNSH",,"N"," Unknown shorebirds roosting on beach.","  100% coverage"
"2015","05/17/15 00:00:00","Felicity Island","KLC","Herbaceous, shrubs, marsh, exposed mud","N","BRPE",,"N","Nesting in shrub habitat, predominantly incubation postures, moderate number of chicks visible; occupancy in suitable habitat high.  98% coverage.","High species richness.  Additionally, seven out of 13 species observed nesting.  98% coverage."
"2015","05/17/15 00:00:00","Felicity Island","KLC","Herbaceous, shrubs, marsh, exposed mud","N","LAGU",,"N","Most individuals in incubation posture, nesting in herbaceous cover and in edge habitat near sandy openings.  Occupancy in suitable habitat high."," High species richness.  Additionally, seven out of 13 species observed nesting.  98% coverage."
"2015","05/17/15 00:00:00","Felicity Island","KLC","Herbaceous, shrubs, marsh, exposed mud","N","GREG",,"N","Sparesly interspersed with BRPE in shrub habitat; predominantly incubation postures.  Occupancy in suitable habitat low."," High species richness.  Additionally, seven out of 13 species observed nesting.  98% coverage."
"2015","05/17/15 00:00:00","Felicity Island","KLC","Herbaceous, shrubs, marsh, exposed mud","N","ROSP",,"N","Sparesly interspersed with BRPE in shrub habitat; predominantly incubation postures.  Occupancy in suitable habitat low."," High species richness.  Additionally, seven out of 13 species observed nesting.  98% coverage."
"2015","05/17/15 00:00:00","Felicity Island","KLC","Herbaceous, shrubs, marsh, exposed mud","N","SNEG",,"N","Sparesly interspersed with BRPE in shrub habitat; predominantly incubation postures.  Occupancy in suitable habitat low."," High species richness.  Additionally, seven out of 13 species observed nesting.  98% coverage."
"2015","05/18/15 00:00:00","Apalachicola Bird Island","PJC",,"N",,,"N","Roosting birds only; little if any breeding habitat; no photos in June",
"2015","05/16/15 00:00:00","Wine Island","PJC","Sandspit","N",,,"N","No nests; only a tiny sandspit remained; not surveyed in June",
"2015","05/17/15 00:00:00","Felicity Island","KLC","Herbaceous, shrubs, marsh, exposed mud","N","BCNH",,"N","One individual roosting in a shrub; no nesting observed."," High species richness.  Additionally, seven out of 13 species observed nesting.  98% coverage."
"2015","05/17/15 00:00:00","Felicity Island","KLC","Herbaceous, shrubs, marsh, exposed mud","N","YCNH",,"N","One individual roosting in a shrub; no nesting observed."," High species richness.  Additionally, seven out of 13 species observed nesting.  98% coverage."
"2015","05/17/15 00:00:00","Felicity Island","KLC","Herbaceous, shrubs, marsh, exposed mud","N","TRHE",,"N","Nesting in small-medium shrubs in open herbaceous habitat.  Incubation posture.  Observed in close proximity to LAGU nests."," High species richness.  Additionally, seven out of 13 species observed nesting.  98% coverage."
"2015","05/17/15 00:00:00","Felicity Island","KLC","Herbaceous, shrubs, marsh, exposed mud","N","WHIB",,"Y","Nesting predominantly in June; most in incubation posture.  Large chicks visible; reproductive success.","High species richness.  Additionally, seven out of 13 species observed nesting.  98% coverage."
"2015","05/17/15 00:00:00","Felicity Island","KLC","Herbaceous, shrubs, marsh, exposed mud","N","AMAV",,"N","Foraging in open water habitat; no nesting behaviors observed."," High species richness.  Additionally, seven out of 13 species observed nesting.  98% coverage."
"2015","05/17/15 00:00:00","Felicity Island","KLC","Herbaceous, shrubs, marsh, exposed mud","N","AWPE",,"N","One individual roosting only."," High species richness.  Additionally, seven out of 13 species observed nesting.  98% coverage."
"2015","05/17/15 00:00:00","Felicity Island","KLC","Herbaceous, shrubs, marsh, exposed mud","N","CATE",,"N","Small number of roosting individuals on mud flats; no nesting behaviors observed."," High species richness.  Additionally, seven out of 13 species observed nesting.  98% coverage."
"2015","05/17/15 00:00:00","Felicity Island","KLC","Herbaceous, shrubs, marsh, exposed mud","N","BNST",,"N","Several small groups of birds observed foraging in open water."," High species richness.  Additionally, seven out of 13 species observed nesting.  98% coverage."
"2015","05/17/15 00:00:00","Redfish Bend","KLC","Herbaceous, sandy beach","N","LAGU",,"N","High occupancy in suitable herbaceous habitat; predominantly incubation posture.  Nests distributed evenly throughout island.","  100% coverage"
"2015","05/17/15 00:00:00","Redfish Bend","KLC","Herbaceous, sandy beach","N","ROYT",,"N","Large clusters of ROYT and SATE in close proximity on sandy beaches; sparse scattering of solitary roosting individuals on beach.","  100% coverage"
"2015","05/17/15 00:00:00","Redfish Bend","KLC","Herbaceous, sandy beach","N","SATE",,"N","Large clusters of ROYT and SATE in close proximity on sandy beaches; sparse scattering of solitary roosting individuals on beach.","  100% coverage"
"2015","05/17/15 00:00:00","Redfish Bend","KLC","Herbaceous, sandy beach","N","BLSK",,"N","Primarily roosting individuals on beach; fewer birds observed nesting in incubation posture.","  100% coverage"
"2015","05/17/15 00:00:00","Redfish Bend","KLC","Herbaceous, sandy beach","N","BRPE",,"N","Small number of roosting individuals on beach; no nesting behaviors observed.","  100% coverage"
"2015","05/17/15 00:00:00","Redfish Bend","KLC","Herbaceous, sandy beach","N","DCCO",,"N","Small number of roosting individuals on beach; no nesting behaviors observed.","  100% coverage"
"2015","05/17/15 00:00:00","Redfish Bend","KLC","Herbaceous, sandy beach","N","CATE",,"N","One bird roosting on beach; no nesting behaviors observed.","  100% coverage"
"2015","05/18/15 00:00:00","Gaillard Island","KLC","Shrubs, herbaceous, mud flats, sandy beach, riprap","N","BRPE",,"Y","Nests distributed in shrubs in May, and some clusters on mud flats in June.  Mainly incubation posture or adults raised slightly with older chicks visible underneath.  Small number of abandoned nests, and moderate number of empty nests."," 100% coverage"
"2015","05/18/15 00:00:00","Gaillard Island","KLC","Shrubs, herbaceous, mud flats, sandy beach, riprap","N","LAGU",,"N","Primarily incubation posture; nests distributed in grassy herbaceous cover or along edge habitat.  No chicks visible."," 100% coverage"
"2015","05/18/15 00:00:00","Gaillard Island","KLC","Shrubs, herbaceous, mud flats, sandy beach, riprap","N","WHIB",,"N","Primarily incubation posture; chicks visible, some moving away from nest; distributed in homogeneous shrub habitat."," 100% coverage"
"2015","05/18/15 00:00:00","Gaillard Island","KLC","Shrubs, herbaceous, mud flats, sandy beach, riprap","N","LBHE",,"N","Small number of nests interspersed in WHIB colony; incubation posture.  No chicks visible."," 100% coverage"
"2015","05/18/15 00:00:00","Gaillard Island","KLC","Shrubs, herbaceous, mud flats, sandy beach, riprap","N","SNEG",,"N","Small number of individuals roosting; no nesting behaviors observed."," 100% coverage"
"2015","05/18/15 00:00:00","Gaillard Island","KLC","Shrubs, herbaceous, mud flats, sandy beach, riprap","N","TRHE",,"N","One nest observed in WHIB and BRPE colony in shrub habitat; incubation posture.  No chicks visible."," 100% coverage"
"2015","05/18/15 00:00:00","Gaillard Island","KLC","Shrubs, herbaceous, mud flats, sandy beach, riprap","N","YCNH",,"N","Two birds roosting in shrubs; no nesting behaviors observed."," 100% coverage"
"2015","05/18/15 00:00:00","Gaillard Island","KLC","Shrubs, herbaceous, mud flats, sandy beach, riprap","N","ROYT",,"Y","Large high-density colonies in open sandy flats, interpersed with SATE.  Small high-density colonies in mudflats.  Chicks visible; reproductive success."," 100% coverage"
"2015","05/18/15 00:00:00","Gaillard Island","KLC","Shrubs, herbaceous, mud flats, sandy beach, riprap","N","BCNH",,"N","One individual roosting; no nesting behaviors observed."," 100% coverage"
"2015","05/18/15 00:00:00","Gaillard Island","KLC","Shrubs, herbaceous, mud flats, sandy beach, riprap","N","CANG",,"N","Small number of roosting individuals; no nesting behaviors observed."," 100% coverage"
"2015","05/18/15 00:00:00","Gaillard Island","KLC","Shrubs, herbaceous, mud flats, sandy beach, riprap","N","HEGU",,"N","Roosting on shoreline riprap; no nesting behaviors observed."," 100% coverage"
"2015","05/18/15 00:00:00","Gaillard Island","KLC","Shrubs, herbaceous, mud flats, sandy beach, riprap","N","MODU",,"N","Roosting on open mudflats; no nesting behaviors observed."," 100% coverage"
"2015","05/18/15 00:00:00","Gaillard Island","KLC","Shrubs, herbaceous, mud flats, sandy beach, riprap","N","BNST",,"N","Foraging in mudflats; no nesting behaviors observed."," 100% coverage"
"2015","05/18/15 00:00:00","Gaillard Island","KLC","Shrubs, herbaceous, mud flats, sandy beach, riprap","N","SATE",,"Y","Large colonies in open sandy flats, interpersed with ROYT. Chicks visible; reproductive success."," 100% coverage"
"2015","05/18/15 00:00:00","Gaillard Island","KLC","Shrubs, herbaceous, mud flats, sandy beach, riprap","N","GBTE",,"N","Nests distributed evenly in BLSK colony on rocky substrate within sandy flats.  Incubation posture."," 100% coverage"
"2015","05/18/15 00:00:00","Gaillard Island","KLC","Shrubs, herbaceous, mud flats, sandy beach, riprap","N","CATE",,"N","Low densities on mudflat mounds and sand near vegetation.  Chicks 1-7 days old visible; reproductive success. "," 100% coverage"
"2015","05/18/15 00:00:00","Gaillard Island","KLC","Shrubs, herbaceous, mud flats, sandy beach, riprap","N","BLSK",,"N","Low density distribution among GBTE and along beaches.  Pairs formed, incubation postures, no chicks visible. "," 100% coverage"
"2015","05/18/15 00:00:00","Gaillard Island","KLC","Shrubs, herbaceous, mud flats, sandy beach, riprap","N","CAEG",,"N","One moderately-dense colony in tall shrubs along border of island.  Older chicks present; leaving nests.  Reproductive success."," 100% coverage"
"2015","05/18/15 00:00:00","Battery McIntosh","KLC","Shrubs, herbaceous","N","CAEG",,"N","Most in incubation posture, but a few chicks present;  reproductive success.","100% coverage.  Mosaic of species assemblages across island in short shrubs and herbaceous layer.  "
"2015","05/18/15 00:00:00","Battery McIntosh","KLC","Shrubs, herbaceous","N","GREG",,"N","Older chicks present;  reproductive success."," 100% coverage.  Mosaic of species assemblages across island in short shrubs and herbaceous layer.  "
"2015","05/18/15 00:00:00","Battery McIntosh","KLC","Shrubs, herbaceous","N","GBHE",,"N","Eggs present."," 100% coverage.  Mosaic of species assemblages across island in short shrubs and herbaceous layer.  "
"2015","05/18/15 00:00:00","Battery McIntosh","KLC","Shrubs, herbaceous","N","SNEG",,"N","Incubation posture observed. Some chicks with and without adults; reproductive success."," 100% coverage.  Mosaic of species assemblages across island in short shrubs and herbaceous layer.  "
"2015","05/18/15 00:00:00","Battery McIntosh","KLC","Shrubs, herbaceous","N","TRHE",,"N","Incubation posture."," 100% coverage.  Mosaic of species assemblages across island in short shrubs and herbaceous layer.  "
"2015","05/18/15 00:00:00","Battery McIntosh","KLC","Shrubs, herbaceous","N","AMCO",,"N","No nesting behaviors observed; roosting along shoreline."," 100% coverage.  Mosaic of species assemblages across island in short shrubs and herbaceous layer.  "
"2015","05/18/15 00:00:00","Battery McIntosh","KLC","Shrubs, herbaceous","N","GLIB",,"N","No nesting behaviors observed."," 100% coverage.  Mosaic of species assemblages across island in short shrubs and herbaceous layer.  "
"2015","05/18/15 00:00:00","Terrapin Island","KLC","Shrubs, herbaceous, sandy beach","N","CAEG",,"N","High abundance evenly distributed in tall shrubs.  Some chicks observed; reproductive success."," 100% coverage"
"2015","05/18/15 00:00:00","Terrapin Island","KLC","Shrubs, herbaceous, sandy beach","N","TRHE",,"N","Moderate abundance scattered among CAEG in tall shrubs.  Incubation posture; no chicks observed."," 100% coverage"
"2015","05/18/15 00:00:00","Terrapin Island","KLC","Shrubs, herbaceous, sandy beach","N","BCNH",,"N","No chicks visible. "," 100% coverage"
"2015","05/18/15 00:00:00","Terrapin Island","KLC","Shrubs, herbaceous, sandy beach","N","LBHE",,"N","Incubation posture; no chicks visible. "," 100% coverage"
"2015","05/18/15 00:00:00","Terrapin Island","KLC","Shrubs, herbaceous, sandy beach","N","SNEG",,"N","Incubation posture; no chicks visible. "," 100% coverage"
"2015","05/18/15 00:00:00","Terrapin Island","KLC","Shrubs, herbaceous, sandy beach","N","WHIB",,"N","Incubation posture; no chicks visible. "," 100% coverage"
"2015","05/18/15 00:00:00","Terrapin Island","KLC","Shrubs, herbaceous, sandy beach","N","GREG",,"N","Chicks visible; reproductive success.  Distributed in tall shrubs with WHIB and SNEG."," 100% coverage"
"2015","05/18/15 00:00:00","Terrapin Island","KLC","Shrubs, herbaceous, sandy beach","N","LAGU",,"N","No nesting behaviors observed."," 100% coverage"
"2015","05/18/15 00:00:00","Terrapin Island","KLC","Shrubs, herbaceous, sandy beach","N","YCNH",,"N","One individual in incubation posture among CAEG."," 100% coverage"
"2015","05/18/15 00:00:00","Terrapin Island","KLC","Shrubs, herbaceous, sandy beach","N","BLSK",,"N","June only.  Evenly distributed nests on open sandy beach; few chicks visible; reproductive success."," 100% coverage"
"2015","05/18/15 00:00:00","Terrapin Island","KLC","Shrubs, herbaceous, sandy beach","N","GBTE",,"N","June only.  Evenly distributed nests on open sandy beach among BLSK.  Incubation posture, no chicks visible."," 100% coverage"
"2015","05/18/15 00:00:00","Terrapin Island","KLC","Shrubs, herbaceous, sandy beach","N","BRPE",,"N","June only.  Roosting only.  No nesting behaviors observed."," 100% coverage"
"2015","05/18/15 00:00:00","Terrapin Island","KLC","Shrubs, herbaceous, sandy beach","N","AMOY",,"N","June only.  Roosting only.  No nesting behaviors observed."," 100% coverage"
"2015","05/18/15 00:00:00","Terrapin Island","KLC","Shrubs, herbaceous, sandy beach","N","CATE",,"N","June only.  Nests scattered smong sparse vegetation on beach.  Incubation posture; no chicks visible. "," 100% coverage"
"2015","05/18/15 00:00:00","Raccoon Island","KLC","Shrubs, herbaceous, sandy beach, mud flats","N","BRPE",,"Y","May: most incubating, chicks present and vary in age, widespread territorial behaviors & pairing.  June: broods widely-distributed in shrubs; most shrub territories (>95%) vacant, most grassland territories established as WBNs.","May and June: 100% coverage"
"2015","05/18/15 00:00:00","Raccoon Island","KLC","Shrubs, herbaceous, sandy beach, mud flats","N","LAGU",,"N","May: incubation, nests in grass and sandy substrate, some postures that indicate adults are feeding young.  ","99% coverage"
"2015","05/18/15 00:00:00","Raccoon Island","KLC","Shrubs, herbaceous, sandy beach, mud flats","N","ROYT",,"N","May only: dotted main island; large contiguous colonies in incubation posture, nesting in herbaceous and sand habitat, many chicks visible, especially along shoreline. ","99% coverage"
"2015","05/18/15 00:00:00","Raccoon Island","KLC","Shrubs, herbaceous, sandy beach, mud flats","N","SATE",,"N","May only: dotted main island; large contiguous colonies in incubation posture, nesting in herbaceous and sand habitat, many chicks visible, especially along shoreline. ","99% coverage"
"2015","05/18/15 00:00:00","Raccoon Island","KLC","Shrubs, herbaceous, sandy beach, mud flats","N","CAEG",,"N","Individuals foraging; no nesting behaviors observed.","100% coverage"
"2015","05/18/15 00:00:00","Raccoon Island","KLC","Shrubs, herbaceous, sandy beach, mud flats","N","HEGU",,"N","Solitary individuals; no nesting behaviors observed.","100% coverage"
"2015","05/18/15 00:00:00","Raccoon Island","KLC","Shrubs, herbaceous, sandy beach, mud flats","N","GREG",,"N","May: incubation postures, young and old chicks visible; reproductive success observed.  Chicks present with adults and without. ","100% coverage"
"2015","05/18/15 00:00:00","Raccoon Island","KLC","Shrubs, herbaceous, sandy beach, mud flats","N","ROSP",,"N","May: territorial individuals, but no nests or chicks observed.  June: territorial pair considered a site; reproductive success unknown, some individuals out in open.","100% coverage"
"2015","05/18/15 00:00:00","Raccoon Island","KLC","Shrubs, herbaceous, sandy beach, mud flats","N","BCNH",,"N","Solitary individuals; no nesting behaviors observed.","100% coverage"
"2015","05/18/15 00:00:00","Raccoon Island","KLC","Shrubs, herbaceous, sandy beach, mud flats","N","YCNH",,"N","Solitary individual; no nesting behaviors observed.","100% coverage"
"2015","05/18/15 00:00:00","Raccoon Island","KLC","Shrubs, herbaceous, sandy beach, mud flats","N","SNEG",,"N","May only: small group of nests; no chicks visible.","100% coverage"
"2015","05/18/15 00:00:00","Raccoon Island","KLC","Shrubs, herbaceous, sandy beach, mud flats","N","GBTE",,"N","May only: incubation postures, nests interspersed among BLSK in open, sand and mud flats.  June: no nests observed. ","100% coverage"
"2015","05/18/15 00:00:00","Raccoon Island","KLC","Shrubs, herbaceous, sandy beach, mud flats","N","BLSK",,"N","June only: incubation postures, nests distirbuted evenly throughout open, sand and mud flats.  ","100% coverage"
"2015","05/18/15 00:00:00","Raccoon Island West","KLC","Herbaceous, sandy beach","N","BLSK",,"N","Incubation postures; no chicks visible.  Nests distirbuted evenly throughout open sand.","100% coverage"
"2015","05/18/15 00:00:00","Raccoon Island West","KLC","Herbaceous, sandy beach","N","ROYT",,"N","Incubation postures; chicks visible.  Small colony groups in sandy substrate. ","100% coverage"
"2015","05/18/15 00:00:00","Raccoon Island West","KLC","Herbaceous, sandy beach","N","SATE",,"N","Incubation postures; no chicks visible.  Small colony groups with ROYT in sandy substrate.","100% coverage"
"2015","05/18/15 00:00:00","Raccoon Island West","KLC","Herbaceous, sandy beach","N","LAGU",,"N","Few nests with inidividuals in incubation posture; associated with grassy clumps. ","100% coverage"
"2015","05/18/15 00:00:00","Raccoon Island West","KLC","Herbaceous, sandy beach","N","BRPE",,"N","No nesting behaviors observed.","100% coverage"
"2015","05/18/15 00:00:00","Biloxi South 2","KLC","Herbaceous, shrubs","N","FOTE",,"N","May: Most abundant nests on wrack line, incubation, BPE Y.  June: sparse nests on wrack line, incubation.  No confirmed reproductive success. ","100% coverage"
"2015","06/21/15 00:00:00","Biloxi South 2","KLC","Herbaceous, shrubs","N","TRHE",,"N","Nesting in grass, incubation postures, numerous eggs visible.","100% coverage"
"2015","06/21/15 00:00:00","Biloxi South 2","KLC","Herbaceous, shrubs","N","SNEG",,"N","Nesting in grass, mix of incubation postures to older chicks visible; closely associated with TRHE nests.","100% coverage"
"2015","06/21/15 00:00:00","Biloxi South 2","KLC","Herbaceous, shrubs","N","GREG",,"N","Nesting in grass, mix of incubation postures to broods visible; closely associated with TRHE and SNEG nests.","100% coverage"
"2015","06/21/15 00:00:00","Biloxi South 2","KLC","Herbaceous, shrubs","N","LAGU",,"N","Nesting in grass or edge of wrack line, incubation postures","100% coverage"
"2015","06/21/15 00:00:00","Biloxi South 2","KLC","Herbaceous, shrubs","N","ROSP",,"N","One pair observed nesting","100% coverage"
"2015","06/21/15 00:00:00","Biloxi South 3","KLC","Herbaceous, shrubs","N","LAGU",,"N","Incubation postures and adults standing over chicks","100% coverage"
"2015","06/21/15 00:00:00","Biloxi South 3","KLC","Herbaceous, shrubs","N","SNEG",,"N","Incubation postures; many eggs and chicks of varying ages visible","100% coverage"
"2015","06/21/15 00:00:00","Biloxi South 3","KLC","Herbaceous, shrubs","N","GREG",,"N","Mainly incubation postures; large chicks visible","100% coverage"
"2015","06/21/15 00:00:00","Biloxi South 3","KLC","Herbaceous, shrubs","N","BCNH",,"N","Mainly incubation postures; small chicks visible","100% coverage"
"2015","05/18/15 00:00:00","Biloxi South 3","KLC","Herbaceous, shrubs","N","WHIB",,"Y","May and June combined: Mainly incubation in May with larger groups established and eggs visible; June confirmed reproductive success and chicks dispersed among nest sites.","100% coverage"
"2015","05/18/15 00:00:00","Biloxi South 3","KLC","Herbaceous, shrubs","N","ROSP",,"Y","May and June combined: Incubation postures; chick visible in one nest, established earlier in May, but nesting spread out through June in other areas of island.","100% coverage"
"2015","06/21/15 00:00:00","Biloxi South 3","KLC","Herbaceous, shrubs","N","TRHE",,"N","Incubation; eggs and chicks of varying age visible","100% coverage"
"2015","05/18/15 00:00:00","Little Mud Grass Island","KLC","Herbaceous, shrubs","N","LAGU",,"N","May only: incubating in herbaceous sites, no reproductive success confirmed.","100% coverage"
"2015","05/18/15 00:00:00","Little Mud Grass Island","KLC","Herbaceous, shrubs","N","WHIB",,"N","May only: incubating in shrub sites, no reproductive success confirmed.","100% coverage"
"2015","05/18/15 00:00:00","Little Mud Grass Island","KLC","Herbaceous, shrubs","N","BCNH",,"Y","May and June: incubating in shrub sites, no reproductive success confirmed.","100% coverage"
"2015","05/18/15 00:00:00","Little Mud Grass Island","KLC","Herbaceous, shrubs","N","TRHE",,"Y","May and June: incubating in shrub and herbaceous sites, no reproductive success confirmed.","100% coverage"
"2015","05/18/15 00:00:00","Little Mud Grass Island","KLC","Herbaceous, shrubs","N","SNEG",,"Y","May: incubating in herbaceous sites, no chicks visible.  June: incubating in shrub sites, chicks visible, reproductive success. ","100% coverage"
"2015","05/18/15 00:00:00","Little Mud Grass Island","KLC","Herbaceous, shrubs","N","ROSP",,"N","June only: incubating in shrub sites, reproductive success unconfirmed. ","100% coverage"
"2015","05/18/15 00:00:00","Little Mud Grass Island","KLC","Herbaceous, shrubs","N","YCNH",,"N","June only: no nesting observed. ","100% coverage"
"2015","05/18/15 00:00:00","Little Mud Grass Island","KLC","Herbaceous, shrubs","N","FOTE",,"N","June only: incubating on wrack line, no reproductive success confirmed.","100% coverage"
"2015","05/18/15 00:00:00","Biloxi South 1","KLC","Herbaceous, sandy beach","N","LAGU",,"N","sparse sites; incubating along sandy beach or in herbaceous cover.","100% coverage"
"2015","05/18/15 00:00:00","Biloxi South 1","KLC","Herbaceous, sandy beach","N","BLSK",,"N","scattered sites on sandy beach, primarily roosting individuals.  June: largely abandoned, no dotting.","100% coverage"
"2015","05/18/15 00:00:00","Biloxi South 1","KLC","Herbaceous, sandy beach","N","GBTE",,"N","few sites on sandy beach associated with BLSK.","100% coverage"
"2015","05/18/15 00:00:00","Biloxi South 1","KLC","Herbaceous, sandy beach","N","FOTE",,"N","incubating on wrack line in interior herbaceous habitat.","100% coverage"
"2015","05/18/15 00:00:00","Biloxi South 1","KLC","Herbaceous, sandy beach","N","ROYT",,"N","roosting; no nesting behaviors.","100% coverage"
"2015","05/18/15 00:00:00","Biloxi South 1","KLC","Herbaceous, sandy beach","N","BRPE",,"N","roosting; no nesting behaviors.","100% coverage"
"2015","05/18/15 00:00:00","Biloxi South 1","KLC","Herbaceous, sandy beach","N","RUTU",,"N","roosting; no nesting behaviors.","100% coverage"
"2015","05/18/15 00:00:00","Biloxi South 1","KLC","Herbaceous, sandy beach","N","AMOY",,"N","one pair; incubating on sand.","100% coverage"
"2015","05/17/15 00:00:00","Biloxi South 11","KLC","Herbaceous, marsh","N","GREG",,"N","sparse sites in saturated marsh on shrubs; incubating and chicks observed, varying ages, some chicks without adults; one nest abandoned","100% coverage"
"2015","05/18/15 00:00:00","Biloxi North 37","KLC","Herbaceous, marsh, wrack line","N","FOTE",,"N","May only: small group of sites on wrack line; incubating, no chicks observed.","100% coverage"
"2015","05/18/15 00:00:00","Biloxi North 37","KLC","Herbaceous, marsh, wrack line","N","LAGU",,"Y","May and June: incubating; sites in herbaceous cover and along edges of wrack line, no reproductive success confirmed.","100% coverage"
"2015","05/18/15 00:00:00","Scofield Island","KLC","Sand and mudflats, shrubs","N","ROYT",,"N","May only: one individual observed; no nesting behaviors. ","100% coverage"
"2015","05/18/15 00:00:00","Scofield Island","KLC","Sand and mudflats, shrubs","N","SATE",,"N","May only: large group roosting; no nesting behaviors. ","100% coverage"
"2015","05/18/15 00:00:00","Scofield Island","KLC","Sand and mudflats, shrubs","N","LAGU",,"N","May only: no nesting behaviors observed.","100% coverage"
"2015","05/18/15 00:00:00","Scofield Island","KLC","Sand and mudflats, shrubs","N","BLTE",,"N","May only: one individual roosting, no nesting.","100% coverage"
"2015","05/18/15 00:00:00","Scofield Island","KLC","Sand and mudflats, shrubs","N","CATE",,"N","May only: several individuals roosting, no nesting.","100% coverage"
"2015","05/18/15 00:00:00","Scofield Island","KLC","Sand and mudflats, shrubs","N","BLSK",,"N","May only: birds pairing up and exhibiting territorial behaviors, primarily roosting, no reproductive success confirmed.","100% coverage"
"2015","05/18/15 00:00:00","Shell Island East","KLC","Sand and mudflats, shrubs","N","BLSK",,"N","May only: individuals pairing up and exhibiting territorial behaviors, primarily roosting, no reproductive success confirmed.","100% coverage"
"2015","05/18/15 00:00:00","Shell Island East","KLC","Sand and mudflats, shrubs","N","GBTE",,"N","May only: individuals pairing up and exhibiting territorial behaviors, primarily roosting, some incubation postures.","100% coverage"
"2015","05/18/15 00:00:00","Shell Island East","KLC","Sand and mudflats, shrubs","N","LAGU",,"N","May only: roosting; no nesting behaviors.","100% coverage"
"2015","05/18/15 00:00:00","Shell Island East","KLC","Sand and mudflats, shrubs","N","CATE",,"N","May only: one individual in incubation posture among small group of roosting individuals on open, sandy beach.","100% coverage"
"2015","06/21/15 00:00:00","Biloxi North 5","EAE","100% herbaceous","N","LAGU",,"N","just a single image was dotted; a small shoal to south of main island was photgraphed but it only has roosting birds. This shoal had virtually disappeared on imagery on Google Earth taken in Aug 2015. Next Google Earth image was taken Mar 2019; no island.",
"2015","06/21/15 00:00:00","Biloxi North 7","EAE","100% herbaceous","N","amoy, lagu, brpe",,"N","dotted a series on images from June. May's imagery showed a waterlogged island. BRPE were on territory but nothing serious happening.",
"2015","06/21/15 00:00:00","Biloxi North 8","EAE","60% wrack; 40% herbaceous","N","LAGU",,"N","just a single image was dotted.",
"2015","06/21/15 00:00:00","Door Point Lagoon 1","EAE","90% herbaceous, 10% sandy beach","N",,,"N","dotted June due to 1) island was wet in May and 2) many more BRPE were on territory in the grass habitat in June and 3) more BLSK appeared to be incubation in June.",
"2015","05/18/15 00:00:00","Door Point Lagoon 2","EAE","80% herbaceous, 18% shrub, 2% sandy","N",,,"N","no photos from June effort.",
"2015","06/21/15 00:00:00","Mink Island","EAE","90% herbaceous, 7% wrack, 3% sandy","N","BLSK",,"N","one colony",
"2015","06/21/15 00:00:00","Mink Island","EAE","90% herbaceous, 7% wrack, 3% sandy","N","LAGU",,"N","scattered individuals",
"2015","06/21/15 00:00:00","Biloxi North 16","EAE","90% herbaceous, 5% shrub, 2% wrack, 3% sandy","N","CATE",,"N","occupancy was higher in June. Therefore June was counted.",
"2015","06/21/15 00:00:00","Biloxi North 16","EAE","90% herbaceous, 5% shrub, 2% wrack, 3% sandy","N","WHIB",,"N","occupancy was higher in June. Therefore June was counted.",
"2015","05/17/15 00:00:00","Biloxi North 16","EAE","90% herbaceous, 5% shrub, 2% wrack, 3% sandy","N","BLSK",,"N","Occupancy was higher in May. Therefore May was counted.",
"2015","05/17/15 00:00:00","Biloxi North 16","EAE","90% herbaceous, 5% shrub, 2% wrack, 3% sandy","N","TRHE",,"N","Occupancy was higher in May. Therefore May was counted.",
"2015","05/17/15 00:00:00","Biloxi North 16","EAE","90% herbaceous, 5% shrub, 2% wrack, 3% sandy","N","LAGU",,"N","Occupancy was higher in May. Therefore May was counted.",
"2015","05/17/15 00:00:00","Biloxi North 16","EAE","90% herbaceous, 5% shrub, 2% wrack, 3% sandy","N","AMOY",,"N","Occupancy was higher in May. Therefore May was counted.",
"2015","05/17/15 00:00:00","Biloxi North 16","EAE","90% herbaceous, 5% shrub, 2% wrack, 3% sandy","N","SNEG",,"N","Occupancy was higher in May. Therefore May was counted.",
"2015","06/21/15 00:00:00","Biloxi North 13","EAE","90% herbaceous, 5% sandy, 5% shrub","N","LAGU",,"N","only breeding species. No may survey.",
"2015","06/21/15 00:00:00","Biloxi North 13","EAE","90% herbaceous, 5% sandy, 5% shrub","N","CATE",,"N","roosting. No may survey",
"2015","06/21/15 00:00:00","Biloxi North 13","EAE","90% herbaceous, 5% sandy, 5% shrub","N","BRPE",,"N","roosting no may survey.",
"2015","06/21/15 00:00:00","Biloxi North 38","EAE","90% herbaceous, 5% sandy, 5% shrub","N","BLSK",,"N","No May survey",
"2015","06/21/15 00:00:00","Biloxi North 38","EAE","90% herbaceous, 5% sandy, 5% shrub","N","BRPE",,"N","roosting only",
"2015","06/21/15 00:00:00","Biloxi North 38","EAE","90% herbaceous, 5% sandy, 5% shrub","N","CATE",,"N","No May survey",
"2015","06/21/15 00:00:00","Biloxi North 38","EAE","90% herbaceous, 5% sandy, 5% shrub","N","FOTE",,"N","No May survey",
"2015","06/21/15 00:00:00","Biloxi North 38","EAE","90% herbaceous, 5% sandy, 5% shrub","N","GBTE",,"N","No May survey",
"2015","06/21/15 00:00:00","Biloxi North 38","EAE","90% herbaceous, 5% sandy, 5% shrub","N","LAGU",,"N","No May survey",
"2015","06/21/15 00:00:00","Biloxi North 38","EAE","90% herbaceous, 5% sandy, 5% shrub","N","ROYT",,"N","No May survey",
"2015","06/21/15 00:00:00","Biloxi North 38","EAE","90% herbaceous, 5% sandy, 5% shrub","N","WHIB",,"N","Wading birds were found nesting in south portion of island in an area formerly called BN15. No May survey.",
"2015","06/21/15 00:00:00","Biloxi North 38","EAE","90% herbaceous, 5% sandy, 5% shrub","N","REEG",,"N","Wading birds were found nesting in south portion of island in an area formerly called BN15. No May survey.",
"2015","06/21/15 00:00:00","Biloxi North 38","EAE","90% herbaceous, 5% sandy, 5% shrub","N","GREG",,"N","Wading birds were found nesting in south portion of island in an area formerly called BN15. No May survey.",
"2015","06/21/15 00:00:00","Biloxi North 38","EAE","90% herbaceous, 5% sandy, 5% shrub","N","TRHE",,"N","Wading birds were found nesting in south portion of island in an area formerly called BN15. No May survey.",
"2015","06/21/15 00:00:00","Biloxi North 38","EAE","90% herbaceous, 5% sandy, 5% shrub","N","BCNH",,"N","Wading birds were found nesting in south portion of island in an area formerly called BN15. No May survey.",
"2015","06/21/15 00:00:00","Biloxi North 38","EAE","90% herbaceous, 5% sandy, 5% shrub","N","SNEG",,"N","Wading birds were found nesting in south portion of island in an area formerly called BN15. No May survey.",
"2015","06/21/15 00:00:00","Biloxi North 38","EAE","90% herbaceous, 5% sandy, 5% shrub","N","ROSP",,"N","Wading birds were found nesting in south portion of island in an area formerly called BN15. No May survey.",
"2015","06/21/15 00:00:00","Biloxi North 14","EAE","95% herbaceous, 5% sandy","N","ROYT",,"N","No May survey. Tern and gull nests. One tern colony appeared to have completed","most abundant tern species. Interestingly one colonie of ROYT and SATE had taken fledglings to mud adjancent to scapes."
"2015","06/21/15 00:00:00","Biloxi North 14","EAE","95% herbaceous, 5% sandy","N","SATE",,"N","No May survey. Tern and gull nests. One tern colony appeared to have completed","2nd most abundant tern species. Interestingly one colonie of ROYT and SATE had taken fledglings to mud adjancent to scapes."
"2015","06/21/15 00:00:00","Biloxi North 14","EAE","95% herbaceous, 5% sandy","N","LAGU",,"N","No May survey. Tern and gull nests.",
"2015","06/21/15 00:00:00","Biloxi North 14","EAE","95% herbaceous, 5% sandy","N","BLSK",,"N","No May survey. Tern and gull nests.",
"2015","06/21/15 00:00:00","Biloxi North 14","EAE","95% herbaceous, 5% sandy","N","GBTE",,"N","No May survey. Tern and gull nests.",
"2015","06/21/15 00:00:00","Biloxi North 14","EAE","95% herbaceous, 5% sandy","N","BRPE",,"N","No May survey. Tern and gull nests.",
"2015","06/21/15 00:00:00","Biloxi North 14","EAE","95% herbaceous, 5% sandy","N","AMOY",,"N","No May survey. Tern and gull nests.",
"2015","06/21/15 00:00:00","Biloxi North 14","EAE","95% herbaceous, 5% sandy","N","CATE",,"N","No May survey. Tern and gull nests.",
"2015","06/21/15 00:00:00","Biloxi North 35","EAE","90% herbaceous, 5% sandy, 5% shrub","N","LAGU",,"Y","scattered breeders","may and june visits documented different areas therefore need to sum visits"
"2015","06/21/15 00:00:00","Biloxi North 35","EAE","90% herbaceous, 5% sandy, 5% shrub","N","ROSP",,"N","just breeding in one patch. Few active nests. Lots of adult loafers (possibly territorial birds, but not tagged as such)",
"2015","06/21/15 00:00:00","Biloxi North 35","EAE","90% herbaceous, 5% sandy, 5% shrub","N","SNEG",,"Y","couple of nesting birds in each of a few patches of shrub cover","may and june visits documented different areas therefore need to sum visits"
"2015","06/21/15 00:00:00","Biloxi North 35","EAE","90% herbaceous, 5% sandy, 5% shrub","N","GREG",,"N","breeding",
"2015","06/21/15 00:00:00","Biloxi North 35","EAE","90% herbaceous, 5% sandy, 5% shrub","N","BCNH",,"N","breeding",
"2015","06/21/15 00:00:00","Biloxi North 35","EAE","90% herbaceous, 5% sandy, 5% shrub","N","BRPE",,"N","roosting",
"2015","06/21/15 00:00:00","Biloxi North 35","EAE","90% herbaceous, 5% sandy, 5% shrub","N","ROYT",,"N","roosting",
"2015","06/21/15 00:00:00","Biloxi North 35","EAE","90% herbaceous, 5% sandy, 5% shrub","N","AMOY",,"N","roosting",
"2015","05/17/15 00:00:00","Biloxi North 35","EAE","90% herbaceous, 5% sandy, 5% shrub","N","LAGU",,"N","scattered breeders",
"2015","05/17/15 00:00:00","Biloxi North 35","EAE","90% herbaceous, 5% sandy, 5% shrub","N","SNEG",,"N","one area with breeders not documented in june",
"2015","05/17/15 00:00:00","Biloxi North 35","EAE","90% herbaceous, 5% sandy, 5% shrub","N","CATE",,"N","only one apparently incubating bird near the skimmer pair that also appeared to be incubating",
"2015","05/17/15 00:00:00","Biloxi North 35","EAE","90% herbaceous, 5% sandy, 5% shrub","N","BLSK",,"N","only one apparently incubating bird near the CATE that also appeared to be incubating",
"2015","05/17/15 00:00:00","Biloxi North 35","EAE","90% herbaceous, 5% sandy, 5% shrub","N","BRPE",,"N","roosting",
"2015","05/17/15 00:00:00","Biloxi North 35","EAE","90% herbaceous, 5% sandy, 5% shrub","N","ROYT",,"N","roosting",
"2015","05/17/15 00:00:00","Turtle Pen Isle","EAE","100% herbaceous","N","LAGU",,"N","nesting",
"2015","05/17/15 00:00:00","Turtle Pen Isle","EAE","100% herbaceous","N","ROYT",,"N","no evidence of nesting however one beach in may had what appeared to be dimples (possible scrapes) but no birds on territory. Incidentally same area was photo-documented in June 2015 and wrack line was reshaped by a high water event between visit 1 and 2",
"2015","06/21/15 00:00:00","Turtle Pen Isle","EAE","100% herbaceous","N",,,"N","one dead beach-cast cetacean","june images showed low tide and many roosting tern and pelicans but May images showed more breeding activity. Therefore, analyst tallied May 2015 images"
"2015","05/17/15 00:00:00","Belle Isle","EAE","90% herbaceous, 5% scrub 5% wrack","N","AMOY",,"N","one belly down individual","I tallied all birds on May images, For June I tallied the TRHE again as it seemed more were present and nesting. I tallied only obviously new FOTE location in June."
"2015","05/17/15 00:00:00","Belle Isle","EAE","90% herbaceous, 5% scrub 5% wrack","N","BCNH",,"N","nesting in shrubs","I tallied all birds on May images, For June I tallied the TRHE again as it seemed more were present and nesting. I tallied only obviously new FOTE location in June."
"2015","05/17/15 00:00:00","Belle Isle","EAE","90% herbaceous, 5% scrub 5% wrack","N","FOTE",,"Y","No evidence of productivity. many nesting on extensive wrack in center of east island","I tallied all birds on May images, For June I tallied the TRHE again as it seemed more were present and nesting. I tallied only obviously new FOTE location in June."
"2015","05/17/15 00:00:00","Belle Isle","EAE","90% herbaceous, 5% scrub 5% wrack","N","GREG",,"N","nesting in shrubs. Eggs and nestlings.","I tallied all birds on May images, For June I tallied the TRHE again as it seemed more were present and nesting. I tallied only obviously new FOTE location in June."
"2015","05/17/15 00:00:00","Belle Isle","EAE","90% herbaceous, 5% scrub 5% wrack","N","LAGU",,"N","minor amount of fuzzy fledglings in June. nesting extensively on east island but clustered only on east side of west island","I tallied all birds on May images, For June I tallied the TRHE again as it seemed more were present and nesting. I tallied only obviously new FOTE location in June."
"2015","05/17/15 00:00:00","Belle Isle","EAE","90% herbaceous, 5% scrub 5% wrack","N","ROSP",,"N","No evidence of productivity","I tallied all birds on May images, For June I tallied the TRHE again as it seemed more were present and nesting. I tallied only obviously new FOTE location in June."
"2015","05/17/15 00:00:00","Belle Isle","EAE","90% herbaceous, 5% scrub 5% wrack","N","SNEG",,"N","eggs","I tallied all birds on May images, For June I tallied the TRHE again as it seemed more were present and nesting. I tallied only obviously new FOTE location in June."
"2015","05/17/15 00:00:00","Belle Isle","EAE","90% herbaceous, 5% scrub 5% wrack","N","TRHE",,"N","eggs and nestlings","I tallied all birds on May images, For June I tallied the TRHE again as it seemed more were present and nesting. I tallied only obviously new FOTE location in June."
"2015","05/17/15 00:00:00","Belle Isle","EAE","90% herbaceous, 5% scrub 5% wrack","N","WHIB",,"N","fledged nestlings in May but many still incubating in June.","I tallied all birds on May images, For June I tallied the TRHE again as it seemed more were present and nesting. I tallied only obviously new FOTE location in June."
"2015","06/21/15 00:00:00","Belle Isle","EAE","90% herbaceous, 5% scrub 5% wrack","N","FOTE",,"Y","couple of new areas on west island in June","I tallied all birds on May images, For June I tallied the TRHE again as it seemed more were present and nesting. I tallied only obviously new FOTE location in June."
"2015","06/21/15 00:00:00","Belle Isle","EAE","90% herbaceous, 5% scrub 5% wrack","N","TRHE",,"N","i tallied all June birds again.","I tallied all birds on May images, For June I tallied the TRHE again as it seemed more were present and nesting. I tallied only obviously new FOTE location in June."
"2015","05/17/15 00:00:00","Chandeleur North A","EAE","95% herbaceous, 5% sandy","N","AMOY",,"N","no evidence of breeding","I tallied birds in May visit only. The June visit showed too many fledged birds on the beach."
"2015","05/17/15 00:00:00","Chandeleur North A","EAE","95% herbaceous, 5% sandy","N","BRPE",,"N","no evidence of breeding","I tallied birds in May visit only. The June visit showed too many fledged birds on the beach."
"2015","06/22/15 00:00:00","Lanark Reef-Pelican Lump","PJC","beach, grass, shrubs","N","BLSK/GBTE",,"N","good coverage",
"2015","05/17/15 00:00:00","Chandeleur North A","EAE","95% herbaceous, 5% sandy","N","CAEG",,"N","no evidence of breeding","I tallied birds in May visit only. The June visit showed too many fledged birds on the beach."
"2015","05/17/15 00:00:00","Chandeleur North A","EAE","95% herbaceous, 5% sandy","N","LAGU",,"N","few breeding","I tallied birds in May visit only. The June visit showed too many fledged birds on the beach."
"2015","05/17/15 00:00:00","Chandeleur North A","EAE","95% herbaceous, 5% sandy","N","ROYT",,"N","20% of breeding terns; young terns on beach in June visit.","I tallied birds in May visit only. The June visit showed too many fledged birds on the beach."
"2015","05/17/15 00:00:00","Chandeleur North A","EAE","95% herbaceous, 5% sandy","N","SATE",,"N","80% of breeding terns;","I tallied birds in May visit only. The June visit showed too many fledged birds on the beach."
"2015","05/17/15 00:00:00","Chandeleur North B","EAE","95% sandy/shells 5% herbaceous","N","BLSK",,"Y","incubating","BLSK were dotted in may because colony was not imaged in June likely because it wasn't there. It was ~50m from the June tern colony. SATE/ROYT/CATE was dotted in June as it wasn't photo documented in May. See KML for coords."
"2015","05/17/15 00:00:00","Chandeleur North B","EAE","95% sandy/shells 5% herbaceous","N","CATE",,"Y","incubating","BLSK were dotted in may because colony was not imaged in June likely because it wasn't there. It was ~50m from the June tern colony. SATE/ROYT/CATE was dotted in June as it wasn't photo documented in May. See KML for coords."
"2015","05/17/15 00:00:00","Chandeleur North B","EAE","95% sandy/shells 5% herbaceous","N","GBTE",,"Y","incubating","BLSK were dotted in may because colony was not imaged in June likely because it wasn't there. It was ~50m from the June tern colony. SATE/ROYT/CATE was dotted in June as it wasn't photo documented in May. See KML for coords."
"2015","05/17/15 00:00:00","Chandeleur North B","EAE","95% sandy/shells 5% herbaceous","N","LAGU",,"N","no evidence of breeding","BLSK were dotted in may because colony was not imaged in June likely because it wasn't there. It was ~50m from the June tern colony. SATE/ROYT/CATE was dotted in June as it wasn't photo documented in May. See KML for coords."
"2015","06/21/15 00:00:00","Chandeleur North B","EAE","95% sandy/shells 5% herbaceous","N","BLSK",,"Y","incubating","BLSK were dotted in may because colony was not imaged in June likely because it wasn't there. It was ~50m from the June tern colony. SATE/ROYT/CATE was dotted in June as it wasn't photo documented in May. See KML for coords."
"2015","06/21/15 00:00:00","Chandeleur North B","EAE","95% sandy/shells 5% herbaceous","N","CATE",,"Y","incubating","BLSK were dotted in may because colony was not imaged in June likely because it wasn't there. It was ~50m from the June tern colony. SATE/ROYT/CATE was dotted in June as it wasn't photo documented in May. See KML for coords."
"2015","06/21/15 00:00:00","Chandeleur North B","EAE","95% sandy/shells 5% herbaceous","N","GBTE",,"Y","incubating","BLSK were dotted in may because colony was not imaged in June likely because it wasn't there. It was ~50m from the June tern colony. SATE/ROYT/CATE was dotted in June as it wasn't photo documented in May. See KML for coords."
"2015","06/21/15 00:00:00","Chandeleur North B","EAE","95% sandy/shells 5% herbaceous","N","ROYT",,"N","incubating","BLSK were dotted in may because colony was not imaged in June likely because it wasn't there. It was ~50m from the June tern colony. SATE/ROYT/CATE was dotted in June as it wasn't photo documented in May. See KML for coords."
"2015","06/21/15 00:00:00","Chandeleur North B","EAE","95% sandy/shells 5% herbaceous","N","SATE",,"N","incubating","BLSK were dotted in may because colony was not imaged in June likely because it wasn't there. It was ~50m from the June tern colony. SATE/ROYT/CATE was dotted in June as it wasn't photo documented in May. See KML for coords."
"2015","05/17/15 00:00:00","Chandeleur North C","EAE","95% sandy/shells 5% herbaceous","N","AMOY",,"N","no evidence of egg laying","Colony not documented in June. I almost didn't count these birds because most birds appeared to be roosting. I also didn't think it was a viable colony because it wasn't documented in June. But I ultimately decided to dot. CATE nest site is subtle."
"2015","05/17/15 00:00:00","Chandeleur North C","EAE","95% sandy/shells 5% herbaceous","N","CATE",,"N","incubating","Colony not documented in June. I almost didn't count these birds because most birds appeared to be roosting. I also didn't think it was a viable colony because it wasn't documented in June. But I ultimately decided to dot. CATE nest site is subtle."
"2015","05/17/15 00:00:00","Chandeleur North C","EAE","95% sandy/shells 5% herbaceous","N","LAGU",,"N","no evidence of egg laying","Colony not documented in June. I almost didn't count these birds because most birds appeared to be roosting. I also didn't think it was a viable colony because it wasn't documented in June. But I ultimately decided to dot. CATE nest site is subtle."
"2015","05/17/15 00:00:00","Chandeleur North C","EAE","95% sandy/shells 5% herbaceous","N","ROYT",,"N","no evidence of egg laying","Colony not documented in June. I almost didn't count these birds because most birds appeared to be roosting. I also didn't think it was a viable colony because it wasn't documented in June. But I ultimately decided to dot. CATE nest site is subtle."
"2015","06/21/15 00:00:00","Chandeleur North D","EAE","95% sandy/shells 5% herbaceous","N","BLSK",,"N","incubating","Many more BLSK were present in May but I decided to dot June. Can see empty scrapes so inretrospect perhaps I should have tallied May instead."
"2015","06/21/15 00:00:00","Chandeleur North D","EAE","95% sandy/shells 5% herbaceous","N","GBTE",,"N","incubating","Many more BLSK were present in May but I decided to dot June. Can see empty scrapes so inretrospect perhaps I should have tallied May instead."
"2015","05/17/15 00:00:00","Chandeleur North E","EAE","95% sandy/shells 5% herbaceous","N","BLSK",,"N","incubating","no colony movement between months; I opted to count May images. Too many empty scapes in June images coupled with many roosting skimmers at water's edge."
"2015","05/17/15 00:00:00","Chandeleur North E","EAE","95% sandy/shells 5% herbaceous","N","GBTE",,"N","incubating","no colony movement between months; I opted to count May images. Too many empty scapes in June images coupled with many roosting skimmers at water's edge."
"2015","06/21/15 00:00:00","Chandeleur North F","EAE","95% sandy/shells 5% herbaceous","N","BLSK",,"N","incubating","no images in may. I dotted june. There were two clusters in the subcolony; a more southerly BLSK colony and a tern coony 150m to the north."
"2015","06/21/15 00:00:00","Chandeleur North F","EAE","95% sandy/shells 5% herbaceous","N","GBTE",,"N","incubating","no images in may. I dotted june. There were two clusters in the subcolony; a more southerly BLSK colony and a tern coony 150m to the north."
"2015","06/21/15 00:00:00","Chandeleur North F","EAE","95% sandy/shells 5% herbaceous","N","LAGU",,"N","no evidence of egg laying","no images in may. I dotted june. There were two clusters in the subcolony; a more southerly BLSK colony and a tern coony 150m to the north."
"2015","06/21/15 00:00:00","Chandeleur North F","EAE","95% sandy/shells 5% herbaceous","N","ROYT",,"N","many 50% grown nestings","no images in may. I dotted june. There were two clusters in the subcolony; a more southerly BLSK colony and a tern coony 150m to the north."
"2015","06/21/15 00:00:00","Chandeleur North F","EAE","95% sandy/shells 5% herbaceous","N","SATE",,"N","incubating","no images in may. I dotted june. There were two clusters in the subcolony; a more southerly BLSK colony and a tern coony 150m to the north."
"2015","05/17/15 00:00:00","Chandeleur North G","EAE","95% sandy/shells 5% herbaceous","N","BLSK",,"Y","incubating","3 distinct clusters over the 2 months. 2 were documented in May and a new 3rd cluster was documented in June. Due to distance count all 3."
"2015","05/17/15 00:00:00","Chandeleur North G","EAE","95% sandy/shells 5% herbaceous","N","GBTE",,"N","incubating","3 distinct clusters over the 2 months. 2 were documented in May and a new 3rd cluster was documented in June. Due to distance count all 3."
"2015","06/21/15 00:00:00","Chandeleur North G","EAE","95% sandy/shells 5% herbaceous","N","BLSK",,"Y","incubating","3 distinct clusters over the 2 months. 2 were documented in May and a new 3rd cluster was documented in June. Due to distance count all 3."
"2015","06/21/15 00:00:00","Chandeleur North G","EAE","95% sandy/shells 5% herbaceous","N","LETE",,"N","incubating","3 distinct clusters over the 2 months. 2 were documented in May and a new 3rd cluster was documented in June. Due to distance count all 3."
"2015","06/21/15 00:00:00","Chandeleur North H","EAE","95% sandy/shells 5% herbaceous","N","BLSK",,"N","incubating","nothing was nesting in May; counted in June"
"2015","06/21/15 00:00:00","Chandeleur North H","EAE","95% sandy/shells 5% herbaceous","N","GBTE",,"N","incubating","nothing was nesting in May; counted in June"
"2015","05/17/15 00:00:00","Chandeleur South A","EAE","100% sandy and shells","N","CATE",,"N","incubating","marginal island; CATE nest sites with 5 roosting birds."
"2015","05/17/15 00:00:00","Chandeleur South A","EAE","100% sandy and shells","N","ROYT",,"N","no evidence of egg laying","marginal island; CATE nest sites with 5 roosting birds."
"2015","05/17/15 00:00:00","Chandeleur South B","EAE","100% sandy and shells","N","BLSK",,"N","incubating","I opted to dot may instead of June for both spp due to greater number of BLSK. Whereas, there were family groups and broods in June along shore."
"2015","05/17/15 00:00:00","Chandeleur South B","EAE","100% sandy and shells","N","GBTE",,"N","incubating","I opted to dot may instead of June for both spp due to greater number of BLSK. Whereas, there were family groups and broods in June along shore."
"2015","05/17/15 00:00:00","Chandeleur South B","EAE","100% sandy and shells","N","LAGU",,"N","no evidence of egg laying","I opted to dot may instead of June for both spp due to greater number of BLSK. Whereas, there were family groups and broods in June along shore."
"2015","05/17/15 00:00:00","Chandeleur South C","EAE","100% sandy and shells","N","BRPE",,"N","no evidence of egg laying",
"2015","05/17/15 00:00:00","Chandeleur South C","EAE","100% sandy and shells","N","CAEG",,"N","no evidence of egg laying",
"2015","05/17/15 00:00:00","Chandeleur South C","EAE","100% sandy and shells","N","LAGU",,"Y","incubating","Colony continued to grow between May visit and June visit therefore sum both visits for LAGU"
"2015","05/17/15 00:00:00","Chandeleur South C","EAE","100% sandy and shells","N","ROYT",,"Y","incubating","Colony continued to grow between May visit and June visit therefore sum both visits for ROYT"
"2015","05/17/15 00:00:00","Chandeleur South C","EAE","100% sandy and shells","N","SATE",,"Y","incubating","Colony continued to grow between May visit and June visit therefore sum both visits for SATE"
"2015","06/21/15 00:00:00","Chandeleur South C","EAE","100% sandy and shells","N","LAGU",,"Y","incubating","Colony continued to grow between May visit and June visit therefore sum both visits for LAGU"
"2015","06/21/15 00:00:00","Chandeleur South C","EAE","100% sandy and shells","N","ROYT",,"Y","incubating","Colony continued to grow between May visit and June visit therefore sum both visits for ROYT."
"2015","06/21/15 00:00:00","Chandeleur South C","EAE","100% sandy and shells","N","SATE",,"Y","incubating","Colony continued to grow between May visit and June visit therefore sum both visits for SATE."
"2015","05/17/15 00:00:00","Chandeleur South D","EAE",,"N","BLSK",,"N","incubating",
"2015","05/17/15 00:00:00","Chandeleur South D","EAE",,"N","GBTE",,"N","incubating",
"2015","06/21/15 00:00:00","Chandeleur South E","EAE",,"N","BLSK",,"N","incubating",
"2015","06/21/15 00:00:00","Chandeleur South E","EAE",,"N","CATE",,"N","incubating",
"2015","06/21/15 00:00:00","Chandeleur South E","EAE",,"N","LAGU",,"N","no evidence of egg laying",
"2015","06/21/15 00:00:00","Chandeleur South E","EAE",,"N","ROYT",,"N","incubating",
"2015","06/21/15 00:00:00","Chandeleur South E","EAE",,"N","SATE",,"N","incubating",
"2015","06/21/15 00:00:00","Chandeleur South F","EAE",,"N","BLSK",,"N","incubating","will dot June images. May images documented 2 CATE cluster+1 BLSK cluster+1 GBTE. Neither CATE clusters were photodocumented in June. Therefore colony was thought to have been abandoned. The BLSK colony ""relocated"" 130m north of where it was in May."
"2015","06/21/15 00:00:00","Chandeleur South F","EAE",,"N","GBTE",,"N","incubating","will dot June images. May images documented 2 CATE cluster+1 BLSK cluster+1 GBTE. Neither CATE clusters were photodocumented in June. Therefore colony was thought to have been abandoned. The BLSK colony ""relocated"" 130m north of where it was in May."
"2015","05/17/15 00:00:00","New Harbor Island 1","EAE","flooded marsh fringing sandy beach and areas wrack","N","LAGU",,"N","incubating","Dotted May overview images. June coverage was parltry."
"2015","05/17/15 00:00:00","New Harbor Island 1","EAE","flooded marsh fringing sandy beach and areas wrack","N","BRPE",,"N","no evidence of egg laying sites","Dotted May overview images. June coverage was parltry."
"2015","05/17/15 00:00:00","New Harbor Island 2","EAE","flooded island with emergent Mangroves","N","BRPE",,"N","no evidence of egg-laying sites",
"2015","05/17/15 00:00:00","New Harbor Island 2","EAE","flooded island with emergent Mangroves","N","LAGU",,"N","incubating","LAGUs were still incubating in June 2015, but opted for May tally."
"2015","05/17/15 00:00:00","New Harbor Island 3","EAE",,"N","BRPE",,"Y","many nestlings in nests none fledged yet however","June images showed BRPE fledged nestlings."
"2015","06/21/15 00:00:00","New Harbor Island 3","EAE",,"N","BRPE",,"Y","decided to tally an area that was pure territorial birds in May but pelicans had initiated nesting between May visit and June visit",
"2015","05/17/15 00:00:00","New Harbor Island 3","EAE",,"N","GREG",,"N","couple of nests",
"2015","05/17/15 00:00:00","New Harbor Island 3","EAE",,"N","LAGU",,"N","many incubating birds but no nestlings or fledglings noted",
"2015","05/17/15 00:00:00","New Harbor Island 3","EAE",,"N","REEG",,"N","mostly fledged broods",
"2015","05/17/15 00:00:00","New Harbor Island 3","EAE",,"N","TRHE",,"N","minor amount of incubating adults in nests",
"2015","06/21/15 00:00:00","Curlew Island","EAE","mostly sand nesting birds","N","BLSK",,"N","At both end of island","bird activity was only documented in June. Only one image in May."
"2015","06/21/15 00:00:00","Curlew Island","EAE","mostly sand nesting birds","N","CATE",,"N","incubating","bird activity was only documented in June. Only one image in May."
"2015","06/21/15 00:00:00","Curlew Island","EAE","mostly sand nesting birds","N","GBTE",,"N","incubating","bird activity was only documented in June. Only one image in May."
"2015","06/21/15 00:00:00","Curlew Island","EAE","mostly sand nesting birds","N","LAGU",,"N","only one incubating gull","bird activity was only documented in June. Only one image in May."
"2015","06/21/15 00:00:00","Curlew Island","EAE","mostly sand nesting birds","N","ROYT",,"N","many; those roosting on shore didn't appear to have young with them","bird activity was only documented in June. Only one image in May."
"2015","06/21/15 00:00:00","Curlew Island","EAE","mostly sand nesting birds","N","SATE",,"N","many; those roosting on shore did not appear to have young with them.","bird activity was only documented in June. Only one image in May."
"2015","05/17/15 00:00:00","Hell Pass Coast B","EAE","mostly grassy marsh","N","BRPE",,"N","no evidence of nesting",
"2015","05/17/15 00:00:00","Hell Pass Coast B","EAE","mostly grassy marsh","N","LAGU",,"N","incubators","more (dozens more but hard to be certain) nesting in June but see SNEG"
"2015","05/17/15 00:00:00","Hell Pass Coast B","EAE","mostly grassy marsh","N","REEG",,"N","incubators",
"2015","05/17/15 00:00:00","Hell Pass Coast B","EAE","mostly grassy marsh","N","ROSP",,"N","no evidence of nesting",
"2015","05/17/15 00:00:00","Hell Pass Coast B","EAE","mostly grassy marsh","N","SNEG",,"N","many nestlings","most of the nesting SNEG had departed nest by June visit; many on foot near nest but also others lining waters edge. Because of this I decided to dot May for all species."
"2015","05/17/15 00:00:00","Hell Pass Coast B","EAE","mostly grassy marsh","N","TRHE",,"N","many nestlings","maybe more (dozens more but hard to be certain) nesting in June but see SNEG"
"2015","05/17/15 00:00:00","Hell Pass Coast B","EAE","mostly grassy marsh","N","TRSN",,"N","abandoned and empty nests","used this code to quantify abandoned and empty nest sites"
"2015","05/17/15 00:00:00","Hell Pass Coast B","EAE","mostly grassy marsh","N","WHIB",,"N","incubators","very few."
"2015","05/17/15 00:00:00","Hell Pass Coast C","EAE","mostly grassy marsh","N","LAGU",,"N","incubators","more (dozens more but hard to be certain) nesting in June but see SNEG"
"2015","05/17/15 00:00:00","Hell Pass Coast C","EAE","mostly grassy marsh","N","SNEG",,"N","many nestlings","most of the nesting SNEG had departed nest by June visit; many on foot near nest but also others lining waters edge. Because of this I decided to dot May for all species."
"2015","05/17/15 00:00:00","Hell Pass Coast C","EAE","mostly grassy marsh","N","TRHE",,"N","many nestlings","more (dozens more but hard to be certain) nesting in June but see SNEG"
"2015","05/17/15 00:00:00","Hell Pass Coast C","EAE","mostly grassy marsh","N","TRSN",,"N","adandoned and empty nests",
"2015","06/21/15 00:00:00","Hell Pass Coast D","EAE","mostly grassy marsh","N","LAGU",,"N","incubators","there were perhaps more incubating LAGU (50% more, but hard to say without counting them) on nests in May but no TRHE were at nest sites, So opted to dot June to get better count of herons"
"2015","06/21/15 00:00:00","Hell Pass Coast D","EAE","mostly grassy marsh","N","TRHE",,"N","incubators","Not detected in May. But there were several incubating in June visit."
"2015","06/21/15 00:00:00","Hell Pass Coast D","EAE","mostly grassy marsh","N","SNEG",,"N","incubators","Not detected in May. But there were several incubating in June visit."
"2015","06/21/15 00:00:00","Hell Pass Coast E","EAE","mostly grassy marsh","N","LAGU",,"N","incubators","there were perhaps more incubating LAGU (50% more, but hard to say without counting them) on nests in May but no TRHE were at nest sites, So opted to dot June to get better count of herons"
"2015","06/21/15 00:00:00","Hell Pass Coast E","EAE","mostly grassy marsh","N","TRHE",,"N","incubators","Not detected in May. But there were several incubating in June visit."
"2015","05/17/15 00:00:00","Biloxi South 5 A","EAE","grassy","N","AWPE",,"N","no evidence of nesting",
"2015","05/17/15 00:00:00","Biloxi South 5 A","EAE","grassy","N","BRPE",,"N","eggs","counted may instead of june due to mass desertion. BRPE sites which had eggs in May were deserted in June visit."
"2015","05/17/15 00:00:00","Biloxi South 5 A","EAE","grassy","N","LAGU",,"N","incubators","counted May instead of June due to mass desertion of colony"
"2015","05/17/15 00:00:00","Biloxi South 5 A","EAE","grassy","N","SNEG",,"N","incubators",
"2015","05/17/15 00:00:00","Biloxi South 5 A","EAE","grassy","N","TRHE",,"N","incubator",
"2015","05/17/15 00:00:00","Biloxi South 5 A","EAE","grassy","N","WHIB",,"N","no evidence of nesting",
"2015","05/17/15 00:00:00","Biloxi South 5 B","EAE","grassy","N","AMOY",,"N","no evidence of nesting",
"2015","05/17/15 00:00:00","Biloxi South 5 B","EAE","grassy","N","AWPE",,"N","no evidence of nesting",
"2015","05/17/15 00:00:00","Biloxi South 5 B","EAE","grassy","N","BCNH",,"N","a few incubators",
"2015","05/17/15 00:00:00","Biloxi South 5 B","EAE","grassy","N","BRPE",,"N","eggs","BRPE sites which had eggs in May were deserted on June visit"
"2015","05/17/15 00:00:00","Biloxi South 5 B","EAE","grassy","N","GREG",,"N","eggs",
"2015","05/17/15 00:00:00","Biloxi South 5 B","EAE","grassy","N","HERG",,"N","one subadult standing on beach",
"2015","05/17/15 00:00:00","Biloxi South 5 B","EAE","grassy","N","LAGU",,"N","incubators and a couple of bird standing with wings slightly spread as if sheltering nestlings",
"2015","05/17/15 00:00:00","Biloxi South 5 B","EAE","grassy","N","REEG",,"N","one incubator",
"2015","05/17/15 00:00:00","Biloxi South 5 B","EAE","grassy","N","ROSP",,"N","foraging",
"2015","05/17/15 00:00:00","Biloxi South 5 B","EAE","grassy","N","SNEG",,"N","incubators",
"2015","05/17/15 00:00:00","Biloxi South 5 B","EAE","grassy","N","TRHE",,"N","incubators",
"2015","05/17/15 00:00:00","Biloxi South 5 B","EAE","grassy","N","WHIB",,"N","no evidence of nesting",
"2015","05/18/15 00:00:00","Lake Number Five","EAE","heavily vegetated with trees","N","ANHI",,"N","nestlings","May and June visits; no additonal nesting species in June. very difficult images not clear. White birds and nests over exposed. Coverage poor due to tree cover. High level of uncertainty due to inability to positively ID LBHE/SNEG nests."
"2015","05/18/15 00:00:00","Lake Number Five","EAE","heavily vegetated with trees","N","GREG",,"N","nestlings and eggs","May and June visits; no additonal nesting species in June. very difficult images not clear. White birds and nests over exposed. Coverage poor due to tree cover. High level of uncertainty due to inability to positively ID LBHE/SNEG nests."
"2015","05/18/15 00:00:00","Lake Number Five","EAE","heavily vegetated with trees","N","LBHE",,"N","incubator","May and June visits; no additonal nesting species in June. very difficult images not clear. White birds and nests over exposed. Coverage poor due to tree cover. High level of uncertainty due to inability to positively ID LBHE/SNEG nests."
"2015","05/18/15 00:00:00","Lake Number Five","EAE","heavily vegetated with trees","N","SNEG",,"N","nestlings","May and June visits; no additonal nesting species in June. very difficult images not clear. White birds and nests over exposed. Coverage poor due to tree cover. High level of uncertainty due to inability to positively ID LBHE/SNEG nests."
"2015","05/18/15 00:00:00","Lake Number Five","EAE","heavily vegetated with trees","N","TRHE",,"N","incubators","May and June visits; no additonal nesting species in June. very difficult images not clear. White birds and nests over exposed. Coverage poor due to tree cover. High level of uncertainty due to inability to positively ID LBHE/SNEG nests."
"2015","06/22/15 00:00:00","Ship Island","EAE","Barrier island cover with herbaceous vegetation","N","AMOY",,"N","no evidence of nesting","a pair roosting together."
"2015","06/22/15 00:00:00","Ship Island","EAE","Barrier island cover with herbaceous vegetation","N","OSPR",,"N","nestlings in tower",
"2015","06/22/15 00:00:00","Ship Island","EAE","Barrier island cover with herbaceous vegetation","N","LAGU",,"N","no evidence of nesting","moderate numbers roosting on island"
"2015","06/22/15 00:00:00","Ship Island","EAE","Barrier island cover with herbaceous vegetation","N","ROYT",,"N","no evidence of nesting","moderate numbers roosting on island"
"2015","06/22/15 00:00:00","Ship Island","EAE","Barrier island cover with herbaceous vegetation","N","SATE",,"N","no evidence of nesting","quite a few roosting on island"
"2015","06/22/15 00:00:00","Ship Island","EAE","Barrier island cover with herbaceous vegetation","N","BRPE",,"N","no evidence of nesting","moderate numbers roosting on island"
"2015","06/22/15 00:00:00","Ship Island","EAE","Barrier island cover with herbaceous vegetation","N","BLSK",,"N","incubators; unfortunately colony continued up to edge of imagery and perhaps number tallied is an undercount by an unknown but likely slight amount. Dark birds couldn't be seen against heavily vegetated dunes.","colony location is 30.21127, -88.98289. Nest colony has spread into highly vegetated area. No much activity in May based on paucity of images."
"2015","06/22/15 00:00:00","Ship Island","EAE","Barrier island cover with herbaceous vegetation","N","COTE",,"N","no evidence of nesting","several small terns in extensive flock of roosting birds at western tip of East Island.  Analyst concluded they were most likely COTE based on size, black nape color on basic plumaged birds, suggestion of carpal bar, and dark upper surface to wing tips"
"2015","06/20/15 00:00:00","Shell Island East","PJC","Sand and mudflats, shrubs","N",,,"N","The few June pics are farther west and indicate roosters only, including many BLSK and some AWPE",
"2015","06/20/15 00:00:00","Scofield Island","PJC","Sand and mudflats, shrubs","N",,,"N","Surveyed but no photos",
"2015","05/17/15 00:00:00","Willet Island","PJC",,"N",,,"N","surveyed May and June but no photos",
"2015","06/21/15 00:00:00","Biloxi South 11","PJC",,"N","GREG",,"N","surveyed but not photographed",
"2015","06/21/15 00:00:00","Biloxi South 1","PJC",,"N",,,"N","just a handful of FOTE and LAGU (no chicks) on a wrack line and some roosting BLSK and terns; colony apparently mostly unsuccessful",
"2015","05/16/15 00:00:00","Philo Brice Islands",,,"N",,,"N","transited about >1km west of the island; a little farther off in June",
"2015","06/20/15 00:00:00","Queen Bess Island","PJC",,"N","BRPE",,"N","LOTS of chicks, mostly 6-10 weeks old, perhaps a few older, and some younger for sure; dozens of nests still in incubation stage, but no obvious new nesting groups since 16 May; only some small-scale abandonment",
"2015","06/20/15 00:00:00","Queen Bess Island","PJC",,"N",,,"N","in addition to BRPE, GREG chicks are conspicuous, still lots of TRHE in the marsh areas; other species less conspicuous",
"2015","05/16/15 00:00:00","Queen Bess Island","PJC",,"N",,,"N","100% coverage, excellent data quality",
"2015","05/18/15 00:00:00","Lanark Reef West","PJC","beach, grass, shrubs","N","BRPE",,"N","100% coverage; chicks < 2 wks old",
"2015","06/22/15 00:00:00","Lanark Reef West","PJC","beach, grass, shrubs","N","BRPE",,"N","likely some abandonment, but colony still active w. no new nesting groups; many nests in incubation stage, but many chicks up to 6 wks old also",
"2015","06/21/15 00:00:00","Biloxi South 10 B","PJC","marsh island with beaches","N","BRPE",,"N","Just a small group around a shrub patch",
"2015","06/21/15 00:00:00","Biloxi South 10 D","PJC","marsh island with beaches","N","BRPE",,"N","incubators; complete coverage",
"2015","05/17/15 00:00:00","Biloxi South 10 D","PJC","marsh island with beaches","N",,,"N","June counted given BRPE; LAGU, FOTE seemed to be pre egg-laying in May also",
"2015","05/17/15 00:00:00","Biloxi South 10 B","PJC","marsh island with beaches","N",,,"N","June counted given BRPE; LAGU, FOTE seemed to be pre egg-laying in May also",
"2011","06/17/11 00:00:00","Shell Island East A","PJC",,"N",,,"N","all tern sp. and BLSK appeared near peak incubation; colony not present in May","PJC77"
"2011","05/18/11 00:00:00","Shell Island East A","PJC",,"N",,,"N","colony had not formed yet","PJC77"
"2015","05/17/15 00:00:00","Bird Island Birdsfoot","PJC",,"N",,,"N","No Nests; just a few overview photos; BLSK/GBTE habitat in 2010; no nests since",
"2011","05/18/11 00:00:00","Shell Island East B","PJC",,"N","BLSK",,"N","distribution similar to June",
"2011","06/17/11 00:00:00","Shell Island East B","PJC",,"N","BLSK",,"N","distibution similar to May; many birds w. wings slightly down; no sign of chicks;",
"2012","05/27/12 00:00:00","Shell Island East B","PJC",,"N",,,"N","trackline looked good for inspection; no photos","PJC78"
"2012","06/20/12 00:00:00","Shell Island East B","PJC",,"N",,,"N","trackline looked poor for inspection; no photos","PJC78"
"2012","05/27/12 00:00:00","Shell Island East A","PJC",,"N",,,"N","trackline looked good for inspection; no photos","PJC77"
"2012","06/20/12 00:00:00","Shell Island East A","PJC",,"N",,,"N","trackline looked poor for inspection; no photos","PJC77"
"2012","05/29/12 00:00:00","Breton Island","JNP",,"N","ROYT",,"N","Large colonies found on eastern side of island near new fences on sand",
"2012","05/29/12 00:00:00","Breton Island","JNP",,"N","SATE",,"N","smaller groups mixed in with ROYT colonies on eastern side of island",
"2012","05/29/12 00:00:00","Breton Island","JNP",,"N","BLSK",,"N","a couple scattered on beaches, not observed in nesting position or photos too low qaulity",
"2011","05/18/11 00:00:00","Breton Island","JNP",,"N","BRPE",,"N","Many nests scattered throughout island, with various ages of chicks ranging from small to large. Few empty or abandoned nests.",
"2011","05/18/11 00:00:00","Breton Island","JNP",,"N","LAGU",,"N","Nests scattered throughout island on vegetation and some on sand. Pair often near nest or other birds loaf near waters edge.",
"2011","05/18/11 00:00:00","Breton Island","JNP",,"N","ROYT",,"N","Large colonies ( thousands of birds) on east side of island. Smaller sub colonies flank main colonies.",
"2011","05/18/11 00:00:00","Breton Island","JNP",,"N","SATE",,"N","smaller colonies were mixed in with ROYT colonies on East side.",
"2011","05/18/11 00:00:00","Breton Island","JNP",,"N","BLSK",,"N","Abundant on north eastern sandy banks",
"2011","05/18/11 00:00:00","Breton Island","JNP",,"N","UNSB",,"N","A few scattered along beaches, typically appearing as a small brown bird, likely some type of sandpiper or plover",
"2012","05/29/12 00:00:00","Breton Island","JNP",,"N","BRPE",,"N","Much less nesting activity than 2011. Many empty nests appear to be from earlier this season, and largely chicks have not appeared yet.",
"2012","05/29/12 00:00:00","Breton Island","JNP",,"N","LAGU",,"N","Typical scattered nests in grass with loafing birds next to nest and on edges of water",
"2012","06/19/12 00:00:00","Breton Island","JNP",,"N","LAGU",,"N","Some nests still present in high spots, loafing birds around beaches",
"2012","06/19/12 00:00:00","Breton Island","JNP",,"N","BRPE",,"N","Regions of A, B, C, D appear flooded around nests (or high tide?). Many loafers on beaches. Where chicks are visible they are large.",
"2012","06/19/12 00:00:00","Breton Island","JNP",,"N","ROYT",,"N","Many on shore, 90 percent colony dispersed, did not see any chicks browsing photos",
"2012","06/19/12 00:00:00","Breton Island","JNP",,"N","SATE",,"N","Many on shore, 90 percent colony dispersed, did not see any chicks browsing photos",
"2011","06/14/11 00:00:00","Redfish Bend","PJC",,"N","ROSA",,"N","#s reduced compared to May; birds still in colonies; chicks possibly just hatching; no wandering chick groups seen",
"2011","06/14/11 00:00:00","Redfish Bend","PJC",,"N","CATE",,"N","colonies still present with birds in incubation posture; one chick noted",
"2011","06/14/11 00:00:00","Redfish Bend","PJC",,"N","LAGU",,"N","still apparently mostly incubating; no chicks noted",
"2015","06/20/15 00:00:00","Birdsfoot West 6 A","EAE","bald cypress swamp","N","MAFR",,"N","no evidence of nesting","june visit only"
"2011","06/14/11 00:00:00","Redfish Bend","PJC",,"N","BLSK",,"N","small #s of sites (< 50) still present; likely incubating",
"2011","05/19/11 00:00:00","Redfish Bend","PJC",,"N","LAGU",,"N","incidental coverage while dotting terns and skimmers; LAGU coverage perhaps >50%",
"2011","05/19/11 00:00:00","Redfish Bend","PJC","marsh island with sandy beaches","N",,,"N","Complete coverage for all spp. except LAGU","KKN27"
"2012","05/28/12 00:00:00","Redfish Bend","PJC",,"N",,,"N","trackline went right by island, but no photos","KKN27"
"2012","06/19/12 00:00:00","Redfish Bend","PJC",,"N",,,"N","not inspected; trackline not close to island","KKN27"
"2011","05/19/11 00:00:00","Isle au Pitre","PJC",,"N","BLSK",,"N","counted for June; in May, some in pairs but no birds clearly in incubation posture; come June, most sites were on opposite side of island compared to May",
"2011","05/19/11 00:00:00","Isle au Pitre","PJC",,"N","CATE",,"N","some birds present in May, Royals too, but mostly closer to water, and no terns were noted as clearly on sites",
"2011","06/14/11 00:00:00","Isle au Pitre","PJC",,"N",,,"N","seemingly complete counts of BLSK, GBTE, and CATE; only 1 LAGU site counted, and none seen in other photographs; no other breeding sp. Noted",
"2011","05/17/11 00:00:00","Bayou Platte Island South","PJC",,"N","FOTE",,"N","Incomplete coverage w. close-ups; some birds sitting, but still early phenology; a few FOTE in center of island may have been GBTE that I misIDed in Ovs",
"2011","05/17/11 00:00:00","Bayou Platte Island South","PJC",,"N","GBTE",,"N","IDed in part by association w. BLSK; some birds sitting, but still early phenology; a few FOTE in center of island may have been GBTE that I misIDed in Ovs",
"2011","05/17/11 00:00:00","Bayou Platte Island South","PJC",,"N","BLSK",,"N","Likely no egg-laying yet",
"2011","05/20/11 00:00:00","Flag Island South","PJC",,"N","ROSA",,"N","Royal and Sandwich terns just beginning to assemble, definitely no egg-laying yet; a colony does form by June survey; not all standing birds along shoreline counted",
"2011","05/20/11 00:00:00","Flag Island South","PJC",,"N","BLSK",,"N","Most birds in pairs, usually with one more clearly in sitting posture; degree of egg-laying uncertain",
"2011","05/17/11 00:00:00","Wine Island","PJC",,"N","ROSA",,"N","Royal and Sandwich terns appeared near peak incubation",
"2011","05/17/11 00:00:00","Wine Island","PJC",,"N","UNTE",,"N","mix of species standing along shoreline",
"2011","05/17/11 00:00:00","Wine Island","PJC",,"N","BRPE",,"N","mostly incubating, with some pairs apparently still setting-up",
"2011","05/20/11 00:00:00","Audubon Island","PJC",,"N","BRPE",,"N","Coverage ~ 100%",
"2011","05/20/11 00:00:00","Audubon Island","PJC",,"N","LAGU",,"N","Coverage ~ 100%",
"2012","05/30/12 00:00:00","Audubon Island","PJC",,"N","LAGU",,"N","site total probably ~ 95% complete",
"2012","05/30/12 00:00:00","Audubon Island","PJC",,"N","BRPE",,"N","nest coverage complete",
"2011","05/17/11 00:00:00","Barataria Bay 7","PJC","small marsh island","N","FOTE",,"N","100% coverage",
"2015","06/20/15 00:00:00","Birdsfoot West 6 A","EAE","bald cypress swamp","N","NECO",,"N","nestlings","june visit only"
"2011","05/17/11 00:00:00","Barataria Bay 7","PJC","small marsh island","N","LAGU",,"N","100% coverage",
"2011","05/17/11 00:00:00","Pelican Island","PJC",,"N","BRPE",,"N","mostly large chicks, w. perhaps just a few already in juvenile plumage; coverage 100% for all spp.",
"2011","05/17/11 00:00:00","Pelican Island","PJC",,"N","LAGU",,"N","uncertain whether any egg-laying had occurred",
"2012","05/27/12 00:00:00","Pelican Island","PJC",,"N","BRPE",,"N","phenology advanced compared to 2011 w. majority of HYs in juvenile plumage; BroodCategory calculated (see tblSpeciesData notes); available habitat seems reduced for all spp. compared to 2011 (more water/less veg.)",
"2012","05/27/12 00:00:00","Beauregard Island","PJC",,"N",,,"N","coverage of all spp. near 100%","PJC5"
"2011","05/17/11 00:00:00","Barataria Bay 6","PJC","small marsh island","N","FOTE",,"N","coverage 100%; colony not surveyed in June 2011, or in either month in 2012",
"2011","05/17/11 00:00:00","Barataria Bay 5 AB","PJC","small marsh island","N","FOTE",,"N","Coverage ~ 100%",
"2011","05/17/11 00:00:00","Manilla Island","PJC",,"N","FOTE",,"N","Coverage ~ 100%; some FOTE flying over island; colony likely just getting started",
"2012","05/30/12 00:00:00","Apalachicola Bird Island","PJC",,"N","BRPE",,"N","chicks small, and partly concealed by adults; many nests still in incubation stage; roosters along shoreline not counted",
"2012","05/30/12 00:00:00","Flag Island South","PJC",,"N","LETE",,"N","incidental coverage adjacent to 3 different BLSK groups",
"2012","05/30/12 00:00:00","Flag Island South","PJC",,"N","ROSA",,"N","roosters along shoreline as well as some standing birds well away from colony not counted; edges of colony still growing, as birds on edge often in pairs",
"2012","05/30/12 00:00:00","Flag Island South","PJC",,"N","BLSK",,"N","birds mostly in pairs",
"2012","05/30/12 00:00:00","Lanark Reef West","PJC",,"N","LAGU",,"N","coverage incidental during BLSK photography, but probably representative",
"2011","05/19/11 00:00:00","Martin Island","PJC",,"N","FOTE",,"N","complete coverage",
"2011","05/19/11 00:00:00","Martin Island","PJC",,"N","LAGU",,"N","rough visual estimate by scanning all photos of island",
"2011","05/19/11 00:00:00","Martin Island","PJC",,"N","BRPE",,"N","no breeding activity",
"2011","05/19/11 00:00:00","Martin Island","PJC",,"N","ROSA",,"N","no breeding activity",
"2011","06/14/11 00:00:00","Martin Island","PJC",,"N",,,"N","LAGU and FOTE remain but other spp. not present; not counted for this date",
"2011","05/19/11 00:00:00","Martin Island","PJC",,"N","BLSK",,"N","just setting up, but no birds present in June",
"2012","05/28/12 00:00:00","Martin Island","PJC",,"N","LAGU",,"N","nesting, but poor coverage; not dotted; FOTE only other breeding sp.; roosting BRPE also present",
"2012","05/28/12 00:00:00","Martin Island","PJC",,"N","FOTE",,"N","nesting, but poor coverage; not dotted; LAGU only other breeding sp.; roosting BRPE also present",
"2012","06/19/12 00:00:00","Martin Island","PJC",,"N",,,"N","only two OVs taken; not dotted; see May",
"2012","05/28/12 00:00:00","Biloxi North 35","PJC",,"N",,,"N","only terns counted for May; terns not photographed (or not present?) in June","PJC76"
"2012","06/19/12 00:00:00","Biloxi North 35","PJC",,"N",,,"N","waders counted for June only becase of greater WHIB colony extent compared to May photos","PJC76"
"2011","05/20/11 00:00:00","Beauvoir","PJC",,"N","BLSK",,"N","distibution similar to June's, but birds mostly in pairs, some only standing, and some flushed",
"2011","05/20/11 00:00:00","Beauvoir","PJC",,"N","LETE",,"N","many birds in flight, but few if any sitting, in contrast to June",
"2015","06/20/15 00:00:00","Birdsfoot West 6 A","EAE","bald cypress swamp","N","UNCO",,"N","possible DCCO at site","june visit only"
"2011","05/18/11 00:00:00","Bay Ronquille Northwest Island","KMR","Grasses, shrubs.","N","LAGU",,"N","LAGU all sitting low on sites.",
"2011","05/18/11 00:00:00","Bay Ronquille Northwest Island","KMR","Grasses, shrubs.","N","TRHE",,"N","TRHE with eggs or 1/4-2/3 grown chicks.",
"2011","05/18/11 00:00:00","Bay Ronquille Northwest Island","KMR","Grasses, shrubs.","N","BRPE",,"N","BRPE all sitting low on nests, observed with eggs.",
"2011","05/18/11 00:00:00","Bay Ronquille Northwest Island","KMR","Grasses, shrubs.","N","BCNH",,"N","BCNH with 2/3-7/8 grown chicks.",
"2011","05/18/11 00:00:00","Bay Ronquille Northwest Island","KMR","Grasses, shrubs.","N","LIBH",,"N","LIBH with very small to 1/4 grown chicks.",
"2012","05/27/12 00:00:00","Bay Ronquille Northwest Island","KMR","Grasses, shrubs, bare ground, open shallow water.","N","LAGU",,"N","LAGU all sitting low on sites.",
"2012","05/27/12 00:00:00","Bay Ronquille Northwest Island","KMR","Grasses, shrubs, bare ground, open shallow water.","N","BRPE",,"N","BRPE sitting on well built nests and with 4-6 week old chicks.",
"2012","05/27/12 00:00:00","Bay Ronquille Northwest Island","KMR","Grasses, shrubs, bare ground, open shallow water.","N","TRHE",,"N","TRHE sitting low on sites.",
"2012","05/27/12 00:00:00","Bay Ronquille Northwest Island","KMR","Grasses, shrubs, bare ground, open shallow water.","N","WHIB",,"N","WHIB sitting low on sites.",
"2011","05/18/11 00:00:00","Cat Bay North Island","KMR","Shrubs, Grasses, bare ground.","N","LAGU",,"N","LAGE all sitting low on sites.",
"2011","05/18/11 00:00:00","Cat Bay North Island","KMR","Shrubs, Grasses, bare ground.","N","BRPE",,"N","BRPE sitting low or with 5 week old chicks.",
"2011","05/18/11 00:00:00","Cat Bay North Island","KMR","Shrubs, Grasses, bare ground.","N","TRHE",,"N","TRHE sitting low on sites.",
"2012","05/27/12 00:00:00","Cat Bay North Island","KMR","Shrubs, grasses, bare ground, shallow open water.","N","LAGU",,"N","LAGU all sitting low on sites",
"2012","05/27/12 00:00:00","Cat Bay North Island","KMR","Shrubs, grasses, bare ground, shallow open water.","N","BRPE",,"N","BRPE observed with 4 week old to full grown chicks.",
"2012","05/27/12 00:00:00","Cat Bay North Island","KMR","Shrubs, grasses, bare ground, shallow open water.","N","TRHE",,"N","TRHE all sitting low on sites.",
"2012","05/27/12 00:00:00","Cat Bay North Island","KMR","Shrubs, grasses, bare ground, shallow open water.","N","GREG",,"N","GREG observed with eggs to 7/8 grown chicks.",
"2015","06/20/15 00:00:00","Birdsfoot West 6 A","EAE","bald cypress swamp","N","ANHI",,"N","fledged brood","june visit only"
"2011","05/18/11 00:00:00","Cat Bay Island","KMR","Shrubs, bare ground, few grasses, submerged shrubs","N","LAGU",,"N","LAGU all sitting low on sites.",
"2011","05/18/11 00:00:00","Cat Bay Island","KMR","Shrubs, bare ground, few grasses, submerged shrubs","N","BRPE",,"N","BRPE observed sitting low or with 3-8 week old chicks.",
"2011","05/18/11 00:00:00","Cat Bay Island","KMR","Shrubs, bare ground, few grasses, submerged shrubs","N","GREG",,"N","GREG observed with eggs to 7/8 grown chicks.",
"2011","05/18/11 00:00:00","Cat Bay Island","KMR","Shrubs, bare ground, few grasses, submerged shrubs","N","WOST",,"N","One WOST in Area 3 appeared to be incubating on a site, but not likely so marked as 'Bird'.",
"2012","05/27/12 00:00:00","Cat Bay Island","KMR","Shrubs, bare ground, dead shrubs, mud flat.","N","BRPE",,"N","BRPE observed with chicks 6 weeks old to full grown with full grown YY wandering to shoreline.",
"2012","05/27/12 00:00:00","Cat Bay Island","KMR","Shrubs, bare ground, dead shrubs, mud flat.","N","GREG",,"N","GREG observed to have 1/3 to 7/8 grown chicks in nests.",
"2011","05/18/11 00:00:00","Cat Bay South Island","KMR","Grasses, bare ground, shrubs.","N","LAGU",,"N","LAGU all sitting low on sites.",
"2011","05/18/11 00:00:00","Cat Bay South Island","KMR","Grasses, bare ground, shrubs.","N","TRHE",,"N","TRHE mostly sitting low or with 1/3 grown chicks.",
"2011","05/18/11 00:00:00","Cat Bay South Island","KMR","Grasses, bare ground, shrubs.","N","BRPE",,"N","BRPE with few full grown chicks, many poorly built nests.",
"2011","05/18/11 00:00:00","Cat Bay South Island","KMR","Grasses, bare ground, shrubs.","N","WHIB",,"N","WHIB sitting on nest sites.",
"2011","05/18/11 00:00:00","Cat Bay South Island","KMR","Grasses, bare ground, shrubs.","N","BCNH",,"N","BCNH sitting on nests or with large chicks.",
"2012","05/27/12 00:00:00","Cat Bay South Island","KMR","Bare ground, mud flat, grasses, shrubs.","N","LAGU",,"N","LAGU all sitting low on sites.",
"2012","05/27/12 00:00:00","Cat Bay South Island","KMR","Bare ground, mud flat, grasses, shrubs.","N","TRHE",,"N","TRHE all sitting low on sites.",
"2012","05/27/12 00:00:00","Cat Bay South Island","KMR","Bare ground, mud flat, grasses, shrubs.","N","BRPE",,"N","BRPE either sitting low on WBN or with full grown chicks.",
"2012","05/27/12 00:00:00","Cat Bay South Island","KMR","Bare ground, mud flat, grasses, shrubs.","N","ROYT",,"N","ROYT mostly in colony on sites but some seen brooding small YY.",
"2011","05/19/11 00:00:00","New Harbor Island 2","KMR","Mangrove marsh, open water.","N","BRPE",,"N","BRPE sitting low on nests or with 2-6 week old chicks.",
"2011","05/19/11 00:00:00","New Harbor Island 2","KMR","Mangrove marsh, open water.","N","GREG",,"N","GREG chicks observed to be approximately 1/3 grown.",
"2011","06/15/11 00:00:00","New Harbor Island 2","KMR","Mangrove marsh, open water.","N","TRHE",,"N","Est. 50 active TRHE nests with large chicks wandering from nest sites; not dotted.",
"2011","06/15/11 00:00:00","New Harbor Island 2","KMR","Mangrove marsh, open water.","N","REEG",,"N","Est. 50 active REEG nests with large chicks wandering from nest sites; not dotted.",
"2012","06/15/12 00:00:00","New Harbor Island 2","KMR","Mangrove marsh, bare ground, mud flat, open water.","N","BRPE",,"N","BRPE observed with mostly large, 6-10 week old Chicks, wandering far from nest sites, beginning to creche along shoreline; few BRPE on WBN with <=5week old YY and no obvuiously new nest initiation, not dotted.",
"2012","06/15/12 00:00:00","New Harbor Island 2","KMR","Mangrove marsh, bare ground, mud flat, open water.","N","GREG",,"N","GREG with 2/3 grown chicks, not dotted.",
"2015","06/20/15 00:00:00","Birdsfoot West 6 A","EAE","bald cypress swamp","N","GREG",,"N","fledged broods","june visit only"
"2012","05/29/12 00:00:00","New Harbor Island 2","KMR","Mangrove marsh, bare ground, mud flat, open water.","N","BRPE",,"N","BRPE observed sitting low on sites or with 3-8 week old chicks, one 11 week old chick observed.",
"2012","05/29/12 00:00:00","New Harbor Island 2","KMR","Mangrove marsh, bare ground, mud flat, open water.","N","GREG",,"N","GREG chicks observed to be 2/3 grown.",
"2012","05/29/12 00:00:00","New Harbor Island 2","KMR","Mangrove marsh, bare ground, mud flat, open water.","N","TRHE",,"N","TRHE chicks observed to be 2/3 grown.",
"2012","06/19/12 00:00:00","New Harbor Island 2","KMR","Mangrove marsh, open water.","N","BRPE",,"N","BRPE observed with large and mobile 5-10 week old chicks, full grown chicks also present along colony margins.",
"2011","05/19/11 00:00:00","New Harbor Island 1","KMR","Sand spit, tidal grass marsh.","N","BRPE",,"N","BRPE incubating, still building in numbers.",
"2011","06/15/11 00:00:00","New Harbor Island 1","KMR","Tidal marsh, few shrubs adj. sand beach & spit","N","BRPE",,"N","BRPE on WBN, few sites observed with 2-4 week old Chicks;",
"2011","06/15/11 00:00:00","New Harbor Island 1","KMR","Tidal marsh, few shrubs adj. sand beach & spit","N","LAGU",,"N","LAGU observed sitting low on sites.",
"2011","06/15/11 00:00:00","New Harbor Island 1","KMR","Tidal marsh, few shrubs adj. sand beach & spit","N","TURTLE",,"N","Turtle Sp. seen apparently digging a nest on a sandy beach, labeled in the screen capture as ""turtle digging nest.""",
"2011","06/15/11 00:00:00","New Harbor Island 3","KMR","Tidal marsh with large shrubs and grasses.","N","LAGU",,"N","LAGU sitting low on sites.",
"2011","06/15/11 00:00:00","New Harbor Island 3","KMR","Tidal marsh with large shrubs and grasses.","N","BRPE",,"N","BRPE sitting low on WBN and PBN; few areas with apparently active nest building taking place, fresh nest material, etc.",
"2011","06/15/11 00:00:00","New Harbor Island 3","KMR","Tidal marsh with large shrubs and grasses.","N","TRHE",,"N","TRHE with 1/2 to 2/3 grown chicks.",
"2011","06/15/11 00:00:00","New Harbor Island 3","KMR","Tidal marsh with large shrubs and grasses.","N",,,"N","Approx. 98% of this colony was analyzed and counted.","KMR18"
"2011","05/19/11 00:00:00","New Harbor Island 3","KMR","Tidal marsh with large shrubs and grasses.","N",,,"N","Colony photos were visually assessed; a representative photo was selected to display large groups of flying birds above the island; MAFR, BRPE, LAGU, and WHEG were observed in flight. No active BRPE nesting.","KMR18"
"2012","06/19/12 00:00:00","New Harbor Island 3","KMR","Tidal marsh with large shrubs and grasses.","N",,,"N","Colony photos visually assessed for BRPE nesting and phenology; BRPE YY are 4-6 weeks old and seemingly similar numbers of nests compared to the May 2012 survey; therefore using May 2012 photos for photo analysis.","KMR18"
"2012","05/29/12 00:00:00","New Harbor Island 3","KMR","Tidal marsh with large shrubs and grasses.","N","LAGU",,"N","LAGU sitting low on sites.",
"2012","05/29/12 00:00:00","New Harbor Island 3","KMR","Tidal marsh with large shrubs and grasses.","N","BRPE",,"N","BRPE sitting low on WBN or observed with 3-5 week old chicks.",
"2012","05/29/12 00:00:00","New Harbor Island 3","KMR","Tidal marsh with large shrubs and grasses.","N","TRHE",,"N","TRHE sitting on sites.",
"2012","05/29/12 00:00:00","New Harbor Island 3","KMR","Tidal marsh with large shrubs and grasses.","N",,,"N","Estimated 95% of colony analyzed and counted. Nesting LAGU likely more abundant than captured in dotted photos.","KMR18"
"2015","06/20/15 00:00:00","Birdsfoot West 6 B","EAE","bald cypress swamp","N","UNCO",,"N","nestling possible DCCO at nest site with nestlings","june visit only"
"2011","06/13/11 00:00:00","Beauvoir","KMR","Sand beach with small sparce grasses.","N","BLSK",,"N","BLSK sitting on sites and in brooding posture, few chicks observed to be small and downy.",
"2011","06/13/11 00:00:00","Beauvoir","KMR","Sand beach with small sparce grasses.","N","LETE",,"N","LETE on sites; proportion of birds on sites was estimated from total birds observed; either half, two-thirds, three-quarters, or all birds observed depending on posture, density, and proximity to water (birds further from water more likely on sites).",
"2011","05/18/11 00:00:00","Biloxi South 11","KMR","Mangrove tidal wetland bordered by shubs on Is.","N","TRHE",,"N","TRHE Chicks observed to be 1/2 to 2/3 grown.",
"2011","05/18/11 00:00:00","Biloxi South 11","KMR","Mangrove tidal wetland bordered by shubs on Is.","N","SNEG",,"N","SNEG sitting on sites; small chicks observed.",
"2011","05/18/11 00:00:00","Biloxi South 11","KMR","Mangrove tidal wetland bordered by shubs on Is.","N","WHIB",,"N","WHIB observed sitting on sites.",
"2011","05/18/11 00:00:00","Biloxi South 11","KMR","Mangrove tidal wetland bordered by shubs on Is.","N","GREG",,"N","GREG observed with eggs to 2/3 grown chicks staying at the nest site.",
"2011","05/18/11 00:00:00","Biloxi South 11","KMR","Mangrove tidal wetland bordered by shubs on Is.","N","ROSP",,"N","ROSP observed sitting low on sites, brooding, or with 1/2 to 2/3 grown chicks, remaining at the nest site.",
"2011","05/18/11 00:00:00","Biloxi South 11","KMR","Mangrove tidal wetland bordered by shubs on Is.","N","BCNH",,"N","BCNH observed at nest sites and with 1/2 to 2/3 grown chicks.",
"2011","05/18/11 00:00:00","Biloxi South 11","KMR","Mangrove tidal wetland bordered by shubs on Is.","N",,,"N","100% of nesting wading birds analyzed and counted; Complex shrub cover made observations difficult and likely missed birds underneath the canopy.","PJC12"
"2011","05/18/11 00:00:00","Biloxi South 11","KMR","Mangrove tidal wetland bordered by shubs on Is.","N","LIBH",,"N","LIBH observed with small-med sized chicks.",
"2011","06/17/11 00:00:00","Biloxi South 11","KMR","Mangrove tidal wetland bordered by shubs on Is.","N",,,"N","Colony photos were visually assessed for nesting bird phenology; Chicks of multiple species were straying farther from nest sites, making it more difficult to count;  May 2011 survey used for data collection.","PJC12"
"2012","05/28/12 00:00:00","Biloxi South 11","KMR","Mangrove tidal wetland bordered by shubs on Is.","Y",,,"N","100% of colony analyzed and counted. An irridescent sheen was observed on the water and circled in Area 1, Img 097, camera 1 card 1.","PJC12"
"2012","05/28/12 00:00:00","Biloxi South 11","KMR","Mangrove tidal wetland bordered by shubs on Is.","N","BRPE",,"N","BRPE observed with eggs as well as 2-5 week old chicks.",
"2012","05/28/12 00:00:00","Biloxi South 11","KMR","Mangrove tidal wetland bordered by shubs on Is.","N","TRHE",,"N","TRHE mostly sitting low on sites, but few were observed with approximately 1/2 grown chicks.",
"2012","05/28/12 00:00:00","Biloxi South 11","KMR","Mangrove tidal wetland bordered by shubs on Is.","N","GREG",,"N","GREG observed in varying stages including sitting low on sites, with eggs in sites, and having chicks 1/3-7/8 grown.",
"2012","05/28/12 00:00:00","Biloxi South 11","KMR","Mangrove tidal wetland bordered by shubs on Is.","N","WHIB",,"N","WHIB observed sitting low on sites.",
"2012","05/28/12 00:00:00","Biloxi South 11","KMR","Mangrove tidal wetland bordered by shubs on Is.","N","ROSP",,"N","ROSP observed sitting low on sites, in brooding posture, and with 1/2-2/3 grown chicks.",
"2015","06/20/15 00:00:00","Birdsfoot West 6 B","EAE","bald cypress swamp","N","NECO",,"N","incubating and nestlings","june visit only"
"2012","05/28/12 00:00:00","Biloxi South 11","KMR","Mangrove tidal wetland bordered by shubs on Is.","N","CAEG",,"N","CAEG observed sitting low on sites.",
"2012","05/28/12 00:00:00","Biloxi South 11","KMR","Mangrove tidal wetland bordered by shubs on Is.","N","SNEG",,"N","SNEG observed with eggs in sites as well as with 1/3 grown chicks.",
"2012","06/19/12 00:00:00","Biloxi South 11","KMR","Mangrove tidal wetland bordered by shubs on Is.","N",,,"N","Colony photos were visually assessed for nesting bird phenology; Chicks of multiple species were straying farther from nest sites, making it more difficult to count;  May 2012 survey used for data collection.","PJC12"
"2011","06/17/11 00:00:00","Long Bay Island","KMR","Grasses, sand/beach, dead grasses.","N",,,"N","Approximately 95% of colony was photographed, analyzed, and counted; only 1 CATE Bird observed in Area 7, no nesting.","PJC14"
"2011","06/17/11 00:00:00","Long Bay Island","KMR","Grasses, sand/beach, dead grasses.","N","LAGU",,"N","LAGU observed sitting low on sites, and with 1/4-1/3 grown downy chicks; One dead LAGU observed in area 13, Img 547, camera 1 card 5; mistakingly labeled 'WEGU' in screen capture.",
"2011","06/17/11 00:00:00","Long Bay Island","KMR","Grasses, sand/beach, dead grasses.","N","TRHE",,"N","TRHE observed sitting low on sites.",
"2011","06/17/11 00:00:00","Long Bay Island","KMR","Grasses, sand/beach, dead grasses.","N","BRPE",,"N","BRPE observed with eggs, as well as 10-12 week old chicks along the shoreline; many abandoned and empty nests.",
"2011","06/17/11 00:00:00","Long Bay Island","KMR","Grasses, sand/beach, dead grasses.","N","USTE",,"N","USTE observed sitting low on sites, as well as with few small chicks; Majority of USTE likely FOTE, but may be few GBTE mixed in also; fewer sites/birds of USTE and LAGU sites compared to May 2011 photos.",
"2011","06/17/11 00:00:00","Long Bay Island","KMR","Grasses, sand/beach, dead grasses.","N","WHIB",,"N","WHIB observed sitting low on sites.",
"2011","05/18/11 00:00:00","Long Bay Island","KMR","Grasses, sand/beach, dead grasses.","N",,,"N","Colony photos visually assessed for nesting phenology; BRPE getting established, loafing in colony, few WBN + few 4-6 week old broods; LAGU and USTE on Sites; CATE forming colony with 300-400 birds; 20 BLSK present; 80 small brown shorebirds roosting.","PJC14"
"2012","05/28/12 00:00:00","Long Bay Island","KMR","Grasses, sand/beach, dead grasses.","N",,,"N","Approx. 90% of colony was analyzed and counted; irridescent sheen visible in Area 25, Img 079, camera 1 card 1; no BRPE nesting in 2012; all nesting species noticeably less abundant than in 2011.","PJC14"
"2012","05/28/12 00:00:00","Long Bay Island","KMR","Grasses, sand/beach, dead grasses.","N","LAGU",,"N","LAGU sitting low on sites.",
"2012","05/28/12 00:00:00","Long Bay Island","KMR","Grasses, sand/beach, dead grasses.","N","TRHE",,"N","TRHE sitting low on sites.",
"2012","05/28/12 00:00:00","Long Bay Island","KMR","Grasses, sand/beach, dead grasses.","N","FOTE",,"N","FOTE sitting low on sites.",
"2012","05/28/12 00:00:00","Long Bay Island","KMR","Grasses, sand/beach, dead grasses.","N","USTE",,"N","USTE sitting low on sites.",
"2012","05/28/12 00:00:00","Long Bay Island","KMR","Grasses, sand/beach, dead grasses.","N","BLSK",,"N","BLSK sitting low on sites or establishing sites on beach.",
"2012","05/28/12 00:00:00","Long Bay Island","KMR","Grasses, sand/beach, dead grasses.","N","WHIB",,"N","WHIB sitting low on sites or establishing sites.",
"2012","05/28/12 00:00:00","Long Bay Island","KMR","Grasses, sand/beach, dead grasses.","N","SATE",,"N","SATE sitting low on sites.",
"2015","05/16/15 00:00:00","Houma Navigation Canal Island","EAE","65% herbaceous, 30% shrub, 5% sandy","N",,,"N","dotted this month due to 1) only tern colony was abandoned in June 2) many BRPE had fledged by June and were loafing on shoreline. No evidence of breeding: amoy, awpe, bnst, modu, royt, ycnh","breeding evidence: BCNH, BRPE, CATE, GBHE, GREG, LAGU, REEG, ROSP, SNEG, TRHE, WHIB"
"2012","06/19/12 00:00:00","Long Bay Island","KMR","Grasses, sand/beach, dead grasses.","N",,,"N","Colony photos were visually assessed; photo quality and coverage much less compared to May 2012, therefore not used in analyses; LAGU and USTE nesting in similar numbers; no BRPE nesting; WHIB colony not observed in June, very few nesting birds present;","PJC14"
"2011","05/17/11 00:00:00","Felicity Island","KMR","Grasses, low shrubs, shallow marsh","N",,,"N","Approx. 96% of the colony analyzed and counted; a large protion of the south side of the island is inundated with water and without any birds present.",
"2011","05/18/11 00:00:00","Biloxi South 3","KMR","Grasses, partially submerged grasses/sedge marsh","N",,,"N","Approx. 98% of the colony analyzed and counted.",
"2012","05/27/12 00:00:00","Felicity Island","KMR","Grasses, low shrubs","N",,,"N","Approx. 98% of this colony was analyzed and counted.",
"2012","05/28/12 00:00:00","Biloxi South 3","KMR","Grasses, partially submerged grasses/sedge marsh","N",,,"N","Approx. 70% of the colony analyzed and counted.",
"2011","05/18/11 00:00:00","Bay Ronquille Northwest Island","KMR","Grasses, shrubs.","N",,,"N","99% of colony analyzed and counted.",
"2012","05/27/12 00:00:00","Bay Ronquille Northwest Island","KMR","Grasses, shrubs, bare ground, open shallow water.","N",,,"N","100% of colony analyzed and counted.",
"2011","05/18/11 00:00:00","Cat Bay North Island","KMR","Shrubs, Grasses, bare ground.","N",,,"N","99% of colony analyzed and counted.",
"2012","05/27/12 00:00:00","Cat Bay North Island","KMR","Shrubs, grasses, bare ground, shallow open water.","N",,,"N","100% of colony analyzed and counted.  The interior of the island has noticeably more water present than in 2011; similar shrub cover and general vegetation composition.",
"2011","05/18/11 00:00:00","Cat Bay Island","KMR","Shrubs, bare ground, few grasses, submerged shrubs","N",,,"N","100% of colony analyzed and counted.  Island was surrounded on majority of shoreline by submerged shrubs with many plants dead on the margins.",
"2012","05/27/12 00:00:00","Cat Bay Island","KMR","Shrubs, bare ground, dead shrubs, mud flat.","N",,,"N","100% of colony analyzed and counted. Striking difference in island topography and vegetation from 2011; Much more bare and wet/muddy ground in 2012; many of the peripheral shrubs gone/dead with only sticks/skeletons remaining",
"2011","05/18/11 00:00:00","Cat Bay South Island","KMR","Grasses, bare ground, shrubs.","N",,,"N","Approx. 98% of colony analyzed and counted.",
"2012","05/27/12 00:00:00","Cat Bay South Island","KMR","Bare ground, mud flat, grasses, shrubs.","N",,,"N","Approx. 96% of colony analyzed and counted.  Vastly more bare ground (less shrubs) and mud flat compared to 2011, hence presence/abundance of ROYT and SATE.  Appear to be two distinct BRPE breeding efforts (early and late) in 2012.",
"2015","05/18/15 00:00:00","Little Mud Grass Island Northeast","KLC","Herbaceous, shrubs","N","LAGU",,"N","May only: incubating in herbaceous sites","100% coverage"
"2011","05/19/11 00:00:00","New Harbor Island 2","KMR","Mangrove marsh, open water.","N",,,"N","100% of colony analyzed and counted.  BRPE chicks are mostly staying at the nest site and easily counted.",
"2011","06/15/11 00:00:00","New Harbor Island 2","KMR","Mangrove marsh, open water.","N",,,"N","Colony photos visually assessed for BRPE phenology and late nest initiation. Unseen TRHE & REEG nesting in May now observed on S. 1/3 of Island w/ large YY, no obvious nest sites under shrub canopy.",
"2012","05/29/12 00:00:00","New Harbor Island 2","KMR","Mangrove marsh, bare ground, mud flat, open water.","N",,,"N","99% of colony analyzed and counted. Noticeably less water present on the interior of the island than in 2011 (low tide likely), with mudflat or bare ground in its place.",
"2012","06/19/12 00:00:00","New Harbor Island 2","KMR","Mangrove marsh, open water.","N",,,"N","Colony photos visually assessed for BRPE phenology and late nest initiation; apparently similar nust numbers just with older and more mobile chicks straying from nest sites.",
"2011","05/19/11 00:00:00","New Harbor Island 1","KMR","Sand spit, tidal grass marsh.","N",,,"N","Colony photos visually assessed for general BRPE phenology and abundance; Colony still building, not dotted but will analyze June 2011 photos.",
"2011","06/15/11 00:00:00","New Harbor Island 1","KMR","Tidal marsh, few shrubs adj. sand beach & spit","N",,,"N","All available photos were assessed and dotted as appropriate; It is unclear what percentage of this colony was actually analyzed, but based on GoogleEarth, appears that ~15% of entire island was analyzed (presumably all BRPE)",
"2012","05/29/12 00:00:00","New Harbor Island 1","KMR","Tidal marsh, few shrubs adj. sand beach & spit","N",,,"N","No photos, but trackline circled island.",
"2012","06/19/12 00:00:00","New Harbor Island 1","KMR","Tidal marsh, few shrubs adj. sand beach & spit","N",,,"N","No photos, but trackline circled island.",
"2011","05/17/11 00:00:00","Felicity Island","KMR","Grasses, low shrubs, shallow marsh","N","LAGU",,"N","LAGU all sitting low on sites.",
"2011","05/17/11 00:00:00","Felicity Island","KMR","Grasses, low shrubs, shallow marsh","N","TRHE",,"N","TRHE mostly in brooding posture but chicks present at many sites.",
"2011","05/17/11 00:00:00","Felicity Island","KMR","Grasses, low shrubs, shallow marsh","N","WHIB",,"N","WHIB seen sitting low and with chicks including one creshing group.",
"2011","05/17/11 00:00:00","Felicity Island","KMR","Grasses, low shrubs, shallow marsh","N","SNEG",,"N","Most SNEG in brooding posture or with med-sized chicks.",
"2011","05/18/11 00:00:00","Biloxi South 3","KMR","Grasses, partially submerged grasses/sedge marsh","N","LAGU",,"N","LAGU sites with birds sitting low.",
"2011","05/18/11 00:00:00","Biloxi South 3","KMR","Grasses, partially submerged grasses/sedge marsh","N","TRHE",,"N","TRHE all in brooding posture or sitting low.",
"2011","05/18/11 00:00:00","Biloxi South 3","KMR","Grasses, partially submerged grasses/sedge marsh","N","WHIB",,"N","WHIB sitting low or apparently building nests.",
"2011","05/18/11 00:00:00","Biloxi South 3","KMR","Grasses, partially submerged grasses/sedge marsh","N","BCNH",,"N","BCNH with large full grown chicks.",
"2011","05/18/11 00:00:00","Biloxi South 3","KMR","Grasses, partially submerged grasses/sedge marsh","N","SNEG",,"N","SNEG all seen in brooding posture or sitting low.",
"2012","05/27/12 00:00:00","Felicity Island","KMR","Grasses, low shrubs","N","LAGU",,"N","LAGU all sitting low on sites.",
"2015","06/20/15 00:00:00","Bay Ronquille Northwest Island","PJC","marsh, beach","N","BRPE",,"N","just 1/2 a dozen or so chicks; most nests likely flooded",
"2012","05/27/12 00:00:00","Felicity Island","KMR","Grasses, low shrubs","N","BRPE",,"N","BRPE observed sitting low on nest sites, with very small white chicks, and with chicks 5-6 week old.",
"2012","05/27/12 00:00:00","Felicity Island","KMR","Grasses, low shrubs","N","TRHE",,"N","Most TRHE observed in brooding posture, all chicks were observed to be 1/3 to 1/2 grown.",
"2012","05/27/12 00:00:00","Felicity Island","KMR","Grasses, low shrubs","N","ROYT",,"N","All terns on sites observed to be sitting low, no YY observed around colony or at shoreline.",
"2012","05/28/12 00:00:00","Biloxi South 3","KMR","Grasses, partially submerged grasses/sedge marsh","N","LAGU",,"N","LAGU all sitting low on sites.",
"2012","05/28/12 00:00:00","Biloxi South 3","KMR","Grasses, partially submerged grasses/sedge marsh","N","TRHE",,"N","TRHE observed with eggs to 2/3 grown chicks.",
"2012","05/28/12 00:00:00","Biloxi South 3","KMR","Grasses, partially submerged grasses/sedge marsh","N","SNEG",,"N","SNEG observed in brooding posture and with up to 1/2 grown chicks.",
"2012","05/28/12 00:00:00","Biloxi South 3","KMR","Grasses, partially submerged grasses/sedge marsh","N","WHIB",,"N","WHIB mostly incubating, but 1 site with 1/2 grown chicks.",
"2012","05/27/12 00:00:00","Wine Island","PJC",,"N",,,"N","no nesting terns; complete coverage of BLSK sites; BLSK gone come June; Overview archived with ScreenCaps",
"2012","06/20/12 00:00:00","Wine Island","PJC",,"N",,,"N","roosting BRPE and terns present; center of island flooded and most remaining sand areas wet; BLSK from May gone; no breeding success for any spp. in 2012; Overview archived with ScreenCaps",
"2011","06/18/11 00:00:00","Wine Island","PJC",,"N","ROSA",,"N","many chicks along water edges of island; many abandoned or unhatched eggs can be seen in vegetated areas",
"2011","06/18/11 00:00:00","Wine Island","PJC",,"N","BRPE",,"N","all nests abandoned; eggs can be seen in several nests; roosting BRPE present, but nesting area entirely unattended and no chicks present",
"2011","06/18/11 00:00:00","Wine Island","PJC",,"N","BLSK",,"N","no BLSK present; sites were present in May, but uncertain if eggs had been laid by then",
"2012","06/20/12 00:00:00","Pelican Island","PJC",,"N","BRPE",,"N","< 50 birds still in chick plumage, many in juvenile (HY) plumage; colony still present, but wrapping up - no new nesting since May evident",
"2011","06/18/11 00:00:00","Pelican Island","PJC",,"N","BRPE",,"N","most HY are in juvenile plumage (several hundred), but some are still in chick plumage (low hundreds); a few sites apparently still in incubation stage (< 100)",
"2011","05/20/11 00:00:00","Gaillard Island","MWP","dredge spoil island - large","N","BRPE",,"N","20 May 2011 BRPE: wide range of phenology, large chicks to some subcolonies building nests -- but most sitting on eggs or small chicks, coverage was excellent only a small number of nests missed in closeups but covered in overview photos;",
"2011","05/20/11 00:00:00","Gaillard Island","MWP","dredge spoil island - large","N","Tern Sp.",,"N","20 May 2011 Terns: most ROYT and SATE setup on eggs; a few CATE mixed in and one larger CATE subcolony with ROYT and SATE setting up near it; excellent coverage",
"2011","05/20/11 00:00:00","Gaillard Island","MWP","dredge spoil island - large","N","LAGU",,"N","20 May 2011 LAGU: coverage along southern and eastern levee was very good to excellent; coverage along western levee was fair to good but not complete although it doesn't ""feel"" like much was missed; interior cov. was poor to fair but no nests seen there",
"2015","05/16/15 00:00:00","Bay Ronquille Northwest Island","PJC","marsh, beach","N","BRPE, LAGU",,"N","Island coverage complete; nests in incubation stage; some other territories, but little dry habitat available",
"2012","05/30/12 00:00:00","Gaillard Island","MWP","dredge spoil island - large","N","BRPE",,"N","30 May 2012 BRPE: wide range of phenology, large chicks in places; nests along East levee are ""new"" location and many not in closeup photos but were counted in overviews; overall very good coverage",
"2012","05/30/12 00:00:00","Gaillard Island","MWP","dredge spoil island - large","N","Tern sp.",,"N","30 May 2012 Terns: most terns set up on eggs; a few more subcolonies along the East levee that haven't been in that location before; a few more CATE mixed in with ROYT and SATE than in the past; a group of CATE at north end of east levee not in closeups;",
"2012","05/30/12 00:00:00","Gaillard Island","MWP","dredge spoil island - large","N","LAGU",,"N","30 May 2012 LAGU: good coverage in areas with terns, pelicans and WHIB. East levee may not have been completely covered due to fewer closeups along this levee",
"2012","05/30/12 00:00:00","Gaillard Island","MWP","dredge spoil island - large","N","WHIB",,"N","30 May 2012 WHIB: good coverage but colony had fewer birds and this was obvious by comparing 2011 and 2012 overviews; the colony covered the same area but numbers of birds and density was lower and when compared to 2011",
"2012","05/27/12 00:00:00","Queen Bess Island","MWP","restored island","N","BRPE",,"N","27 May 2012 BRPE: good coverage; many HY birds in juv. plumage - may underestimate # nests due to these birds wandering around. May need to add some nests by examinng numbers of dotted juv. birds",
"2012","05/27/12 00:00:00","Queen Bess Island","MWP","restored island","N","LAGU",,"N","27 May 2012 LAGU: very good coverage of breeding area; small area missed in NW corner of island but very little missed; empty nests in marsh area not counted as couldn't tell LAGU from TRHE or previous year nests",
"2012","05/27/12 00:00:00","Queen Bess Island","MWP","restored island","N","GREG",,"N","27 May 2012 GREG: very good coverage; lots of large chicks and may underestimate number of nests as phenology seems late for photos",
"2012","05/27/12 00:00:00","Queen Bess Island","MWP","restored island","N","TRHE",,"Y","27 May 2012 TRHE: very good coverage of marsh area; lots of ""empty nests"" not counted as could not determine if LAGU or TRHE and may have been previous years nests",
"2015","06/22/15 00:00:00","Saint George Causeway","PJC",,"N","BRPE",,"N","Some small-scale abandonment obvious, but lots of chicks present, none older than about 6 wks; seems appropriate to include PBNs from May in nest total, but not Territories",
"2015","06/22/15 00:00:00","Saint George Causeway","PJC",,"N","ROSA",,"N","Colony mostly broken up and brooded chicks of both spp. wandering",
"2015","06/22/15 00:00:00","Saint George Causeway","PJC",,"N","CATE",,"N","Colony still tight and about the same size as May; small chicks evident, but not wandering",
"2011","05/19/11 00:00:00","Freemason Island","MWP","barrier island","N",,,"N","photos taken; not counted as roost only",
"2011","06/15/11 00:00:00","Freemason Island","MWP","barrier island","N",,,"N","photos taken; not counted as roost only",
"2012","05/29/12 00:00:00","Freemason Island","MWP","barrier island","N",,,"N","photos taken; not counted as roost only",
"2012","06/19/12 00:00:00","Freemason Island","MWP","barrier island","N",,,"N","flew past, no photos taken; roost only",
"2015","05/18/15 00:00:00","Saint George Causeway","PJC",,"N",,,"N","Excellent coverage and survey timing for all spp.; BRPE at north end, terns at south end; LAGU throughout; no breeding BLSK, GBTE, SOTE seen",
"2015","06/22/15 00:00:00","Saint George Causeway","PJC",,"N","LAGU",,"N","Some chicks conspicuous throughout, some adults still in incubation posture",
"2012","06/20/12 00:00:00","Queen Bess Island","MWP","restored island","N","BRPE",,"N","many BRPE chicks on island; no new areas of nesting so recounting for this species was not done; production was good to very good based on photo evidence",
"2012","06/20/12 00:00:00","Queen Bess Island","MWP","restored island","N","LAGU",,"N","adults seen throughout edges of colony and in water in the interior; very few chicks obs.; unable to det. Production as chicks may be hiding in veg. if not prod. may be poor",
"2012","06/20/12 00:00:00","Queen Bess Island","MWP","restored island","N","GREG",,"N","no new areas of nesting observed; production appears to be good; not counted for June survey",
"2012","06/20/12 00:00:00","Queen Bess Island","MWP","restored island","N","SNEG",,"Y","new area around small ""pond"" in the NW corner of the island; just a few sites but counted to combine with May survey",
"2012","06/20/12 00:00:00","Queen Bess Island","MWP","restored island","N","TRHE",,"Y","new area around small ""pond"" in the NW corner of the island; just a few sites but counted to combine with May survey",
"2018","06/23/18 00:00:00","East Bay Spoil Island","KLC","Beach, shrubs","N","LAGU",,"N","June only. Low-density scattering of nests in incubation stage, located in densely-vegetated areas and edge habitat near beach.",
"2011","06/17/11 00:00:00","Breton Island","MWP","barrier Island","N","BRPE",,"Y","need to add ""new"" BRPE nests not at colony in May; about 300 nests added between May and June survey",
"2011","06/18/11 00:00:00","Raccoon Island","SLF",,"N",,,,"For June 2011 notes, see Excel file ""SLF colony data Raccoon Island 2011-2012""; Notes are too long to append here",
"2011","06/17/11 00:00:00","Breton Island","MWP","barrier Island","N","ROYT, SATE",,"N","a small group of terns that were ""setting up"" in May were present in June and a bit larger in size; these probably would add no more than 300 total sites; this group was not counted as ""peak"" nesting was captured in May despite this small increase",
"2011","06/17/11 00:00:00","Breton Island","MWP","barrier Island","N","LAGU",,"N","not counted in June; May survey appeared to capture the ""peak"" nesting period",
"2011","06/17/11 00:00:00","Breton Island","MWP","barrier Island","N","CATE",,"N","3 groups of CATE were found nesting in June; none were observed in May; these groups need to be added",
"2011","06/17/11 00:00:00","Breton Island","MWP","barrier Island","N","BLSK",,"N","May group was larger but may have included non-breeding birds; June survey period probably captures peak breeding better",
"2011","06/14/11 00:00:00","Door Point Lagoon 2","KMR","Grasses and bare ground.","N",,,"N","Approx. 98% of colony analyzed and counted;lat-long measurement was adjusted here from 2010 as the placemark was slightly misplaced. No photos taken in May 2011.",
"2011","06/14/11 00:00:00","Door Point Lagoon 2","KMR","Grasses and bare ground.","N","LAGU",,"N","LAGU observed sitting low on sites; no chicks observed.",
"2011","06/14/11 00:00:00","Door Point Lagoon 2","KMR","Grasses and bare ground.","N","BRPE",,"N","BRPE observed either in brooding posture on WBN, or with 5-10 week old chicks; chicks straying from nest sites and beginning to creche along shoreline. Dead BRPE Chicks observed and marked in screen captures with a yellow circle, 20 dead chicks observed.",
"2011","06/14/11 00:00:00","Door Point Lagoon 2","KMR","Grasses and bare ground.","N","TRHE",,"N","Very few TRHE sites present; observed sitting low on sites.",
"2011","06/14/11 00:00:00","Door Point Lagoon 2","KMR","Grasses and bare ground.","N","AWPE",,"N","AWPE observed roosting along shoreline.",
"2011","06/14/11 00:00:00","Deadman Point","KMR","Grasses, bare ground.","N",,,"N","BRPE only were analyzed and counted for June 2011.  Other species analyzed from May 2011 photos as TRHE, SNEG chicks were larger and more mobile in June.",
"2011","06/14/11 00:00:00","Deadman Point","KMR","Grasses, bare ground.","N","BRPE",,"N","BRPE sitting low on WBN and PBN; colony likely still be building.",
"2011","05/18/11 00:00:00","Deadman Point","KMR","Short and tall grasses.","N",,,"N","Approx. 90% of colony photographed, analyzed, and counted. A dead marine mammal observed in Area 12, Img 371, camera 1 card 6. Similar numbers of sites observed in June 2011 for all species except BRPE; chicks mobile, straying from nest sites in June.",
"2011","05/18/11 00:00:00","Deadman Point","KMR","Short and tall grasses.","N","LAGU",,"N","LAGU observed sitting low on sites.",
"2011","05/18/11 00:00:00","Deadman Point","KMR","Short and tall grasses.","N","TRHE",,"N","TRHE observed sitting low on sites or with 1/3-1/2 grown chicks.",
"2011","05/18/11 00:00:00","Deadman Point","KMR","Short and tall grasses.","N","SNEG",,"N","SNEG observed sitting low on sites or few with 1/2 grown chicks.",
"2015","06/21/15 00:00:00","Little Mud Grass Island Northeast","PJC",,"N",,,"N","Few photos in June, just of waders in shrubs [note by PJC]",
"2012","06/19/12 00:00:00","Deadman Point","KMR","Short and tall grasses.","N",,,"N","100% of colony analyzed and counted for BRPE only; other species analyzed from May 2012 survey.",
"2012","06/19/12 00:00:00","Deadman Point","KMR","Short and tall grasses.","N","BRPE",,"N","BRPE still building few nests; most observed sitting on WBN or PBN; no chicks observed.",
"2012","05/28/12 00:00:00","Deadman Point","KMR","Grasses, bare ground, tidal mud flat.","N",,,"N","Approx. 80% of colony photographed, analyzed, and counted; All non-BRPE species analyzed for June 2012; BRPE analyzed from June 2012 survey.",
"2012","05/28/12 00:00:00","Deadman Point","KMR","Grasses, bare ground, tidal mud flat.","N","LAGU",,"N","LAGU observed to be sitting low on sites; no chicks observed.",
"2012","05/28/12 00:00:00","Deadman Point","KMR","Grasses, bare ground, tidal mud flat.","N","TRHE",,"N","TRHE observed sitting low on sites, standing in brooding posture, and with 1/3-2/3 grown chicks.",
"2012","05/28/12 00:00:00","Deadman Point","KMR","Grasses, bare ground, tidal mud flat.","N","SNEG",,"N","SNEG observed sitting low on sites, standing in brooding posture, and with 1/3 grown chicks.",
"2012","05/28/12 00:00:00","Deadman Point","KMR","Grasses, bare ground, tidal mud flat.","N","FOTE",,"N","FOTE observed sitting low on sites; no chicks observed; few sites observed.",
"2012","05/28/12 00:00:00","Deadman Point","KMR","Grasses, bare ground, tidal mud flat.","N","REEG",,"N","REEG observed with large 2/3 to full grown chicks; only one nest observed.",
"2012","05/28/12 00:00:00","Deadman Point","KMR","Grasses, bare ground, tidal mud flat.","N","GBHE",,"N","GBHE observed brooding on site; also with at least one large chick.",
"2012","06/19/12 00:00:00","Brush Island","KMR","Tidal grass marsh, sand beach, few shrubs.","N",,,"N","Approx. 95% of colony analyzed and counted. No BRPE nesting in 2012.",
"2012","06/19/12 00:00:00","Brush Island","KMR","Tidal grass marsh, sand beach, few shrubs.","N","LAGU",,"N","LAGU observed sitting low on sites and with 1/3 grown chicks.",
"2012","06/19/12 00:00:00","Brush Island","KMR","Tidal grass marsh, sand beach, few shrubs.","N","BLSK",,"N","BLSK observed sitting low on sites; many pairs attending colony site but apparently not nesting; no chicks observed.",
"2012","06/19/12 00:00:00","Brush Island","KMR","Tidal grass marsh, sand beach, few shrubs.","N","ROYT",,"N","ROYT observed sitting low on sites; no chicks observed.",
"2012","06/19/12 00:00:00","Brush Island","KMR","Tidal grass marsh, sand beach, few shrubs.","N","SATE",,"N","SATE observed sitting low on sites; no chicks observed.",
"2012","05/28/12 00:00:00","Brush Island","KMR","Tidal grass marsh, sand beach, few shrubs.","N",,,"N","Colony photos were visually assessed for nesting phenology and species composition; ROSA breeding pairs more abundant in June compared to May; June survey used for analysis.",
"2011","05/19/11 00:00:00","Brush Island","KMR","Tidal grass marsh, sand beach, few shrubs.","N",,,"N","Only ROYT, SATE, and BLSK were analyzed for the May 2011 survey; 100% of ROYT, SATE, and BLSK were analyzed and counted. See June 2011 survey for productivity count for these species.",
"2011","05/19/11 00:00:00","Brush Island","KMR","Tidal grass marsh, sand beach, few shrubs.","N","ROYT",,"N","ROYT were observed sitting low on sites.",
"2011","05/19/11 00:00:00","Brush Island","KMR","Tidal grass marsh, sand beach, few shrubs.","N","SATE",,"N","SATE were observed sitting low on sites.",
"2011","05/19/11 00:00:00","Brush Island","KMR","Tidal grass marsh, sand beach, few shrubs.","N","BLSK",,"N","BLSK were observed roosting on sand beach; see June 2011 survey for site counts.",
"2015","05/18/15 00:00:00","Little Mud Grass Island Northeast","KLC","Herbaceous, shrubs","N","FOTE",,"N","May only: incubating in herbaceous sites on smaller island","100% coverage"
"2011","06/13/11 00:00:00","Beauvoir","KMR","Sand beach with small sparce grasses.","N",,,"N","Unknown proportion of colony was photographed, analyzed, and counted; presumably upwards of 90% if colony does not extend too far beyond where photos begin.",
"2012","06/18/12 00:00:00","Saint George Causeway","PJC",,"N",,,"N","tern sp. distributions similar to May, with many wandering ROSA chicks;CATE appear to have chicks too, but sticking closer to nest sites;LAGU distribution similar to May, but no close-ups of LAGU in June;May count for LAGU was likely only part of colony",
"2012","06/18/12 00:00:00","Audubon Island","PJC",,"N","BRPE",,"N","nest distribution similar to May; many large chicks, none in full juvenile plumage yet",
"2012","06/18/12 00:00:00","Audubon Island","PJC",,"N","LAGU",,"N","nest distribution similar to May; many small chicks evident",
"2011","06/14/11 00:00:00","Brush Island","KMR","Tidal grass marsh, sand beach, few shrubs.","N",,,"N","Approx. 98% of colony analyzed and counted; June survey represents BLSK breeding effort and productivity sample for ROYT and SATE for comparison with May breeding effort survey.",
"2011","06/14/11 00:00:00","Brush Island","KMR","Tidal grass marsh, sand beach, few shrubs.","N","LAGU",,"N","LAGU observed sitting low on sites, few chicks observed to be 1/3 grown.",
"2011","06/14/11 00:00:00","Brush Island","KMR","Tidal grass marsh, sand beach, few shrubs.","N","BRPE",,"N","BRPE observed sitting/standing in brooding posture on WBN and PBN; eggs observed in many sites; no chicks observed.",
"2011","06/14/11 00:00:00","Brush Island","KMR","Tidal grass marsh, sand beach, few shrubs.","N","ROYT",,"N","ROYT observed with 1/3 grown chicks adjacent to May 2011 colony location; two other sub-colonies were abandoned by June survey; June survey represents a sample of productivity for ROYT breeding effort.",
"2011","06/14/11 00:00:00","Brush Island","KMR","Tidal grass marsh, sand beach, few shrubs.","N","SATE",,"N","SATE observed with 1/3 grown chicks adjacent to May 2011 colony location; two other sub-colonies were abandoned by June survey; June survey represents a sample of productivity for SATE breeding effort.",
"2011","06/14/11 00:00:00","Brush Island","KMR","Tidal grass marsh, sand beach, few shrubs.","N","BLSK",,"N","BLSK observed sitting low on sites; no chicks observed; compared to May survey, most BLSK abandoned nesting effort and departed colony location.",
"2011","06/17/11 00:00:00","Biloxi South 10 D","KMR","Grasses, isolated shrubs, shell-littered beach.","N",,,"N","100% of colony analyzed and counted.",
"2011","06/17/11 00:00:00","Biloxi South 10 D","KMR","Grasses, isolated shrubs, shell-littered beach.","N","LAGU",,"N","LAGU observed sitting low on sites; no chicks observed.",
"2011","06/17/11 00:00:00","Biloxi South 10 D","KMR","Grasses, isolated shrubs, shell-littered beach.","N","FOTE",,"N","FOTE observed sitting low on sites; no chicks observed.",
"2011","06/17/11 00:00:00","Biloxi South 10 D","KMR","Grasses, isolated shrubs, shell-littered beach.","N","TRHE",,"N","TRHE observed sitting low on sites; no chicks observed.",
"2011","06/17/11 00:00:00","Biloxi South 10 D","KMR","Grasses, isolated shrubs, shell-littered beach.","N","SNEG",,"N","SNEG observed sitting low on sites; no chicks observed.",
"2011","06/17/11 00:00:00","Biloxi South 10 D","KMR","Grasses, isolated shrubs, shell-littered beach.","N","USTE",,"N","USTE observed sitting low on sites; no chicks observed; approximately 80:20 FOTE:GBTE.",
"2015","05/18/15 00:00:00","Little Mud Grass Island Northeast","KLC","Herbaceous, shrubs","N","ROSP",,"Y","incubating in shrubs, older chicks visible [in June; PJC]","100% coverage"
"2011","05/18/11 00:00:00","Biloxi South 10 D","KMR","Grasses, isolated shrubs, shell-littered beach.","N",,,"N","Colony photos were visually assessed; photo coverage was limited in May survey; June survey used for analysis.",
"2011","06/17/11 00:00:00","Biloxi South 10 B","KMR","Grasses, shrubs, shell-littered beach.","N",,,"N","100% of colony analyzed and counted.",
"2011","06/17/11 00:00:00","Biloxi South 10 B","KMR","Grasses, shrubs, shell-littered beach.","N","LAGU",,"N","LAGU observed sitting low on sites.",
"2011","06/17/11 00:00:00","Biloxi South 10 B","KMR","Grasses, shrubs, shell-littered beach.","N","TRHE",,"N","TRHE observed sitting low on sites; no chicks observed.",
"2011","06/17/11 00:00:00","Biloxi South 10 B","KMR","Grasses, shrubs, shell-littered beach.","N","WHIB",,"N","WHIB observed sitting low on sites and in brooding posture; no chicks observed; birds apprear to be actively building nests based behavior and the larger number of birds at the active colony compared to the number of ""well built nests""",
"2011","06/17/11 00:00:00","Biloxi South 10 B","KMR","Grasses, shrubs, shell-littered beach.","N","BCNH",,"N","BCNH observed sitting low on sites; no chicks observed.",
"2011","05/18/11 00:00:00","Biloxi South 10 B","KMR","Grasses, shrubs, shell-littered beach.","N",,,"N","Colony photos visually assessed; WHIB colony had not yet formed by May 2011 survey; June survey used for analysis.",
"2012","05/28/12 00:00:00","Biloxi South 9","PJC",,"N","BRPE",,"N","large, wandering chicks not yet in juvenile plumage; coverage ~ 100%; colony not inspected in June",
"2012","05/28/12 00:00:00","Biloxi South 9","PJC",,"N","LAGU",,"N","site coverage probably ~80%; colony not inspected in June",
"2012","05/28/12 00:00:00","Biloxi South 9","PJC",,"N","CATE",,"N","sitting tight, likely on eggs; colony not inspected in June",
"2011","06/17/11 00:00:00","Biloxi South 9","PJC",,"N","CATE",,"N","CATE from May were all gone; beaches didn't appear flooded; zero productivity",
"2011","06/17/11 00:00:00","Biloxi South 9","PJC",,"N",,,"N","just BLSK and GBTE counted -- incubating",
"2012","05/28/12 00:00:00","Biloxi South 10 D","KMR","Grasses, isolated shrubs, shell-littered beach.","N",,,"N","100% of colony analyzed and counted; terrestrial habitat was dry with no signs of water inundation.",
"2012","05/28/12 00:00:00","Biloxi South 10 D","KMR","Grasses, isolated shrubs, shell-littered beach.","N","LAGU",,"N","LAGU sitting low on sites; no chicks observed.",
"2012","05/28/12 00:00:00","Biloxi South 10 D","KMR","Grasses, isolated shrubs, shell-littered beach.","N","BRPE",,"N","BRPE actively building nests; many WBN and PBN, with pairs of birds still staging and building sites; no chicks observed.",
"2012","05/28/12 00:00:00","Biloxi South 10 D","KMR","Grasses, isolated shrubs, shell-littered beach.","N","TRHE",,"N","Few TRHE sites with birds sitting low in incubation posture.",
"2012","05/28/12 00:00:00","Biloxi South 10 D","KMR","Grasses, isolated shrubs, shell-littered beach.","N","SNEG",,"N","SNEG sitting low on site; few adults observed around colony, could be few additional sites this season.",
"2012","05/28/12 00:00:00","Biloxi South 10 D","KMR","Grasses, isolated shrubs, shell-littered beach.","N","AMOY",,"N","Pair of AMOY observed on shell-littered beach; suspected breeding pair, but could not confirm nesting.",
"2015","05/18/15 00:00:00","Little Mud Grass Island Northeast","KLC","Herbaceous, shrubs","N","TRHE",,"Y","May: incubating mainly in herbaceous sites and some shrubs  June: one additional nest in grass.","100% coverage"
"2012","06/12/12 00:00:00","Biloxi South 10 D","KMR","Flooded grasses & shrubs, shell-littered beach.","N",,,"N","Colony photos visually assessed; Water inundated 90% of island; Any BRPE nests not WBN in shrubs were flooded and abandoned, approx. 1/3 of all nests; 95% of LAGU nests flooded and abandoned, likely conservative; TRHE and SNEG also likely abandoned.","See screen capture for this date for illustration."
"2012","05/28/12 00:00:00","Biloxi South 10 B","KMR","Grasses, shrubs, shell-littered beach.","N",,,"N","Approx. 90% of colony analyzed and counted; terrestrial habitat dry with no signs of water inundation. No WHIB nesting in 2012.",
"2012","05/28/12 00:00:00","Biloxi South 10 B","KMR","Grasses, shrubs, shell-littered beach.","N","LAGU",,"N","LAGU sitting low on sites; no chicks observed.",
"2012","05/28/12 00:00:00","Biloxi South 10 B","KMR","Grasses, shrubs, shell-littered beach.","N","BRPE",,"N","BRPE sitting low on WBN and PBN; still actively building in numbers; many pairs on colony setting up, building nests; no chicks observed.",
"2012","05/28/12 00:00:00","Biloxi South 10 B","KMR","Grasses, shrubs, shell-littered beach.","N","TRHE",,"N","TRHE sitting low on sites; no chicks observed.",
"2012","06/19/12 00:00:00","Biloxi South 10 B","KMR","Flooded grasses, shrubs, shell-littered beach.","N",,,"N","Colony photos visually assessed; island was ~90% inundated with water, with only BRPE nests built in shrubs still active; approx. 1/3 of all BRPE nests flooded and abandoned, especially PBN built on ground; ~98% of all LAGU nests flooded and abandoned.","See screen capture for this date for illustration."
"2011","06/17/11 00:00:00","Biloxi South 10 C","KMR","Grasses, arundo patch, shrubs.","N",,,"N","100% of colony analyzed and counted; terrestrial habitat dry with no signs of water inundation.",
"2011","06/17/11 00:00:00","Biloxi South 10 C","KMR","Grasses, arundo patch, shrubs.","N","LAGU",,"N","LAGU observed sitting low on sites, and with 1/4-1/2 grown chicks.",
"2011","06/17/11 00:00:00","Biloxi South 10 C","KMR","Grasses, arundo patch, shrubs.","N","TRHE",,"N","TRHE observed sitting low on sites, and with 1/3-1/2 grown chicks.",
"2011","06/17/11 00:00:00","Biloxi South 10 C","KMR","Grasses, arundo patch, shrubs.","N","WHIB",,"N","WHIB observed sitting low on sites; few 2/3 grown chicks present.",
"2011","05/18/11 00:00:00","Biloxi South 10 C","KMR","Grasses, arundo patch, shrubs.","N",,,"N","Colony photos visually assessed; WHIB still building nest sites, standing in groups; similar numbers of LAGU sites compared to June survey, therefore June survey used for analysis.",
"2012","05/28/12 00:00:00","Biloxi South 10 C","KMR","Grasses, arundo patch, shrubs.","N",,,"N","100% of colony analyzed and counted; terrestrial habitat dry with no signs of water inundation.",
"2012","05/28/12 00:00:00","Biloxi South 10 C","KMR","Grasses, arundo patch, shrubs.","N","LAGU",,"N","LAGU sitting low on sites; no chicks observed.",
"2012","05/28/12 00:00:00","Biloxi South 10 C","KMR","Grasses, arundo patch, shrubs.","N","BRPE",,"N","BRPE observed sitting low on WBN, only few PBN, also with 3-5 week old chicks.",
"2012","05/28/12 00:00:00","Biloxi South 10 C","KMR","Grasses, arundo patch, shrubs.","N","TRHE",,"N","TRHE observed sitting low on sites.",
"2015","05/18/15 00:00:00","Little Mud Grass Island Northeast","KLC","Herbaceous, shrubs","N","SNEG",,"Y","incubating in shrubs, associated with groups of GREG and ROSP, older chicks visible [in June; PJC].","100% coverage"
"2012","06/19/12 00:00:00","Biloxi South 10 C","KMR","Flooded grasses, arundo patch, shrubs.","N",,,"N","Colony photos visually assessed; 95% of island inundated by water; approx. 60-70% of BRPE nests flooded and abandoned, remaining nests with chicks 6-9 weeks old; approx. 95% of LAGU sites flooded and abandoned, 1/3-1/2 grown chicks observed.","See screen capture for this date for illustration."
"2011","05/18/11 00:00:00","Biloxi South 10 A","KMR","Grasses, isolated shrubs, small beach.","N",,,"N","100% of colony photos analyzed and counted.",
"2011","05/18/11 00:00:00","Biloxi South 10 A","KMR","Grasses, isolated shrubs, small beach.","N","LAGU",,"N","LAGU sitting low on sites; no chicks observed.",
"2011","05/18/11 00:00:00","Biloxi South 10 A","KMR","Grasses, isolated shrubs, small beach.","N","TRHE",,"N","TRHE sitting low on sites; no chicks observed.",
"2011","05/18/11 00:00:00","Biloxi South 10 A","KMR","Grasses, isolated shrubs, small beach.","N","SNEG",,"N","SNEG sitting low on sites; no chicks observed.",
"2011","05/18/11 00:00:00","Biloxi South 10 A","KMR","Grasses, isolated shrubs, small beach.","N","WHIB",,"N","WHIB sitting low on sites; no chicks observed.",
"2011","06/17/11 00:00:00","Biloxi South 10 A","KMR","Grasses, isolated shrubs, small beach.","N",,,"N","Colony photos visually assessed; similar number of LAGU sites as May 2011 survey; LAGU observed with 1/3 grown chicks; therefore, May survey used for analysis.",
"2012","05/28/12 00:00:00","Biloxi South 10 A","KMR","Grasses, isolated shrubs, small beach.","N",,,"N","Approx. 99% of colony analyzed and counted; terrestrial habitat dry with no signs of water inundation.",
"2012","05/28/12 00:00:00","Biloxi South 10 A","KMR","Grasses, isolated shrubs, small beach.","N","LAGU",,"N","LAGU observed sitting low on sites; no chicks observed.",
"2012","05/28/12 00:00:00","Biloxi South 10 A","KMR","Grasses, isolated shrubs, small beach.","N","BRPE",,"N","BRPE observed sitting low on WBN and PBN, also with 3-5 week old chicks; appear to be two distinct nesting efforts in 2012, with earlier and later nest initiation periods.",
"2012","05/28/12 00:00:00","Biloxi South 10 A","KMR","Grasses, isolated shrubs, small beach.","N","TRHE",,"N","TRHE sitting low on sites; no chicks observed.",
"2012","06/19/12 00:00:00","Biloxi South 10 A","KMR","Flooded grasses, isolated shrubs, small beach.","N",,,"N","Colony photos visually assessed; Island inundated with water since May survey; Approx. 2/3 of all BRPE nests and 90% of LAGU nests flooded and abandoned; 5-10 weeks old BRPE chicks observed; few 1/2 grown LAGU chicks observed.","See screen capture for this date for illustration."
"2012","05/28/12 00:00:00","Door Point Lagoon 1","KMR","Tall grasses, bare ground, sand beach.","N",,,"N","Approx. 90% of colony photographed, analyzed, and counted; terrestrial habitat dry with no sign of water inundation.",
"2012","05/28/12 00:00:00","Door Point Lagoon 1","KMR","Tall grasses, bare ground, sand beach.","N","LAGU",,"N","LAGU observed sitting low on sites; no chicks observed.",
"2012","05/28/12 00:00:00","Door Point Lagoon 1","KMR","Tall grasses, bare ground, sand beach.","N","BRPE",,"N","BRPE observed sitting low on WBN, few PBN; no chicks observed.",
"2012","06/19/12 00:00:00","Door Point Lagoon 1","KMR","Flooded grasses, open water, exposed sand.","N",,,"N","Colony photos visually assessed; ~95% of island inundated with water; ~98% of all BRPE nests flooded and abandoned, few 3 week old chicks observed; ~90% of LAGU nests flooded and abandoned, 1/4-1/3 grown chicks observed.","See screen capture for this date for illustration."
"2015","05/18/15 00:00:00","Little Mud Grass Island Northeast","KLC","Herbaceous, shrubs","N","REEG",,"N","June only: no nesting behaviors observed, one individual foraging.","100% coverage"
"2012","06/19/12 00:00:00","Biloxi North 7","KMR","Flooded grasses, few small shrubs, small beaches.","N",,,"N","Unknown proportion of total island photographed, analyzed, and counted; portion photographed represents small part of total island/marsh area; birds only nesting on portion photographed. Majority of island inundated with water.","Apparent that many BRPE and LAGU nests were flooded and abandoned by June survey."
"2012","05/28/12 00:00:00","Door Point Lagoon 2","KMR","Grasses, bare ground, and open water.","N",,,"N","Approx. 90% of colony photographed, analyzed, and counted; All species except BLSK analyzed from May12 survey.",
"2012","05/28/12 00:00:00","Door Point Lagoon 2","KMR","Grasses, bare ground, and open water.","N","LAGU",,"N","LAGU observed sitting low on sites; no chicks observed.",
"2012","05/28/12 00:00:00","Door Point Lagoon 2","KMR","Grasses, bare ground, and open water.","N","TRHE",,"N","Few TRHE sites observed; birds sitting low on sites.",
"2012","05/28/12 00:00:00","Door Point Lagoon 2","KMR","Grasses, bare ground, and open water.","N","WHEG",,"N","Few WHEG sites observed; birds appeared to be sitting low on sites; poor data quality for these entries.",
"2012","05/28/12 00:00:00","Door Point Lagoon 2","KMR","Grasses, bare ground, and open water.","N","BRPE",,"N","BRPE observed sitting low on WBN and in brooding posture; many observed with 3-6 week old chicks, staying close to nest sites.",
"2012","06/19/12 00:00:00","Door Point Lagoon 2","KMR","Flooded grasses, open water, small beaches.","N",,,"N","Colony photos counted and analyzed for BLSK and SATE, visually assessed for LAGU and BRPE; Majority of Island inundated with water since May survey; est. 1/3 of BRPE nests and 1/2 of LAGU sites flooded and abandoned; BRPE observed with 4-11wk old chicks.","LAGU observed with 1/4-1/3 grown chicks."
"2012","06/19/12 00:00:00","Door Point Lagoon 2","KMR","Flooded grasses, open water, small beaches.","N","BLSK",,"N","BLSK observed sitting low on sites in incubation posture; no chicks observed.",
"2012","06/19/12 00:00:00","Door Point Lagoon 2","KMR","Flooded grasses, open water, small beaches.","N","SATE",,"N","Few SATE observed sitting low on sites and with 1/2 grown chicks.",
"2012","05/29/12 00:00:00","Cat Island","KMR","Complex shrub canopy, sand beach, grasses.","N",,,"N","Approx. 99% of island analyzed and counted; complex shrub canopy made bird identification and counting challenging; see species notes on DAIB and WHIB, standard method used for reassigning DAIB to WHIB Chicks; see species accounts below.",
"2012","05/29/12 00:00:00","Cat Island","KMR","Complex shrub canopy, sand beach, grasses.","N","BRPE",,"N","BRPE observed sitting on WBN, most sites with 2-5 week old chicks.",
"2012","05/29/12 00:00:00","Cat Island","KMR","Complex shrub canopy, sand beach, grasses.","N","TRHE",,"N","TRHE observed sitting on sites; chicks not identified but could be present.",
"2012","05/29/12 00:00:00","Cat Island","KMR","Complex shrub canopy, sand beach, grasses.","N","SNEG",,"N","SNEG observed sitting on sites; chicks not identified but could be present.",
"2012","05/29/12 00:00:00","Cat Island","KMR","Complex shrub canopy, sand beach, grasses.","N","WHEG",,"N","WHEG observed sitting on sites; chicks not identified but could be present.",
"2012","05/29/12 00:00:00","Cat Island","KMR","Complex shrub canopy, sand beach, grasses.","N","CAEG",,"N","CAEG observed sitting low on sites; chicks not identified but could be present.",
"2012","05/29/12 00:00:00","Cat Island","KMR","Complex shrub canopy, sand beach, grasses.","N","BCNH",,"N","BCNH observed sitting on sites; chicks not identified but could be present.",
"2015","05/18/15 00:00:00","Little Mud Grass Island Northeast","KLC","Herbaceous, shrubs","N","WHIB",,"Y","incubating in shrubs, small chicks visible","100% coverage"
"2012","05/29/12 00:00:00","Cat Island","KMR","Complex shrub canopy, sand beach, grasses.","N","GREG",,"N","GREG observed with 1/4 to 2/3 grown chicks at nest sites; also sitting low on sites.",
"2012","05/29/12 00:00:00","Cat Island","KMR","Complex shrub canopy, sand beach, grasses.","N","WHIB",,"N","Few WHIB observed sitting low on sites, many standing above well built nests;chicks large and mobile; Due to uncertainty in DAIB id., DAIB Birds and Sites added to WHIB Chicks; Broods conservatively calculated by dividing DAIB birds and sites by 3.","Changes not reflected in screen captures; WHIB chicks almost certainly underestimated due to complex canopy cover."
"2012","05/29/12 00:00:00","Cat Island","KMR","Complex shrub canopy, sand beach, grasses.","N","DAIB",,"N","DAIB misclassified; Initially uncertain of ID due to all-brown appearance; Based on abundance of active nesting WHIB, early nesting phenology in 2012, presence of ""DAIB"" in active colony WHIB site, and lack of adult plumage dark ibis species, continued...","It was determined these birds are most likely WHIB chicks; reclassification not reflected in screen captures."
"2011","05/20/11 00:00:00","Cat Island","KMR","Complex shrub canopy, sand beach, grasses.","N",,,"N","Approx. 99% of colony analyzed and counted; complex shrub canopy made bird identification and counting challenging; see species notes on DAIB and WHIB, but presumably most if not all DAIB were in fact WHIB chicks.",
"2011","05/20/11 00:00:00","Cat Island","KMR","Complex shrub canopy, sand beach, grasses.","N","WHIB",,"N","WHIB observed sitting on sites, but mostly standing above sites with large mobile chicks; chicks observed to be 2/3 to full grown; Initially misclassified DAIB Birds added to WHIB Chick category; see DAIB record.","WHIB Broods conservatively calculated by dividing DAIB birds by 3; changes not reflected in screen captures."
"2011","05/20/11 00:00:00","Cat Island","KMR","Complex shrub canopy, sand beach, grasses.","N","TRHE",,"N","TRHE observed on sites, and with 2/3 grown chicks.",
"2011","05/20/11 00:00:00","Cat Island","KMR","Complex shrub canopy, sand beach, grasses.","N","SNEG",,"N","SNEG observed sitting on sites, and with 2/3 grown chicks.",
"2011","05/20/11 00:00:00","Cat Island","KMR","Complex shrub canopy, sand beach, grasses.","N","GREG",,"N","GREG observed sitting on sites, and with 1/2-2/3 grown chicks.",
"2011","05/20/11 00:00:00","Cat Island","KMR","Complex shrub canopy, sand beach, grasses.","N","CAEG",,"N","CAEG observed sitting low on sites; no chicks observed.",
"2011","05/20/11 00:00:00","Cat Island","KMR","Complex shrub canopy, sand beach, grasses.","N","BCNH",,"N","BCNH observed sitting on sites; no chicks observed.",
"2011","05/20/11 00:00:00","Cat Island","KMR","Complex shrub canopy, sand beach, grasses.","N","DAIB",,"N","DAIB misclassified; Initially uncertain of ID due to all-brown appearance; Based on abundance of active nesting WHIB, early nesting phenology in 2012, presence of ""DAIB"" in active colony WHIB site, and lack of adult plumage dark ibis species, continued...","It was determined these birds are most likely WHIB chicks; reclassification not reflected in screen captures."
"2012","05/28/12 00:00:00","Biloxi South 7","PJC","small grassy-marsh island with beach","N",,,"N","FOTE and some BLSK apparently in incubation posture, but many BLSK just standing; small numbers (<100) of roosting birds of other spp. not counted",
"2012","06/20/12 00:00:00","Biloxi South 7","PJC","small grassy-marsh island with beach","N",,,"N","inspected but not photographed, so presumably BLSK and possibly FOTE failed",
"2015","05/18/15 00:00:00","Little Mud Grass Island Northeast","KLC","Herbaceous, shrubs","N","GREG",,"N","June only: incubating in shrubs, older chicks visible","100% coverage"
"2011","06/17/11 00:00:00","Biloxi South 3","PJC",,"N",,,"N","Photos inspected but not counted; most spp. brooding small chicks, but wandering fledglings also noted for WHIB and probably TRHE; possibly some new nests (WHIB, e.g.) since May, but May seemed very representative of 2011 colony size","No large-scale abandonmnent seen; no new breeding species compared to May"
"2011","06/14/11 00:00:00","Biloxi North 35","PJC",,"N","ROYT",,"N","small colony, all sites apparently with small chicks (mostly not seen) being brooded; ROYT on a small grass/marsh island detached from wader colony",
"2011","06/14/11 00:00:00","Biloxi North 35","PJC",,"N",,,"N","for waders, only WHIB still clearly on sites; some GREG chicks present; some Empty nests of unknown sp. evident; colony not photographed in May, which probably would have been for waders",
"2011","05/18/11 00:00:00","Biloxi South 9","PJC",,"N","LAGU",,"N","site coverage probably 80-90%",
"2011","05/18/11 00:00:00","Biloxi South 9","PJC",,"N",,,"N","BLSK not counted as June appeared more represenative of breeding birds; no breeding activity for BRPE in May or June",
"2011","06/13/11 00:00:00","Dauphin Island 4","PJC","barrier island","N","BLSK",,"N","coverage 100%; birds in incubation posture; roosters along shoreline not counted",
"2011","05/20/11 00:00:00","Dauphin Island 4","PJC","barrier island","N","BLSK",,"N","many more birds present compared to May, but not in incubation postures; June counted for best breeding population estimate",
"2012","06/19/12 00:00:00","Isle au Pitre","PJC",,"N","BLSK",,"N","most sites with a bird in incubation posture, but many standing pairs also; many more birds presnt compared to May",
"2012","05/29/12 00:00:00","Isle au Pitre","PJC",,"N",,,"N","< 100 BLSK present on same beach as June; no other roosting or breeding spp. evident",
"2012","06/19/12 00:00:00","Isle au Pitre","PJC",,"N",,,"N","small numbers of CATE and ROSA possibly setting up, but likely not on eggs; only BLSK and GBTE ssem to be on eggs; only 1 LAGU seen",
"2011","06/13/11 00:00:00","Dauphin Island 5","PJC","barrier island","N","BLSK",,"N","coverage ~100%",
"2011","05/20/11 00:00:00","Dauphin Island 5","PJC","barrier island","N","BLSK",,"N","colony distribution similar to June; June counted",
"2012","05/29/12 00:00:00","Dauphin Island 2","PJC",,"N","BLSK",,"N","small numbers, mostly standing; not photgraphed in June, so likely no productivity",
"2012","06/20/12 00:00:00","Beauregard Island","PJC",,"N",,,"N","FOTE and LAGU colonies still present with some 1/3 grown chicks of both species evident; roosting BRPE only other sp. present",
"2012","05/27/12 00:00:00","Fricot Bayou Island","PJC",,"N","FOTE",,"N","sitting tight on wrack lines; coverage complete; habitat looks similar in 2010-2012 satellite images",
"2011","05/17/11 00:00:00","Fricot Bayou Island","PJC",,"N","FOTE",,"N","sitting tight on wrack lines; coverage complete",
"2012","05/27/12 00:00:00","Manilla Island","PJC",,"N","FOTE",,"N","Coverage ~ 100%; many birds apparently sitting tight, but other sites seemed to have birds in standing posture",
"2011","06/17/11 00:00:00","Manilla Island","PJC",,"N","FOTE",,"N","Coverage ~ 100%; birds sitting tight, mostly as singles -- good survey timing for breeding pop estimate",
"2011","06/17/11 00:00:00","Cat Bay Island","PJC",,"N",,,"N","photos analyzed; BRPE abundant with many wandering juveniles, and some lage YY still in chick plumage; GREG also still abundant with large chicks; no new nesting efforts since May obvious",
"2018","06/23/18 00:00:00","East Bay Spoil Island","KLC","Beach, shrubs","N","BLSK",,"N","June only. Large group of nests in incubation stage on open beach.",
"2011","06/17/11 00:00:00","Cat Bay North Island","PJC",,"N",,,"N","photos analyzed; ROYT either did not lay eggs or all failed; BRPE have wide range of stages, from incubating birds to wandering juveniles, with no nesting effort since May evident; LAGU #s seem much reduced compared to May",
"2011","06/17/11 00:00:00","Cat Bay South Island","PJC",,"N",,,"N","ROYT increased since May and counted as Best by PJC; SATE count similar and May left as Best",
"2011","06/17/11 00:00:00","Bay Ronquille Northwest Island","KMR",,"N",,,"N","BRPE sitting tight; colony similar in size and distribution to May",
"2011","06/13/11 00:00:00","Audubon Island","PJC",,"N","BRPE",,"N","several dozen chicks evident, mostly large, a few in juvenile plumage; no new nests",
"2011","06/13/11 00:00:00","Audubon Island","PJC",,"N","LAGU",,"N","#s similar to May; sitting tight",
"2011","05/18/11 00:00:00","Belle Isle","JND",,"N","LAGU",,"N","early incubation; most birds on nests accompanied by second adult",
"2011","05/18/11 00:00:00","Belle Isle","JND",,"N","FOTE",,"N","early incubation",
"2011","05/18/11 00:00:00","Belle Isle","JND",,"N","TRHE",,"N","early incubation",
"2011","05/18/11 00:00:00","Belle Isle","JND",,"N","SNEG",,"N","early incubation",
"2011","06/17/11 00:00:00","Belle Isle","JND",,"N","LAGU",,"N","most with chicks < 10 days old; some apparently still incubating, probably started after May survey",
"2011","06/17/11 00:00:00","Belle Isle","JND",,"N","FOTE",,"N","most with chicks < 10 days old",
"2011","06/17/11 00:00:00","Belle Isle","JND",,"N","SNEG",,"N","most with chicks < 10 days old",
"2011","06/17/11 00:00:00","Belle Isle","JND",,"N","TRHE",,"N","most with chicks < 10 days old",
"2012","05/28/12 00:00:00","Belle Isle","JND",,"N","LAGU",,"N","number of sites substantially higher than in 2011",
"2012","05/28/12 00:00:00","Belle Isle","JND",,"N","FOTE",,"N","number of sites substantially lower than in 2011",
"2012","05/28/12 00:00:00","Belle Isle","JND",,"N","SNEG",,"N","number of sites similar to 2011",
"2012","05/28/12 00:00:00","Belle Isle","JND",,"N","TRHE",,"N","number of sites somewhat higher than in 2011",
"2012","06/19/12 00:00:00","Belle Isle","JND",,"N","LAGU",,"N","most with chicks 7-14 days old; localized flooding probably affected some sites, but overall productivity looks decent",
"2012","06/19/12 00:00:00","Belle Isle","JND",,"N","WHIB",,"N","number of sites substantially higher than in 2011",
"2012","06/19/12 00:00:00","Belle Isle","JND",,"N","FOTE",,"N","No breeders evident",
"2011","05/17/11 00:00:00","Queen Bess Island","JND",,"N","BRPE",,"N","common to abundant breeder; in shrubs and grass; early incubation to fully fledged chicks, indicating some effort began in late Jan-early Feb.",
"2011","05/17/11 00:00:00","Queen Bess Island","JND",,"N","LAGU",,"N","abundant breeder throughout island; early incubation stage; nesting phenology seemingly highly synchronous across island",
"2011","05/17/11 00:00:00","Queen Bess Island","JND",,"N","TRHE",,"N","fairly common breeder; widely distributed; highest density in marsh on east side of island; most in late incubation to early chick rearing stage; some older chicks (~3wks old); chicks probably undercounted",
"2011","05/17/11 00:00:00","Queen Bess Island","JND",,"N","GREG",,"N","uncommon breeder; most in shrubs, some in grass; most in late incubation to early chick rearing stage",
"2011","05/17/11 00:00:00","Queen Bess Island","JND",,"N","SNEG",,"N","uncommon breeder; in shrubs near BRPEs; late incubation to early chick rearing stage",
"2018","06/23/18 00:00:00","East Bay Spoil Island","KLC","Beach, shrubs","N","FOTE",,"N","June only. Large, high-density group of nests in incubation stage in sandy areas adjacent to shrubby vegetation.",
"2011","05/17/11 00:00:00","Queen Bess Island","JND",,"N","BCNH",,"N","rare breeder; most in grass near BRPEs, LAGUs, and TRHEs",
"2011","05/17/11 00:00:00","Queen Bess Island","JND",,"N","ROSP",,"N","rare to uncommon breeder; in grass and shrubs; late incubation to early nestling stage",
"2011","05/17/11 00:00:00","Queen Bess Island","JND",,"N","WHIB",,"N","uncommon breeder; most in marsh, nesting in grass near TRHEs; some with chicks",
"2011","05/17/11 00:00:00","Queen Bess Island","JND",,"N","ROYT",,"N","common but localized breeder; mid-incubation",
"2011","05/17/11 00:00:00","Queen Bess Island","JND",,"N","SATE",,"N","fairly common but localized breeder; mid-incubation",
"2011","05/17/11 00:00:00","Queen Bess Island","JND",,"N","AWPE",,"N","roosters only",
"2011","05/17/11 00:00:00","Queen Bess Island","JND",,"N","FOTE",,"N","roosters only",
"2011","05/17/11 00:00:00","Queen Bess Island","JND",,"N","BLSK",,"N","roosters only",
"2011","06/18/11 00:00:00","Queen Bess Island","JND",,"N","AWPE",,"N","roosters only; four birds sitting on small grass islands look like breeders at first glance",
"2011","06/18/11 00:00:00","Queen Bess Island","JND",,"N","BCNH",,"N","adults still present, but no clear evidence of breeding: no chicks or juveniles evident and no birds on nests",
"2011","06/18/11 00:00:00","Queen Bess Island","JND",,"N","BLSK",,"N","17 sites; adults on nests",
"2011","06/18/11 00:00:00","Queen Bess Island","JND",,"N","BRPE",,"N","5% with eggs, 45% with chicks, 50% with fully fledged juveniles; some new sites since May survey scattered throughout island; excellent breeding success.",
"2011","06/18/11 00:00:00","Queen Bess Island","JND",,"N","GREG",,"N","late chick rearing to fully fledged juveniles; excellent breeding success",
"2011","06/18/11 00:00:00","Queen Bess Island","JND",,"N","LAGU",,"N","30% with chicks in nest, 60% on nests (late incubation to very small chicks), 10% fully fledged juveniles; some new sites since May survey scattered throughout island.",
"2011","06/18/11 00:00:00","Queen Bess Island","JND",,"N","ROSP",,"N","late nestling stage to fully fledged juveniles",
"2011","06/18/11 00:00:00","Queen Bess Island","JND",,"N","ROYT",,"N","May sites no longer occupied; chicks creching, some juveniles capable of flight; moderate breeding success",
"2011","06/18/11 00:00:00","Queen Bess Island","JND",,"N","SATE",,"N","May sites no longer occupied; chicks creching, some juveniles capable of flight; moderate breeding success",
"2011","06/18/11 00:00:00","Queen Bess Island","JND",,"N","SNEG",,"N","large chicks to fully fledged juveniles",
"2011","06/18/11 00:00:00","Queen Bess Island","JND",,"N","TRHE",,"N","20% with eggs or small chicks; 80% large chcisk to fully fledged juveniles; some new sites since May survey scattered throughout island; excellent breeding success.",
"2011","06/18/11 00:00:00","Queen Bess Island","JND",,"N","WHIB",,"N","chicks to fully fledged juveniles",
"2011","06/18/11 00:00:00","Queen Bess Island","JND",,"N","FOTE",,"N","none detected",
"2012","06/19/12 00:00:00","Breton Island","MWP","barrier Island","N","BRPE",,"N","few chicks/juv. on the island; no sign of empty or empty nests that were seen in May; no new areas observed; productivity appears ""poor""",
"2012","06/19/12 00:00:00","Breton Island","MWP","barrier Island","N","ROYT, SATE",,"N","no new groups observed; all chicked out and lots of chicks along beachs; productivity seems good to excellent",
"2018","06/23/18 00:00:00","East Bay Spoil Island","KLC","Beach, shrubs","N","SATE",,"N","June only. Roosting individuals only.",
"2012","06/19/12 00:00:00","Breton Island","MWP","barrier Island","N","LAGU",,"N","not couned in June; May survey appears to capture the peak although lots of birds still sitting on nests",
"2012","06/19/12 00:00:00","Breton Island","MWP","barrier Island","N","CATE",,"N","no CATE seen in photos; none counted",
"2012","06/19/12 00:00:00","Breton Island","MWP","barrier Island","N","BLSK",,"N","no BLSK seen in photos; none counted",
"2011","06/14/11 00:00:00","Gaillard Island","MWP","dredge spoil island-large","N","BRPE",,"Y","additional ""sub-colonies"" of BRPE not present in May were counted and need to be added to May survey; BRPE production seems good to excellent",
"2011","06/14/11 00:00:00","Gaillard Island","MWP","dredge spoil island-large","N","ROYT, SATE",,"Y","additional ""sub-colonies"" of mostly ROYT but some SATE that were not present in May were counted and need to be added into May survey; production from terns present in May appear to be good to excellent",
"2011","06/14/11 00:00:00","Gaillard Island","MWP","dredge spoil island-large","N","CATE",,"Y","additional ""sub-colonies"" of CATE that were not present in May were counted and need to be added into May survey; production not easily evaluated but some chicks were seen in photos",
"2011","06/14/11 00:00:00","Gaillard Island","MWP","dredge spoil island-large","N","LAGU",,"Y","a few LAGU areas seen that were not counted in May; production difficult to evaluate as no chicks observed and adults still appear to be on nests still",
"2011","06/14/11 00:00:00","Gaillard Island","MWP","dredge spoil island-large","N","WHIB",,"N","no new areas observed; checked photos to determine productivity -- may birds still on nests but some chicks present -- would classify production as ""good""",
"2012","06/18/12 00:00:00","Gaillard Island","MWP","dredge spoil island-large","N","BRPE",,"N","no new areas observed; still some on WBN; areas with large chicks; productivity appears to be good",
"2012","06/18/12 00:00:00","Gaillard Island","MWP","dredge spoil island-large","N","ROYT, SATE",,"N","no new areas; one area with some ROYT that may be ""setting up"" but did not count; production appears poor as there are not many chicks in photos",
"2012","06/18/12 00:00:00","Gaillard Island","MWP","dredge spoil island-large","N","CATE",,"N","no new areas; production appears to be good as chicks seen with adults",
"2012","06/18/12 00:00:00","Gaillard Island","MWP","dredge spoil island-large","N","LAGU",,"N","no new areas that were obvious; did no see any chicks unable to determine productivity",
"2012","06/18/12 00:00:00","Gaillard Island","MWP","dredge spoil island-large","N","WHIB",,"N","no new areas seen; production difficult to determine; birds still incubating and some adults brooding small chicks",
"2011","05/18/11 00:00:00","Biloxi South 5 A","MWP","marsh island","N","LAGU",,"N","birds set up and incubating; complete coverage achieved",
"2011","05/18/11 00:00:00","Biloxi South 5 A","MWP","marsh island","N","TRHE",,"N","birds set up and incubating; complete coverage achieved",
"2011","05/18/11 00:00:00","Biloxi South 5 A","MWP","marsh island","N","CATE",,"N","birds incubating; medium sized colony bet. 50 and 100 sites",
"2011","05/18/11 00:00:00","Biloxi South 5 A","MWP","marsh island","N","BRPE",,"Y","only roosting birds; no breeding-type behavior observed",
"2011","06/17/11 00:00:00","Biloxi South 5 A","MWP","marsh island","N","LAGU",,"N","about 10% of nests hatched with larger sized chicks; others appear to still be brooding small chicks or incubating",
"2011","06/17/11 00:00:00","Biloxi South 5 A","MWP","marsh island","N","TRHE",,"N","not assessed but appear to be incubating still",
"2018","05/21/18 00:00:00","Houma Navigation Canal Island","JRM","Beach, Grassy, Marsh, Shrubs","N","ALL",,"N","Full-coverage through Camera 1 and 2 combined.  May dotted for all species.  WHIB colony dotted from June in addition to small number of WHIBS in May.  New WHIB and LAGU sites in June.",
"2011","06/17/11 00:00:00","Biloxi South 5 A","MWP","marsh island","N","CATE",,"N","only about 10 birds remaining on colony and those appear to be brooding chicks; no chicks seen though",
"2011","06/17/11 00:00:00","Biloxi South 5 A","MWP","marsh island","N","BRPE",,"N","BRPE appear to be starting to pair and set up nests; a few nest with material but more just appear to be pairing",
"2012","05/28/12 00:00:00","Biloxi South 5 A","MWP","marsh island","N","LAGU",,"N","complete coverage achieved; used Cam2 photos and confirmed sites by viewing Cam1 photos",
"2012","05/28/12 00:00:00","Biloxi South 5 A","MWP","marsh island","N","TRHE",,"N","complete coverage achieved; used Cam2 photos and confirmed sites by viewing Cam1 photos",
"2012","05/28/12 00:00:00","Biloxi South 5 A","MWP","marsh island","N","CATE",,"N","no CATE in colony this year; all species seem to be reduced in numbers",
"2012","05/28/12 00:00:00","Biloxi South 5 A","MWP","marsh island","N","BRPE",,"N","only a couple roosting birds",
"2012","06/19/12 00:00:00","Biloxi South 5 A","MWP","marsh island","N","LAGU",,"N","island appears inundated with water but LAGU along edges (berms) still incubating and chicks can be seen in photos; probably about 15% of nests have chicks visible; interior sites appear to have been flooded out,  productivity appears good for berm sites",
"2012","06/19/12 00:00:00","Biloxi South 5 A","MWP","marsh island","N","TRHE",,"N","sites that were present in May appear to be ""flooded"" out; could not find sites in June photos",
"2012","06/19/12 00:00:00","Biloxi South 5 A","MWP","marsh island","N","CATE",,"N","no terns present in June",
"2012","06/19/12 00:00:00","Biloxi South 5 A","MWP","marsh island","N","BRPE",,"N","no BRPE present in June",
"2011","05/18/11 00:00:00","Biloxi South 5 B","MWP","marsh island","N","LAGU",,"N","complete coverage achieved; used Cam2 photos and confirmed sites by viewing Cam1 photos",
"2011","05/18/11 00:00:00","Biloxi South 5 B","MWP","marsh island","N","TRHE",,"N","complete coverage achieved; used Cam2 photos and confirmed sites by viewing Cam1 photos",
"2011","05/18/11 00:00:00","Biloxi South 5 B","MWP","marsh island","N","BRPE",,"N","just roosting birds; no signs of breeding",
"2011","05/18/11 00:00:00","Biloxi South 5 B","MWP","marsh island","N","GREG",,"N","just a couple sites",
"2011","05/18/11 00:00:00","Biloxi South 5 B","MWP","marsh island","N","SNEG",,"N","small number of sites",
"2011","05/18/11 00:00:00","Biloxi South 5 B","MWP","marsh island","N","WHIB",,"N","small number of sites",
"2011","06/17/11 00:00:00","Biloxi South 5 B","MWP","marsh island","N","LAGU",,"N","chicks seen in photos; productions appears that it will be good",
"2011","06/17/11 00:00:00","Biloxi South 5 B","MWP","marsh island","N","TRHE",,"N","a few sites; looks like incubation still happening OR with small chicks",
"2011","06/17/11 00:00:00","Biloxi South 5 B","MWP","marsh island","N","BRPE",,"N","only roosting birds",
"2011","06/17/11 00:00:00","Biloxi South 5 B","MWP","marsh island","N","GREG",,"N","still in incubating posture",
"2011","06/17/11 00:00:00","Biloxi South 5 B","MWP","marsh island","N","GREG",,"N","still in incubating posture",
"2011","06/17/11 00:00:00","Biloxi South 5 B","MWP","marsh island","N","WHIB",,"N","in brooding posture; small black chicks can be seen in some of the nests; productivity appears like it will be good",
"2018","05/21/18 00:00:00","Houma Navigation Canal Island","JRM","Beach, Grassy, Marsh, Shrubs","N","TRHE",,"N","TRHE on sites in incubation posture with few sites containing  small, dark chicks.  June photos show many fledged TRHE interspersed througout the island.",
"2012","05/28/12 00:00:00","Biloxi South 5 B","MWP","marsh island","N","LAGU",,"N","complete coverage; used Cam2 photos and confirmed with Cam1 photos when available",
"2012","05/28/12 00:00:00","Biloxi South 5 B","MWP","marsh island","N","TRHE",,"N","complete coverage; used Cam2 photos and confirmed with Cam1 photos when available",
"2012","05/28/12 00:00:00","Biloxi South 5 B","MWP","marsh island","N","BRPE",,"N","roosting birds only; no signs of breeding",
"2012","05/28/12 00:00:00","Biloxi South 5 B","MWP","marsh island","N","SNEG",,"N","just a few sites; complete coverage",
"2012","05/28/12 00:00:00","Biloxi South 5 B","MWP","marsh island","N","WHIB",,"N","small number of sites",
"2012","05/28/12 00:00:00","Biloxi South 5 B","MWP","marsh island","N","BCNH",,"N","a few sites spotted; may be more sites ""under"" vegetation",
"2012","06/19/12 00:00:00","Biloxi South 5 B","MWP","marsh island","N","LAGU",,"N","island innundated with water; LAGU seemed to have good productivity esp. on wrack lines; interior sites where more water occurs may not have been as productive",
"2012","06/19/12 00:00:00","Biloxi South 5 B","MWP","marsh island","N","TRHE",,"N","a few sites seen with chicks; productivity seems like it would be good; photos not used for population estimates",
"2012","06/19/12 00:00:00","Biloxi South 5 B","MWP","marsh island","N","BRPE",,"N","only roosting birds",
"2012","06/19/12 00:00:00","Biloxi South 5 B","MWP","marsh island","N","SNEG",,"N","only one site seen with chicks; others may not have been productive?",
"2012","06/19/12 00:00:00","Biloxi South 5 B","MWP","marsh island","N","WHIB",,"N","most sites have chicks; several have large chicks but not wandering; productivity seems good",
"2012","06/19/12 00:00:00","Biloxi South 5 B","MWP","marsh island","N","BCNH",,"N","one site seen with chicks; didn't spend a lot of time looking for other sites and chicks",
"2012","06/19/12 00:00:00","Biloxi South 5 B","MWP","marsh island","N","ROYT",,"N","only roosting birds seen",
"2011","05/18/11 00:00:00","Bastian Island","MWP","sand barrier island","N","BLSK",,"N","birds setting up and probably no eggs yet; flown past in June but no birds present so breeding probabaly did not occur at this site in 2011",
"2011","06/17/11 00:00:00","Bastian Island","MWP","sand barrier island","N","BLSK",,"N","no photos taken; assume no birds observed as flight path went directly over site; most likely no breeding in 2011 at this site",
"2012","05/27/12 00:00:00","Bastian Island","MWP","sand barrier island","N","BLSK",,"N","birds setting up - but more birds in June so used June photos - plus SATE present in June that were not there in May",
"2012","05/27/12 00:00:00","Bastian Island","MWP","sand barrier island","N","SATE",,"N","no SATE at this site in May when photographed",
"2012","06/20/12 00:00:00","Bastian Island","MWP","sand barrier island","N","BLSK",,"N","birds incubating and still some roosting",
"2012","06/20/12 00:00:00","Bastian Island","MWP","sand barrier island","N","ROSA",,"N","appears a small group may be breeding; others are roosting at this site; mostly SATE but probably some ROYT mixed in",
"2011","06/17/11 00:00:00","Biloxi South 1","MWP","marsh island","N","BLSK",,"N","used June as it gave the most appropriate breeding pop. est. for BLSK; use May for all other species except GBTE",
"2011","06/17/11 00:00:00","Biloxi South 1","MWP","marsh island","N","GBTE",,"N","used June as it gave the most appropriate breeding pop. est. for GBTE; use May for all other species except BLSK",
"2018","05/21/18 00:00:00","Houma Navigation Canal Island","JRM","Beach, Grassy, Marsh, Shrubs","N","AWPE",,"N","Few AWPE birds interspersed throughout island along shoreline.",
"2011","05/18/11 00:00:00","Biloxi South 1","MWP","marsh island","N","FOTE",,"N","May gave the most appropriate breeding population est. as birds were def. in incubation posture;",
"2011","05/18/11 00:00:00","Biloxi South 1","MWP","marsh island","N","CATE/ROYT",,"N","May gave the most appropriate breeding population est. as birds were def. in incubation posture;",
"2011","05/18/11 00:00:00","Biloxi South 1","MWP","marsh island","N","LAGU",,"N","May gave the most appropriate breeding population est. as birds were def. in incubation posture;",
"2011","06/17/11 00:00:00","Biloxi South 1","MWP","marsh island","N","CATE/ROYT",,"N","no breeding birds seen in photos; some roosting (<20) at water's edge but no chicks visible; probably no successful breeding at this site for these species",
"2011","06/17/11 00:00:00","Biloxi South 1","MWP","marsh island","N","FOTE",,"N","few FOTE seen at this site in June photos; less than a dozen appear to be in brooding posture and may have chicks but no other FOTE observed",
"2011","06/17/11 00:00:00","Biloxi South 1","MWP","marsh island","N","LAGU",,"N","birds appear to still be in incubation posture; no chicks seen in photos",
"2011","05/19/11 00:00:00","Biloxi North 25","MWP","marsh island","N","LAGU",,"N","complete coverage; birds in incubation posture",
"2011","05/19/11 00:00:00","Biloxi North 25","MWP","marsh island","N","TRHE",,"N","complete coverage; some birds may be brooding",
"2011","06/14/11 00:00:00","Biloxi North 25","MWP","marsh island","N","All",,"N","no photos taken during June survey; inspected colony but did not photograph",
"2012","05/28/12 00:00:00","Biloxi North 25","MWP","marsh island","N","All",,"N","used Cam2 photo with confirmation from Cam2 close-ups; no Cam1 photos; good pop. est. photos for LAGU and TRHE",
"2012","06/20/12 00:00:00","Biloxi North 25","MWP","marsh island","N","All",,"N","island innundated with water; LAGU and TRHE have chicks and productivity appears to  be good despite water; BRPE roosting high in wrack line but no indication of any breeding activity",
"2012","05/28/12 00:00:00","Biloxi North 26","MWP","marsh island","N","All",,"N","complete coverage; great photos; excellent count",
"2012","06/20/12 00:00:00","Biloxi North 26","MWP","marsh island","N","All",,"N","island partially innundated with water; LAGU and TRHE have chicks and many in brooding posture; SNEG have chicks as well; productivity seems good for all species",
"2011","05/19/11 00:00:00","Biloxi North 26","MWP","marsh island","N","All",,"N","Birds appear to be incubating; only LAGU and TRHE present -- no other species",
"2011","06/14/11 00:00:00","Biloxi North 26","MWP","marsh island","N","All",,"N","both TRHE and LAGU have small chicks; most TRHE appear to brooding; maybe 30% of LAGU appear brooding or with small chicks; a few roosting BRPE and a couple of roosting terns (species unknown) seen in June photos - no breeding activity from these two spec",
"2012","06/19/12 00:00:00","Half Moon Island","MWP","marsh island","N","LAGU/TRHE",,"N","coverage not complete - only a small portion of the island photographed; medium-sized nearly idependent chicks at some sites",
"2012","06/19/12 00:00:00","Half Moon Island","MWP","marsh island","N","WHIB/SNEG",,"N","some chicks; a lot of the island is innundated with water and seems to have impacted nesting but can't be sure",
"2018","05/21/18 00:00:00","Houma Navigation Canal Island","JRM","Beach, Grassy, Marsh, Shrubs","N","SNEG",,"N","SNEG on sites in incubation posture and a few sites with small, 1/2 grown, white chicks.  Fledged SNEG throughout island in June.",
"2012","06/19/12 00:00:00","Half Moon Island","MWP","marsh island","N",,,"N","selected June because best coverage for BLSK, SNEG, WHIB; only a small fraction of the island was photographed (~10% or less); probably have complete coverage of SNEG/WHIB but not for TRHE/LAGU; BLSK complete coverage achieved","need to count May photos for FOTE as none seen in June photos; would have better coverage for LAGU as well but still incomplete and only a fraction of the colony/island"
"2012","05/29/12 00:00:00","Half Moon Island","MWP","marsh island","N",,,"N","probably good coverage of FOTE (>90%) and slightly better coverage of LAGU (than June photos) but still probably a fraction of the colony; May photos not counted as of 9/29/2013",
"2012","05/28/12 00:00:00","Drum Bay Island","SLF",,"N","BRPE",,"N","BRPE were all in incubating position and the entire breeding population was concentrated on one side of the island, near sandy beach.  ",
"2012","05/28/12 00:00:00","Drum Bay Island","SLF",,"N","ROYT",,"N","ROYT were all in incubating position, and no chicks were seen.  All ROYT nested in four distinct subcolonies, on sandy beach. ",
"2012","05/28/12 00:00:00","Drum Bay Island","SLF",,"N","SATE",,"N","SATE were all in incubating position, and no chicks were seen.  Most SATE nested in one colony, mixed in with ROYT.  A small number of nests (5) were found mixed into another ROYT colony nearby.  ",
"2012","05/28/12 00:00:00","Drum Bay Island","SLF",,"N","LAGU",,"N","Nesting is widespread across the island, with most birds in incubating posture.  I estimate that ~80% of all nesting LAGU were dotted.  No chicks seen. ",
"2012","05/28/12 00:00:00","Drum Bay Island","SLF",,"N","ROSP",,"N","All nests located within the main waterbird nesting colony on the island (adjacent to the sandy shore).  No chicks seen.",
"2012","05/28/12 00:00:00","Drum Bay Island","SLF",,"N","TRHE",,"N","Nesting is widespread, but sporadic across the grassy habitat on the island.  Like the gulls, I probably captured 80% of nesting TRHE in this dotting effort.  No chicks seen.",
"2012","05/28/12 00:00:00","Drum Bay Island","SLF",,"N","SNEG",,"N","All nests located within the main waterbird nesting colony on the island (adjacent to the sandy shore).  No chicks seen.",
"2012","05/28/12 00:00:00","Drum Bay Island","SLF",,"N","WHIB",,"N","All nests located within the main waterbird nesting colony on the island (adjacent to the sandy shore).  No chicks seen.",
"2012","05/28/12 00:00:00","Drum Bay Island","SLF",,"N","GREG",,"N","Most nests are within the main waterbird nesting colony.  Many hatched out chicks are visible.",
"2012","05/28/12 00:00:00","Drum Bay Island","SLF",,"N",,,"N","In order to expedite dotting effort, Areas 17-55 do not have a complete dotting effort.  Only ""sites"" were dotted.  No roosting birds or chicks were dotted.",
"2012","06/19/12 00:00:00","Drum Bay Island","SLF",,"N","BRPE",,"N","BRPE coverage for June 2012 was examined and compared to May photos.  Coverage is the same.  No chicks were seen and birds are still in incubating position.",
"2012","06/19/12 00:00:00","Drum Bay Island","SLF",,"N","ROYT",,"N","Nearly all ROYT nests from May appear to have hatched and most birds are now on the margins of the island with small chicks.  No new nesting effort is evident from May.  ",
"2012","06/19/12 00:00:00","Drum Bay Island","SLF",,"N","SATE",,"N","Nearly all SATE nests from May appear to have hatched and most birds are now on the margins of the island with small chicks.  No new nesting effort is evident from May.  ",
"2018","05/21/18 00:00:00","Houma Navigation Canal Island","JRM","Beach, Grassy, Marsh, Shrubs","N","ROSP",,"N","ROSP on sites in incubation posture.  Fledged ROSP with adults near inlets in June.",
"2012","06/19/12 00:00:00","Drum Bay Island","SLF",,"N","LAGU",,"N","LAGU coverage is the same as in May, but most birds are now with young downy chicks.",
"2012","06/19/12 00:00:00","Drum Bay Island","SLF",,"N","ROSP",,"N","ROSP coverage for June 2012 was examined and compared to May photos.  Coverage is the same.  Chicks are visible.",
"2012","06/19/12 00:00:00","Drum Bay Island","SLF",,"N","TRHE",,"N","No birds seen.  ",
"2012","06/19/12 00:00:00","Drum Bay Island","SLF",,"N","SNEG",,"N","SNEG coverage for June 2012 was examined and compared to May photos.  Coverage is the same.  Chicks are visible.",
"2012","06/19/12 00:00:00","Drum Bay Island","SLF",,"N","WHIB",,"N","WHIB coverage for June 2012 was examined and compared to May photos.  Coverage is the same.  Chicks are visible.",
"2012","06/19/12 00:00:00","Drum Bay Island","SLF",,"N","GREG",,"N","GREG coverage for June 2012 was examined and compared to May photos.  Coverage is the same.  Many chicks are visible.",
"2012","06/19/12 00:00:00","Drum Bay Island","SLF",,"N",,,"N","Water levels during this survey are very high all over the island.  It appears that most nests are dry, however.  ","The complete absence of TRHE is notable.  Whether or not chicks fledged from the island is unknown.  No chicks were seen during the May survey, three weeks earlier."
"2011","05/19/11 00:00:00","Dry Bread Island","SLF",,"Y","TRHE",,"N","TRHE nests were scattered around the island.  No chicks were seen.",
"2011","05/19/11 00:00:00","Dry Bread Island","SLF",,"Y","BCNH",,"N","BCNH nested in a single rookery, with other wader species.  No chicks were seen",
"2011","05/19/11 00:00:00","Dry Bread Island","SLF",,"Y","GREG",,"N","GREG nested in a few small colonies.  No chicks seen.",
"2011","05/19/11 00:00:00","Dry Bread Island","SLF",,"Y","SNEG",,"N","SNEG mostly nested together,  in the major waterbird nesting rookery on the island. No chicks seen.",
"2011","05/19/11 00:00:00","Dry Bread Island","SLF",,"Y","FOTE",,"N","One small colony was dotted, on some wrack at the point of a small peninsula. No chicks seen.",
"2011","05/19/11 00:00:00","Dry Bread Island","SLF",,"Y","AMOY",,"N","One nesting pair and couple birds were dotted. No chicks seen.",
"2011","06/14/11 00:00:00","Dry Bread Island","SLF",,"Y","LAGU",,"N","LAGU appear to have the same coverage and numbers as in May.  No chicks were seen and birds were still in incubating posture.",
"2011","06/14/11 00:00:00","Dry Bread Island","SLF",,"Y","TRHE",,"N","TRHE appear to have the same coverage and numbers as in May.  No chicks were seen and birds were still in incubating posture.",
"2011","06/14/11 00:00:00","Dry Bread Island","SLF",,"Y","BCNH",,"N","BCNH appear to have the same coverage and numbers as in May.  Because of poor photo quality for the areas where this species nested, I am unable to determine if chicks are present.",
"2011","06/14/11 00:00:00","Dry Bread Island","SLF",,"Y","GREG",,"N","GREG appear to have the same coverage and numbers as in May.  No chicks were seen and birds were still in incubating posture.",
"2011","06/14/11 00:00:00","Dry Bread Island","SLF",,"Y","SNEG",,"N","SNEG appear to have the same coverage and numbers as in May.  No chicks were seen and birds were still in incubating posture.",
"2011","06/14/11 00:00:00","Dry Bread Island","SLF",,"Y","FOTE",,"N","The FOTE colony is significantly smaller than in May.  No chicks are visible.  The few birds remaining appear to be incubating.",
"2011","06/14/11 00:00:00","Dry Bread Island","SLF",,"Y","AMOY",,"N","No birds seen.",
"2018","05/21/18 00:00:00","Houma Navigation Canal Island","JRM","Beach, Grassy, Marsh, Shrubs","N","LAGU",,"N","LAGU on sites in incubation posture.  Fledged LAGU with adults around perimiter of island in June, as well as LAGU sites in incubation phase.",
"2012","05/28/12 00:00:00","Dry Bread Island","SLF",,"Y","TRHE",,"N","TRHE nests are scattered around the perimeter and a few interior pockets of the island. No chicks seen.",
"2012","05/28/12 00:00:00","Dry Bread Island","SLF",,"Y","BCNH",,"N","No nesting. 1 bird seen.",
"2012","05/28/12 00:00:00","Dry Bread Island","SLF",,"Y","GREG",,"N","One nest site.  No chicks seen.",
"2012","05/28/12 00:00:00","Dry Bread Island","SLF",,"Y","SNEG",,"N","A few small colonies were detected.  No chicks seen.",
"2012","05/28/12 00:00:00","Dry Bread Island","SLF",,"Y","FOTE",,"N","Nesting FOTE were dotted in two distinct colonies.  No chicks seen.",
"2012","05/28/12 00:00:00","Dry Bread Island","SLF",,"Y","AMOY",,"N","2 nest sites.  No chicks seen.",
"2012","06/19/12 00:00:00","Dry Bread Island","SLF",,"Y","TRHE",,"N","TRHE appear to have the same coverage and numbers as in May, despite the obvious flooding that occurred on the island.  Some chicks are visible.",
"2012","06/19/12 00:00:00","Dry Bread Island","SLF",,"Y","BCNH",,"N","It is difficult to tell whether or not BCNH numbers are the same as in May due to poor photo quality and their dark coloration.  Based on the images I have, they did not expand into new areas.",
"2012","06/19/12 00:00:00","Dry Bread Island","SLF",,"Y","GREG",,"N","No birds seen.",
"2012","06/19/12 00:00:00","Dry Bread Island","SLF",,"Y","SNEG",,"N","SNEG appear to have the same coverage and numbers as in May, despite the obvious flooding that occurred on the island.  Some chicks are visible.",
"2012","06/19/12 00:00:00","Dry Bread Island","SLF",,"Y","FOTE",,"N","FOTE nesting appears to have been disrupted by the flooding.   FOTE coverage and numbers declined by at least 75%.  No chicks seen.",
"2012","06/19/12 00:00:00","Dry Bread Island","SLF",,"Y","AMOY",,"N","One nesting pair remains.  No chicks seen.",
"2011","05/19/11 00:00:00","Dry Bread Island","SLF",,"Y","LAGU",,"N","LAGU nested all along the perimeter of the island- on wrackline, and other debris.  There area also a few ""islands"" of wrack on more interior areas which hosted small nesting colonies.  No chicks seen.",
"2012","05/28/12 00:00:00","Dry Bread Island","SLF",,"Y","LAGU",,"N","LAGU nests are scattered around on the wrackline.  No chicks seen.",
"2012","06/19/12 00:00:00","Dry Bread Island","SLF",,"Y","LAGU",,"N","LAGU appear to have the same coverage and numbers as in May, despite the obvious flooding that occurred on the island.  Many downy chicks are visible.",
"2012","06/20/12 00:00:00","Cat Bay Island","MWP",,"N",,,"N","photos analyzed; no new nesting efforts since May; low-lying areas completely under water; BRPE and GREG still present in shrubs",
"2012","06/20/12 00:00:00","Cat Bay North Island","MWP",,"N",,,"N","low-lying areas flooded, likely impacting LAGU and BRPE; fewer birds present overall, compared to May; no new nesting efforts",
"2012","06/20/12 00:00:00","Felicity Island","MWP",,"N",,,"N","photos analyzed; no new nesting effort; CATE all gone, no productivity; flooding affected CATE, and other spp. including ROYT/SATE to lesser degrees; ROYT/SATE w. chicks along shoreline, and some still in nesting area w. chicks",
"2011","06/17/11 00:00:00","Cat Bay South Island","MWP",,"N",,,"N","BRPE also much increased since May and counted by MWP - BRPE were incubating, with no chicks yet",
"2011","05/19/11 00:00:00","Drum Bay Island","SLF",,"N","BRPE",,"N","A few small groups of BRPE are nesting near the sandy beach.  No chicks visible.  ",
"2018","05/21/18 00:00:00","Houma Navigation Canal Island","JRM","Beach, Grassy, Marsh, Shrubs","N","GREG",,"N","GREG on sites in incubation posture with a few sites with very small chicks.  Large chicks on sites and fledged chicks away from nests in June.",
"2011","05/19/11 00:00:00","Drum Bay Island","SLF",,"N","ROYT",,"N","ROYT are in the beginning stages of colony formation on the beach.  A few have started nesting, and others are scraping/loafing on the beach.  ",
"2011","05/19/11 00:00:00","Drum Bay Island","SLF",,"N","LAGU",,"N","Nesting is widespread across the island, with most birds in incubating posture.  I estimate that ~90% of all nesting LAGU were dotted.  No chicks seen. ",
"2011","05/19/11 00:00:00","Drum Bay Island","SLF",,"N","ROSP",,"N","All nests located within the main waterbird nesting colony on the island (adjacent to the sandy shore).  No chicks seen.",
"2011","05/19/11 00:00:00","Drum Bay Island","SLF",,"N","TRHE",,"N","Nesting is widespread across the grassy habitat on the island.  Like the gulls, I probably captured 90% of nesting TRHE in this dotting effort.  In some areas, chicks were seen.",
"2011","05/19/11 00:00:00","Drum Bay Island","SLF",,"N","SNEG",,"N","Most nests are located within the main waterbird nesting colony on the island (adjacent to the sandy shore).  Chicks may be hatched out, but are difficult to distinguish from small GREG chicks.  For this reason, SNEG numbers may be underestimated.",
"2011","05/19/11 00:00:00","Drum Bay Island","SLF",,"N","WHIB",,"N","Many subcolonies are found across the island.  WHIB subcolonies are in different stages of breeding depending on the subcolony: courtship, laying, incubating, brooding, and tending to chicks.",
"2011","05/19/11 00:00:00","Drum Bay Island","SLF",,"N","GREG",,"N","All nests are within the main waterbird nesting colony.  Many hatched out chicks are visible.",
"2011","05/19/11 00:00:00","Drum Bay Island","SLF",,"N","REEG",,"N","REEG nests are found mixed in amongst other wading bird colonies.  Birds are incubating and with chicks.",
"2011","05/19/11 00:00:00","Drum Bay Island","SLF",,"N","AMOY",,"N","Only one nest found.  Bird is in incubating posture.",
"2011","05/19/11 00:00:00","Drum Bay Island","SLF",,"N",,,"N","In order to expedite dotting effort, Areas 13-60 do not have a complete dotting effort.  Only ""sites"" were dotted.  No roosting birds or chicks were dotted.",
"2011","06/14/11 00:00:00","Drum Bay Island","SLF",,"N","BRPE",,"N","BRPE coverage for June 2011 was examined and compared to May photos.  Coverage is the same.  No chicks were seen and birds are still in incubating position.",
"2011","06/14/11 00:00:00","Drum Bay Island","SLF",,"N","ROYT",,"N","ROYT have formed a small colony.  Birds are in incubating posture.  No chicks seen",
"2011","06/14/11 00:00:00","Drum Bay Island","SLF",,"N","LAGU",,"N","LAGU coverage is the same as in May. Some birds are now with young downy chicks.",
"2011","06/14/11 00:00:00","Drum Bay Island","SLF",,"N","ROSP",,"N","ROSP coverage for June 2011 was examined and compared to May photos.  Coverage is the same.  Chicks are visible.",
"2011","06/14/11 00:00:00","Drum Bay Island","SLF",,"N","TRHE",,"N","Coverage looks similar to the May 2011 photos.  Chicks are visible, but most birds are still standing over their nests.",
"2011","06/14/11 00:00:00","Drum Bay Island","SLF",,"N","SNEG",,"N","SNEG coverage for June 2011 was examined and compared to May photos.  Coverage is the same.  Chicks are visible.",
"2011","06/14/11 00:00:00","Drum Bay Island","SLF",,"N","WHIB",,"N","WHIB coverage for June 2011 looks similar to May photos.  Most birds still in the colony are with chicks, and in some areas, larger juveniles are gathered at the shoreline. visible.",
"2018","05/21/18 00:00:00","Houma Navigation Canal Island","JRM","Beach, Grassy, Marsh, Shrubs","N","CATE",,"N","CATE colony on sites in incubation posture. Fledged chicks along shoreline wth adults in June.",
"2011","06/14/11 00:00:00","Drum Bay Island","SLF",,"N","GREG",,"N","GREG coverage for June 2011 was examined and compared to May photos.  Coverage is the same.  Many chicks are visible.",
"2011","06/14/11 00:00:00","Drum Bay Island","SLF",,"N","REEG",,"N","No birds seen.  ",
"2011","06/14/11 00:00:00","Drum Bay Island","SLF",,"N","AMOY",,"N","No birds seen.  ",
"2012","05/27/12 00:00:00","Raccoon Island","SLF",,"N","BRPE",,"N","Brown Pelicans nested all across the island, and were observed in every stage of breeding.  ",
"2012","05/27/12 00:00:00","Raccoon Island","SLF",,"N","LAGU",,"N","LAGU widespread across the entire island, occupying nearly every habitat.  Nests were mostly found in areas with grassy or low vegetation.  No chicks were observed.",
"2012","05/27/12 00:00:00","Raccoon Island","SLF",,"N","ROYT",,"N","Royal Terns and Sandwich Terns nested together in sandy open habitat in many subcolonies on the island. Most birds were in incubating posture, and 28 chicks were spotted, being brooded by adults, or being fed on the shoreline.",
"2012","05/27/12 00:00:00","Raccoon Island","SLF",,"N","SATE",,"N","Over 9,800 Sandwich Tern nests were dotted for this survey, with 9,085 as birds in incubating posture.  No chicks were seen.",
"2012","05/27/12 00:00:00","Raccoon Island","SLF",,"N","GBTE",,"N","Gull-billed terns nested exclusively within the Black Skimmer colony on the eastern point of the island.  Six nesting GBTE and 12 birds were dotted.  No chicks were seen.",
"2012","05/27/12 00:00:00","Raccoon Island","SLF",,"N","BLSK",,"N","Black Skimmer activity on the island was concentrated on the far eastern point, on a broad swath of low-lying sand.  701 sites and 698 birds were dotted.  No chicks were seen.  Birds appeared to be in the early stages of scraping and nesting.",
"2012","05/27/12 00:00:00","Raccoon Island","SLF",,"N","GREG",,"N","GREG nested in several small colonies, and in one giant colony (~200prs).  The preferred habitat was tallish scrubby vegetation on the edge of water and inlets.  The largest colony was on the east end of the island, surrounding a large lagoon. ","Hundreds of chicks were seen attended and unattended in nest cups, and in some places wandering around near the nesting area."
"2012","05/27/12 00:00:00","Raccoon Island","SLF",,"N","TRHE",,"N","Only one TRHE nest was located on the island, in a marshy habitat near the GREG colony on the eastern end of the island.",
"2012","05/27/12 00:00:00","Raccoon Island","SLF",,"N","SNEG",,"N","13 nesting SNEG were found amongst pelican and GREG nesting colonies.  The nests were all found on the north side of the island, in scrubby vegetation on the water's edge.  No chicks found.",
"2012","05/27/12 00:00:00","Raccoon Island","SLF",,"N","REEG",,"N","Three REEG nests were found on the island.  They were not in one colony, but in separate locations.",
"2012","05/27/12 00:00:00","Raccoon Island","SLF",,"N","ROSP",,"N","2 nests were identified within a large Great Egret colony.  No chicks seen.",
"2012","05/27/12 00:00:00","Raccoon Island","SLF",,"N","BCNH",,"N","No nests found.  One bird observed.",
"2012","05/27/12 00:00:00","Raccoon Island West","SLF",,"N","BLSK",,"N","Black Skimmers were observed nesting on the bare sand along the crest of this sandy island.  218 nests and 1669 birds were dotted.  Most birds were standing on the shoreline. No chicks were seen.",
"2012","05/27/12 00:00:00","Raccoon Island West","SLF",,"N","GBTE",,"N","Only one Gull-billed tern was spotted on the island, and no nesting activity was observed.",
"2018","05/21/18 00:00:00","Houma Navigation Canal Island","JRM","Beach, Grassy, Marsh, Shrubs","N","ROYT",,"N","ROYT colonies on sites in incubation posture.  Fledged chicks along shoreline with adults in June.",
"2012","06/20/12 00:00:00","Raccoon Island","SLF",,"N","BRPE",,"N","The perimeter is sprinkled w. loafing juveniles & adults. On the east side, an area of abandoned nests was identified/dotted. Only nests w. multiple eggs were identified as abandoned. Often, 1 egg in a clutch won't hatch."," Did not want to mistakenly batch these nests in w. those I was calling ""abandoned"". In most cases, the abandoned nests had 2-4 eggst. There were no new nesting areas identified, so no new nests were dotted"
"2012","06/20/12 00:00:00","Raccoon Island","SLF",,"N","LAGU",,"N","Laughing Gull nests are widespread across the island, mainly in grassy habitat.  In many areas, small chicks can be seen near the nests.  No new nests were dotted for this survey to avoid duplication. ",
"2012","06/20/12 00:00:00","Raccoon Island","SLF",,"N","ROYT",,"N","Many chicks have hatched since the May survey.  The largest colony on the eastern end of the island is still mostly intact, with most birds there brooding small chicks.  ","The shorelines are dotted with adults and larger chicks.  No new nesting areas were identified, so no dotting was done for these photos."
"2012","06/20/12 00:00:00","Raccoon Island","SLF",,"N","SATE",,"N","Many chicks have hatched since the May survey.  The largest colony on the eastern end of the island is still mostly intact, with most birds there brooding small chicks.  ","The shorelines are dotted with adults and larger chicks.  No new nesting areas were identified, so no dotting was done for these photos."
"2012","06/20/12 00:00:00","Raccoon Island","SLF",,"N","GBTE",,"N","Only one active nest identified and dotted, near the active BLSK nest.  No chicks seen.  The area where GBTE were observed nesting in May was overwashed and no nesting birds remain.",
"2012","06/20/12 00:00:00","Raccoon Island","SLF",,"N","BLSK",,"N","Only one active nest identified and dotted.  Most BLSK are loafing on the island.  No chicks seen.  The area where BLSK were observed nesting in May was overwashed and no nesting birds remain.",
"2012","06/20/12 00:00:00","Raccoon Island","SLF",,"N","GREG",,"N","The major colonies of Great Egrets are in the same locations as in May.  There are still many chicks in nestcups, and larger juveniles in the colonies.  Peak of nesting appears to have been in May, and so no dotting was done to avoid duplication.",
"2012","06/20/12 00:00:00","Raccoon Island","SLF",,"N","TRHE",,"N","No birds observed.",
"2012","06/20/12 00:00:00","Raccoon Island","SLF",,"N","SNEG",,"N","No new nesting areas observed.  ",
"2012","06/20/12 00:00:00","Raccoon Island","SLF",,"N","REEG",,"N","No birds observed.",
"2012","06/20/12 00:00:00","Raccoon Island","SLF",,"N","ROSP",,"N","No nesting activity observed.  Two ROSP were located in a GREG colony, but not clearly nesting.  ",
"2012","06/20/12 00:00:00","Raccoon Island","SLF",,"N","BCNH",,"N","No birds observed.",
"2012","06/20/12 00:00:00","Raccoon Island West","SLF",,"N","BLSK",,"N","No nesting activity observed.  It appears that the island was overwashed by high tide/storm.  Many Skimmers can be observed loafing on the island (with terns and pelicans and gulls) .  ","A screen capture was taken to provide a visual example of the condition of the island (20Jun12WestRaccoonArea1)"
"2012","06/20/12 00:00:00","Raccoon Island West","SLF",,"N","GBTE",,"N","No GBTE seen on the island.  It appears that the island was overwashed by high tide/storm.  ",
"2011","05/17/11 00:00:00","Raccoon Island","SLF",,"N","BLSK",,"N","573 nests were found on the sandy flats of the east side of Raccoon.  Birds appeared to be loafing, and in the early stages of nesting.",
"2018","05/21/18 00:00:00","Houma Navigation Canal Island","JRM","Beach, Grassy, Marsh, Shrubs","N","WHIB",,"Y","Few WHIB sites in May.  Larger WHIB colony on sites in incubation posture in June, with few fledged WHIBs nearby.  May and June dotted for this species.",
"2011","05/17/11 00:00:00","Raccoon Island","SLF",,"N","GREG",,"N","GREG nested in several small colonies, and in one giant colony (~140prs).  The preferred habitat was tallish scrubby vegetation on the edge of water and inlets.  The largest colony was on the east end of the island, surrounding a large lagoon. ","Many chicks were seen attended and unattended in nest cups, and in some places wandering around near the nesting area."
"2011","05/17/11 00:00:00","Raccoon Island","SLF",,"N","TRHE",,"Y","There were 3 major colonies. One on the westernmost point, where nests ringed a marshy network of inlets, was farthest along phenologically; many nests had brown fluffy chicks (see Areas 8-11; 15-16). The other two major colonies were in similar ","habitat, on the E side, surrounding more inlets and a larger lagoon. Chicks were not seen in these areas; birds were in incubation posture. A colony of about 10 prs was in brushy habitat on the NW edge, and single nests were dotted here and there"
"2011","05/17/11 00:00:00","Raccoon Island","SLF",,"N","SNEG",,"N","Snowy egret nests were found in small numbers mixed in with Great Egret nests.  These were much harder to detect, especially with so many Great Egret chicks hatched out.  ",
"2011","05/17/11 00:00:00","Raccoon Island","SLF",,"N","ROSP",,"Y","The largest colony is in a mixed colony with GBHE and BRPE, and many birds are milling around in the area on the ground.",
"2011","05/17/11 00:00:00","Raccoon Island","SLF",,"N","BCNH",,"Y","Nine nests were identified on island, not in one large colony, but scattered here and there.",
"2011","05/17/11 00:00:00","Raccoon Island West","SLF",,"N","BLSK",,"N","Over 1400 nests were identified on this long sandy sandbar of an island.",
"2011","05/17/11 00:00:00","Raccoon Island","SLF",,"N","BRPE",,"Y","Brown Pelicans nested all across the island, and were observed in every stage of breeding.",
"2011","05/17/11 00:00:00","Raccoon Island","SLF",,"N","LAGU",,"N","LAGU were widespread across the entire island, occupying nearly every habitat.  Nests were mostly found in areas with grassy or low vegetation.  A total of 27,198 LAGU were dotted in this survey, with 15,430 of those as an adult on a nest",
"2011","05/17/11 00:00:00","Raccoon Island","SLF",,"N","ROYT",,"Y","Royal Terns and Sandwich Terns nested together in sandy open habitat in about 16 separate subcolonies on the island.  No chicks were seen at this time, but birds were in incubating posture",
"2011","05/17/11 00:00:00","Raccoon Island","SLF",,"N","SATE",,"Y","No chicks were seen; birds were in incubating posture.",
"2011","05/17/11 00:00:00","Raccoon Island","SLF",,"N","GBTE",,"N","Five nests were found with the Skimmers on the bare sand of the east point of the island.",
"2011","06/18/11 00:00:00","Felicity Island","MWP",,"N",,,"N","BRPE possibly failed; areas active in May don't have birds on nests, and no chicks can be seen anywhere on island; a small new nesting group (~100 nests) seems to have set up for BRPE, but no new nesting efforts detected for other spp.",
"2012","06/20/12 00:00:00","Cat Bay South Island","PJC",,"N",,,"N","much flooding to colony; ROYT/SATE seemd to hatch before flooding, as a remaining narrow beach is full of adult/chick groups; some active BRPE nests with chicks remain, but BRPE colony likely greatly impacted by flooding",
"2012","06/20/12 00:00:00","Manilla Island","PJC",,"N","FOTE",,"N","much flooding; ~ 200+ sites remain, with some chicks evident",
"2012","06/20/12 00:00:00","Bay Ronquille Northwest Island","PJC",,"N",,,"N","all breeding spp. still active, but much flooding likely impacted all spp.",
"2018","05/21/18 00:00:00","Houma Navigation Canal Island","JRM","Beach, Grassy, Marsh, Shrubs","N","BRPE",,"N","BRPE on WBN, and PBN, with a majority of sites with 2-3, 10-11 week-old, large, gray and white chicks.  Many sites on southern end of island in incubation stage.  BRPE in June chaotic with fledged chicks throughout.",
"2012","06/20/12 00:00:00","Biloxi South 3","PJC",,"N",,,"N","photos inspected; numbers overall lower comapred to May, but WHIB, SNEG, LAGU, and TRHE still active; flooding minimal; May was definitely best to count for breeding pop. estimates",
"2011","05/17/11 00:00:00","Skimmer Island","PAG",,"N",,,"N","Primarily a WHIB colony. No  chicks noted, but two eggs seen in one WHIB nest in photo 123. Most ROSP/TRHE in incubating posture. BLSK group paired up",
"2011","05/17/11 00:00:00","Skimmer Island","PAG",,"N",,,"N","and several sitting but no obvious nests seen (sites dotting for paired and/or sitting birds). There appears to be fewer WHIB/TRHE sites and birds in 2011",
"2011","05/17/11 00:00:00","Skimmer Island","PAG",,"N",,,"N","compared to 2010. Coverage of colony in 2011 good; drop in numbers unclear.",
"2011","05/17/11 00:00:00","Belle Pass East","PAG",,"N",,,"N","Primarily GREG and SNEG nesting in trees along shoreline of shipping channel east of Timbalier Bay. Many GREG nests with eggs and chicks at various stages.",
"2011","05/17/11 00:00:00","Belle Pass East","PAG",,"N",,,"N","Colony is southeast of Houma, LA between Timbalier Bay and Grand Isle. 



Small loose colony of LIBH",
"2012","05/27/12 00:00:00","Skimmer Island","PAG",,"N",,,"N","WHIB colony expansive, and an exponential increase in nesting birds noted compared to 2011. Available preferred nesting habitat appears to have increased",
"2012","05/27/12 00:00:00","Skimmer Island","PAG",,"N",,,"N","as well. All areas dotted were from Camera 2; photo quality very good. A photo composite was made and there are some areas in colony with no photos. I am",
"2012","05/27/12 00:00:00","Skimmer Island","PAG",,"N",,,"N","estimating an additional 5-8% for WHIB/TRHE/ROSP, and at least another 50% for LAGU. Fewer TRHE nests in 2012 compared to 2010 and 2011, probably partly a",
"2012","05/27/12 00:00:00","Skimmer Island","PAG",,"N",,,"N","result of dotting from Camera 2, but fewer were also noted on 2012 Camera 1 photos (?). Approximately 35 WHIB immatures noted near nests in colony from",
"2012","05/27/12 00:00:00","Skimmer Island","PAG",,"N",,,"N","Camera 1 photos.",
"2012","06/19/12 00:00:00","Birdsfoot East 3","PAG",,"N",,,"N","BLSK colony with GBTE's. Other terns present of various species. Group of CATEs away from coast appear to be paired up and have been labeled as sites. Many",
"2012","06/19/12 00:00:00","Birdsfoot East 3","PAG",,"N",,,"N"," of the loafing terns on coastline are ROYT with others mixed in (Camera 2 dotted but Camera 1 inspected for species composition). A loose flock of loafing LETE",
"2012","06/19/12 00:00:00","Birdsfoot East 3","PAG",,"N",,,"N","found along coastline.",
"2011","05/18/11 00:00:00","Birdsfoot West 3","PAG",,"N",,,"N","WHIB along immediate coastline in vegetation. Vegetation (tall) to water, no shoreline. SNEG, LIBH, etc found with scattered WHIB just to the interior nearby",
"2018","05/21/18 00:00:00","Houma Navigation Canal Island","JRM","Beach, Grassy, Marsh, Shrubs","N","BCNH",,"N","Few BCNH on sites in incubation posture.",
"2011","05/18/11 00:00:00","Birdsfoot West 3","PAG",,"N",,,"N","All WHIB incubating, no juvs observed in 5/18/2011 photos. An inspection of 6/17/2011 photos shows the colony in excellent shape, with taller",
"2011","05/18/11 00:00:00","Birdsfoot West 3","PAG",,"N",,,"N","vegetation on the island. WHIB still on nests with no juvs seen. SNEG are more abundant and off nests, which probably represents juvs and/or broods on the",
"2011","05/18/11 00:00:00","Birdsfoot West 3","PAG",,"N",,,"N","move around nesting area, mostly visible towards the center of the island (where nests for this species were dotted in May).  A few GREGs sites were dotted",
"2011","05/18/11 00:00:00","Birdsfoot West 3","PAG",,"N",,,"N","in isolated trees over water.",
"2012","05/27/12 00:00:00","Belle Pass East","PAG",,"N",,,"N","GREG colony. Birds at various stages of nesting from incubation to older juvs. Several nests in Area 1 with 2-3 white eggs visible in nests, adults nearby. Other",
"2012","05/27/12 00:00:00","Belle Pass East","PAG",,"N",,,"N","nests with 2-3 very young to older nestlings.",
"2011","06/18/11 00:00:00","Skimmer Island","PAG",,"N",,,"N","WHIB with more juvs, colony stable. Many LAGU still in incubating posture, possibly with and increase in this species. GBTE's present  with BLSK in center of",
"2011","06/18/11 00:00:00","Skimmer Island","PAG",,"N",,,"N","colony in open area, on nests.",
"2011","05/20/11 00:00:00","Terrapin Island","PAG",,"N",,,"N","Mostly a nesting CAEG colony, with some WHIB, etc.",
"2012","05/29/12 00:00:00","Terrapin Island","PAG",,"N",,,"N","Area with nesting CAEGs. More CAEGs this year compared to 2011. It is possible that a small % of SNEGs were overlooked and possibly dotted as CAEGs mostly",
"2012","05/29/12 00:00:00","Terrapin Island","PAG",,"N",,,"N","due to photo quality. CAEG colony was dotted from 29 May 2012 photos. Some CAEGs with chicks, one GREG attending eggs and another with sm. Nestlings",
"2012","06/18/12 00:00:00","Terrapin Island","PAG",,"N",,,"N","Photos dotted 18 June 2012 captured nesting BLSKs and some GBTEs.",
"2011","06/14/11 00:00:00","Biloxi North 27","PAG",,"N","BLSK",,"N","Mostly this species nesting, approx. 250 sites and 70 birds.",
"2012","05/28/12 00:00:00","Biloxi North 27","PAG",,"N","BLSK",,"N","Mostly this species nesting, approx. 175 sites in exposed sandy areas, similar to last year. Much higher number of loafing birds on the beach compared to 2011,",
"2012","05/28/12 00:00:00","Biloxi North 27","PAG",,"N","BLSK",,"N","with approx. 725 total.",
"2011","06/14/11 00:00:00","Biloxi North 30 B","PAG",,"N","FOTE",,"N","Well over 100 sites dotted for this colony. They appeared to prefer narrow strips of exposed soil surrounded by vegetation. Identified by small size, slender build,",
"2011","06/14/11 00:00:00","Biloxi North 30 B","PAG",,"N","FOTE",,"N","and orange coloration to soft parts--bill and legs. Slightly darker mantled than GBTE. A large group of loafing birds on the shore dotted as UNTE prob this species.",
"2011","06/14/11 00:00:00","Biloxi North 30 A","PAG",,"N",,,"N","Small island, mostly GBTE sites.",
"2011","06/14/11 00:00:00","Biloxi North 31","PAG",,"N","LAGU",,"N","Small island, mostly sites of this species.",
"2011","06/14/11 00:00:00","Turtle Pen Isle","PAG",,"N",,,"N","aka Turtle Pen Isle.",
"2011","06/14/11 00:00:00","Biloxi North 13","PAG",,"N","LAGU",,"N","Exclusively this species; many sites/birds.",
"2011","06/14/11 00:00:00","Biloxi North 14","PAG",,"N",,,"N","18 Screen caps, some areas of exposed upper beach spread out over a significant distance on the island = many BLSK sites.",
"2018","05/21/18 00:00:00","Houma Navigation Canal Island","JRM","Beach, Grassy, Marsh, Shrubs","N","SATE",,"N","SATE colonies on sites in incubation posture. Fledged chicks along shoreline with adults in June.",
"2012","06/19/12 00:00:00","Biloxi North 13","PAG",,"N","LAGU",,"N","Exclusively this species, as in 2011. Many chicks seen in photos and dotted at sites. A quick look at May 2012 looks similar to June photos but no chicks.",
"2012","05/28/12 00:00:00","Belle Isle","KMR","Grasses, isolated shrubs, bare ground, beach.","N",,,"N","Roughly 80% of island photographed, analyzed, and counted, based on Google Earth image. An irridescent sheen observed on a patch of open water within island, see Area 14, Img 204, camera 2 card 1.",
"2012","05/28/12 00:00:00","Belle Isle","KMR","Grasses, isolated shrubs, bare ground, beach.","N","LAGU",,"no","LAGU observed sitting low on sites; no chicks observed.",
"2012","05/28/12 00:00:00","Belle Isle","KMR","Grasses, isolated shrubs, bare ground, beach.","N","TRHE",,"no","TRHE observed sitting low on sites; no chicks observed.",
"2012","05/28/12 00:00:00","Belle Isle","KMR","Grasses, isolated shrubs, bare ground, beach.","N","SNEG",,"no","SNEG observed sitting low on sites; no chicks observed.",
"2012","05/28/12 00:00:00","Belle Isle","KMR","Grasses, isolated shrubs, bare ground, beach.","N","WHIB",,"no","WHIB observed sitting low on sites, or building nests; no chicks observed.",
"2012","05/28/12 00:00:00","Belle Isle","KMR","Grasses, isolated shrubs, bare ground, beach.","N","FOTE",,"no","FOTE observed sitting low on sites; no chicks observed.",
"2012","05/28/12 00:00:00","Belle Isle","KMR","Grasses, isolated shrubs, bare ground, beach.","N","BCNH",,"no","BCNH observed sitting low on sites; no chicks observed.",
"2012","06/19/12 00:00:00","Belle Isle","KMR","Flooded grasses, isolated shrubs, open water.","N",,,"N","Colony photos visually assessed; Majority of island was observed to be inundated with water, including previously active nesting areas; roughly half of LAGU sites abandoned, although those remaining had 1/3-1/2 grown chicks; TRHE with 1/3-1/2 grown chicks","No abandonment observed for TRHE, SNEG, WHIB, and BCNH."
"2011","06/17/11 00:00:00","Biloxi South 4 A","KMR","Live and dead grasses, beach and sand spit.","N",,,"N","100% of colony analyzed and counted.",
"2012","06/19/12 00:00:00","Biloxi North 31","PJC",,"N",,,"N","Much flooding, but maybe LAGU remain",
"2011","06/13/11 00:00:00","Flag Island South","PJC",,"N","ROSA",,"N","only ROSA counted to capture nesting effort; all other spp. from May (inluding LETE) still present on sites; BLSK and GBTE possibly in higher #s compared to May",
"2013","06/17/13 00:00:00","Audubon Island","PJC",,"N","BRPE",,"N","Distribution similar to May; more chicks compared to May; no new nesting groups",
"2013","06/17/13 00:00:00","Audubon Island","PJC",,"N","LAGU",,"N","Distribution similar to May; many nests w. about 1/3 grown chicks; no new nesting groups",
"2013","06/17/13 00:00:00","Audubon Island","PJC",,"N",,,"N","2 pairs of biologsts on opposite sides of the island; inflatable boat on-island; motor boat anchored offshore; many Rock Pigeons in both May and June",
"2013","05/25/13 00:00:00","Audubon Island","PJC",,"N","LAGU",,"N","Coverage ~ 100%",
"2013","05/25/13 00:00:00","Audubon Island","PJC",,"N","BRPE",,"N","Coverage ~ 100%",
"2013","06/19/13 00:00:00","Cat Bay North Island","PJC",,"N",,,"N","GREG and BRPE still present, chicks larger; possibly a few new BRPE nests; LAGU seem reduced compared to May, w. no chicks evident",
"2013","06/19/13 00:00:00","Cat Bay North Island","PJC",,"N","ROYT",,"N","smaller #s incubating compared to May; no chicks evident anywhere; May group failed? and a new nesting group in June?",
"2011","05/19/11 00:00:00","Chandeleur North H","MWP","barrier island","N","BLSK",,"N","small colony that still may be setting up nesting sites",
"2011","05/19/11 00:00:00","Chandeleur North H","MWP","barrier island","N","GBTE",,"N","just a couple sites",
"2018","06/24/18 00:00:00","New Harbor Island 2","RRR","Beach, marsh, grasses, shrubs.","N","LAGU",,"N","LAGU observed nesting along wrack lines and interior on edge of marsh; no chicks observed",
"2013","05/23/13 00:00:00","Cat Bay North Island","PJC",,"N",,,"N","Coverage of all spp. excellent; shrub vegetation available for BRPE/GREG nesting likely much reduced compared to past years",
"2013","05/23/13 00:00:00","Cat Bay North Island","PJC",,"N","ROYT",,"N","Large nesting group likely in early incubation; just small #s of SATE",
"2013","05/23/13 00:00:00","Cat Bay North Island","PJC",,"N","BRPE",,"N","many nests with chicks, many in incubation; a few pairing up",
"2013","05/23/13 00:00:00","Cat Bay North Island","PJC",,"N","GREG",,"N","many nests with small to medium chicks",
"2013","05/23/13 00:00:00","Cat Bay South Island","PJC",,"N",,,"N","land and vegetation likely reduced compared to prior years (related to Hurricane Isaac?); nesting #s for most spp. much lower in 2013; coverage of nesting areas excellent, but not all roosting birds counted",
"2013","06/19/13 00:00:00","Cat Bay South Island","PJC",,"N","BRPE",,"N","still just ~ 15 nests, in incubation stage; no change compared to May",
"2013","06/19/13 00:00:00","Cat Bay South Island","PJC",,"N","ROSA",,"N","a few hundred parent-chick pairs at edge of vegetation and along shoreline; 2/3 ROYT; not great productivity, considering 1700 combined sites were counted in May",
"2013","06/19/13 00:00:00","Cat Bay South Island","PJC",,"N","TRHE",,"N","similar #s as May still on sites; no chicks evident",
"2013","06/19/13 00:00:00","Cat Bay South Island","PJC",,"N","LAGU",,"N","#s likely reduced compared to May, but many still sitting tight; no chicks evident",
"2013","05/23/13 00:00:00","Barataria Bay 13","PJC","dense, low shrubs, w. some open patches","N",,,"N","coverage 100%; small island w. dense carpet of shrubs utilized byTRHE, and open patches utilized by FOTE",
"2013","06/19/13 00:00:00","Barataria Bay 13","PJC",,"N",,,"N","FOTE #s way down compared to May; TRHE very similar to May; looks like one more SNEG and < 10 LAGU sites formed since May",
"2013","05/23/13 00:00:00","Cat Bay Island","PJC",,"N",,,"N","colony flown-by and inpected, but no photos taken",
"2013","06/19/13 00:00:00","Cat Bay Island","PJC",,"N",,,"N","seemingly no live vegetation; past shrubs used by BRPE and GREG mostly gone and those that remain are sticks and leafless; possible impacts of Hurricane Isaac",
"2013","06/19/13 00:00:00","Cat Bay Island","PJC",,"N","BRPE",,"N","just 6 BRPE ground-nests; many roosting; 2 LAGU sites only other breeding sites; complete coverage",
"2013","05/23/13 00:00:00","Bay Ronquille Northwest Island","PJC",,"N",,,"N","grassy vegetation likely much reduced compared to prior years; central part of island bare and wet; photo coverage excellent; very few nests",
"2013","06/19/13 00:00:00","Bay Ronquille Northwest Island","PJC",,"N",,,"N","only roosting LAGU and BRPE seen, though photo coverage incomplete of where nests in May were; clearly no new additional nesting though since May",
"2013","05/23/13 00:00:00","Barataria Bay 3","PJC",,"N",,,"N","roosting birds only; no breeding habitat remains",
"2013","05/23/13 00:00:00","Manilla Island","PJC",,"N","FOTE",,"N","no birds",
"2013","06/19/13 00:00:00","Manilla Island","PJC",,"N","FOTE",,"N","Coverage ~ 100%",
"2018","06/24/18 00:00:00","New Harbor Island 2","RRR","Beach, marsh, grasses, shrubs.","N","BRPE",,"N","Only roosting birds along beach and in shrubs",
"2013","05/23/13 00:00:00","Terrebonne Bay 8","PJC","sand; little vegetation left","N",,,"N","mostly a SATE colony, w smaller numbers of ROYT","Cocodrie #102"
"2013","06/19/13 00:00:00","Terrebonne Bay 8","PJC",,"N",,,"N","CATE incubating; small group of ROSA along shoreline with < 50 chicks; photo coverage of shoreline complete; ROSA productivity likely very poor","Cocodrie #102"
"2013","05/23/13 00:00:00","Pelican Island","PJC","little shrub vegetation remaining","N","BRPE",,"N","chicks of all ages, inclding full grown w very little chick plumage remaining; successful colony, but size limited by available breeding habitat",
"2011","06/17/11 00:00:00","Biloxi South 4 A","KMR","Live and dead grasses, beach and sand spit.","N","LAGU",,"no","One LAGU site with bird sitting low on site.",
"2011","06/17/11 00:00:00","Biloxi South 4 A","KMR","Live and dead grasses, beach and sand spit.","N","FOTE",,"no","FOTE observed sitting low on sites and with small downy chicks, up to 1/4 grown.",
"2011","06/17/11 00:00:00","Biloxi South 4 A","KMR","Live and dead grasses, beach and sand spit.","N","BLSK",,"no","BLSK observed sitting low on sites; no chicks observed but could be present and brooded under adult.",
"2011","05/18/11 00:00:00","Biloxi South 4 A","KMR","Live and dead grasses, beach and sand spit.","N",,,"N","Colony photos visually assessed; FOTE and BLSK still constructing sites and not easily distinguishable from roosting birds; June survey used for analysis as birds were well established on sites.",
"2011","05/18/11 00:00:00","Biloxi South 4 B","KMR","Grasses, small exposed beach.","N",,,"N","100% of colony analyzed and counted; no photos taken on June survey.",
"2011","05/18/11 00:00:00","Biloxi South 4 B","KMR","Grasses, small exposed beach.","N","LAGU",,"no","LAGU observed sitting low on sites; no chicks observed.",
"2012","05/28/12 00:00:00","Biloxi South 4 B","KMR","Grasses, small exposed beach.","N",,,"N","100% of colony analyzed and counted. Terrestrial habitat dry with no signs of water inundation.",
"2012","05/28/12 00:00:00","Biloxi South 4 B","KMR","Grasses, small exposed beach.","N","LAGU",,"no","LAGU observed sitting low on sites; no chicks observed.",
"2012","05/28/12 00:00:00","Biloxi South 4 B","KMR","Grasses, small exposed beach.","N","FOTE",,"no","FOTE observed sitting low on sites; no chicks observed.",
"2012","05/28/12 00:00:00","Biloxi South 4 B","KMR","Grasses, small exposed beach.","N","CATE",,"no","CATE observed sitting low on sites; no chicks observed.",
"2012","06/19/12 00:00:00","Biloxi South 4 B","KMR","Flooded grasses, small exposed beach.","N",,,"N","Colony photos visually assessed. Rough estimates of abandonment: 90% of FOTE sites flooded and abandoned, few small downy chicks observed; 75% LAGU sites flooded and abandoned; 100% CATE sites flooded and abandoned, no chicks observed.","19 BRPE birds observed roosting on beach."
"2012","05/28/12 00:00:00","Biloxi South 4 A","KMR","Grasses, dead grasses, sand spit.","N",,,"N","100% of colony analyzed and counted; no photos taken on June survey.",
"2012","05/28/12 00:00:00","Biloxi South 4 A","KMR","Grasses, dead grasses, sand spit.","N","FOTE",,"no","FOTE observed sitting low on sites; no chicks observed.",
"2012","05/28/12 00:00:00","Biloxi South 4 A","KMR","Grasses, dead grasses, sand spit.","N","BLSK",,"no","BLSK observed sitting on sites; no chicks observed.",
"2011","05/19/11 00:00:00","Biloxi North 40","KMR","Grasses, dead grass-formed wrack lines.","N",,,"N","100% of colony analyzed and counted; no photos taken during June survey.",
"2018","05/21/19 00:00:00","Southwest Pass Islands 1","KLC","Grassy","N",,,"N","Areas 1 dotted by KLC.  100% coverage.  May dotted only.",
"2011","05/19/11 00:00:00","Biloxi North 40","KMR","Grasses, dead grass-formed wrack lines.","N","FOTE",,"no","FOTE observed sitting low on sites; no chicks observed.",
"2011","05/19/11 00:00:00","Biloxi North 36","KMR","Tidal grass marsh island, isolated shrub patches.","N",,,"N","100% of colony analyzed and counted; no photos taken during June survey.",
"2011","05/19/11 00:00:00","Biloxi North 36","KMR","Tidal grass marsh island, isolated shrub patches.","N","TRHE",,"no","TRHE observed sitting low on sites, in brooding posture, and with 1/4-1/3 grown chicks.",
"2011","05/19/11 00:00:00","Biloxi North 36","KMR","Tidal grass marsh island, isolated shrub patches.","N","WHIB",,"no","WHIB observed sitting low on sites, in brooding posture, with eggs, and with 1/3-1/2 grown chicks; older chicks beginning to creche in small groups.",
"2011","05/19/11 00:00:00","Biloxi North 36","KMR","Tidal grass marsh island, isolated shrub patches.","N","SNEG",,"no","SNEG observed on sites in brooding posture and with 1/3 grown chicks.",
"2011","05/19/11 00:00:00","Biloxi North 36","KMR","Tidal grass marsh island, isolated shrub patches.","N","GREG",,"no","GREG observed sitting low on sites; one chick observed approx. 1/3 grown.",
"2011","05/19/11 00:00:00","Biloxi North 36","KMR","Tidal grass marsh island, isolated shrub patches.","N","BCNH",,"no","BCNH observed sitting low on sites and with 1/2 grown chicks.",
"2011","05/19/11 00:00:00","Biloxi North 36","KMR","Tidal grass marsh island, isolated shrub patches.","N","REEG",,"no","REEG observed at well built sites; no chicks observed.",
"2011","05/19/11 00:00:00","Biloxi North 36","KMR","Tidal grass marsh island, isolated shrub patches.","N","LAGU",,"no","LAGU observed sitting low on sites.",
"2011","06/14/11 00:00:00","Biloxi North 36","KMR","Tidal grass marsh island, isolated shrub patches.","N",,,"N","Colony photos visually assessed; All same species present from May 2011 survey and with larger, more mobile chicks straying further from nest sites, and more difficult to count and classify.  No apparent abandonment or carcasses observed.",
"2011","06/14/11 00:00:00","Biloxi North 37","KMR","Grasses, dead grass-formed wrack lines.","N",,,"N","Unknown proportion of colony analyzed and counted.",
"2011","06/14/11 00:00:00","Biloxi North 37","KMR","Grasses, dead grass-formed wrack lines.","N","LAGU",,"no","LAGU observed sitting low on sites; no chicks observed; sites spread out over photographed areas, with few aggregations of nests.",
"2011","06/14/11 00:00:00","Biloxi North 37","KMR","Grasses, dead grass-formed wrack lines.","N","TRHE",,"no","TRHE observed sitting low on sites and in brooding posture; no chicks observed.",
"2011","06/14/11 00:00:00","Biloxi North 11","KMR","Tidal grass marsh island.","N",,,"N","100% of colony analyzed and counted; May survey showed fewer LAGU sites and poorer photo quality.",
"2011","06/14/11 00:00:00","Biloxi North 11","KMR","Tidal grass marsh island.","N","LAGU",,"no","LAGU observed sitting low on sites; no chicks observed.",
"2012","06/20/12 00:00:00","Biloxi North 11","KMR","Tidal grass marsh island.","N",,,"N","100% of colony analyzed and counted; no photos taken during May survey.",
"2012","06/20/12 00:00:00","Biloxi North 11","KMR","Tidal grass marsh island.","N","LAGU",,"no","LAGU observed on sites and with 1/3 grown chicks.",
"2011","06/14/11 00:00:00","Biloxi North 10 A","KMR","Tidal grass marsh with isolated shrubs and arundo.","N",,,"N","Approximately 99% of colony analyzed and counted; photo coverage better in June than in May survey.",
"2018","05/21/18 00:00:00","Southwest Pass Islands 1","KLC","Grassy","N","GREG",,"N","GREG sites in incubation posture, primarily in the center of the island; sites evenly-distributed across colony.",
"2011","06/14/11 00:00:00","Biloxi North 10 A","KMR","Tidal grass marsh with isolated shrubs and arundo.","N","LAGU",,"no","LAGU observed on sites and with few 1/3 grown chicks.",
"2011","06/14/11 00:00:00","Biloxi North 10 A","KMR","Tidal grass marsh with isolated shrubs and arundo.","N","TRHE",,"no","TRHE observed sitting low on sites; no chicks observed.",
"2011","06/14/11 00:00:00","Biloxi North 10 A","KMR","Tidal grass marsh with isolated shrubs and arundo.","N","SNEG",,"no","SNEG observed sitting on sites in brooding posture; no chicks observed.",
"2011","06/14/11 00:00:00","Biloxi North 10 A","KMR","Tidal grass marsh with isolated shrubs and arundo.","N","WHIB",,"no","WHIB observed sitting low on sites, in brooding posture, and with large 2/3+ grown chicks that were across island from specific nesting location.",
"2011","05/19/11 00:00:00","Biloxi North 10 A","KMR","Tidal grass marsh with isolated shrubs and arundo.","N",,,"N","Colony photos visually assessed; photo coverage not as complete as June survey.",
"2012","06/18/12 00:00:00","Beauvoir","SLF",,"N","BLSK",,"N","Most birds at this colony in incubating position; no chicks seen; only ""sites"" dotted.",
"2011","06/18/11 00:00:00","Bayou Platte Island South","SLF",,"N","BLSK",,"N","Nesting with GBTE in sandy interior of island; no chicks seen.   Only ""sites"" dotted.",
"2011","06/18/11 00:00:00","Bayou Platte Island South","SLF",,"N","GBTE",,"N","Nesting with BLSK in sandy interior of island; no chicks seen. Only ""sites"" dotted.",
"2011","06/18/11 00:00:00","Bayou Platte Island South","SLF",,"N","LAGU",,"N","A scattering of LAGU nesting around the island; no chicks seen. Only ""sites"" dotted.",
"2011","06/18/11 00:00:00","Bayou Platte Island South","SLF",,"N","FOTE",,"N","FOTE nesting on grassy edge of island; no chicks seen.  Only ""sites"" dotted.",
"2011","06/17/11 00:00:00","Birdsfoot West 2","SLF",,"N","GBTE",,"N","A large colony of GBTE nesting here, chicks present.  30+ eggs scattered in colony suggests some nesting failure earlier.","Only sites and chicks dotted."
"2012","06/20/12 00:00:00","Birdsfoot West 2","SLF",,"N","GBTE",,"N","One colony in the center of the island.  No chicks seen.  Only ""sites"" dotted.",
"2012","05/27/12 00:00:00","Birdsfoot West 1","SLF",,"N","WHIB",,"N","This island is covered in tall reed grass, and makes birds and their nests difficult to see; numbers may be underestimated and chicks were not visible.","Only ""sites"" dotted."
"2012","05/27/12 00:00:00","Birdsfoot West 1","SLF",,"N","SNEG",,"N","This island is covered in tall reed grass, and makes birds and their nests difficult to see; numbers may be underestimated and chicks were not visible.","Only ""sites"" dotted."
"2012","05/27/12 00:00:00","Birdsfoot West 1","SLF",,"N","TRHE",,"N","This island is covered in tall reed grass, and makes birds and their nests difficult to see; numbers may be underestimated and chicks were not visible.","Only ""sites"" dotted."
"2012","05/27/12 00:00:00","Birdsfoot West 1","SLF",,"N","GREG",,"N","This island is covered in tall reed grass, and makes birds and their nests difficult to see; numbers may be underestimated and chicks were not visible.","Only ""sites"" dotted."
"2011","05/20/11 00:00:00","Battery McIntosh","SLF",,"N","SNEG",,"N","Lots of small white egrets are walking around the island.  Only SNEG ""sites"" were dotted; no visible chicks.",
"2011","05/20/11 00:00:00","Battery McIntosh","SLF",,"N","GREG",,"N","Many hatched out nests and unattended broods; only ""sites"" and chicks dotted.",
"2021","06/17/21 00:00:00","Biloxi South 5 A","RSW",,"N","AWPE",,"N","Roosting birds in June, but not there in May.",
"2011","05/20/11 00:00:00","Battery McIntosh","SLF",,"N","GBHE",,"N","Some GBHE nests were hatched out with large chicks, and some are incubating eggs.  Only ""sites"" and chicks dotted.",
"2011","05/20/11 00:00:00","Battery McIntosh","SLF",,"N","CAEG",,"N","Many incubating and loafing CAEG.  Only ""sites"" and chicks dotted.",
"2011","05/20/11 00:00:00","Battery McIntosh","SLF",,"N","GRHE",,"N","One adult and one chick dotted.",
"2011","05/20/11 00:00:00","Battery McIntosh","SLF",,"N","TRHE",,"N","Only sites dotted.  No chicks seen.",
"2012","05/30/12 00:00:00","Battery McIntosh","SLF",,"N","SNEG",,"N","No chicks seen; only sites dotted.",
"2012","05/30/12 00:00:00","Battery McIntosh","SLF",,"N","GREG",,"N","Many hatched out nests and unattended broods; only ""sites"" and chicks dotted.",
"2012","05/30/12 00:00:00","Battery McIntosh","SLF",,"N","GBHE",,"N","Only sites dotted.  No chicks seen.",
"2012","05/30/12 00:00:00","Battery McIntosh","SLF",,"N","CAEG",,"N","Only sites dotted.  No chicks seen.",
"2012","05/30/12 00:00:00","Battery McIntosh","SLF",,"N","WHIB",,"N","Small number of incubating adults; only sites dotted; no chicks visible.",
"2011","05/18/11 00:00:00","Biloxi South 16","SLF",,"N","FOTE",,"N","Most birds at this colony in incubating position; no chicks seen; only ""sites"" dotted.",
"2012","05/28/12 00:00:00","Biloxi South 14","SLF",,"N","FOTE",,"N","Most birds at this colony in incubating position; no chicks seen; only ""sites"" dotted.",
"2012","05/28/12 00:00:00","Biloxi South 14","SLF",,"N","LAGU",,"N","A scattering of LAGU nesting around the island; no chicks seen. Only ""sites"" dotted.",
"2012","05/28/12 00:00:00","Biloxi South 17","SLF",,"N","FOTE",,"N","Most birds at this colony in incubating position; no chicks seen; only ""sites"" dotted.",
"2011","05/18/11 00:00:00","Biloxi North 41","SLF",,"N","FOTE",,"N","Most birds at this colony in incubating position; no chicks seen; only ""sites"" dotted.",
"2011","05/19/11 00:00:00","Chandeleur South C","SLF",,"N","LAGU",,"N","A small number of LAGU are nesting on one section of this island, no chicks seen; Only ""sites"" dotted.","SLF48"
"2011","05/18/11 00:00:00","Barataria Bay 13","SLF",,"N","FOTE",,"N","FOTE nesting on edge and open patches of the island; no chicks seen; only ""sites"" dotted.",
"2011","05/17/11 00:00:00","Heron Island","SLF",,"N","ROSP",,"N","Tree-dominated habitat made detection of birds difficult; numbers likely underestimated.","No chicks seen; only sites dotted."
"2011","05/17/11 00:00:00","Heron Island","SLF",,"N","GBHE",,"N","Tree-dominated habitat made detection of birds difficult; numbers likely underestimated.","Many birds seen on nests, or with large chicks. Other birds in colony not dotted."
"2011","05/17/11 00:00:00","Heron Island","SLF",,"N","GREG",,"N","Tree-dominated habitat made detection of birds difficult; numbers likely underestimated.","Many birds seen on nests, or with large chicks. Other birds in colony not dotted."
"2011","05/17/11 00:00:00","Heron Island","SLF",,"N","SNEG",,"N","Tree-dominated habitat made detection of birds difficult; numbers likely underestimated.","No chicks seen; only sites dotted."
"2011","06/20/11 00:00:00","Heron Island","SLF",,"N",,,"N","Not dotted.  Many large chicks are visible, but identifying broods or nest sites would be difficult this far along in the breeding season.",
"2012","05/27/12 00:00:00","Heron Island","SLF",,"N","ROSP",,"N","Tree-dominated habitat made detection of birds difficult; numbers likely underestimated.","No chicks seen; only sites dotted."
"2021","05/23/21 00:00:00","Biloxi South 5 A","RSW",,"N","BLSK",,"N","Birds are present in May but gone in June; not dotted because are nonbreeding. 100% coverage",
"2012","05/27/12 00:00:00","Heron Island","SLF",,"N","GBHE",,"N","Tree-dominated habitat made detection of birds difficult; numbers likely underestimated.","Many birds seen on nests, or with large chicks. Other birds in colony not dotted."
"2012","05/27/12 00:00:00","Heron Island","SLF",,"N","GREG",,"N","Tree-dominated habitat made detection of birds difficult; numbers likely underestimated.","Many birds seen on nests, or with large chicks. Other birds in colony not dotted."
"2012","05/27/12 00:00:00","Heron Island","SLF",,"N","TRHE",,"N","One nesting adult spotted on the island.",
"2012","06/20/12 00:00:00","Heron Island","SLF",,"N",,,"N","Not dotted; Similarly to previous year, the breeding phenology is too far advanced to accurately assess breeding birds.",
"2011","05/19/11 00:00:00","Little Mud Grass Island Northeast","SLF",,"N","LAGU",,"N","Nesting widespread across the island; no chicks seen; only ""sites"" dotted.",
"2011","05/19/11 00:00:00","Little Mud Grass Island Northeast","SLF",,"N","SNEG",,"N","A few birds nesting in brushy habitat; no chicks seen; only ""sites"" dotted.",
"2011","05/19/11 00:00:00","Little Mud Grass Island Northeast","SLF",,"N","TRHE",,"N","A few birds nesting in brushy habitat; no chicks seen; only ""sites"" dotted.",
"2011","05/19/11 00:00:00","Little Mud Grass Island Northeast","SLF",,"N","FOTE",,"N","Many FOTE nesting on wrackline on perimeter of island; no chicks; only ""sites"" dotted.",
"2011","05/19/11 00:00:00","Little Mud Grass Island Northeast","SLF",,"N","AMOY",,"N","One pair nesting in the tern colony; no chicks.",
"2011","06/14/11 00:00:00","Little Mud Grass Island Northeast","SLF",,"N",,,"N","Not dotted; Incomplete photo coverage and too late for peak nesting effort.",
"2012","06/20/12 00:00:00","Little Mud Grass Island Northeast","SLF",,"N",,,"N","Not dotted; Incomplete photo coverage.",
"2012","05/28/12 00:00:00","Biloxi North 10 A","KMR","Tidal grass marsh with isolated shrubs and arundo.","N",,,"N","100% of colony analyzed and counted.  Photo quality better in May than June survey; SNEG chicks easier to count in May as they were smaller and closer to nest sites; Approx. 150 roosting BRPE Birds observed in June survey photos, not present in May.",
"2012","05/28/12 00:00:00","Biloxi North 10 A","KMR","Tidal grass marsh with isolated shrubs and arundo.","N","LAGU",,"no","LAGU observed sitting low on sites; no chicks observed.",
"2012","05/28/12 00:00:00","Biloxi North 10 A","KMR","Tidal grass marsh with isolated shrubs and arundo.","N","TRHE",,"no","TRHE observed sitting low on sites and in brooding posture; no chicks observed.",
"2012","05/28/12 00:00:00","Biloxi North 10 A","KMR","Tidal grass marsh with isolated shrubs and arundo.","N","SNEG",,"no","SNEG observed sitting low on sites and with 1/3 grown chicks.",
"2012","05/28/12 00:00:00","Biloxi North 10 A","KMR","Tidal grass marsh with isolated shrubs and arundo.","N","WHIB",,"no","A single WHIB site observed; distinct orange bill observed to identify as WHIB.",
"2012","06/20/12 00:00:00","Biloxi North 10 A","KMR","Tidal grass marsh with isolated shrubs and arundo.","N",,,"N","Colony photos visually assed; Approximately 150 roosting BRPE observed; no nests although birds were observed amongst shrub vegetation.",
"2011","06/14/11 00:00:00","Biloxi North 10 B","KMR","Grasses and tidal grass marsh.","N",,,"N","Approximately 30% of island photographed based on Google Earth Image from 03/2011; unknown proportion of active nesting colony analyzed.",
"2011","06/14/11 00:00:00","Biloxi North 10 B","KMR","Grasses and tidal grass marsh.","N","LAGU",,"no","LAGU sitting low on sites; no chicks observed.",
"2021","06/17/21 00:00:00","Biloxi South 5 A","RSW",,"N","BRPE",,"N","Only a handful of BRPE birds in May roosting on island, but in June, many more BRPE birds roosting on island, none on sites. 100% coverage.",
"2011","06/14/11 00:00:00","Biloxi North 10 B","KMR","Grasses and tidal grass marsh.","N","TRHE",,"no","TRHE observed sitting low on sites or with chicks that were large 1/2-2/3 grown and straying from nest sites.",
"2011","06/14/11 00:00:00","Biloxi North 10 B","KMR","Grasses and tidal grass marsh.","N","SNEG",,"no","SNEG observed sitting low on sites or with chicks that were large 1/2-2/3 grown and straying from nest sites.",
"2011","06/14/11 00:00:00","Biloxi North 10 B","KMR","Grasses and tidal grass marsh.","N","WHIB",,"no","WHIB observed sitting low on sites or with chicks that were large 1/2-2/3 grown and straying from nest sites.",
"2011","05/19/11 00:00:00","Biloxi North 10 B","KMR","Grasses and tidal grass marsh.","N",,,"N","Colony photos visually assessed; poor photo coverage and quality compared to June 2011 survey.",
"2012","06/20/12 00:00:00","Biloxi North 10 B","KMR","Grasses and tidal grass marsh.","N",,,"N","Approximately 30% of island photographed based on Google Earth Image from 10/2012; unknown proportion of active nesting colony analyzed. No photos taken during May survey.",
"2012","06/20/12 00:00:00","Biloxi North 10 B","KMR","Grasses and tidal grass marsh.","N","LAGU",,"no","LAGU observed sitting on sites.",
"2012","06/20/12 00:00:00","Biloxi North 10 B","KMR","Grasses and tidal grass marsh.","N","TRHE",,"no","TRHE observed sitting on sites or with large 2/3 grown chicks.",
"2012","06/20/12 00:00:00","Biloxi North 10 B","KMR","Grasses and tidal grass marsh.","N","SNEG",,"no","SNEG observed sitting on sites or with 2/3 grown chicks.",
"2011","06/14/11 00:00:00","Biloxi North 10 C","KMR","Grasses and tidal grass marsh.","N",,,"N","100% of colony analyzed and counted.",
"2011","06/14/11 00:00:00","Biloxi North 10 C","KMR","Grasses and tidal grass marsh.","N","LAGU",,"no","LAGU observed sitting on sites; no chicks observed.",
"2011","06/14/11 00:00:00","Biloxi North 10 C","KMR","Grasses and tidal grass marsh.","N","TRHE",,"no","TRHE observed sitting on sites in brooding posture and with 2/3-7/8 grown chicks.",
"2011","06/14/11 00:00:00","Biloxi North 10 C","KMR","Grasses and tidal grass marsh.","N","SNEG",,"no","SNEG observed sitting on sites in brooding posture and with 2/3-7/8 grown chicks.",
"2011","06/14/11 00:00:00","Biloxi North 10 C","KMR","Grasses and tidal grass marsh.","N","WHIB",,"no","WHIB observed with 2/3-7/8 grown chicks; broods conservatively assigned to every three chicks observed.",
"2011","05/19/11 00:00:00","Biloxi North 10 C","KMR","Grasses and tidal grass marsh.","N",,,"N","Colony photos visually assessed; poor photo coverage compared to June 2011 survey.",
"2012","05/28/12 00:00:00","Biloxi North 10 C","KMR","Grasses and tidal grass marsh.","N",,,"N","100% of colony analyzed and counted; no photos taken during June 2012 survey.",
"2012","05/28/12 00:00:00","Biloxi North 10 C","KMR","Grasses and tidal grass marsh.","N","LAGU",,"no","LAGU observed sitting on sites; no chicks observed.",
"2012","05/28/12 00:00:00","Biloxi North 10 C","KMR","Grasses and tidal grass marsh.","N","TRHE",,"no","TRHE observed sitting low on sites and in brooding posture; no chicks observed, however, chicks could easily be present under brooding adults.",
"2012","05/28/12 00:00:00","Biloxi North 10 C","KMR","Grasses and tidal grass marsh.","N","WHIB",,"no","WHIB observed sitting low on sites and in brooding posture; no chicks observed, however, chicks could easily be present under brooding adults.",
"2012","05/28/12 00:00:00","Biloxi North 10 C","KMR","Grasses and tidal grass marsh.","N","SNEG",,"no","SNEG observed sitting low on sites; no chicks observed.",
"2018","05/20/18 00:00:00","Gosier Islands North","RRR","Lots of beach, grasses, some shrubs","N","ROYT",,"Y","Birds on shoreline and nesting in large colony mixed with SATE. Colony not fully present in June, suggests early nesting. 11 visible chicks in June.",
"2011","06/14/11 00:00:00","Biloxi North 10 D","KMR","Grasses and tidal grass marsh;few isolated shrubs.","N",,,"N","Approximately 90% of colony photographed, analyzed and counted.",
"2011","06/14/11 00:00:00","Biloxi North 10 D","KMR","Grasses and tidal grass marsh;few isolated shrubs.","N","LAGU",,"no","LAGU observed sitting on sites; no chicks observed.",
"2011","06/14/11 00:00:00","Biloxi North 10 D","KMR","Grasses and tidal grass marsh;few isolated shrubs.","N","TRHE",,"no","TRHE observed sitting on sites in brooding posture and with chicks 2/3-7/8 grown; full grown chicks could be present or already fledged based on May 2011 survey with 1/3 grown chicks observed.",
"2011","06/14/11 00:00:00","Biloxi North 10 D","KMR","Grasses and tidal grass marsh;few isolated shrubs.","N","SNEG",,"no","SNEG observed sitting on sites and with chicks 2/3-7/8 grown; full grown chicks could be present or already fledged based on May 2011 survey with 1/2 grown chicks observed.",
"2011","06/14/11 00:00:00","Biloxi North 10 D","KMR","Grasses and tidal grass marsh;few isolated shrubs.","N","WHIB",,"no","WHIB observed sitting on sites in brooding posture and with chicks 2/3-full grown straying far from nest sites; full grown chicks could be present or already fledged based on May 2011 survey with 1/2 grown chicks observed.",
"2011","06/14/11 00:00:00","Biloxi North 10 D","KMR","Grasses and tidal grass marsh;few isolated shrubs.","N","FOTE",,"no","Few FOTE observed on sites, most birds observed standing on island; no chicks observed.",
"2011","05/19/11 00:00:00","Biloxi North 10 D","KMR","Grasses and tidal grass marsh;few isolated shrubs.","N",,,"N","Colony photos visually assessed; poor photo coverage; TRHE chicks observed to be 1/3 grown at nest sites; WHIB and SNEG chicks observed to be 1/2 grown at nest sites; June photos used for analysis.",
"2012","05/28/12 00:00:00","Biloxi North 10 D","KMR","Grasses and tidal grass marsh;few isolated shrubs.","N",,,"N","Approximately 40% of island photographed, analyzed, and counted; breeding birds appear isolated to small habitat patches which were likely photographed.",
"2012","05/28/12 00:00:00","Biloxi North 10 D","KMR","Grasses and tidal grass marsh;few isolated shrubs.","N","LAGU",,"no","LAGU observed sitting on sites; no chicks observed.",
"2012","05/28/12 00:00:00","Biloxi North 10 D","KMR","Grasses and tidal grass marsh;few isolated shrubs.","N","TRHE",,"no","TRHE observed sitting low on sites and in brooding posture; no chicks observed.",
"2012","05/28/12 00:00:00","Biloxi North 10 D","KMR","Grasses and tidal grass marsh;few isolated shrubs.","N","SNEG",,"no","SNEG observed sitting low on sites and in brooding posture; no chicks observed.",
"2012","06/20/12 00:00:00","Biloxi North 10 D","KMR","Grasses and tidal grass marsh;few isolated shrubs.","N",,,"N","Colony photos visually assessed; poor photo quality and coverage; May 2012 photos used for analysis.",
"2011","05/19/11 00:00:00","Biloxi North 10 E","KMR","Grasses and tidal grass marsh.","N",,,"N","Approximately 80% of island photographed, analyzed, and counted.",
"2011","05/19/11 00:00:00","Biloxi North 10 E","KMR","Grasses and tidal grass marsh.","N","LAGU",,"no","LAGU observed sitting low on sites; no chicks observed.",
"2018","05/20/18 00:00:00","Gosier Islands North","RRR","Lots of beach, grasses, some shrubs","N","SATE",,"Y","Birds standing near shoreline, one large colony dotted in May that was not fully present in June, suggests early nesting. 23 visible chicks in June.",
"2011","05/19/11 00:00:00","Biloxi North 10 E","KMR","Grasses and tidal grass marsh.","N","TRHE",,"no","TRHE observed sitting low on sites, in brooding posture, and with 1/3-1/2 grown chicks remaining at nest sites; in some overview photos used for analysis (camera 2), it was know that chicks were present from assessing other images, but couldn't be","discerned in camera 2 image and therefore not counted to conserve time spent in analysis."
"2011","05/19/11 00:00:00","Biloxi North 10 E","KMR","Grasses and tidal grass marsh.","N","SNEG",,"no","Few SNEG sites present with chicks observed to be 1/2 grown.",
"2011","05/19/11 00:00:00","Biloxi North 10 E","KMR","Grasses and tidal grass marsh.","N","WHIB",,"no","WHIB observed sitting low on sites or with 1/2 grown chicks; isolated to few areas of the colony.",
"2011","06/14/11 00:00:00","Biloxi North 10 E","KMR","Grasses and tidal grass marsh.","N",,,"N","Colony photos visually assessed; photo coverage poor compared to May 2011 survey; not used for analysis..",
"2012","05/28/12 00:00:00","Biloxi North 10 E","KMR","Grasses and tidal grass marsh.","N",,,"N","Approximately 70% of colony photographed, analyzed, and counted; Areas 12-18 are of adjacent island 100m to NW, included in SLF21.",
"2012","05/28/12 00:00:00","Biloxi North 10 E","KMR","Grasses and tidal grass marsh.","N","LAGU",,"no","LAGU observed sitting low on sites; no chicks observed.",
"2012","05/28/12 00:00:00","Biloxi North 10 E","KMR","Grasses and tidal grass marsh.","N","TRHE",,"no","TRHE observed sitting low on sites, in brooding posture, and with chicks 1/3-1/2 grown.",
"2012","05/28/12 00:00:00","Biloxi North 10 E","KMR","Grasses and tidal grass marsh.","N","WHIB",,"no","WHIB observed sitting low on sites, in brooding posture, building sites, and with 1/4 grown chicks.",
"2012","05/28/12 00:00:00","Biloxi North 10 E","KMR","Grasses and tidal grass marsh.","N","SNEG",,"no","SNEG observed sitting low on site and in brooding posture; no chicks observed.",
"2012","05/28/12 00:00:00","Biloxi North 10 E","KMR","Grasses and tidal grass marsh.","N","BCNH",,"no","BCNH observed sitting low on sites; no chicks observed.",
"2012","06/20/12 00:00:00","Biloxi North 10 E","KMR","Grasses and tidal grass marsh.","N",,,"N","Colony photos visually assessed; photo coverage and quality less than that from May12 survey; Multi-species chicks older and more mobile, more difficult to count. May12 survey used for analysis.",
"2011","05/19/11 00:00:00","Biloxi North 28","KMR","Tidal grass marsh island.","N",,,"N","100% of colony analyzed and counted; no photos taken during June11 survey or during surveys in 2012.",
"2011","05/19/11 00:00:00","Biloxi North 28","KMR","Tidal grass marsh island.","N","FOTE",,"no","FOTE observed sitting low on sites, in brooding posture, and with 1/4-1/2 grown chicks; majority (~95%) of chicks were 1/4-1/3 grown.",
"2012","05/28/12 00:00:00","West Karako Bay Islet","SLF",,"N","BLSK",,"N","Birds clearly in incubating position, and all birds present on nest or with mate; no chicks.",
"2012","05/28/12 00:00:00","West Karako Bay Islet","SLF",,"N","LAGU",,"N","Numbers may be slightly underestimated because of photo coverage gaps.  No chicks.",
"2012","05/28/12 00:00:00","West Karako Bay Islet","SLF",,"N","GBTE",,"N","GBTE are in incubating position on beach amongst the BLSK colony; no chicks.",
"2012","05/28/12 00:00:00","West Karako Bay Islet","SLF",,"N","FOTE",,"N","Small numbers incubating eggs along wrackline; numbers may be slightly underestimated because of photo coverage gaps; no chicks.",
"2018","05/20/18 00:00:00","Gosier Islands North","RRR","Lots of beach, grasses, some shrubs","N","BRPE",,"Y","Adults seen sitting low on well-built nests, some chicks present in May. One site not photographed in May dotted in June.",
"2012","05/28/12 00:00:00","Biloxi North 12","SLF",,"N","LAGU",,"N","Nesting widespread across the island; no chicks seen; only ""sites"" dotted.",
"2012","06/20/12 00:00:00","Biloxi North 12","SLF",,"N","LAGU",,"N","Nesting not expanded from May survey, but many chicks visible in these photos.",
"2011","05/20/11 00:00:00","Lake Number Five","SLF",,"N",,,"N","Tree-dominated habitat made detection of birds difficult; birds not dotted, but all photos were reviewed and numbers were tallied to give gross estimates.",
"2011","06/13/11 00:00:00","Lake Number Five","SLF",,"N",,,"N","Not dotted; very few visible nests compared to May survey; May survey represents best count.",
"2012","05/30/12 00:00:00","Lake Number Five","SLF",,"N",,,"N","Tree-dominated habitat made detection of birds difficult; birds not dotted, but all photos were reviewed and numbers were tallied to give gross estimates.",
"2012","06/18/12 00:00:00","Lake Number Five","SLF",,"N",,,"N","Not dotted; very few visible nests compared to May survey; May survey represents best count.",
"2011","06/14/11 00:00:00","Biloxi North 16","SLF",,"N","CATE",,"N","1 CATE colony on sandy beach; chicks and incubating adults visible.","KKN16 is comprised of a series of small marshy islands."
"2011","06/14/11 00:00:00","Biloxi North 16","SLF",,"N","FOTE",,"N","Several small colonies; birds in incubating position; no visible chicks.","KKN16 is comprised of a series of small marshy islands."
"2011","06/14/11 00:00:00","Biloxi North 16","SLF",,"N","LAGU",,"N","Nesting widespread across the islands; no chicks seen; only ""sites"" dotted.","KKN16 is comprised of a series of small marshy islands."
"2011","06/14/11 00:00:00","Biloxi North 16","SLF",,"N","WHIB",,"N","Nesting in the only wader colony; no chicks visible; only ""sites"" dotted.","KKN16 is comprised of a series of small marshy islands."
"2011","06/14/11 00:00:00","Biloxi North 16","SLF",,"N","TRHE",,"N","Nesting in the only wader colony; no chicks visible; only ""sites"" dotted.","KKN16 is comprised of a series of small marshy islands."
"2011","06/14/11 00:00:00","Biloxi North 16","SLF",,"N","SNEG",,"N","Nesting in the only wader colony; no chicks visible; only ""sites"" dotted.","KKN16 is comprised of a series of small marshy islands."
"2011","06/14/11 00:00:00","Biloxi North 16","SLF",,"N","GREG",,"N","Nesting in the only wader colony; chicks visible.","KKN16 is comprised of a series of small marshy islands."
"2012","05/28/12 00:00:00","Biloxi North 16","SLF",,"N","LAGU",,"N","Nesting widespread across the islands; no chicks seen; only ""sites"" dotted; estimate 90% of LAGU dotted.",
"2012","05/28/12 00:00:00","Biloxi North 16","SLF",,"N","WHIB",,"N","Nesting in the largest wader colony; no chicks visible; only ""sites"" dotted.",
"2012","05/28/12 00:00:00","Biloxi North 16","SLF",,"N","TRHE",,"N","Nesting in several colonies; no chicks visible; only ""sites"" dotted.",
"2012","05/28/12 00:00:00","Biloxi North 16","SLF",,"N","SNEG",,"N","Nesting in several colonies; no chicks visible; only ""sites"" dotted.",
"2012","05/28/12 00:00:00","Biloxi North 16","SLF",,"N","GREG",,"N","Nesting in several colonies; no chicks visible; only ""sites"" dotted.",
"2011","05/19/11 00:00:00","Biloxi North 28","KMR","Tidal grass marsh island.","N","LAGU",,"no","LAGU observed sitting low on site; no chicks observed.",
"2012","05/28/12 00:00:00","Biloxi North 16","SLF",,"N","BLSK",,"N","Several small colonies on sandy beach; birds in incubating position; no chicks; only ""sites"" dotted.",
"2018","05/20/18 00:00:00","Gosier Islands North","RRR","Lots of beach, grasses, some shrubs","N","LAGU",,"Y","LAGU dotted in May were in areas not photographed in June. Most in incubation position on nest, standing in vegetation, or on shoreline.",
"2012","05/28/12 00:00:00","Biloxi North 16","SLF",,"N","GBTE",,"N","One small colony on sandy beach; birds in incubating position; no chicks; only ""sites"" dotted.",
"2012","06/20/12 00:00:00","Biloxi North 16","SLF",,"N",,,"N","The May survey was peak breeding period for all birds on the island; BLSK and GBTE appear to have been washed out as the coastal beaches are flooded. ",
"2011","05/19/11 00:00:00","Half Moon Island","SLF",,"Y","FOTE",,"N","Most FOTE nests were concentrated in one major colony.  Photo coverage was lacking; I had to dot some of this colony from a Camera 2 photo that was not in great focus.  I am confident that this dotting effort was conservative, however.  ","Birds in incubating position; no chicks seen."
"2011","05/19/11 00:00:00","Half Moon Island","SLF",,"Y","GBTE",,"N","After browsing May and June photos, it is clear that nesting by GBTE and BLSK is more established in June.  GBTE are mostly loafing; no birds dotted for May.  Defer to June for ""best"" count.",
"2011","05/19/11 00:00:00","Half Moon Island","SLF",,"Y","BLSK",,"N","After browsing May and June photos, it is clear that nesting by GBTE and BLSK is more established in June.  BLSK are mostly loafing; no birds dotted for May.  Defer to June for ""best"" count.",
"2011","05/19/11 00:00:00","Half Moon Island","SLF",,"Y","LAGU",,"N","After browsing the May and June photos, I determined that LAGU nesting increased in June.  Therefore, the LAGU will only be dotted in June to avoid duplication. No chicks seen.",
"2011","05/19/11 00:00:00","Half Moon Island","SLF",,"Y","WHIB",,"N","A relatively small number of WHIB are initiating nesting activities within the wading bird nesting areas during this survey.  Because nesting activity is greater in June, I did not dot these May nesters to avoid double-counting.","  A complete dotting effort is made for the June survey. A small number of chicks seen."
"2011","05/19/11 00:00:00","Half Moon Island","SLF",,"Y","TRHE",,"N","Many of the TRHE nests have hatched and are unattended. These are dotted as ""TRHE chick nests without adult"".  The remaining birds are either incubating or attending nests.","Chick numbers were estimated by multiplying the avg. # of chicks/nest (2) by total number of chick nests w/o adult."
"2011","05/19/11 00:00:00","Half Moon Island","SLF",,"Y","SNEG",,"N","Many of the SNEG nests have hatched and are unattended. These are dotted as ""SNEG chick nests without adult"".  The remaining birds are either incubating or attending nests.","Chick numbers were estimated by multiplying the avg. # of chicks/nest (2) by total number of chick nests w/o adult."
"2011","05/19/11 00:00:00","Half Moon Island","SLF",,"Y",,,"N","Only nesting sites or chick nests w/o adult were dotted for efficiency.",
"2011","06/14/11 00:00:00","Half Moon Island","SLF",,"N","FOTE",,"N","FOTE still present and nesting, but coverage in this survey is inferior to May.  Defer to May count for ""Best"" estimate of breeding effort this year.  No chicks seen.",
"2011","06/14/11 00:00:00","Half Moon Island","SLF",,"N","GBTE",,"N","GBTE are nesting within the BLSK colony, on sandy beach.  All birds except for mates in incubating position; no chicks seen.",
"2011","06/14/11 00:00:00","Half Moon Island","SLF",,"N","BLSK",,"N","BLSK are paired up and nesting on the sandy beach.  No chicks seen, but incubation clear.",
"2013","06/19/13 00:00:00","Little Bird Island","PJC","just a sandbar and a couple shrubs remain","N",,,"N","just a few roosting gulls and terns",
"2013","05/23/13 00:00:00","Wine Island","PJC",,"N",,,"N","roosting terns mainly; no breeding birds",
"2018","05/20/18 00:00:00","Gosier Islands North","RRR","Lots of beach, grasses, some shrubs","N","FOTE",,"Y","3 sites photographed in May that weren't covered in June. 38 sites on north part of island in June.",
"2013","05/25/13 00:00:00","Apalachicola Bird Island","PJC",,"N",,,"N","roosting birds only; island looks manipulated since 2012, like it was graded with machinery",
"2013","06/17/13 00:00:00","Apalachicola Bird Island","PJC",,"N",,,"N","roosting birds only; island looks manipulated since 2012, like it was graded with machinery",
"2013","05/23/13 00:00:00","Raccoon Island","SLF",,"N","AMOY",,"N","One incubating bird dotted near the BLSK colony.  No chicks seen.",
"2013","05/23/13 00:00:00","Raccoon Island","SLF",,"N","BCNH",,"N","A few nest sites located.  No major colony found.  No chicks seen.",
"2013","05/23/13 00:00:00","Raccoon Island","SLF",,"N","BLSK",,"N","A large colony is scraping a beginning to nest on sandy eastern point of the island.  No chicks seen.",
"2013","05/23/13 00:00:00","Raccoon Island","SLF",,"N","BRPE",,"N","Nesting is widespread across the island.  BRPE in all stages of nesting, from incubation to tending large chicks.",
"2013","05/23/13 00:00:00","Raccoon Island","SLF",,"N","GBTE",,"N","Nesting pairs are incubating amongst the BLSK colony on the east end of the island.   No chicks seen.",
"2013","05/23/13 00:00:00","Raccoon Island","SLF",,"N","GREG",,"N","GREG nests and nests with chicks are found mixed in with BRPE in scrubby vegetation across the whole island.",
"2013","05/23/13 00:00:00","Raccoon Island","SLF",,"N","LAGU",,"N","Widespread nesting across the island, especially in low grassy habitat.  No chicks seen.",
"2013","05/23/13 00:00:00","Raccoon Island","SLF",,"N","REEG",,"N","A few nests located within mixed species colonies.  No chicks seen.",
"2013","05/23/13 00:00:00","Raccoon Island","SLF",,"N","ROSP",,"N","Only one nest located, in same area as ROSP nested in previous years.  No chicks seen.",
"2013","05/23/13 00:00:00","Raccoon Island","SLF",,"N","ROYT",,"N","Nesting in many colonies usually with SATE across all sandy areas of the island.  No chicks seen.",
"2013","05/23/13 00:00:00","Raccoon Island","SLF",,"N","SATE",,"N","Nesting in many colonies usually with ROYT across all sandy areas of the island.  No chicks seen.",
"2013","05/23/13 00:00:00","Raccoon Island","SLF",,"N","SNEG",,"N"," A handful of nesting SNEG identified within mixed species colonies.  No chicks seen.",
"2013","05/23/13 00:00:00","Raccoon Island","SLF",,"N","TRHE",,"N","Only one bird found.  No apparent nesting.",
"2013","06/19/13 00:00:00","Raccoon Island","SLF",,"N","BLSK",,"N","A diminished nesting colony remains on the east end of the island. No chicks seen.",
"2013","06/19/13 00:00:00","Raccoon Island","SLF",,"N","BRPE",,"N","Many birds still nesting, most with large chicks.",
"2013","06/19/13 00:00:00","Raccoon Island","SLF",,"N","GBTE",,"N","No nesting birds found.",
"2013","06/19/13 00:00:00","Raccoon Island","SLF",,"N","GREG",,"N","Many birds still nesting, most with large chicks.",
"2013","06/19/13 00:00:00","Raccoon Island","SLF",,"N","LAGU",,"N","Fewer birds visible. Some chicks visible.",
"2013","06/19/13 00:00:00","Raccoon Island","SLF",,"N","ROYT",,"N","Most adults are with a small chick, and many have moved away from the colony and down to the shoreline.",
"2013","06/19/13 00:00:00","Raccoon Island","SLF",,"N","SATE",,"N","Most adults are with a small chick, and many have moved away from the colony and down to the shoreline.",
"2013","05/23/13 00:00:00","Raccoon Island West","SLF",,"N","BLSK",,"N","BLSK nesting throughout the island, but in lesser numbers that June.",
"2018","06/24/18 00:00:00","Gosier Islands North","RRR","Lots of beach, grasses, some shrubs","N","BLSK",,"N","Birds standing on shoreline in May. Nesting on northeast and southwest beaches of island in June; no chicks seen.",
"2013","06/19/13 00:00:00","Pelican Island","PJC",,"N",,,"N","BRPE and the 2 GREG nests still active; chicks older, and some BRPE have likely departed, otherwise no obvious change since May",
"2013","06/19/13 00:00:00","Wine Island","PJC",,"N","BLSK",,"N","BLSK on sites; no other birds present; good Cam 2 OVs of old rock wall perimeter",
"2013","05/23/13 00:00:00","Fricot Bayou Island","PJC",,"N","FOTE",,"N","sitting tight on wrack lines; coverage likely complete; some loss of habitat evident in late 2012 satellite image",
"2013","06/19/13 00:00:00","Fricot Bayou Island","PJC",,"N","FOTE",,"N","colony still active; several large chicks attended by adults evident",
"2013","05/23/13 00:00:00","Beauregard Island","PJC","small island with grasses, shrubs, and beaches","N",,,"N","coverage of all spp. near 100%",
"2013","06/19/13 00:00:00","Beauregard Island","PJC",,"N",,,"N","all spp. still attending nests; compared to may, FOTE and LAGU #s down, TRHE & SNEG #s likely up slightly",
"2013","05/24/13 00:00:00","Beauvoir","PJC",,"N",,,"N","just a few BLSK present; LETE present in good #s; June counted",
"2013","06/17/13 00:00:00","Beauvoir","PJC",,"N",,,"N","BLSK = 100% coverage; LETE coverage incidental, but likely at least 50% and possibly more like 70-80% coverage",
"2013","05/24/13 00:00:00","Ship Island West","PJC","this is the western part of Ship Island","N",,,"N","GBTE sitting tight; some BLSK sitting, but they're mostly setting up; not inspected in June",
"2013","06/17/13 00:00:00","Saint George Causeway","PJC",,"N",,,"N","ROSA colonies largely broken up with many wandering chicks along edges of casueway; CATE have younger chicks still being brooded close to nest site; BRPE distribution similar to May--still incubating--no chicks yet; LAGU similar to May; no BLSK seen",
"2013","06/17/13 00:00:00","Lanark Reef West","PJC",,"N","BLSK",,"N","50+ birds possibly setting up, but didn't appear to be breeding",
"2013","06/17/13 00:00:00","Lanark Reef West","PJC",,"N",,,"N","BRPE and GREG with small chicks -- nest coverage 100%; LAGU coverage incidental",
"2013","06/17/13 00:00:00","Lanark Reef-Pelican Lump","PJC",,"N","LAGU",,"N","just a few birds; no other seabirds/waders seen",
"2013","06/17/13 00:00:00","Flag Island South","PJC",,"N",,,"N","Royal and Sandwich terns in several small groups-no chicks yet; many roosting BRPE, LAGU and terns along the extensive shoreline not counted; no breeding CATE or LETE seen",
"2013","05/23/13 00:00:00","Little Bird Island","PJC","just a sandbar and a couple shrubs remain","N",,,"N","formerly substantial island with marsh vegetation -- see July 2007 satellte image, e.g.",
"2013","05/23/13 00:00:00","Raccoon Island West","SLF",,"N","GBTE",,"N","A handful of nests dotted amongst BLSK colony. No chicks seen.",
"2013","06/19/13 00:00:00","Raccoon Island West","SLF",,"N","BLSK",,"N","BLSK nesting throughout the sandy island.  Best count. No chicks seen.",
"2013","06/19/13 00:00:00","Raccoon Island West","SLF",,"N","GBTE",,"N","No birds seen.",
"2013","05/24/13 00:00:00","Half Moon Island","SLF",,"N","LAGU",,"N","Nesting LAGU visible but sparse compared to survey in June when many more LAGU had initiated nesting on island. No chicks.  Not best count.  LAGU for this survey not completely dotted because it was obvious that dotting the June survey would be best.",
"2018","06/24/18 00:00:00","Gosier Islands North","RRR","Lots of beach, grasses, some shrubs","N","GBTE",,"N","5 sites near BLSK sites on northeast beach.",
"2013","05/24/13 00:00:00","Half Moon Island","SLF",,"N","SNEG",,"Y","A main colony was identified and dotted as Areas 1-11. SNEG nests in this area peaked in May and are identified as best count. Coverage of the remainder of the island is better in June, however so June SNEG dotted outside the main colony should be added.","A small number of chicks are visible, but most birds appear to be incubating eggs."
"2013","05/24/13 00:00:00","Half Moon Island","SLF",,"N","TRHE",,"Y","A main colony was identified and dotted as Areas 1-11. TRHE nests in this area peaked in May and are identified as best count.  Coverage of the remainder of the island is better in June, however so June TRHE dotted outside the main colony should be added.","No chicks visible."
"2013","05/24/13 00:00:00","Half Moon Island","SLF",,"N","WHIB",,"N","The only WHIB on the island in both May and June surveys are in the main wader colony with the TRHE and SNEG.    Because the number of sites declined in June, this cound in May should be used as ""best"".   No chicks visible.",
"2013","05/24/13 00:00:00","Half Moon Island","SLF",,"N","BLSK",,"N","No birds on island.",
"2013","05/24/13 00:00:00","Half Moon Island","SLF",,"N","FOTE",,"N","No birds on island.",
"2013","05/24/13 00:00:00","Half Moon Island","SLF",,"N","GBTE",,"N","No birds on island.",
"2013","06/19/13 00:00:00","Half Moon Island","SLF",,"Y","LAGU",,"N","Best count.  Nesting widespread across island.  No chicks visible.  Most birds incubating eggs.",
"2013","06/19/13 00:00:00","Half Moon Island","SLF",,"Y","SNEG",,"Y","Many chicks area visible in the main colony, which was dotted as best count in May. The SNEG on the remainder of the island are mostly on eggs, indicating that they were likely not missed in the May survey, but initiated nesting later.","These birds should be added to the count for SNEG as indicated."
"2013","06/19/13 00:00:00","Half Moon Island","SLF",,"Y","TRHE",,"Y","Many chicks area visible in the main colony, which was dotted as best count in May. The TRHE on the remainder of the island are mostly on eggs, indicating that they were likely not missed in the May survey, but initiated nesting later.","These birds should be added to the count for TRHE as indicated."
"2013","06/19/13 00:00:00","Half Moon Island","SLF",,"Y","WHIB",,"N","Fewer nests than in May.  No chicks visible.  Not best count.",
"2013","06/19/13 00:00:00","Half Moon Island","SLF",,"Y","BLSK",,"N","A single colony nesting on a sandy beach with GBTE.  No chicks visible.",
"2013","06/19/13 00:00:00","Half Moon Island","SLF",,"Y","GBTE",,"N","A scattering of nests within the BLSK colony.  No chicks visible.",
"2013","05/24/13 00:00:00","Dry Bread Island","SLF",,"N","FOTE",,"N","Three small colonies  on one end of island on wrack.  No chicks visible.",
"2013","05/24/13 00:00:00","Dry Bread Island","SLF",,"N","LAGU",,"N","Nesting mainly on wrackline, but some isolated nesting in the marsh.  No chicks visible.",
"2013","05/24/13 00:00:00","Dry Bread Island","SLF",,"N","SNEG",,"N","Small number of birds incubating eggs.  No chicks visible.",
"2013","05/24/13 00:00:00","Dry Bread Island","SLF",,"N","TRHE",,"N","Many nests scattered across the island.  No chicks visible.",
"2013","06/18/13 00:00:00","Dry Bread Island","SLF",,"N",,,"N","Coverage is slightly less in this survey than in May.  This survey not dotted because review of photos indicates similar numbers for most species.  FOTE not found at all in June photos.",
"2013","06/19/13 00:00:00","Half Moon Island","SLF",,"Y","FOTE",,"N","Many small colonies nesting on the wrack in various locations on the island.  No chicks seen.",
"2018","06/24/18 00:00:00","Gosier Islands North","RRR","Lots of beach, grasses, some shrubs","N",,,,"Area 3 in May and Area 15 in June show where ROYT and SATE were nesting early and had empty nest sites in June as seen from indentations in the sand.",
"2013","05/23/13 00:00:00","Queen Bess Island","JND",,"N","AMAV",,"N","Foraging birds; no evidence of breeding.",
"2013","05/23/13 00:00:00","Queen Bess Island","JND",,"N","AWPE",,"N","Loafing birds.",
"2013","05/23/13 00:00:00","Queen Bess Island","JND",,"N","BCNH",,"N","Small numbers of breeders (4 nests); all incubating; no chicks.",
"2013","05/23/13 00:00:00","Queen Bess Island","JND",,"N","BRPE",,"N","Numbers higher than in 2011; probably captured the peak of breeding activity; most with young chicks; some just setting up; others with fledged young; an apparently high proportion if","proportion of subadults sitting on nests, none with chicks--even where surrounded by adults with chicks."
"2013","05/23/13 00:00:00","Queen Bess Island","JND",,"N","GBHE",,"N","One foraging bird.",
"2013","05/23/13 00:00:00","Queen Bess Island","JND",,"N","GREG",,"N","Probably captured peak; most nests with chicks.",
"2013","05/23/13 00:00:00","Queen Bess Island","JND",,"N","LAGU",,"N","Numbers still down from 2011; no chicks.",
"2011","06/14/11 00:00:00","Hell Pass Coast","MWP","marsh islands","N",,,"N","June best due to BLSK and majority of birds still incubating; very good to excellent coverage; over 95% coverage for all species and probably closer to 99% coverage; possibly good reference colony",
"2012","05/28/12 00:00:00","Hell Pass Coast","MWP","marsh islands","N",,,"N","May best as June coverage very incomplete -- northern island not photographed at all in June; May coverage very good - had over 90% coverage and probably closer to 95% coverage; numbers appeared lower than in 2011;","No BLSK but in 2011 they nested on northern island and no photos of this island in June -- assuming no BLSK or we would have photographed the island"
"2012","05/28/12 00:00:00","Biloxi North 4","PJC",,"N",,,"N","FOTE and LAGU coverage likely only slightly incomplete; small #s; no other spp. seen",
"2012","05/28/12 00:00:00","Biloxi North 22","PJC","small marsh/grassy island","N","FOTE",,"N","complete coverage; no other spp. present",
"2012","05/28/12 00:00:00","Biloxi North 42","PJC","small marsh/grassy island","N","FOTE",,"N","complete coverage; no other spp. present",
"2012","05/28/12 00:00:00","Biloxi North 30 B","PJC",,"N",,,"N","100% coverage; FOTE & LAGU primarily; BLSK just setting up",
"2012","05/28/12 00:00:00","Biloxi North 31","PJC",,"N",,,"N","Complete coverage; dotted Cam2 and consulted Cam 1; just 1 TRHE site; BRPE roosting on shoreline only",
"2013","05/23/13 00:00:00","Queen Bess Island","JND",,"N","LIBH",,"N","One nest with bird in incubation posture plus one bird.",
"2013","05/23/13 00:00:00","Queen Bess Island","JND",,"N","MODU",,"N","15 foraging/loafing birds; no evidence of breeding.",
"2013","05/23/13 00:00:00","Queen Bess Island","JND",,"N","NECO",,"N","2 loafing/foraging birds; no evidence of breeding.",
"2013","05/23/13 00:00:00","Queen Bess Island","JND",,"N","ROSP",,"N","7 nests; one with small chicks.",
"2013","05/23/13 00:00:00","Queen Bess Island","JND",,"N","ROYT",,"N","Numbers still down from 2011; 239 sites at one location; no chicks.",
"2013","05/23/13 00:00:00","Queen Bess Island","JND",,"N","RSHA",,"N","One bird; no breeding habitat on island.",
"2013","05/23/13 00:00:00","Queen Bess Island","JND",,"N","SATE",,"N","Numbers still down from 2011; 3 sites at one location; no chicks.",
"2013","05/23/13 00:00:00","Queen Bess Island","JND",,"N","SNEG",,"N","13 nests; some with chicks.",
"2013","05/23/13 00:00:00","Queen Bess Island","JND",,"N","TRHE",,"N","Numbers similar to 2011; many wandering chicks.",
"2018","06/24/18 00:00:00","Gosier Islands North","RRR","Lots of beach, grasses, some shrubs","N",,,,"~10 abandoned ROYT or SATE sites on island.",
"2013","05/23/13 00:00:00","Queen Bess Island","JND",,"N","WHIB",,"N","4 nests; no chicks.",
"2013","05/23/13 00:00:00","Queen Bess Island","JND",,"N","YCNH",,"N","I bird; no evidence of breeding.",
"2013","06/19/13 00:00:00","Queen Bess Island","JND",,"N","BRPE",,"N","A few new nests here and there but no new groups; chicks everwhere, proportional to breeding evident in May.",
"2013","06/19/13 00:00:00","Queen Bess Island","JND",,"N","LAGU",,"N","Many birds still sitting on nests; no chicks anywhere, suggesting poor reproductive success among those relatively few birds that nested.",
"2013","06/19/13 00:00:00","Queen Bess Island","JND",,"N","ROYT",,"N","Only a couple of chicks evident, suggesting poor reproductive success among those relatively few birds that nested.",
"2013","06/19/13 00:00:00","Queen Bess Island","JND",,"N","TRHE",,"N","Many chicks and juveniles, proportional to breeding evident in May.",
"2013","05/23/13 00:00:00","Breton Island","JND",,"N","BLSK",,"N","Pre-incubation to early incubation; numbers higher than in 2012 but lower than in 2011.",
"2013","05/23/13 00:00:00","Breton Island","JND",,"N","BRPE",,"N","Numbers 2 times higher than in 2012 but still lower than in 2011; probably captured peak of breeding activity; somewhat high number of subadults sitting on nests--none with chicks, though lower number than at Queen Bess",
"2013","05/23/13 00:00:00","Breton Island","JND",,"N","CATE",,"N","New breeder this year; all in one location at the edge of a ROYT colony.",
"2013","05/23/13 00:00:00","Breton Island","JND",,"N","LAGU",,"N","Numbers lower than in 2011 or 2012; early to mid-incubation; no chicks.",
"2013","05/23/13 00:00:00","Breton Island","JND",,"N","ROYT",,"N","Highest numbers yet; most birds in early to mid-incubation; no chicks.",
"2013","05/23/13 00:00:00","Breton Island","JND",,"N","SATE",,"N","Numbers almost 4 times higher than in 2012; most birds in early to mid-incubation; no chicks.",
"2013","06/18/13 00:00:00","Breton Island","JND",,"N","BLSK",,"N","Mid-incubation; numbers a bit lower than in May",
"2013","06/18/13 00:00:00","Breton Island","JND",,"N","BRPE",,"N","Numbers similar to May; chicks everwhere; but many birds apparently still incubating, including most subadults--but one noted with a single chick.",
"2013","06/18/13 00:00:00","Breton Island","JND",,"N","CATE",,"N","Numbers similar to May; most still on nests; a few with small chicks",
"2013","06/18/13 00:00:00","Breton Island","JND",,"N","LAGU",,"N","Numbers a bit higher than in May; most incubating; some with small chicks.",
"2013","06/18/13 00:00:00","Breton Island","JND",,"N","ROYT",,"N","Numbers similar to May; most still on nests; many with chicks, some well away from sites.",
"2013","06/18/13 00:00:00","Breton Island","JND",,"N","SATE",,"N","Numbers similar to May; most still on nests; many with chicks, some well away from sites.",
"2013","05/24/13 00:00:00","Belle Isle","JND",,"N","LAGU",,"N","early to mid incubation; nests distributed among several microhabitats across entire area, with a few areas of high concentration",
"2013","05/24/13 00:00:00","Belle Isle","JND",,"N","FOTE",,"N","early to mid incubation; nests restricted to wrack lines and similar microhabitats.",
"2013","05/24/13 00:00:00","Belle Isle","JND",,"N","WHIB",,"N","early to mid incubation",
"2013","05/24/13 00:00:00","Belle Isle","JND",,"N","TRHE",,"N","early to mid incubation",
"2013","05/24/13 00:00:00","Belle Isle","JND",,"N","BCNH",,"N","early to mid incubation",
"2013","05/24/13 00:00:00","Belle Isle","JND",,"N","SNEG",,"N","early to mid incubation",
"2018","06/23/18 00:00:00","Little Mud Grass Island Northeast","PJC","Marsh island","N",,,"N","Most spp still active, except FOTE not seen; GREG chicks conspicuous; WHIB perhaps still incubating in similar or perhaps slightly larger #s than in May",
"2013","06/18/13 00:00:00","Belle Isle","JND",,"N","LAGU",,"N","similar numbers to May; no chicks evident",
"2013","06/18/13 00:00:00","Belle Isle","JND",,"N","FOTE",,"N","Fewer nests than in May; no chicks evident",
"2013","06/18/13 00:00:00","Belle Isle","JND",,"N","WHIB",,"N","similar numbers to May; no chicks evident",
"2013","06/18/13 00:00:00","Belle Isle","JND",,"N","TRHE",,"N","similar numbers to May; a few nests with chicks",
"2013","06/18/13 00:00:00","Belle Isle","JND",,"N","SNEG",,"N","similar numbers to May; no chicks evident",
"2013","06/19/13 00:00:00","Barataria Bay 5 AB","PAG",,"N","FOTE",,"N","Exclusively this species at different stages of nesting. Most incubating, some younger/older chicks observed",
"2013","06/18/13 00:00:00","Birdsfoot East 3","PAG",,"N","BLSK",,"N","Mostly this species nesting in open sandy area of upper reaches of island with limited vegetation. Expected #'s of non-incubating adults present at nest sites.",
"2013","06/18/13 00:00:00","Birdsfoot East 3","PAG",,"N","GBTE",,"N","Only a few nests among BLSK nest sites.",
"2013","05/23/13 00:00:00","Belle Pass East","PAG",,"N","GREG",,"N","Nests ranging from birds on eggs to older nestlings and even a number of young birds starting to wander off nests. Photos of June show many broods and most",
"2013","05/23/13 00:00:00","Belle Pass East","PAG",,"N","GREG",,"N","birds done nesting, so May photos were used for dotting.",
"2013","05/23/13 00:00:00","Belle Pass East","PAG",,"N","ROSP",,"N","A number of nests with young of various stages visible; from adults incubating to older nestlings. Waves of early nesters noted.",
"2013","05/23/13 00:00:00","Belle Pass East","PAG",,"N","WHIB",,"N","Preliminary count of approx. 270 sites dotted in May. Many juvs/boods observed in nearby wetlands when June photos were evaluated. Mixed groups of",
"2013","05/23/13 00:00:00","Belle Pass East","PAG",,"N","WHIB",,"N","juv herons and egrets here as well. Sites would have been difficult to count from June photos, but colonies appear to show many successfully fledged birds.",
"2013","06/17/13 00:00:00","Terrapin Island","PAG",,"N","CATE",,"N","Nesting CATE's not observed in May photos.",
"2013","06/17/13 00:00:00","Terrapin Island","PAG",,"N","LETE",,"N","Colony discovered on beach, not seen/photographed in previous years. Beach area where birds were nesting not photographed in 2011.",
"2013","05/23/13 00:00:00","Skimmer Island","PAG",,"N","WHIB",,"N","Various stages of nesting, including waves of early nesters with broods; others incubating. June photos with increased numbers of juvs/broods.",
"2013","05/23/13 00:00:00","Skimmer Island","PAG",,"N","WHIB",,"N","Overview created in PhotoShop of colony with dotting areas delineated. Mostly CAM 1 used for dotting, with clean-up of some areas using CAM 2. Excellent",
"2013","05/23/13 00:00:00","Skimmer Island","PAG",,"N","WHIB",,"N","photo coverage of WHIB colony.",
"2013","05/23/13 00:00:00","Skimmer Island","PAG",,"N","LAGU",,"N","Decent photo coverage for this species. Nests dotted mostly from CAM 2 photos, so likely some nests were missed. I would estimate 50-70% coverage obtained.",
"2013","06/19/13 00:00:00","Heron Island","PAG",,"N","GREG",,"N","Mostly GREG nests, with fewer numbers of other waders.",
"2018","05/19/18 00:00:00","Little Mud Grass Island Northeast","PJC","Marsh island","N",,,"N","Good coverage",
"2013","06/19/13 00:00:00","Birdsfoot West 3","PAG",,"N","SNEG",,"N","Predominately this species nesting in what appears to be almost exclusively phragmites habitat. Some LIBH's present",
"2013","06/19/13 00:00:00","Birdsfoot West 3","PAG",,"N","CAEG",,"N","A few nests of this species here. One nest shows two visible chicks.",
"2013","06/19/13 00:00:00","Birdsfoot West 3","PAG",,"N","LIBH",,"N","A few scattered nests, including one nest with a large, brown chick.",
"2013","06/19/13 00:00:00","Bayou Platte Island South","PAG",,"N","BLSK",,"N","June photos dotted (better quality and good coverage of island). May photos show colony in place, so little change in nesting bird ratios, but island appears",
"2013","06/19/13 00:00:00","Bayou Platte Island South","PAG",,"N","BLSK",,"N","much drier, with less green veg and more open sandy areas compared to June. Numbers of BLSK sites establishing were higher in May at the northwest",
"2013","06/19/13 00:00:00","Bayou Platte Island South","PAG",,"N","BLSK",,"N","end of the island because of this.",
"2013","06/19/13 00:00:00","Bayou Platte Island South","PAG",,"N","LAGU",,"N","Loafing birds at northwest end of island include some second-cycle birds, lacking black hoods.",
"2013","06/19/13 00:00:00","Bayou Platte Island South","PAG",,"N","GBTE",,"N","Many chicks dotted.",
"2013","06/19/13 00:00:00","Bayou Platte Island South","PAG",,"N","FOTE",,"N","Nests at outskirts of BLSK/GBTE colonies in taller veg. Some chicks dotted.",
"2013","05/25/13 00:00:00","Gaillard Island","MWP","Dredge Spoil Island","N","BRPE",,"Y","Used some June photos in areas where BRPE where still setting up in May or were not present in May; in general BRPE were much more spread out on the island; especially along levees where they bred in more linear colonies along the south and east levees","few areas where BRPE had dense groups on levee; also fewer BRPE in southwest corner area of the island where vegetation was ""dead"" in 2013"
"2013","05/25/13 00:00:00","Gaillard Island","MWP","Dredge Spoil Island","N","ROYT",,"N","Seemed similar to other years but perhaps more groups plus a fairly large colony in the NE corner of the island with CATE",
"2013","05/25/13 00:00:00","Gaillard Island","MWP","Dredge Spoil Island","N","SATE",,"N","very few SATE on the colony in 2013 but SATE are not the predominate tern; these birds are mixed with ROYT",
"2013","05/25/13 00:00:00","Gaillard Island","MWP","Dredge Spoil Island","N","CATE",,"Y","good numbers compared to other years; a new area in the southwest corner where it appears that heavy equipment work was done and a group of BLSK nested",
"2013","05/25/13 00:00:00","Gaillard Island","MWP","Dredge Spoil Island","N","BLSK",,"N","a group of BLSK were counted from overviews; BLSK have not previously nested on the island from 2010-2012 as far as we know; located in SW corner where it appears that heavy equipment/dirt work was conducted",
"2013","05/25/13 00:00:00","Gaillard Island","MWP","Dredge Spoil Island","N","LAGU",,"Y","more LAGU counted in this year; probably more a result of BRPE being more spreadout and thus more photos of BRPE counted; this count typically represents ""incidental"" counts in association with other ""focused"" species (e.g. terns and BRPE)",
"2021","06/17/21 00:00:00","Biloxi South 5 A","RSW",,"N","LAGU","Formed by June","N","LAGU birds observed in May but mostly in pairs and roosting birds; LAGU sites established by June. 100% coverage",
"2013","05/25/13 00:00:00","Gaillard Island","MWP","Dredge Spoil Island","N","WHIB",,"N","area where colony nested in previous years had ""dead"" vegetation and ""dirt"" work; colony occurred in south portion of island in green ""shrubby"" vegetation; the area the colony covered was much smaller than in previous years (about 1/2 the area maybe);","numbers seems much smaller than in 2011 and a probably smaller than 2012"
"2013","06/18/13 00:00:00","Freemason Island","MWP","sand/beach","N","BLSK",,"N","nesting group of BLSK and all other birds just roosting",
"2021","06/17/21 00:00:00","Biloxi South 5 B","RSW",,"N","BRPE","Formed by June","N","BRPE birds present on island in May, paired up but not on sites. By June, BRPE on well established sites. 100% coverage.",
"2013","05/24/13 00:00:00","New Harbor Island 3","MWP","mangrove/marsh island","N","BRPE",,"N","3 distinct areas of BRPE nesting; middle group had some nests that were being constructed in May and were well developed in June - see notes in species data; great photos and excellent coverage",
"2013","05/24/13 00:00:00","New Harbor Island 3","MWP","mangrove/marsh island","N","LAGU",,"N","a few areas of dense nesting mostly in southern and central portion of colony where more ""grass"" veg. occurred (compared to ""shrubs""). Coverage good where BRPE nested - other areas probably incomplete",
"2013","05/24/13 00:00:00","New Harbor Island 3","MWP","mangrove/marsh island","N","GREG",,"N","just a few nests (~4 nests); very small numbers in the northern portion of the colony;",
"2013","05/24/13 00:00:00","New Harbor Island 2","MWP","mangrove/marsh island","N","ALL",,"N","no breeding observed in photos taken in May and June; only roost birds but none were counted",
"2013","06/18/13 00:00:00","New Harbor Island 1","MWP","beach/marsh island","N","BLSK",,"N","very small group of BLSK seen in May and June; counted June photos as they appeared to be most complete",
"2013","06/18/13 00:00:00","New Harbor Island 1","MWP","beach/marsh island","N","LAGU",,"N","only counted sites near BLSK; a few other sites around colony but scattered and no large nesting by LAGU at this colony in this year; Maybe up to 20 more sites in all of the photos",
"2013","05/24/13 00:00:00","Brush Island","MWP","marsh/beach","N","SATE",,"Y","very good coverage; birds mostly chicked out in June so counted May",
"2013","05/24/13 00:00:00","Brush Island","MWP","marsh/beach","N","ROYT",,"Y","very good coverage; a small group of mostly ROYT in June not present in May; counted BLSK with this group of terns",
"2013","05/24/13 00:00:00","Brush Island","MWP","marsh/beach","N","BLSK",,"N","present in May and June; just counted these birds in June because they occurred with a ROYT colony that was only present in June",
"2013","05/24/13 00:00:00","Brush Island","MWP","marsh/beach","N","LAGU",,"Y","great coverage when using overview type photos which were good enough to count LAGU",
"2013","05/24/13 00:00:00","Brush Island","MWP","marsh/beach","N","BRPE",,"N","no nesting but there were birds roosting around the edge of the colony; none looking ""nesty"" in May or June photos",
"2021","06/17/21 00:00:00","Biloxi South 5 B","RSW",,"N","GREG","Active Both Months","N","Small colony in May is still there in June; More abundant GREG sites in June than in May; 100% coverage.",
"2013","05/24/13 00:00:00","Brush Island","MWP","marsh/beach","N","FOTE",,"N","very small nesting area observed in overview photos; no closeups of these few sites",
"2013","05/24/13 00:00:00","Drum Bay Island","MWP","marsh/beach","N","All",,"N","BRPE had some still setting up but most on nests with eggs; BCNH/TRHE/REEG in marsh areas but not in large numbers; LAGU throughout island but in short marsh ""grass"" and at edges of beaches; BLSK small group on beach; excellent coverage and photos;","GREG in area with BRPE but had small/med. Sized chicks already in May; June had empty nests in marsh area which probably was gulls or herons/egrets that had finished nesting; BRPE had wandering chicks; GREG/SNEG were chicked out mostly in June"
"2013","06/18/13 00:00:00","Biloxi North 32","MWP","marsh/beach","N","ALL",,"N","no breeding birds in 2013; no photos in May; June photos had roosting BRPE (~100) and terns (~200)",
"2013","05/24/13 00:00:00","Biloxi North 31","MWP","marsh","N","ALL",,"N","no breeding birds in 2013; photos taken each month and both sets had about 100 roosting BRPE, 100 roosting terns and a few roosting LAGU",
"2013","05/24/13 00:00:00","Biloxi North 30 B","MWP","marsh","N","ALL",,"N","no breeding birds; roosting terns, BRPE and AWPE in small numbers; roosting birds not counted",
"2013","06/18/13 00:00:00","Comfort Island","MWP","marsh/beach","N","BLSK",,"N","small group of BLSK that appear to be nesting; no other breeding birds observed; photos only taken in June; small number of ROYT roosting as well",
"2013","05/24/13 00:00:00","Biloxi North 30 A","MWP","marsh","N","All",,"N","flown over in May but not photographed; did not fly over in June and probably was only inspected from a distance",
"2013","06/18/13 00:00:00","White Log Lake Islands","MWP","marsh/beach","N","All",,"N","flown over both months; sample photos taken in June; no breeding birds seen in photos and none seen while flying survey",
"2013","06/18/13 00:00:00","Biloxi North 27","MWP","beach/marsh","N","BLSK",,"N","nesting on small pocket beaches; great photos except one small pocket only partially captured in photos - no overviews of this area either",
"2013","06/18/13 00:00:00","Biloxi North 27","MWP","beach/marsh","N","TRHE",,"N","just happened to catch one nest at edge of pocket beach in marsh; probably not many nests on this island since the entire island was not photographed",
"2013","06/18/13 00:00:00","Biloxi North 25","MWP","marsh","N","ALL",,"N","small numbers of TRHE and LAGU as well as one each site for ROSP and LIBH; excellent photo; used other cam2 photos to verify status and site; May photos had fewer nest sites so used June photos",
"2013","06/18/13 00:00:00","Biloxi North 26","MWP","marsh","N","ALL",,"N","photos are more overview and just a bit too far zoomed out to be highly confident of species and status; used colors as a clue to species",
"2013","06/18/13 00:00:00","Anderson Point Island","MWP","marsh","N","FOTE",,"N","small group of FOTE that was photographed; no other breeding birds observed in photos",
"2013","06/18/13 00:00:00","Hell Pass Coast","MWP","marsh/beach","N","ALL",,"N","three islands combined into this colony; very good coverage; used June photos as it was better for BLSK and seemed like more LAGU sites in some areas; some SNEG and perhaps TRHE had chicks (although TRHE chicks not easy to detect)",
"2013","05/24/13 00:00:00","Biloxi North 28","MWP","marsh","N","FOTE",,"N","great coverage and photos; small island with a group of about 100 FOTE;",
"2021","05/23/21 00:00:00","Biloxi South 5 B","RSW",,"N","BLSK",,"N","BLSK roosting birds in May on beach of island but are completely absent in June. 100% coverage.",
"2013","06/18/13 00:00:00","Little Mud Grass Island","MWP","marsh","N","All",,"N","small scattered colony of SNEG and TRHE; some WHIB but not nesting; incomplete coverage of entire island and difficult to tell if complete coverage of breeding birds because they are so scattered and veg. is high and birds are partially hidden in photos",
"2013","06/18/13 00:00:00","Biloxi North 22","MWP","marsh","N","All",,"N","no birds on the island at all",
"2013","06/18/13 00:00:00","Little Mud Grass Island Northeast","MWP","marsh","N","All",,"N","good coverage of the eastern side of the island where a majority of the birds are breeding; however western side wasn't photographed in June so used May photos",
"2021","06/17/21 00:00:00","Biloxi South 5 B","RSW",,"N","LAGU","Formed by June","N","LAGU birds are paired up in May and very scattered throughout island; by June, LAGU breeding colony established (clear sites), and sites are established mostly on beach areas of island with some in grass. 100% coverage",
"2013","05/24/13 00:00:00","Little Mud Grass Island Northeast","MWP","marsh","N","All",,"N","used May photos to obtain data on FOTE, TRHE and LAGU on this western portion of the island - especially important for FOTE population estimate; good coverage",
"2013","06/18/13 00:00:00","Biloxi North 35","MWP","marsh","N","LAGU",,"N","only a few photos taken; previously this colony had a WHIB colony but that portion of the colony appears to have eroded away and there were no wading birds nesting in 2013",
"2013","06/18/13 00:00:00","Biloxi North 18","MWP","marsh","N","ALL",,"N","no nests observed in the one photo taken; notes from flight indicate that no nesting was observed",
"2013","06/18/13 00:00:00","Biloxi North 17","MWP","marsh","N","ALL",,"N","no nests observed in the one photo taken; notes from flight indicate that no nesting was observed",
"2013","05/24/13 00:00:00","Redfish Bend","MWP","beach/marsh","N","LAGU",,"N","incomplete coverage as entire island not photographed; basically have count of LAGU around tern colony",
"2013","05/24/13 00:00:00","Redfish Bend","MWP","beach/marsh","N","SATE",,"N","a few SATE in colony; excellent count",
"2013","05/24/13 00:00:00","Redfish Bend","MWP","beach/marsh","N","ROYT",,"N","an excellent count and coverage at this island",
"2013","05/24/13 00:00:00","Redfish Bend","MWP","beach/marsh","N","BLSK",,"N","lots of BLSK were on beach but flushed as we flew past; nesting does not appear to be happening as no scrapes could be seen in photos and usually these are obvious when breeding is happening",
"2013","06/18/13 00:00:00","Martin Island","MWP","beach/marsh","N","ALL",,"N","BLSK colony with a few perifery LAGU sites; good overviews to show no nesting wading birds on this colony in 2013; may be a few missed LAGU based on habitat",
"2013","06/18/13 00:00:00","Biloxi North 16","MWP","beach/marsh","N","ALL",,"N","good coverage using overviews and confirming with closeups; had to use May photos for two pocket beaches to get a complete count of CATE; very good count of wading birds (TRHE, WHIB, SNEG, etc.)",
"2013","06/18/13 00:00:00","West Karako Bay Islet","MWP","bare island","N","ALL",,"N","only 4 roosting BRPE; island is severely degrading and very little land is remaining above water; C1C3photo35 captures the entire extent of the remnant island",
"2013","06/18/13 00:00:00","Biloxi North 15","MWP","eroded island","N","ALL",,"N","only a few roosting LAGU and terns; island appears to be eroding and habitat is degraded",
"2013","06/18/13 00:00:00","Biloxi North 14","MWP","beach/marsh","N","BLSK",,"N","good coverage of all pocket beaches; count seemed bery good in these areas",
"2013","06/18/13 00:00:00","Biloxi North 14","MWP","beach/marsh","N","LAGU",,"N","good coverage in areas where BLSK, CATE and GBTE occurred but not complete for the entire island; only photographed ""shoreline"" areas on east and west sides",
"2013","06/18/13 00:00:00","Biloxi North 14","MWP","beach/marsh","N","GBTE",,"N","good coverage",
"2013","06/18/13 00:00:00","Biloxi North 14","MWP","beach/marsh","N","CATE",,"N","good coverage",
"2021","05/23/21 00:00:00","Biloxi South 5 B","RSW",,"N","AWPE",,"N","AWPE birds roosting in May, gone in June. 100% coverage.",
"2013","05/24/13 00:00:00","Biloxi North 12","MWP","beach/marsh","N","CATE",,"N","small colony of nesting CATE on pocket beach; counted May photos as best photos for this species",
"2013","05/24/13 00:00:00","Biloxi North 12","MWP","marsh","N","LAGU",,"Y","good overview type photos that could be used for counting LAGU; probably about 90% coveage for the entire island",
"2013","06/19/13 00:00:00","Biloxi North 12","MWP","marsh","N","TRHE",,"Y","good coverage of species in this area of the marsh habitat; some TRHE counted in May with LAGU on a different portion of the island",
"2013","06/19/13 00:00:00","Biloxi North 12","MWP","marsh","N","WHIB",,"N","birds appeared to be standing above nests and not sitting tight; some birds flushed while we conducted our survey; this is the only time nesting WHIB have been observed flushing during our suveys; unsure of the exact reason",
"2013","06/19/13 00:00:00","Biloxi North 12","MWP","marsh","N","SNEG",,"N","a few SNEG mixed with TRHE/WHIB colony",
"2013","05/24/13 00:00:00","Biloxi North 13","MWP","marsh","N","ALL",,"N","mostly LAGU colony; probably less than 50% of island covered with photos; one CATE pair that appeared to be nesting as well as a pair of AMOY;",
"2013","06/19/13 00:00:00","Biloxi North 5","mwp","marsh/beach","N","ALL",,"N","BLSK and LAGU colony; 100% coverage of BLSK about 90% coverage of LAGU",
"2013","06/19/13 00:00:00","Biloxi North 4","MWP","marsh","N","ALL",,"N","no birds seen in any of the photos; no photos taken during May survey but flew directly over the island; photos in June taken just to show habitat types",
"2013","05/24/13 00:00:00","Door Point Lagoon 1","MWP","marsh","N","LAGU",,"Y","very good coverage using overview type photos; approximately 90% of island had photographs with quality good enough to count LAGU; maybe a few sites missed along the east side of the island but not many",
"2013","05/24/13 00:00:00","Door Point Lagoon 1","MWP","marsh","N","BRPE",,"N","very good coverage; 100% of BRPE nests counted in photos; however in June photos BRPE colony appears to be abandoned as very few BRPE are seen nesting in June photos",
"2013","06/19/13 00:00:00","Door Point Lagoon 1","MWP","beach","N","BLSK",,"N","excellent coverage; BLSK numbers high in both May and June but more GBTE in June so counted those photos",
"2013","06/19/13 00:00:00","Door Point Lagoon 1","MWP","beach","N","GBTE",,"N","excellent coverage; BLSK numbers high in both May and June but more GBTE in June so counted those photos",
"2013","05/24/13 00:00:00","Door Point Lagoon 2","MWP","beach/marsh","N","BRPE",,"N","very good coverage; no nests in June photos - colony may have been abandoned in June",
"2013","05/24/13 00:00:00","Door Point Lagoon 2","MWP","beach","N","LAGU",,"N","good coverage; only a small group of birds",
"2013","05/24/13 00:00:00","Door Point Lagoon 2","MWP","marsh/beach","N","LAGU",,"N","much of the middle marsh area was not photographed; probably only about 50% of island/colony was covered with photos; incomplete coverage for gulls as habitat in missed area looks good in GoogleEarth",
"2013","05/24/13 00:00:00","Door Point Lagoon 2","MWP","beach","N","ROYT/CATE",,"N","only roosting birds; no nesting observed",
"2013","06/19/13 00:00:00","Biloxi North 7","MWP","marsh","N","BRPE",,"N","good coverage of BRPE nests",
"2013","06/19/13 00:00:00","Biloxi North 7","MWP","marsh","N","LAGU",,"N","only incidental LAGU that occurred within the photographs where BRPE were nesting; only about 10% of entire island photographed",
"2013","06/19/13 00:00:00","Biloxi North 8","MWP","marsh","N","BRPE",,"N","good coverage of BRPE nests",
"2021","05/17/21 00:00:00","Lavaca Bay Spoils E","NY","Spoil Island","N","TRHE","Active Both Months","N","Colony in incubation stage. Complete coverage.",
"2013","06/19/13 00:00:00","Biloxi North 8","MWP","marsh","N","LAGU",,"N","only incidental LAGU that occurred within the photographs where BRPE were nesting; only about 10% of entire island photographed",
"2013","06/19/13 00:00:00","Biloxi North 10 E","MWP","marsh","N","ALL",,"N","mix of WHIB, TRHE, SNEG and LAGU; few LAGU and probably got most of them; good coverage of all others but probably not complete for TRHE; approx. 85% of island photographed",
"2013","06/19/13 00:00:00","Biloxi North 10 E","MWP","marsh","N","ALL",,"N","northern peninsula; mix of WHIB, TRHE, SNEG and LAGU; few LAGU and probably got most of them; good coverage of all others but probably not complete for TRHE; approx. 20% of island photographed as only the southern most penninsula was photographed",
"2013","06/19/13 00:00:00","Bastian Island","MWP","beach","N","ALL",,"N","excellent photos and coverage of BLSK, ROYT, SATE and GBTE",
"2013","05/24/13 00:00:00","Cat Island","MWP","shrub island","N","WHIB",,"N","phenology at all stages, a very few birds on eggs, most sites have chicks being brooded; lots of larger wandering chicks as well; very good coverage",
"2013","05/24/13 00:00:00","Cat Island","MWP","shrub island","N","BRPE",,"N","small group of BRPE; appear to be on eggs only a couple of nests with eggs visible",
"2013","05/24/13 00:00:00","Cat Island","MWP","shrub island","N","CAEG",,"N","cattle egret throughout the island; most still on sites",
"2013","05/24/13 00:00:00","Cat Island","MWP","shrub island","N","GREG",,"N","a decent sized GREG group; birds on eggs and large chicks but chicks do not appear to be wondering; good coverage",
"2013","05/24/13 00:00:00","Cat Island","MWP","shrub island","N","SNEG",,"N","small numbers mixed in with WHIB and other waders",
"2013","05/24/13 00:00:00","Cat Island","MWP","shrub island","N","REEG",,"N","a very small group nesting together within the WHIB and egrets",
"2013","05/24/13 00:00:00","Cat Island","MWP","shrub island","N","TRHE",,"N","throughout the island; some appear to have made sites in the shrubs?",
"2013","05/24/13 00:00:00","Cat Island","MWP","shrub island","N","BLSK",,"N","a few birds along the sandy beaches; they do not appear to be nesting",
"2021","05/17/21 00:00:00","Lavaca Bay Spoils E","NY","Spoil Island","N","AMOY","Active Both Months","N","Two sites present",
"2013","06/17/13 00:00:00","Smith Island","MWP","vegetated island/marsh","N","ALL",,"N","all species were well along in nesting period; BRPE had large chicks but still in nests; originally dotted some ""broods"" but after further analysis removed these as the birds were not YY birds; whit egrets were well along with chicks out of nests;","TRHE had some chicks out of nests but sites in marsh still had adult attending but probably small chicks and not eggs"
"2013","05/25/13 00:00:00","Battery McIntosh","MWP","marsh island","N","ALL",,"N","small wading bird colony with most species with small to large chicks; CAEG still appear to be on very small chicks or eggs; good coverage and count",
"2013","06/19/13 00:00:00","Barataria Bay 7","MWP","marsh","N","LAGU",,"N","only 1 site; previously this colony had around 75 sites (see 2011 database); however erosion of the island has eliminated nesting habitat; colony also had about 85 FOTE nests as well in previous years",
"2013","06/18/13 00:00:00","Biloxi South 3","KMR","Grasses, bare ground, open water patches.","N",,,"N","Approximately 98% of colony photographed, analyzed, and counted.",
"2013","06/18/13 00:00:00","Biloxi South 3","KMR","Grasses, bare ground, open water patches.","N","LAGU",,"N","LAGU observed sitting on sites; very few chicks observed.",
"2013","06/18/13 00:00:00","Biloxi South 3","KMR","Grasses, bare ground, open water patches.","N","TRHE",,"N","TRHE observed sitting on sites and in brooding posture; chicks observed were small, approximately 1/4-1/3 grown.",
"2013","06/18/13 00:00:00","Biloxi South 3","KMR","Grasses, bare ground, open water patches.","N","SNEG",,"N","SNEG observed sitting on sites and in brooding posture; chicks observed were small, approximately 1/4-1/3 grown.",
"2013","06/18/13 00:00:00","Biloxi South 3","KMR","Grasses, bare ground, open water patches.","N","WHIB",,"N","WHIB observed sitting low on sites and in brooding posture; very few chicks observed; birds in two isolated groups still apparently building nests as evident by behavior in standing posture in pairs at non-well built nests.",
"2013","06/18/13 00:00:00","Biloxi South 3","KMR","Grasses, bare ground, open water patches.","N","BCNH",,"N","BCNH observed sitting low on sites; no chicks observed.",
"2013","06/18/13 00:00:00","Biloxi South 3","KMR","Grasses, bare ground, open water patches.","N","GREG",,"N","GREG observed sitting low on sites and with 1/3 grown chicks.",
"2013","06/18/13 00:00:00","Biloxi South 3","KMR","Grasses, bare ground, open water patches.","N","ROSP",,"N","ROSP observed sitting low on site.",
"2013","05/24/13 00:00:00","Biloxi South 3","KMR","Grasses, bare ground, open water patches.","N",,,"N","Colony photos visually assessed; WHIB just beginning to build nests and were well established by June survey; June survey used for analysis.",
"2013","05/24/13 00:00:00","Biloxi South 1","KMR","Exposed beach, grasses.","N",,,"N","100% of colony analyzed and counted; approximately 630 BLSK present, mostly in pairs; 1 AMOY site, likely without eggs. Most BLSK, FOTE & GBTE, and AMOY abandoned by June survey.","LAGU and BLSK counted from June survey. 5 large dead fishes observed on beach, easily 1m in length."
"2013","06/18/13 00:00:00","Biloxi South 1","KMR","Exposed beach, grasses.","N",,,"N","100% of colony analyzed and counted; LAGU, BLSK, and AMOY were only species counted for June; Other species counted from May survey as abandonment occurred in the interim.",
"2013","06/18/13 00:00:00","Biloxi South 1","KMR","Exposed beach, grasses.","N","LAGU",,"N","LAGU observed sitting low on sites; no chicks observed.",
"2021","05/17/21 00:00:00","Lavaca Bay Spoils E","NY","Spoil Island","N","BBWD","Active Both Months","N","One site present.",
"2013","06/18/13 00:00:00","Biloxi South 1","KMR","Exposed beach, grasses.","N","BLSK",,"N","BLSK observed sitting on sites; most birds were roosting on beach and in pairs.",
"2013","05/24/13 00:00:00","Biloxi South 1","KMR","Exposed beach, grasses.","N","FOTE",,"N","FOTE observed sitting on sites in incubation posture; no chicks observed; most sites abandoned by June survey.",
"2013","05/24/13 00:00:00","Biloxi South 1","KMR","Exposed beach, grasses.","N","GBTE",,"N","GBTE observed sitting on sites in incubation posture; no chicks observed; most sites abandoned by June survey.",
"2013","05/24/13 00:00:00","Biloxi South 2","KMR","Grasses, bare ground.","N",,,"Y","50% of colony photographed, analyzed and counted for May 2013; colony composed of two adjacent islands; half of colony covered completely in May, same half only partly in June; many FOTE abandoned by June survey based on overlapping photos.",
"2013","05/24/13 00:00:00","Biloxi South 2","KMR","Grasses, bare ground.","N","LAGU",,"Y","LAGU observed sitting low on sites.",
"2013","05/24/13 00:00:00","Biloxi South 2","KMR","Grasses, bare ground.","N","FOTE",,"Y","FOTE observed sitting low on sites in incubation posture; still apparently building nests based on many birds in pairs, standing, and sitting but not in incubation posture.",
"2013","05/24/13 00:00:00","Biloxi South 2","KMR","Grasses, bare ground.","N","TRHE",,"Y","TRHE observed sitting low on site; only 1 site observed in May survey on half of colony photographed.",
"2013","06/18/13 00:00:00","Biloxi South 2","KMR","Grasses, bare ground.","N",,,"N","Approximately 95% of colony photographed, analyzed, and counted for 2013 between May and June surveys combined.",
"2013","06/18/13 00:00:00","Biloxi South 2","KMR","Grasses, bare ground.","N","LAGU",,"Y","LAGU observed sitting low on sites; no chicks observed; a minimal amount of abandonment occurred in areas photographed during May survey, evident from overlapping photos of the same areas. LAGU not counted on half of colony photographed in May.",
"2013","06/18/13 00:00:00","Biloxi South 2","KMR","Grasses, bare ground.","N","TRHE",,"Y","TRHE observed sitting low on sites; no chicks observed; late nest initiation in 2013, mostly occurred after May survey (i.e. half of colony photographed in May with overlapping photos from June) (1 site observed in May).",
"2013","06/18/13 00:00:00","Biloxi South 2","KMR","Grasses, bare ground.","N","SNEG",,"N","SNEG observed sitting low on sites; no chicks observed; late nest initiation in 2013, mostly occurred after May survey (i.e. half of colony photographed in May with overlapping photos from June) (no sites observed in May).",
"2013","06/18/13 00:00:00","Biloxi South 2","KMR","Grasses, bare ground.","N","REEG",,"N","REEG observed sitting low on site; no chicks observed.",
"2013","06/18/13 00:00:00","Biloxi South 2","KMR","Grasses, bare ground.","N","FOTE",,"Y","FOTE observed sitting low on sites in incubation posture; no chicks observed; assessment of overlapping May photos showed that approximately 90% of FOTE had abandoned from areas photographed in May.",
"2013","05/24/13 00:00:00","Biloxi South 6","KMR","Grasses, several small beaches.","N",,,"N","100% of colony photographed, analyzed, and counted.",
"2013","05/24/13 00:00:00","Biloxi South 6","KMR","Grasses, several small beaches.","N","FOTE",,"N","FOTE observed sitting on sites in incubation posture; most birds standing on colony, most likely initiating nest sites.",
"2013","05/24/13 00:00:00","Biloxi South 6","KMR","Grasses, several small beaches.","N","AMOY",,"N","AMOY observed sitting on a site on a beach, other adult nearby.",
"2021","05/17/21 00:00:00","Lavaca Bay Spoils E","NY","Spoil Island","N","BCNH","Active Both Months","N","Colony in incubation stage. Complete coverage.","Twelve sites present."
"2013","06/18/13 00:00:00","Biloxi South 6","KMR","Grasses, several small beaches.","N",,,"N","Colony photo(s) visually assessed; Only one photo taken during June survey; inadequate coverage to analyze colony; May survey photos used for analysis.",
"2013","05/24/13 00:00:00","Biloxi South 4 B","KMR","Grasses, exposed beach.","N",,,"N","Approximately 98% of colony photographed, analyzed, and counted.",
"2013","05/24/13 00:00:00","Biloxi South 4 B","KMR","Grasses, exposed beach.","N","LAGU",,"N","LAGU observed sitting low on sites; no chicks observed.",
"2013","05/24/13 00:00:00","Biloxi South 4 B","KMR","Grasses, exposed beach.","N","FOTE",,"N","FOTE observed sitting on sites in incubation posture, and building sites, standing on colony in pairs; no chicks observed.",
"2013","05/24/13 00:00:00","Biloxi South 4 B","KMR","Grasses, exposed beach.","N","CATE",,"N","CATE observed sitting low on sites and in incubation postue, some still building sites on beach.",
"2013","05/24/13 00:00:00","Biloxi South 4 B","KMR","Grasses, exposed beach.","N","TRHE",,"N","TRHE observed sitting on site; no chicks observed.",
"2013","06/18/13 00:00:00","Biloxi South 4 B","KMR","Grasses, exposed beach.","N",,,"N","No photos taken during June survey.",
"2013","05/24/13 00:00:00","Biloxi South 14","KMR","Grasses, bare ground, small beach.","N",,,"N","100% this small island photographed, analyzed, and counted; entire colony of SLF45 extends to adjacent island, June photos used for analysis of remaining area.",
"2013","05/24/13 00:00:00","Biloxi South 14","KMR","Grasses, bare ground, small beach.","N","LAGU",,"Y","LAGU observed sitting low on sites; no chicks observed.",
"2013","05/24/13 00:00:00","Biloxi South 14","KMR","Grasses, bare ground, small beach.","N","FOTE",,"Y","FOTE observed sitting low on sites in incubation posture; no chicks observed.",
"2013","05/24/13 00:00:00","Biloxi South 14","KMR","Grasses, bare ground, small beach.","N","GBTE",,"Y","GBTE observed sitting on sites on exposed beach; no chicks observed.",
"2013","06/18/13 00:00:00","Biloxi South 14","KMR","Grasses, beaches, bare ground.","N",,,"N","Unknown proportion of colony photographed, analyzed, and counted; all nesting species were analyzed from available photos; May & June surveys will be combined for LAGU, FOTE, and GBTE. June photos were of remaining colony not analyzed from May photos.",
"2013","06/18/13 00:00:00","Biloxi South 14","KMR","Grasses, beaches, bare ground.","N","LAGU",,"Y","LAGU observed sitting low on sites; no chicks observed.",
"2013","06/18/13 00:00:00","Biloxi South 14","KMR","Grasses, beaches, bare ground.","N","FOTE",,"Y","FOTE observed sitting on sites in incubation posture; no chicks observed.",
"2013","06/18/13 00:00:00","Biloxi South 14","KMR","Grasses, beaches, bare ground.","N","GBTE",,"Y","GBTE observed sitting low on sites in incubation posture; no chicks observed.",
"2013","06/18/13 00:00:00","Biloxi South 14","KMR","Grasses, beaches, bare ground.","N","BLSK",,"N","BLSK observed sitting on sites in incubation posture; no chicks observed.",
"2013","05/24/13 00:00:00","Biloxi South 5 A","KMR","Grasses, bare ground, exposed beach.","N",,,"N","100% of colony photographed, analyzed, and counted; BRPE still establishing nest sites and loafing in colony, will dot from June survey.",
"2013","05/24/13 00:00:00","Biloxi South 5 A","KMR","Grasses, bare ground, exposed beach.","N","LAGU",,"N","LAGU observed sitting low on sites; no chicks observed.",
"2013","05/24/13 00:00:00","Biloxi South 5 A","KMR","Grasses, bare ground, exposed beach.","N","TRHE",,"N","TRHE observed sitting on sites in brooding posture; on site with 1/3 grown chicks observed.",
"2021","05/17/21 00:00:00","Lavaca Bay Spoils E","NY","Spoil Island","N","BRPE","Active Both Months","N","Colony in incubation stage, chicks present. Complete coverage.",
"2013","05/24/13 00:00:00","Biloxi South 5 A","KMR","Grasses, bare ground, exposed beach.","N","WHEG",,"N","WHEG observed sitting on sites in  brooding posture; most WHEG likely SNEG, but could not differentiate from GREG.",
"2013","05/24/13 00:00:00","Biloxi South 5 A","KMR","Grasses, bare ground, exposed beach.","N","BCNH",,"N","BCNH observed sitting on site; no chicks observed.",
"2013","05/24/13 00:00:00","Biloxi South 5 A","KMR","Grasses, bare ground, exposed beach.","N","FOTE",,"N","FOTE observed sitting on sites in incubation posture; most birds standing at nest sites and not on eggs, colony still establishing.",
"2013","06/18/13 00:00:00","Biloxi South 5 A","KMR","Grasses, bare ground, exposed beach.","N",,,"N","100% of colony analyzed and counted for BRPE only; Approx. 80% FOTE, 30% LAGU, 20% TRHE, and 20% WHEG abandoned sites by June survey; TRHE and WHEG observed with 1/2-2/3 grown mobile chicks.",
"2013","06/18/13 00:00:00","Biloxi South 5 A","KMR","Grasses, bare ground, exposed beach.","N","BRPE",,"N","BRPE observed sitting on WBN; immature birds observed on WBN, accounted for in screen captures; total ratio of Imm:AD WBN = 10:128. Approximately 25% of BRPE building nests and present in May survey have abandoned by June survey.",
"2013","05/24/13 00:00:00","Biloxi South 5 B","KMR","Grasses, bare ground, exposed beach.","N",,,"N","100% of colony photographed, analyzed, and counted; All species except BRPE counted from May survey photos.",
"2013","05/24/13 00:00:00","Biloxi South 5 B","KMR","Grasses, bare ground, exposed beach.","N","LAGU",,"N","LAGU observed sitting on sites; no chicks observed; some birds still building sites.",
"2013","05/24/13 00:00:00","Biloxi South 5 B","KMR","Grasses, bare ground, exposed beach.","N","TRHE",,"N","TRHE observed on sites in brooding posture; no chicks observed.",
"2013","05/24/13 00:00:00","Biloxi South 5 B","KMR","Grasses, bare ground, exposed beach.","N","WHEG",,"N","WHEG observed on sites in broodin posture; no chicks observed.",
"2013","05/24/13 00:00:00","Biloxi South 5 B","KMR","Grasses, bare ground, exposed beach.","N","BCNH",,"N","BCNH observed sitting on sites; no chicks observed.",
"2013","05/24/13 00:00:00","Biloxi South 5 B","KMR","Grasses, bare ground, exposed beach.","N","SNEG",,"N","SNEG observed on sites in brooding posture; no chicks observed.",
"2013","06/18/13 00:00:00","Biloxi South 5 B","KMR","Grasses, bare ground, exposed beach.","N",,,"N","Approximately 98% of BRPE nests photographed; Only BRPE analyzed from June survey.",
"2013","06/18/13 00:00:00","Biloxi South 5 B","KMR","Grasses, bare ground, exposed beach.","N","BRPE",,"N","BRPE observed sitting on WBN and PBN; no chicks observed; nesting numbers increased from May survey; Immature BRPE observed sitting on nests (see screen captures), ratio of Imm:AD on nests = 5:135.",
"2013","05/24/13 00:00:00","Biloxi South 9","KMR","Grasses, bare ground, exposed beach, open water.","N",,,"N","100% of colony analyzed and counted.",
"2013","05/24/13 00:00:00","Biloxi South 9","KMR","Grasses, bare ground, exposed beach, open water.","N","LAGU",,"N","LAGU observed sitting low on sites; no chicks observed.",
"2013","05/24/13 00:00:00","Biloxi South 9","KMR","Grasses, bare ground, exposed beach, open water.","N","CATE",,"N","CATE observed sitting low on sites and in incubation posture; no chicks observed; few pairs still building sites.",
"2013","05/24/13 00:00:00","Biloxi South 9","KMR","Grasses, bare ground, exposed beach, open water.","N","GBTE",,"N","GBTE observed sitting on sites in incubation posture; no chicks observed.",
"2021","05/17/21 00:00:00","Lavaca Bay Spoils E","NY","Spoil Island","N","CAEG","Active Both Months","N","Colony in incubation stage. Complete coverage.",
"2013","05/24/13 00:00:00","Biloxi South 9","KMR","Grasses, bare ground, exposed beach, open water.","N","BLSK",,"N","BLSK observed on few sites; colonial nesting effort still building; birds mostly standing in pairs on beach.",
"2013","06/18/13 00:00:00","Biloxi South 9","KMR","Grasses, bare ground, exposed beach, open water.","N",,,"N","Colony inspected but not photographed during June13 survey.",
"2013","05/24/13 00:00:00","Long Bay Island","KMR","Grasses, bare ground, beach, open water.","N",,,"N","100% of colony analyzed and counted. All species except BLSK dotted from May survey.",
"2013","05/24/13 00:00:00","Long Bay Island","KMR","Grasses, bare ground, beach, open water.","N","LAGU",,"N","LAGU sitting on sites; copulation observed in one pair; no chicks observed.",
"2013","05/24/13 00:00:00","Long Bay Island","KMR","Grasses, bare ground, beach, open water.","N","TRHE",,"N","TRHE observed sitting on sites in brooding postue; eggs observed; no chicks observed.",
"2013","05/24/13 00:00:00","Long Bay Island","KMR","Grasses, bare ground, beach, open water.","N","SNEG",,"N","SNEG observed sitting on sites in brooding postue; no chicks observed.",
"2013","05/24/13 00:00:00","Long Bay Island","KMR","Grasses, bare ground, beach, open water.","N","WHIB",,"N","WHIB observed sitting on sites in brooding posture; birds observed staging and building sites; no chicks observed.",
"2013","05/24/13 00:00:00","Long Bay Island","KMR","Grasses, bare ground, beach, open water.","N","FOTE",,"N","FOTE observed sitting on sites in incubation posture; birds still building sites; no chicks observed.",
"2013","06/18/13 00:00:00","Long Bay Island","KMR","Grasses, bare ground, beach, open water.","N",,,"N","100% of colony analyzed and counted; BLSK, CATE, and GBTE only analyzed from June survey; TRHE with mobile chicks, no apparent abandonment; Approximately 60% of WHIB sites, 60% of FOTE sites, and 10% of LAGU sites abandoned since May survey.",
"2013","06/18/13 00:00:00","Long Bay Island","KMR","Grasses, bare ground, beach, open water.","N","BLSK",,"N","BLSK observed sitting on sites in incubation posture; no chicks observed; other pairs present, not yet sitting on built sites.",
"2013","06/18/13 00:00:00","Long Bay Island","KMR","Grasses, bare ground, beach, open water.","N","CATE",,"N","CATE observed sitting on sites in incubation posture; no chicks observed; other pairs present, not yet sitting on built sites.",
"2013","06/18/13 00:00:00","Long Bay Island","KMR","Grasses, bare ground, beach, open water.","N","GBTE",,"N","GBTE observed sitting on sites in incubation posture; no chicks observed.",
"2013","05/24/13 00:00:00","Biloxi South 11","KMR","Grasses, dead mangrove shrubs, mudflat.","N",,,"N","100% of colony analyzed and counted.",
"2013","05/24/13 00:00:00","Biloxi South 11","KMR","Grasses, dead mangrove shrubs, mudflat.","N","BRPE",,"N","BRPE observed sitting on WBN and with eggs, newly hatched chicks, and 1-3 week old chicks.",
"2013","05/24/13 00:00:00","Biloxi South 11","KMR","Grasses, dead mangrove shrubs, mudflat.","N","TRHE",,"N","TRHE observed sitting on sites; no chicks observed.",
"2013","05/24/13 00:00:00","Biloxi South 11","KMR","Grasses, dead mangrove shrubs, mudflat.","N","WHIB",,"N","WHIB observed sitting on sites; no chicks observed.",
"2013","05/24/13 00:00:00","Biloxi South 11","KMR","Grasses, dead mangrove shrubs, mudflat.","N","SNEG",,"N","SNEG observed sitting on sites and with eggs to 2/3 grown chicks.",
"2013","05/24/13 00:00:00","Biloxi South 11","KMR","Grasses, dead mangrove shrubs, mudflat.","N","ROSP",,"N","ROSP observed sitting on sites and with 1/2 grown chicks.",
"2021","05/17/21 00:00:00","Lavaca Bay Spoils E","NY","Spoil Island","N","SNEG","Active Both Months","N","Colony in incubation stage. Complete coverage.",
"2013","05/24/13 00:00:00","Biloxi South 11","KMR","Grasses, dead mangrove shrubs, mudflat.","N","BCNH",,"N","BCNH observed sitting on sites; few chicks observed, 1/3-1/2 grown.",
"2013","05/24/13 00:00:00","Biloxi South 11","KMR","Grasses, dead mangrove shrubs, mudflat.","N","GREG",,"N","GREG observed sitting on sites and with eggs to 1/3-2/3 grown chicks.",
"2013","06/18/13 00:00:00","Biloxi South 11","KMR","Grasses, dead mangrove shrubs, mudflat.","N",,,"N","Colony photos visually assessed; all species present during May survey observed with large mobile chicks; data on reproductive effort collected from May survey.",
"2013","05/24/13 00:00:00","Biloxi South 15","KMR","Tidal grass and mangrove marsh.","N",,,"N","100% of colony analyzed and counted.",
"2013","05/24/13 00:00:00","Biloxi South 15","KMR","Tidal grass and mangrove marsh.","N","TRHE",,"N","TRHE observed sitting on sites in brooding posture; eggs and few 1/4-1/3 grown chicks observed.",
"2013","05/24/13 00:00:00","Biloxi South 15","KMR","Tidal grass and mangrove marsh.","N","SNEG",,"N","SNEG observed sitting on sites and in brooding posture; no chicks observed.",
"2013","05/24/13 00:00:00","Biloxi South 15","KMR","Tidal grass and mangrove marsh.","N","ROSP",,"N","ROSP observed sitting on sites; no chicks observed.",
"2013","05/24/13 00:00:00","Biloxi South 15","KMR","Tidal grass and mangrove marsh.","N","BCNH",,"N","BCNH observed sitting on sites; no chicks observed.",
"2013","05/24/13 00:00:00","Biloxi South 15","KMR","Tidal grass and mangrove marsh.","N","GREG",,"N","GREG observed sitting on sites in brooding posture; no chicks observed.",
"2013","06/18/13 00:00:00","Biloxi South 15","KMR","Tidal grass and mangrove marsh.","N",,,"N","Colony photos visually assessed; All species present in May observed with chicks, some straying from nest sites; Although WHIB were present in May, no nesting occurred.",
"2013","05/24/13 00:00:00","Biloxi South 10 C","KMR","Grasses, bare ground, few shrubs.","N",,,"N","100% of colony analyzed and counted. 3 ""large dead fishes"" observed and marked in screen captures.",
"2013","05/24/13 00:00:00","Biloxi South 10 C","KMR","Grasses, bare ground, few shrubs.","N","LAGU",,"N","LAGU observed sitting on sites; no chicks observed.",
"2013","06/18/13 00:00:00","Biloxi South 10 C","KMR","Grasses, bare ground, few shrubs.","N",,,"N","Colony photos visually assessed; photo coverage poor compared to May survey.",
"2013","05/24/13 00:00:00","Biloxi South 10 A","KMR","Grasses, bare ground, few shrubs, small beaches.","N",,,"N","100% of colony analyzed and counted.",
"2013","05/24/13 00:00:00","Biloxi South 10 A","KMR","Grasses, bare ground, few shrubs, small beaches.","N","LAGU",,"N","LAGU observed sitting on sites; no chicks observed.",
"2013","05/24/13 00:00:00","Biloxi South 10 A","KMR","Grasses, bare ground, few shrubs, small beaches.","N","BRPE",,"N","BRPE observed sitting on well built nests; no chicks observed.",
"2013","06/18/13 00:00:00","Biloxi South 10 A","KMR","Grasses, bare ground, few shrubs, small beaches.","N",,,"N","Colony photos visually assessed; photo covereage poor compared to May survey.",
"2013","05/24/13 00:00:00","Biloxi South 10 B","KMR","Grasses, bare ground, dead shrubs, shrubs, beach.","N",,,"N","100% of colony analyzed and counted; four ""large dead fish"" observed in photos, circled and labeled in screen captures.",
"2013","05/24/13 00:00:00","Biloxi South 10 B","KMR","Grasses, bare ground, dead shrubs, shrubs, beach.","N","LAGU",,"N","LAGU observed sitting on sites; no chicks observed.",
"2021","05/17/21 00:00:00","Lavaca Bay Spoils E","NY","Spoil Island","N","ROYT","Active Both Months","N","Colony in incubation stage. Complete coverage.","Large tern colony gone by june. Flooding?"
"2013","05/24/13 00:00:00","Biloxi South 10 B","KMR","Grasses, bare ground, dead shrubs, shrubs, beach.","N","TRHE",,"N","TRHE observed sitting on site; no chicks observed.",
"2013","05/24/13 00:00:00","Biloxi South 10 B","KMR","Grasses, bare ground, dead shrubs, shrubs, beach.","N","SNEG",,"N","SNEG observed sitting on site; no chicks observed.",
"2013","05/24/13 00:00:00","Biloxi South 10 B","KMR","Grasses, bare ground, dead shrubs, shrubs, beach.","N","BRPE",,"N","BRPE observed sitting on WBN and PBN; no chicks observed. 1 BRPE IMM PBN observed in area 4.",
"2013","06/18/13 00:00:00","Biloxi South 10 B","KMR","Grasses, bare ground, dead shrubs, shrubs, beach.","N",,,"N","Colony photos visually assessed; Approximately half of BRPE sites abandoned by June survey; LAGU showed no obvious signs of abandonment.",
"2013","05/24/13 00:00:00","Biloxi South 10 D","KMR","Grasses, bare ground, shrubs,shell-littered beach.","N",,,"N","100% of colony analyzed and counted; three ""large dead fishes"" observed, circled and marked in screen captures; a sea turtle observed, circled and marked in screen capture.",
"2013","05/24/13 00:00:00","Biloxi South 10 D","KMR","Grasses, bare ground, shrubs,shell-littered beach.","N","LAGU",,"N","LAGU observed sitting on sites; no chicks observed.",
"2013","05/24/13 00:00:00","Biloxi South 10 D","KMR","Grasses, bare ground, shrubs,shell-littered beach.","N","BRPE",,"N","BRPE observed sitting on PBN and WBN; no chicks observed; 1 BRPE IMM WBN observed in area 6.",
"2013","06/18/13 00:00:00","Biloxi South 10 D","KMR","Grasses, bare ground, shrubs,shell-littered beach.","N",,,"N","Colony photos visually assessed; photo quality poor compared to May survey; no apparent abandonment by BRPE or LAGU.",
"2013","06/18/13 00:00:00","Biloxi South 16","KMR","Tidal grass marsh.","N",,,"N","100% of colony photographed and analyzed; no birds present; see Img 1084, camera 2 card 2; no screen capture made.",
"2013","06/18/13 00:00:00","Biloxi South 7","KMR","Tiny sand protrusion.","N",,,"N","100% of colony photographed and analyzed; no nesting species present; see Imgs 993-995, camera 2, card 2; no screen capture made.",
"2013","06/18/13 00:00:00","Biloxi North 34","KMR","Artificial structure","N",,,"N","100% of colony photos photographed and analyzed; no birds present; see Imgs 1190-1192, camera 2 card 2; no screen capture made.",
"2013","06/18/13 00:00:00","Deadman Point","KMR","Grasses, bare ground, mud flat.","N",,,"N","Approximately 98% of colony photographed, analyzed, and counted; BLSK and GBTE present in May not observed in June photos, including in the same area during May attendance.",
"2013","06/18/13 00:00:00","Deadman Point","KMR","Grasses, bare ground, mud flat.","N","LAGU",,"N","LAGU observed sitting on sites; no chicks observed.",
"2013","06/18/13 00:00:00","Deadman Point","KMR","Grasses, bare ground, mud flat.","N","TRHE",,"N","TRHE observed sitting on sites and in brooding posture; no chicks observed.",
"2013","06/18/13 00:00:00","Deadman Point","KMR","Grasses, bare ground, mud flat.","N","SNEG",,"N","SNEG observed sitting on sites and in brooding posture; no chicks observed.",
"2013","06/18/13 00:00:00","Deadman Point","KMR","Grasses, bare ground, mud flat.","N","REEG",,"N","REEG observed sitting on sites and in brooding posture; no chicks observed.",
"2013","06/18/13 00:00:00","Deadman Point","KMR","Grasses, bare ground, mud flat.","N","BRPE",,"N","BRPE observed sitting on WBN and PBN; no chicks observed; BRPE IMM:AD on nests equals 2:61;approximately 10% of sites abandoned by June survey.",
"2021","05/17/21 00:00:00","Lavaca Bay Spoils E","NY","Spoil Island","N","ROSP","Active Both Months","N","Colony in incubation stage, chicks present. Complete coverage.",
"2013","05/24/13 00:00:00","Deadman Point","KMR","Grasses, bare ground, mud flat.","N",,,"N","Colony photos visually assessed; LAGU on sites; BRPE still building sites; BLSK and GBTE present on beach (gone by June survey), no birds in incubation posture; TRHE and SNEG still building sites.",
"2013","05/23/13 00:00:00","Felicity Island","KMR","Grases, shrubs, bare ground, beach, mud flat.","N",,,"N","Approximately 85% of colony photographed, analyzed, and counted. Combine May and June counts for BRPE and WHIB; Late nesting efforts for both species.",
"2013","05/23/13 00:00:00","Felicity Island","KMR","Grases, shrubs, bare ground, beach, mud flat.","N","LAGU",,"N","LAGU observed sitting on sites; no chicks observed.",
"2013","05/23/13 00:00:00","Felicity Island","KMR","Grases, shrubs, bare ground, beach, mud flat.","N","BRPE",,"Y","BRPE observed with newly hatched to 4 week old chicks, mostly 3 wks; additonal late nesting effort partially captured in June photos, likely 90% of additional nests (see June notes). Ratio of BRPE IMM: AD on sites = 45:1667 =~2.7%.",
"2013","05/23/13 00:00:00","Felicity Island","KMR","Grases, shrubs, bare ground, beach, mud flat.","N","TRHE",,"N","TRHE observed sitting on sites and in brooding posture; few chicks observed 1/3-1/2 grown.",
"2013","05/23/13 00:00:00","Felicity Island","KMR","Grases, shrubs, bare ground, beach, mud flat.","N","SNEG",,"N","SNEG observed sitting on sites and in brooding posture; few chicks observed 1/4-1/3 grown.",
"2013","05/23/13 00:00:00","Felicity Island","KMR","Grases, shrubs, bare ground, beach, mud flat.","N","GREG",,"N","GREG observed sitting on sites and in brooding posture; few chicks observed 1/3 grown.",
"2013","05/23/13 00:00:00","Felicity Island","KMR","Grases, shrubs, bare ground, beach, mud flat.","N","ROSP",,"N","ROSP observed sitting on sites and in brooding posture; no chicks observed.",
"2013","05/23/13 00:00:00","Felicity Island","KMR","Grases, shrubs, bare ground, beach, mud flat.","N","REEG",,"N","REEG observed sitting on sites and in brooding posture; no chicks observed.",
"2013","05/23/13 00:00:00","Felicity Island","KMR","Grases, shrubs, bare ground, beach, mud flat.","N","BCNH",,"N","BCNH observed sitting on sites and in brooding posture; no chicks observed.",
"2013","05/23/13 00:00:00","Felicity Island","KMR","Grases, shrubs, bare ground, beach, mud flat.","N","WHIB",,"Y","WHIB observed sitting on few sites; no chicks observed; additional late nesting effort captured in June photos.",
"2013","05/23/13 00:00:00","Felicity Island","KMR","Grases, shrubs, bare ground, beach, mud flat.","N","ROYT",,"N","ROYT observed on sites in incubation posture; no chicks observed.",
"2013","05/23/13 00:00:00","Felicity Island","KMR","Grases, shrubs, bare ground, beach, mud flat.","N","SATE",,"N","SATE observed on sites in incubation posture; no chicks observed.",
"2013","05/23/13 00:00:00","Felicity Island","KMR","Grases, shrubs, bare ground, beach, mud flat.","N","GBTE",,"N","GBTE observed on sites in incubation posture; no chicks observed; likely that few additional birds and sites not captured in photographs (see approximation of colony coverage).",
"2013","05/23/13 00:00:00","Felicity Island","KMR","Grases, shrubs, bare ground, beach, mud flat.","N","BLSK",,"N","BLSK observed on sites in incubation posture; no chicks observed; likely that few additional birds and sites not captured in photographs (see approximation of colony coverage).",
"2013","05/23/13 00:00:00","Felicity Island","KMR","Grases, shrubs, bare ground, beach, mud flat.","N","CATE",,"N","CATE observed on sites in incubation posture; no chicks observed.",
"2021","05/17/21 00:00:00","Lavaca Bay Spoils E","NY","Spoil Island","N","REEG WM","Active Both Months","N","Colony in incubation stage. Complete coverage.",
"2013","05/23/13 00:00:00","Felicity Island","KMR","Grases, shrubs, bare ground, beach, mud flat.","N","AMOY",,"N","AMOY observed in pairs in Areas 11 & 12; suspected nests present nearby.",
"2013","06/19/13 00:00:00","Felicity Island","KMR","Grases, shrubs, bare ground, beach, mud flat.","N",,,"N","Additional late nesting groups captured in June photos, BRPE and WHIB. 100% of additional WHIB sites and approximately 90% of additional BRPE sites photographed.",
"2013","06/19/13 00:00:00","Felicity Island","KMR","Grases, shrubs, bare ground, beach, mud flat.","N","BRPE",,"Y","BRPE observed mostly on PBN in late nesting group; add May and June counts. BRPE IMM: AD on nests = 4:126 = ~3%.",
"2013","06/19/13 00:00:00","Felicity Island","KMR","Grases, shrubs, bare ground, beach, mud flat.","N","WHIB",,"Y","WHIB observed building new colony in area adjacent and overlapping Area 43 from May analysis; 3 WHIB sites NOT counted in June photos so as to not double count previously observed nests; add May & June counts.",
"2013","06/19/13 00:00:00","Isle au Pitre","KMR","Beach, grasses, few shrubs.","N",,,"N","100% of nesting areas photographed, analyzed, and counted; several hundred roosting LAGU and couple hundred roosting BRPE not counted from photographs; all nesting sites analyzed.",
"2013","06/19/13 00:00:00","Isle au Pitre","KMR","Beach, grasses, few shrubs.","N","LAGU",,"N","LAGU observed sitting on sites; no chicks observed.",
"2013","06/19/13 00:00:00","Isle au Pitre","KMR","Beach, grasses, few shrubs.","N","BLSK",,"N","BLSK observed on sites in incubatioin posture; no chicks observed.",
"2013","06/19/13 00:00:00","Isle au Pitre","KMR","Beach, grasses, few shrubs.","N","GBTE",,"N","GBTE observed on sites in incubatioin posture; no chicks observed.",
"2013","06/19/13 00:00:00","Isle au Pitre","KMR","Beach, grasses, few shrubs.","N","ROYT",,"N","ROYT observed on sites in incubatioin posture; no chicks observed; some nesting groups still building sites.",
"2013","06/19/13 00:00:00","Isle au Pitre","KMR","Beach, grasses, few shrubs.","N","SATE",,"N","SAET observed on sites in incubatioin posture; no chicks observed; some nesting groups still building sites.",
"2013","06/19/13 00:00:00","Isle au Pitre","KMR","Beach, grasses, few shrubs.","N","CATE",,"N","CATE observed on sites in incubatioin posture; no chicks observed.",
"2013","05/24/13 00:00:00","Isle au Pitre","KMR","Beach, grasses, few shrubs.","N",,,"N","Colony photos visually assessed; BLSK and all terns still setting up and getting established; most birds not yet in incubation posture.",
"2013","06/19/13 00:00:00","Bayou Pintou","KMR","Grasses, beach.","N",,,"N","100% of colony photographed, analyzed, and counted. Few additional roosting BRPE, LAGU, and ROYT birds, not captured in screen captures.",
"2013","06/19/13 00:00:00","Bayou Pintou","KMR","Grasses, beach.","N","LAGU",,"N","LAGU observed sitting on sites; no chicks observed.",
"2013","06/19/13 00:00:00","Bayou Pintou","KMR","Grasses, beach.","N","BLSK",,"N","BLSK observed sitting on sites in incubation posture; no chicks observed.",
"2013","06/19/13 00:00:00","Bayou Pintou","KMR","Grasses, beach.","N","GBTE",,"N","GBTE observed sitting on sites in incubation posture; no chicks observed.",
"2013","06/19/13 00:00:00","Bayou Pintou","KMR","Grasses, beach.","N","CATE",,"N","CATE observed sitting on site; no chicks observed.",
"2013","05/24/13 00:00:00","Bayou Pintou","KMR","Grasses, beach.","N",,,"N","Colony photos visually assessed; BLSK still setting up, few birds on sites in incubation posture.",
"2013","06/19/13 00:00:00","Biloxi North 3","KMR","Grasses, beach.","N",,,"N","Estimated 100% of colony photographed, analyzed, and counted.",
"2021","05/17/21 00:00:00","Lavaca Bay Spoils E","NY","Spoil Island","N","REEG DM","Active Both Months","N","Colony in incubation stage. Complete coverage.",
"2013","06/19/13 00:00:00","Biloxi North 3","KMR","Grasses, beach.","N","BLSK",,"N","BLSK observed sitting on sites in incubation posture; no chicks observed.",
"2013","06/19/13 00:00:00","Biloxi North 3","KMR","Grasses, beach.","N","GBTE",,"N","GBTE observed sitting on sites in incubation posture; no chicks observed.",
"2013","06/19/13 00:00:00","Biloxi North 3","KMR","Grasses, beach.","N","LAGU",,"N","LAGU observed sitting on sites; no chicks observed.",
"2013","06/19/13 00:00:00","Biloxi North 3","KMR","Grasses, beach.","N","SNEG",,"N","SNEG observed sitting on site; no chicks observed.",
"2013","06/19/13 00:00:00","Biloxi North 3","KMR","Grasses, beach.","N","AMOY",,"N","AMOY pair suspected to be nesting; see area 5.",
"2013","05/24/13 00:00:00","Biloxi North 3","KMR","Grasses, beach.","N",,,"N","Colony photos visually assessed; BLSK and GBTE present but not yet nesting or sitting on sites.",
"2013","06/19/13 00:00:00","Biloxi North 40","KMR","Grasses","N",,,"N","Unknown percentage of colony photographed.",
"2013","06/19/13 00:00:00","Biloxi North 40","KMR","Grasses","N","FOTE",,"N","FOTE observed sitting on sites.",
"2013","05/24/13 00:00:00","Biloxi North 11","KMR","Grasses, bare ground.","N",,,"N","100% of colony photographed, analyzed, and counted.",
"2013","05/24/13 00:00:00","Biloxi North 11","KMR","Grasses, bare ground.","N","LAGU",,"N","LAGU observed sitting on sites; no chicks observed.",
"2013","06/19/13 00:00:00","Biloxi North 11","KMR","Grasses, bare ground.","N",,,"N","Colony photos visually assessed; only 1 LAGU site observed remaining on island.",
"2013","06/19/13 00:00:00","Biloxi North 10 A","KMR","Grasses, bunch grasses, shrubs, open water.","N",,,"N","100% of colony analyzed and counted.",
"2013","06/19/13 00:00:00","Biloxi North 10 A","KMR","Grasses, bunch grasses, shrubs, open water.","N","LAGU",,"N","LAGU observed sitting on sites; no chicks observed, but presumed present based on brooding posture of some birds.",
"2013","06/19/13 00:00:00","Biloxi North 10 A","KMR","Grasses, bunch grasses, shrubs, open water.","N","TRHE",,"N","TRHE observed sitting on sites and with few 1/3 grown chicks.",
"2013","06/19/13 00:00:00","Biloxi North 10 A","KMR","Grasses, bunch grasses, shrubs, open water.","N","SNEG",,"N","SNEG observed sitting on sites; no chicks observed, but could be small and shaded.",
"2013","06/19/13 00:00:00","Biloxi North 10 A","KMR","Grasses, bunch grasses, shrubs, open water.","N","BCNH",,"N","BCNH observed sitting on site; no chicks observed.",
"2013","06/19/13 00:00:00","Biloxi North 10 A","KMR","Grasses, bunch grasses, shrubs, open water.","N","WHIB",,"N","WHIB observed sitting on sites; no chicks observed.",
"2013","05/24/13 00:00:00","Biloxi North 10 A","KMR","Grasses, bunch grasses, shrubs, open water.","N",,,"N","Colony photos visually assessed; photo coverage not as complete as June survey; ROSP observed building 2 sites but had abandoned effort by June, although still 2 pairs of birds at colony.",
"2013","06/19/13 00:00:00","Biloxi North 10 D","KMR","Grasses, open water.","N",,,"N","100% of colony photographed, analyzed, and counted.",
"2013","06/19/13 00:00:00","Biloxi North 10 D","KMR","Grasses, open water.","N","LAGU",,"N","LAGU observed sitting on sites; no chicks observed, but likely present based on behavior.",
"2013","06/19/13 00:00:00","Biloxi North 10 D","KMR","Grasses, open water.","N","TRHE",,"N","TRHE observed sitting on sites in brooding posture; no chicks observed.",
"2013","06/19/13 00:00:00","Biloxi North 10 D","KMR","Grasses, open water.","N","SNEG",,"N","SNEG observed sitting on sites and with 1/3-1/2 grown chicks.",
"2021","05/17/21 00:00:00","Lavaca Bay Spoils E","NY","Spoil Island","N","NECO","Active Both Months","N","Colony in incubation stage. Complete coverage.",
"2013","05/24/13 00:00:00","Biloxi North 10 D","KMR","Grasses, open water.","N",,,"N","Colony photos visually assessed; photo coverage poor compared to June survey; June survey used for population estimate.",
"2013","06/19/13 00:00:00","Biloxi North 10 C","KMR","Grasses.","N",,,"N","100% of colony photographed, analyzed, and counted.",
"2013","06/19/13 00:00:00","Biloxi North 10 C","KMR","Grasses.","N","LAGU",,"N","LAGU observed sitting on sites; no chicks observed, but likely present based on behavior.",
"2013","06/19/13 00:00:00","Biloxi North 10 C","KMR","Grasses.","N","TRHE",,"N","TRHE observed sitting on sites and in brooding posture; no chicks observed but likely present.",
"2013","06/19/13 00:00:00","Biloxi North 10 C","KMR","Grasses.","N","SNEG",,"N","SNEG observed sitting on sites and in brooding posture; no chicks observed but likely present.",
"2013","05/24/13 00:00:00","Biloxi North 10 C","KMR","Grasses.","N",,,"N","Colony photos visually assessed; Similar number of sites active during May survey; June survey analyzed for consistency among island group (SLF16-20).",
"2013","06/19/13 00:00:00","Biloxi North 10 B","KMR","Grasses.","N",,,"N","Approximately 30% of colony photographed, analyzed, and counted.",
"2013","06/19/13 00:00:00","Biloxi North 10 B","KMR","Grasses.","N","LAGU",,"N","LAGU observed sitting on sites; no chicks observed, but likely present based on behavior.",
"2013","06/19/13 00:00:00","Biloxi North 10 B","KMR","Grasses.","N","TRHE",,"N","TRHE observed sitting on sites and with 1/3-1/2 grown chicks.",
"2013","06/19/13 00:00:00","Biloxi North 10 B","KMR","Grasses.","N","SNEG",,"N","SNEG observed sitting on sites and with 1/3-1/2 grown chicks.",
"2013","06/19/13 00:00:00","Biloxi North 10 B","KMR","Grasses.","N","WHIB",,"N","WHIB observed sitting on sites; no chicks observed.",
"2013","05/23/13 00:00:00","Houma Navigation Canal Island","KMR","Mangrove, shrubs, grasses, open water, beaches.","N",,,"N","Approximately 95% of colony photographed, analyzed, and counted.",
"2013","05/23/13 00:00:00","Houma Navigation Canal Island","KMR","Mangrove, shrubs, grasses, open water, beaches.","N","LAGU",,"N","LAGU observed sitting low on sites; no chicks observed.",
"2013","05/23/13 00:00:00","Houma Navigation Canal Island","KMR","Mangrove, shrubs, grasses, open water, beaches.","N","BRPE",,"N","BRPE observed on WBN and PBN and with small chicks, 1-3 weeks old; Immatures observed on sites as follows: IMM WBN = 123, IMM PBN = 27; IMM:AD = 154:1934 = ~8%.",
"2013","05/23/13 00:00:00","Houma Navigation Canal Island","KMR","Mangrove, shrubs, grasses, open water, beaches.","N","TRHE",,"N","TRHE observed sitting on sites, in brooding posture, with eggs, and with 1/3 grown chicks.",
"2013","05/23/13 00:00:00","Houma Navigation Canal Island","KMR","Mangrove, shrubs, grasses, open water, beaches.","N","SNEG",,"N","SNEG observed sitting on sites, in brooding posture, with eggs, and with few chicks 1/4-1/3 grown.",
"2013","05/23/13 00:00:00","Houma Navigation Canal Island","KMR","Mangrove, shrubs, grasses, open water, beaches.","N","GREG",,"N","GREG observed sitting on sites, in brooding posture, and with 1/3-1/2 grown chicks.",
"2013","05/23/13 00:00:00","Houma Navigation Canal Island","KMR","Mangrove, shrubs, grasses, open water, beaches.","N","LIBH",,"N","LIBH observed sitting on sites and with few small white chicks.",
"2013","05/23/13 00:00:00","Houma Navigation Canal Island","KMR","Mangrove, shrubs, grasses, open water, beaches.","N","BCNH",,"N","BCNH observed sitting on sites; no chicks observed.",
"2021","05/17/21 00:00:00","Lavaca Bay Spoils E","NY","Spoil Island","N","SATE","Active Both Months","N","Colony in incubation stage. Complete coverage.","Large tern colony gone by june. Flooding?"
"2013","05/23/13 00:00:00","Houma Navigation Canal Island","KMR","Mangrove, shrubs, grasses, open water, beaches.","N","ROSP",,"N","ROSP observed sitting on sites; no chicks observed.",
"2013","05/23/13 00:00:00","Houma Navigation Canal Island","KMR","Mangrove, shrubs, grasses, open water, beaches.","N","REEG",,"N","REEG observed sitting on sites; no chicks observed.",
"2013","06/19/13 00:00:00","Houma Navigation Canal Island","KMR","Mangrove, shrubs, grasses, open water, beaches.","N",,,"N","Colony photos visually assessed; all species present with large, mobile chicks; no apparent abandonment.",
"2013","05/23/13 00:00:00","Barataria Bay 12","KMR","Grass marsh island.","N",,,"N","100% of colony photographed, analyzed, and counted.","KMR26"
"2013","05/23/13 00:00:00","Barataria Bay 12","KMR","Grass marsh island.","N","FOTE",,"N","FOTE observed sitting low on sites in incubation posture; no chicks observed.","KMR26"
"2013","06/19/13 00:00:00","Barataria Bay 12","KMR","Grass marsh island.","N",,,"N","Colony photos visually assessed; 98% of FOTE sites present in May abandoned by June survey; one chick observed, few sites and birds left on colony.","KMR26"
"2013","05/25/13 00:00:00","Lake Number Five","KMR","Large trees/shrubs, complex canopy, open water.","N",,,"N","Unknown percentage of colony photographed, analyzed, and counted.  Complex canopy cover made dotting difficult and surely prevented detection of nests/birds.",
"2013","05/25/13 00:00:00","Lake Number Five","KMR","Large trees/shrubs, complex canopy, open water.","N","TRHE",,"N","TRHE observed sitting on sites and with 1/3 grown chicks.",
"2013","05/25/13 00:00:00","Lake Number Five","KMR","Large trees/shrubs, complex canopy, open water.","N","SNEG",,"N","SNEG observed sitting on sites; chicks likely present but not detected.",
"2013","05/25/13 00:00:00","Lake Number Five","KMR","Large trees/shrubs, complex canopy, open water.","N","GREG",,"N","GREG observed sitting on sites and with 1/3 grown chicks.",
"2013","05/25/13 00:00:00","Lake Number Five","KMR","Large trees/shrubs, complex canopy, open water.","N","BCNH",,"N","BCNH observed sitting on sites; no chicks observed.",
"2013","05/25/13 00:00:00","Lake Number Five","KMR","Large trees/shrubs, complex canopy, open water.","N","LIBH",,"N","LIBH observed sitting on sites and with 1/3 grown chicks.",
"2013","05/25/13 00:00:00","Lake Number Five","KMR","Large trees/shrubs, complex canopy, open water.","N","CAEG",,"N","CAEG observed sitting on sites; no chicks observed.",
"2013","06/17/13 00:00:00","Lake Number Five","KMR","Large trees/shrubs, complex canopy, open water.","N",,,"N","Colony photos visually assessed; same species present as observed during May survey; larger chicks observed, straying from nest sites.",
"2013","06/18/13 00:00:00","Little Mud Grass Island Northeast","MWP","marsh","N","LAGU",,"Y",,
"2013","06/18/13 00:00:00","Little Mud Grass Island Northeast","MWP","marsh","N","TRHE",,"Y",,
"2013","05/24/13 00:00:00","Biloxi North 16","MWP","beach/marsh","N","BLSK",,"Y",,
"2013","05/24/13 00:00:00","Biloxi North 16","MWP","beach/marsh","N","CATE",,"Y",,
"2013","05/24/13 00:00:00","Biloxi North 16","MWP","beach/marsh","N","LAGU",,"Y",,
"2013","05/24/13 00:00:00","Biloxi North 16","MWP","beach/marsh","N","TRHE",,"Y",,
"2011","06/14/11 00:00:00","Half Moon Island","SLF",,"N","LAGU",,"N","LAGU nested widely across island.  Most birds in incubating position; no chicks seen.",
"2021","05/17/21 00:00:00","Lavaca Bay Spoils E","NY","Spoil Island","N","GREG","Active Both Months","N","ColonyColony in incubation stage, chicks present. Complete coverage.",
"2011","06/14/11 00:00:00","Half Moon Island","SLF",,"N","WHIB",,"N","WHIB nesting in the same locations that  the waders occupied in May.  Approx. half of birds incubating position, others milling about and feeding.  A few chicks were observed, but most birds incubating.",
"2011","06/14/11 00:00:00","Half Moon Island","SLF",,"N","TRHE",,"N","Not dotted.  Nesting was too far along at this time; May birds dotted instead.",
"2011","06/14/11 00:00:00","Half Moon Island","SLF",,"N","SNEG",,"N","Not dotted.  Nesting was too far along at this time; May birds dotted instead.",
"2011","06/14/11 00:00:00","Half Moon Island","SLF",,"N",,,"N","Oil not visible on the island in this surveys' photos.  Possible that overcast conditions inhibit the visibility of sheen where oil was visible in May.","Only nesting sites or chick nests w/o adult were dotted for efficiency."
"2011","05/18/11 00:00:00","Biloxi South 2","SLF",,"N","FOTE",,"N","Most birds in incubating position.  No chicks seen.",
"2011","05/18/11 00:00:00","Biloxi South 2","SLF",,"N","LAGU",,"N","A small number of nesting birds are scattered around the island. No chicks seen.",
"2011","05/18/11 00:00:00","Biloxi South 2","SLF",,"N",,,"N","Only nesting ""sites"" were dotted.  No chicks were seen, however;  not many non-breeding birds on the island.",
"2012","05/28/12 00:00:00","Biloxi South 2","SLF",,"N","FOTE",,"N","Most birds in incubating position.  No chicks seen.",
"2012","05/28/12 00:00:00","Biloxi South 2","SLF",,"N","LAGU",,"N","A small number of nesting birds are scattered around the island. No chicks seen.",
"2012","05/28/12 00:00:00","Biloxi South 2","SLF",,"N",,,"N","Only nesting ""sites"" were dotted.  No chicks were seen, however;  not many non-breeding birds on the island.",
"2011","06/14/11 00:00:00","Biloxi North 12","PAG",,"N","LAGU",,"N","Mostly this species, nesting in vegetation. Many incubating.",
"2011","06/14/11 00:00:00","Biloxi North 12","PAG",,"N","TRHE",,"N","broods seen mostly along shoreline; 1 to 3 birds together dotted for this category. Juvs with rust neck and upper back, white below.",
"2011","06/14/11 00:00:00","Biloxi North 12","PAG",,"N","SNEG",,"N","Broods observed. 2-3 nests found with adults attending; these adults showed long plumes extending from back over tail.",
"2011","06/14/11 00:00:00","Biloxi North 12","PAG",,"N","WHIB",,"N","small nesting colony of this species. A number of nearby empty nests not dotted may have been this species, but could have been TRHE (or failed?). All incubating, no chicks or juvs.",
"2021","06/20/21 00:00:00","Lavaca Bay Spoils E","NY","Spoil Island","N","WFIB","Active Both Months","Y","Colony in incubation stage. Complete coverage.",
"2021","05/17/21 00:00:00","Lavaca Bay Spoils E","NY","Spoil Island","N","GBHE","Active Both Months","N","Colony in incubation stage, chicks present. Complete coverage.",
"2021","05/17/21 00:00:00","Lavaca Bay Spoils E","NY","Spoil Island","N","CATE","Abandoned by June","N","Colony in incubation stage. Complete coverage.","Large tern colony gone by june. Flooding?"
"2021","06/20/21 00:00:00","Lavaca Bay Spoils E","NY","Spoil Island","N","LBHE","NA","N","Foraging.",
"2021","06/20/21 00:00:00","Lavaca Bay Spoils E","NY","Spoil Island","N","GRFL","NA","N","Foraging.",
"2021","05/17/21 00:00:00","Lavaca Bay Spoils E","NY","Spoil Island","N","WHIB","Active Both Months","N","Colony in incubation stage, chicks present. Complete coverage.",
"2021","05/17/21 00:00:00","Lavaca Bay Spoils E","NY","Spoil Island","N","WFIB","Active Both Months","Y","Colony in incubation stage. Complete coverage.",
"2021","05/17/21 00:00:00","Lavaca Bay Spoils E","NY","Spoil Island","N","LAGU","Active Both Months","N","Colony in incubation stage. Complete coverage.",
"2021","06/20/21 00:00:00","Naval Air Station Islands F","NY","veg island with water bodies","N","BCNH","Not Inspected in May","N","One site",
"2021","06/20/21 00:00:00","Naval Air Station Islands F","NY","veg island with water bodies","N","LAGU","Not Inspected in May","N","Colony in incubation stage, chicks present. Complete coverage.","multiple broods"
"2021","06/20/21 00:00:00","Naval Air Station Islands F","NY","veg island with water bodies","N","TRHE","Not Inspected in May","N","Colony in incubation stage, chicks present. Complete coverage.",
"2021","06/20/21 00:00:00","Naval Air Station Islands F","NY","veg island with water bodies","N","REEG DM","Not Inspected in May","N","One site",
"2021","06/20/21 00:00:00","Naval Air Station Islands F","NY","veg island with water bodies","N","REEG WM","Not Inspected in May","N","One site",
"2021","06/20/21 00:00:00","Naval Air Station Islands F","NY","veg island with water bodies","N","GBHE","Not Inspected in May","N","Foraging",
"2021","06/20/21 00:00:00","Naval Air Station Islands G","BMR","Island with trees","N","REEG WM","Not Inspected in May","N","Full coverage; chick nests",
"2021","06/20/21 00:00:00","Naval Air Station Islands G","BMR","Island with trees","N","TRHE","Not Inspected in May","N","Full coverage; incubating and chicks present",
"2021","06/20/21 00:00:00","Naval Air Station Islands G","BMR","Island with trees","N","LBHE","Not Inspected in May","N","Full coverage; incubating",
"2021","06/20/21 00:00:00","Naval Air Station Islands I","BMR","Island with jetty perimeter","N","LAGU","Not Inspected in May","N","Complete coverage; incubating and chicks present",
"2021","06/20/21 00:00:00","Naval Air Station Islands I","BMR","Island with jetty perimeter","N","GBHE","Not Inspected in May","N","Complete coverage; foraging",
"2021","06/20/21 00:00:00","Naval Air Station Islands O","BMR","Island with some trees","N","REEG WM","Active Both Months","N","Complete coverage; incubating with chicks present",
"2021","06/20/21 00:00:00","Naval Air Station Islands O","BMR","Island with some trees","N","TRHE","Active Both Months","N","Complete coverage; incubating with chicks present",
"2021","06/20/21 00:00:00","Naval Air Station Islands O","BMR","Island with some trees","N","SNEG","Active Both Months","N","Complete coverage; incubating with chicks present",
"2021","06/20/21 00:00:00","Naval Air Station Islands O","BMR","Island with some trees","N","BRPE","N/A","N","Complete coverage; roosting",
"2021","05/17/21 00:00:00","Naval Air Station Islands O","BMR","Island with some trees","N","RUTU","N/A","N","Complete coverage; foraging",
"2021","05/17/21 00:00:00","Naval Air Station Islands O","BMR","Island with some trees","N","LAGU","Active Both Months","N","Complete coverage; mostly incubating with few chicks present",
"2021","05/17/21 00:00:00","Naval Air Station Islands P","BMR","Island with jetty perimeter","N","REEG WM","N/A","N","Complete coverage; foraging",
"2021","05/17/21 00:00:00","Naval Air Station Islands P","BMR","Island with jetty perimeter","N","TRHE","N/A","N","Complete coverage; foraging",
"2021","05/17/21 00:00:00","Naval Air Station Islands P","BMR","Island with jetty perimeter","N","LAGU","Active Both Months","N","Complete coverage; incubating",
"2021","05/17/21 00:00:00","Naval Air Station Islands P","BMR","Island with jetty perimeter","N","GBHE","N/A","N","Complete coverage; foraging",
"2021","05/17/21 00:00:00","Rabit Island Laguna Madre","BMR","Island with jetty perimeter","N","ROSP","Abandoned by June","N","Complete coverage; incubating",
"2021","05/17/21 00:00:00","Rabit Island Laguna Madre","BMR","Island with jetty perimeter","N","GREG","Abandoned by June","N","Complete coverage; incubating; no sites or chicks observed in June; breeding failure possibly due to flooding.",
"2021","05/17/21 00:00:00","Rabit Island Laguna Madre","BMR","Island with jetty perimeter","N","GBHE","Active Both Months","Y","Complete coverage; many sites in May have chicks in June.",
"2021","05/17/21 00:00:00","Rabit Island Laguna Madre","BMR","Island with jetty perimeter","N","BRPE","Active Both Months","N","Complete coverage; roosting",
"2021","05/17/21 00:00:00","Rabit Island Laguna Madre","BMR","Island with jetty perimeter","N","BLSK","Abandoned by June","N","Complete coverage; incubating; no birds or chicks seen in June; breeding failure possibly due to flooding.",
"2021","05/17/21 00:00:00","Rabit Island Laguna Madre","BMR","Island with jetty perimeter","N","CATE","Abandoned by June","N","Complete coverage; adults with chicks",
"2021","05/17/21 00:00:00","Rabit Island Laguna Madre","BMR","Island with jetty perimeter","N","REEG","Active Both Months","Y","Complete coverage; incubating with 2 white morph nests with chicks",
"2021","05/17/21 00:00:00","Rabit Island Laguna Madre","BMR","Island with jetty perimeter","N","LAGU","Active Both Months","N","Complete coverage; incubating with only 1 bird with chick; some sites but no chicks observed in June. Breeding failure possibly due to flooding.",
"2021","05/17/21 00:00:00","Rabit Island Laguna Madre","BMR","Island with jetty perimeter","N","GBTE","Abandoned by June","N","Complete coverage; incubating; no birds or chicks observed in June. Breeding failure possibly due to flooding.",
"2021","06/20/21 00:00:00","Rabit Island Laguna Madre","BMR","Island with jetty perimeter","N","REEG/GBHE","Active Both Months","Y","New REEG dark morph and GBHE nest sites not present in May; incubating; 1 dark morph REEG site",
"2021","05/17/21 00:00:00","Rabit Island Laguna Madre","BMR","Island with jetty perimeter","N","ROYT","Active Both Months","N","Complete coverage; incubating; Less than 20 chicks in June. Breeding failure possibly due to flooding.",
"2021","05/17/21 00:00:00","Skimmer Island Nueces Bay","PJC","platforms, marsh, rock perimeter w. small opening","N","GBHE/GREG","Active Both Months","N","GREG chicks small, GBHE chicks slightly older; similar nest #s in June",
"2013","06/18/13 00:00:00","Chandeleur South C","MWP","sand/beach","N","GBTE",,"N","only 3 sites within BLSK",
"2013","06/18/13 00:00:00","Chandeleur South C","MWP","sand/beach","N","BLSK",,"N","group of BLSK",
"2013","06/18/13 00:00:00","Chandeleur North F","MWP","sand/beach","N","ROYT",,"N","good count; location south of MWP109 of past years; coord. At 29.8698/-88.8304",
"2013","06/18/13 00:00:00","Biloxi North 38","MWP","beach/marsh","N","ALL",,"N","included this colony in with SLF14 until I realized it was separate islands; assigned it a new colony number and location. Adjusted screencapture names but text in screencaptures still say SLF14 Area X; kept the area numbers just so that those matched",
"2011","06/15/11 00:00:00","Chandeleur North G","MWP","barrier island","N","BLSK",,"N","small BLSK group; mixed with a few GBTE and ~30 LETE sites",
"2011","06/15/11 00:00:00","Chandeleur North G","MWP","barrier island","N","GBTE",,"N","just a couple of sites within the BLSK sites",
"2011","06/15/11 00:00:00","Chandeleur North G","MWP","barrier island","N","LETE",,"N","spotted in photos; could not see them while flying; probably incomplete coverage as colony appears to move into shore more than we photographed",
"2012","05/29/12 00:00:00","Chandeleur North J","MWP","barrier island","N",,,"N","small colony of BLSK and GBTE",
"2012","06/19/12 00:00:00","Chandeleur North J","MWP","barrier island","N",,,"N","flew past, no photos taken; assume no bird observed",
"2011","06/15/11 00:00:00","Chandeleur North H","MWP","barrier island","N","BLSK",,"N","more sites than in May; should use this survey for breeding population",
"2011","06/15/11 00:00:00","Chandeleur North H","MWP","barrier island","N","GBTE",,"N","a few more sites than in May; should be used for breeding population estimate",
"2013","05/24/13 00:00:00","Chandeleur North G","MWP","sand/beach","N","BLSK",,"N","group of BLSK with 1 GBTE site",
"2013","05/24/13 00:00:00","Chandeleur North G","MWP","sand/beach","N","GBTE",,"N","group of BLSK with 1 GBTE site",
"2013","05/24/13 00:00:00","Chandeleur North G","MWP","sand/beach","N","CATE",,"N","group of CATE with ROSA colony; a bit north of the BLSK colony; not photographed in June and flew direct over colony site",
"2013","05/24/13 00:00:00","Chandeleur North G","MWP","sand/beach","N","ROYT",,"N","small group of ROYT with SATE and CATE; not photographed in June but flew directly over colony in June",
"2013","05/24/13 00:00:00","Chandeleur North G","MWP","sand/beach","N","SATE",,"N","small group of ROYT with SATE and CATE; not photographed in June but flew directly over colony in June",
"2013","06/18/13 00:00:00","Chandeleur North F","MWP","sand/beach","N","SATE",,"N","good count; location south of MWP109 of past years; coord. At 29.8698/-88.8304",
"2011","05/18/11 00:00:00","Bay Ronquille Northeast Island","KMR","Low Shrubs, grasses.","N","TRHE",,"N","TRHE still appear to be setting up nests, sites inconspicuous.",
"2011","05/18/11 00:00:00","Bay Ronquille Northeast Island","KMR","Low Shrubs, grasses.","N",,,"N","100% of the colony was analyzed and counted.",
"2012","05/27/12 00:00:00","Bay Ronquille Northeast Island","KMR","Grasses, sand.","N",,,"N","100% of the colony was analyzed; Land area is noticeably smaller in 2012 with much less vegetation and more exposed sand.",
"2013","05/23/13 00:00:00","Bay Ronquille Northeast Island","PJC","just a sandbar remains","N",,,"N","roosting birds only; no breeding habitat available",
"2012","06/20/12 00:00:00","Bay Ronquille Northeast Island","PJC",,"N",,,"N","a few LAGU nests still active, but all BRPE failed due to flooding",
"2013","06/19/13 00:00:00","Bay Ronquille Northeast Island","PJC","just a sandbar remains","N",,,"N","roosting birds only; no breeding habitat available",
"2012","05/27/12 00:00:00","Bay Ronquille Northeast Island","KMR","Grasses, sand.","N","BRPE",,"N","BRPE siting on nests and several fledged YY seen along shoreline.",
"2011","05/18/11 00:00:00","Bay Ronquille Northeast Island","KMR","Low Shrubs, grasses.","N","LAGU",,"N","LAGU still appear to be setting up nests, sites inconspicuous.",
"2012","05/27/12 00:00:00","Bay Ronquille Northeast Island","KMR","Grasses, sand.","N","LAGU",,"N","LAGU all sitting low on sites.",
"2011","06/17/11 00:00:00","Bay Ronquille Northeast Island","PJC",,"N",,,"N","BRPE increased since May - mostly incubating, but some still building; other sp. not counted",
"2011","05/18/11 00:00:00","Bay Ronquille Northeast Island","KMR","Low Shrubs, grasses.","N","WHIB",,"N","WHIB seen with 1/3 to 1/2 grown chicks.",
"2012","05/27/12 00:00:00","Bay Ronquille Northeast Island","KMR","Grasses, sand.","N","TRHE",,"N","TRHE sitting low on sites.",
"2011","05/19/11 00:00:00","Chandeleur North B","MWP","barrier island","N","CATE",,"N","a small colony of CATE mixed with BLSK","MWP11"
"2013","06/19/13 00:00:00","Grand Island Point","PJC","no vegetation remains; just a sandbar","N",,,"N","only 5 LAGU sites; primarily just roosting birds",
"2011","05/18/11 00:00:00","Grand Island Point","KMR","Grasses, sand.","N",,,"N","100% of colony analyzed and counted.",
"2011","05/18/11 00:00:00","Grand Island Point","KMR","Grasses, sand.","N","TRHE",,"N","TRHE all sitting low or apparently building sites.",
"2011","05/18/11 00:00:00","Grand Island Point","KMR","Grasses, sand.","N","FOTE",,"N","FOTE on sites.",
"2011","05/18/11 00:00:00","Grand Island Point","KMR","Grasses, sand.","N","BLSK",,"N","BLSK on poorly made sites.",
"2011","05/18/11 00:00:00","Grand Island Point","KMR","Grasses, sand.","N","LAGU",,"N","LAGU all sitting low on sites.",
"2011","05/18/11 00:00:00","Gosier Islands South","MWP","barrier island","N",,,"N","flew past; photos taken; roost only",
"2011","05/19/11 00:00:00","Chandeleur North B","MWP","barrier island","N","BLSK",,"N","a small colony of BLSK mixed with CATE on open beach area","MWP11"
"2011","06/15/11 00:00:00","Chandeleur North B","MWP","barrier island","N","SATE",,"N",">3000 in the colony; none were at this location in May; excellent coverage and photos","MWP11"
"2011","06/15/11 00:00:00","Chandeleur North B","MWP","barrier island","N","BLSK",,"N","small number of BLSK but seems more than May 2011; mixed with 1000's of ROYT and SATE and a few CATE","MWP11"
"2011","06/15/11 00:00:00","Chandeleur North B","MWP","barrier island","N","CATE",,"N","small number of CATE but more than May 2011; mixed with 1000's of ROYT and SATE and a few BLSK","MWP11"
"2011","06/15/11 00:00:00","Chandeleur North B","MWP","barrier island","N","ROYT",,"N",">1000 in the colony; none were there in May; excellent coverage and photos","MWP11"
"2011","05/19/11 00:00:00","Chandeleur North C","MWP","barrier island","N",,,"N","flew by site but no photos taken; assume no birds were present during the survey",
"2011","05/19/11 00:00:00","Chandeleur South A","MWP","barrier island","N",,,"N","small CATE/BLSK colony; birds appear to be on sites",
"2011","06/15/11 00:00:00","Chandeleur South A","MWP","barrier island","N",,,"N","small CATE/BLSK colony; birds appear to be on sites: maybe CATE numbers are slightly lower than June number",
"2011","05/19/11 00:00:00","Chandeleur North F","MWP","barrier island","N","ROYT, SATE",,"Y","4 distinct subcolonies; 2 dotted and used for May; 1 added with June survey; 1 only use June survey info",
"2011","06/15/11 00:00:00","Chandeleur North F","MWP","barrier island","N","ROYT, SATE",,"Y","4 distinct subcolonies; 2 dotted and used for May; 1 added with June survey; 1 only use June survey info; subcolonies ""1"" and ""2"" may be good candidates for quantitative reproductives success analysis",
"2011","05/19/11 00:00:00","Chandeleur North D","MWP","barrier island","N","ROYT",,"N",">2,000 sites in colony; a few still setting up on edges otherwise fairly complete",
"2011","05/19/11 00:00:00","Chandeleur North D","MWP","barrier island","N","CATE",,"N","a few dozen sites mixed in throughout the colony",
"2011","05/19/11 00:00:00","Chandeleur North D","MWP","barrier island","N","SATE",,"N",">2,000 sites in colony; a few still setting up on edges otherwise fairly complete",
"2011","06/15/11 00:00:00","Chandeleur North D","MWP","barrier islands","N",,,"N","photographed colony but did not count; 95+% of colony in ""chick"" stage with 1000's of ROYT and SATE chicks at the water's edge; photos good enough to count everything if needed; may be able to get quantitative productivity estimate; qual. Good/excellent",
"2011","05/19/11 00:00:00","Chandeleur North B","MWP","barrier island","N",,,"N","only LAGU present; counted them in this year; incomplete survey; MWP113",
"2011","06/15/11 00:00:00","Chandeleur North B","MWP","barrier island","N",,,"N","flew by colony; no photos taken; LAGU probably present but not photographed due to small numbers; MWP113",
"2011","06/15/11 00:00:00","Chandeleur North C","MWP","barrier island","N","GBTE",,"N","a few mixed in with BLSK",
"2011","06/15/11 00:00:00","Chandeleur North C","MWP","barrier island","N","BLSK",,"N","small colony; complete coverage",
"2011","05/19/11 00:00:00","Chandeleur North E","MWP","barrier island","N",,,"N","flew by colony; no photos taken; no birds present",
"2011","06/15/11 00:00:00","Chandeleur North E","MWP","barrier island","N","BLSK",,"N","small group of BLSK",
"2011","05/19/11 00:00:00","Chandeleur North A","MWP","barrier island","N","LAGU",,"N","flew by colony but no photos taken; assume gulls were present but not enough seen to warrant counting?",
"2011","05/19/11 00:00:00","Chandeleur North A","MWP","barrier island","N","ROYT, SATE",,"N","flew by colony but no photos taken; assume no birds (except gulls) were on the colony; June photos appear to confirm this as no tern chicks in June",
"2011","06/15/11 00:00:00","Chandeleur North A","MWP","barrier island","N","LAGU",,"N","gulls throughout island; only did visual estimate since overviews weren't quite good enough to count gull sites; est. is rough",
"2011","06/15/11 00:00:00","Chandeleur North A","MWP","barrier island","N","ROYT, SATE, ROSA",,"N","terns in incubating posture in photos; appears to be good timing on photos; missed a group of terns on a portion of this island but used overviews to est. numbers",
"2011","05/19/11 00:00:00","Chandeleur South B","MWP","barrier island","N",,,"N","SATE/ROYT/BLSK colony; some roosting BRPE",
"2011","06/15/11 00:00:00","Chandeleur South B","MWP","barrier island","N",,,"N","SATE/ROYT ""chicked out"" so didn't count for this survey: production is fair to good but numbers seem lower than colony count (est. about 500 chicks) but photos of chicks incomplete; BLSK still on sites - counted use this survey; BRPE nesting; LAGU counted",
"2011","05/19/11 00:00:00","Chandeleur South D","MWP","barrier island","N","BLSK",,"N","use only May survey for 2011",
"2011","05/19/11 00:00:00","Chandeleur South D","MWP","barrier island","N","ROYT, SATE",,"N","use only June survey for 2011",
"2011","05/19/11 00:00:00","Chandeleur South D","MWP","barrier island","N","CATE",,"N","use only June survey for 2011",
"2011","06/15/11 00:00:00","Chandeleur South D","MWP","barrier island","N","BLSK",,"N","use only May count",
"2011","06/15/11 00:00:00","Chandeleur South D","MWP","barrier island","N","CATE",,"N","use June count",
"2011","06/15/11 00:00:00","Chandeleur South D","MWP","barrier island","N","ROYT,SATE",,"N","use June count",
"2011","06/17/11 00:00:00","Grand Island Point","PJC",,"N",,,"N","photos analyzed -- breeding assemblage similar to May; small chicks evident for LAGU and FOTE",
"2011","06/15/11 00:00:00","Gosier Islands South","MWP","barrier island","N",,,"N","flew past; photos taken and counted; GBTE, BLSK, CATE, SATE",
"2012","05/29/12 00:00:00","Chandeleur North A","MWP","barrier island","N",,,"N","small colony of BLSK and LAGU colony",
"2012","06/19/12 00:00:00","Chandeleur North A","MWP","barrier island","N",,,"N","flew past, no photos taken, assume no birds (except maybe gulls); however did not fly directly over colony based on trackline",
"2012","05/29/12 00:00:00","Gosier Islands South","MWP","barrier island","N",,,"N","flew past; no photos taken",
"2012","06/19/12 00:00:00","Gosier Islands South","MWP","barrier island","N",,,"N","did not fly near this colony in 2012; no photos taken",
"2012","05/29/12 00:00:00","Chandeleur North B","MWP","barrier island","N",,,"N","photos taken, counted BLSK and GBTE at this colony",
"2012","06/19/12 00:00:00","Chandeleur North B","MWP","barrier island","N",,,"N","photos taken, counted SATE and ROYT; no BLSK or GBTE obs observed",
"2012","05/29/12 00:00:00","Chandeleur North C","MWP","barrier island","N",,,"N","CATE and LAGU colony; counted",
"2012","06/19/12 00:00:00","Chandeleur North C","MWP","barrier island","N",,,"N","flew past but not right over colony; no photos taken",
"2012","05/29/12 00:00:00","Chandeleur North D","MWP","barrier island","N",,,"N","photos taken; small number of BLSK, GBTE; use June survey; was able to match area with June survey",
"2012","06/19/12 00:00:00","Chandeleur North D","MWP","barrier island","N",,,"N","photos taken; use this June survey for totals; was able to match area with May survey",
"2012","05/29/12 00:00:00","Chandeleur North E","MWP","barrier island","N",,,"N","photos taken; use June survey for this area; more BLSK in June and appear to be incubating in June",
"2012","06/19/12 00:00:00","Chandeleur North E","MWP","barrier island","N",,,"N","photos taken; use June survey as more birds and they appear to be incubating",
"2012","05/29/12 00:00:00","Chandeleur North F","MWP","barrier island","N",,,"N","flew past, no photos, assume no birds observed",
"2012","06/19/12 00:00:00","Chandeleur North F","MWP","barrier island","N",,,"N","small BLSK colony; Cam2 photos only; used these to count colony",
"2012","05/29/12 00:00:00","Chandeleur North G","MWP","barrier island","N",,,"N","did not fly too close to this colony, track line was about 0.5 miles away; no photos and not counted",
"2012","06/19/12 00:00:00","Chandeleur North G","MWP","barrier island","N",,,"N","photos taken; a large portion of colony was ""chicked out"" for ROYT and SATE; counted nest scrapes (i.e., cups) as empty nests (EN) to get an estimate of the colony size; still quite a few birds on sites as well about as many sites as EN dotted",
"2012","05/29/12 00:00:00","Chandeleur North H","MWP","barrier island","N",,,"N","photos taken; small BLSK and GBTE colony",
"2012","06/19/12 00:00:00","Chandeleur North H","MWP","barrier island","N",,,"N","flew past area; no photos taken; assume no birds present",
"2012","05/29/12 00:00:00","Chandeleur North I","MWP","barrier island","N",,,"N","flew past; only Cam2 photos taken; not counted as only June survey was counted",
"2012","06/19/12 00:00:00","Chandeleur North I","MWP","barrier island","N",,,"N","flew past; counted colony of BLSK (small)",
"2012","05/29/12 00:00:00","Chandeleur South A","MWP","barrier island","N",,,"N","photos taken; small/medium sized BLSK, CATE, LETE colony",
"2012","06/19/12 00:00:00","Chandeleur South A","MWP","barrier island","N",,,"N","flew past, no photos taken, assume birds were not seen",
"2012","05/29/12 00:00:00","Chandeleur South B","MWP","barrier island","N",,,"N","use May survey for BLSK and GBTE;",
"2012","06/19/12 00:00:00","Chandeleur South B","MWP","barrier island","N",,,"N","flew by colony; no photos taken; assume no birds were seen/observed",
"2012","05/29/12 00:00:00","Chandeleur South C","MWP","barrier island","N","CATE",,"Y","use May count and combine with June count (which was an area not counted in May due to partial coverage)",
"2012","05/29/12 00:00:00","Chandeleur South C","MWP","barrier island","N","BLSK",,"N","use June count as it  appears to have a few more birds set up on sites than in May",
"2012","05/29/12 00:00:00","Chandeleur South C","MWP","barrier island","N","ROYT, SATE",,"Y","use May count and combine with June that had ""new"" birds not present in May",
"2012","06/19/12 00:00:00","Chandeleur South C","MWP","barrier island","N","BLSK",,"N","use June count only",
"2012","06/19/12 00:00:00","Chandeleur South C","MWP","barrier island","N","CATE",,"Y","combine with June count as area counted in June had incomplete coverage in May survey",
"2012","06/19/12 00:00:00","Chandeleur South C","MWP","barrier island","N","ROYT, SATE",,"Y","combine with May count as colony was ""added"" onto (larger) in June survey and was able to see exact area counted in May",
"2012","06/19/12 00:00:00","Chandeleur South C","MWP","barrier island","N","GBTE",,"N","use only June survey",
"2012","05/29/12 00:00:00","Chandeleur South D","MWP","barrier island","N",,,"N","large linear colony of ROYT, SATE, CATE, BLSK etc.; photos taken use May survey for this colony",
"2012","06/19/12 00:00:00","Chandeleur South D","MWP","barrier island","N",,,"N","large linear colony of ROYT, SATE, CATE, BLSK etc.; photos taken ROYT/SATE ""chicked out""; use May survey; looked at June photos but did not count",
"2012","05/27/12 00:00:00","Grand Island Point","KMR","Grasses, shrubs, sand.","N",,,"N","99% of colony analyzed and counted; much more sand exposed in 2012 with more shrub cover and bare ground.",
"2012","05/27/12 00:00:00","Grand Island Point","KMR","Grasses, shrubs, sand.","N","BCNH",,"N","BCNH sitting low on sites.",
"2012","05/27/12 00:00:00","Grand Island Point","KMR","Grasses, shrubs, sand.","N","TRHE",,"N","TRHE with 1/3-1/2 grown chicks wandering from sites.",
"2012","05/27/12 00:00:00","Grand Island Point","KMR","Grasses, shrubs, sand.","N","BRPE",,"N","BRPE all sitting low or brooding.",
"2012","05/27/12 00:00:00","Grand Island Point","KMR","Grasses, shrubs, sand.","N","LAGU",,"N","LAGU all sitting low on sites.",
"2012","06/20/12 00:00:00","Grand Island Point","PJC",,"N",,,"N","all spp. still present, but flooding clearly had major impacts on BRPE and ROYT/SATE; some tern chicks evident, but beaches with colonies got washed over",
"2013","06/18/13 00:00:00","Chandeleur North A","MWP","sand/veg island","N","LAGU",,"N","a small colony of nesting LAGU with nests throughout the ""island"" area but concentrated in one area (possibly the southeast corner based on Google Earth images)",
"2013","06/18/13 00:00:00","Chandeleur North A","MWP","sand/veg island","N","BPRE",,"N","only roosting birds although one group of BRPE on shore had the appearance of ""pairing"" though there was clearly no nesting material or obvious breeding behavior",
"2013","06/18/13 00:00:00","Chandeleur North A","MWP","sand/veg island","N","SATE",,"N","mixed SATE/ROYT colony but mostly SATE; excellent coverage of this colony;",
"2013","06/18/13 00:00:00","Chandeleur North A","MWP","sand/veg island","N","ROYT",,"N","mixed SATE/ROYT colony but mostly SATE; excellent coverage of this colony;",
"2013","06/18/13 00:00:00","Chandeleur North B","MWP","sand/veg island","N","LAGU",,"N","lagu sites in with terns are good; tried to get site count from overview photos - probably missed quite a few but counted more than if no photos were used; still an under count of LAGU sites",
"2013","06/18/13 00:00:00","Chandeleur North B","MWP","sand/veg island","N","CATE",,"N","only a few sites but clearly CATE",
"2013","06/18/13 00:00:00","Chandeleur North B","MWP","sand/veg island","N","ROYT",,"N","excellent photos and good count; more standing birds at edges than in most tern colonies -- at least in my experience",
"2013","06/18/13 00:00:00","Chandeleur North B","MWP","sand/veg island","N","SATE",,"N","excellent photos and good count; more standing birds at edges than in most tern colonies -- at least in my experience",
"2013","06/18/13 00:00:00","Chandeleur North C","MWP","sand/beach","N","CATE",,"N","small number of CATE nesting amongst the ROYT/SATE groups",
"2013","06/18/13 00:00:00","Chandeleur North C","MWP","sand/beach","N","LAGU",,"N","just a few single birds hanging at the edge of the tern groups/subcolonies",
"2013","06/18/13 00:00:00","Chandeleur North C","MWP","sand/beach","N","BLSK",,"N","one pair that appears to have a site; sand around one bird gives the impression of a ""depression"" that would be a nest bowl or scrape",
"2013","06/18/13 00:00:00","Chandeleur North C","MWP","sand/beach","N","SATE",,"N","mixed SATE/ROYT colony but mostly SATE; excellent coverage of this colony; location where terns not previously documented by our surveys",
"2013","06/18/13 00:00:00","Chandeleur North C","MWP","sand/beach","N","GBTE",,"N","only a couple pairs seen adjacent to tern groups and somewhat close to the one BLSK pair seen",
"2013","06/18/13 00:00:00","Chandeleur North C","MWP","sand/beach","N","ROYT",,"N","mixed SATE/ROYT colony but mostly SATE; excellent coverage of this colony; location where terns not previously documented by our surveys",
"2013","06/18/13 00:00:00","Chandeleur North D","MWP","sand/beach","N","GBTE",,"N","good count; location may be near MWP117 - very difficult to tell based on available GoogleEarth images and photos; regardless location probably slightly more north of current MWP110 coordinates; used Cam1 photos to confirm sites",
"2013","06/18/13 00:00:00","Chandeleur North D","MWP","sand/beach","N","BLSK",,"N","good count; location may be near MWP117 - very difficult to tell based on available GoogleEarth images and photos; regardless location probably slightly more north of current MWP110 coordinates; used Cam1 photos to confirm sites",
"2013","05/24/13 00:00:00","Chandeleur North E","MWP","sand/beach","N","BLSK",,"N","small group of BLSK with 1 GBTE site; not photographed in June despite flying directly over the colony",
"2013","05/24/13 00:00:00","Chandeleur North E","MWP","sand/beach","N","GBTE",,"N","small group of BLSK with 1 GBTE site; not photographed in June despite flying directly over the colony",
"2013","06/18/13 00:00:00","Chandeleur North F","MWP","sand/veg/beach","N","ROYT",,"N","small to medium sized ROSA colony with LAGU nesting within the vegetated areas. Photos taken in May but no terns were present at that time; MWP116",
"2013","06/18/13 00:00:00","Chandeleur North F","MWP","sand/veg/beach","N","LAGU",,"N","small to medium sized ROSA colony with LAGU nesting within the vegetated areas. Photos taken in May but no terns were present at that time; MWP116",
"2013","06/18/13 00:00:00","Chandeleur North F","MWP","sand/veg/beach","N","SATE",,"N","small to medium sized ROSA colony with LAGU nesting within the vegetated areas. Photos taken in May but no terns were present at that time; MWP116",
"2013","06/18/13 00:00:00","Chandeleur South A","MWP","sand/beach","N","CATE",,"N","small group of SATE/CATE that formed close to PJC21 but unable to determine specific location along the beach; probably very close but slightly N of PJC21",
"2013","06/18/13 00:00:00","Chandeleur South A","MWP","sand/beach","N","SATE",,"N","small group of SATE/CATE that formed close to PJC21 but unable to determine specific location along the beach; probably very close but slightly N of PJC21",
"2013","06/18/13 00:00:00","Chandeleur South A","MWP","sand/beach","N","BLSK",,"N","colony along ""thin"" strip of beach that looks very ""berm""-like; unable to identify the specific location of colony using Google Earth; most likely just N of PJC21",
"2013","05/24/13 00:00:00","Chandeleur South B","MWP","sand/beach","N","CATE",,"Y","small group of CATE not photographed in June; flew near colony but didn't fly directly over so unsure if birds are still there",
"2013","06/18/13 00:00:00","Chandeleur South B","MWP","sand/beach","N","ROYT",,"N","fairly large group of SATE/ROYT; exact location at 29.7808/-88.8706; good count of colony; also smaller groups located to south of large colony see notes in species data table for those locations",
"2013","06/18/13 00:00:00","Chandeleur South B","MWP","sand/beach","N","SATE",,"N","fairly large group of SATE/ROYT; exact location at 29.7808/-88.8706; good count of colony; also smaller groups located to south of large colony see notes in species data table for those locations",
"2013","06/18/13 00:00:00","Chandeleur South B","MWP","sand/beach","N","BLSK",,"N","BLSK near PJC20; was unable to find specific location but probably very close to 29.7850/-88.8671",
"2013","06/18/13 00:00:00","Chandeleur South B","MWP","sand/beach/veg","N","LAGU",,"N","nesting LAGU in amongst terns but nesting in the vegetation that occurs in the area",
"2013","06/19/13 00:00:00","Terrebonne Bay 1","MWP","beach/marsh","N","SATE",,"N","colony is ""chicked out""; photos good enough to count adult/chick combinations along shoreline and interior of the island; probably under estimate of breeding due to failed sites but still a decent count",
"2013","06/19/13 00:00:00","Terrebonne Bay 1","MWP","beach/marsh","N","ROYT",,"N","colony is ""chicked out""; photos good enough to count adult/chick combinations along shoreline and interior of the island; probably under estimate of breeding due to failed sites but still a decent count",
"2013","06/19/13 00:00:00","Terrebonne Bay 1","MWP","beach/marsh","N","CATE",,"N","colony is ""chicked out""; photos good enough to count adult/chick combinations along shoreline and interior of the island; probably under estimate of breeding due to failed sites but still a decent count",
"2013","06/19/13 00:00:00","Terrebonne Bay 1","MWP","beach/marsh","N","LAGU",,"N","nest sites throughout colony; appears that some are in small chick stage and others appear to be brooding or on eggs; good count",
"2013","06/19/13 00:00:00","Terrebonne Bay 1","MWP","beach/marsh","N","BRPE",,"N","several hundred nests; either incubating or with small chicks being brooded; no wandering chicks; a few empty nest sites",
"2013","06/19/13 00:00:00","Terrebonne Bay 1","MWP","beach/marsh","N","TRHE",,"N","only 2 or so sites identified throughout colony; good count and no other TRHE seen even on the edges of the colony",
"2013","06/19/13 00:00:00","Birdsfoot East 4 A","PAG",,"N","WHIB",,"N","Primarily WHIB in this colony, with some GREGs. WHIB incubating, GREGs with nestlings.",
"2013","06/19/13 00:00:00","Birdsfoot West 4","PAG",,"N","CATE",,"N","66 Sites dotted",
"2013","06/19/13 00:00:00","Birdsfoot West 4","PAG",,"N","BLSK",,"N","Both CAM 1 and CAM 2 used for dotting colony; PhotoShop overview created.",
"2015",,"Half Moon Island","RSW",,"N","WHIB",,"Y","Counted in May- large colonies, many sites with chicks. More abundant WHIB in June, so best population estimate in June [for areas counted in both mos (PJC)]. 100% coverage",
