ColonyID,ActiveInventory,ColonyGroupBuffer,ColonyName,State,Longitude,Latitude,PrimaryHabitat,LandForm,GeoRegion,ExtrapArea,TerrestEcoRegion,MarineEcoRegion,FormerNames,OrigDotterID,NOTES August 2022
"H_3RK","No","3 Rooker Key","3 Rooker Key","FL",-82.839,28.1138,,,"Tampa Bay","South Florida","Southwestern Florida Flatwoods","Eastern Gulf Neritic",,"3 Rooker Key","Anclote Key State Preserve; surveyed 2010 only."
"ALP","Yes","Alligator Point","Alligator Point","FL",-84.44167,29.91544,,,"Apalachicola East","Coastal Marshes-Barrier Islands","Gulf Barrier Islands and Coastal Marshes","Eastern Gulf Neritic","PP19Colony01",,
"API","Yes","Anderson Point Island","Anderson Point Island","LA",-89.32729999999999,29.892,"Herbaceous marsh",,"Biloxi North","Coastal Marshes","Deltaic Coastal Marshes and Barrier Islands","Mississippi Estuarine Area","Biloxi North 39","KKN9",
"CG_ABI","Yes","Apalachicola Bird Island","Apalachicola Bird Island","FL",-84.975398,29.714977,,,"Apalachicola East","Coastal Marshes-Barrier Islands","Gulf Barrier Islands and Coastal Marshes","Eastern Gulf Neritic","NA",,"ColonyGroupBuffer centroid location coordinates."
"ABI_A","Yes","Apalachicola Bird Island","Apalachicola Bird Island A","FL",-84.97580000000001,29.71577,,,"Apalachicola East","Coastal Marshes-Barrier Islands","Gulf Barrier Islands and Coastal Marshes","Eastern Gulf Neritic","None",,"Colony coordinates provided by Florida Shorebird Alliance, therefore 500 m colony distance guideline did not apply."
"ABI_B","Yes","Apalachicola Bird Island","Apalachicola Bird Island B","FL",-84.97521,29.71424,,,"Apalachicola East","Coastal Marshes-Barrier Islands","Gulf Barrier Islands and Coastal Marshes","Eastern Gulf Neritic","None",,"Colony coordinates provided by Florida Shorebird Alliance, therefore 500 m colony distance guideline did not apply."
"ABI_C","Yes","Apalachicola Bird Island","Apalachicola Bird Island C","FL",-84.97490000000001,29.7143,,,"Apalachicola East","Coastal Marshes-Barrier Islands","Gulf Barrier Islands and Coastal Marshes","Eastern Gulf Neritic","ApalachicolaEast_4","KMR6",
"CG_AC","No","Arcadia Reef","Arcadia Reef","TX",-95.20228,29.02843,,,"Galveston","Mid-Upper Texas Coast","Mid-Coast TX Barrier Islands and Coastal Marshes","Texas Estuarine Area","NA",,"ColonyGroupBuffer centroid location coordinates.  Centroid coordinates represent center of Arcadia Reef colonies as depicted in TCWB database."
"H_AC_A","No","Arcadia Reef","Arcadia Reef A","TX",-95.2024,29.0293,,,"Galveston","Mid-Upper Texas Coast","Mid-Coast TX Barrier Islands and Coastal Marshes","Texas Estuarine Area","TexasCoast_16","WAW6","TCWB - active 2005"
"H_AC_B","No","Arcadia Reef","Arcadia Reef B","TX",-95.2008,29.0293,,,"Galveston","Mid-Upper Texas Coast","Mid-Coast TX Barrier Islands and Coastal Marshes","Texas Estuarine Area","TexasCoast_15","WAW7","TCWB - active 2005"
"CG_ACS","Yes","Arroyo Colorado Spoils","Arroyo Colorado Spoils","TX",-97.31473099999999,26.329042,,,"Lower Laguna Madre","Lower Texas Coast","Laguna Madre Barrier Islands and Coastal Marshes","Texas Estuarine Area","NA",,"ColonyGroupBuffer centroid location coordinates.  Centroid coordinates same as ACS_B1."
"ACS_A","Yes","Arroyo Colorado Spoils","Arroyo Colorado Spoils A","TX",-97.32147999999999,26.36267,,,"Lower Laguna Madre","Lower Texas Coast","Laguna Madre Barrier Islands and Coastal Marshes","Texas Estuarine Area","The Y aka Arroyo Colorado Spoil - A",,"Name still current in TCWB database."
"ACS_B1","Yes","Arroyo Colorado Spoils","Arroyo Colorado Spoils B1","TX",-97.31473099999999,26.329042,,,"Lower Laguna Madre","Lower Texas Coast","Laguna Madre Barrier Islands and Coastal Marshes","Texas Estuarine Area","Arroyo Colorado Spoil - B, TCWB",,"Former name is current in TCWB database but includes several small spoil islands - those dotted separately within ACS_B also given number labels."
"ACS_B2","Yes","Arroyo Colorado Spoils","Arroyo Colorado Spoils B2","TX",-97.31019999999999,26.318883,,,"Lower Laguna Madre","Lower Texas Coast","Laguna Madre Barrier Islands and Coastal Marshes","Texas Estuarine Area","Arroyo Colorado Spoil - B, TCWB",,"Former name is current in TCWB database but includes several small spoil islands - those dotted separately within ACS_B also given number labels."
"ACS_C","Yes","Arroyo Colorado Spoils","Arroyo Colorado Spoils C","TX",-97.31244,26.29922,,,"Lower Laguna Madre","Lower Texas Coast","Laguna Madre Barrier Islands and Coastal Marshes","Texas Estuarine Area","None",,
"ACS_D","Yes","Arroyo Colorado Spoils","Arroyo Colorado Spoils D","TX",-97.29015,26.28909,,,"Lower Laguna Madre","Lower Texas Coast","Laguna Madre Barrier Islands and Coastal Marshes","Texas Estuarine Area","None",,
"AUDI","Yes","Audubon Island","Audubon Island","FL",-85.7353,30.17688,,,"Apalachicola West","Coastal Marshes-Barrier Islands","Gulf Barrier Islands and Coastal Marshes","Eastern Gulf Neritic","None",,
"AVE","Yes","Aves Island","Aves Island","LA",-91.41448200000001,29.360459,"Grass marsh, wet",,"Atchafalaya Bay","Coastal Marshes","Deltaic Coastal Marshes and Barrier Islands","Mississippi Estuarine Area","None",,
"AVI","Yes","Avocet Island","Avocet Island","LA",-91.363845,29.407242,"Grassy mixed marsh",,"Atchafalaya Bay","Coastal Marshes","Deltaic Coastal Marshes and Barrier Islands","Mississippi Estuarine Area","VermilionBay_4",,
"BG_A","Yes","Bahia Grande Bird Islands","Bahia Grande A","TX",-97.315904,26.040313,,,"Lower Laguna Madre","Lower Texas Coast","Laguna Madre Barrier Islands and Coastal Marshes","Texas Estuarine Area","618-250 Bahia Grande",,
"BG_B","Yes","Bahia Grande Bird Islands","Bahia Grande B","TX",-97.30609,26.044,,,"Lower Laguna Madre","Lower Texas Coast","Laguna Madre Barrier Islands and Coastal Marshes","Texas Estuarine Area","618-250 Bahia Grande",,
"CG_BGBI","Yes","Bahia Grande Bird Islands","Bahia Grande Bird Islands","TX",-97.302707,26.039095,,,"Lower Laguna Madre","Lower Texas Coast","Laguna Madre Barrier Islands and Coastal Marshes","Texas Estuarine Area","NA",,"ColonyGroupBuffer centroid location coordinates. "
"BG_CC","Yes","Bahia Grande Bird Islands","Bahia Grande C Central","TX",-97.28825500000001,26.038968,,,"Lower Laguna Madre","Lower Texas Coast","Laguna Madre Barrier Islands and Coastal Marshes","Texas Estuarine Area","618-250 Bahia Grande",,"Considered Bahia Grande - Bird Island - C in TCWB database."
"BG_CE","Yes","Bahia Grande Bird Islands","Bahia Grande C East","TX",-97.28154000000001,26.04147,,,"Lower Laguna Madre","Lower Texas Coast","Laguna Madre Barrier Islands and Coastal Marshes","Texas Estuarine Area","618-250 Bahia Grande",,"Considered Bahia Grande - Bird Island - C in TCWB database."
"BG_CW","Yes","Bahia Grande Bird Islands","Bahia Grande C West","TX",-97.304354,26.034567,,,"Lower Laguna Madre","Lower Texas Coast","Laguna Madre Barrier Islands and Coastal Marshes","Texas Estuarine Area","618-250 Bahia Grande",,"Considered Bahia Grande - Bird Island - C in TCWB database."
"CG_BCB","Yes","Ballast Cove Beach","Ballast Cove Beach","FL",-84.629985,29.788245,,,"Apalachicola East","Coastal Marshes-Barrier Islands","Gulf Barrier Islands and Coastal Marshes","Eastern Gulf Neritic","NA",,"ColonyGroupBuffer centroid location coordinates."
"BCB_A","Yes","Ballast Cove Beach","Ballast Cove Beach A","FL",-84.62918999999999,29.78857,,,"Apalachicola East","Coastal Marshes-Barrier Islands","Gulf Barrier Islands and Coastal Marshes","Eastern Gulf Neritic","MN19LETE1",,"Colony coordinates provided by Florida Shorebird Alliance, therefore 500 m colony distance guideline did not apply."
"BCB_B","Yes","Ballast Cove Beach","Ballast Cove Beach B","FL",-84.63078,29.78792,,,"Apalachicola East","Coastal Marshes-Barrier Islands","Gulf Barrier Islands and Coastal Marshes","Eastern Gulf Neritic","DO18COL07",,"Colony coordinates provided by Florida Shorebird Alliance, therefore 500 m colony distance guideline did not apply."
"H_BB_10","No","Barataria Bay 10","Barataria Bay 10","LA",-90.16500000000001,29.1181,"Sand, wet",,"Barataria Bay","Coastal Marshes-Barrier Islands","Deltaic Coastal Marshes and Barrier Islands","Mississippi Estuarine Area","None","SLF42","No nests; inactive but shoreline habitat."
"BB_12","Yes","Barataria Bay 12","Barataria Bay 12","LA",-90.0147,29.4323,"Grassy marsh",,"Barataria Bay","Coastal Marshes-Barrier Islands","Deltaic Coastal Marshes and Barrier Islands","Mississippi Estuarine Area","None",,
"S_BB_13","No","Barataria Bay 13","Barataria Bay 13","LA",-89.871357,29.321881,"Shrub marsh",,"Barataria Bay","Coastal Marshes-Barrier Islands","Deltaic Coastal Marshes and Barrier Islands","Mississippi Estuarine Area","None","SLF49","Extant in 2016; submerged by 2018."
"S_BB_3","No","Barataria Bay 3","Barataria Bay 3","LA",-89.8023,29.3427,,,"Barataria Bay","Coastal Marshes-Barrier Islands","Deltaic Coastal Marshes and Barrier Islands","Mississippi Estuarine Area","Heron Island; Grand Isle #101","PJC79","Most island apprears tidally inundated 2015; gone by late 2016."
"H_BB_4","No","Barataria Bay 4","Barataria Bay 4","LA",-89.8319,29.3261,,,"Barataria Bay","Coastal Marshes-Barrier Islands","Deltaic Coastal Marshes and Barrier Islands","Mississippi Estuarine Area","None","MWP11","Inactive - island still extant 2021, relatively large area of suitable habitat."
"S_BB_5","Yes","Barataria Bay 5","Barataria Bay 5 AB","LA",-90.03893600000001,29.312443,,,"Barataria Bay","Coastal Marshes-Barrier Islands","Deltaic Coastal Marshes and Barrier Islands","Mississippi Estuarine Area","None","PJC75, PAG12","Submerged 2019."
"S_BB_6","Yes","Barataria Bay 6","Barataria Bay 6","LA",-90.046274,29.301332,,,"Barataria Bay","Coastal Marshes-Barrier Islands","Deltaic Coastal Marshes and Barrier Islands","Mississippi Estuarine Area","None","PJC74","Minor land 2016, submerged 2019."
"S_BB_7","No","Barataria Bay 7","Barataria Bay 7","LA",-90.0553,29.297676,,,"Barataria Bay","Coastal Marshes-Barrier Islands","Deltaic Coastal Marshes and Barrier Islands","Mississippi Estuarine Area","None","PJC73","Tidally inundated by 2015; submerged by 2019."
"H_BB_8","No","Barataria Bay 8","Barataria Bay 8","LA",-90.0932,29.1636,,,"Barataria Bay","Coastal Marshes-Barrier Islands","Deltaic Coastal Marshes and Barrier Islands","Mississippi Estuarine Area","None","SLF40","Dotted but no nests; inactive."
"H_BB_9","No","Barataria Bay 9","Barataria Bay 9","LA",-90.1323,29.1376,,,"Barataria Bay","Coastal Marshes-Barrier Islands","Deltaic Coastal Marshes and Barrier Islands","Mississippi Estuarine Area","None","SLF41","Dotted but no nests; inactive."
"H_BBBI","No","Bassa Bassa Bay Island","Bassa Bassa Bay Island","LA",-90.00338000000001,29.34565,,,"Barataria Bay","Coastal Marshes-Barrier Islands","Deltaic Coastal Marshes and Barrier Islands","Mississippi Estuarine Area","Island #11",,"Not dotted in 2010 (colony sweep only); much land remains."
"BAI","Yes","Bastian Island","Bastian Island","LA",-89.66549999999999,29.296,,,"Barataria Bay","Coastal Marshes-Barrier Islands","Deltaic Coastal Marshes and Barrier Islands","Mississippi Estuarine Area","None","MWP1",
"BAMC","Yes","Battery McIntosh","Battery McIntosh","AL",-88.0125,30.6686,,,"Mobile Bay Interior","Coastal Marshes","Gulf Barrier Islands and Coastal Marshes","Mississippi Estuarine Area","MobileBayInterior_1","MWP10",
"BCI","Yes","Bay Chaland Island","Bay Chaland Island","LA",-90.632649,29.226439,,,"Terrebonne Bay","Coastal Marshes-Barrier Islands","Deltaic Coastal Marshes and Barrier Islands","Mississippi Estuarine Area","None",,
"BHI","Yes","Bay Harbor Island","Bay Harbor Island","TX",-95.07424,29.13251,,,"Galveston","Mid-Upper Texas Coast","Mid-Coast TX Barrier Islands and Coastal Marshes","Texas Estuarine Area","TexasCoast_11, Bay Harbor 600-526","KMR14","Bay Harbor Bar, TCWB database."
"BJI","Yes","Bay Joyeux Islettes","Bay Joyeux Islettes","LA",-90.043532,29.288252,,,"Barataria Bay","Coastal Marshes-Barrier Islands","Deltaic Coastal Marshes and Barrier Islands","Mississippi Estuarine Area","BaratariaBay_11",,
"H_BAYK","No","Bay Keys","Bay Keys","FL",-81.7632,24.6335,,,"Florida Keys","South Florida","Southern Coast and Islands","Southwest Florida Neritic",,"MWP96","Surveyed 2010 only."
"S_BRNE","No","Bay Ronquille Northeast Island","Bay Ronquille Northeast Island","LA",-89.8357,29.3659,,,"Barataria Bay","Coastal Marshes-Barrier Islands","Deltaic Coastal Marshes and Barrier Islands","Mississippi Estuarine Area","None","PJC22","Submerged by 2015."
"S_BRNW","No","Bay Ronquille Northwest Island","Bay Ronquille Northwest Island","LA",-89.85339999999999,29.3631,,,"Barataria Bay","Coastal Marshes-Barrier Islands","Deltaic Coastal Marshes and Barrier Islands","Mississippi Estuarine Area","None","PJC34","Completely submerged by 2018"
"CG_BSJI","Yes","Bay Saint John Islands","Bay Saint John Islands","AL",-87.550066,30.284389,,,"Mobile Bay Seashore","Barrier Island-Seashore","Gulf Barrier Islands and Coastal Marshes","Mississippi Estuarine Area","NA",,"ColonyGroupBuffer centroid location coordinates."
"BCHB","Yes, New","Bayou Chene Beach","Bayou Chene Beach","LA",-91.95506,29.60776,,,"Vermilion Bay","Coastal Marshes","Deltaic Coastal Marshes and Barrier Islands","Mississippi Estuarine Area","None",,"New colony from LACWB 2022 colony surveys."
"BPC","Yes","Bayou Pintou","Bayou Pintou","LA",-89.224,30.128,,,"Biloxi North","Coastal Marshes","Deltaic Coastal Marshes and Barrier Islands","Mississippi Estuarine Area","Biloxi_N_2, Hopedale #40","KMR24","Active inventory; colony island point moved to central location."
"BPN","Yes","Bayou Platte Island North","Bayou Platte Island North","LA",-91.895594,29.619877,,,"Vermilion Bay","Coastal Marshes","Deltaic Coastal Marshes and Barrier Islands","Mississippi Estuarine Area","None",,
"BPS","Yes","Bayou Platte Island South","Bayou Platte Island South","LA",-91.8913,29.6069,,,"Vermilion Bay","Coastal Marshes","Deltaic Coastal Marshes and Barrier Islands","Mississippi Estuarine Area","VermilionBay_3","SLF5",
"BEI","Yes","Beauregard Island","Beauregard Island","LA",-89.97225,29.27971,,,"Barataria Bay","Coastal Marshes-Barrier Islands","Deltaic Coastal Marshes and Barrier Islands","Mississippi Estuarine Area","None","PJC5",
"BEA","Yes","Beauvoir","Beauvoir","MS",-88.97239,30.39081,,,"Mississippi Sound","Coastal Marshes","Gulf Barrier Islands and Coastal Marshes","Mississippi Estuarine Area","MississippiCoast_3","SLF38","Colony location is at center of polygon provided by MSCWB; this colony is within the Beauvoir polygon area, approx 180 m from the center."
"BI","Yes","Belle Isle","Belle Isle","LA",-89.5727,29.5758,,,"Biloxi South","Coastal Marshes","Deltaic Coastal Marshes and Barrier Islands","Mississippi Estuarine Area","Biloxi_S_8","PJC33",
"BPE","Yes","Belle Pass East","Belle Pass East","LA",-90.22190000000001,29.0901,,,"Barataria Bay","Coastal Marshes-Barrier Islands","Deltaic Coastal Marshes and Barrier Islands","Mississippi Estuarine Area","None","SLF39",
"BPP","Yes","Belle Pass Pond","Belle Pass Pond","LA",-90.211673,29.111568,,,"Terrebonne Bay","Coastal Marshes-Barrier Islands","Deltaic Coastal Marshes and Barrier Islands","Mississippi Estuarine Area","None",,
"BPW","Yes","Belle Pass West","Belle Pass West","LA",-90.262,29.0991,,,"Terrebonne Bay","Coastal Marshes-Barrier Islands","Deltaic Coastal Marshes and Barrier Islands","Mississippi Estuarine Area","None","PJC80",
"CG_BWB","Yes","Bid-A-Wee Beach","Bid-A-Wee Beach","FL",-85.852305,30.20176,,,"Apalachicola West","Coastal Marshes-Barrier Islands","Gulf Barrier Islands and Coastal Marshes","Eastern Gulf Neritic","NA",,"ColonyGroupBuffer centroid location coordinates."
"BWB_A","Yes","Bid-A-Wee Beach","Bid-A-Wee Beach A","FL",-85.85257,30.2019,,,"Apalachicola West","Coastal Marshes-Barrier Islands","Gulf Barrier Islands and Coastal Marshes","Eastern Gulf Neritic","BAW-site-1",,"Colony coordinates provided by Florida Shorebird Alliance, therefore 500 m colony distance guideline did not apply."
"BWB_B","Yes","Bid-A-Wee Beach","Bid-A-Wee Beach B","FL",-85.85204,30.20162,,,"Apalachicola West","Coastal Marshes-Barrier Islands","Gulf Barrier Islands and Coastal Marshes","Eastern Gulf Neritic","Bid-A-Wee",,"Colony coordinates provided by Florida Shorebird Alliance, therefore 500 m colony distance guideline did not apply."
"BIEN","Yes","Bienville","Bienville","MS",-89.34723,30.29243,,,"Mississippi Sound","Coastal Marshes","Gulf Barrier Islands and Coastal Marshes","Mississippi Estuarine Area","None",,"Colony location is at center of polygon provided by MSCWB."
"H_BHBI","No","Big Hickory Bay Islet","Big Hickory Bay Islet","FL",-81.8415,26.3531,,,"Charlotte Harbor","South Florida","Southwestern Florida Flatwoods","Western Florida Estuarine Area",,"MWP49","Surveyed 2010 only."
"BXB","Yes","Biloxi Beach","Biloxi Beach","MS",-88.8792,30.39308,,,"Mississippi Sound","Coastal Marshes","Gulf Barrier Islands and Coastal Marshes","Mississippi Estuarine Area","None",,"Colony location is at center of polygon provided by MSCWB."
"H_BLB_2","No","Biloxi Lake B 2","Biloxi Lake B 2","LA",-89.53740000000001,29.9207,,,"Biloxi North","Coastal Marshes","Deltaic Coastal Marshes and Barrier Islands","Mississippi Estuarine Area","None","KKN23","Dotted in 2010 as colony; now inactive."
"CG_BN_10","Yes","Biloxi North 10","Biloxi North 10","LA",-89.31806,30.04936,,,"Biloxi North","Coastal Marshes","Deltaic Coastal Marshes and Barrier Islands","Mississippi Estuarine Area","NA",,"ColonyGroupBuffer centroid location coordinates.  Centroid moved from orig BN10 A to center of new buffer delineation."
"BN_10_A","Yes","Biloxi North 10","Biloxi North 10 A","LA",-89.322,30.0485,,,"Biloxi North","Coastal Marshes","Deltaic Coastal Marshes and Barrier Islands","Mississippi Estuarine Area","None","SLF17","Name changed from BN_10 to BN_10 A. Dotted separately but all island fragments originally BN_10; letter designations assigned with island fragmentation and colony location changes."
"BN_10_B","Yes","Biloxi North 10","Biloxi North 10 B","LA",-89.31829999999999,30.0516,,,"Biloxi North","Coastal Marshes","Deltaic Coastal Marshes and Barrier Islands","Mississippi Estuarine Area","None","SLF18","Dotted separately but all island fragments originally BN_10; letter designations assigned with island fragmentation and colony location changes."
"BN_10_C","Yes","Biloxi North 10","Biloxi North 10 C","LA",-89.3202,30.0481,,,"Biloxi North","Coastal Marshes","Deltaic Coastal Marshes and Barrier Islands","Mississippi Estuarine Area","None","SLF19","Dotted separately but all island fragments originally BN_10; letter designations assigned with island fragmentation and colony location changes."
"BN_10_D","Yes","Biloxi North 10","Biloxi North 10 D","LA",-89.31829999999999,30.0476,,,"Biloxi North","Coastal Marshes","Deltaic Coastal Marshes and Barrier Islands","Mississippi Estuarine Area","None","SLF20","Dotted separately but all island fragments originally BN_10; letter designations assigned with island fragmentation and colony location changes."
"BN_10_E","Yes","Biloxi North 10","Biloxi North 10 E","LA",-89.3117,30.0502,,,"Biloxi North","Coastal Marshes","Deltaic Coastal Marshes and Barrier Islands","Mississippi Estuarine Area","None","SLF21","Dotted separately but all island fragments originally BN_10; letter designations assigned with island fragmentation and colony location changes."
"BN_11","Yes","Biloxi North 11","Biloxi North 11","LA",-89.3141,30.0324,,,"Biloxi North","Coastal Marshes","Deltaic Coastal Marshes and Barrier Islands","Mississippi Estuarine Area","None","SLF16",
"BN_12","Yes","Biloxi North 12","Biloxi North 12","LA",-89.273,30.042,,,"Biloxi North","Coastal Marshes","Deltaic Coastal Marshes and Barrier Islands","Mississippi Estuarine Area","None","KKN18","Colony location point moved to more central area of colony island."
"BN_13","Yes","Biloxi North 13","Biloxi North 13","LA",-89.2274,30.0261,,,"Biloxi North","Coastal Marshes","Deltaic Coastal Marshes and Barrier Islands","Mississippi Estuarine Area","None","SLF13",
"BN_14","Yes","Deep Water Pass Island","Biloxi North 14","LA",-89.20650000000001,30.0038,,,"Biloxi North","Coastal Marshes","Deltaic Coastal Marshes and Barrier Islands","Mississippi Estuarine Area","None","SLF14",
"S_BN_15","No","Deep Water Pass Island","Biloxi North 15","LA",-89.2162,29.9943,,,"Biloxi North","Coastal Marshes","Deltaic Coastal Marshes and Barrier Islands","Mississippi Estuarine Area","None","KKN26","Extant 2014; submerged by 2015."
"BN_16","Yes","Biloxi North 16","Biloxi North 16","LA",-89.2924,29.9984,,,"Biloxi North","Coastal Marshes","Deltaic Coastal Marshes and Barrier Islands","Mississippi Estuarine Area","None","KKN16",
"H_BN_17","No","Biloxi North 17","Biloxi North 17","LA",-89.2762,29.9751,,,"Biloxi North","Coastal Marshes","Deltaic Coastal Marshes and Barrier Islands","Mississippi Estuarine Area","None","KKN15","Original colony location in water at north end of Oak Mound Bayou Island."
"BN_18","Yes","Biloxi North 18","Biloxi North 18","LA",-89.249568,29.992825,,,"Biloxi North","Coastal Marshes","Deltaic Coastal Marshes and Barrier Islands","Mississippi Estuarine Area","None","KKN14","Colony location point moved closer to active colony."
"S_BN_22","No","Biloxi North 22","Biloxi North 22","LA",-89.2873,29.9368,,,"Biloxi North","Coastal Marshes","Deltaic Coastal Marshes and Barrier Islands","Mississippi Estuarine Area","None","KKN1; SLF15","Extant 2015; submerged by 2019."
"S_BN_25","Yes","Biloxi North 25","Biloxi North 25","LA",-89.2954,29.9059,,,"Biloxi North","Coastal Marshes","Deltaic Coastal Marshes and Barrier Islands","Mississippi Estuarine Area","None","KKN7",
"BN_26","Yes","Biloxi North 26","Biloxi North 26","LA",-89.301,29.8979,,,"Biloxi North","Coastal Marshes","Deltaic Coastal Marshes and Barrier Islands","Mississippi Estuarine Area","None","KKN8",
"BN_27","Yes","Biloxi North 27","Biloxi North 27","LA",-89.2497,29.8807,,,"Biloxi North","Coastal Marshes","Deltaic Coastal Marshes and Barrier Islands","Mississippi Estuarine Area","None","WAW15",
"H_BN_28","No","Biloxi North 28","Biloxi North 28","LA",-89.4183,29.9168,,,"Biloxi North","Coastal Marshes","Deltaic Coastal Marshes and Barrier Islands","Mississippi Estuarine Area","None","KKN22","Island fragmented and reduced, but some habitat still present 2019."
"BN_3","Yes","Biloxi North 3","Biloxi North 3","LA",-89.283,30.0997,,,"Biloxi North","Coastal Marshes","Deltaic Coastal Marshes and Barrier Islands","Mississippi Estuarine Area","Hopedale #135","KMR25",
"CG_BN_30","No","Biloxi North 30  ","Biloxi North 30  ","LA",-89.30985,29.81777,,,"Biloxi North","Coastal Marshes","Deltaic Coastal Marshes and Barrier Islands","Mississippi Estuarine Area","NA",,"ColonyGroupBuffer centroid location coordinates. "
"S_BN_30_A","No","Biloxi North 30  ","Biloxi North 30 A","LA",-89.31010000000001,29.8191,,,"Biloxi North","Coastal Marshes","Deltaic Coastal Marshes and Barrier Islands","Mississippi Estuarine Area","Biloxi_N_30","KKN3","Historical database shows island approx 300 m from BN_30B; dotted 2010, 2011 only; appears tidally inundated by 2012; submerged by 2014."
"S_BN_30_B","No","Biloxi North 30  ","Biloxi North 30 B","LA",-89.3095,29.8166,,,"Biloxi North","Coastal Marshes","Deltaic Coastal Marshes and Barrier Islands","Mississippi Estuarine Area","Biloxi_N_30","KKN2","Historical database coordinates shows BN_30B at center of buffer; dotted 2010, 2011, 2012 but not 2013; very little left by 2015; submerged 2019."
"S_BN_31","No","Biloxi North 31","Biloxi North 31","LA",-89.28149999999999,29.8043,,,"Biloxi North","Coastal Marshes","Deltaic Coastal Marshes and Barrier Islands","Mississippi Estuarine Area","None","KKN12","Extant in 2015, submerged by 2019."
"H_BN_32","No","Biloxi North 32","Biloxi North 32","LA",-89.2869,29.7637,,,"Biloxi North","Coastal Marshes","Deltaic Coastal Marshes and Barrier Islands","Mississippi Estuarine Area","None","KKN4","Large island now fractured."
"H_BN_34","No","Biloxi North 34","Biloxi North 34","LA",-89.4532,29.7439,,,"Biloxi North","Coastal Marshes","Deltaic Coastal Marshes and Barrier Islands","Mississippi Estuarine Area","None","KKN6","Manmade structure/dock; by 2019 dock frame only - complete loss of surface support."
"BN_35","Yes","Biloxi North 35","Biloxi North 35","LA",-89.253,29.951,,,"Biloxi North","Coastal Marshes","Deltaic Coastal Marshes and Barrier Islands","Mississippi Estuarine Area","None","PJC76","Colony location point moved to center of island."
"BN_36","Yes","Biloxi North 36","Biloxi North 36","LA",-89.3038,30.0497,,,"Biloxi North","Coastal Marshes","Deltaic Coastal Marshes and Barrier Islands","Mississippi Estuarine Area","None","KMR21",
"BN_37","Yes","Biloxi North 37","Biloxi North 37","LA",-89.3257,29.9141,,,"Biloxi North","Coastal Marshes","Deltaic Coastal Marshes and Barrier Islands","Mississippi Estuarine Area","None","KMR22",
"BN_38","Yes","Deep Water Pass Island","Biloxi North 38","LA",-89.21496999999999,30.00238,,,"Biloxi North","Coastal Marshes","Deltaic Coastal Marshes and Barrier Islands","Mississippi Estuarine Area","None","MWP122; SLF14",
"BN_4","Yes","Biloxi North 4","Biloxi North 4","LA",-89.23180000000001,30.0909,,,"Biloxi North","Coastal Marshes","Deltaic Coastal Marshes and Barrier Islands","Mississippi Estuarine Area","None","SLF24",
"BN_40","Yes","Biloxi North 40","Biloxi North 40","LA",-89.33750000000001,30.0434,,,"Biloxi North","Coastal Marshes","Deltaic Coastal Marshes and Barrier Islands","Mississippi Estuarine Area","None","KMR20",
"S_BN_41","Yes","Biloxi North 41","Biloxi North 41","LA",-89.44664,29.75089,,,"Biloxi North","Coastal Marshes","Deltaic Coastal Marshes and Barrier Islands","Mississippi Estuarine Area","None","SLF47","Extant 2019, submerged 2021."
"BN_42","Yes","Biloxi North 42","Biloxi North 42","LA",-89.36322699999999,29.948796,,,"Biloxi North","Coastal Marshes","Deltaic Coastal Marshes and Barrier Islands","Mississippi Estuarine Area","None","PJC83",
"BN_5","Yes","Biloxi North 5","Biloxi North 5","LA",-89.2069,30.0675,,,"Biloxi North","Coastal Marshes","Deltaic Coastal Marshes and Barrier Islands","Mississippi Estuarine Area","None","SLF22",
"BN_7","Yes","Biloxi North 7","Biloxi North 7","LA",-89.2011,30.0578,,,"Biloxi North","Coastal Marshes","Deltaic Coastal Marshes and Barrier Islands","Mississippi Estuarine Area","None","KKN31",
"BN_8","Yes","Biloxi North 8","Biloxi North 8","LA",-89.1944,30.0525,,,"Biloxi North","Coastal Marshes","Deltaic Coastal Marshes and Barrier Islands","Mississippi Estuarine Area","None","KKN32",
"S_BS_1","Yes","Biloxi South 1","Biloxi South 1","LA",-89.4646,29.6873,,,"Biloxi South","Coastal Marshes","Deltaic Coastal Marshes and Barrier Islands","Mississippi Estuarine Area","None","PJC10",
"CG_BS_10","Yes","Biloxi South 10","Biloxi South 10","LA",-89.551636,29.530535,,,"Biloxi South","Coastal Marshes","Deltaic Coastal Marshes and Barrier Islands","Mississippi Estuarine Area","NA",,"ColonyGroupBuffer centroid location coordinates. "
"H_BS_10_A","Yes","Biloxi South 10","Biloxi South 10 A","LA",-89.55392000000001,29.53141,,,"Biloxi South","Coastal Marshes","Deltaic Coastal Marshes and Barrier Islands","Mississippi Estuarine Area","Biloxi_S_10","DLJ2",
"BS_10_B","Yes","Biloxi South 10","Biloxi South 10 B","LA",-89.55068,29.5289,,,"Biloxi South","Coastal Marshes","Deltaic Coastal Marshes and Barrier Islands","Mississippi Estuarine Area","None","PJC7",
"H_BS_10_C","Yes","Biloxi South 10","Biloxi South 10 C","LA",-89.55606,29.53327,,,"Biloxi South","Coastal Marshes","Deltaic Coastal Marshes and Barrier Islands","Mississippi Estuarine Area","None","PJC8",
"BS_10_D","Yes","Biloxi South 10","Biloxi South 10 D","LA",-89.54504,29.52792,,,"Biloxi South","Coastal Marshes","Deltaic Coastal Marshes and Barrier Islands","Mississippi Estuarine Area","Biloxi_S_13","KMR19",
"BS_11","Yes","Biloxi South 11","Biloxi South 11","LA",-89.57259999999999,29.5247,,,"Biloxi South","Coastal Marshes","Deltaic Coastal Marshes and Barrier Islands","Mississippi Estuarine Area","None","PJC12",
"BS_14","Yes","Biloxi South 14","Biloxi South 14","LA",-89.45661699999999,29.659975,,,"Biloxi South","Coastal Marshes","Deltaic Coastal Marshes and Barrier Islands","Mississippi Estuarine Area","None","SLF45",
"BS_15","Yes","Biloxi South 15","Biloxi South 15","LA",-89.57510000000001,29.5324,,,"Biloxi South","Coastal Marshes","Deltaic Coastal Marshes and Barrier Islands","Mississippi Estuarine Area","None","KMR23",
"S_BS_16","No","Biloxi South 16","Biloxi South 16","LA",-89.447643,29.681855,,,"Biloxi South","Coastal Marshes","Deltaic Coastal Marshes and Barrier Islands","Mississippi Estuarine Area","None","SLF44","Submerged by 2021; insufficient data to include as a colony in 2010-2013 analyses."
"S_BS_17","Yes","Biloxi South 17","Biloxi South 17","LA",-89.567863,29.714347,,,"Biloxi South","Coastal Marshes","Deltaic Coastal Marshes and Barrier Islands","Mississippi Estuarine Area","None","SLF46",
"BS_2","Yes","Biloxi South 2","Biloxi South 2","LA",-89.5647,29.7047,,,"Biloxi South","Coastal Marshes","Deltaic Coastal Marshes and Barrier Islands","Mississippi Estuarine Area","None","PJC1",
"BS_20","Yes","Biloxi South 20","Biloxi South 20","LA",-89.539958,29.719486,,,"Biloxi South","Coastal Marshes","Deltaic Coastal Marshes and Barrier Islands","Mississippi Estuarine Area","None",,
"BS_21","Yes","Biloxi South 21","Biloxi South 21","LA",-89.45653299999999,29.678218,,,"Biloxi South","Coastal Marshes","Deltaic Coastal Marshes and Barrier Islands","Mississippi Estuarine Area","None",,
"BS_3","Yes","Biloxi South 3","Biloxi South 3","LA",-89.5487,29.7017,,,"Biloxi South","Coastal Marshes","Deltaic Coastal Marshes and Barrier Islands","Mississippi Estuarine Area","None","PJC2",
"S_BS_4_A","No","Biloxi South 4 A","Biloxi South 4 A","LA",-89.46720000000001,29.6618,,,"Biloxi South","Coastal Marshes","Deltaic Coastal Marshes and Barrier Islands","Mississippi Estuarine Area","Biloxi_S_4","PJC4","Submerged by 2019; extant through 2015."
"BS_4_B","Yes","Biloxi South 4 B","Biloxi South 4 B","LA",-89.4628,29.6629,,,"Biloxi South","Coastal Marshes","Deltaic Coastal Marshes and Barrier Islands","Mississippi Estuarine Area","None","PJC9",
"CG_BS_5","Yes","Biloxi South 5","Biloxi South 5","LA",-89.460849,29.652196,,,"Biloxi South","Coastal Marshes","Deltaic Coastal Marshes and Barrier Islands","Mississippi Estuarine Area","NA",,"ColonyGroupBuffer centroid location coordinates. "
"BS_5_A","Yes","Biloxi South 5","Biloxi South 5 A","LA",-89.464,29.6523,,,"Biloxi South","Coastal Marshes","Deltaic Coastal Marshes and Barrier Islands","Mississippi Estuarine Area","None","PJC31",
"BS_5_B","Yes","Biloxi South 5","Biloxi South 5 B","LA",-89.4577,29.6521,,,"Biloxi South","Coastal Marshes","Deltaic Coastal Marshes and Barrier Islands","Mississippi Estuarine Area","None","PJC32",
"BS_6","Yes","Biloxi South 6","Biloxi South 6","LA",-89.5145,29.6569,,,"Biloxi South","Coastal Marshes","Deltaic Coastal Marshes and Barrier Islands","Mississippi Estuarine Area","None","PJC3",
"S_BS_7","No","Biloxi South 7","Biloxi South 7","LA",-89.5887,29.6055,,,"Biloxi South","Coastal Marshes","Deltaic Coastal Marshes and Barrier Islands","Mississippi Estuarine Area","None","PJC6","Dotted 2010-2013, submerged by 2015."
"S_BS_9","Yes","Biloxi South 9","Biloxi South 9","LA",-89.53530000000001,29.5392,,,"Biloxi South","Coastal Marshes","Deltaic Coastal Marshes and Barrier Islands","Mississippi Estuarine Area","None","PJC13",
"S_BIRD","No","Bird Island Birdsfoot","Bird Island Birdsfoot","LA",-89.3212,29.391585,,,"Birdsfoot East","Coastal Marshes","Deltaic Coastal Marshes and Barrier Islands","Mississippi Estuarine Area","BirdsfootEast_1","MWP5","Sandy peninsula/point gone by 2012, but area is one of spoil deposition/habitat restoration."
"H_BICR","No","Bird Island Chassahowitzka Reefs ","Bird Island Chassahowitzka Reefs ","FL",-82.68600000000001,28.6738,,,"Crystal River","South Florida","Big Bend Coastal Marsh","Eastern Gulf Neritic",,"MWP32",
"BIE","Yes","Bird Island East","Bird Island East","LA",-91.382509,29.353105,,,"Atchafalaya Bay","Coastal Marshes","Deltaic Coastal Marshes and Barrier Islands","Mississippi Estuarine Area","None",,
"H_BIMP","No","Bird Island Matlacha Pass ","Bird Island Matlacha Pass ","FL",-82.033,26.5126,,,"Charlotte Harbor","South Florida","Southwestern Florida Flatwoods","Western Florida Estuarine Area","Bird Island","MWP58","Surveyed 2010 only."
"BIW","Yes","Bird Island West","Bird Island West","LA",-91.40304999999999,29.368626,,,"Atchafalaya Bay","Coastal Marshes","Deltaic Coastal Marshes and Barrier Islands","Mississippi Estuarine Area","None",,
"H_BKAR","No","Bird Key Anclote River","Bird Key Anclote River","FL",-82.80459999999999,28.1739,,,"Tampa Bay","South Florida","Southwestern Florida Flatwoods","Eastern Gulf Neritic",,"MWP30",
"H_BKTC","No","Bird Key Terra Ceia","Bird Key Terra Ceia","FL",-82.59999999999999,27.5522,,,"Tampa Bay","South Florida","Southwestern Florida Flatwoods","Western Florida Estuarine Area","Bird Key","Bird Key 1","Terra Ceia Bay; surveyed 2010 only."
"H_BKCB","No","Bird Keys Crystal Bay","Bird Keys Crystal Bay","FL",-82.7009,28.8777,,,"Crystal River","South Florida","Big Bend Coastal Marsh","Eastern Gulf Neritic","Bird Keys","Bird Keys","Crystal Bay; surveyed 2010 only."
"H_BKIS","No","Bird Keys Islet","Bird Keys Islet","FL",-82.5038,27.2087,,,"Tampa Bay","South Florida","Southwestern Florida Flatwoods","Western Florida Estuarine Area",,"MWP70","Little Sarasota Bay; surveyed 2010 only."
"BE_3","Yes","Birdsfoot East 3","Birdsfoot East 3","LA",-89.29989999999999,29.3725,,,"Birdsfoot East","Coastal Marshes","Deltaic Coastal Marshes and Barrier Islands","Mississippi Estuarine Area","PAG8","PAG8",
"CG_BE_4","Yes","Birdsfoot East 4","Birdsfoot East 4","LA",-89.36321599999999,28.979007,,,"Birdsfoot East","Coastal Marshes","Deltaic Coastal Marshes and Barrier Islands","Mississippi Estuarine Area","NA",,"ColonyGroupBuffer centroid location coordinates. "
"BE_4_A","Yes","Birdsfoot East 4","Birdsfoot East 4 A","LA",-89.363755,28.974693,,,"Birdsfoot East","Coastal Marshes","Deltaic Coastal Marshes and Barrier Islands","Mississippi Estuarine Area","BirdsfootEast_3","PAG11",
"BE_4_B","Yes","Birdsfoot East 4","Birdsfoot East 4 B","LA",-89.362942,28.98179,,,"Birdsfoot East","Coastal Marshes","Deltaic Coastal Marshes and Barrier Islands","Mississippi Estuarine Area","None",,
"BW_1","Yes","Birdsfoot West 1","Birdsfoot West 1","LA",-89.3549,29.2054,,,"Birdsfoot West","Coastal Marshes","Deltaic Coastal Marshes and Barrier Islands","Mississippi Estuarine Area","None","MWP7",
"BW_2","Yes","Birdsfoot West 2","Birdsfoot West 2","LA",-89.31229999999999,29.1875,,,"Birdsfoot West","Coastal Marshes","Deltaic Coastal Marshes and Barrier Islands","Mississippi Estuarine Area","None","MWP6",
"BW_3","Yes","Birdsfoot West 3","Birdsfoot West 3","LA",-89.3914,29.2122,,,"Birdsfoot West","Coastal Marshes","Deltaic Coastal Marshes and Barrier Islands","Mississippi Estuarine Area","None","PAG9",
"BW_4","Yes","Birdsfoot West 4","Birdsfoot West 4","LA",-89.29314599999999,29.179677,,,"Birdsfoot West","Coastal Marshes","Deltaic Coastal Marshes and Barrier Islands","Mississippi Estuarine Area","None",,
"BW_5","Yes","Birdsfoot West 5","Birdsfoot West 5","LA",-89.299464,29.223319,,,"Birdsfoot West","Coastal Marshes","Deltaic Coastal Marshes and Barrier Islands","Mississippi Estuarine Area","None",,
"CG_BW_6","Yes","Birdsfoot West 6","Birdsfoot West 6","LA",-89.37723200000001,29.218913,,,"Birdsfoot West","Coastal Marshes","Deltaic Coastal Marshes and Barrier Islands","Mississippi Estuarine Area","NA",,"ColonyGroupBuffer centroid location coordinates. "
"BW_6_A","Yes","Birdsfoot West 6","Birdsfoot West 6 A","LA",-89.382209,29.21976,,,"Birdsfoot West","Coastal Marshes","Deltaic Coastal Marshes and Barrier Islands","Mississippi Estuarine Area","None",,
"BW_6_B","Yes","Birdsfoot West 6","Birdsfoot West 6 B","LA",-89.372248,29.218071,,,"Birdsfoot West","Coastal Marshes","Deltaic Coastal Marshes and Barrier Islands","Mississippi Estuarine Area","None",,
"H_BJPR_I","No","Black Jack Point Reef I","Black Jack Point Reef I","TX",-96.96899999999999,28.1222,,,"Corpus Christi-Aransas Bay","Mid Texas Coast","Mid-Coast TX Barrier Islands and Coastal Marshes","Texas Estuarine Area",,"PJC51","TCBW database - status unknown 2021; excluded from analyses 2014"
"H_BKSI","No","Black Key South Islet","Black Key South Islet","FL",-81.8549,26.4113,,,"Charlotte Harbor","South Florida","Southwestern Florida Flatwoods","Western Florida Estuarine Area",,"MWP47","Surveyed 2010 only."
"BSS","Yes","Black Skimmer Strip","Black Skimmer Strip","TX",-96.93405,28.11619,,,"Corpus Christi-Aransas Bay","Mid Texas Coast","Mid-Coast TX Barrier Islands and Coastal Marshes","Texas Estuarine Area","Black Skimmer Strip 609-507",,"Colony is BU-J aka Black Skimmer Strip, TCWB database."
"H_BBIN","No","Blackburn Bay Island North","Blackburn Bay Island North","FL",-82.4751,27.1515,,,"Tampa Bay","South Florida","Southwestern Florida Flatwoods","Western Florida Estuarine Area",,"MWP68","Surveyed 2010 only."
"H_BBIS","No","Blackburn Bay Island South","Blackburn Bay Island South","FL",-82.47190000000001,27.1412,,,"Tampa Bay","South Florida","Southwestern Florida Flatwoods","Western Florida Estuarine Area",,"MWP67","Surveyed 2010 only."
"H_BOB","No","Bob Key","Bob Key","FL",-80.5646,25.1092,,,"Everglades National Park","South Florida","Southern Coast and Islands","Florida Bay",,"Bob Key","Surveyed 2010 only."
"H_BGK","No","Boca Grande Key","Boca Grande Key","FL",-82.0043,24.5328,,,"Florida Keys","South Florida","Southern Coast and Islands","Southwest Florida Neritic",,"Boca Grande Key","Surveyed 2010 only."
"BOS_1","Yes","Bon Secour 1","Bon Secour 1","AL",-87.94287300000001,30.253677,,,"Mobile Bay Interior","Coastal Marshes","Gulf Barrier Islands and Coastal Marshes","Mississippi Estuarine Area","None",,
"BOS_2","Yes","Bon Secour 2","Bon Secour 2","AL",-87.94926599999999,30.231851,,,"Mobile Bay Seashore","Barrier Island-Seashore","Gulf Barrier Islands and Coastal Marshes","Mississippi Estuarine Area","None",,
"BOS_3","Yes","Bon Secour 3","Bon Secour 3","AL",-88.005818,30.231185,,,"Mobile Bay Seashore","Barrier Island-Seashore","Gulf Barrier Islands and Coastal Marshes","Mississippi Estuarine Area","None",,
"BRET","Yes","Breton Island","Breton Island","LA",-89.1742,29.4955,,,"Breton-Chandeleur Islands","Barrier Islands","Deltaic Coastal Marshes and Barrier Islands","Mississippi Estuarine Area","MWP12, KKN17","MWP12, KKN17",
"BRO","Yes","Woodward-Broad","Broad","MS",-89.11138,30.35802,,,"Mississippi Sound","Coastal Marshes","Gulf Barrier Islands and Coastal Marshes","Mississippi Estuarine Area","None",,"Colony location is at center of polygon provided by MSCWB."
"H_BWI","No","Broken Wing Island","Broken Wing Island","LA",-89.29751,29.40333,,,"Birdsfoot East","Coastal Marshes","Deltaic Coastal Marshes and Barrier Islands","Mississippi Estuarine Area","Dredge Spoils, Spoil Island",,"Not dotted in 2010 (colony sweep only); much land remains."
"BRSH","Yes","Brush Island","Brush Island","LA",-89.1863,30.034,,,"Biloxi North","Coastal Marshes","Deltaic Coastal Marshes and Barrier Islands","Mississippi Estuarine Area","Biloxi_N_9","SLF23",
"H_BM","Yes","Bryan Mound","Bryan Mound","TX",-95.3797,28.9218,,,"Galveston","Mid-Upper Texas Coast","Mid-Coast TX Barrier Islands and Coastal Marshes","Texas Estuarine Area","TexasCoast_20","WAW2","TCWB database - active 2001."
"H_BUK","No","Buchanan Keys","Buchanan Keys","FL",-80.7752,24.9199,,,"Everglades National Park","South Florida","Southern Coast and Islands","Florida Bay",,"Buchanan Keys","Surveyed 2010 only."
"H_BBN","No","Burrwood Bayou North","Burrwood Bayou North","LA",-89.3475,28.972,,,"Birdsfoot West","Coastal Marshes","Deltaic Coastal Marshes and Barrier Islands","Mississippi Estuarine Area","None","PJC64","Renamed Burwood Bayou North;  is a dredge spoil area, but coordinates never on land."
"H_BBS","No","Burrwood Bayou South","Burrwood Bayou South","LA",-89.3937,28.9395,,,"Birdsfoot West","Coastal Marshes","Deltaic Coastal Marshes and Barrier Islands","Mississippi Estuarine Area","None","PJC63","Renamed Burwood Bayou South;  is a dredge spoil area, but coordinates never on land."
"H_BLK","No","Bush and Long Keys","Bush and Long Keys","FL",-82.86369999999999,24.6281,,,"Florida Keys","South Florida","Southern Coast and Islands","Southwest Florida Neritic",,"Bush and Long Keys","Surveyed 2010 only."
"H_CHZI","No","Cape Haze Islet","Cape Haze Islet","FL",-82.2295,26.7967,,,"Charlotte Harbor","South Florida","Southwestern Florida Flatwoods","Western Florida Estuarine Area",,"MWP63","Surveyed 2010 only."
"H_CRK","No","Carl Ross Key","Carl Ross Key","FL",-81.01739999999999,25.039,,,"Everglades National Park","South Florida","Southern Coast and Islands","Florida Bay",,"Carl Ross Key","Surveyed 2010 only."
"CARR","Yes","Carrabelle","Carrabelle","FL",-84.68799,29.83509,,,"Apalachicola East","Coastal Marshes-Barrier Islands","Gulf Barrier Islands and Coastal Marshes","Eastern Gulf Neritic","None",,
"S_CBI","No","Cat Bay Island","Cat Bay Island","LA",-89.8672,29.3474,,,"Barataria Bay","Coastal Marshes-Barrier Islands","Deltaic Coastal Marshes and Barrier Islands","Mississippi Estuarine Area","None","DLJ3; KKN28","Completely submerged by 2018."
"S_CBN","No","Cat Bay North Island","Cat Bay North Island","LA",-89.8646,29.3656,,,"Barataria Bay","Coastal Marshes-Barrier Islands","Deltaic Coastal Marshes and Barrier Islands","Mississippi Estuarine Area","None","DLJ4","Completely submerged by 2018."
"S_CBS","No","Cat Bay South Island","Cat Bay South Island","LA",-89.8716,29.3341,,,"Barataria Bay","Coastal Marshes-Barrier Islands","Deltaic Coastal Marshes and Barrier Islands","Mississippi Estuarine Area","None","PJC11","Completely submerged by 2018."
"CAIS","Yes","Cat Island","Cat Island","AL",-88.2099,30.3207,,,"Mississippi Sound","Coastal Marshes","Gulf Barrier Islands and Coastal Marshes","Mississippi Estuarine Area","None","SLF33",
"CATS","Yes","Cat Island South","Cat Island South","MS",-89.08317,30.21397,,,"Mississippi Sound Gulf Islands","Barrier Islands","Gulf Barrier Islands and Coastal Marshes","Mississippi Estuarine Area","None",,"2011 flew over northern edge of island, outside established colony buffer."
"H_CIP_A","No","Causeway Island Platforms A","Causeway Island Platforms A","TX",-97.09950000000001,27.9326,,,"Corpus Christi-Aransas Bay","Mid Texas Coast","Mid-Coast TX Barrier Islands and Coastal Marshes","Texas Estuarine Area",,"PJC44","TCWBDB database - active 2021, on Big Bayou Spoil; excluded from analyses 2014."
"H_CCCSE","No","CC Channel Spoil East","CC Channel Spoil East","TX",-97.1908,27.8154,,,"Corpus Christi-Aransas Bay","Mid Texas Coast","Mid-Coast TX Barrier Islands and Coastal Marshes","Texas Estuarine Area",,"PJC43","TCWB database - active 2021; excluded from analyses 2014."
"CEIS","Yes","Cedar Island","Cedar Island","AL",-88.1193,30.2791,,,"Mississippi Sound Gulf Islands","Barrier Islands","Gulf Barrier Islands and Coastal Marshes","Mississippi Estuarine Area","None","Cedar Island",
"CG_CL","No","Cedar Lakes  ","Cedar Lakes  ","TX",-95.48962,28.84527,,,"Galveston","Mid-Upper Texas Coast","Mid-Coast TX Barrier Islands and Coastal Marshes","Texas Estuarine Area",,,"ColonyGroupBuffer centroid coordinates between two of four colony islands of Cedar Lake, TCWB database."
"H_CL_3","No","Cedar Lakes  ","Cedar Lakes 3","TX",-95.49120000000001,28.8463,,,"Galveston","Mid-Upper Texas Coast","Mid-Coast TX Barrier Islands and Coastal Marshes","Texas Estuarine Area","TexasCoast_22","WAW0","TCWB database - active 2012."
"H_CL_4","No","Cedar Lakes  ","Cedar Lakes 4","TX",-95.488,28.8442,,,"Galveston","Mid-Upper Texas Coast","Mid-Coast TX Barrier Islands and Coastal Marshes","Texas Estuarine Area","TexasCoast_21","WAW1","TCWB database - active 2012."
"CG_CIN","Yes","Chandeleur Islands North","Chandeleur Islands North","LA",-88.82904000000001,29.928641,,,"Breton-Chandeleur Islands","Barrier Islands","Deltaic Coastal Marshes and Barrier Islands","Mississippi Estuarine Area","NA",,"ColonyGroupBuffer centroid location coordinates. "
"CG_CIS","Yes","Chandeleur Islands South","Chandeleur Islands South","LA",-88.873164,29.786808,,,"Breton-Chandeleur Islands","Barrier Islands","Deltaic Coastal Marshes and Barrier Islands","Mississippi Estuarine Area","NA",,"ColonyGroupBuffer centroid location coordinates. "
"CIN_2018_A","Yes","Chandeleur Islands North","Chandeleur North A","LA",-88.82772199999999,29.969531,,,"Breton-Chandeleur Islands","Barrier Islands","Deltaic Coastal Marshes and Barrier Islands","Mississippi Estuarine Area","ChandIslandChain","MWP106-121, PJC19-21, PJC24-30, SLF48; ChandB_3; ChandB_4; ChandB_5; ChandB_7.","Earlier dotting years have all under ChandIslandChain."
"CIN_2018_B","Yes","Chandeleur Islands North","Chandeleur North B","LA",-88.823795,29.949821,,,"Breton-Chandeleur Islands","Barrier Islands","Deltaic Coastal Marshes and Barrier Islands","Mississippi Estuarine Area","ChandIslandChain","MWP106-121, PJC19-21, PJC24-30, SLF48; ChandB_3; ChandB_4; ChandB_5; ChandB_7.","Earlier dotting years have all under ChandIslandChain."
"CIN_2018_C","Yes","Chandeleur Islands North","Chandeleur North C","LA",-88.82179600000001,29.929685,,,"Breton-Chandeleur Islands","Barrier Islands","Deltaic Coastal Marshes and Barrier Islands","Mississippi Estuarine Area","ChandIslandChain","MWP106-121, PJC19-21, PJC24-30, SLF48; ChandB_3; ChandB_4; ChandB_5; ChandB_7.","Earlier dotting years have all under ChandIslandChain."
"CIN_2018_D","Yes","Chandeleur Islands North","Chandeleur North D","LA",-88.824851,29.901692,,,"Breton-Chandeleur Islands","Barrier Islands","Deltaic Coastal Marshes and Barrier Islands","Mississippi Estuarine Area","ChandIslandChain","MWP106-121, PJC19-21, PJC24-30, SLF48; ChandB_3; ChandB_4; ChandB_5; ChandB_7.","Earlier dotting years have all under ChandIslandChain."
"CIN_2018_E","Yes","Chandeleur Islands North","Chandeleur North E","LA",-88.82646,29.888395,,,"Breton-Chandeleur Islands","Barrier Islands","Deltaic Coastal Marshes and Barrier Islands","Mississippi Estuarine Area","ChandIslandChain","MWP106-121, PJC19-21, PJC24-30, SLF48; ChandB_3; ChandB_4; ChandB_5; ChandB_7.","Earlier dotting years have all under ChandIslandChain."
"CIN_2018_F","Yes","Chandeleur Islands North","Chandeleur North F","LA",-88.828345,29.881806,,,"Breton-Chandeleur Islands","Barrier Islands","Deltaic Coastal Marshes and Barrier Islands","Mississippi Estuarine Area","ChandIslandChain","MWP106-121, PJC19-21, PJC24-30, SLF48; ChandB_3; ChandB_4; ChandB_5; ChandB_7.","Earlier dotting years have all under ChandIslandChain."
"CIN_2018_G","Yes","Chandeleur Islands North","Chandeleur North G","LA",-88.832617,29.865132,,,"Breton-Chandeleur Islands","Barrier Islands","Deltaic Coastal Marshes and Barrier Islands","Mississippi Estuarine Area","ChandIslandChain","MWP106-121, PJC19-21, PJC24-30, SLF48; ChandB_3; ChandB_4; ChandB_5; ChandB_7.","Earlier dotting years have all under ChandIslandChain."
"CIN_2018_H","Yes","Chandeleur Islands North","Chandeleur North H","LA",-88.83663799999999,29.85238,,,"Breton-Chandeleur Islands","Barrier Islands","Deltaic Coastal Marshes and Barrier Islands","Mississippi Estuarine Area","ChandIslandChain","MWP106-121, PJC19-21, PJC24-30, SLF48; ChandB_3; ChandB_4; ChandB_5; ChandB_7.","Earlier dotting years have all under ChandIslandChain."
"CIN_2018_I","Yes","Chandeleur Islands North","Chandeleur North I","LA",-88.83965499999999,29.845356,,,"Breton-Chandeleur Islands","Barrier Islands","Deltaic Coastal Marshes and Barrier Islands","Mississippi Estuarine Area","ChandIslandChain","MWP106-121, PJC19-21, PJC24-30, SLF48; ChandB_3; ChandB_4; ChandB_5; ChandB_7.","Earlier dotting years have all under ChandIslandChain."
"CIN_2012_J","Yes","Chandeleur Islands North","Chandeleur North J","LA",-88.8359,29.8477,,,"Breton-Chandeleur Islands","Barrier Islands","Deltaic Coastal Marshes and Barrier Islands","Mississippi Estuarine Area","ChandIslandChain","PJC30","Earlier dotting years have all under ChandIslandChain."
"CIN_2012_K","Yes","Chandeleur Islands North","Chandeleur North K","LA",-88.84350000000001,29.8318,,,"Breton-Chandeleur Islands","Barrier Islands","Deltaic Coastal Marshes and Barrier Islands","Mississippi Estuarine Area","ChandIslandChain","PJC29","Earlier dotting years have all under ChandIslandChain."
"CIS_2018_A","Yes","Chandeleur Islands South","Chandeleur South A","LA",-88.86106700000001,29.809332,,,"Breton-Chandeleur Islands","Barrier Islands","Deltaic Coastal Marshes and Barrier Islands","Mississippi Estuarine Area","ChandIslandChain","MWP106-121, PJC19-21, PJC24-30, SLF48; ChandB_3; ChandB_4; ChandB_5; ChandB_7.","Earlier dotting years have all under ChandIslandChain."
"CIS_2018_B","Yes","Chandeleur Islands South","Chandeleur South B","LA",-88.86415599999999,29.79898,,,"Breton-Chandeleur Islands","Barrier Islands","Deltaic Coastal Marshes and Barrier Islands","Mississippi Estuarine Area","ChandIslandChain","MWP106-121, PJC19-21, PJC24-30, SLF48; ChandB_3; ChandB_4; ChandB_5; ChandB_7.","Earlier dotting years have all under ChandIslandChain."
"CIS_2018_C","Yes","Chandeleur Islands South","Chandeleur South C","LA",-88.87419199999999,29.780414,,,"Breton-Chandeleur Islands","Barrier Islands","Deltaic Coastal Marshes and Barrier Islands","Mississippi Estuarine Area","ChandIslandChain","MWP106-121, PJC19-21, PJC24-30, SLF48; ChandB_3; ChandB_4; ChandB_5; ChandB_7.","Earlier dotting years have all under ChandIslandChain."
"CIS_2018_D","Yes","Chandeleur Islands South","Chandeleur South D","LA",-88.882942,29.770378,,,"Breton-Chandeleur Islands","Barrier Islands","Deltaic Coastal Marshes and Barrier Islands","Mississippi Estuarine Area","ChandIslandChain","MWP106-121, PJC19-21, PJC24-30, SLF48; ChandB_3; ChandB_4; ChandB_5; ChandB_7.","Earlier dotting years have all under ChandIslandChain."
"CIS_2018_E","Yes","Chandeleur Islands South","Chandeleur South E","LA",-88.887086,29.765024,,,"Breton-Chandeleur Islands","Barrier Islands","Deltaic Coastal Marshes and Barrier Islands","Mississippi Estuarine Area","ChandIslandChain","MWP106-121, PJC19-21, PJC24-30, SLF48; ChandB_3; ChandB_4; ChandB_5; ChandB_7.","Earlier dotting years have all under ChandIslandChain."
"CIS_2015_F","Yes","Chandeleur Islands South","Chandeleur South F","LA",-88.88748,29.76426,,,"Breton-Chandeleur Islands","Barrier Islands","Deltaic Coastal Marshes and Barrier Islands","Mississippi Estuarine Area","ChandIslandChain","MWP106-121, PJC19-21, PJC24-30, SLF48; ChandB_3; ChandB_4; ChandB_5; ChandB_7.","Earlier dotting years have all under ChandIslandChain."
"H_CHK","No","Channel Key","Channel Key","FL",-80.9153,24.7931,,,"Florida Keys","South Florida","Southern Coast and Islands","Florida Keys",,"Channel Key","Surveyed 2010 only."
"CHES","Yes","Chester Island","Chester Island","TX",-96.34689,28.45174,,,"Matagorda Bay","Mid Texas Coast","Mid-Coast TX Barrier Islands and Coastal Marshes","Texas Estuarine Area","Chester 609-300","SLF43","Chester's Island aka Sundown Island, TCWB databse."
"CBE","Yes, New","Chino Bay East","Chino Bay East","LA",-89.20986499999999,30.037048,,,"Biloxi North","Coastal Marshes","Deltaic Coastal Marshes and Barrier Islands","Mississippi Estuarine Area","None",,"New colony from LACWB 2022 colony surveys."
"H_CHBI","No","Chocoloskee Bay Islet","Chocoloskee Bay Islet","FL",-81.413,25.8486,,,"Ten Thousand Islands","South Florida","Southern Coast and Islands","Shark River Estuarine Area",,"MWP41","Surveyed 2010 only."
"H_CLAM","No","Clam Key","Clam Key","FL",-82.1126,26.5065,,,"Charlotte Harbor","South Florida","Southwestern Florida Flatwoods","Western Florida Estuarine Area",,"MWP56","Surveyed 2010 only."
"CAL","Yes, New","Calumet Island","Claumet Island","LA",-90.34951,29.10404,,,"Terrebonne Bay","Coastal Marshes-Barrier Islands","Deltaic Coastal Marshes and Barrier Islands","Mississippi Estuarine Area","None",,"New colony from LACWB 2022 colony surveys."
"H_CHI","No","Clearwater Harbor Island","Clearwater Harbor Island","FL",-82.8146,27.966,,,"Tampa Bay","South Florida","Southwestern Florida Flatwoods","Western Florida Estuarine Area",,"MWP24","Surveyed 2010 only."
"H_CHW","No","Clearwater Harbor Wreck","Clearwater Harbor Wreck","FL",-82.8038,27.9707,,,"Tampa Bay","South Florida","Southwestern Florida Flatwoods","Western Florida Estuarine Area",,"MWP25","Colony Location on remnants of ship/boat wreck in Clearwater Harbor; surveyed 2010 only."
"H_CLIK","No","Clive Key","Clive Key","FL",-80.9284,25.0799,,,"Everglades National Park","South Florida","Southern Coast and Islands","Florida Bay",,"Clive Key","Surveyed 2010 only."
"CFI","Yes","Comfort Island","Comfort Island","LA",-89.254186,29.825987,,,"Biloxi North","Coastal Marshes","Deltaic Coastal Marshes and Barrier Islands","Mississippi Estuarine Area","None",,
"H_COON","No","Coon Island","Coon Island","TX",-96.2272,28.6534,,,"Matagorda Bay","Mid Texas Coast","Mid-Coast TX Barrier Islands and Coastal Marshes","Texas Estuarine Area",,"Coon Island","TCWB database - active 2014; excluded from analyses 2014."
"H_CRP","No","Copano Rattlesnake Point","Copano Rattlesnake Point","TX",-97.13330000000001,28.0561,,,"Corpus Christi-Aransas Bay","Mid Texas Coast","Mid-Coast TX Barrier Islands and Coastal Marshes","Texas Estuarine Area","PJC47","PJC47","TCWB database - active 2021; ""active"" refers to the entire groupd of small islands off this point; excluded from analyses 2014."
"H_CZIS","No","Cortez Island","Cortez Island","FL",-82.6824,27.462,,,"Tampa Bay","South Florida","Southwestern Florida Flatwoods","Western Florida Estuarine Area",,"MWP73","Surveyed 2010 only."
"H_COK","No","Cottrell Key","Cottrell Key","FL",-81.9211,24.603,,,"Florida Keys","South Florida","Southern Coast and Islands","Southwest Florida Neritic",,"Cottrell Key","Surveyed 2010 only."
"COW","Yes","Cowan-Great Southern","Cowan","MS",-89.0224,30.38279,,,"Mississippi Sound","Coastal Marshes","Gulf Barrier Islands and Coastal Marshes","Mississippi Estuarine Area","None",,"Colony location is at center of polygon provided by MSCWB."
"H_CCK","No","Cowpens Cut Key","Cowpens Cut Key","FL",-80.56310000000001,25.0008,,,"Florida Keys","South Florida","Southern Coast and Islands","Florida Keys",,"MWP92","Surveyed 2010 only."
"CG_CTL","Yes","Cowtrap Lake","Cowtrap Lake","TX",-95.526087,28.862124,,,"Galveston","Mid-Upper Texas Coast","Mid-Coast TX Barrier Islands and Coastal Marshes","Texas Estuarine Area","NA",,"ColonyGroupBuffer centroid location coordinates. "
"CTL_A","Yes","Cowtrap Lake","Cowtrap Lake A","TX",-95.527641,28.861515,,,"Galveston","Mid-Upper Texas Coast","Mid-Coast TX Barrier Islands and Coastal Marshes","Texas Estuarine Area","Cow Trap Lake",,"Not in TCWB database."
"CTL_B","Yes","Cowtrap Lake","Cowtrap Lake B","TX",-95.524216,28.86285,,,"Galveston","Mid-Upper Texas Coast","Mid-Coast TX Barrier Islands and Coastal Marshes","Texas Estuarine Area","Cow Trap Lake",,"Not in TCWB database."
"H_CRAK","No","Crawl Key","Crawl Key","FL",-82.68680000000001,28.6528,,,"Crystal River","South Florida","Big Bend Coastal Marsh","Eastern Gulf Neritic",,"Crawl Key","Surveyed 2010 only."
"CRIN","Yes","Crooked Island North","Crooked Island North","FL",-85.54322000000001,30.00567,,,"Apalachicola West","Coastal Marshes-Barrier Islands","Gulf Barrier Islands and Coastal Marshes","Eastern Gulf Neritic","CWLETE19-01",,
"CRIS","Yes","Crooked Island South","Crooked Island South","FL",-85.52838,29.99427,,,"Apalachicola West","Coastal Marshes-Barrier Islands","Gulf Barrier Islands and Coastal Marshes","Eastern Gulf Neritic","CS Colony 19 01",,
"H_CREC","No","Crystal River Energy Canal Spoil","Crystal River Energy Canal Spoil","FL",-82.7817,28.9423,,,"Crystal River","South Florida","Big Bend Coastal Marsh","Eastern Gulf Neritic",,"MWP38","Colony is on north extension/spoil that defines the intake canal for the Crystal River Energy Complex; surveyed 2010 only."
"CUI","Yes","Curlew Island","Curlew Island","LA",-88.96111999999999,29.66636,,,"Breton-Chandeleur Islands","Barrier Islands","Deltaic Coastal Marshes and Barrier Islands","Mississippi Estuarine Area","None",,
"DAU_1","Yes","Dauphin Island 1","Dauphin Island 1","AL",-88.32689999999999,30.2289,,,"Mississippi Sound Gulf Islands","Barrier Islands","Gulf Barrier Islands and Coastal Marshes","Mississippi Estuarine Area","AlabamaGulfIslands_3","SLF29","Changed ColonyGroupBuffer from Dauphin Island to Dauphin Island 1."
"DAU_2","Yes","Dauphin Island 2","Dauphin Island 2","AL",-88.3173,30.2274,,,"Mississippi Sound Gulf Islands","Barrier Islands","Gulf Barrier Islands and Coastal Marshes","Mississippi Estuarine Area","AlabamaGulfIslands_2","SLF30","Changed ColonyGroupBuffer from Dauphin Island to Dauphin Island 2."
"DAU_3","Yes","Dauphin Island 3","Dauphin Island 3","AL",-88.26609999999999,30.2367,,,"Mississippi Sound Gulf Islands","Barrier Islands","Gulf Barrier Islands and Coastal Marshes","Mississippi Estuarine Area","AlabamaGulfIslands_1","SLF31","Changed ColonyGroupBuffer from Dauphin Island to Dauphin Island 3."
"H_DAU_4","No","Dauphin Island 4","Dauphin Island 4","AL",-88.255144,30.237943,,,"Mississippi Sound Gulf Islands","Barrier Islands","Gulf Barrier Islands and Coastal Marshes","Mississippi Estuarine Area","AlabamaGulfIslands_4","PJC81","Though now H_, changed to Dauphin Island 4 to be consistent with nomenclature for active Dauphin Island colonies."
"H_DAU_5","No","Dauphin Island 5","Dauphin Island 5","AL",-88.229688,30.243843,,,"Mississippi Sound Gulf Islands","Barrier Islands","Gulf Barrier Islands and Coastal Marshes","Mississippi Estuarine Area","AlabamaGulfIslands_5","PJC82","Though now H_, changed to Dauphin Island 5 to be consistent with nomenclature for active Dauphin Island colonies."
"H_DTK","No","Dead Terrapin Key","Dead Terrapin Key","FL",-80.8017,25.0416,,,"Everglades National Park","South Florida","Southern Coast and Islands","Florida Bay",,"Dead Terrapin Key","Surveyed 2010 only."
"DMP","Yes","Deadman Point","Deadman Point","LA",-89.35680000000001,29.7411,,,"Biloxi North","Coastal Marshes","Deltaic Coastal Marshes and Barrier Islands","Mississippi Estuarine Area","Biloxi_N_33","KKN5",
"CG_DWPI","Yes","Deep Water Pass Island","Deep Water Pass Island","LA",-89.215417,30.004153,,,"Biloxi North","Coastal Marshes","Deltaic Coastal Marshes and Barrier Islands","Mississippi Estuarine Area","NA",,"ColonyGroupBuffer centroid location coordinates; name changed from Biloxi North 38_14 to Deep Water Pass Island."
"DINE","Yes","Deer Island Northeast","Deer Island Northeast","MS",-88.83011999999999,30.37174,,,"Mississippi Sound","Coastal Marshes","Gulf Barrier Islands and Coastal Marshes","Mississippi Estuarine Area","None",,"Colony location is at center of polygon provided by MSCWB."
"CG_DI ","Yes","Deer Islands","Deer Islands","TX",-94.92461900000001,29.285187,,,"Galveston","Mid-Upper Texas Coast","Mid-Coast TX Barrier Islands and Coastal Marshes","Texas Estuarine Area","NA",,"ColonyGroupBuffer centroid location coordinates.  Centroid coordinates same as North Deer Island."
"DBSI","Yes","Dickinson Bay Spoil Island","Dickinson Bay Spoil Island","TX",-94.94542,29.46827,,,"Galveston","Mid-Upper Texas Coast","Mid-Coast TX Barrier Islands and Coastal Marshes","Texas Estuarine Area","Dickinson Bay Bird Island One 600-341",,
"DOGE","Yes","Dog Island East","Dog Island East","FL",-84.5719,29.82946,,,"Apalachicola East","Coastal Marshes-Barrier Islands","Gulf Barrier Islands and Coastal Marshes","Eastern Gulf Neritic","DO18COL01",,
"H_DLK","No","Dog Leg Key","Dog Leg Key","FL",-82.76179999999999,27.802,,,"Tampa Bay","South Florida","Southwestern Florida Flatwoods","Western Florida Estuarine Area",,"Dog Leg Key","Surveyed 2010 only."
"DOI","Yes","Donna Island","Donna Island","LA",-91.371861,29.401277,,,"Atchafalaya Bay","Coastal Marshes","Deltaic Coastal Marshes and Barrier Islands","Mississippi Estuarine Area","None",,
"DPB","Yes, New","Door Point Bayou","Door Point Bayou","LA",-89.20622400000001,30.034433,,,"Biloxi North","Coastal Marshes","Deltaic Coastal Marshes and Barrier Islands","Mississippi Estuarine Area","None",,"New colony from LACWB 2022 colony surveys."
"DPL_1","Yes","Door Point Lagoon 1","Door Point Lagoon 1","LA",-89.19280000000001,30.0637,,,"Biloxi North","Coastal Marshes","Deltaic Coastal Marshes and Barrier Islands","Mississippi Estuarine Area","Biloxi_N_6","KKN29",
"DPL_2","Yes","Door Point Lagoon 2","Door Point Lagoon 2","LA",-89.18415,30.06117,,,"Biloxi North","Coastal Marshes","Deltaic Coastal Marshes and Barrier Islands","Mississippi Estuarine Area","Biloxi_N_6","KKN30",
"DRPT","Yes","Dressing Point","Dressing Point","TX",-95.76074,28.73145,,,"East Matagorda Bay","Mid-Upper Texas Coast","Mid-Coast TX Barrier Islands and Coastal Marshes","Texas Estuarine Area","Dressing Point 610-160","Dressing Point",
"DBY","Yes","Drum Bay Island","Drum Bay Island","LA",-89.2627,29.9197,,,"Biloxi North","Coastal Marshes","Deltaic Coastal Marshes and Barrier Islands","Mississippi Estuarine Area","Biloxi_N_23","KKN13; WAW14",
"CG_DBI","No","Drum Bay Islands","Drum Bay Islands","TX",-95.22127,29.01666,,,"Galveston","Mid-Upper Texas Coast","Mid-Coast TX Barrier Islands and Coastal Marshes","Texas Estuarine Area","NA",,"ColonyGroupBuffer centroid location coordinates.  Centroid coordinates represent center of Drum Bay Island colonies as depicted in TCWB database."
"H_DBI_2","No","Drum Bay Islands","Drum Bay Islands 2","TX",-95.2253,29.0123,,,"Galveston","Mid-Upper Texas Coast","Mid-Coast TX Barrier Islands and Coastal Marshes","Texas Estuarine Area","TexasCoast_19","WAW3","TCWB database - active 2013."
"H_DBI_5","No","Drum Bay Islands","Drum Bay Islands 5","TX",-95.2188,29.0193,,,"Galveston","Mid-Upper Texas Coast","Mid-Coast TX Barrier Islands and Coastal Marshes","Texas Estuarine Area","TexasCoast_18","WAW5","TCWB database - active 2013."
"H_DBI_6","No","Drum Bay Islands","Drum Bay Islands 6","TX",-95.2193,29.0192,,,"Galveston","Mid-Upper Texas Coast","Mid-Coast TX Barrier Islands and Coastal Marshes","Texas Estuarine Area","TexasCoast_17","WAW4","TCWB database - active 2013."
"DBR","Yes","Dry Bread Island","Dry Bread Island","LA",-89.3064,29.8426,,,"Biloxi North","Coastal Marshes","Deltaic Coastal Marshes and Barrier Islands","Mississippi Estuarine Area","Biloxi_N_29","KKN11",
"H_DBIS","No","Dryman Bay Island","Dryman Bay Island","FL",-82.49209999999999,27.1739,,,"Tampa Bay","South Florida","Southwestern Florida Flatwoods","Western Florida Estuarine Area",,"MWP69","Surveyed 2010 only."
"H_DUK","No","Duck Key","Duck Key","FL",-80.4893,25.1802,,,"Everglades National Park","South Florida","Southern Coast and Islands","Florida Keys",,"Duck Key","Surveyed 2010 only."
"DUI","Yes","Dunham Island","Dunham Island","TX",-96.91857,28.12094,,,"Corpus Christi-Aransas Bay","Mid Texas Coast","Mid-Coast TX Barrier Islands and Coastal Marshes","Texas Estuarine Area","None",,
"H_EBSI","Yes","East Bay Spoil Island","East Bay Spoil Island","LA",-89.244134,29.061022,,,"Birdsfoot East","Coastal Marshes","Deltaic Coastal Marshes and Barrier Islands","Mississippi Estuarine Area","None",,
"EFS","Yes","East Flats Spoil","East Flats Spoil","TX",-97.42762,26.72269,,,"Lower Laguna Madre","Lower Texas Coast","Laguna Madre Barrier Islands and Coastal Marshes","Texas Estuarine Area","618-120 East Flats Spoil",,"Dubbs aka East Flats Spoil, TCWB database."
"S_EAI","Yes","East Island","East Island","LA",-90.65692,29.07041,,,"Terrebonne Bay","Coastal Marshes-Barrier Islands","Deltaic Coastal Marshes and Barrier Islands","Mississippi Estuarine Area","None",,
"H_ELKI","No","East Long Key Islet","East Long Key Islet","FL",-81.8592,26.3885,,,"Charlotte Harbor","South Florida","Southwestern Florida Flatwoods","Western Florida Estuarine Area",,"MWP48","Surveyed 2010 only."
"EMS","Yes","East Marker Spoil","East Marker Spoil","TX",-97.38531999999999,26.63626,,,"Lower Laguna Madre","Lower Texas Coast","Laguna Madre Barrier Islands and Coastal Marshes","Texas Estuarine Area","618-122 East Marker 265 Spoil",,"Also east Marker 265 Spoil, TCWB database."
"ETI","Yes, New","East Timbalier Island","East Timbalier Island","LA",-90.326615,29.070997,,,"Terrebonne Bay","Coastal Marshes-Barrier Islands","Deltaic Coastal Marshes and Barrier Islands","Mississippi Estuarine Area","None",,"New colony from LACWB 2022 colony surveys."
"H_EISE","No","Edwards Islands Southeast","Edwards Islands Southeast","FL",-82.54430000000001,27.2936,,,"Tampa Bay","South Florida","Southwestern Florida Flatwoods","Western Florida Estuarine Area",,"MWP71","Surveyed 2010 only."
"H_EGK","No","Egmont Key","Egmont Key","FL",-82.75960000000001,27.5793,,,"Tampa Bay","South Florida","Southwestern Florida Flatwoods","Western Florida Estuarine Area",,"Egmont Key","Surveyed 2010 only."
"ESP","Yes","Menge-Scenic-Espy","Espy","MS",-89.20068999999999,30.32843,,,"Mississippi Sound","Coastal Marshes","Gulf Barrier Islands and Coastal Marshes","Mississippi Estuarine Area","None",,"Colony location is at center of polygon provided by MSCWB."
"H_EPLI","No","Estero Preserve Long Island","Estero Preserve Long Island","FL",-81.8467,26.3684,,,"Charlotte Harbor","South Florida","Southwestern Florida Flatwoods","Western Florida Estuarine Area",,"MWP50","Surveyed 2010 only."
"EVIA","Yes","Evia Island","Evia Island","TX",-94.7638,29.4282,,,"Galveston","Mid-Upper Texas Coast","Mid-Coast TX Barrier Islands and Coastal Marshes","Texas Estuarine Area","TexasCoast_5, Evia 600-551","MWP105","Name is HGNC Evia Island, TCWB database."
"H_FABI","No","Fakahatchee Bay Islet","Fakahatchee Bay Islet","FL",-81.4975,25.8794,,,"Ten Thousand Islands","South Florida","Southern Coast and Islands","Shark River Estuarine Area",,"MWP42","Surveyed 2010 only."
"FEI","Yes","Felicity Island","Felicity Island","LA",-90.44,29.2558,,,"Terrebonne Bay","Coastal Marshes-Barrier Islands","Deltaic Coastal Marshes and Barrier Islands","Mississippi Estuarine Area","TerrebonneBay_6; Cocodrie #53","PJC16",
"H_FFI","No","Fifi Island","Fifi Island","LA",-89.9644,29.26197,,,"Barataria Bay","Coastal Marshes-Barrier Islands","Deltaic Coastal Marshes and Barrier Islands","Mississippi Estuarine Area","None",,"Not dotted in 2010 (colony sweep only); much land remains."
"S_FLAN","Yes","Flag Island","Flag Island North","FL",-85.155,29.6421,,,"Apalachicola East","Coastal Marshes-Barrier Islands","Gulf Barrier Islands and Coastal Marshes","Eastern Gulf Neritic","BLSK01",,"Appears submerged."
"FLAS","Yes","Flag Island","Flag Island South","FL",-85.152,29.6261,,,"Apalachicola East","Coastal Marshes-Barrier Islands","Gulf Barrier Islands and Coastal Marshes","Eastern Gulf Neritic","ApalachicolaEast_6, Flag Island, 18BRPEFLAG01, 18FL2SOTE01, BLSK COLONY, F218LAGU01","KMR8","Flag Island South substrate integrity has changed significantly with time - all locations associated with former names now submerged."
"H_FOI","No","Follets Island","Follets Island","TX",-95.1619,29.058,,,"Galveston","Mid-Upper Texas Coast","Mid-Coast TX Barrier Islands and Coastal Marshes","Texas Estuarine Area","TexasCoast_13","WAW9","TCWB database - colony inactive (2001); excluded from analyses 2014."
"FPL","Yes","Fort Pickens Lot","Fort Pickens Lot","FL",-87.24079999999999,30.31903,,,"Pensacola","Coastal Marshes-Barrier Islands","Gulf Barrier Islands and Coastal Marshes","Mississippi Estuarine Area","Lot 22, S",,
"H_FRK","No","Frank Key","Frank Key","FL",-80.9114,25.1062,,,"Everglades National Park","South Florida","Southern Coast and Islands","Florida Bay",,"Frank Key","Surveyed 2010 only."
"H_FMI","Yes","Freemason Island","Freemason Island","LA",-88.977,29.789,,,"Breton-Chandeleur Islands","Barrier Islands","Deltaic Coastal Marshes and Barrier Islands","Mississippi Estuarine Area","None","WAW13",
"H_FBI","Yes","Fricot Bayou Island","Fricot Bayou Island","LA",-90.0342,29.3459,,,"Barataria Bay","Coastal Marshes-Barrier Islands","Deltaic Coastal Marshes and Barrier Islands","Mississippi Estuarine Area","None","WAW18",
"GAIL","Yes","Gaillard Island","Gaillard Island","AL",-88.03619999999999,30.5063,,,"Mobile Bay Interior","Coastal Marshes","Gulf Barrier Islands and Coastal Marshes","Mississippi Estuarine Area","None","MWP8",
"H_GSSI","No","Gasparilla Sound Spoil Island","Gasparilla Sound Spoil Island","FL",-82.2462,26.7904,,,"Charlotte Harbor","South Florida","Southwestern Florida Flatwoods","Western Florida Estuarine Area",,"MWP64","Surveyed 2010 only."
"H_GIVK","No","Givney Key","Givney Key","FL",-82.0549,26.5145,,,"Charlotte Harbor","South Florida","Southwestern Florida Flatwoods","Western Florida Estuarine Area",,"Givney Key","Surveyed 2010 only."
"S_GIN","Yes","Gosier Islands North","Gosier Islands North","LA",-89.06444,29.5517,,,"Breton-Chandeleur Islands","Barrier Islands","Deltaic Coastal Marshes and Barrier Islands","Mississippi Estuarine Area","Gosier Islands New",,
"S_GIS","Yes","Gosier Islands South","Gosier Islands South","LA",-89.09535,29.52369,,,"Breton-Chandeleur Islands","Barrier Islands","Deltaic Coastal Marshes and Barrier Islands","Mississippi Estuarine Area","Gosier Islands",,"Active inventory, but this exact location was submerged in 2010."
"S_GIP","No","Grand Island Point","Grand Island Point","LA",-89.8929,29.3727,,,"Barataria Bay","Coastal Marshes-Barrier Islands","Deltaic Coastal Marshes and Barrier Islands","Mississippi Estuarine Area","None","PJC23","Completely submerged by 2016."
"GSO","Yes","Cowan-Great Southern","Great Southern","MS",-89.00979,30.38577,,,"Mississippi Sound","Coastal Marshes","Gulf Barrier Islands and Coastal Marshes","Mississippi Estuarine Area","None",,"Colony location is at center of polygon provided by MSCWB."
"CG_GHS","Yes","Green Hill Spoils","Green Hill Spoils","TX",-97.38688999999999,26.48998,,,"Lower Laguna Madre","Lower Texas Coast","Laguna Madre Barrier Islands and Coastal Marshes","Texas Estuarine Area","NA",,"ColonyGroupBuffer centroid location coordinates.  Centroid coordinates same as Green Hill Spoil B."
"GHS_A","Yes","Green Hill Spoils","Green Hill Spoils A","TX",-97.388755,26.49391,,,"Lower Laguna Madre","Lower Texas Coast","Laguna Madre Barrier Islands and Coastal Marshes","Texas Estuarine Area","160-143 Green Hill Spoil",,"Green Hill Spoil Island A in TCWB database."
"GHS_B","Yes","Green Hill Spoils","Green Hill Spoils B","TX",-97.38688999999999,26.48998,,,"Lower Laguna Madre","Lower Texas Coast","Laguna Madre Barrier Islands and Coastal Marshes","Texas Estuarine Area","160-143 Green Hill Spoil",,"Green Hill Spoil Island B in TCWB database."
"GRI","Yes","Green Island","Green Island","TX",-97.32510000000001,26.39257,,,"Lower Laguna Madre","Lower Texas Coast","Laguna Madre Barrier Islands and Coastal Marshes","Texas Estuarine Area","Green 618-160",,
"CG_GIS","Yes","Green Island Spoils","Green Island Spoils","TX",-97.310986,26.411245,,,"Lower Laguna Madre","Lower Texas Coast","Laguna Madre Barrier Islands and Coastal Marshes","Texas Estuarine Area","NA",,"ColonyGroupBuffer centroid location coordinates. "
"GIS_A","Yes","Green Island Spoils","Green Island Spoils A","TX",-97.326928,26.412032,,,"Lower Laguna Madre","Lower Texas Coast","Laguna Madre Barrier Islands and Coastal Marshes","Texas Estuarine Area","Green Island Spoils 618-160",,
"GIS_B","Yes","Green Island Spoils","Green Island Spoils B","TX",-97.323667,26.409121,,,"Lower Laguna Madre","Lower Texas Coast","Laguna Madre Barrier Islands and Coastal Marshes","Texas Estuarine Area","Green Island Spoils 618-160",,
"GIS_C","Yes","Green Island Spoils","Green Island Spoils C","TX",-97.320581,26.412323,,,"Lower Laguna Madre","Lower Texas Coast","Laguna Madre Barrier Islands and Coastal Marshes","Texas Estuarine Area","Green Island Spoils 618-160",,
"GIS_D","Yes","Green Island Spoils","Green Island Spoils D","TX",-97.317728,26.409412,,,"Lower Laguna Madre","Lower Texas Coast","Laguna Madre Barrier Islands and Coastal Marshes","Texas Estuarine Area","Green Island Spoils 618-160",,
"GIS_E","Yes","Green Island Spoils","Green Island Spoils E","TX",-97.3147,26.412498,,,"Lower Laguna Madre","Lower Texas Coast","Laguna Madre Barrier Islands and Coastal Marshes","Texas Estuarine Area","Green Island Spoils 618-160",,
"GIS_F","Yes","Green Island Spoils","Green Island Spoils F","TX",-97.311339,26.409668,,,"Lower Laguna Madre","Lower Texas Coast","Laguna Madre Barrier Islands and Coastal Marshes","Texas Estuarine Area","Green Island Spoils 618-160",,
"GIS_G","Yes","Green Island Spoils","Green Island Spoils G","TX",-97.30841100000001,26.412964,,,"Lower Laguna Madre","Lower Texas Coast","Laguna Madre Barrier Islands and Coastal Marshes","Texas Estuarine Area","Green Island Spoils 618-160",,
"GIS_H","Yes","Green Island Spoils","Green Island Spoils H","TX",-97.30549999999999,26.409936,,,"Lower Laguna Madre","Lower Texas Coast","Laguna Madre Barrier Islands and Coastal Marshes","Texas Estuarine Area","Green Island Spoils 618-160",,
"GIS_I","Yes","Green Island Spoils","Green Island Spoils I","TX",-97.302414,26.412964,,,"Lower Laguna Madre","Lower Texas Coast","Laguna Madre Barrier Islands and Coastal Marshes","Texas Estuarine Area","Green Island Spoils 618-160",,
"GIS_J","Yes","Green Island Spoils","Green Island Spoils J","TX",-97.300725,26.412731,,,"Lower Laguna Madre","Lower Texas Coast","Laguna Madre Barrier Islands and Coastal Marshes","Texas Estuarine Area","Green Island Spoils 618-160",,
"GIS_K","Yes","Green Island Spoils","Green Island Spoils K","TX",-97.299153,26.410227,,,"Lower Laguna Madre","Lower Texas Coast","Laguna Madre Barrier Islands and Coastal Marshes","Texas Estuarine Area","Green Island Spoils 618-160",,
"GIS_L","Yes","Green Island Spoils","Green Island Spoils L","TX",-97.296649,26.413197,,,"Lower Laguna Madre","Lower Texas Coast","Laguna Madre Barrier Islands and Coastal Marshes","Texas Estuarine Area","Green Island Spoils 618-160",,
"GUI","Yes","Gunn Island","Gunn Island","LA",-89.2957,29.4136,,,"Birdsfoot East","Coastal Marshes","Deltaic Coastal Marshes and Barrier Islands","Mississippi Estuarine Area","None",,
"HMI","Yes","Half Moon Island","Half Moon Island","LA",-89.43519999999999,30.1376,,,"Lake Borgne","Coastal Marshes","Deltaic Coastal Marshes and Barrier Islands","Mississippi Estuarine Area","Biloxi_LB_1","SLF25",
"CG_HPC","Yes","Hell Pass Coast","Hell Pass Coast","LA",-89.31116,29.92569,,,"Biloxi North","Coastal Marshes","Deltaic Coastal Marshes and Barrier Islands","Mississippi Estuarine Area","NA",,"ColonyGroupBuffer centroid location coordinates.  Centroid coordinates same as HPC_C."
"HPC_A","Yes","Hell Pass Coast","Hell Pass Coast A","LA",-89.30759999999999,29.93259,,,"Biloxi North","Coastal Marshes","Deltaic Coastal Marshes and Barrier Islands","Mississippi Estuarine Area","None",,
"HPC_B","Yes","Hell Pass Coast","Hell Pass Coast B","LA",-89.3079,29.92847,,,"Biloxi North","Coastal Marshes","Deltaic Coastal Marshes and Barrier Islands","Mississippi Estuarine Area","None",,
"HPC_C","Yes","Hell Pass Coast","Hell Pass Coast C","LA",-89.31116,29.92569,,,"Biloxi North","Coastal Marshes","Deltaic Coastal Marshes and Barrier Islands","Mississippi Estuarine Area","None",,
"HPC_D","Yes","Hell Pass Coast","Hell Pass Coast D","LA",-89.31514,29.9229,,,"Biloxi North","Coastal Marshes","Deltaic Coastal Marshes and Barrier Islands","Mississippi Estuarine Area","Biloxi_N_24","KKN21",
"H_HPC_E","Yes","Hell Pass Coast","Hell Pass Coast E","LA",-89.31655000000001,29.92132,,,"Biloxi North","Coastal Marshes","Deltaic Coastal Marshes and Barrier Islands","Mississippi Estuarine Area","Biloxi_N_24",,
"H_HEK","No","Hemp Key","Hemp Key","FL",-82.1524,26.6005,,,"Charlotte Harbor","South Florida","Southwestern Florida Flatwoods","Western Florida Estuarine Area",,"Hemp Key","Surveyed 2010 only."
"HEN","Yes","Magnolia-Henderson","Henderson","MS",-89.25458,30.31119,,,"Mississippi Sound","Coastal Marshes","Gulf Barrier Islands and Coastal Marshes","Mississippi Estuarine Area","None",,"Colony location is at center of polygon provided by MSCWB."
"HEI","Yes","Heron Island","Heron Island","LA",-91.3287,29.4282,,,"Atchafalaya Bay","Coastal Marshes","Deltaic Coastal Marshes and Barrier Islands","Mississippi Estuarine Area","VermilionBay_2","SLF2",
"HEW","Yes","Hewes","Hewes","MS",-89.06471000000001,30.37375,,,"Mississippi Sound","Coastal Marshes","Gulf Barrier Islands and Coastal Marshes","Mississippi Estuarine Area","None",,"Colony location is at center of polygon provided by MSCWB."
"HIIS","Yes","High Island","High Island","TX",-94.38930000000001,29.57351,,,"Salt Bayou","Upper Texas Coast","Texas-Louisiana Coastal Marshes","Texas Estuarine Area","TexasCoast_3, High Island 609-121","PAG4",
"H_HCSI","No","Hillsborough Channel Spoil Island","Hillsborough Channel Spoil Island","FL",-82.43429999999999,27.8246,,,"Tampa Bay","South Florida","Southwestern Florida Flatwoods","Western Florida Estuarine Area",,"MWP17","Surveyed 2010 only."
"CG_HIC","Yes","Hog Island Complex","Hog Island Complex","TX",-97.10217,27.89691,,,"Corpus Christi-Aransas Bay","Mid Texas Coast","Mid-Coast TX Barrier Islands and Coastal Marshes","Texas Estuarine Area","NA",,"ColonyGroupBuffer centroid location coordinates."
"HIC_EI","Yes","Hog Island Complex","Hog Island Complex East Islands","TX",-97.096237,27.89763,,,"Corpus Christi-Aransas Bay","Mid Texas Coast","Mid-Coast TX Barrier Islands and Coastal Marshes","Texas Estuarine Area","None",,"Seven islands considered one colony in TCWB database, Hog Island Complex."
"H_HOPK","No","Homosassa Point Key","Homosassa Point Key","FL",-82.7336,28.7776,,,"Crystal River","South Florida","Big Bend Coastal Marsh","Eastern Gulf Neritic",,"MWP33","Surveyed 2010 only."
"HOIS","Yes","Horn Island","Horn Island","MS",-88.68608999999999,30.23863,,,"Mississippi Sound Gulf Islands","Barrier Islands","Gulf Barrier Islands and Coastal Marshes","Mississippi Estuarine Area","Dog Island","Dog Island; Horn Island","Originally two separate  colony locations on Horn Island -  Dog Island (west end), and Horn Island (east end); no nests present in 2010 at the west end of Horn Island."
"H_HOSK","No","Hospital Key","Hospital Key","FL",-82.85290000000001,24.6478,,,"Florida Keys","South Florida","Southern Coast and Islands","Southwest Florida Neritic",,"Hospital Key","Surveyed 2010 only."
"HNCI","Yes","Houma Navigation Canal Island","Houma Navigation Canal Island","LA",-90.61565,29.19515,,,"Terrebonne Bay","Coastal Marshes-Barrier Islands","Deltaic Coastal Marshes and Barrier Islands","Mississippi Estuarine Area","Cooke Island; Cook Island Cocodrie #74",,
"ISV","Yes","Island View","Island View","MS",-89.16641,30.33865,,,"Mississippi Sound","Coastal Marshes","Gulf Barrier Islands and Coastal Marshes","Mississippi Estuarine Area","None",,"Colony location is at center of polygon provided by MSCWB."
"IAP","Yes","Isle au Pitre","Isle au Pitre","LA",-89.1968,30.1526,,,"Biloxi North","Coastal Marshes","Deltaic Coastal Marshes and Barrier Islands","Mississippi Estuarine Area","Biloxi_N_1","WAW17",
"IAH","Yes","Isle Aux Herbes","Isle Aux Herbes","AL",-88.259531,30.345969,,,"Mississippi Sound","Coastal Marshes","Gulf Barrier Islands and Coastal Marshes","Mississippi Estuarine Area","None",,
"IGT","Yes, New","Isle Grand Terre","Isle Grand Terre","LA",-89.916729,29.289905,,,"Barataria Bay","Coastal Marshes-Barrier Islands","Deltaic Coastal Marshes and Barrier Islands","Mississippi Estuarine Area","None",,"New colony from LACWB 2022 colony surveys."
"JWB","Yes, New","Jack Williams Bayou","Jack Williams Bayou","LA",-89.22743,30.082518,,,"Biloxi North","Coastal Marshes","Deltaic Coastal Marshes and Barrier Islands","Mississippi Estuarine Area","None",,"New colony from LACWB 2022 colony surveys."
"H_JAK","No","Jackass Key","Jackass Key","FL",-82.7175,27.6692,,,"Tampa Bay","South Florida","Southwestern Florida Flatwoods","Western Florida Estuarine Area",,"Jackass Key","Surveyed 2010 only."
"H_JIG","No","Jigsaw Island","Jigsaw Island","TX",-94.8918,29.2832,,,"Galveston","Mid-Upper Texas Coast","Mid-Coast TX Barrier Islands and Coastal Marshes","Texas Estuarine Area","TexasCoast_6","MWP102","TCWB database - active 2020."
"JPK","Yes","Jones Park","Jones Park","MS",-89.0843,30.36766,,,"Mississippi Sound","Coastal Marshes","Gulf Barrier Islands and Coastal Marshes","Mississippi Estuarine Area","None",,"Colony location is at center of polygon provided by MSCWB."
"H_JULO","Yes","Jumbile Cove/Live Oak Grove","Jumbile Cove/Live Oak Grove","TX",-94.9928,29.195,,,"Galveston","Mid-Upper Texas Coast","Mid-Coast TX Barrier Islands and Coastal Marshes","Texas Estuarine Area","TexasCoast_8","WAW11, WAW12","TCWB database - active 2013.  WAW11 colony location was -94.9933, 29.1954."
"H_KI","No","Kamey Island","Kamey Island","TX",-96.80629999999999,28.4554,,,"Matagorda Bay","Mid Texas Coast","Mid-Coast TX Barrier Islands and Coastal Marshes","Texas Estuarine Area","PJC58","PJC58","TCWB database - active 2021; excluded from analyses 2014."
"KAS","Yes","Deer Islands","Kanaloa Spoil","TX",-94.93583,29.29323,,,"Galveston","Mid-Upper Texas Coast","Mid-Coast TX Barrier Islands and Coastal Marshes","Texas Estuarine Area",,,"One of 4 islands named Kanaloa Spoil, TCWB databse; active in 2014."
"H_KSE","No","Deer Islands","Kanaloa Spoil East","TX",-94.93340000000001,29.2943,,,"Galveston","Mid-Upper Texas Coast","Mid-Coast TX Barrier Islands and Coastal Marshes","Texas Estuarine Area","TexasCoast_23","KMR16","One of 4 islands named Kanaloa Spoil, TCWB databse; active in 2014."
"H_KSN","No","Deer Islands","Kanaloa Spoil North","TX",-94.9395,29.2975,,,"Galveston","Mid-Upper Texas Coast","Mid-Coast TX Barrier Islands and Coastal Marshes","Texas Estuarine Area","TexasCoast_24; Kanaloa Spoil, TCWB","MWP103","One of 4 islands named Kanaloa Spoil, TCWB databse; active in 2014."
"LMAR","Yes","Lady Mary-Sherman","Lady Mary","MS",-89.28077,30.30403,,,"Mississippi Sound","Coastal Marshes","Gulf Barrier Islands and Coastal Marshes","Mississippi Estuarine Area","None",,"Colony location is at center of polygon provided by MSCWB."
"LAFC","Yes","Laffite Cove","Laffite Cove","FL",-87.16658,30.32661,,,"Pensacola","Coastal Marshes-Barrier Islands","Gulf Barrier Islands and Coastal Marshes","Mississippi Estuarine Area","22a",,
"LAGB","Yes","Laguna Beach","Laguna Beach","FL",-85.92256999999999,30.23789,,,"Apalachicola West","Coastal Marshes-Barrier Islands","Gulf Barrier Islands and Coastal Marshes","Eastern Gulf Neritic","BA40-Laguna Beach West-LETE-4",,
"CG_LVS","Yes","Laguna Vista Spoils","Laguna Vista Spoils","TX",-97.279561,26.142815,,,"Lower Laguna Madre","Lower Texas Coast","Laguna Madre Barrier Islands and Coastal Marshes","Texas Estuarine Area","NA",,"ColonyGroupBuffer centroid location coordinates. "
"LVS_A","Yes","Laguna Vista Spoils","Laguna Vista Spoils A","TX",-97.278547,26.142736,,,"Lower Laguna Madre","Lower Texas Coast","Laguna Madre Barrier Islands and Coastal Marshes","Texas Estuarine Area","Laguna Vista Spoils 618-220",,
"LVS_B","Yes","Laguna Vista Spoils","Laguna Vista Spoils B","TX",-97.28146599999999,26.142381,,,"Lower Laguna Madre","Lower Texas Coast","Laguna Madre Barrier Islands and Coastal Marshes","Texas Estuarine Area","Laguna Vista Spoils 618-220",,
"LNF","Yes","Lake Number Five","Lake Number Five","FL",-85.1279,29.6471,,,"Apalachicola East","Coastal Marshes-Barrier Islands","Gulf Barrier Islands and Coastal Marshes","Eastern Gulf Neritic","ApalachicolaEast_5; St. Vincent","KMR7",
"CG_LRW","Yes","Lanark Reef West","Lanark Reef West","FL",-84.590857,29.871013,,,"Apalachicola East","Coastal Marshes-Barrier Islands","Gulf Barrier Islands and Coastal Marshes","Eastern Gulf Neritic","NA",,"ColonyGroupBuffer centroid location coordinates."
"LRW_A","Yes","Lanark Reef West","Lanark Reef West A","FL",-84.59578999999999,29.86929,,,"Apalachicola East","Coastal Marshes-Barrier Islands","Gulf Barrier Islands and Coastal Marshes","Eastern Gulf Neritic","LR18COL07",,"Colony coordinates provided by Florida Shorebird Alliance, therefore 500 m colony distance guideline did not apply."
"LRW_B","Yes","Lanark Reef West","Lanark Reef West B","FL",-84.59489000000001,29.86952,,,"Apalachicola East","Coastal Marshes-Barrier Islands","Gulf Barrier Islands and Coastal Marshes","Eastern Gulf Neritic","LR18COL03",,"Colony coordinates provided by Florida Shorebird Alliance, therefore 500 m colony distance guideline did not apply."
"LRW_C","Yes","Lanark Reef West","Lanark Reef West C","FL",-84.59336999999999,29.86908,,,"Apalachicola East","Coastal Marshes-Barrier Islands","Gulf Barrier Islands and Coastal Marshes","Eastern Gulf Neritic","Lanark Reef",,"Colony coordinates provided by Florida Shorebird Alliance, therefore 500 m colony distance guideline did not apply."
"LRW_D","Yes","Lanark Reef West","Lanark Reef West D","FL",-84.59014000000001,29.87107,,,"Apalachicola East","Coastal Marshes-Barrier Islands","Gulf Barrier Islands and Coastal Marshes","Eastern Gulf Neritic","LR18COLONY02",,"Colony coordinates provided by Florida Shorebird Alliance, therefore 500 m colony distance guideline did not apply."
"LRW_E","Yes","Lanark Reef West","Lanark Reef West E","FL",-84.58974000000001,29.87122,,,"Apalachicola East","Coastal Marshes-Barrier Islands","Gulf Barrier Islands and Coastal Marshes","Eastern Gulf Neritic","LR19Colony01",,"Colony coordinates provided by Florida Shorebird Alliance, therefore 500 m colony distance guideline did not apply."
"LRW_F","Yes","Lanark Reef West","Lanark Reef West F","FL",-84.5886,29.8716,,,"Apalachicola East","Coastal Marshes-Barrier Islands","Gulf Barrier Islands and Coastal Marshes","Eastern Gulf Neritic","ApalachicolaEast_2","KMR4",
"LRW_G","Yes","Lanark Reef West","Lanark Reef West G","FL",-84.58488,29.87384,,,"Apalachicola East","Coastal Marshes-Barrier Islands","Gulf Barrier Islands and Coastal Marshes","Eastern Gulf Neritic","LR18COL04",,"Colony coordinates provided by Florida Shorebird Alliance, therefore 500 m colony distance guideline did not apply."
"CG_LRPL","Yes","Lanark Reef-Pelican Lump","Lanark Reef-Pelican Lump","FL",-84.568555,29.87806,,,"Apalachicola East","Coastal Marshes-Barrier Islands","Gulf Barrier Islands and Coastal Marshes","Eastern Gulf Neritic","NA",,"ColonyGroupBuffer centroid location coordinates."
"LRPL_A","Yes","Lanark Reef-Pelican Lump","Lanark Reef-Pelican Lump A","FL",-84.56871,29.87802,,,"Apalachicola East","Coastal Marshes-Barrier Islands","Gulf Barrier Islands and Coastal Marshes","Eastern Gulf Neritic","LR18COLONY01",,"Colony coordinates provided by Florida Shorebird Alliance, therefore 500 m colony distance guideline did not apply."
"LRPL_B","Yes","Lanark Reef-Pelican Lump","Lanark Reef-Pelican Lump B","FL",-84.5684,29.8781,,,"Apalachicola East","Coastal Marshes-Barrier Islands","Gulf Barrier Islands and Coastal Marshes","Eastern Gulf Neritic","ApalachicolaEast_1","KMR3",
"H_LAP","No","Landmark Point","Landmark Point","LA",-89.29601,29.36876,,,"Birdsfoot East","Coastal Marshes","Deltaic Coastal Marshes and Barrier Islands","Mississippi Estuarine Area","None",,"Not dotted in 2010 (colony sweep only); much land remains."
"CG_LBS","Yes","Lavaca Bay Spoils","Lavaca Bay Spoils","TX",-96.56076,28.6141,,,"Matagorda Bay","Mid Texas Coast","Mid-Coast TX Barrier Islands and Coastal Marshes","Texas Estuarine Area","NA",,"ColonyGroupBuffer centroid location coordinates. "
"LBS_A","Yes","Lavaca Bay Spoils","Lavaca Bay Spoils A","TX",-96.56017,28.62918,,,"Matagorda Bay","Mid Texas Coast","Mid-Coast TX Barrier Islands and Coastal Marshes","Texas Estuarine Area","Lavaca Bay Spoils 609-121",,
"LBS_B","Yes","Lavaca Bay Spoils","Lavaca Bay Spoils B","TX",-96.56281,28.61756,,,"Matagorda Bay","Mid Texas Coast","Mid-Coast TX Barrier Islands and Coastal Marshes","Texas Estuarine Area","Lavaca Bay Spoils 609-121",,
"LBS_C","Yes","Lavaca Bay Spoils","Lavaca Bay Spoils C","TX",-96.56238,28.61424,,,"Matagorda Bay","Mid Texas Coast","Mid-Coast TX Barrier Islands and Coastal Marshes","Texas Estuarine Area","Lavaca Bay Spoils 609-121",,
"LBS_D","Yes","Lavaca Bay Spoils","Lavaca Bay Spoils D","TX",-96.56201,28.6072,,,"Matagorda Bay","Mid Texas Coast","Mid-Coast TX Barrier Islands and Coastal Marshes","Texas Estuarine Area","Lavaca Bay Spoils 609-121",,
"LBS_E","Yes","Lavaca Bay Spoils","Lavaca Bay Spoils E","TX",-96.56207999999999,28.59947,,,"Matagorda Bay","Mid Texas Coast","Mid-Coast TX Barrier Islands and Coastal Marshes","Texas Estuarine Area","Lavaca Bay Spoils 609-121","PJC72",
"LEG","Yes","Leggett","Leggett","MS",-88.92222,30.39391,,,"Mississippi Sound","Coastal Marshes","Gulf Barrier Islands and Coastal Marshes","Mississippi Estuarine Area","None",,"Colony location is at center of polygon provided by MSCWB."
"H_LBSI","No","Lemon Bay Spoil Island","Lemon Bay Spoil Island","FL",-82.3511,26.9289,,,"Tampa Bay","South Florida","Southwestern Florida Flatwoods","Western Florida Estuarine Area",,"MWP65","Surveyed 2010 only."
"LIPT","Yes","Lightning Point","Lightning Point","AL",-88.26796,30.38055,,,"Mississippi Sound","Coastal Marshes","Gulf Barrier Islands and Coastal Marshes","Mississippi Estuarine Area","None",,"Original coordinates provided were incorrect; moved location to Lightning Point Restoration Shoreline."
"H_LB_C","No","Little Bay C","Little Bay C","TX",-97.0395,28.0333,,,"Corpus Christi-Aransas Bay","Mid Texas Coast","Mid-Coast TX Barrier Islands and Coastal Marshes","Texas Estuarine Area","PJC45","PJC45","TCWB database - active 2021; excluded from analyses 2014."
"S_LBI","No","Little Bird Island","Little Bird Island","LA",-90.67869,29.13387,,,"Terrebonne Bay","Coastal Marshes-Barrier Islands","Deltaic Coastal Marshes and Barrier Islands","Mississippi Estuarine Area","Little Bird Colony 12; Little Bird Island; Cocodrie #54",,"Land existed 2012, tidally inundated by 2015; submerged by 2019."
"H_LBIM","No","Little Bird Island Matagorda","Little Bird Island Matagorda","TX",-96.697,28.294,,,"Matagorda Bay","Mid Texas Coast","Mid-Coast TX Barrier Islands and Coastal Marshes","Texas Estuarine Area",,"Little Bird Island","TCWB database - inactive 2021; exclued from analyses 2014."
"H_LBKN","No","Little Bird Key North","Little Bird Key North","FL",-82.7775,27.793,,,"Tampa Bay","South Florida","Southwestern Florida Flatwoods","Western Florida Estuarine Area",,"Little Bird Key","Surveyed 2010 only."
"H_LBKS","No","Little Bird Key South","Little Bird Key South","FL",-82.7169,27.6852,,,"Tampa Bay","South Florida","Southwestern Florida Flatwoods","Western Florida Estuarine Area",,"Little Bird Key","Surveyed 2010 only."
"H_LMCB","No","Little McPherson Bayou Island","Little McPherson Bayou Island","FL",-82.7351,27.7058,,,"Tampa Bay","South Florida","Southwestern Florida Flatwoods","Western Florida Estuarine Area",,"MWP20","Google Earth and USGS topo map references; surveyed 2010 only."
"LMG","Yes","Little Mud Grass Island","Little Mud Grass Island","LA",-89.32250000000001,29.9508,,,"Biloxi North","Coastal Marshes","Deltaic Coastal Marshes and Barrier Islands","Mississippi Estuarine Area","None","Little Mud Grass Islands",
"LMGNE","Yes","Little Mud Grass Island Northeast","Little Mud Grass Island Northeast","LA",-89.3156,29.9628,,,"Biloxi North","Coastal Marshes","Deltaic Coastal Marshes and Barrier Islands","Mississippi Estuarine Area","Biloxi_N_21","KKN19",
"LSB","Yes","Little Sabine Bay","Little Sabine Bay","FL",-87.14978000000001,30.32936,,,"Pensacola","Coastal Marshes-Barrier Islands","Gulf Barrier Islands and Coastal Marshes","Mississippi Estuarine Area","Holiday Inn Express",,
"LSGI","Yes","Little Saint George Island","Little Saint George Island","FL",-85.07436,29.60929,,,"Apalachicola East","Coastal Marshes-Barrier Islands","Gulf Barrier Islands and Coastal Marshes","Eastern Gulf Neritic","LI19TERN01",,
"LBY","Yes","Long Bay Island","Long Bay Island","LA",-89.5356,29.5021,,,"Biloxi South","Coastal Marshes","Deltaic Coastal Marshes and Barrier Islands","Mississippi Estuarine Area","Biloxi_S_12","PJC14",
"LBH","Yes","Long Beach Harbor","Long Beach Harbor","MS",-89.13858,30.34834,,,"Mississippi Sound","Coastal Marshes","Gulf Barrier Islands and Coastal Marshes","Mississippi Estuarine Area","None",,"Colony location is at center of polygon provided by MSCWB."
"CG_LRD","Yes","Long Reef Deadman Islands","Long Reef Deadman Islands","TX",-96.96442,28.07147,,,"Corpus Christi-Aransas Bay","Mid Texas Coast","Mid-Coast TX Barrier Islands and Coastal Marshes","Texas Estuarine Area","NA",,"ColonyGroupBuffer centroid location coordinates."
"H_LRD_A","No","Long Reef Deadman Islands","Long Reef Deadman Islands A","TX",-96.9629,28.0659,,,"Corpus Christi-Aransas Bay","Mid Texas Coast","Mid-Coast TX Barrier Islands and Coastal Marshes","Texas Estuarine Area","Deadman Island","Deadman Island","TCWB database - active 2021; excluded from analyses 2014."
"H_LRD_B","No","Long Reef Deadman Islands","Long Reef Deadman Islands B","TX",-96.96550000000001,28.0763,,,"Corpus Christi-Aransas Bay","Mid Texas Coast","Mid-Coast TX Barrier Islands and Coastal Marshes","Texas Estuarine Area","PJC50","PJC50","TCWB database - submerged 2021, but 2019 Maxar imagery shows narrow sandy island approx 150 m long; excluded from analyses 2014."
"H_LONG","No","Longbeach Islet","Longbeach Islet","FL",-82.67529999999999,27.433,,,"Tampa Bay","South Florida","Southwestern Florida Flatwoods","Western Florida Estuarine Area",,"MWP72","Surveyed 2010 only."
"H_LW_1","No","Louisiana West 1","Louisiana West 1","LA",-92.56780000000001,29.5776,,,"Sabine-Calcasieu","Coastal Marshes","Texas-Louisiana Coastal Marshes","Mississippi Estuarine Area","None","SLF6","Inactive; dotted in 2010 but no nests."
"H_LW_2","No","Louisiana West 2","Louisiana West 2","LA",-92.6617,29.5967,,,"Sabine-Calcasieu","Coastal Marshes","Texas-Louisiana Coastal Marshes","Mississippi Estuarine Area","None","SLF7","Inactive; dotted in 2010 but no nests."
"H_LW_3","No","Louisiana West 3","Louisiana West 3","LA",-92.7139,29.6137,,,"Sabine-Calcasieu","Coastal Marshes","Texas-Louisiana Coastal Marshes","Mississippi Estuarine Area","None","SLF8","Inactive; dotted in 2010 but no nests."
"H_LW_4","No","Louisiana West 4","Louisiana West 4","LA",-92.7851,29.6407,,,"Sabine-Calcasieu","Coastal Marshes","Texas-Louisiana Coastal Marshes","Mississippi Estuarine Area","None","SLF9","Inactive; dotted in 2010 but no nests."
"H_LW_5","No","Louisiana West 5","Louisiana West 5","LA",-92.8694,29.6755,,,"Sabine-Calcasieu","Coastal Marshes","Texas-Louisiana Coastal Marshes","Mississippi Estuarine Area","None","SLF10","Inactive; dotted in 2010 but no nests."
"H_LAK","No","Lower Arsnicker Key","Lower Arsnicker Key","FL",-80.82689999999999,24.9203,,,"Everglades National Park","South Florida","Southern Coast and Islands","Florida Bay",,"Lower Arsnicker Key","Surveyed 2010 only."
"LOPI_1","Yes","Bay Saint John Islands","Lower Perdido Islands 1","AL",-87.55142600000001,30.281926,,,"Mobile Bay Seashore","Barrier Island-Seashore","Gulf Barrier Islands and Coastal Marshes","Mississippi Estuarine Area","None",,
"LOPI_2","Yes","Bay Saint John Islands","Lower Perdido Islands 2","AL",-87.55788699999999,30.280718,,,"Mobile Bay Seashore","Barrier Island-Seashore","Gulf Barrier Islands and Coastal Marshes","Mississippi Estuarine Area","None",,
"LUWB","Yes","Lullwater Beach","Lullwater Beach","FL",-85.88146999999999,30.21744,,,"Apalachicola West","Coastal Marshes-Barrier Islands","Gulf Barrier Islands and Coastal Marshes","Eastern Gulf Neritic","BA40 - Laguna Beach East",,
"MAG","Yes","Magnolia-Henderson","Magnolia","MS",-89.26269000000001,30.30879,,,"Mississippi Sound","Coastal Marshes","Gulf Barrier Islands and Coastal Marshes","Mississippi Estuarine Area","None",,"Colony location is at center of polygon provided by MSCWB."
"H_MOWK","No","Man of War Key","Man of War Key","FL",-80.910808,25.032786,,,"Everglades National Park","South Florida","Southern Coast and Islands","Florida Bay",,"Man of War Key","Surveyed 2010 only; tracklines indicated colony location incorrect, moved to Man of War Key."
"S_MNI","Yes","Manilla Island","Manilla Island","LA",-89.97320000000001,29.4308,,,"Barataria Bay","Coastal Marshes-Barrier Islands","Deltaic Coastal Marshes and Barrier Islands","Mississippi Estuarine Area","None","MWP3","Submerged late 2021."
"H_MRCO","No","Marco Island","Marco Island","FL",-81.75279999999999,25.9549,,,"Ten Thousand Islands","South Florida","Southern Coast and Islands","Shark River Estuarine Area",,"Marco Island","Surveyed 2010 only."
"MARI","Yes","Deer Islands","Marker 52 Spoil Island","TX",-94.92918,29.290621,,,"Galveston","Mid-Upper Texas Coast","Mid-Coast TX Barrier Islands and Coastal Marshes","Texas Estuarine Area","TexasCoast_7, Marker 52 600-422","KMR17",
"H_MARQ","No","Marquesas Keys","Marquesas Keys","FL",-82.13,24.57,,,"Florida Keys","South Florida","Southern Coast and Islands","Dry Tortugas/Florida Keys Reef Tract",,"Marquesas Keys","Surveyed 2010 only."
"MARS","Yes","Marsh Island","Marsh Island","AL",-88.223833,30.321609,,,"Mississippi Sound","Coastal Marshes","Gulf Barrier Islands and Coastal Marshes","Mississippi Estuarine Area","None",,
"MAI","Yes","Martin Island","Martin Island","LA",-89.19840000000001,29.959,,,"Biloxi North","Coastal Marshes","Deltaic Coastal Marshes and Barrier Islands","Mississippi Estuarine Area","Biloxi_N_20","WAW16; KKN20; SLF11",
"H_MPSI","No","Matanzas Pass Spoil Island","Matanzas Pass Spoil Island","FL",-81.9571,26.4609,,,"Charlotte Harbor","South Florida","Southwestern Florida Flatwoods","Western Florida Estuarine Area",,"MWP51","Surveyed 2010 only."
"H_MPWR","No","Matlacha Pass National Wildlife Refuge","Matlacha Pass National Wildlife Refuge","FL",-82.0712,26.5592,,,"Charlotte Harbor","South Florida","Southwestern Florida Flatwoods","Western Florida Estuarine Area",,"Matlacha Pass NWR","Surveyed 2010 only."
"MLN","Yes","Trinity River Mouth Islands","Mayes Lake North","TX",-94.77016999999999,29.83194,,,"Galveston","Mid-Upper Texas Coast","Mid-Coast TX Barrier Islands and Coastal Marshes","Texas Estuarine Area","Trinity River Mouth B",,"Currently not in TCWB database, 15 Oct 21."
"MENI","Yes","Mendicant Island","Mendicant Island","LA",-89.973608,29.302176,,,"Barataria Bay","Coastal Marshes-Barrier Islands","Deltaic Coastal Marshes and Barrier Islands","Mississippi Estuarine Area","None",,
"MENG","Yes","Menge-Scenic-Espy","Menge","MS",-89.21935000000001,30.32332,,,"Mississippi Sound","Coastal Marshes","Gulf Barrier Islands and Coastal Marshes","Mississippi Estuarine Area","None",,
"MI","Yes","Mink Island","Mink Island","LA",-89.30034999999999,30.00568,,,"Biloxi North","Coastal Marshes","Deltaic Coastal Marshes and Barrier Islands","Mississippi Estuarine Area","None",,
"H_MC_1","No","Mississippi Coast 1","Mississippi Coast 1","MS",-88.4083,30.3454,,,"Mississippi Sound","Coastal Marshes","Gulf Barrier Islands and Coastal Marshes","Mississippi Estuarine Area","SLF35","SLF35","Inactive; dotted in 2010 but no nests; geo reference South Rigolets Island"
"H_MC_2","No","Mississippi Coast 2","Mississippi Coast 2","MS",-88.5882,30.3524,,,"Mississippi Sound","Coastal Marshes","Gulf Barrier Islands and Coastal Marshes","Mississippi Estuarine Area","SLF37","SLF37","Inactive; dotted in 2010 but no nests; geo reference Pascagoula Bay spoil islands"
"H_MOW7","No","Motiva West 7th","Motiva West 7th","TX",-93.9576,29.8513,,,"Sabine-Calcasieu","Coastal Marshes","Texas-Louisiana Coastal Marshes","Texas Estuarine Area","TexasCoast_2","PAG7","TCWB database - inactive as of last survey 2006."
"MBI","Yes","Mustang Bayou Island","Mustang Bayou Island","TX",-95.129808,29.167164,,,"Galveston","Mid-Upper Texas Coast","Mid-Coast TX Barrier Islands and Coastal Marshes","Texas Estuarine Area","TexasCoast_10","KMR11","In TCWB database, one of three islands named Mustand Bayou Island (PA 67)."
"CG_NASI","Yes","Naval Air Station Islands","Naval Air Station Islands","TX",-97.2458,27.66933,,,"Upper Laguna Madre","Lower Texas Coast","Laguna Madre Barrier Islands and Coastal Marshes","Texas Estuarine Area","NA",,"ColonyGroupBuffer centroid location coordinates."
"NASI_A","Yes","Naval Air Station Islands","Naval Air Station Islands A","TX",-97.24288,27.67772,,,"Upper Laguna Madre","Lower Texas Coast","Laguna Madre Barrier Islands and Coastal Marshes","Texas Estuarine Area","None",,
"NASI_B","Yes","Naval Air Station Islands","Naval Air Station Islands B","TX",-97.23645999999999,27.68437,,,"Upper Laguna Madre","Lower Texas Coast","Laguna Madre Barrier Islands and Coastal Marshes","Texas Estuarine Area","None",,
"NASI_C","Yes","Naval Air Station Islands","Naval Air Station Islands C","TX",-97.25444,27.673816,,,"Upper Laguna Madre","Lower Texas Coast","Laguna Madre Barrier Islands and Coastal Marshes","Texas Estuarine Area","None",,
"NASI_D","Yes","Naval Air Station Islands","Naval Air Station Islands D","TX",-97.25217000000001,27.673617,,,"Upper Laguna Madre","Lower Texas Coast","Laguna Madre Barrier Islands and Coastal Marshes","Texas Estuarine Area","None",,
"NASI_E","Yes","Naval Air Station Islands","Naval Air Station Islands E","TX",-97.24975499999999,27.671973,,,"Upper Laguna Madre","Lower Texas Coast","Laguna Madre Barrier Islands and Coastal Marshes","Texas Estuarine Area","None",,
"NASI_F","Yes","Naval Air Station Islands","Naval Air Station Islands F","TX",-97.24847699999999,27.67074,,,"Upper Laguna Madre","Lower Texas Coast","Laguna Madre Barrier Islands and Coastal Marshes","Texas Estuarine Area","None",,
"NASI_G","Yes","Naval Air Station Islands","Naval Air Station Islands G","TX",-97.251941,27.668877,,,"Upper Laguna Madre","Lower Texas Coast","Laguna Madre Barrier Islands and Coastal Marshes","Texas Estuarine Area","None",,
"NASI_H","Yes","Naval Air Station Islands","Naval Air Station Islands H","TX",-97.248767,27.664078,,,"Upper Laguna Madre","Lower Texas Coast","Laguna Madre Barrier Islands and Coastal Marshes","Texas Estuarine Area","None",,
"NASI_I","Yes","Naval Air Station Islands","Naval Air Station Islands I","TX",-97.24649100000001,27.663101,,,"Upper Laguna Madre","Lower Texas Coast","Laguna Madre Barrier Islands and Coastal Marshes","Texas Estuarine Area","None",,
"NASI_K","Yes","Naval Air Station Islands","Naval Air Station Islands K","TX",-97.24206,27.65299,,,"Upper Laguna Madre","Lower Texas Coast","Laguna Madre Barrier Islands and Coastal Marshes","Texas Estuarine Area","None",,
"NASI_O","Yes","Naval Air Station Islands","Naval Air Station Islands O","TX",-97.254623,27.663374,,,"Upper Laguna Madre","Lower Texas Coast","Laguna Madre Barrier Islands and Coastal Marshes","Texas Estuarine Area","None",,
"NASI_P","Yes","Naval Air Station Islands","Naval Air Station Islands P","TX",-97.25837,27.670627,,,"Upper Laguna Madre","Lower Texas Coast","Laguna Madre Barrier Islands and Coastal Marshes","Texas Estuarine Area","None",,
"NBEL","Yes","Navarre Beach Empty Lot","Navarre Beach Empty Lot","FL",-86.87474,30.37884,,,"Pensacola","Coastal Marshes-Barrier Islands","Gulf Barrier Islands and Coastal Marshes","Eastern Gulf Neritic","Empty lot",,
"CG_NC","Yes","Navarre Causeway","Navarre Causeway","FL",-86.862905,30.391845,,,"Pensacola","Coastal Marshes-Barrier Islands","Gulf Barrier Islands and Coastal Marshes","Eastern Gulf Neritic","NA",,"ColonyGroupBuffer centroid location coordinates."
"NC_A","Yes","Navarre Causeway","Navarre Causeway A","FL",-86.86313,30.39222,,,"Pensacola","Coastal Marshes-Barrier Islands","Gulf Barrier Islands and Coastal Marshes","Eastern Gulf Neritic","Causeway 1",,"Colony coordinates provided by Florida Shorebird Alliance, therefore 500 m colony distance guideline did not apply."
"NC_B","Yes","Navarre Causeway","Navarre Causeway B","FL",-86.86268,30.39147,,,"Pensacola","Coastal Marshes-Barrier Islands","Gulf Barrier Islands and Coastal Marshes","Eastern Gulf Neritic","Causeway",,"Colony coordinates provided by Florida Shorebird Alliance, therefore 500 m colony distance guideline did not apply."
"NHI_1","Yes","New Harbor Island 1","New Harbor Island 1","LA",-88.87682,29.87609,,,"Breton-Chandeleur Islands","Barrier Islands","Deltaic Coastal Marshes and Barrier Islands","Mississippi Estuarine Area","None","ChandB_1, KKN25",
"NHI_2","Yes","New Harbor Island 2","New Harbor Island 2","LA",-88.875,29.8565,,,"Breton-Chandeleur Islands","Barrier Islands","Deltaic Coastal Marshes and Barrier Islands","Mississippi Estuarine Area","None","ChandB_2, DLJ1",
"NHI_3","Yes","New Harbor Island 3","New Harbor Island 3","LA",-88.8634,29.8542,,,"Breton-Chandeleur Islands","Barrier Islands","Deltaic Coastal Marshes and Barrier Islands","Mississippi Estuarine Area","None","ChandB_6, KMR18",
"NRI","Yes","Round Islands","New Round Island","MS",-88.59744000000001,30.30669,,,"Mississippi Sound","Coastal Marshes","Gulf Barrier Islands and Coastal Marshes","Mississippi Estuarine Area","None",,"Colony location is at center of polygon provided by MSCWB."
"NRM","Yes","Nolan Ryan Marsh","Nolan Ryan Marsh","TX",-95.35596,28.94099,,,"Galveston","Mid-Upper Texas Coast","Mid-Coast TX Barrier Islands and Coastal Marshes","Texas Estuarine Area","Nolan Ryan",,"Not in TCWB database."
"NODE","Yes","Deer Islands","North Deer Island","TX",-94.92462,29.28519,,,"Galveston","Mid-Upper Texas Coast","Mid-Coast TX Barrier Islands and Coastal Marshes","Texas Estuarine Area","North Deer 600-424","North Deer Island",
"NEMI","Yes","Northeast Mansfield Intersection Spoil","Northeast Mansfield Intersection Spoil","TX",-97.40021,26.56432,,,"Lower Laguna Madre","Lower Texas Coast","Laguna Madre Barrier Islands and Coastal Marshes","Texas Estuarine Area","618-140 NE Mansfield Int.",,
"NUCA","Yes","Nueces Causeway","Nueces Causeway","TX",-97.37604,27.84176,,,"Corpus Christi-Aransas Bay","Mid Texas Coast","Mid-Coast TX Barrier Islands and Coastal Marshes","Texas Estuarine Area","Nueces Causeway 614-141","PJC42","Causeway Island (East Nueces Bay), TCWB database."
"H_NRM","No","Nueces Rivermouth","Nueces Rivermouth","TX",-97.4896,27.8451,,,"Corpus Christi-Aransas Bay","Mid Texas Coast","Mid-Coast TX Barrier Islands and Coastal Marshes","Texas Estuarine Area","PJC41","PJC41","TCWB database - active 2021; excluded from analyses 2014."
"OCLB","Yes","Ocean Club","Ocean Club","MS",-88.95937000000001,30.39151,,,"Mississippi Sound","Coastal Marshes","Gulf Barrier Islands and Coastal Marshes","Mississippi Estuarine Area","None",,"Colony location is at center of polygon provided by MSCWB."
"OWV","Yes","Ocean Wave","Ocean Wave","MS",-89.12712999999999,30.35349,,,"Mississippi Sound","Coastal Marshes","Gulf Barrier Islands and Coastal Marshes","Mississippi Estuarine Area","None",,"Colony location is at center of polygon provided by MSCWB."
"H_OKWS","No","Okeechobee Waterway Spoil Island","Okeechobee Waterway Spoil Island","FL",-82.02500000000001,26.51,,,"Charlotte Harbor","South Florida","Southwestern Florida Flatwoods","Western Florida Estuarine Area",,"MWP59","Surveyed 2010 only."
"ORI","Yes","Round Islands","Old Round Island","MS",-88.58663,30.29523,,,"Mississippi Sound","Coastal Marshes","Gulf Barrier Islands and Coastal Marshes","Mississippi Estuarine Area","Round Island","Round Island",
"H_OBIN","No","Ostego Bay Islet North","Ostego Bay Islet North","FL",-81.8933,26.4243,,,"Charlotte Harbor","South Florida","Southwestern Florida Flatwoods","Western Florida Estuarine Area",,"MWP45","Surveyed 2010 only."
"H_OBIS","No","Ostego Bay Islet South","Ostego Bay Islet South","FL",-81.89530000000001,26.4226,,,"Charlotte Harbor","South Florida","Southwestern Florida Flatwoods","Western Florida Estuarine Area",,"MWP46","Surveyed 2010 only."
"H_OYSK","No","Oyster Keys","Oyster Keys","FL",-80.95140000000001,25.104,,,"Everglades National Park","South Florida","Southern Coast and Islands","Florida Bay",,"Oyster Keys","Surveyed 2010 only."
"OLB","Yes","Oyster Lake Beach","Oyster Lake Beach","FL",-85.14824,29.63597,,,"Apalachicola East","Coastal Marshes-Barrier Islands","Gulf Barrier Islands and Coastal Marshes","Eastern Gulf Neritic","SV LETE 02",,
"H_PALM","No","Palm Key","Palm Key","FL",-80.87860000000001,25.1122,,,"Everglades National Park","South Florida","Southern Coast and Islands","Florida Bay",,"Palm Key","Surveyed 2010 only."
"PCH","Yes","Pass Christian Harbor","Pass Christian Harbor","MS",-89.2396,30.31594,,,"Mississippi Sound","Coastal Marshes","Gulf Barrier Islands and Coastal Marshes","Mississippi Estuarine Area","None",,"Colony location is at center of polygon provided by MSCWB."
"H_PAVK","No","Pavillion Key","Pavillion Key","FL",-81.35420000000001,25.7025,,,"Ten Thousand Islands","South Florida","Southern Coast and Islands","Shark River Estuarine Area",,"Pavillion Key","Surveyed 2010 only."
"S_PELI","No","Pelican Island","Pelican Island","LA",-90.3475,29.1437,,,"Terrebonne Bay","Coastal Marshes-Barrier Islands","Deltaic Coastal Marshes and Barrier Islands","Mississippi Estuarine Area","None","PJC15","Appears tidally inundated by 2015, submerged by 2018."
"CG_PIS","Yes","Pelican Island Spoil","Pelican Island Spoil","TX",-97.153735,27.818359,,,"Corpus Christi-Aransas Bay","Mid Texas Coast","Mid-Coast TX Barrier Islands and Coastal Marshes","Texas Estuarine Area","NA",,"ColonyGroupBuffer centroid location coordinates."
"PIS_A","Yes","Pelican Island Spoil","Pelican Island Spoil A","TX",-97.16002,27.81882,,,"Corpus Christi-Aransas Bay","Mid Texas Coast","Mid-Coast TX Barrier Islands and Coastal Marshes","Texas Estuarine Area","Pelican Island Spoil 614-184",,"Considered one colony, Pelican Island Spoil, in TCWB database."
"PIS_B","Yes","Pelican Island Spoil","Pelican Island Spoil B","TX",-97.14743,27.81882,,,"Corpus Christi-Aransas Bay","Mid Texas Coast","Mid-Coast TX Barrier Islands and Coastal Marshes","Texas Estuarine Area","Pelican Island Spoil 614-184",,"Considered one colony, Pelican Island Spoil, in TCWB database."
"H_PEIS","No","Pelican Island Tampa Bay","Pelican Island Tampa Bay","FL",-82.8408,27.9144,,,"Tampa Bay","South Florida","Southwestern Florida Flatwoods","Western Florida Estuarine Area",,"MWP23","Island name reference usa.fishermap.org; surveyed 2010 only."
"H_PEKE","No","Pelican Key","Pelican Key","FL",-80.4555,25.0925,,,"Florida Keys","South Florida","Southern Coast and Islands","Florida Keys",,"Pelican Key","Surveyed 2010 only."
"PEPK","Yes","Pepperfish Key","Pepperfish Key","FL",-83.395151,29.501954,,,"Apalachee Bay","Coastal Marshes","Big Bend Coastal Marsh","Eastern Gulf Neritic","None",,
"H_PETE","No","Peterson Key","Peterson Key","FL",-80.7437,24.9129,,,"Everglades National Park","South Florida","Southern Coast and Islands","Florida Keys",,"Peterson Key","Surveyed 2010 only."
"PEBI","Yes","Petit Bois Island","Petit Bois Island","MS",-88.45605,30.19973,,,"Mississippi Sound Gulf Islands","Barrier Islands","Gulf Barrier Islands and Coastal Marshes","Mississippi Estuarine Area","None",,"Also flew over/surveyed West Petit Bois"
"PBI","Yes","Philo Brice Islands","Philo Brice Islands","LA",-90.34678,29.18416,,,"Terrebonne Bay","Coastal Marshes-Barrier Islands","Deltaic Coastal Marshes and Barrier Islands","Mississippi Estuarine Area","None",,
"H_PIS_1","No","Pine Island Sound","Pine Island Sound 1","FL",-82.11239999999999,26.4979,,,"Charlotte Harbor","South Florida","Southwestern Florida Flatwoods","Western Florida Estuarine Area",,"MWP55","Surveyed 2010 only."
"H_PIS_2","No","Pine Island Sound","Pine Island Sound 2","FL",-82.10429999999999,26.4945,,,"Charlotte Harbor","South Florida","Southwestern Florida Flatwoods","Western Florida Estuarine Area",,"MWP54","Surveyed 2010 only."
"H_PIS_3","No","Pine Island Sound","Pine Island Sound 3","FL",-82.102,26.4939,,,"Charlotte Harbor","South Florida","Southwestern Florida Flatwoods","Western Florida Estuarine Area",,"MWP53","Surveyed 2010 only."
"H_POW","No","Pine Oak Woods","Pine Oak Woods","TX",-97.04130000000001,28.0397,,,"Corpus Christi-Aransas Bay","Mid Texas Coast","Mid-Coast TX Barrier Islands and Coastal Marshes","Texas Estuarine Area","PJC46","PJC46","TCWB database - active 2021; excluded from analyses 2014."
"H_PPM","No","Piney Point Mangroves","Piney Point Mangroves","FL",-82.5462,27.6503,,,"Tampa Bay","South Florida","Southwestern Florida Flatwoods","Western Florida Estuarine Area",,"MWP15","Surveyed 2010 only."
"PITA","Yes","Pita Island","Pita Island","TX",-97.2876,27.60181,,,"Upper Laguna Madre","Lower Texas Coast","Laguna Madre Barrier Islands and Coastal Marshes","Texas Estuarine Area","614-300L Pita Island",,"Pita Island/Humbolt Channel - L, TCWB database."
"PPT","Yes","Walmart-Pitcher Point","Pitcher Point","MS",-89.17972,30.33326,,,"Mississippi Sound","Coastal Marshes","Gulf Barrier Islands and Coastal Marshes","Mississippi Estuarine Area","None",,"Colony location is at center of polygon provided by MSCWB."
"PAF","Yes","Point au Fer","Point au Fer","LA",-91.350965,29.327788,,,"Atchafalaya Bay","Coastal Marshes","Deltaic Coastal Marshes and Barrier Islands","Mississippi Estuarine Area","None",,
"H_PHI","Yes","Point Hunt Island","Point Hunt Island","LA",-93.8862,29.7471,,,"Sabine-Calcasieu","Coastal Marshes","Texas-Louisiana Coastal Marshes","Mississippi Estuarine Area","LouisianaWest_6","PAG5",
"PTGU","Yes","Port of Gulfport","Port of Gulfport","MS",-89.09195,30.35079,,,"Mississippi Sound","Coastal Marshes","Gulf Barrier Islands and Coastal Marshes","Mississippi Estuarine Area","None",,"Colony location is at center of polygon provided by MSCWB."
"QBI","Yes","Queen Bess Island","Queen Bess Island","LA",-89.9592,29.3043,,,"Barataria Bay","Coastal Marshes-Barrier Islands","Deltaic Coastal Marshes and Barrier Islands","Mississippi Estuarine Area","None","MWP2; MWP13",
"RAB","Yes","Rabbit Island","Rabbit Island","LA",-93.383,29.8494,,,"Sabine-Calcasieu","Coastal Marshes","Texas-Louisiana Coastal Marshes","Mississippi Estuarine Area","None","Rabbit Island",
"H_RABK","No","Rabbit Key","Rabbit Key","FL",-80.8297,24.9916,,,"Everglades National Park","South Florida","Southern Coast and Islands","Florida Bay",,"Rabbit Key","Surveyed 2010 only."
"RABI","Yes","Rabit Island Laguna Madre","Rabit Island Laguna Madre","TX",-97.41421,27.24658,,,"Upper Laguna Madre","Lower Texas Coast","Laguna Madre Barrier Islands and Coastal Marshes","Texas Estuarine Area","614-362B Rabit Island",,"Island name: Rabbit Island Spoil 1; colony name South Baffin Bay Island - A, TCWB database, but used Rabit Island from kmz provided."
"RAC","Yes","Raccoon Island","Raccoon Island","LA",-90.92659999999999,29.0505,,,"Terrebonne Bay","Coastal Marshes-Barrier Islands","Deltaic Coastal Marshes and Barrier Islands","Mississippi Estuarine Area","None","Raccoon Island",
"S_RIW","No","Raccoon Island West","Raccoon Island West","LA",-90.94159999999999,29.0596,,,"Terrebonne Bay","Coastal Marshes-Barrier Islands","Deltaic Coastal Marshes and Barrier Islands","Mississippi Estuarine Area","West Raccoon Island","SLF1","Submerged by 2019."
"H_RACH","No","Rachel Key","Rachel Key","FL",-81.0759,24.7265,,,"Florida Keys","South Florida","Southern Coast and Islands","Florida Keys",,"Rachel Key","Surveyed 2010 only."
"CG_RPB","Yes","Range Point Beach","Range Point Beach","FL",-87.079222,30.342538,,,"Pensacola","Coastal Marshes-Barrier Islands","Gulf Barrier Islands and Coastal Marshes","Eastern Gulf Neritic","NA",,"ColonyGroupBuffer centroid location coordinates."
"RPB_A","Yes","Range Point Beach","Range Point Beach A","FL",-87.07577000000001,30.3433,,,"Pensacola","Coastal Marshes-Barrier Islands","Gulf Barrier Islands and Coastal Marshes","Eastern Gulf Neritic","28a",,
"RPB_B","Yes","Range Point Beach","Range Point Beach B","FL",-87.08268,30.34179,,,"Pensacola","Coastal Marshes-Barrier Islands","Gulf Barrier Islands and Coastal Marshes","Eastern Gulf Neritic","27a",,
"RFB","Yes","Redfish Bend","Redfish Bend","LA",-89.2276,29.9679,,,"Biloxi North","Coastal Marshes","Deltaic Coastal Marshes and Barrier Islands","Mississippi Estuarine Area","Biloxi_N_19","KKN27",
"ROI","Yes","Robertson Island","Robertson Island","FL",-87.32279,30.32973,,,"Pensacola","Coastal Marshes-Barrier Islands","Gulf Barrier Islands and Coastal Marshes","Eastern Gulf Neritic","RILTC18-01 Robertson Island",,
"ROIS","Yes","Bay Saint John Islands","Robinson Island","AL",-87.55090199999999,30.285727,,,"Mobile Bay Seashore","Barrier Island-Seashore","Gulf Barrier Islands and Coastal Marshes","Mississippi Estuarine Area","None",,
"ROCI","Yes","Rock Island","Rock Island","FL",-83.82935999999999,29.97151,,,"Apalachee Bay","Coastal Marshes","Big Bend Coastal Marsh","Eastern Gulf Neritic","None",,
"CG_ROBA","Yes","Rollover Bay","Rollover Bay","TX",-94.504907,29.516926,,,"Galveston","Mid-Upper Texas Coast","Mid-Coast TX Barrier Islands and Coastal Marshes","Texas Estuarine Area","NA",,"ColonyGroupBuffer centroid location coordinates."
"ROBA_A","Yes","Rollover Bay","Rollover Bay A","TX",-94.50239999999999,29.5178,,,"Galveston","Mid-Upper Texas Coast","Mid-Coast TX Barrier Islands and Coastal Marshes","Texas Estuarine Area","TexasCoast_25, Rollover 600-300","PAG2","One of 8 spoil islands named Rollover Bay, TCWB database."
"ROBA_B","Yes","Rollover Bay","Rollover Bay B","TX",-94.50409999999999,29.5172,,,"Galveston","Mid-Upper Texas Coast","Mid-Coast TX Barrier Islands and Coastal Marshes","Texas Estuarine Area","TexasCoast_4, Rollover 600-300","PAG1","One of 8 spoil islands named Rollover Bay, TCWB database."
"ROBA_C","Yes","Rollover Bay","Rollover Bay C","TX",-94.50743300000001,29.51574,,,"Galveston","Mid-Upper Texas Coast","Mid-Coast TX Barrier Islands and Coastal Marshes","Texas Estuarine Area","Rollover 600-300",,"One of 8 spoil islands named Rollover Bay, TCWB database."
"H_ROBA_D","No","Rollover Bay","Rollover Bay D","TX",-94.5056,29.5215,,,"Galveston","Mid-Upper Texas Coast","Mid-Coast TX Barrier Islands and Coastal Marshes","Texas Estuarine Area","NA","PAG3",
"CG_RI","Yes","Round Islands","Round Islands","MS",-88.59412,30.30421,,,"Mississippi Sound","Coastal Marshes","Gulf Barrier Islands and Coastal Marshes","Mississippi Estuarine Area","NA",,"ColonyGroupBuffer centroid location coordinates."
"SABP","Yes, New","Sabine Pass","Sabine Pass","LA",-93.857238,29.737132,,,"Sabine-Calcasieu","Coastal Marshes","Texas-Louisiana Coastal Marshes","Mississippi Estuarine Area","None",,"New colony from LACWB 2022 colony surveys."
"CG_SA","Yes","Saint Andrews State Park","Saint Andrews State Park","FL",-85.73362400000001,30.130656,,,"Apalachicola West","Coastal Marshes-Barrier Islands","Gulf Barrier Islands and Coastal Marshes","Eastern Gulf Neritic","NA",,"ColonyGroupBuffer centroid location coordinates."
"SABM","Yes","Saint Andrews State Park","Saint Andrews State Park Buttonwood Marsh","FL",-85.73546,30.13326,,,"Apalachicola West","Coastal Marshes-Barrier Islands","Gulf Barrier Islands and Coastal Marshes","Eastern Gulf Neritic","None",,
"SAGL","Yes","Saint Andrews State Park","Saint Andrews State Park Gator Lake","FL",-85.73179,30.12805,,,"Apalachicola West","Coastal Marshes-Barrier Islands","Gulf Barrier Islands and Coastal Marshes","Eastern Gulf Neritic","None",,
"CG_SGC","Yes","Saint George Causeway","Saint George Causeway","FL",-84.88297900000001,29.694945,,,"Apalachicola East","Coastal Marshes-Barrier Islands","Gulf Barrier Islands and Coastal Marshes","Eastern Gulf Neritic","NA",,"ColonyGroupBuffer centroid location coordinates."
"SGC_A","Yes","Saint George Causeway","Saint George Causeway A","FL",-84.88674,29.70113,,,"Apalachicola East","Coastal Marshes-Barrier Islands","Gulf Barrier Islands and Coastal Marshes","Eastern Gulf Neritic","CW18BRPE02",,"Colony coordinates provided by Florida Shorebird Alliance, therefore 500 m colony distance guideline did not apply."
"SGC_B","Yes","Saint George Causeway","Saint George Causeway B","FL",-84.88656,29.69894,,,"Apalachicola East","Coastal Marshes-Barrier Islands","Gulf Barrier Islands and Coastal Marshes","Eastern Gulf Neritic","CW19BRPE1",,"Colony coordinates provided by Florida Shorebird Alliance, therefore 500 m colony distance guideline did not apply."
"SGC_C","Yes","Saint George Causeway","Saint George Causeway C","FL",-84.88503,29.69565,,,"Apalachicola East","Coastal Marshes-Barrier Islands","Gulf Barrier Islands and Coastal Marshes","Eastern Gulf Neritic","CW18BRPE03",,"Colony coordinates provided by Florida Shorebird Alliance, therefore 500 m colony distance guideline did not apply."
"SGC_D","Yes","Saint George Causeway","Saint George Causeway D","FL",-84.88506,29.6952,,,"Apalachicola East","Coastal Marshes-Barrier Islands","Gulf Barrier Islands and Coastal Marshes","Eastern Gulf Neritic","St. George Causeway",,"Colony coordinates provided by Florida Shorebird Alliance, therefore 500 m colony distance guideline did not apply."
"SGC_E","Yes","Saint George Causeway","Saint George Causeway E","FL",-84.88473,29.69496,,,"Apalachicola East","Coastal Marshes-Barrier Islands","Gulf Barrier Islands and Coastal Marshes","Eastern Gulf Neritic","CW19LAGU01",,"Colony coordinates provided by Florida Shorebird Alliance, therefore 500 m colony distance guideline did not apply."
"SGC_F","Yes","Saint George Causeway","Saint George Causeway F","FL",-84.88442000000001,29.69466,,,"Apalachicola East","Coastal Marshes-Barrier Islands","Gulf Barrier Islands and Coastal Marshes","Eastern Gulf Neritic","CW18LAGU01",,"Colony coordinates provided by Florida Shorebird Alliance, therefore 500 m colony distance guideline did not apply."
"SGC_G","Yes","Saint George Causeway","Saint George Causeway G","FL",-84.884,29.6943,,,"Apalachicola East","Coastal Marshes-Barrier Islands","Gulf Barrier Islands and Coastal Marshes","Eastern Gulf Neritic","ApalachicolaEast_3","KMR5","Colony coordinates provided by Florida Shorebird Alliance, therefore 500 m colony distance guideline did not apply."
"SGC_H","Yes","Saint George Causeway","Saint George Causeway H","FL",-84.88153,29.69284,,,"Apalachicola East","Coastal Marshes-Barrier Islands","Gulf Barrier Islands and Coastal Marshes","Eastern Gulf Neritic","CW18BRPE01",,"Colony coordinates provided by Florida Shorebird Alliance, therefore 500 m colony distance guideline did not apply."
"SGC_I","Yes","Saint George Causeway","Saint George Causeway I","FL",-84.88173,29.69275,,,"Apalachicola East","Coastal Marshes-Barrier Islands","Gulf Barrier Islands and Coastal Marshes","Eastern Gulf Neritic","CW19BRPE02",,"Colony coordinates provided by Florida Shorebird Alliance, therefore 500 m colony distance guideline did not apply."
"SGC_J","Yes","Saint George Causeway","Saint George Causeway J","FL",-84.87907,29.6912,,,"Apalachicola East","Coastal Marshes-Barrier Islands","Gulf Barrier Islands and Coastal Marshes","Eastern Gulf Neritic","18CWSOTE01",,"Colony coordinates provided by Florida Shorebird Alliance, therefore 500 m colony distance guideline did not apply."
"SGC_K","Yes","Saint George Causeway","Saint George Causeway K","FL",-84.87788999999999,29.68939,,,"Apalachicola East","Coastal Marshes-Barrier Islands","Gulf Barrier Islands and Coastal Marshes","Eastern Gulf Neritic","CW18TERN01",,"Colony coordinates provided by Florida Shorebird Alliance, therefore 500 m colony distance guideline did not apply."
"H_SGIS","No","Saint George Island","Saint George Island","FL",-84.7769,29.6952,,,"Apalachicola East","Coastal Marshes-Barrier Islands","Gulf Barrier Islands and Coastal Marshes","Eastern Gulf Neritic","None","St. George Is.","Inactive; dotted but no nests counted in 2010."
"SGPL","Yes","Saint George Island Plantation","Saint George Island Plantation","FL",-84.95554,29.61734,,,"Apalachicola East","Coastal Marshes-Barrier Islands","Gulf Barrier Islands and Coastal Marshes","Eastern Gulf Neritic","None",,
"CG_SGI","Yes","Saint George Island State Park","Saint George Island State Park","FL",-84.691619,29.76686,,,"Apalachicola East","Coastal Marshes-Barrier Islands","Gulf Barrier Islands and Coastal Marshes","Eastern Gulf Neritic","NA",,"ColonyGroupBuffer centroid location coordinates."
"SGI_A","Yes","Saint George Island State Park","Saint George Island State Park A","FL",-84.69143,29.76519,,,"Apalachicola East","Coastal Marshes-Barrier Islands","Gulf Barrier Islands and Coastal Marshes","Eastern Gulf Neritic","East End - BLSK colony 1",,"Colony coordinates provided by Florida Shorebird Alliance, therefore 500 m colony distance guideline did not apply."
"SGI_B","Yes","Saint George Island State Park","Saint George Island State Park B","FL",-84.69181,29.76853,,,"Apalachicola East","Coastal Marshes-Barrier Islands","Gulf Barrier Islands and Coastal Marshes","Eastern Gulf Neritic","East End - BLSK colony 2",,"Colony coordinates provided by Florida Shorebird Alliance, therefore 500 m colony distance guideline did not apply."
"SGISP","Yes","Saint George Island State Park Shelly Pocket","Saint George Island State Park Shelly Pocket","FL",-84.71352,29.74592,,,"Apalachicola East","Coastal Marshes-Barrier Islands","Gulf Barrier Islands and Coastal Marshes","Eastern Gulf Neritic","East End - Shelly Pocket Colony",,
"SJL","Yes","Saint Joseph Lagoon","Saint Joseph Lagoon","FL",-85.39393,29.87636,,,"Apalachicola East","Coastal Marshes-Barrier Islands","Gulf Barrier Islands and Coastal Marshes","Eastern Gulf Neritic","St. Joseph Lagoon BLSK colony",,
"H_SJSS","No","Saint Joseph Sound Spoil Island","Saint Joseph Sound Spoil Island","FL",-82.8,28.0754,,,"Tampa Bay","South Florida","Southwestern Florida Flatwoods","Western Florida Estuarine Area",,"MWP28","Surveyed 2010 only."
"H_SMK_A","No","Saint Martins Keys","Saint Martins Key A","FL",-82.7555,28.8004,,,"Crystal River","South Florida","Big Bend Coastal Marsh","Eastern Gulf Neritic",,"MWP36","Surveyed 2010 only."
"H_SMK_B","No","Saint Martins Keys","Saint Martins Key B","FL",-82.7501,28.8004,,,"Crystal River","South Florida","Big Bend Coastal Marsh","Eastern Gulf Neritic",,"MWP34","Surveyed 2010 only."
"H_SMK_C","No","Saint Martins Keys","Saint Martins Key C","FL",-82.73699999999999,28.799,,,"Crystal River","South Florida","Big Bend Coastal Marsh","Eastern Gulf Neritic",,"MWP35","Surveyed 2010 only."
"H_SVIR","No","Saint Vincent Island Roost","Saint Vincent Island Roost","FL",-85.2214,29.6773,,,"Apalachicola East","Coastal Marshes-Barrier Islands","Gulf Barrier Islands and Coastal Marshes","Eastern Gulf Neritic","None","St. Vincent Is.Roost","Inactive; dotted but no nests counted in 2010."
"H_SL_G","No","Salt Lake G","Salt Lake G","TX",-97.093,28.07,,,"Corpus Christi-Aransas Bay","Mid Texas Coast","Mid-Coast TX Barrier Islands and Coastal Marshes","Texas Estuarine Area","Salt Lake","Salt Lake","TCWB database - active 2021; excluded from analyses 2014.  One of several islands in Salt Lake."
"H_SAND","No","Sand Keys","Sand Keys","FL",-82.7946,28.038,,,"Tampa Bay","South Florida","Southwestern Florida Flatwoods","Western Florida Estuarine Area",,"Sand Keys","Surveyed 2010 only."
"H_SYKY","No","Sandy Key","Sandy Key","FL",-81.01542000000001,25.034399,,,"Everglades National Park","South Florida","Southern Coast and Islands","Florida Bay",,"Sandy Key","Surveyed 2010 only."
"SREL","Yes","Santa Rosa Island East Lot","Santa Rosa Island East Lot","FL",-86.99315,30.35894,,,"Pensacola","Coastal Marshes-Barrier Islands","Gulf Barrier Islands and Coastal Marshes","Eastern Gulf Neritic","Lot 7, S",,
"SRWL","Yes","Santa Rosa Island West Lot","Santa Rosa Island West Lot","FL",-87.19396999999999,30.32506,,,"Pensacola","Coastal Marshes-Barrier Islands","Gulf Barrier Islands and Coastal Marshes","Eastern Gulf Neritic","A/C Colony, South",,
"SCEN","Yes","Menge-Scenic-Espy","Scenic","MS",-89.2088,30.32649,,,"Mississippi Sound","Coastal Marshes","Gulf Barrier Islands and Coastal Marshes","Mississippi Estuarine Area","None",,"Colony location is at center of polygon provided by MSCWB."
"SCOI","Yes","Scofield Island","Scofield Island","LA",-89.54569100000001,29.241339,,,"Birdsfoot West","Coastal Marshes","Deltaic Coastal Marshes and Barrier Islands","Mississippi Estuarine Area","None",,
"S_SD_B","No","Seadrift Island","Seadrift Island B","TX",-96.7229,28.3968,,,"Matagorda Bay","Mid Texas Coast","Mid-Coast TX Barrier Islands and Coastal Marshes","Texas Estuarine Area","PJC59","PJC59","One of four Seadrift islands,TCWB database.  TCWB considers this island submerged; appears tidally inundated."
"S_SD_C","No","Seadrift Island","Seadrift Island C","TX",-96.72580000000001,28.3888,,,"Matagorda Bay","Mid Texas Coast","Mid-Coast TX Barrier Islands and Coastal Marshes","Texas Estuarine Area","PJC60","PJC60","One of four Seadrift islands,TCWB database.  TCWB considers this island submerged; appears tidally inundated."
"CG_SD","No","Seadrift Islands","Seadrift Islands","TX",-96.7244,28.3932,,,"Matagorda Bay","Mid Texas Coast","Mid-Coast TX Barrier Islands and Coastal Marshes","Texas Estuarine Area","NA",,"ColonyGroupBuffer centroid location coordinates. Centroid coordinates between two of four Seadrift Island colonies, TCWB database."
"H_SEAK","No","Seahorse Key","Seahorse Key","FL",-83.06610000000001,29.0969,,,"Crystal River","South Florida","Big Bend Coastal Marsh","Eastern Gulf Neritic",,"Seahorse Key","Surveyed 2010 only."
"CG_SCI","Yes","Second Chain of Islands","Second Chain of Islands","TX",-96.814806,28.189701,,,"Corpus Christi-Aransas Bay","Mid Texas Coast","Mid-Coast TX Barrier Islands and Coastal Marshes","Texas Estuarine Area","NA",,"ColonyGroupBuffer centroid location coordinates."
"H_SCI_B","No","Second Chain of Islands","Second Chain of Islands B","TX",-96.81665,28.19825,,,"Corpus Christi-Aransas Bay","Mid Texas Coast","Mid-Coast TX Barrier Islands and Coastal Marshes","Texas Estuarine Area","Second Chain 690-422, Second Chain of Islands_5","Second Chain of Islands","Original coordinates in water, moved to SCI_B."
"SCI_D","Yes","Second Chain of Islands","Second Chain of Islands D","TX",-96.814465,28.194354,,,"Corpus Christi-Aransas Bay","Mid Texas Coast","Mid-Coast TX Barrier Islands and Coastal Marshes","Texas Estuarine Area","Second Chain 690-422","Second Chain of Islands",
"SCI_G","Yes","Second Chain of Islands","Second Chain of Islands G","TX",-96.81453399999999,28.192882,,,"Corpus Christi-Aransas Bay","Mid Texas Coast","Mid-Coast TX Barrier Islands and Coastal Marshes","Texas Estuarine Area","Second Chain 690-422, Second Chain of Islands_4","Second Chain of Islands",
"SCI_I","Yes","Second Chain of Islands","Second Chain of Islands I","TX",-96.81523,28.1888,,,"Corpus Christi-Aransas Bay","Mid Texas Coast","Mid-Coast TX Barrier Islands and Coastal Marshes","Texas Estuarine Area","Second Chain 690-422, Second Chain of Islands_3","Second Chain of Islands","Active inventory.  Original coordinate placement now in water, but island still extant; assume location is for this island."
"SCI_J","Yes","Second Chain of Islands","Second Chain of Islands J","TX",-96.8137,28.1857,,,"Corpus Christi-Aransas Bay","Mid Texas Coast","Mid-Coast TX Barrier Islands and Coastal Marshes","Texas Estuarine Area","Second Chain 690-422, Second Chain of Islands_1","Second Chain of Islands",
"H_SCI_K","No","Second Chain of Islands","Second Chain of Islands K","TX",-96.81731000000001,28.18135,,,"Corpus Christi-Aransas Bay","Mid Texas Coast","Mid-Coast TX Barrier Islands and Coastal Marshes","Texas Estuarine Area","Second Chain 690-422, Second Chain of Islands_2","Second Chain of Islands","Original coordinates in water, moved to SCI_K."
"H_SCWA","No","Second Chance Critical Wildlife Area","Second Chance Critical Wildlife Area","FL",-81.6674,25.8389,,,"Ten Thousand Islands","South Florida","Southern Coast and Islands","Shark River Estuarine Area",,"MWP43","Surveyed 2010 only."
"SHAM","Yes","Shamrock Island","Shamrock Island","TX",-97.16936,27.75883,,,"Corpus Christi-Aransas Bay","Mid Texas Coast","Mid-Coast TX Barrier Islands and Coastal Marshes","Texas Estuarine Area","Shamrock 614-186",,"Original coordinate placement in water, unclear if colony was/is part of Second Chain or on Two Ring Island."
"SHL","Yes","Shell","Shell","MS",-88.94789,30.3922,,,"Mississippi Sound","Coastal Marshes","Gulf Barrier Islands and Coastal Marshes","Mississippi Estuarine Area","None",,"Colony location is at center of polygon provided by MSCWB."
"CG_SIE","Yes","Shell Island East","Shell Island East","LA",-89.62835200000001,29.281019,,,"Barataria Bay","Coastal Marshes-Barrier Islands","Deltaic Coastal Marshes and Barrier Islands","Mississippi Estuarine Area","NA",,"ColonyGroupBuffer centroid location coordinates. "
"SIE_A","Yes","Shell Island East","Shell Island East A","LA",-89.6131,29.2701,,,"Barataria Bay","Coastal Marshes-Barrier Islands","Deltaic Coastal Marshes and Barrier Islands","Mississippi Estuarine Area","BaratariaBay_1","PJC77",
"SIE_B","Yes","Shell Island East","Shell Island East B","LA",-89.62690000000001,29.2786,,,"Barataria Bay","Coastal Marshes-Barrier Islands","Deltaic Coastal Marshes and Barrier Islands","Mississippi Estuarine Area","BaratariaBay_2","PJC78",
"SIE_C","Yes","Shell Island East","Shell Island East C","LA",-89.615522,29.271771,,,"Barataria Bay","Coastal Marshes-Barrier Islands","Deltaic Coastal Marshes and Barrier Islands","Mississippi Estuarine Area","None",,
"SHER","Yes","Lady Mary-Sherman","Sherman","MS",-89.27419,30.30526,,,"Mississippi Sound","Coastal Marshes","Gulf Barrier Islands and Coastal Marshes","Mississippi Estuarine Area","None",,"Colony location is at center of polygon provided by MSCWB."
"CG_SHIP","Yes","Ship Island","Ship Island","MS",-88.92156,30.21912,,,"Mississippi Sound Gulf Islands","Barrier Islands","Gulf Barrier Islands and Coastal Marshes","Mississippi Estuarine Area","NA","PJC85","ColonyGroupBuffer centroid location coordinates. "
"SHIP_E","Yes","Ship Island","Ship Island East","MS",-88.8867,30.2382,,,"Mississippi Sound Gulf Islands","Barrier Islands","Gulf Barrier Islands and Coastal Marshes","Mississippi Estuarine Area","Ship Island Colony",,"Coordinate is between SHIP_E and SHIP_W."
"SHIP_W","Yes","Ship Island","Ship Island West","MS",-88.98289,30.21127,,,"Mississippi Sound Gulf Islands","Barrier Islands","Gulf Barrier Islands and Coastal Marshes","Mississippi Estuarine Area","West Ship Island Colony; West Ship I.","PJC85",
"SKI","Yes","Skimmer Island","Skimmer Island","LA",-91.3836,29.3864,,,"Atchafalaya Bay","Coastal Marshes","Deltaic Coastal Marshes and Barrier Islands","Mississippi Estuarine Area","Eugene Island","SLF3",
"SKIM","Yes","West Nueces Bay","Skimmer Island Nueces Bay","TX",-97.49026000000001,27.86298,,,"Corpus Christi-Aransas Bay","Mid Texas Coast","Mid-Coast TX Barrier Islands and Coastal Marshes","Texas Estuarine Area","Skimmer Island 614-143","PJC40",
"SI","Yes","Smith Island","Smith Island","FL",-84.31802999999999,30.04906,,,"Apalachee Bay","Coastal Marshes","Big Bend Coastal Marsh","Eastern Gulf Neritic","Oyster Bay, St. Mark's","Smith Is.",
"H_SMPI","No","Smith Point Island","Smith Point Island","TX",-94.8082,29.5364,,,"Galveston","Mid-Upper Texas Coast","Mid-Coast TX Barrier Islands and Coastal Marshes","Texas Estuarine Area","Point Island","Point Island","Renamed H_SMPI to not confuse with H_SPI_A and _B; TCWB database - active as of 2014."
"SAI","Yes, New","South Aves Island","South Aves Island","LA",-91.42114599999999,29.348396,,,"Atchafalaya Bay","Coastal Marshes","Deltaic Coastal Marshes and Barrier Islands","Mississippi Estuarine Area","None",,"New colony from LACWB 2022 colony surveys."
"SODE","Yes","Deer Islands","South Deer Island","TX",-94.9119,29.27195,,,"Galveston","Mid-Upper Texas Coast","Mid-Coast TX Barrier Islands and Coastal Marshes","Texas Estuarine Area","South Deer 600-426",,
"CG_SPI","No","South Pass Island","South Pass Island","TX",-96.622,28.29745,,,"Matagorda Bay","Mid Texas Coast","Mid-Coast TX Barrier Islands and Coastal Marshes","Texas Estuarine Area","NA",,"ColonyGroupBuffer centroid location coordinates."
"H_SPI_A","No","South Pass Island","South Pass Island A","TX",-96.6223,28.2984,,,"Matagorda Bay","Mid Texas Coast","Mid-Coast TX Barrier Islands and Coastal Marshes","Texas Estuarine Area","PJC61","PJC61","TCWB database - active 2021: excluded from analyses 2014."
"H_SPI_B","No","South Pass Island","South Pass Island B","TX",-96.62130000000001,28.2961,,,"Matagorda Bay","Mid Texas Coast","Mid-Coast TX Barrier Islands and Coastal Marshes","Texas Estuarine Area","PJC62","PJC62","TCWB database - active 2021: excluded from analyses 2014."
"SWP_1","Yes","Southwest Pass Islands 1","Southwest Pass Islands 1","LA",-92.038113,29.594507,,,"Vermilion Bay","Coastal Marshes","Deltaic Coastal Marshes and Barrier Islands","Mississippi Estuarine Area","No Name SW Pass Island",,
"H_STUP","No","Stump Pass","Stump Pass","FL",-82.3409,26.8968,,,"Tampa Bay","South Florida","Southwestern Florida Flatwoods","Western Florida Estuarine Area",,"MWP66","Surveyed 2010 only."
"H_SUNK","No","Sunken Island","Sunken Island","FL",-82.41500000000001,27.8469,,,"Tampa Bay","South Florida","Southwestern Florida Flatwoods","Western Florida Estuarine Area",,"Sunken Island","Surveyed 2010 only."
"CG_SB","Yes","Sunnyside Beach","Sunnyside Beach","FL",-85.94595,30.2486,,,"Apalachicola West","Coastal Marshes-Barrier Islands","Gulf Barrier Islands and Coastal Marshes","Eastern Gulf Neritic","NA",,"ColonyGroupBuffer centroid location coordinates."
"SB_A","Yes","Sunnyside Beach","Sunnyside Beach A","FL",-85.94607999999999,30.24871,,,"Apalachicola West","Coastal Marshes-Barrier Islands","Gulf Barrier Islands and Coastal Marshes","Eastern Gulf Neritic","Sunny side west",,"Colony coordinates provided by Florida Shorebird Alliance, therefore 500 m colony distance guideline did not apply."
"SB_B","Yes","Sunnyside Beach","Sunnyside Beach B","FL",-85.94582,30.24849,,,"Apalachicola West","Coastal Marshes-Barrier Islands","Gulf Barrier Islands and Coastal Marshes","Eastern Gulf Neritic","Laguna west",,"Colony coordinates provided by Florida Shorebird Alliance, therefore 500 m colony distance guideline did not apply."
"H_SBSI","No","Sutherland Bayou Spoil Island","Sutherland Bayou Spoil Island","FL",-82.7831,28.0731,,,"Tampa Bay","South Florida","Southwestern Florida Flatwoods","Western Florida Estuarine Area",,"MWP27","Surveyed 2010 only."
"H_TBI","No","Tarpon Bay Island","Tarpon Bay Island","FL",-82.07550000000001,26.4565,,,"Charlotte Harbor","South Florida","Southwestern Florida Flatwoods","Western Florida Estuarine Area",,"MWP52","Surveyed 2010 only."
"TEG","Yes","Tegarden","Tegarden","MS",-89.03793,30.37926,,,"Mississippi Sound","Coastal Marshes","Gulf Barrier Islands and Coastal Marshes","Mississippi Estuarine Area","None",,"Colony location is at center of polygon provided by MSCWB."
"TEIS","Yes","Naval Air Station Islands","Tern Island","TX",-97.25123000000001,27.65791,,,"Upper Laguna Madre","Lower Texas Coast","Laguna Madre Barrier Islands and Coastal Marshes","Texas Estuarine Area","614-221S Tern Island",,"Also Naval Air Station Islands - S, TCWB database."
"TERR","Yes","Terrapin Island","Terrapin Island","AL",-88.2619,30.335,,,"Mississippi Sound","Coastal Marshes","Gulf Barrier Islands and Coastal Marshes","Mississippi Estuarine Area","None","SLF34",
"S_TB_1","No","Terrebonne Bay 1","Terrebonne Bay 1","LA",-90.57022000000001,29.21025,,,"Terrebonne Bay","Coastal Marshes-Barrier Islands","Deltaic Coastal Marshes and Barrier Islands","Mississippi Estuarine Area","MWP123","MWP123","Island present through 2015; submerged by 2019."
"H_TB_2","No","Terrebonne Bay 2","Terrebonne Bay 2","LA",-90.44840000000001,29.1992,,,"Terrebonne Bay","Coastal Marshes-Barrier Islands","Deltaic Coastal Marshes and Barrier Islands","Mississippi Estuarine Area","PJC65","PJC65","Manmade structure; dotted but no nests counted in 2010."
"H_TB_3","No","Terrebonne Bay 3","Terrebonne Bay 3","LA",-90.396,29.249,,,"Terrebonne Bay","Coastal Marshes-Barrier Islands","Deltaic Coastal Marshes and Barrier Islands","Mississippi Estuarine Area","PJC66","PJC66","Fractured island remnants much reduced since 2010, but still exist well above tidal influences; dotted but no nests counted in 2010."
"H_TB_4","No","Terrebonne Bay 4","Terrebonne Bay 4","LA",-90.354,29.2164,,,"Terrebonne Bay","Coastal Marshes-Barrier Islands","Deltaic Coastal Marshes and Barrier Islands","Mississippi Estuarine Area","PJC67","PJC67","This island was completely submerged by 2010; dotted but no nests counted in 2010."
"S_TB_5","No","Terrebonne Bay 5","Terrebonne Bay 5","LA",-90.35250000000001,29.2029,,,"Terrebonne Bay","Coastal Marshes-Barrier Islands","Deltaic Coastal Marshes and Barrier Islands","Mississippi Estuarine Area","PJC68","PJC68","Much reduced in size by 2010, completely submerged by 2012; dotted but no nests counted in 2010."
"RS_TB_7","No","Terrebonne Bay 7","Terrebonne Bay 7","LA",-90.4465,29.06,,,"Terrebonne Bay","Coastal Marshes-Barrier Islands","Deltaic Coastal Marshes and Barrier Islands","Mississippi Estuarine Area","None","PJC69","Roosting only; now submerged."
"S_TB_8","No","Terrebonne Bay 8","Terrebonne Bay 8","LA",-90.64927,29.1415,,,"Terrebonne Bay","Coastal Marshes-Barrier Islands","Deltaic Coastal Marshes and Barrier Islands","Mississippi Estuarine Area","Cocodrie #102","Cocodrie #102","Appears tidally inundated by 2015, submerged by 2019."
"H_TC_1","No","Texas Coast 1","Texas Coast 1","TX",-93.9521,29.8482,,,"Sabine-Calcasieu","Coastal Marshes","Texas-Louisiana Coastal Marshes","Texas Estuarine Area","TexasCoast_1","PAG6","Not in TCWB database, but colony site just off Texas Islands Rd."
"H_TC_9","No","Texas Coast 9","Texas Coast 9","TX",-95.0202,29.1595,,,"Galveston","Mid-Upper Texas Coast","Mid-Coast TX Barrier Islands and Coastal Marshes","Texas Estuarine Area","TexasCoast_9","WAW10","Not in TCWB database, but colony location is approx 800 m SE of TCWB colony Snake Cove Point (inactive)."
"THP","Yes","Three Pines","Three Pines","FL",-84.75062,29.71341,,,"Apalachicola East","Coastal Marshes-Barrier Islands","Gulf Barrier Islands and Coastal Marshes","Eastern Gulf Neritic","None",,
"TPAT","Yes","T-Pat Island","T-Pat Island","LA",-91.380152,29.396617,,,"Atchafalaya Bay","Coastal Marshes","Deltaic Coastal Marshes and Barrier Islands","Mississippi Estuarine Area","None",,
"TRI","Yes","Trinity Island","Trinity Island","LA",-90.74911,29.04734,,,"Terrebonne Bay","Coastal Marshes-Barrier Islands","Deltaic Coastal Marshes and Barrier Islands","Mississippi Estuarine Area","None",,
"TRRM","Yes","Trinity River Mouth Islands","Trinity River Mouth","TX",-94.75644,29.83535,,,"Galveston","Mid-Upper Texas Coast","Mid-Coast TX Barrier Islands and Coastal Marshes","Texas Estuarine Area","Trinity River Mouth A, Trinity River Mouth 600-120",,
"CG_TRRMI","Yes","Trinity River Mouth Islands","Trinity River Mouth Islands","TX",-94.76137,29.83425,,,"Galveston","Mid-Upper Texas Coast","Mid-Coast TX Barrier Islands and Coastal Marshes","Texas Estuarine Area","NA",,"ColonyGroupBuffer centroid location coordinates."
"H_TBIS","No","Turtle Bay Island","Turtle Bay Island","FL",-82.1875,26.7867,,,"Charlotte Harbor","South Florida","Southwestern Florida Flatwoods","Western Florida Estuarine Area",,"MWP62","Surveyed 2010 only."
"TPI","Yes","Turtle Pen Isle","Turtle Pen Isle","LA",-89.242,29.938,,,"Biloxi North","Coastal Marshes","Deltaic Coastal Marshes and Barrier Islands","Mississippi Estuarine Area","None","KKN24","Colony location moved to center of island."
"H_UAK","No","Upper Arsnicker Key","Upper Arsnicker Key","FL",-80.8274,24.9316,,,"Everglades National Park","South Florida","Southern Coast and Islands","Florida Bay",,"Upper Arsnicker Key","Surveyed 2010 only."
"S_VB_1","No","Vermilion Bay 1","Vermilion Bay 1","LA",-91.3429,29.3141,,,"Atchafalaya Bay","Coastal Marshes","Deltaic Coastal Marshes and Barrier Islands","Mississippi Estuarine Area","SLF4","SLF4","Island once part of Point au Fer Island (GE 2004); submerged by 2019."
"H_VETK","No","Veterans Key","Veterans Key","FL",-80.7444,24.8507,,,"Florida Keys","South Florida","Southern Coast and Islands","Florida Keys",,"MWP89","Surveyed 2010 only."
"WAIS","Yes","Bay Saint John Islands","Walker Island","AL",-87.54138399999999,30.287087,,,"Mobile Bay Seashore","Barrier Island-Seashore","Gulf Barrier Islands and Coastal Marshes","Mississippi Estuarine Area","None",,
"WALM","Yes","Walmart-Pitcher Point","Walmart","MS",-89.18969,30.33098,,,"Mississippi Sound","Coastal Marshes","Gulf Barrier Islands and Coastal Marshes","Mississippi Estuarine Area","None",,"Colony location is at center of polygon provided by MSCWB."
"H_WAKM","No","Water Key","Water Key Mangroves","FL",-81.34743400000001,24.7483,,,"Florida Keys","South Florida","Southern Coast and Islands","Southwest Florida Neritic",,"Water Key","Surveyed 2010 only; tracklines indicated colony location incorrect, moved to Water Key Mangroves."
"WBB","Yes","West Bay Bird Islands","West Bay Bird Island","TX",-95.14105000000001,29.09517,,,"Galveston","Mid-Upper Texas Coast","Mid-Coast TX Barrier Islands and Coastal Marshes","Texas Estuarine Area","West Bay Bird Island, 600-560, Bird Island","KMR13",
"WBBN","Yes","West Bay Bird Islands","West Bay Bird Island New","TX",-95.14131999999999,29.09832,,,"Galveston","Mid-Upper Texas Coast","Mid-Coast TX Barrier Islands and Coastal Marshes","Texas Estuarine Area","TexasCoast_12, West Bay Bird Island New 600-568","KMR12",
"CG_WBBI","Yes","West Bay Bird Islands","West Bay Bird Islands","TX",-95.141054,29.095174,,,"Galveston","Mid-Upper Texas Coast","Mid-Coast TX Barrier Islands and Coastal Marshes","Texas Estuarine Area","NA",,"ColonyGroupBuffer centroid location coordinates. Centroid coordinates same as West Bay Bird Island."
"WBMO","Yes","West Bay Mooring Facility","West Bay Mooring Facility","TX",-95.10677,29.17285,,,"Galveston","Mid-Upper Texas Coast","Mid-Coast TX Barrier Islands and Coastal Marshes","Texas Estuarine Area","West Bay Mooring 600-552",,
"H_WKBI","No","West Karako Bay Islet","West Karako Bay Islet","LA",-89.23090000000001,30.0049,,,"Biloxi North","Coastal Marshes","Deltaic Coastal Marshes and Barrier Islands","Mississippi Estuarine Area","SLF12","SLF12","Extant 2012, but submerged by 2014; dotter name only one known, given more descriptive name for better geographical reference."
"CG_WNB","Yes","West Nueces Bay","West Nueces Bay","TX",-97.48703,27.85677,,,"Corpus Christi-Aransas Bay","Mid Texas Coast","Mid-Coast TX Barrier Islands and Coastal Marshes","Texas Estuarine Area","NA",,"ColonyGroupBuffer centroid location coordinates."
"WNB_A","Yes","West Nueces Bay","West Nueces Bay 51W A","TX",-97.48302700000001,27.853228,,,"Corpus Christi-Aransas Bay","Mid Texas Coast","Mid-Coast TX Barrier Islands and Coastal Marshes","Texas Estuarine Area","PJC38","PJC38",
"WNB_D","Yes","West Nueces Bay","West Nueces Bay 51W D","TX",-97.47873,27.85152,,,"Corpus Christi-Aransas Bay","Mid Texas Coast","Mid-Coast TX Barrier Islands and Coastal Marshes","Texas Estuarine Area","PJC35","PJC35",
"WNB_J","Yes","West Nueces Bay","West Nueces Bay 51W J","TX",-97.47709,27.85231,,,"Corpus Christi-Aransas Bay","Mid Texas Coast","Mid-Coast TX Barrier Islands and Coastal Marshes","Texas Estuarine Area","PJC36","PJC36",
"WNB_K","Yes","West Nueces Bay","West Nueces Bay 51W K","TX",-97.49294999999999,27.85912,,,"Corpus Christi-Aransas Bay","Mid Texas Coast","Mid-Coast TX Barrier Islands and Coastal Marshes","Texas Estuarine Area","PJC37","PJC37",
"WNB_P","Yes","West Nueces Bay","West Nueces Bay 51W P","TX",-97.49055,27.85798,,,"Corpus Christi-Aransas Bay","Mid Texas Coast","Mid-Coast TX Barrier Islands and Coastal Marshes","Texas Estuarine Area","PJC39","PJC39",
"WHI","Yes","Whiskey Island","Whiskey Island","LA",-90.85284,29.05262,,,"Terrebonne Bay","Coastal Marshes-Barrier Islands","Deltaic Coastal Marshes and Barrier Islands","Mississippi Estuarine Area","None","Not Dotted",
"H_WLL","No","White Log Lake Islands","White Log Lake Islands","LA",-89.31910000000001,29.8283,,,"Biloxi North","Coastal Marshes","Deltaic Coastal Marshes and Barrier Islands","Mississippi Estuarine Area","None","KKN10","Never active; no nests upon review in 2010."
"WHPI","Yes","White Pelican Island","White Pelican Island","TX",-97.36359,27.39097,,,"Upper Laguna Madre","Lower Texas Coast","Laguna Madre Barrier Islands and Coastal Marshes","Texas Estuarine Area","614-345 White Pelican Island",,"Island name:  Chaney #38 White Pelican; Colony name: Marker 81 Spoil Island (NM 163), TCWB database."
"WLI","Yes","Willet Island","Willet Island","LA",-89.2903,29.407,,,"Birdsfoot East","Coastal Marshes","Deltaic Coastal Marshes and Barrier Islands","Mississippi Estuarine Area","BirdsfootEast_2","MWP4","Land loss/submerged by 2012."
"WII","Yes","Wine Island","Wine Island","LA",-90.6108,29.0948,,,"Terrebonne Bay","Coastal Marshes-Barrier Islands","Deltaic Coastal Marshes and Barrier Islands","Mississippi Estuarine Area","None","Wine Island",
"H_WLSA","No","Wolf Lake Skimmer Area","Wolf Lake Skimmer Area","TX",-95.2409,29.0337,,,"Galveston","Mid-Upper Texas Coast","Mid-Coast TX Barrier Islands and Coastal Marshes","Texas Estuarine Area","TexasCoast_14","WAW8","TCWB database - active 2014."
"WOO","Yes","Woodward-Broad","Woodward","MS",-89.11631,30.35614,,,"Mississippi Sound","Coastal Marshes","Gulf Barrier Islands and Coastal Marshes","Mississippi Estuarine Area","None",,"Colony location is at center of polygon provided by MSCWB."
