"year","region","subregion","wca","group_id","colony","colony_old","latitude","longitude","species","count","notes"
1993,1,1,1,2926,lox93_102,Lox 93-103,26.506667,-80.248333,bcnh,15,""
1993,1,1,,2976,,Lox 93-017,26.405,-80.25,bcnh,2,""
1993,1,1,,3015,,Lox 93-015,26.418333,-80.246667,bcnh,7,""
1993,1,1,1,3099,lox93_106,Lox 93-106,26.443333,-80.371667,bcnh,3,""
1993,1,1,,3115,,Lox 93-105,26.446667,-80.375,bcnh,2,""
1993,1,1,,3139,,Lox 93-090,26.443333,-80.266667,bcnh,1,""
1993,1,1,,3205,,Lox 93-096,26.458333,-80.423333,bcnh,13,""
1993,1,1,,3249,,Lox 93-073,26.468333,-80.253333,bcnh,10,""
1993,1,1,,3207,,Lox 93-097,26.461667,-80.421667,caeg,5,""
1993,1,1,,2811,,Lox 93-071,26.55,-80.241667,gbhe,1,""
1993,1,1,,2830,,Lox 93-092,26.533333,-80.31,gbhe,2,""
1993,1,1,,2976,,Lox 93-017,26.405,-80.25,gbhe,1,""
1993,1,1,,2992,,Lox 93-074,26.415,-80.34,gbhe,2,""
1993,1,1,,3015,,Lox 93-015,26.418333,-80.246667,gbhe,2,""
1993,1,1,,3141,,Lox 93-014,26.446667,-80.256667,gbhe,2,""
1993,1,1,,3145,,Lox 93-006,26.445,-80.255,gbhe,1,""
1993,1,1,,3147,,Lox 93-007,26.445,-80.253333,gbhe,1,""
1993,1,1,,3147,,Lox 93-010,26.445,-80.253333,gbhe,2,""
1993,1,1,,3149,,Lox 93-003,26.446667,-80.25,gbhe,2,""
1993,1,1,,3150,,Lox 93-004,26.446667,-80.251667,gbhe,1,""
1993,1,1,,3187,,Lox 93-069,26.451667,-80.283333,gbhe,1,""
1993,1,1,,3276,,Lox 93-081,26.47,-80.346667,gbhe,2,""
1993,1,1,,3324,,Lox 93-061,26.5,-80.315,gbhe,3,""
1993,1,1,,2811,,Lox 93-071,26.55,-80.241667,lbhe,10,""
1993,1,1,,2889,,Lox 93-102,26.511667,-80.36,lbhe,37,""
1993,1,1,1,2926,lox93_102,Lox 93-103,26.506667,-80.248333,lbhe,25,""
1993,1,1,,3015,,Lox 93-015,26.418333,-80.246667,lbhe,2,""
1993,1,1,,3041,,Lox 93-060,26.428333,-80.388333,lbhe,10,""
1993,1,1,1,3099,lox93_106,Lox 93-106,26.443333,-80.371667,lbhe,220,""
1993,1,1,,3115,,Lox 93-105,26.446667,-80.375,lbhe,5,""
1993,1,1,,3139,,Lox 93-090,26.443333,-80.266667,lbhe,9,""
1993,1,1,,3187,,Lox 93-069,26.451667,-80.283333,lbhe,37,""
1993,1,1,,3205,,Lox 93-096,26.458333,-80.423333,lbhe,12,""
1993,1,1,,3249,,Lox 93-073,26.468333,-80.253333,lbhe,10,""
1993,1,1,,3258,,Lox 93-067,26.475,-80.268333,lbhe,21,""
1993,1,1,,3338,,Lox 93-083,26.503333,-80.35,lbhe,6,""
1993,1,1,,3342,,Lox 93-104,26.488333,-80.353333,lbhe,2,""
1993,1,1,,3388,,Lox 93-059,26.411667,-80.375,lbhe,10,""
1993,1,1,,3396,,Lox 93-107,26.49,-80.306667,lbhe,6,""
1993,1,1,,3207,,Lox 93-097,26.461667,-80.421667,sneg,5,""
1993,1,1,,2999,,Lox 93-093,26.416667,-80.28,whib,20,""
1993,1,1,,3032,,Lox 93-100,26.42,-80.37,whib,3,""
1993,1,1,,3041,,Lox 93-060,26.428333,-80.388333,whib,10,""
1993,1,1,,3139,,Lox 93-090,26.443333,-80.266667,whib,1,""
1993,1,1,,3144,,Lox 93-012,26.443333,-80.255,whib,11,""
1993,1,1,,3145,,Lox 93-006,26.445,-80.255,whib,8,""
1993,1,1,,3146,,Lox 93-005,26.446667,-80.255,whib,5,""
1993,1,1,,3147,,Lox 93-007,26.445,-80.253333,whib,4,""
1993,1,1,,3147,,Lox 93-013,26.445,-80.253333,whib,4,""
1993,1,1,,3150,,Lox 93-004,26.446667,-80.251667,whib,3,""
1993,1,1,,3205,,Lox 93-096,26.458333,-80.423333,whib,10,""
1993,1,1,,3388,,Lox 93-059,26.411667,-80.375,whib,10,""
1993,1,1,,3389,,Lox 93-099,26.416667,-80.378333,whib,20,""
1993,1,1,,3396,,Lox 93-107,26.49,-80.306667,whib,3,""
1993,2,2a,,2509,,2a gbh 1,26.265,-80.388333,gbhe,8,""
1993,2,2a,,2518,,2a gbh 2,26.301667,-80.36,gbhe,2,""
1993,2,2a,,2519,,2A Stub n melaleuc,26.2505,-80.427833,gbhe,7,""
1993,2,2a,,2519,,2A Stub n melaleuc,26.2505,-80.427833,gbhe,7,""
1993,2,2a,,2529,,2a gbh 3,26.251667,-80.33,gbhe,5,""
1993,2,2a,,2519,,2A Stub n melaleuc,26.2505,-80.427833,greg,20,""
1993,2,2a,,2519,,2A Stub n melaleuc,26.2505,-80.427833,greg,20,""
1993,2,2b,,2480,,2B Melaleuca,26.165,-80.348333,gbhe,2,""
1993,2,2b,,2474,,2b melaleuca,26.175,-80.34,greg,2,""
1993,2,2b,,2683,,2b unknown,25.144667,-80.381,greg,10,""
1993,2,2b,,2683,,2b unknown,25.144667,-80.381,greg,10,""
1993,3,3an,,2445,,Sample,26.150167,-80.558,gbhe,3,""
1993,3,3an,,2450,,Alley N-S,26.1635,-80.533,gbhe,2,""
1993,3,3as,,11,,3a gbh,25.769167,-80.686833,gbhe,2,""
1993,3,3as,,71,,3a GBH,25.771667,-80.820333,gbhe,2,""
1993,3,3as,,144,,3a gbh,25.7775,-80.733,gbhe,2,""
1993,3,3as,,159,,3a gbh,25.778,-80.711,gbhe,2,""
1993,3,3as,,237,,3a gbh,25.785,-80.727833,gbhe,2,""
1993,3,3as,,237,,3a gbh,25.784667,-80.7275,gbhe,2,""
1993,3,3as,,248,,3a gbh,25.782,-80.745667,gbhe,2,""
1993,3,3as,,385,,3a gbh,25.791167,-80.733333,gbhe,2,""
1993,3,3as,,861,,3a gbh,25.839167,-80.703833,gbhe,3,""
1993,3,3as,,944,,3a gbh,25.846167,-80.703167,gbhe,2,""
1993,3,3as,,944,,3a gbh,25.846667,-80.703,gbhe,2,""
1993,3,3as,,961,,3a GBH,25.845167,-80.798,gbhe,2,""
1993,3,3as,,1004,,3a gbh,25.851333,-80.684167,gbhe,2,""
1993,3,3as,,1015,,3a GBH,25.854333,-80.640833,gbhe,2,""
1993,3,3as,,1044,,3a gbh,25.863333,-80.706333,gbhe,3,""
1993,3,3as,,1044,,3a gbh,25.8635,-80.706167,gbhe,3,""
1993,3,3as,3a,1099,big_pond_ne,Big Pond NE,25.873,-80.796667,gbhe,2,""
1993,3,3as,,1116,,3a gbh,25.872833,-80.702,gbhe,2,""
1993,3,3as,,1116,,3a gbh,25.872333,-80.701833,gbhe,2,""
1993,3,3as,3a,1217,robs,Robs,25.888833,-80.8035,gbhe,1,""
1993,3,3as,,1220,,Kite Dome,25.888667,-80.795,gbhe,4,""
1993,3,3as,,1275,,3a GBH,25.896167,-80.610833,gbhe,2,""
1993,3,3as,,1307,,3a gbh,25.891667,-80.73,gbhe,2,""
1993,3,3as,,1411,,3a gbh,25.9135,-80.711167,gbhe,2,""
1993,3,3as,,1494,,3a gbh,25.917,-80.733,gbhe,2,""
1993,3,3as,,1494,,3a gbh,25.916667,-80.732833,gbhe,4,""
1993,3,3as,,1495,,3a gbh,25.9185,-80.736,gbhe,2,""
1993,3,3as,,1507,,3a gbh,25.924167,-80.693,gbhe,2,""
1993,3,3as,,1619,,3a gbh,25.9395,-80.707667,gbhe,2,""
1993,3,3as,,1844,,3a gbh,25.971,-80.701333,gbhe,2,""
1993,3,3as,,2015,,Donut Melaleuca,26.012333,-80.6085,gbhe,5,""
1993,3,3as,,2170,,3a gbh,26.053833,-80.669833,gbhe,2,""
1993,3,3as,,2272,,3a GBH,26.100833,-80.699667,gbhe,3,""
1993,3,3as,,2384,,3a GBH,26.127333,-80.711167,gbhe,2,""
1993,3,3as,,2388,,3a GBH,26.122167,-80.715167,gbhe,3,""
1993,3,3as,,2558,,Jeffs,25.911333,-80.7935,gbhe,2,""
1993,3,3as,,2715,,3a GBH,26.038333,-80.5795,gbhe,2,""
1993,3,3as,,968,,E of D/c,25.852333,-80.837833,greg,10,""
1993,3,3as,,968,,E of D/c,25.852333,-80.837833,greg,10,""
1993,3,3as,3a,1099,big_pond_ne,Big Pond NE,25.873,-80.796667,greg,3,""
1993,3,3as,,1927,john_p,John P,25.9875,-80.707,greg,2,""
1993,3,3as,,2030,new_miccosukee,Gap NE,26.015833,-80.794,greg,10,""
1993,3,3as,,2298,,Tieback east,26.1055,-80.796667,greg,1,""
1993,3,3as,3a,1099,big_pond_ne,Big Pond NE,25.873,-80.796667,lbhe,5,""
1993,3,3as,3a,1217,robs,Robs,25.888833,-80.8035,lbhe,10,""
1993,3,3as,,1328,,Outer Trail,25.901667,-80.8195,lbhe,5,""
1993,3,3as,,1328,,Outer Trail,25.901667,-80.8195,lbhe,5,""
1993,3,3as,,1475,gap_east,Gap East,25.9195,-80.799167,lbhe,45,""
1993,3,3as,3a,1802,lbh_halfway,LBH halfway,25.966167,-80.807667,lbhe,32,""
1993,3,3as,,1927,john_p,John P,25.9875,-80.707,lbhe,15,""
1993,3,3as,,2030,new_miccosukee,Gap NE,26.015833,-80.794,lbhe,65,""
1993,3,3as,,2308,,3a unknown,26.114,-80.651833,lbhe,60,""
1993,3,3as,,2404,,3a alley south,26.130167,-80.751667,lbhe,15,""
1993,3,3as,,2404,,3a alley south,26.130167,-80.751667,lbhe,15,""
1993,3,3as,3a,1099,big_pond_ne,Big Pond NE,25.873,-80.796667,sneg,20,""
1993,3,3as,3a,1217,robs,Robs,25.888833,-80.8035,sneg,25,""
1993,3,3as,,1324,,TC small,25.892333,-80.794667,sneg,2,""
1993,3,3as,,1328,,Outer Trail,25.901667,-80.8195,sneg,15,""
1993,3,3as,,1328,,Outer Trail,25.901667,-80.8195,sneg,15,""
1993,3,3as,,1475,gap_east,Gap East,25.9195,-80.799167,sneg,15,""
1993,3,3as,3a,1802,lbh_halfway,LBH halfway,25.966167,-80.807667,sneg,10,""
1993,3,3as,,1927,john_p,John P,25.9875,-80.707,sneg,15,""
1993,3,3as,,2030,new_miccosukee,Gap NE,26.015833,-80.794,sneg,10,""
1993,3,3as,,2194,,Miccosukee line N,26.067167,-80.794,sneg,8,""
1993,3,3as,,2298,,Tieback east,26.1055,-80.796667,sneg,2,""
1993,3,3as,,2308,,3a unknown,26.114,-80.651833,sneg,1,""
1993,3,3ase,,2238,,Andytown South,26.0885,-80.493833,gbhe,4,""
1993,3,3ase,,2275,,Andytown Southeast,26.095167,-80.472167,gbhe,4,""
1993,3,3ase,,2275,,Andytown East Mel,26.094833,-80.4715,gbhe,3,""
1993,3,3ase,,2277,,Andytown NE,26.110333,-80.484,gbhe,4,""
1993,3,3b,,427,,3b mud canal w,25.797667,-80.538333,bcnh,1,""
1993,3,3b,,188,,3a gbh,25.776,-80.554333,gbhe,2,""
1993,3,3b,,615,,3b GBH,25.814,-80.533167,gbhe,2,""
1993,3,3b,,889,,3b Gbh,25.84,-80.568667,gbhe,2,""
1993,3,3b,,1016,,3b west deer ge,25.853667,-80.554167,gbhe,4,""
1993,3,3b,,1016,,3b west deer ge,25.853667,-80.554167,gbhe,4,""
1993,3,3b,,1021,,3b Gbh,25.865667,-80.506167,gbhe,3,""
1993,3,3b,,1269,,3b Gbh,25.894333,-80.513833,gbhe,3,""
1993,3,3b,,1389,,3b Gbh,25.9065,-80.503,gbhe,2,""
1993,3,3b,,1644,,Miami VOR,25.9425,-80.4825,gbhe,1,""
1993,3,3b,,219,,3a se corner,25.781833,-80.668167,greg,27,""
1993,3,3b,,619,,3b deer island,25.815,-80.603667,greg,15,""
1993,3,3b,,619,,3b deer island,25.815,-80.603667,greg,15,""
1993,3,3b,,1016,,3b west deer ge,25.853667,-80.554167,greg,10,""
1993,3,3b,,1016,,3b west deer ge,25.853667,-80.554167,greg,10,""
1993,3,3b,,1024,,Unknown 3b,25.865667,-80.5055,greg,5,""
1993,3,3b,,1639,,unknown 3b,25.940167,-80.4805,greg,35,""
1993,3,3b,,1644,,Miami VOR,25.9425,-80.4825,greg,15,""
1993,3,3b,,426,,3b mud canal e,25.797667,-80.5355,lbhe,60,""
1993,3,3b,,427,,3b mud canal w,25.797667,-80.538333,lbhe,40,""
1993,3,3b,,1381,,Pocket LBH,25.901833,-80.589167,lbhe,10,""
1993,3,3b,,619,,3b deer island,25.815,-80.603667,sneg,2,""
1993,3,3b,,619,,3b deer island,25.815,-80.603667,sneg,2,""
1993,3,3b,,1381,,Pocket LBH,25.901833,-80.589167,sneg,15,""
1993,3,3b,,1381,,Pocket LBH,25.901833,-80.589167,trhe,1,""
1993,enp,inlandenp,,5,frog_city_north,Frog City North,25.760833,-80.5875,greg,18,""
1994,1,1,,2615,,94021,26.376,-80.318056,anhi,21,""
1994,1,1,,2948,,94026,26.486667,-80.266944,bcnh,5,""
1994,1,1,,3115,,94075,26.448333,-80.376111,bcnh,4,""
1994,1,1,,3193,,94040,26.456111,-80.294444,bcnh,4,""
1994,1,1,,3195,,94076,26.454667,-80.368056,bcnh,1,""
1994,1,1,,3201,,94074,26.456389,-80.3825,bcnh,1,""
1994,1,1,,3214,,94069,26.464444,-80.378611,bcnh,1,""
1994,1,1,,3234,,94042,26.466667,-80.256944,bcnh,5,""
1994,1,1,,3252,,94041,26.472444,-80.251944,bcnh,4,""
1994,1,1,,2615,,94021,26.376,-80.318056,gbhe,2,""
1994,1,1,,2749,,94023,26.586667,-80.269167,gbhe,2,""
1994,1,1,,2750,,94024,26.580444,-80.274167,gbhe,4,""
1994,1,1,,2863,,94045,26.515556,-80.266389,gbhe,1,""
1994,1,1,,2871,,94064,26.518667,-80.325278,gbhe,1,""
1994,1,1,,2875,,94065,26.515833,-80.347222,gbhe,1,""
1994,1,1,,2920,,94044,26.509778,-80.2625,gbhe,1,""
1994,1,1,,2945,,94025,26.486667,-80.268333,gbhe,1,""
1994,1,1,,2984,,94014,26.408889,-80.274444,gbhe,1,""
1994,1,1,,2985,,94013,26.401556,-80.283889,gbhe,1,""
1994,1,1,,2987,,94049,26.402222,-80.350833,gbhe,1,""
1994,1,1,,3003,,94012,26.416889,-80.27,gbhe,3,""
1994,1,1,,3007,,94015,26.4175,-80.260278,gbhe,1,""
1994,1,1,,3028,,94090,26.421111,-80.263333,gbhe,1,""
1994,1,1,,3030,,94081,26.423611,-80.308333,gbhe,1,""
1994,1,1,,3031,,94050,26.419722,-80.343333,gbhe,2,""
1994,1,1,,3051,,94080,26.426944,-80.314167,gbhe,1,""
1994,1,1,,3058,,94032,26.433056,-80.293611,gbhe,1,""
1994,1,1,,3060,,94033,26.431667,-80.293611,gbhe,1,""
1994,1,1,,3064,,94029,26.433333,-80.285,gbhe,1,""
1994,1,1,,3065,,94030,26.435,-80.285278,gbhe,1,""
1994,1,1,,3088,,94028,26.437222,-80.285833,gbhe,1,""
1994,1,1,,3092,,94051,26.437333,-80.359167,gbhe,1,""
1994,1,1,,3097,,94020,26.437222,-80.371944,gbhe,3,""
1994,1,1,,3175,,94007,26.453889,-80.255833,gbhe,1,""
1994,1,1,,3180,,94017,26.454444,-80.265556,gbhe,1,""
1994,1,1,,3185,,94027,26.456389,-80.281667,gbhe,1,""
1994,1,1,,3192,,94031,26.451389,-80.294167,gbhe,1,""
1994,1,1,,3200,,94073,26.455,-80.388611,gbhe,1,""
1994,1,1,,3213,,94072,26.463333,-80.39,gbhe,1,""
1994,1,1,,3233,,94005,26.462889,-80.255278,gbhe,3,""
1994,1,1,,3268,,94034,26.472,-80.301111,gbhe,1,""
1994,1,1,,3271,,94035,26.472444,-80.310833,gbhe,2,""
1994,1,1,,3277,,94053,26.47,-80.354722,gbhe,1,""
1994,1,1,,3278,,94055,26.475556,-80.360833,gbhe,1,""
1994,1,1,,3285,,94079,26.471667,-80.3875,gbhe,1,""
1994,1,1,,3295,,94036,26.476889,-80.305556,gbhe,1,""
1994,1,1,,3318,,94043,26.476389,-80.269444,gbhe,1,""
1994,1,1,,3331,,94070,26.502667,-80.321667,gbhe,1,""
1994,1,1,,3334,,94056,26.491778,-80.35,gbhe,1,""
1994,1,1,,3353,,94047,26.499333,-80.387222,gbhe,1,""
1994,1,1,,3353,,94068,26.498889,-80.386944,gbhe,1,""
1994,1,1,,3358,,94059,26.487778,-80.376944,gbhe,1,""
1994,1,1,,3370,,94071,26.476667,-80.380556,gbhe,1,""
1994,1,1,,3386,,94048,26.430444,-80.356944,gbhe,1,""
1994,1,1,,3390,,94046,26.451556,-80.366944,gbhe,1,""
1994,1,1,,2615,,94021,26.376,-80.318056,greg,4,""
1994,1,1,,2731,,Lox unnamed,26.6055,-80.296,greg,10,""
1994,1,1,,2750,,94024,26.580444,-80.274167,greg,3,""
1994,1,1,,2755,,Lox unnamed,26.528167,-80.431167,greg,25,""
1994,1,1,,2985,,94013,26.401556,-80.283889,greg,3,""
1994,1,1,,3003,,94012,26.416889,-80.27,greg,3,""
1994,1,1,,3063,,94010,26.427222,-80.287222,greg,6,""
1994,1,1,,3107,,94078,26.449444,-80.388889,greg,2,""
1994,1,1,,3175,,94007,26.453889,-80.255833,greg,6,""
1994,1,1,,3188,,94011,26.459444,-80.288056,greg,2,""
1994,1,1,,3326,,94037,26.501111,-80.31,greg,10,""
1994,1,1,,2833,,94087,26.537556,-80.353889,lbhe,22,""
1994,1,1,,2835,,94088,26.531778,-80.367778,lbhe,16,""
1994,1,1,,2861,,94062,26.518,-80.257222,lbhe,43,""
1994,1,1,,2878,,94058,26.518056,-80.366111,lbhe,56,""
1994,1,1,,2879,,94003,26.52,-80.373056,lbhe,11,""
1994,1,1,,2882,,94066,26.505778,-80.3825,lbhe,12,""
1994,1,1,,2889,,94082,26.510222,-80.360833,lbhe,4,""
1994,1,1,,2889,,94057,26.511111,-80.360556,lbhe,5,""
1994,1,1,,2893,,94018,26.505278,-80.3575,lbhe,28,""
1994,1,1,,2936,,94001,26.490556,-80.241667,lbhe,7,""
1994,1,1,,2948,,94026,26.486667,-80.266944,lbhe,45,""
1994,1,1,,3031,,94050,26.419722,-80.343333,lbhe,4,""
1994,1,1,,3107,,94078,26.449444,-80.388889,lbhe,75,""
1994,1,1,,3115,,94075,26.448333,-80.376111,lbhe,146,""
1994,1,1,,3195,,94076,26.454667,-80.368056,lbhe,29,""
1994,1,1,,3201,,94074,26.456389,-80.3825,lbhe,8,""
1994,1,1,,3214,,94069,26.464444,-80.378611,lbhe,17,""
1994,1,1,,3234,,94042,26.466667,-80.256944,lbhe,5,""
1994,1,1,,3287,,94089,26.475556,-80.387222,lbhe,5,""
1994,1,1,,3356,,94019,26.4925,-80.3875,lbhe,6,""
1994,1,1,,3361,,94060,26.503333,-80.392222,lbhe,30,""
1994,1,1,,3378,,94067,26.513778,-80.380278,lbhe,25,""
1994,1,1,,3384,,94063,26.513333,-80.256389,lbhe,5,""
1994,1,1,,2861,,94062,26.518,-80.257222,sneg,3,""
1994,1,1,,3234,,94042,26.466667,-80.256944,whib,2,""
1994,1,1,,3252,,94041,26.472444,-80.251944,whib,5,""
1994,2,2a,,2527,,2a-2,26.255,-80.33,bcnh,5,""
1994,2,2a,,2543,,2a-15,26.31,-80.331667,bcnh,4,""
1994,2,2a,,2525,,2a SE Mel,26.24,-80.31,caeg,15,""
1994,2,2a,,2508,,2a-1,26.268333,-80.388333,gbhe,5,""
1994,2,2a,,2511,,2a-8,26.276667,-80.348333,gbhe,3,""
1994,2,2a,,2516,,2a-14,26.298333,-80.348333,gbhe,1,""
1994,2,2a,,2517,,2a-5,26.306667,-80.36,gbhe,1,""
1994,2,2a,2a,2519,2a-13,SW mel,26.25167,-80.428333,gbhe,13,""
1994,2,2a,2a,2519,2a-13,SW mel,26.25167,-80.428333,gbhe,13,""
1994,2,2a,,2525,,2A SE mel west,26.24,-80.313333,gbhe,3,""
1994,2,2a,,2525,,2a SE Mel,26.24,-80.31,gbhe,12,""
1994,2,2a,,2527,,2a-2,26.255,-80.33,gbhe,3,""
1994,2,2a,,2529,,2a-12,26.251667,-80.329167,gbhe,1,""
1994,2,2a,,2530,,2a-10,26.251667,-80.326667,gbhe,1,""
1994,2,2a,,2535,,2a-platform,26.283333,-80.315,gbhe,4,""
1994,2,2a,,2535,,2a-platform,26.283333,-80.315,gbhe,4,""
1994,2,2a,,2536,,2a-4,26.295,-80.316667,gbhe,1,""
1994,2,2a,,2537,,2a-16,26.293333,-80.335,gbhe,1,""
1994,2,2a,,2539,,2a-11,26.275,-80.315,gbhe,1,""
1994,2,2a,,2540,,2a-7,26.27,-80.31,gbhe,4,""
1994,2,2a,,2525,,2A SE mel west,26.24,-80.313333,lbhe,3,""
1994,2,2a,,2530,,2a-10,26.251667,-80.326667,lbhe,17,""
1994,2,2a,,2543,,2a-15,26.31,-80.331667,lbhe,10,""
1994,2,2a,,2543,,2a-15,26.31,-80.331667,trhe,6,""
1994,2,2b,,2490,,,26.14,-80.386667,dcco,15,""
1994,2,2b,2b,2479,,Anh. Superdome,26.165,-80.335,gbhe,1,""
1994,2,2b,,2479,,Anh. Superdome,26.165,-80.335,gbhe,1,""
1994,2,2b,2b,2479,,Anh. Superdome,26.165,-80.335,greg,6,""
1994,2,2b,,2479,,Anh. Superdome,26.165,-80.335,greg,6,""
1994,3,3an,,2449,,3an-23,26.181667,-80.483333,gbhe,1,""
1994,3,3an,,2452,,3aN-24,26.171667,-80.548333,gbhe,1,""
1994,3,3an,,2453,,unnamed,26.178333,-80.53,gbhe,1,""
1994,3,3an,,2429,kg2,KG2,26.232222,-80.8025,greg,30,""
1994,3,3an,,2440,,KG3,26.305,-80.545556,greg,5,""
1994,3,3an,,2447,,Mosquito Lagn.,26.193667,-80.468833,greg,20,""
1994,3,3an,,2429,kg2,KG2,26.232222,-80.8025,lbhe,50,""
1994,3,3an,,2439,kg6,kG6,26.304,-80.54,lbhe,55,""
1994,3,3an,,2440,,KG3,26.305,-80.545556,lbhe,30,""
1994,3,3as,,18,,Unnamed,25.76965,-80.699867,anhi,4,""
1994,3,3as,,171,,Unnamed,25.770567,-80.697167,anhi,10,""
1994,3,3as,,581,,Unnamed,25.808167,-80.702467,anhi,15,""
1994,3,3as,,629,,Unnamed,25.8125,-80.676667,anhi,1,""
1994,3,3as,,645,,unnamed,25.81285,-80.71535,anhi,1,""
1994,3,3as,,655,,Unnamed,25.8109,-80.74365,anhi,2,""
1994,3,3as,,669,,Unnamed,25.814517,-80.775933,anhi,6,""
1994,3,3as,,684,,unnamed,25.822833,-80.8073,anhi,1,""
1994,3,3as,,698,,unnamed,25.819333,-80.72605,anhi,1,""
1994,3,3as,,710,,Unnamed,25.82585,-80.706883,anhi,6,""
1994,3,3as,,727,,Unnamed,25.81825,-80.6717,anhi,2,""
1994,3,3as,,736,,Unnamed,25.824117,-80.658317,anhi,1,""
1994,3,3as,,782,,Unnamed,25.831567,-80.673783,anhi,5,""
1994,3,3as,,782,,Unnamed,25.831783,-80.673267,anhi,7,""
1994,3,3as,,785,,Unnamed,25.827717,-80.675517,anhi,5,""
1994,3,3as,,814,,Unnamed,25.830883,-80.753283,anhi,4,""
1994,3,3as,,852,,Unnamed,25.839233,-80.751067,anhi,2,""
1994,3,3as,,853,,Unnamed,25.8351,-80.749267,anhi,2,""
1994,3,3as,,854,,unnamed,25.842167,-80.741583,anhi,1,""
1994,3,3as,,858,,Unnamed,25.840017,-80.7258,anhi,6,""
1994,3,3as,,860,,unnamed,25.836083,-80.7074,anhi,1,""
1994,3,3as,,861,,Unnamed,25.839617,-80.7031,anhi,2,""
1994,3,3as,,872,,Unnamed,25.835617,-80.68525,anhi,7,""
1994,3,3as,,873,,Unnamed,25.83505,-80.684917,anhi,6,""
1994,3,3as,,928,,Unnamed,25.84315,-80.64565,anhi,10,""
1994,3,3as,,929,,unnamed,25.844367,-80.643517,anhi,1,""
1994,3,3as,,930,,Unnamed,25.844733,-80.658017,anhi,10,""
1994,3,3as,,937,,Unnamed,25.84285,-80.681633,anhi,5,""
1994,3,3as,,937,,Unnamed,25.84305,-80.681333,anhi,25,""
1994,3,3as,,952,,unnamed,25.847783,-80.749067,anhi,1,""
1994,3,3as,,1031,,Unnamed,25.861267,-80.639267,anhi,3,""
1994,3,3as,,1044,,Unnamed,25.863483,-80.705867,anhi,6,""
1994,3,3as,,1044,,Unnamed,25.863017,-80.705733,anhi,10,""
1994,3,3as,,1054,,Unnamed,25.860683,-80.7249,anhi,3,""
1994,3,3as,,1107,,Unnamed,25.872733,-80.775367,anhi,10,""
1994,3,3as,,1109,,unnamed,25.872617,-80.75685,anhi,1,""
1994,3,3as,,1112,,unnamed,25.866733,-80.722567,anhi,1,""
1994,3,3as,,1119,,Unnamed,25.870517,-80.6809,anhi,10,""
1994,3,3as,,1144,,unnamed,25.879133,-80.661217,anhi,1,""
1994,3,3as,,1145,,unnamed,25.8755,-80.673733,anhi,1,""
1994,3,3as,,1170,,Unnamed,25.880117,-80.722717,anhi,3,""
1994,3,3as,,1173,,Unnamed,25.879217,-80.725033,anhi,1,""
1994,3,3as,3a,1181,long_strand,long strand,25.8771,-80.755317,anhi,3,""
1994,3,3as,,1220,,kite dome,25.888667,-80.795,anhi,2,""
1994,3,3as,3a,1222,fontana,FONTANA,25.888117,-80.77015,anhi,5,""
1994,3,3as,,1243,,Unnamed,25.887817,-80.672267,anhi,2,""
1994,3,3as,,1274,,Unnamed,25.895667,-80.611383,anhi,6,""
1994,3,3as,,1276,,Unnamed,25.893683,-80.618983,anhi,2,""
1994,3,3as,,1280,,Unnamed,25.89285,-80.667183,anhi,4,""
1994,3,3as,,1283,,Unnamed,25.8933,-80.668,anhi,10,""
1994,3,3as,,1307,,unnamed,25.891483,-80.72965,anhi,1,""
1994,3,3as,,1316,,Unnamed,25.896083,-80.754733,anhi,6,""
1994,3,3as,,1338,,unnamed,25.905417,-80.78195,anhi,1,""
1994,3,3as,,1340,,Unnamed,25.90605,-80.767117,anhi,10,""
1994,3,3as,,1358,,unnamed,25.905767,-80.720817,anhi,1,""
1994,3,3as,,1372,,Unnamed,25.899367,-80.641117,anhi,10,""
1994,3,3as,,1374,,unnamed,25.902467,-80.633233,anhi,1,""
1994,3,3as,,1400,,Unnamed,25.913167,-80.661633,anhi,8,""
1994,3,3as,,1400,,Unnamed,25.916033,-80.660783,anhi,10,""
1994,3,3as,,1411,,Unnamed,25.913767,-80.710683,anhi,4,""
1994,3,3as,,1422,,unnamed,25.910617,-80.722867,anhi,1,""
1994,3,3as,,1448,,Unnamed,25.91,-80.747017,anhi,2,""
1994,3,3as,,1493,,unnamed,25.916783,-80.7364,anhi,1,""
1994,3,3as,,1494,,Unnamed,25.91765,-80.73285,anhi,10,""
1994,3,3as,,1495,,Unnamed,25.918617,-80.7361,anhi,1,""
1994,3,3as,,1509,,Unnamed,25.9196,-80.682717,anhi,8,""
1994,3,3as,,1517,,Unnamed,25.922683,-80.662017,anhi,3,""
1994,3,3as,,1519,,Unnamed,25.923667,-80.621867,anhi,2,""
1994,3,3as,,1534,,unnamed,25.93195,-80.676217,anhi,1,""
1994,3,3as,,1534,,Unnamed,25.931517,-80.675267,anhi,1,""
1994,3,3as,,1540,,3a unknown 9,25.927167,-80.686767,anhi,10,""
1994,3,3as,,1540,,East 3a,25.9272,-80.686633,anhi,4,""
1994,3,3as,,1540,,East 3a,25.9272,-80.686633,anhi,4,""
1994,3,3as,,1551,,unnamed,25.929233,-80.728417,anhi,1,""
1994,3,3as,,1554,,Unnamed,25.92855,-80.739833,anhi,3,""
1994,3,3as,,1564,,Unnamed,25.932917,-80.757883,anhi,5,""
1994,3,3as,,1624,,Unnamed,25.939817,-80.68125,anhi,1,""
1994,3,3as,,1629,,Unnamed,25.93595,-80.64925,anhi,2,""
1994,3,3as,,1633,,Unnamed,25.937,-80.623433,anhi,4,""
1994,3,3as,,1715,,Unnamed,25.957283,-80.774717,anhi,1,""
1994,3,3as,,1732,,Unnamed,25.954883,-80.727883,anhi,1,""
1994,3,3as,,1748,,Unnamed,25.951567,-80.693367,anhi,12,""
1994,3,3as,,1758,,Unnamed,25.951817,-80.66755,anhi,2,""
1994,3,3as,,1764,,Starter LBH,25.95075,-80.62,anhi,9,""
1994,3,3as,,1775,,unnamed,25.958233,-80.60565,anhi,1,""
1994,3,3as,,1791,,Unnamed,25.96385,-80.752933,anhi,4,""
1994,3,3as,,1850,,Unnamed,25.971517,-80.681017,anhi,1,""
1994,3,3as,,1857,,Unnamed,25.969517,-80.6585,anhi,4,""
1994,3,3as,,1860,,Unnamed,25.9733,-80.653933,anhi,3,""
1994,3,3as,1,1948,the_edge,the edge,25.996167,-80.659167,anhi,4,""
1994,3,3as,,2015,,Donut Mel,26.012333,-80.6085,anhi,20,""
1994,3,3as,,2709,false_mel,False L-67 Mel,25.917717,-80.58995,anhi,60,""
1994,3,3as,,1079,,Big Pond,25.863,-80.795,bcnh,2,""
1994,3,3as,3a,1099,big_pond_ne,Big Pond NE,25.873,-80.796667,bcnh,50,""
1994,3,3as,3a,1217,robs,Robs,25.888833,-80.8035,bcnh,55,""
1994,3,3as,,1326,,Sam Frank's W.,25.896933,-80.800067,bcnh,5,""
1994,3,3as,,1328,,Outer Trail,25.901667,-80.8195,bcnh,1,""
1994,3,3as,,1328,,Outer Trail,25.901667,-80.8195,bcnh,1,""
1994,3,3as,,1475,,Lone Palms,25.919933,-80.79845,bcnh,18,""
1994,3,3as,,1594,,Unnamed,25.93785,-80.796083,bcnh,2,""
1994,3,3as,,1715,,Unnamed,25.957283,-80.774717,bcnh,1,""
1994,3,3as,,1832,,Unnamed,25.967917,-80.751617,bcnh,3,""
1994,3,3as,,1888,,Unnamed,25.980017,-80.75655,bcnh,4,""
1994,3,3as,,1900,,unnamed,25.98165,-80.816283,bcnh,1,""
1994,3,3as,,1900,,Gap Tower E.,25.981267,-80.816,bcnh,3,""
1994,3,3as,,1900,,Gap Tower E.,25.981267,-80.816,bcnh,3,""
1994,3,3as,,1908,,unnamed,25.986117,-80.8031,bcnh,1,""
1994,3,3as,,1927,john_p,John P,25.987417,-80.706733,bcnh,15,""
1994,3,3as,,1984,,Unnamed,26.002283,-80.7788,bcnh,5,""
1994,3,3as,,2024,,Unnamed,26.01275,-80.770283,bcnh,3,""
1994,3,3as,,2026,,M. Line east,26.014733,-80.783317,bcnh,4,""
1994,3,3as,,2026,,M. Line east,26.014733,-80.783317,bcnh,4,""
1994,3,3as,,2027,,M. line south,26.0149,-80.786617,bcnh,2,""
1994,3,3as,,2027,,M. line south,26.0149,-80.786617,bcnh,2,""
1994,3,3as,,2028,,Unnamed,26.010217,-80.789367,bcnh,4,""
1994,3,3as,,2030,new_miccosukee,M. border south,26.015817,-80.794367,bcnh,10,""
1994,3,3as,,2030,,M. border south,26.015817,-80.794367,bcnh,10,""
1994,3,3as,,2030,new_miccosukee,New Miccosuk.,26.015783,-80.794067,bcnh,28,""
1994,3,3as,,2030,,New Miccosuk.,26.015783,-80.794067,bcnh,28,""
1994,3,3as,,2031,,New near Gap,26.017233,-80.797267,bcnh,5,""
1994,3,3as,,2031,,New near Gap,26.017233,-80.797267,bcnh,5,""
1994,3,3as,,2040,,M. line west,26.020017,-80.809067,bcnh,5,""
1994,3,3as,,2040,,M. line west,26.020017,-80.809067,bcnh,5,""
1994,3,3as,,2040,,Unnamed,26.020017,-80.808967,bcnh,15,""
1994,3,3as,3a,2108,big_mel_west,big mel west,26.034233,-80.67525,bcnh,5,""
1994,3,3as,,2123,,Unnamed,26.045817,-80.64865,bcnh,1,""
1994,3,3as,,2146,,Tiny tc,26.039133,-80.809417,bcnh,2,""
1994,3,3as,,2190,,Two T,26.069517,-80.813,bcnh,2,""
1994,3,3as,,2191,,1999,26.071133,-80.8079,bcnh,15,""
1994,3,3as,,2194,,Unnamed,26.067083,-80.793433,bcnh,3,""
1994,3,3as,,2194,,Unnamed,26.06735,-80.793433,bcnh,6,""
1994,3,3as,,2195,,Unnamed,26.06735,-80.77895,bcnh,3,""
1994,3,3as,,2219,,Unnamed,26.0744,-80.692867,bcnh,3,""
1994,3,3as,,2269,,Unnamed,26.103017,-80.720733,bcnh,3,""
1994,3,3as,,2307,,3a unknown 12,26.116583,-80.660017,bcnh,4,""
1994,3,3as,,3410,robs_late,Robs late,26.01915,-80.792567,bcnh,5,""
1994,3,3as,,1564,,Unnamed,25.932917,-80.757883,dcco,1,""
1994,3,3as,,2709,false_mel,False L-67 Mel,25.917717,-80.58995,dcco,15,""
1994,3,3as,,85,,unnamed,25.7767,-80.793283,gbhe,1,""
1994,3,3as,,95,,unnamed,25.77745,-80.785117,gbhe,1,""
1994,3,3as,,106,,unnamed,25.77385,-80.785217,gbhe,1,""
1994,3,3as,,144,,unnamed,25.777667,-80.7323,gbhe,1,""
1994,3,3as,,157,,unnamed,25.775417,-80.7086,gbhe,1,""
1994,3,3as,,159,,unnamed,25.778433,-80.711217,gbhe,1,""
1994,3,3as,,161,,unnamed,25.77635,-80.70735,gbhe,1,""
1994,3,3as,,168,,unnamed,25.772667,-80.699383,gbhe,1,""
1994,3,3as,,171,,Unnamed,25.770567,-80.697167,gbhe,1,""
1994,3,3as,,228,,Unnamed,25.782017,-80.702617,gbhe,2,""
1994,3,3as,,231,,unnamed,25.78075,-80.709767,gbhe,1,""
1994,3,3as,,241,,unnamed,25.782167,-80.73295,gbhe,1,""
1994,3,3as,,302,,unnamed,25.780717,-80.790017,gbhe,1,""
1994,3,3as,,383,,unnamed,25.792967,-80.7316,gbhe,1,""
1994,3,3as,,385,,unnamed,25.79115,-80.733233,gbhe,1,""
1994,3,3as,,388,,unnamed,25.79355,-80.7286,gbhe,1,""
1994,3,3as,,471,,unnamed,25.798017,-80.732567,gbhe,1,""
1994,3,3as,,474,,Unnamed,25.7965,-80.7316,gbhe,2,""
1994,3,3as,,493,,unnamed,25.800167,-80.782967,gbhe,1,""
1994,3,3as,,504,,Unnamed,25.801017,-80.803533,gbhe,2,""
1994,3,3as,,521,,unnamed,25.803617,-80.8181,gbhe,1,""
1994,3,3as,,522,,unnamed,25.810867,-80.816783,gbhe,1,""
1994,3,3as,,532,,unnamed,25.809667,-80.791583,gbhe,1,""
1994,3,3as,,534,,unnamed,25.806883,-80.790417,gbhe,1,""
1994,3,3as,,536,,unnamed,25.806083,-80.786367,gbhe,1,""
1994,3,3as,,573,,unnamed,25.81125,-80.7085,gbhe,1,""
1994,3,3as,,589,,unnamed,25.807583,-80.682667,gbhe,1,""
1994,3,3as,,594,,Unnamed,25.808383,-80.678483,gbhe,2,""
1994,3,3as,,622,,unnamed,25.817233,-80.6701,gbhe,1,""
1994,3,3as,,625,,unnamed,25.816633,-80.67275,gbhe,1,""
1994,3,3as,,629,,Unnamed,25.8125,-80.676667,gbhe,1,""
1994,3,3as,,640,,unnamed,25.813083,-80.710467,gbhe,1,""
1994,3,3as,,655,,Unnamed,25.8109,-80.74365,gbhe,1,""
1994,3,3as,,667,,unnamed,25.816367,-80.7751,gbhe,1,""
1994,3,3as,,668,,unnamed,25.81705,-80.772717,gbhe,1,""
1994,3,3as,,669,,Unnamed,25.814517,-80.775933,gbhe,3,""
1994,3,3as,,678,,unnamed,25.812567,-80.814733,gbhe,1,""
1994,3,3as,,710,,Unnamed,25.82585,-80.706883,gbhe,1,""
1994,3,3as,,727,,Unnamed,25.81825,-80.6717,gbhe,2,""
1994,3,3as,,736,,Unnamed,25.824117,-80.658317,gbhe,1,""
1994,3,3as,,782,,Unnamed,25.831567,-80.673783,gbhe,1,""
1994,3,3as,,793,,unnamed,25.831333,-80.688983,gbhe,1,""
1994,3,3as,,796,,unnamed,25.828683,-80.690817,gbhe,1,""
1994,3,3as,,804,,Unnamed,25.829967,-80.71255,gbhe,2,""
1994,3,3as,,814,,Unnamed,25.830883,-80.753283,gbhe,1,""
1994,3,3as,,852,,Unnamed,25.839233,-80.751067,gbhe,1,""
1994,3,3as,,853,,Unnamed,25.8351,-80.749267,gbhe,1,""
1994,3,3as,,861,,Unnamed,25.839617,-80.7031,gbhe,2,""
1994,3,3as,,872,,Unnamed,25.835617,-80.68525,gbhe,1,""
1994,3,3as,,876,,unnamed,25.841583,-80.6621,gbhe,1,""
1994,3,3as,,939,,unnamed,25.844517,-80.691467,gbhe,1,""
1994,3,3as,,945,,unnamed,25.84355,-80.704033,gbhe,1,""
1994,3,3as,,956,,unnamed,25.849617,-80.76325,gbhe,1,""
1994,3,3as,,960,,unnamed,25.845,-80.79875,gbhe,1,""
1994,3,3as,,964,,unnamed,25.843,-80.7987,gbhe,1,""
1994,3,3as,,968,,Inner trail,25.853667,-80.8373,gbhe,1,""
1994,3,3as,,973,,unnamed,25.85665,-80.809067,gbhe,1,""
1994,3,3as,,974,,unnamed,25.8529,-80.8069,gbhe,1,""
1994,3,3as,,993,,unnamed,25.857633,-80.720033,gbhe,1,""
1994,3,3as,,1001,,unnamed,25.8508,-80.693133,gbhe,1,""
1994,3,3as,,1005,,Unnamed,25.8546,-80.681033,gbhe,2,""
1994,3,3as,,1031,,Unnamed,25.861267,-80.639267,gbhe,1,""
1994,3,3as,,1035,,unnamed,25.86315,-80.6645,gbhe,1,""
1994,3,3as,,1036,,unnamed,25.862417,-80.667567,gbhe,1,""
1994,3,3as,,1043,,Unnamed,25.863033,-80.7043,gbhe,2,""
1994,3,3as,,1043,,unnamed,25.863017,-80.704,gbhe,1,""
1994,3,3as,,1044,,Unnamed,25.863483,-80.705867,gbhe,1,""
1994,3,3as,,1044,,Unnamed,25.863017,-80.705733,gbhe,1,""
1994,3,3as,,1054,,Unnamed,25.860683,-80.7249,gbhe,2,""
1994,3,3as,,1068,,unnamed,25.866033,-80.764,gbhe,1,""
1994,3,3as,,1081,,Unnamed,25.865533,-80.807967,gbhe,2,""
1994,3,3as,,1090,,unnamed,25.86605,-80.807817,gbhe,1,""
1994,3,3as,,1105,,unnamed,25.871467,-80.776583,gbhe,1,""
1994,3,3as,,1106,,unnamed,25.872467,-80.777283,gbhe,1,""
1994,3,3as,,1107,,Unnamed,25.872733,-80.775367,gbhe,2,""
1994,3,3as,,1107,,unnamed,25.872683,-80.775267,gbhe,1,""
1994,3,3as,,1110,,Unnamed,25.867633,-80.747883,gbhe,2,""
1994,3,3as,,1142,,unnamed,25.874267,-80.643833,gbhe,1,""
1994,3,3as,,1171,,unnamed,25.88195,-80.724633,gbhe,1,""
1994,3,3as,,1173,,Unnamed,25.879217,-80.725033,gbhe,1,""
1994,3,3as,,1220,,kite dome,25.888667,-80.795,gbhe,2,""
1994,3,3as,3a,1222,fontana,FONTANA,25.888117,-80.77015,gbhe,2,""
1994,3,3as,,1243,,Unnamed,25.887817,-80.672267,gbhe,1,""
1994,3,3as,,1244,,unnamed,25.885033,-80.666217,gbhe,1,""
1994,3,3as,,1280,,Unnamed,25.89285,-80.667183,gbhe,1,""
1994,3,3as,,1283,,Unnamed,25.8933,-80.668,gbhe,1,""
1994,3,3as,,1308,,unnamed,25.892383,-80.7308,gbhe,1,""
1994,3,3as,,1316,,Unnamed,25.896083,-80.754733,gbhe,1,""
1994,3,3as,,1317,,unnamed,25.891567,-80.7582,gbhe,1,""
1994,3,3as,,1319,,unnamed,25.893183,-80.773667,gbhe,1,""
1994,3,3as,,1340,,Unnamed,25.90605,-80.767117,gbhe,3,""
1994,3,3as,,1344,,unnamed,25.899567,-80.749067,gbhe,1,""
1994,3,3as,,1355,,unnamed,25.90125,-80.738467,gbhe,1,""
1994,3,3as,,1361,,unnamed,25.90475,-80.69975,gbhe,1,""
1994,3,3as,,1372,,Unnamed,25.899367,-80.641117,gbhe,1,""
1994,3,3as,,1411,,Unnamed,25.913767,-80.710683,gbhe,1,""
1994,3,3as,,1447,,unnamed,25.909267,-80.742483,gbhe,1,""
1994,3,3as,,1448,,Unnamed,25.91,-80.747017,gbhe,1,""
1994,3,3as,,1452,,unnamed,25.913483,-80.77365,gbhe,1,""
1994,3,3as,,1453,,unnamed,25.915133,-80.7739,gbhe,1,""
1994,3,3as,,1456,,unnamed,25.914917,-80.778917,gbhe,1,""
1994,3,3as,,1464,,Unnamed,25.911783,-80.792817,gbhe,2,""
1994,3,3as,,1483,,unnamed,25.916083,-80.77365,gbhe,1,""
1994,3,3as,,1485,,unnamed,25.921783,-80.755,gbhe,1,""
1994,3,3as,,1494,,Unnamed,25.91765,-80.73285,gbhe,1,""
1994,3,3as,,1495,,Unnamed,25.918617,-80.7361,gbhe,1,""
1994,3,3as,,1495,,unnamed,25.918983,-80.735917,gbhe,1,""
1994,3,3as,,1509,,Unnamed,25.9196,-80.682717,gbhe,1,""
1994,3,3as,,1517,,Unnamed,25.922683,-80.662017,gbhe,1,""
1994,3,3as,,1534,,Unnamed,25.931517,-80.675267,gbhe,1,""
1994,3,3as,,1535,,unnamed,25.930667,-80.677667,gbhe,1,""
1994,3,3as,,1540,,3a unknown 9,25.927167,-80.686767,gbhe,2,""
1994,3,3as,,1540,,East 3a,25.9272,-80.686633,gbhe,2,""
1994,3,3as,,1540,,East 3a,25.9272,-80.686633,gbhe,2,""
1994,3,3as,,1548,,Unnamed,25.933033,-80.713617,gbhe,2,""
1994,3,3as,,1549,,Unnamed,25.931983,-80.712483,gbhe,2,""
1994,3,3as,,1553,,unnamed,25.926317,-80.739667,gbhe,1,""
1994,3,3as,,1564,,Unnamed,25.932917,-80.757883,gbhe,2,""
1994,3,3as,,1565,,unnamed,25.9262,-80.757,gbhe,1,""
1994,3,3as,,1583,,unnamed,25.925333,-80.779983,gbhe,1,""
1994,3,3as,,1594,,Unnamed,25.93785,-80.796083,gbhe,1,""
1994,3,3as,,1604,,unnamed,25.941217,-80.759933,gbhe,1,""
1994,3,3as,,1609,,Unnamed,25.93945,-80.74565,gbhe,2,""
1994,3,3as,,1613,,unnamed,25.9381,-80.736617,gbhe,1,""
1994,3,3as,,1616,,unnamed,25.935983,-80.715133,gbhe,1,""
1994,3,3as,,1619,,Unnamed,25.9397,-80.707617,gbhe,3,""
1994,3,3as,,1624,,Unnamed,25.939817,-80.68125,gbhe,1,""
1994,3,3as,,1627,,unnamed,25.940833,-80.664367,gbhe,1,""
1994,3,3as,,1629,,Unnamed,25.93595,-80.64925,gbhe,2,""
1994,3,3as,,1654,,unnamed,25.942967,-80.666483,gbhe,1,""
1994,3,3as,,1691,,Unnamed,25.94425,-80.761233,gbhe,2,""
1994,3,3as,,1699,,unnamed,25.950333,-80.775183,gbhe,1,""
1994,3,3as,,1714,,unnamed,25.9561,-80.772967,gbhe,1,""
1994,3,3as,,1715,,Unnamed,25.957283,-80.774717,gbhe,1,""
1994,3,3as,,1718,,unnamed,25.958333,-80.771883,gbhe,1,""
1994,3,3as,,1732,,Unnamed,25.954883,-80.727883,gbhe,1,""
1994,3,3as,,1744,,Unnamed,25.95135,-80.7,gbhe,2,""
1994,3,3as,,1748,,Unnamed,25.951567,-80.693367,gbhe,1,""
1994,3,3as,,1751,,unnamed,25.9564,-80.679767,gbhe,1,""
1994,3,3as,,1758,,Unnamed,25.951817,-80.66755,gbhe,1,""
1994,3,3as,,1759,,unnamed,25.951983,-80.6663,gbhe,1,""
1994,3,3as,,1764,,Starter LBH,25.95075,-80.62,gbhe,1,""
1994,3,3as,,1786,,Unnamed,25.965183,-80.7374,gbhe,2,""
1994,3,3as,,1791,,Unnamed,25.96385,-80.752933,gbhe,3,""
1994,3,3as,,1803,,unnamed,25.9634,-80.8133,gbhe,1,""
1994,3,3as,,1804,,unnamed,25.96415,-80.815317,gbhe,1,""
1994,3,3as,,1825,,unnamed,25.974533,-80.767517,gbhe,1,""
1994,3,3as,,1832,,Unnamed,25.967917,-80.751617,gbhe,1,""
1994,3,3as,,1844,,Unnamed,25.970867,-80.70095,gbhe,2,""
1994,3,3as,,1850,,Unnamed,25.971517,-80.681017,gbhe,1,""
1994,3,3as,,1860,,Unnamed,25.9733,-80.653933,gbhe,1,""
1994,3,3as,,1868,,Unnamed,25.97505,-80.6256,gbhe,2,""
1994,3,3as,,1872,,Unnamed,25.979617,-80.6548,gbhe,2,""
1994,3,3as,,1884,,unnamed,25.982283,-80.734533,gbhe,1,""
1994,3,3as,,1886,,unnamed,25.9779,-80.74145,gbhe,1,""
1994,3,3as,,1888,,Unnamed,25.980017,-80.75655,gbhe,2,""
1994,3,3as,,1924,,Unnamed,25.988933,-80.716367,gbhe,2,""
1994,3,3as,,1927,john_p,John P,25.987417,-80.706733,gbhe,1,""
1994,3,3as,,1934,,unnamed,25.98385,-80.67795,gbhe,1,""
1994,3,3as,,1938,,unnamed,25.988817,-80.672267,gbhe,1,""
1994,3,3as,,1962,,unnamed,25.99645,-80.7203,gbhe,1,""
1994,3,3as,,1966,,Unnamed,25.99605,-80.731117,gbhe,2,""
1994,3,3as,,1967,,Unnamed,25.996317,-80.7392,gbhe,2,""
1994,3,3as,,1992,,unnamed,26.000567,-80.7326,gbhe,1,""
1994,3,3as,,2015,,Donut Mel,26.012333,-80.6085,gbhe,7,""
1994,3,3as,,2026,,M. Line east,26.014733,-80.783317,gbhe,1,""
1994,3,3as,,2026,,M. Line east,26.014733,-80.783317,gbhe,1,""
1994,3,3as,,2056,,unnamed,26.02075,-80.641033,gbhe,1,""
1994,3,3as,,2063,,Unnamed,26.028733,-80.6446,gbhe,2,""
1994,3,3as,,2067,,unnamed,26.0298,-80.681767,gbhe,1,""
1994,3,3as,,2067,,unnamed,26.03175,-80.681767,gbhe,1,""
1994,3,3as,,2121,,unnamed,26.043783,-80.635267,gbhe,1,""
1994,3,3as,,2122,,unnamed,26.038717,-80.6392,gbhe,1,""
1994,3,3as,,2204,,unnamed,26.0629,-80.665433,gbhe,1,""
1994,3,3as,,2205,,3a unknown 10,26.06875,-80.645817,gbhe,1,""
1994,3,3as,,2212,,Unnamed,26.077267,-80.616283,gbhe,3,""
1994,3,3as,,2245,,Unnamed,26.096183,-80.6603,gbhe,2,""
1994,3,3as,,2269,,Unnamed,26.103017,-80.720733,gbhe,1,""
1994,3,3as,,2272,,unnamed,26.100767,-80.699567,gbhe,1,""
1994,3,3as,,2291,,Unnamed,26.11265,-80.745067,gbhe,2,""
1994,3,3as,,2385,,unnamed,26.128683,-80.7156,gbhe,1,""
1994,3,3as,,723,,3b12,25.822333,-80.678833,greg,3,""
1994,3,3as,,968,,L-28 North,25.851667,-80.8375,greg,6,""
1994,3,3as,,968,,Inner trail,25.853667,-80.8373,greg,30,""
1994,3,3as,,1508,,Unnamed,25.923333,-80.685,greg,3,""
1994,3,3as,,1540,,3a unknown 9,25.927167,-80.686767,greg,3,""
1994,3,3as,,1540,,East 3a,25.9272,-80.686633,greg,2,""
1994,3,3as,,1540,,East 3a,25.9272,-80.686633,greg,2,""
1994,3,3as,,1927,john_p,John P,25.987417,-80.706733,greg,18,""
1994,3,3as,,1928,,Unnamed,25.983833,-80.704167,greg,6,""
1994,3,3as,,2030,new_miccosukee,New Miccosuk.,26.015783,-80.794067,greg,2,""
1994,3,3as,,2030,,New Miccosuk.,26.015783,-80.794067,greg,2,""
1994,3,3as,,2040,,Unnamed,26.019333,-80.808167,greg,6,""
1994,3,3as,,2066,,Unnamed,26.03,-80.6675,greg,4,""
1994,3,3as,,2245,,Unnamed,26.096183,-80.6603,greg,6,""
1994,3,3as,,2268,,Unnamed,26.102717,-80.72165,greg,3,""
1994,3,3as,,2307,,3a unknown 12,26.116583,-80.660017,greg,5,""
1994,3,3as,,513,,Hidden se,25.795,-80.841667,lbhe,8,""
1994,3,3as,,1328,,Outer Trail,25.901667,-80.8195,lbhe,5,""
1994,3,3as,,1328,,Outer Trail,25.901667,-80.8195,lbhe,5,""
1994,3,3as,,1475,,Lone Palms,25.919933,-80.79845,lbhe,5,""
1994,3,3as,,1900,,Gap Tower E.,25.981267,-80.816,lbhe,1,""
1994,3,3as,,1900,,Gap Tower E.,25.981267,-80.816,lbhe,1,""
1994,3,3as,,1927,john_p,John P,25.987417,-80.706733,lbhe,15,""
1994,3,3as,,2030,new_miccosukee,M. border south,26.015817,-80.794367,lbhe,47,""
1994,3,3as,,2030,,M. border south,26.015817,-80.794367,lbhe,47,""
1994,3,3as,3a,2108,big_mel_west,big mel west,26.034233,-80.67525,lbhe,30,""
1994,3,3as,,2123,,Unnamed,26.045817,-80.64865,lbhe,2,""
1994,3,3as,,2191,,1999,26.071133,-80.8079,lbhe,10,""
1994,3,3as,,2203,,Unnamed,26.064967,-80.6674,lbhe,6,""
1994,3,3as,,2270,,KG5,26.099722,-80.72,lbhe,35,""
1994,3,3as,,2297,,Unnamed,26.107983,-80.783483,lbhe,3,""
1994,3,3as,,2307,,3a unknown 12,26.116583,-80.660017,lbhe,25,""
1994,3,3as,,3410,robs_late,Robs late,26.01915,-80.792567,lbhe,60,""
1994,3,3as,,1958,,3A BCNH,25.9992,-80.7005,trhe,25,""
1994,3,3as,,1984,,Unnamed,26.002283,-80.7788,trhe,1,""
1994,3,3as,,2024,,Unnamed,26.01275,-80.770283,trhe,1,""
1994,3,3as,,2028,,Unnamed,26.010217,-80.789367,trhe,1,""
1994,3,3as,,2031,,New near Gap,26.017233,-80.797267,trhe,1,""
1994,3,3as,,2031,,New near Gap,26.017233,-80.797267,trhe,1,""
1994,3,3as,,2040,,Unnamed,26.020017,-80.808967,trhe,1,""
1994,3,3as,,2146,,Tiny tc,26.039133,-80.809417,trhe,1,""
1994,3,3as,,2205,,3a unknown 10,26.06875,-80.645817,trhe,15,""
1994,3,3as,,2307,,3a unknown 12,26.116583,-80.660017,trhe,5,""
1994,3,3ase,,2113,,unnamed,26.036033,-80.520033,anhi,1,""
1994,3,3ase,,2115,,Unnamed,26.040767,-80.512383,anhi,2,""
1994,3,3ase,,2240,,unnamed,26.09295,-80.572333,anhi,1,""
1994,3,3ase,,2713,,unnamed,26.032083,-80.527533,anhi,1,""
1994,3,3ase,,2280,,KG4,26.108,-80.59,lbhe,11,""
1994,3,3b,,219,,3a se corner,25.781833,-80.668167,bcnh,15,""
1994,3,3b,,764,,3b-47,25.821667,-80.485,bcnh,2,""
1994,3,3b,,902,,3b-39,25.84,-80.525,bcnh,3,""
1994,3,3b,,912,,3b-38,25.846667,-80.52,bcnh,11,""
1994,3,3b,,918,,3b-36,25.846667,-80.526667,bcnh,1,""
1994,3,3b,,6,,3b-33,25.766667,-80.598333,gbhe,1,""
1994,3,3b,,616,,3b-49,25.811667,-80.533333,gbhe,3,""
1994,3,3b,,740,,unnamed,25.822883,-80.64435,gbhe,1,""
1994,3,3b,,741,,3b-26,25.821667,-80.643333,gbhe,1,""
1994,3,3b,,742,,unnamed,25.82195,-80.642117,gbhe,1,""
1994,3,3b,,744,,unnamed,25.824417,-80.641267,gbhe,1,""
1994,3,3b,,746,,3b-28,25.823333,-80.64,gbhe,1,""
1994,3,3b,,749,,Unnamed,25.825967,-80.640267,gbhe,3,""
1994,3,3b,,749,,3b-27,25.825,-80.64,gbhe,4,""
1994,3,3b,,902,,3b-39,25.84,-80.525,gbhe,2,""
1994,3,3b,,907,,unnamed,25.840167,-80.503017,gbhe,1,""
1994,3,3b,,908,,Unnamed,25.844733,-80.505183,gbhe,2,""
1994,3,3b,,911,,3b-41,25.843333,-80.505,gbhe,2,""
1994,3,3b,,912,,3b-38,25.846667,-80.52,gbhe,1,""
1994,3,3b,,918,,3b-36,25.846667,-80.526667,gbhe,1,""
1994,3,3b,,926,,3b-37,25.845,-80.531667,gbhe,4,""
1994,3,3b,,1021,,3b 9,25.865367,-80.505967,gbhe,2,""
1994,3,3b,,1023,,3b-40,25.865,-80.505,gbhe,2,""
1994,3,3b,,1026,,unnamed,25.85685,-80.5081,gbhe,1,""
1994,3,3b,,1027,,3b-43,25.865,-80.515,gbhe,2,""
1994,3,3b,,1134,,3b-42,25.871667,-80.525,gbhe,1,""
1994,3,3b,,1266,,3b-44,25.893333,-80.513333,gbhe,2,""
1994,3,3b,,1388,,3b-31,25.903333,-80.503333,gbhe,2,""
1994,3,3b,,1389,,Unnamed,25.906333,-80.50255,gbhe,3,""
1994,3,3b,,1525,,3b-46,25.92,-80.503333,gbhe,1,""
1994,3,3b,,1640,,3b-34,25.933333,-80.47,gbhe,1,""
1994,3,3b,,1643,,3b nw 27 corner,25.941667,-80.481667,gbhe,1,""
1994,3,3b,,1771,,3b-30,25.963333,-80.481667,gbhe,1,""
1994,3,3b,,3434,,3b-45,25.883333,-80.515,gbhe,1,""
1994,3,3b,,422,,3B Mud East,25.797067,-80.490717,greg,18,""
1994,3,3b,,619,,3b 4,25.815,-80.603667,greg,11,""
1994,3,3b,,887,,3b 11,25.840667,-80.570833,greg,6,""
1994,3,3b,,1016,,3b10,25.854833,-80.555,greg,20,""
1994,3,3b,,1021,,3b 9,25.865367,-80.505967,greg,15,""
1994,3,3b,,1023,,3b-40,25.865,-80.505,greg,4,""
1994,3,3b,,1027,,3b-43,25.865,-80.515,greg,1,""
1994,3,3b,,1643,,3b nw 27 corner,25.941667,-80.481667,greg,4,""
1994,3,3b,,1945,,KG1,25.993889,-80.457778,greg,25,""
1994,3,3b,,764,,3b-47,25.821667,-80.485,lbhe,11,""
1994,3,3b,,422,,3B Mud East,25.797067,-80.490717,trhe,5,""
1994,enp,coastalenp,,2685,,Unnamed,25.023067,-80.7745,bcnh,4,""
1994,enp,inlandenp,,2676,,Unnamed,25.522183,-80.642933,anhi,2,""
1994,enp,inlandenp,,5,frog_city_north,Frog City North,25.760833,-80.5875,bcnh,4,""
1994,enp,inlandenp,,2698,,Unnamed,25.724583,-80.70225,gbhe,2,""
1994,enp,inlandenp,,5,frog_city_north,Frog City North,25.760833,-80.5875,greg,6,""
1994,enp,inlandenp,,2688,,3b 6,25.682833,-80.6,greg,27,""
1995,1,1,,2582,,95050,26.372833,-80.287833,bcnh,12,""
1995,1,1,,2627,,95052,26.3755,-80.301833,bcnh,20,""
1995,1,1,,2800,,95028,26.551,-80.273667,bcnh,1,""
1995,1,1,,2823,,95077,26.537667,-80.2785,bcnh,10,""
1995,1,1,,2838,,95014,26.5245,-80.352333,bcnh,1,""
1995,1,1,,2857,,95023,26.517,-80.247,bcnh,1,""
1995,1,1,,2889,,95015,26.511,-80.361333,bcnh,1,""
1995,1,1,,3096,,95045,26.442,-80.368167,bcnh,1,""
1995,1,1,,3098,,95067,26.441333,-80.372333,bcnh,3,""
1995,1,1,,3100,,95066,26.442833,-80.379167,bcnh,8,""
1995,1,1,,3139,,95055,26.443333,-80.266167,bcnh,1,""
1995,1,1,,3145,,95009,26.445333,-80.254833,bcnh,1,""
1995,1,1,,3168,,NEWCOL2,26.457333,-80.236833,bcnh,10,""
1995,1,1,,3168,,NEWCOL2,26.457167,-80.235167,bcnh,1,""
1995,1,1,,3187,,95120,26.452667,-80.283833,bcnh,3,""
1995,1,1,,3196,,95063,26.458667,-80.373833,bcnh,1,""
1995,1,1,,3300,,95110,26.480167,-80.2685,bcnh,2,""
1995,1,1,,3314,,95001,26.4825,-80.239,bcnh,1,""
1995,1,1,,3359,,95016,26.502333,-80.375333,bcnh,1,""
1995,1,1,,3383,,95024,26.514667,-80.245667,bcnh,8,""
1995,1,1,,3384,,95118,26.5125,-80.244333,bcnh,4,""
1995,1,1,,2823,,95077,26.537667,-80.2785,caeg,6,""
1995,1,1,,3383,,95024,26.514667,-80.245667,caeg,30,""
1995,1,1,,2577,,95048,26.370333,-80.267833,gbhe,1,""
1995,1,1,,2584,,95049,26.370667,-80.29,gbhe,1,""
1995,1,1,,2621,,95090,26.380167,-80.303833,gbhe,1,""
1995,1,1,,2628,,95089,26.380167,-80.298,gbhe,1,""
1995,1,1,,2646,,95046,26.376667,-80.254,gbhe,1,""
1995,1,1,,2646,,95047,26.376667,-80.253667,gbhe,1,""
1995,1,1,,2653,,95053,26.3865,-80.311333,gbhe,2,""
1995,1,1,,2751,,95085,26.4885,-80.438167,gbhe,1,""
1995,1,1,,2772,,YMIR,26.571,-80.271833,gbhe,4,""
1995,1,1,,2844,,95029,26.531167,-80.2775,gbhe,1,""
1995,1,1,,2864,,95113,26.513667,-80.271,gbhe,7,""
1995,1,1,,2887,,95034,26.5045,-80.375667,gbhe,1,""
1995,1,1,,2896,,95092,26.506667,-80.344833,gbhe,1,""
1995,1,1,,2899,,95091,26.506667,-80.332667,gbhe,2,""
1995,1,1,,2902,,95114,26.509,-80.323167,gbhe,1,""
1995,1,1,,2930,,95101,26.493833,-80.219167,gbhe,1,""
1995,1,1,,2930,,95102,26.494,-80.218667,gbhe,1,""
1995,1,1,,2931,,95103,26.487667,-80.213667,gbhe,1,""
1995,1,1,,2942,,95115,26.491333,-80.270333,gbhe,1,""
1995,1,1,,2946,,95104,26.4885,-80.267667,gbhe,1,""
1995,1,1,,2958,,95087,26.398333,-80.313167,gbhe,1,""
1995,1,1,,2964,,95088,26.398333,-80.263333,gbhe,1,""
1995,1,1,,2973,,95036,26.407333,-80.248667,gbhe,1,""
1995,1,1,,2994,,95100,26.416333,-80.326333,gbhe,1,""
1995,1,1,,3000,,95086,26.416333,-80.276667,gbhe,1,""
1995,1,1,,3009,,95084,26.416333,-80.253333,gbhe,1,""
1995,1,1,,3023,,95011,26.425667,-80.246667,gbhe,1,""
1995,1,1,,3044,,95083,26.434333,-80.367,gbhe,1,""
1995,1,1,,3046,,95099,26.434333,-80.356167,gbhe,1,""
1995,1,1,,3068,,95069,26.426667,-80.283167,gbhe,1,""
1995,1,1,,3069,,95068,26.428,-80.284667,gbhe,1,""
1995,1,1,,3075,,95097,26.434333,-80.267167,gbhe,1,""
1995,1,1,,3090,,95098,26.434333,-80.304667,gbhe,1,""
1995,1,1,,3109,,95064,26.448,-80.383667,gbhe,2,""
1995,1,1,,3111,,95065,26.447333,-80.382,gbhe,1,""
1995,1,1,,3142,,95010,26.445167,-80.258833,gbhe,1,""
1995,1,1,,3152,,95006,26.446,-80.249333,gbhe,1,""
1995,1,1,,3152,,95007,26.446333,-80.248833,gbhe,2,""
1995,1,1,,3183,,95096,26.4525,-80.2755,gbhe,1,""
1995,1,1,,3199,,95082,26.4525,-80.385667,gbhe,3,""
1995,1,1,,3202,,95080,26.4525,-80.409667,gbhe,1,""
1995,1,1,,3203,,95081,26.4525,-80.404167,gbhe,1,""
1995,1,1,,3204,,95093,26.4525,-80.400167,gbhe,1,""
1995,1,1,,3220,,95062,26.465333,-80.3715,gbhe,1,""
1995,1,1,,3231,,95032,26.462833,-80.262833,gbhe,1,""
1995,1,1,,3232,,95054,26.464833,-80.262833,gbhe,1,""
1995,1,1,,3237,,95108,26.466333,-80.2455,gbhe,2,""
1995,1,1,,3261,,95030,26.474667,-80.283667,gbhe,1,""
1995,1,1,,3263,,95031,26.471667,-80.2835,gbhe,1,""
1995,1,1,,3267,,95105,26.4705,-80.2965,gbhe,1,""
1995,1,1,,3279,,95078,26.471167,-80.371667,gbhe,1,""
1995,1,1,,3284,,95079,26.4705,-80.388167,gbhe,1,""
1995,1,1,,3301,,95109,26.4765,-80.264667,gbhe,1,""
1995,1,1,,3332,,95035,26.495667,-80.3545,gbhe,1,""
1995,1,1,,3353,,95058,26.491,-80.382167,gbhe,1,""
1995,1,1,,3391,,95094,26.4525,-80.3575,gbhe,1,""
1995,1,1,,3395,,95095,26.4525,-80.325667,gbhe,1,""
1995,1,1,,2591,,95051,26.371333,-80.294167,greg,2,""
1995,1,1,,2627,,95052,26.3755,-80.301833,greg,2,""
1995,1,1,,2772,,YMIR,26.571,-80.271833,greg,10,""
1995,1,1,,2997,,95018,26.415667,-80.309333,greg,1,""
1995,1,1,,3033,,95072,26.42,-80.367667,greg,10,""
1995,1,1,,3039,,95074,26.4305,-80.391667,greg,3,""
1995,1,1,,3144,,95008,26.4435,-80.255167,greg,10,""
1995,1,1,,3152,,95007,26.446333,-80.248833,greg,6,""
1995,1,1,,3196,,95063,26.458667,-80.373833,greg,1,""
1995,1,1,,3205,,95075,26.458167,-80.424,greg,6,""
1995,1,1,,3343,,95020,26.487833,-80.363833,greg,1,""
1995,1,1,,2582,,95050,26.372833,-80.287833,lbhe,18,""
1995,1,1,,2627,,95052,26.3755,-80.301833,lbhe,11,""
1995,1,1,,2735,,95116,26.599167,-80.307167,lbhe,13,""
1995,1,1,,2793,,95117,26.562833,-80.287167,lbhe,25,""
1995,1,1,,2800,,95028,26.551,-80.273667,lbhe,13,""
1995,1,1,,2823,,95077,26.537667,-80.2785,lbhe,63,""
1995,1,1,,2836,,95022,26.523667,-80.355833,lbhe,13,""
1995,1,1,,2838,,95014,26.5245,-80.352333,lbhe,54,""
1995,1,1,,2857,,95023,26.517,-80.247,lbhe,40,""
1995,1,1,,2883,,95017,26.5075,-80.3705,lbhe,4,""
1995,1,1,,2887,,95021,26.505,-80.375,lbhe,28,""
1995,1,1,,2889,,95015,26.511,-80.361333,lbhe,66,""
1995,1,1,,2992,,95044,26.415167,-80.3385,lbhe,31,""
1995,1,1,,3096,,95045,26.442,-80.368167,lbhe,5,""
1995,1,1,,3098,,95067,26.441333,-80.372333,lbhe,12,""
1995,1,1,,3100,,95066,26.442833,-80.379167,lbhe,33,""
1995,1,1,,3115,,95112,26.447333,-80.376,lbhe,20,""
1995,1,1,,3139,,95055,26.443333,-80.266167,lbhe,10,""
1995,1,1,,3168,,NEWCOL2,26.457333,-80.236833,lbhe,3,""
1995,1,1,,3168,,NEWCOL2,26.457167,-80.235167,lbhe,23,""
1995,1,1,,3187,,95120,26.452667,-80.283833,lbhe,9,""
1995,1,1,,3196,,95063,26.458667,-80.373833,lbhe,35,""
1995,1,1,,3216,,95060,26.468167,-80.386167,lbhe,7,""
1995,1,1,,3216,,95059,26.469833,-80.385833,lbhe,5,""
1995,1,1,,3235,,95107,26.466333,-80.250667,lbhe,8,""
1995,1,1,,3300,,95110,26.480167,-80.2685,lbhe,40,""
1995,1,1,,3314,,95001,26.4825,-80.239,lbhe,14,""
1995,1,1,,3332,,95019,26.4965,-80.3545,lbhe,24,""
1995,1,1,,3353,,95057,26.491333,-80.382667,lbhe,23,""
1995,1,1,,3359,,95016,26.502333,-80.375333,lbhe,17,""
1995,1,1,,3377,,95013,26.523667,-80.360833,lbhe,28,""
1995,1,1,,3384,,95118,26.5125,-80.244333,lbhe,20,""
1995,1,1,,2582,,95050,26.372833,-80.287833,sneg,1,""
1995,1,1,,2823,,95077,26.537667,-80.2785,sneg,5,""
1995,1,1,,3096,,95045,26.442,-80.368167,sneg,1,""
1995,1,1,,3384,,95118,26.5125,-80.244333,sneg,1,""
1995,2,2a,,2496,,2A middle colony,26.324167,-80.500067,gbhe,3,""
1995,2,2a,,2497,,2b,26.331,-80.516167,gbhe,2,""
1995,2,2a,,2504,,,26.313333,-80.478333,gbhe,1,""
1995,2,2a,,2515,,,26.305,-80.365,gbhe,1,""
1995,2,2a,,2520,,,26.253333,-80.428333,gbhe,1,""
1995,2,2a,,2520,,,26.253333,-80.426667,gbhe,11,""
1995,2,2a,,2522,,,26.258333,-80.426667,gbhe,2,""
1995,2,2a,,2523,,,26.26,-80.423333,gbhe,4,""
1995,2,2a,,2548,,,26.338333,-80.5,gbhe,1,""
1995,2,2a,,2548,,,26.338333,-80.5,gbhe,1,""
1995,2,2a,,2496,,2A middle colony,26.324167,-80.500067,greg,26,""
1995,2,2a,,2497,,2b,26.331,-80.516167,greg,25,""
1995,2,2b,,2462,,2b new,26.165,-80.435167,gbhe,2,""
1995,2,2b,,2462,,2b new,26.165,-80.435167,gbhe,2,""
1995,2,2b,,2462,,2b new,26.165,-80.435167,greg,6,""
1995,2,2b,,2462,,2b new,26.165,-80.435167,greg,6,""
1995,2,2b,,2475,,2b willow/melaleuca,26.175167,-80.335167,greg,17,""
1995,3,3an,,2447,,Mosquito Lagoon,26.193667,-80.468833,anhi,25,""
1995,3,3an,,2450,,alley south,26.162583,-80.5339,anhi,10,""
1995,3,3an,,2453,,,26.180117,-80.531017,anhi,10,""
1995,3,3an,,2432,,78,26.261223,-80.725,gbhe,1,""
1995,3,3an,,2438,,,26.270933,-80.546383,gbhe,2,""
1995,3,3an,,2444,,,26.235,-80.556667,gbhe,1,""
1995,3,3an,,2447,,Mosquito Lagoon,26.193667,-80.468833,gbhe,2,""
1995,3,3an,,2448,,,26.191667,-80.498333,gbhe,1,""
1995,3,3an,,2450,,alley south,26.162583,-80.5339,gbhe,2,""
1995,3,3an,,2453,,,26.180117,-80.531017,gbhe,3,""
1995,3,3an,,2425,,unknown 3aN,26.234,-80.881667,greg,16,""
1995,3,3an,,2425,,unknown 3aN,26.234,-80.881667,sneg,10,""
1995,3,3as,,85,,,25.77695,-80.793333,anhi,2,""
1995,3,3as,,477,,,25.801683,-80.75235,anhi,2,""
1995,3,3as,,486,,,25.801933,-80.768283,anhi,5,""
1995,3,3as,,493,,,25.800467,-80.782917,anhi,3,""
1995,3,3as,,504,,,25.80075,-80.803833,anhi,1,""
1995,3,3as,,655,,,25.81105,-80.743867,anhi,2,""
1995,3,3as,,659,,,25.813533,-80.75305,anhi,8,""
1995,3,3as,,668,,,25.817317,-80.772867,anhi,3,""
1995,3,3as,,669,,,25.814533,-80.775867,anhi,12,""
1995,3,3as,,684,,,25.822233,-80.807567,anhi,10,""
1995,3,3as,,684,,,25.822667,-80.80755,anhi,4,""
1995,3,3as,,723,,unnamed ge,25.822183,-80.678667,anhi,1,""
1995,3,3as,,811,,,25.82955,-80.73985,anhi,1,""
1995,3,3as,,814,,,25.8315,-80.753833,anhi,2,""
1995,3,3as,,819,,,25.8328,-80.763283,anhi,1,""
1995,3,3as,,820,,,25.833433,-80.765167,anhi,2,""
1995,3,3as,,827,,,25.829217,-80.8125,anhi,1,""
1995,3,3as,,852,,,25.83945,-80.750717,anhi,4,""
1995,3,3as,,857,,,25.839383,-80.725183,anhi,5,""
1995,3,3as,,879,,Anhinga colony,25.840167,-80.655,anhi,6,""
1995,3,3as,,879,,Anhinga colony,25.840167,-80.655,anhi,6,""
1995,3,3as,,952,,93,25.847333,-80.7495,anhi,4,""
1995,3,3as,,952,,,25.846967,-80.748883,anhi,2,""
1995,3,3as,,964,,gbh in 94,25.843117,-80.798467,anhi,1,""
1995,3,3as,,984,,,25.854617,-80.777233,anhi,3,""
1995,3,3as,,1012,,unknown,25.855117,-80.648017,anhi,1,""
1995,3,3as,,1015,,,25.854917,-80.641117,anhi,1,""
1995,3,3as,,1062,,,25.858783,-80.751283,anhi,5,""
1995,3,3as,,1065,,,25.859983,-80.75355,anhi,6,""
1995,3,3as,,1071,,,25.859183,-80.773717,anhi,2,""
1995,3,3as,3a,1099,big_pond_ne,Big Pond NE,25.872467,-80.796633,anhi,1,""
1995,3,3as,,1106,,,25.872033,-80.777417,anhi,2,""
1995,3,3as,,1132,,,25.872967,-80.633067,anhi,2,""
1995,3,3as,,1180,,,25.877817,-80.757433,anhi,4,""
1995,3,3as,3a,1222,fontana,FONTANA,25.886983,-80.769867,anhi,3,""
1995,3,3as,3a,1222,fontana,FONTANA,25.88755,-80.769517,anhi,3,""
1995,3,3as,,1237,,,25.8864,-80.701117,anhi,1,""
1995,3,3as,,1242,,,25.884717,-80.686617,anhi,2,""
1995,3,3as,,1249,,,25.88335,-80.623217,anhi,5,""
1995,3,3as,,1283,,,25.893633,-80.667883,anhi,9,""
1995,3,3as,,1299,,,25.891417,-80.701833,anhi,1,""
1995,3,3as,,1315,,,25.896333,-80.7545,anhi,1,""
1995,3,3as,,1316,,,25.896117,-80.7552,anhi,1,""
1995,3,3as,,1316,,,25.896783,-80.75505,anhi,3,""
1995,3,3as,,1316,,,25.895667,-80.754917,anhi,3,""
1995,3,3as,,1331,,,25.906383,-80.794183,anhi,3,""
1995,3,3as,,1337,,,25.906233,-80.776933,anhi,10,""
1995,3,3as,,1373,,,25.902517,-80.634,anhi,1,""
1995,3,3as,,1378,,,25.899517,-80.6292,anhi,1,""
1995,3,3as,,1400,,,25.913433,-80.6621,anhi,8,""
1995,3,3as,,1400,,,25.915383,-80.661283,anhi,3,""
1995,3,3as,,1411,,,25.913517,-80.710583,anhi,6,""
1995,3,3as,,1438,,,25.914233,-80.733183,anhi,1,""
1995,3,3as,,1446,,,25.90965,-80.743067,anhi,1,""
1995,3,3as,,1453,,,25.914933,-80.773667,anhi,3,""
1995,3,3as,,1457,,,25.913733,-80.779467,anhi,1,""
1995,3,3as,,1485,,,25.92175,-80.754917,anhi,2,""
1995,3,3as,,1485,,,25.921833,-80.754817,anhi,2,""
1995,3,3as,,1494,,,25.917183,-80.732333,anhi,6,""
1995,3,3as,,1494,,,25.916317,-80.73185,anhi,11,""
1995,3,3as,,1494,,,25.917667,-80.731833,anhi,5,""
1995,3,3as,,1509,,,25.91925,-80.6829,anhi,2,""
1995,3,3as,,1514,,,25.920917,-80.661717,anhi,2,""
1995,3,3as,,1515,,,25.922283,-80.6624,anhi,1,""
1995,3,3as,,1535,,,25.93085,-80.677367,anhi,1,""
1995,3,3as,,1538,,,25.925867,-80.685967,anhi,10,""
1995,3,3as,,1553,,,25.926767,-80.7393,anhi,3,""
1995,3,3as,,1554,,,25.928817,-80.739883,anhi,2,""
1995,3,3as,,1564,,,25.932733,-80.758017,anhi,12,""
1995,3,3as,,1583,,,25.9254,-80.780317,anhi,4,""
1995,3,3as,,1596,,,25.940667,-80.770933,anhi,3,""
1995,3,3as,,1596,,,25.9403,-80.770333,anhi,1,""
1995,3,3as,,1609,,,25.939467,-80.745833,anhi,1,""
1995,3,3as,,1619,,,25.939933,-80.70775,anhi,1,""
1995,3,3as,,1630,,,25.9359,-80.64595,anhi,1,""
1995,3,3as,,1646,,,25.9461,-80.632033,anhi,8,""
1995,3,3as,,1651,,,25.943867,-80.6579,anhi,1,""
1995,3,3as,,1654,,,25.943133,-80.666617,anhi,4,""
1995,3,3as,,1671,,,25.943367,-80.733,anhi,4,""
1995,3,3as,,1671,,,25.942933,-80.732717,anhi,5,""
1995,3,3as,,1671,,,25.943067,-80.73215,anhi,6,""
1995,3,3as,,1685,,,25.943,-80.74765,anhi,2,""
1995,3,3as,,1690,,,25.948433,-80.758483,anhi,2,""
1995,3,3as,,1715,,,25.957167,-80.774983,anhi,1,""
1995,3,3as,,1716,,,25.958017,-80.77445,anhi,2,""
1995,3,3as,,1736,,,25.95435,-80.7068,anhi,1,""
1995,3,3as,,1748,,,25.951317,-80.692633,anhi,6,""
1995,3,3as,,1755,,,25.955383,-80.673633,anhi,1,""
1995,3,3as,,1762,,,25.957167,-80.6475,anhi,2,""
1995,3,3as,,1791,,,25.964317,-80.753117,anhi,4,""
1995,3,3as,,1791,,,25.964183,-80.753017,anhi,2,""
1995,3,3as,,1791,,,25.964167,-80.752633,anhi,4,""
1995,3,3as,,1792,,,25.96405,-80.77,anhi,1,""
1995,3,3as,,1857,,,25.9697,-80.658417,anhi,1,""
1995,3,3as,,1862,,,25.972633,-80.6409,anhi,2,""
1995,3,3as,,1869,,,25.981883,-80.637933,anhi,1,""
1995,3,3as,,1872,,,25.979167,-80.654967,anhi,5,""
1995,3,3as,,1873,,,25.97845,-80.656717,anhi,7,""
1995,3,3as,,1888,,,25.980017,-80.756967,anhi,4,""
1995,3,3as,,1927,,,25.987683,-80.7068,anhi,3,""
1995,3,3as,,1937,,,25.987983,-80.6718,anhi,6,""
1995,3,3as,,1937,,,25.988,-80.671583,anhi,1,""
1995,3,3as,,1943,,,25.9892,-80.565017,anhi,1,""
1995,3,3as,,1947,,Mickey Mouse,25.998833,-80.642333,anhi,1,""
1995,3,3as,,2015,,Donut Melaleuca,26.012333,-80.6085,anhi,5,""
1995,3,3as,,2017,,,26.007517,-80.6644,anhi,1,""
1995,3,3as,,2057,,,26.019433,-80.611217,anhi,1,""
1995,3,3as,3a,2062,donut_north,Donut North,26.02835,-80.562833,anhi,22,""
1995,3,3as,,2063,,,26.028383,-80.644767,anhi,1,""
1995,3,3as,3a,2108,big_mel_west,big mel west,26.034183,-80.67475,anhi,1,""
1995,3,3as,,2210,,,26.0659,-80.614533,anhi,1,""
1995,3,3as,,2212,,,26.077083,-80.616067,anhi,5,""
1995,3,3as,,2422,,new,26.143267,-80.747267,anhi,5,""
1995,3,3as,,2559,,,25.97185,-80.656683,anhi,1,""
1995,3,3as,,2695,,,25.756483,-80.75645,anhi,3,""
1995,3,3as,,3415,,,25.991433,-80.729467,anhi,1,""
1995,3,3as,,964,,gbh in 94,25.843117,-80.798467,bcnh,2,""
1995,3,3as,,1096,,new,25.870817,-80.80165,bcnh,4,""
1995,3,3as,,1096,,new,25.870817,-80.80165,bcnh,4,""
1995,3,3as,3a,1099,big_pond_ne,Big Pond NE,25.872467,-80.796633,bcnh,3,""
1995,3,3as,3a,1217,robs,Robs,25.888833,-80.8035,bcnh,60,""
1995,3,3as,,1325,,new,25.897417,-80.79945,bcnh,4,""
1995,3,3as,,1325,,new,25.897417,-80.79945,bcnh,4,""
1995,3,3as,,1330,,,25.9067,-80.797833,bcnh,1,""
1995,3,3as,,1587,,,25.9305,-80.80755,bcnh,1,""
1995,3,3as,,1609,,,25.939467,-80.745833,bcnh,2,""
1995,3,3as,,1715,,,25.957167,-80.774983,bcnh,2,""
1995,3,3as,3a,1802,lbh_halfway,LBH halfway,25.966583,-80.80805,bcnh,10,""
1995,3,3as,,1804,,,25.964267,-80.8154,bcnh,1,""
1995,3,3as,,1927,,,25.987683,-80.7068,bcnh,1,""
1995,3,3as,,2030,new_miccosukee,New Miccosukee,26.01595,-80.793767,bcnh,10,""
1995,3,3as,,2030,,New Miccosukee,26.01595,-80.793767,bcnh,10,""
1995,3,3as,,2090,,,26.036867,-80.789933,bcnh,3,""
1995,3,3as,,2098,,new,26.034883,-80.759667,bcnh,4,""
1995,3,3as,,2098,,new,26.034883,-80.759667,bcnh,4,""
1995,3,3as,3a,2108,big_mel_west,big mel west,26.034183,-80.67475,bcnh,2,""
1995,3,3as,,2123,,3A 13,26.045067,-80.64915,bcnh,2,""
1995,3,3as,,2144,,new,26.04155,-80.802067,bcnh,9,""
1995,3,3as,,2144,,new,26.04155,-80.802067,bcnh,9,""
1995,3,3as,,2154,,new,26.050383,-80.781533,bcnh,6,""
1995,3,3as,,2154,,new,26.050383,-80.781533,bcnh,6,""
1995,3,3as,,2157,,new,26.054033,-80.755833,bcnh,5,""
1995,3,3as,,2157,,new,26.054033,-80.755833,bcnh,5,""
1995,3,3as,,2190,,two tc,26.06925,-80.8131,bcnh,3,""
1995,3,3as,,2191,,1999,26.070967,-80.8077,bcnh,20,""
1995,3,3as,,2194,,94-tc,26.066483,-80.793333,bcnh,10,""
1995,3,3as,,2195,,,26.067783,-80.778867,bcnh,1,""
1995,3,3as,,2230,,,26.081183,-80.806917,bcnh,3,""
1995,3,3as,,2248,,kg5,26.092317,-80.711883,bcnh,1,""
1995,3,3as,,2248,,,26.092717,-80.7115,bcnh,1,""
1995,3,3as,,2297,,94-lb,26.108417,-80.78355,bcnh,2,""
1995,3,3as,,2401,,new,26.136017,-80.7808,bcnh,2,""
1995,3,3as,,2401,,new,26.136017,-80.7808,bcnh,2,""
1995,3,3as,,2422,,new,26.143267,-80.747267,bcnh,5,""
1995,3,3as,,2191,,1999,26.070967,-80.8077,caeg,1,""
1995,3,3as,,491,,,25.8004,-80.775867,dcco,2,""
1995,3,3as,,1564,,,25.932733,-80.758017,dcco,3,""
1995,3,3as,3a,2062,donut_north,Donut North,26.02835,-80.562833,dcco,2,""
1995,3,3as,,69,,,25.77075,-80.823217,gbhe,3,""
1995,3,3as,,79,,,25.772433,-80.79675,gbhe,2,""
1995,3,3as,,85,,,25.77695,-80.793333,gbhe,3,""
1995,3,3as,,115,,,25.77245,-80.7674,gbhe,1,""
1995,3,3as,,126,,,25.7791,-80.762833,gbhe,1,""
1995,3,3as,,142,,,25.773767,-80.73385,gbhe,2,""
1995,3,3as,,144,,,25.7781,-80.7326,gbhe,1,""
1995,3,3as,,147,,,25.77335,-80.730967,gbhe,1,""
1995,3,3as,,159,,118,25.778,-80.711333,gbhe,1,""
1995,3,3as,,225,,57,25.7805,-80.698833,gbhe,1,""
1995,3,3as,,229,,58,25.782167,-80.700667,gbhe,1,""
1995,3,3as,,230,,72,25.784167,-80.710167,gbhe,1,""
1995,3,3as,,231,,71,25.780333,-80.709833,gbhe,1,""
1995,3,3as,,232,,73,25.780167,-80.710333,gbhe,1,""
1995,3,3as,,243,,105,25.779333,-80.731833,gbhe,1,""
1995,3,3as,,248,,91,25.782,-80.745333,gbhe,1,""
1995,3,3as,,251,,gbh,25.785033,-80.743467,gbhe,2,""
1995,3,3as,,258,,,25.784517,-80.752983,gbhe,1,""
1995,3,3as,,264,,,25.785967,-80.757533,gbhe,1,""
1995,3,3as,,265,,,25.7869,-80.75625,gbhe,1,""
1995,3,3as,,270,,,25.78315,-80.7587,gbhe,1,""
1995,3,3as,,271,,,25.782167,-80.758667,gbhe,1,""
1995,3,3as,,307,,,25.77925,-80.798783,gbhe,1,""
1995,3,3as,,308,,,25.783933,-80.8062,gbhe,1,""
1995,3,3as,,367,,,25.794167,-80.770967,gbhe,2,""
1995,3,3as,,367,,,25.7936,-80.7709,gbhe,1,""
1995,3,3as,,369,,,25.79445,-80.769233,gbhe,1,""
1995,3,3as,,375,,94,25.793333,-80.753333,gbhe,1,""
1995,3,3as,,379,,,25.792083,-80.743067,gbhe,1,""
1995,3,3as,,388,,81,25.7925,-80.729167,gbhe,1,""
1995,3,3as,,388,,80,25.794,-80.729,gbhe,1,""
1995,3,3as,,390,,106,25.792,-80.7255,gbhe,1,""
1995,3,3as,,397,,74,25.792667,-80.717,gbhe,1,""
1995,3,3as,,455,,61,25.795,-80.703167,gbhe,1,""
1995,3,3as,,456,,59,25.794833,-80.701833,gbhe,1,""
1995,3,3as,,471,,85,25.798167,-80.732333,gbhe,1,""
1995,3,3as,,471,,83,25.798167,-80.731667,gbhe,1,""
1995,3,3as,,479,,,25.801167,-80.754833,gbhe,1,""
1995,3,3as,,480,,,25.7974,-80.758933,gbhe,1,""
1995,3,3as,,489,,,25.7954,-80.769633,gbhe,2,""
1995,3,3as,,491,,,25.8004,-80.775867,gbhe,2,""
1995,3,3as,,493,,,25.800467,-80.782917,gbhe,1,""
1995,3,3as,,504,,,25.80075,-80.803833,gbhe,2,""
1995,3,3as,,505,,,25.796167,-80.80715,gbhe,1,""
1995,3,3as,,534,,,25.80685,-80.7903,gbhe,1,""
1995,3,3as,,540,,,25.804833,-80.767967,gbhe,1,""
1995,3,3as,,544,,,25.804433,-80.7445,gbhe,1,""
1995,3,3as,,549,,84,25.809833,-80.731833,gbhe,1,""
1995,3,3as,,574,,117,25.810667,-80.708333,gbhe,1,""
1995,3,3as,,590,,55,25.808333,-80.683667,gbhe,1,""
1995,3,3as,,594,,53b,25.8085,-80.678167,gbhe,1,""
1995,3,3as,,597,,53c,25.804333,-80.677333,gbhe,1,""
1995,3,3as,,601,,51,25.808333,-80.673167,gbhe,1,""
1995,3,3as,,625,,50,25.816333,-80.673,gbhe,1,""
1995,3,3as,,629,,101,25.812333,-80.676833,gbhe,1,""
1995,3,3as,,629,,107,25.812,-80.676667,gbhe,1,""
1995,3,3as,,636,,56,25.8115,-80.6885,gbhe,1,""
1995,3,3as,,652,,97,25.810333,-80.740333,gbhe,1,""
1995,3,3as,,655,,,25.81105,-80.743867,gbhe,1,""
1995,3,3as,,656,,90,25.810333,-80.7445,gbhe,1,""
1995,3,3as,,668,,,25.817317,-80.772867,gbhe,1,""
1995,3,3as,,669,,,25.814533,-80.775867,gbhe,1,""
1995,3,3as,,678,,,25.812767,-80.816167,gbhe,1,""
1995,3,3as,,678,,,25.812467,-80.81535,gbhe,1,""
1995,3,3as,,710,,67,25.825667,-80.706833,gbhe,1,""
1995,3,3as,,721,,54,25.824667,-80.678833,gbhe,1,""
1995,3,3as,,729,,48,25.8225,-80.671667,gbhe,1,""
1995,3,3as,,733,,116,25.8255,-80.671833,gbhe,1,""
1995,3,3as,,781,,47,25.826833,-80.669,gbhe,1,""
1995,3,3as,,785,,53,25.828,-80.675667,gbhe,1,""
1995,3,3as,,785,,53a,25.828,-80.6755,gbhe,1,""
1995,3,3as,,802,,65,25.827,-80.7055,gbhe,1,""
1995,3,3as,,803,,63,25.827167,-80.704833,gbhe,1,""
1995,3,3as,,849,,,25.836517,-80.755533,gbhe,1,""
1995,3,3as,,869,,112,25.835667,-80.6865,gbhe,1,""
1995,3,3as,,872,,111,25.835333,-80.685333,gbhe,1,""
1995,3,3as,,941,,103,25.842833,-80.699667,gbhe,1,""
1995,3,3as,,943,,64,25.850167,-80.705167,gbhe,1,""
1995,3,3as,,944,,60,25.846167,-80.703,gbhe,1,""
1995,3,3as,,945,,62,25.843667,-80.704167,gbhe,1,""
1995,3,3as,,952,,93,25.847333,-80.7495,gbhe,1,""
1995,3,3as,,952,,,25.846967,-80.748883,gbhe,2,""
1995,3,3as,,960,,,25.845167,-80.798883,gbhe,1,""
1995,3,3as,,964,,gbh in 94,25.843117,-80.798467,gbhe,2,""
1995,3,3as,,974,,,25.852633,-80.8067,gbhe,2,""
1995,3,3as,,984,,,25.854617,-80.777233,gbhe,1,""
1995,3,3as,,991,,115,25.856833,-80.723333,gbhe,1,""
1995,3,3as,,997,,68,25.8575,-80.706833,gbhe,1,""
1995,3,3as,,1003,,102,25.855667,-80.686333,gbhe,1,""
1995,3,3as,,1009,,52,25.857,-80.674667,gbhe,1,""
1995,3,3as,,1010,,100,25.857,-80.671333,gbhe,1,""
1995,3,3as,,1015,,,25.854917,-80.641117,gbhe,2,""
1995,3,3as,,1034,,44,25.863333,-80.662167,gbhe,1,""
1995,3,3as,,1047,,69,25.863,-80.707667,gbhe,1,""
1995,3,3as,,1053,,99,25.863,-80.721667,gbhe,1,""
1995,3,3as,,1054,,114,25.8605,-80.724667,gbhe,1,""
1995,3,3as,,1062,,,25.858783,-80.751283,gbhe,1,""
1995,3,3as,,1065,,,25.859983,-80.75355,gbhe,1,""
1995,3,3as,,1068,,113,25.865833,-80.764667,gbhe,1,""
1995,3,3as,,1068,,,25.8667,-80.76395,gbhe,1,""
1995,3,3as,,1096,,new,25.870817,-80.80165,gbhe,2,""
1995,3,3as,,1096,,new,25.870817,-80.80165,gbhe,2,""
1995,3,3as,,1106,,,25.872033,-80.777417,gbhe,1,""
1995,3,3as,,1110,,92,25.867333,-80.748167,gbhe,1,""
1995,3,3as,,1142,,43,25.874167,-80.6435,gbhe,1,""
1995,3,3as,,1155,,66,25.877333,-80.7055,gbhe,1,""
1995,3,3as,,1171,,76,25.882,-80.7245,gbhe,1,""
1995,3,3as,,1173,,77,25.879333,-80.725,gbhe,1,""
1995,3,3as,,1180,,,25.877817,-80.757433,gbhe,1,""
1995,3,3as,,1184,,,25.881567,-80.76165,gbhe,1,""
1995,3,3as,3a,1222,fontana,FONTANA,25.88755,-80.769517,gbhe,1,""
1995,3,3as,,1237,,,25.8864,-80.701117,gbhe,1,""
1995,3,3as,,1242,,,25.884717,-80.686617,gbhe,1,""
1995,3,3as,,1243,,49,25.887667,-80.672167,gbhe,1,""
1995,3,3as,,1283,,45,25.893333,-80.668,gbhe,1,""
1995,3,3as,,1283,,,25.893633,-80.667883,gbhe,2,""
1995,3,3as,,1306,,,25.891717,-80.727167,gbhe,2,""
1995,3,3as,,1306,,79,25.8915,-80.726833,gbhe,1,""
1995,3,3as,,1307,,,25.89155,-80.730183,gbhe,1,""
1995,3,3as,,1307,,,25.8917,-80.73015,gbhe,1,""
1995,3,3as,,1307,,82,25.891833,-80.729667,gbhe,1,""
1995,3,3as,,1315,,,25.896333,-80.7545,gbhe,1,""
1995,3,3as,,1316,,,25.896117,-80.7552,gbhe,1,""
1995,3,3as,,1316,,,25.896783,-80.75505,gbhe,1,""
1995,3,3as,,1316,,,25.895667,-80.754917,gbhe,1,""
1995,3,3as,,1319,,,25.893567,-80.7737,gbhe,1,""
1995,3,3as,,1331,,,25.906383,-80.794183,gbhe,1,""
1995,3,3as,,1337,,,25.906233,-80.776933,gbhe,2,""
1995,3,3as,,1350,,,25.901167,-80.741367,gbhe,1,""
1995,3,3as,,1350,,87,25.901167,-80.741167,gbhe,1,""
1995,3,3as,,1354,,,25.90155,-80.7393,gbhe,1,""
1995,3,3as,,1355,,86,25.901333,-80.7385,gbhe,1,""
1995,3,3as,,1356,,,25.899833,-80.735667,gbhe,1,""
1995,3,3as,,1365,,,25.903783,-80.67,gbhe,1,""
1995,3,3as,,1378,,,25.899517,-80.6292,gbhe,1,""
1995,3,3as,,1400,,,25.913433,-80.6621,gbhe,1,""
1995,3,3as,,1405,,,25.913433,-80.6704,gbhe,1,""
1995,3,3as,,1411,,,25.913517,-80.710583,gbhe,2,""
1995,3,3as,,1438,,,25.914233,-80.733183,gbhe,3,""
1995,3,3as,,1445,,88,25.908833,-80.742667,gbhe,1,""
1995,3,3as,,1446,,,25.90965,-80.743067,gbhe,1,""
1995,3,3as,,1453,,,25.914933,-80.773667,gbhe,2,""
1995,3,3as,,1457,,,25.913733,-80.779467,gbhe,1,""
1995,3,3as,,1460,,,25.91015,-80.780983,gbhe,1,""
1995,3,3as,,1466,,,25.914283,-80.790533,gbhe,1,""
1995,3,3as,,1468,,,25.914817,-80.792167,gbhe,1,""
1995,3,3as,,1494,,,25.917183,-80.732333,gbhe,1,""
1995,3,3as,,1494,,,25.916317,-80.73185,gbhe,1,""
1995,3,3as,,1494,,,25.917667,-80.731833,gbhe,1,""
1995,3,3as,,1509,,,25.91925,-80.6829,gbhe,2,""
1995,3,3as,,1531,,,25.932583,-80.654967,gbhe,1,""
1995,3,3as,,1532,,,25.933983,-80.654317,gbhe,1,""
1995,3,3as,,1535,,,25.93085,-80.677367,gbhe,1,""
1995,3,3as,,1538,,,25.925867,-80.685967,gbhe,4,""
1995,3,3as,,1551,,,25.9286,-80.7282,gbhe,1,""
1995,3,3as,,1554,,,25.928867,-80.739283,gbhe,4,""
1995,3,3as,,1561,,,25.92955,-80.751283,gbhe,1,""
1995,3,3as,,1564,,,25.932733,-80.758017,gbhe,1,""
1995,3,3as,,1583,,,25.9254,-80.780317,gbhe,2,""
1995,3,3as,,1596,,,25.9403,-80.770333,gbhe,1,""
1995,3,3as,,1603,,,25.941083,-80.755033,gbhe,1,""
1995,3,3as,,1604,,,25.941233,-80.759867,gbhe,1,""
1995,3,3as,,1605,,,25.9415,-80.758933,gbhe,1,""
1995,3,3as,,1612,,,25.937417,-80.7374,gbhe,1,""
1995,3,3as,,1619,,,25.939933,-80.70775,gbhe,1,""
1995,3,3as,,1629,,,25.936717,-80.649317,gbhe,1,""
1995,3,3as,,1629,,,25.93505,-80.64885,gbhe,1,""
1995,3,3as,,1630,,,25.9359,-80.64595,gbhe,1,""
1995,3,3as,,1631,,,25.938617,-80.64315,gbhe,1,""
1995,3,3as,,1651,,,25.943867,-80.6579,gbhe,1,""
1995,3,3as,,1654,,,25.943133,-80.666617,gbhe,1,""
1995,3,3as,,1671,,,25.943367,-80.733,gbhe,2,""
1995,3,3as,,1671,,,25.942933,-80.732717,gbhe,1,""
1995,3,3as,,1671,,,25.943067,-80.73215,gbhe,1,""
1995,3,3as,,1682,,,25.94345,-80.748917,gbhe,1,""
1995,3,3as,,1685,,,25.943,-80.74765,gbhe,2,""
1995,3,3as,,1690,,,25.948433,-80.758483,gbhe,4,""
1995,3,3as,,1691,,,25.943733,-80.76035,gbhe,3,""
1995,3,3as,,1698,,,25.9497,-80.777217,gbhe,1,""
1995,3,3as,,1714,,,25.95565,-80.772283,gbhe,1,""
1995,3,3as,,1714,,,25.956,-80.7717,gbhe,1,""
1995,3,3as,,1716,,,25.958017,-80.77445,gbhe,3,""
1995,3,3as,,1717,,,25.9577,-80.772433,gbhe,1,""
1995,3,3as,,1721,,,25.952417,-80.760617,gbhe,1,""
1995,3,3as,,1722,,,25.9549,-80.7608,gbhe,1,""
1995,3,3as,,1723,,,25.95815,-80.758233,gbhe,2,""
1995,3,3as,,1727,,,25.950967,-80.730367,gbhe,1,""
1995,3,3as,,1727,,,25.950883,-80.729917,gbhe,1,""
1995,3,3as,,1736,,,25.95435,-80.7068,gbhe,1,""
1995,3,3as,,1748,,,25.951317,-80.692633,gbhe,3,""
1995,3,3as,,1754,,,25.952633,-80.678767,gbhe,1,""
1995,3,3as,,1755,,,25.955383,-80.673633,gbhe,1,""
1995,3,3as,,1759,,,25.951733,-80.665967,gbhe,3,""
1995,3,3as,,1761,,,25.951783,-80.647333,gbhe,1,""
1995,3,3as,,1762,,,25.957167,-80.6475,gbhe,1,""
1995,3,3as,,1762,,,25.9575,-80.646967,gbhe,1,""
1995,3,3as,,1777,,,25.964767,-80.648517,gbhe,1,""
1995,3,3as,,1786,,,25.965333,-80.737383,gbhe,1,""
1995,3,3as,,1787,,,25.966483,-80.740817,gbhe,2,""
1995,3,3as,,1788,,,25.965483,-80.741183,gbhe,1,""
1995,3,3as,,1789,,,25.960767,-80.747267,gbhe,1,""
1995,3,3as,,1790,,,25.963783,-80.749467,gbhe,1,""
1995,3,3as,,1791,,,25.964317,-80.753117,gbhe,2,""
1995,3,3as,,1791,,,25.964183,-80.753017,gbhe,1,""
1995,3,3as,,1791,,,25.964167,-80.752633,gbhe,2,""
1995,3,3as,,1792,,,25.96405,-80.77,gbhe,1,""
1995,3,3as,,1804,,,25.964267,-80.8154,gbhe,1,""
1995,3,3as,,1850,,,25.971417,-80.6812,gbhe,1,""
1995,3,3as,,1862,,,25.972633,-80.6409,gbhe,1,""
1995,3,3as,,1868,,,25.9752,-80.625433,gbhe,2,""
1995,3,3as,,1871,,,25.976367,-80.652017,gbhe,1,""
1995,3,3as,,1872,,,25.979167,-80.654967,gbhe,2,""
1995,3,3as,,1884,,,25.98175,-80.73515,gbhe,1,""
1995,3,3as,,1884,,,25.9822,-80.734333,gbhe,1,""
1995,3,3as,,1886,,,25.978283,-80.741683,gbhe,3,""
1995,3,3as,,1888,,,25.980017,-80.756967,gbhe,2,""
1995,3,3as,,1889,,,25.980683,-80.7603,gbhe,2,""
1995,3,3as,,1892,,,25.982467,-80.771067,gbhe,1,""
1995,3,3as,,1895,,,25.980683,-80.800017,gbhe,2,""
1995,3,3as,,1925,,,25.99,-80.715,gbhe,1,""
1995,3,3as,,1927,,,25.987683,-80.7068,gbhe,1,""
1995,3,3as,,1937,,,25.987983,-80.6718,gbhe,3,""
1995,3,3as,,1937,,,25.988,-80.671583,gbhe,2,""
1995,3,3as,1,1948,the_edge,the edge,25.995383,-80.659983,gbhe,1,""
1995,3,3as,,1951,,,25.99335,-80.671167,gbhe,1,""
1995,3,3as,,1952,,,25.9922,-80.671733,gbhe,2,""
1995,3,3as,,1958,,,25.9992,-80.699617,gbhe,1,""
1995,3,3as,,1962,,,25.996217,-80.719983,gbhe,1,""
1995,3,3as,,1966,,,25.995433,-80.7318,gbhe,2,""
1995,3,3as,,1966,,,25.99605,-80.73115,gbhe,2,""
1995,3,3as,,1966,,,25.995817,-80.730733,gbhe,2,""
1995,3,3as,,1969,,,25.993467,-80.746083,gbhe,1,""
1995,3,3as,,1991,,,26,-80.7622,gbhe,1,""
1995,3,3as,,2015,,Donut Melaleuca,26.012333,-80.6085,gbhe,1,""
1995,3,3as,,2017,,,26.007517,-80.6644,gbhe,1,""
1995,3,3as,,2049,,,26.019233,-80.6924,gbhe,1,""
1995,3,3as,,2056,,,26.02075,-80.64055,gbhe,2,""
1995,3,3as,,2057,,,26.019433,-80.611217,gbhe,1,""
1995,3,3as,,2059,,,26.02225,-80.573967,gbhe,1,""
1995,3,3as,3a,2062,donut_north,Donut North,26.02835,-80.562833,gbhe,5,""
1995,3,3as,,2063,,,26.028383,-80.644767,gbhe,1,""
1995,3,3as,,2067,,,26.031633,-80.682267,gbhe,2,""
1995,3,3as,,2098,,new,26.034883,-80.759667,gbhe,1,""
1995,3,3as,,2098,,new,26.034883,-80.759667,gbhe,1,""
1995,3,3as,3a,2108,big_mel_west,big mel west,26.034183,-80.67475,gbhe,1,""
1995,3,3as,,2112,,,26.035233,-80.64935,gbhe,1,""
1995,3,3as,,2123,,3A 13,26.045067,-80.64915,gbhe,1,""
1995,3,3as,,2156,,,26.047917,-80.763683,gbhe,4,""
1995,3,3as,,2179,,,26.0592,-80.702067,gbhe,1,""
1995,3,3as,,2191,,1999,26.070967,-80.8077,gbhe,1,""
1995,3,3as,,2210,,,26.0659,-80.614533,gbhe,4,""
1995,3,3as,,2212,,,26.077083,-80.616067,gbhe,2,""
1995,3,3as,,2212,,,26.075883,-80.613983,gbhe,1,""
1995,3,3as,,2216,,,26.0771,-80.6728,gbhe,1,""
1995,3,3as,,2230,,,26.081183,-80.806917,gbhe,1,""
1995,3,3as,,2245,,3a 11,26.096183,-80.660533,gbhe,2,""
1995,3,3as,,2248,,kg5,26.092317,-80.711883,gbhe,1,""
1995,3,3as,,2248,,,26.092717,-80.7115,gbhe,1,""
1995,3,3as,,2251,,,26.08855,-80.7337,gbhe,1,""
1995,3,3as,,2251,,,26.089317,-80.733333,gbhe,1,""
1995,3,3as,,2252,,,26.091983,-80.736133,gbhe,1,""
1995,3,3as,,2256,,,26.092433,-80.793133,gbhe,2,""
1995,3,3as,,2259,,,26.0968,-80.795267,gbhe,1,""
1995,3,3as,,2272,,,26.100667,-80.699267,gbhe,1,""
1995,3,3as,,2284,,unnamed new,26.108767,-80.663717,gbhe,1,""
1995,3,3as,,2285,,,26.10555,-80.700483,gbhe,1,""
1995,3,3as,,2291,,,26.1126,-80.744583,gbhe,1,""
1995,3,3as,,2296,,,26.108233,-80.751583,gbhe,1,""
1995,3,3as,,2384,,,26.127833,-80.711267,gbhe,1,""
1995,3,3as,,2385,,,26.128333,-80.7155,gbhe,2,""
1995,3,3as,,2405,,,26.131517,-80.7466,gbhe,1,""
1995,3,3as,,2559,,,25.97185,-80.656683,gbhe,1,""
1995,3,3as,,2694,,75,25.760333,-80.718167,gbhe,1,""
1995,3,3as,,2695,,,25.756483,-80.75645,gbhe,1,""
1995,3,3as,,2715,,,26.038717,-80.579283,gbhe,1,""
1995,3,3as,,3415,,,25.991433,-80.729467,gbhe,1,""
1995,3,3as,,3425,,,25.837283,-80.828783,gbhe,1,""
1995,3,3as,,3427,,109,25.826167,-80.680833,gbhe,1,""
1995,3,3as,,69,,,25.77075,-80.823217,greg,2,""
1995,3,3as,,723,,unnamed ge,25.822183,-80.678667,greg,17,""
1995,3,3as,,1331,,,25.906383,-80.794183,greg,1,""
1995,3,3as,,1888,,,25.980017,-80.756967,greg,1,""
1995,3,3as,,1927,,,25.987683,-80.7068,greg,2,""
1995,3,3as,,1958,,,25.9992,-80.699617,greg,1,""
1995,3,3as,,2098,,new,26.034883,-80.759667,greg,2,""
1995,3,3as,,2098,,new,26.034883,-80.759667,greg,2,""
1995,3,3as,,2157,,new,26.054033,-80.755833,greg,2,""
1995,3,3as,,2157,,new,26.054033,-80.755833,greg,2,""
1995,3,3as,,2181,,unknown,26.059667,-80.764833,greg,5,""
1995,3,3as,,2245,,3a 11,26.096183,-80.660533,greg,12,""
1995,3,3as,,2284,,unnamed new,26.108767,-80.663717,greg,7,""
1995,3,3as,,2307,,NE of double decker,26.114167,-80.657333,greg,18,""
1995,3,3as,,2307,,NE of double decker,26.114167,-80.657333,greg,18,""
1995,3,3as,,2384,,,26.127833,-80.711267,greg,2,""
1995,3,3as,,2422,,new,26.143267,-80.747267,greg,10,""
1995,3,3as,,513,,Hidden se,25.795,-80.841667,lbhe,25,""
1995,3,3as,3a,1802,lbh_halfway,LBH halfway,25.966583,-80.80805,lbhe,8,""
1995,3,3as,,2030,new_miccosukee,New Miccosukee,26.01595,-80.793767,lbhe,23,""
1995,3,3as,,2030,,New Miccosukee,26.01595,-80.793767,lbhe,23,""
1995,3,3as,,2045,,,26.01775,-80.735717,lbhe,4,""
1995,3,3as,,2098,,new,26.034883,-80.759667,lbhe,12,""
1995,3,3as,,2098,,new,26.034883,-80.759667,lbhe,12,""
1995,3,3as,3a,2108,big_mel_west,big mel west,26.034183,-80.67475,lbhe,7,""
1995,3,3as,,2123,,3A 13,26.045067,-80.64915,lbhe,2,""
1995,3,3as,,2154,,new,26.050383,-80.781533,lbhe,2,""
1995,3,3as,,2154,,new,26.050383,-80.781533,lbhe,2,""
1995,3,3as,,2157,,new,26.054033,-80.755833,lbhe,11,""
1995,3,3as,,2157,,new,26.054033,-80.755833,lbhe,11,""
1995,3,3as,,2190,,two tc,26.06925,-80.8131,lbhe,4,""
1995,3,3as,,2191,,1999,26.070967,-80.8077,lbhe,30,""
1995,3,3as,,2194,,94-tc,26.066483,-80.793333,lbhe,3,""
1995,3,3as,,2248,,kg5,26.092317,-80.711883,lbhe,6,""
1995,3,3as,,2248,,,26.092717,-80.7115,lbhe,7,""
1995,3,3as,,2249,,unknown,26.089,-80.711683,lbhe,25,""
1995,3,3as,,2297,,94-lb,26.108417,-80.78355,lbhe,15,""
1995,3,3as,,2401,,new,26.136017,-80.7808,lbhe,5,""
1995,3,3as,,2401,,new,26.136017,-80.7808,lbhe,5,""
1995,3,3as,,2423,,new,26.139333,-80.784667,lbhe,12,""
1995,3,3as,,2423,,new,26.139333,-80.784667,lbhe,12,""
1995,3,3as,,2191,,1999,26.070967,-80.8077,sneg,1,""
1995,3,3as,,1958,,,25.9992,-80.699617,trhe,2,""
1995,3,3ase,,2420,,,26.138333,-80.571667,anhi,6,""
1995,3,3ase,,2312,,32,26.1155,-80.549833,gbhe,1,""
1995,3,3b,,918,,3b Deer island,25.847183,-80.527083,bcnh,3,""
1995,3,3b,,918,,3b Deer island,25.847183,-80.527083,bcnh,3,""
1995,3,3b,,927,,3B deer island,25.847667,-80.5761,bcnh,4,""
1995,3,3b,,927,,3B deer island,25.847667,-80.5761,bcnh,4,""
1995,3,3b,,200,,34,25.782333,-80.556167,gbhe,1,""
1995,3,3b,,206,,38,25.784667,-80.571333,gbhe,1,""
1995,3,3b,,207,,39,25.784,-80.574,gbhe,1,""
1995,3,3b,,208,,37,25.786667,-80.571,gbhe,1,""
1995,3,3b,,215,,42,25.783,-80.608833,gbhe,1,""
1995,3,3b,,417,,12,25.7915,-80.508167,gbhe,1,""
1995,3,3b,,613,,21,25.812667,-80.521333,gbhe,1,""
1995,3,3b,,614,,24,25.813167,-80.5235,gbhe,1,""
1995,3,3b,,617,,29,25.816667,-80.540667,gbhe,1,""
1995,3,3b,,619,,41,25.815167,-80.6035,gbhe,1,""
1995,3,3b,,740,,gbh,25.8229,-80.644467,gbhe,1,""
1995,3,3b,,742,,gbh,25.821783,-80.64205,gbhe,1,""
1995,3,3b,,749,,gbh,25.82565,-80.64035,gbhe,3,""
1995,3,3b,,753,,30,25.8225,-80.5415,gbhe,1,""
1995,3,3b,,754,,18,25.823667,-80.519833,gbhe,1,""
1995,3,3b,,758,,5,25.823167,-80.504333,gbhe,1,""
1995,3,3b,,760,,2,25.818833,-80.500667,gbhe,1,""
1995,3,3b,,761,,1,25.8245,-80.500167,gbhe,1,""
1995,3,3b,,768,,3,25.833167,-80.503167,gbhe,1,""
1995,3,3b,,882,,36,25.841167,-80.5695,gbhe,1,""
1995,3,3b,,886,,35,25.841333,-80.568167,gbhe,1,""
1995,3,3b,,891,,104,25.837667,-80.553333,gbhe,1,""
1995,3,3b,,892,,33,25.837167,-80.550667,gbhe,1,""
1995,3,3b,,893,,31,25.835,-80.5475,gbhe,1,""
1995,3,3b,,900,,Dagon,25.840833,-80.527,gbhe,1,""
1995,3,3b,,903,,22,25.8405,-80.522833,gbhe,1,""
1995,3,3b,,906,,11,25.836,-80.507667,gbhe,1,""
1995,3,3b,,907,,4,25.84,-80.503167,gbhe,1,""
1995,3,3b,,908,,7,25.8445,-80.5055,gbhe,1,""
1995,3,3b,,909,,8,25.842667,-80.506,gbhe,1,""
1995,3,3b,,910,,9,25.8445,-80.506667,gbhe,1,""
1995,3,3b,,918,,3b Deer island,25.847183,-80.527083,gbhe,2,""
1995,3,3b,,918,,3b Deer island,25.847183,-80.527083,gbhe,2,""
1995,3,3b,,921,,28,25.8475,-80.531667,gbhe,1,""
1995,3,3b,,927,,3B deer island,25.847667,-80.5761,gbhe,1,""
1995,3,3b,,927,,3B deer island,25.847667,-80.5761,gbhe,1,""
1995,3,3b,,1019,,13,25.86,-80.508333,gbhe,1,""
1995,3,3b,,1020,,10,25.861333,-80.5075,gbhe,1,""
1995,3,3b,,1027,,16,25.865167,-80.5155,gbhe,1,""
1995,3,3b,,1133,,19,25.867,-80.519833,gbhe,1,""
1995,3,3b,,1136,,6,25.871333,-80.505333,gbhe,1,""
1995,3,3b,,1139,,25,25.874667,-80.524,gbhe,1,""
1995,3,3b,,1256,,23,25.881833,-80.523333,gbhe,1,""
1995,3,3b,,1269,,15,25.894,-80.513667,gbhe,1,""
1995,3,3b,,1387,,17,25.902333,-80.5165,gbhe,1,""
1995,3,3b,,3439,,27,25.842833,-80.530667,gbhe,1,""
1995,3,3b,,619,,Deer island,25.816667,-80.603167,greg,31,""
1995,3,3b,,619,,Deer island,25.814667,-80.601333,greg,27,""
1995,3,3b,,884,,Deer Island 3B,25.839333,-80.566667,greg,7,""
1995,3,3b,,885,,3b deer island,25.839917,-80.5706,greg,10,""
1995,3,3b,,885,,3b deer island,25.839917,-80.5706,greg,10,""
1995,3,3b,,894,,3b deer island 2,25.839833,-80.533283,greg,4,""
1995,3,3b,,894,,3b deer island 2,25.839833,-80.533283,greg,4,""
1995,3,3b,,927,,3B deer island,25.847667,-80.5761,greg,1,""
1995,3,3b,,927,,3B deer island,25.847667,-80.5761,greg,1,""
1995,3,3b,,1028,,Deer Island 3b,25.8585,-80.556167,greg,6,""
1995,3,3b,,1524,,unnamed head,25.919667,-80.511017,greg,3,""
1995,3,3b,,1641,,unnamed head,25.944,-80.473333,greg,10,""
1995,3,3b,,1645,,unnamed new,25.941833,-80.498333,greg,7,""
1995,3,3b,,927,,3B deer island,25.847667,-80.5761,lbhe,2,""
1995,3,3b,,927,,3B deer island,25.847667,-80.5761,lbhe,2,""
1995,enp,coastalenp,,2680,,East River,25.316667,-80.885,greg,20,""
1995,enp,coastalenp,,2680,,East River,25.316667,-80.885,greg,20,""
1995,enp,coastalenp,,2682,,Cuthbert,25.202333,-80.771667,greg,20,""
1995,enp,inlandenp,,5,frog_city_north,Frog City North,25.760833,-80.5875,greg,8,""
1995,enp,inlandenp,,2674,,W. of obs. tower,25.658,-80.799333,greg,22,""
1995,enp,inlandenp,,2696,,Pond Apple Hammock,25.736667,-80.735,greg,25,""
1996,1,1,1,2590,,96125,26.370833,-80.293667,bcnh,1,""
1996,1,1,1,2606,,96123,26.3665,-80.301667,bcnh,10,""
1996,1,1,1,2607,,96122,26.367833,-80.301833,bcnh,10,""
1996,1,1,1,2725,,96069,26.614833,-80.3215,bcnh,2,""
1996,1,1,1,2726,,96068,26.616667,-80.320667,bcnh,2,""
1996,1,1,1,2735,,96067,26.5985,-80.307833,bcnh,2,""
1996,1,1,1,2788,,96066,26.562833,-80.295,bcnh,5,""
1996,1,1,1,2836,,96082,26.524333,-80.355167,bcnh,1,""
1996,1,1,1,2839,,96083,26.525667,-80.349667,bcnh,1,""
1996,1,1,1,2857,,96147,26.517,-80.246667,bcnh,4,""
1996,1,1,1,2887,,96087,26.504667,-80.375333,bcnh,1,""
1996,1,1,1,2889,,96079,26.511167,-80.3605,bcnh,1,""
1996,1,1,1,2889,,96080,26.511833,-80.359833,bcnh,6,""
1996,1,1,1,2991,,96112,26.413333,-80.341333,bcnh,4,""
1996,1,1,1,2992,,96113,26.4145,-80.339667,bcnh,3,""
1996,1,1,1,3098,,96106,26.442167,-80.372167,bcnh,4,""
1996,1,1,1,3144,,96049,26.443333,-80.254667,bcnh,4,""
1996,1,1,1,3168,,NEWCOL2,26.458,-80.235167,bcnh,2,""
1996,1,1,1,3187,,96146,26.4525,-80.283167,bcnh,2,""
1996,1,1,1,3196,,96093,26.458833,-80.374333,bcnh,1,""
1996,1,1,1,3216,,96092,26.469667,-80.386,bcnh,1,""
1996,1,1,1,3216,,96091,26.469,-80.385667,bcnh,1,""
1996,1,1,1,3243,,96027,26.474167,-80.2445,bcnh,2,""
1996,1,1,1,3251,,96032,26.473833,-80.251833,bcnh,19,""
1996,1,1,1,3300,,96150,26.480667,-80.2685,bcnh,4,""
1996,1,1,1,3314,,96077,26.482667,-80.238833,bcnh,4,""
1996,1,1,1,3359,,96088,26.5025,-80.3755,bcnh,2,""
1996,1,1,1,3168,,NEWCOL2,26.458,-80.235167,caeg,23,""
1996,1,1,1,3205,,96153,26.459,-80.422,caeg,15,""
1996,1,1,1,3300,,96150,26.480667,-80.2685,caeg,1,""
1996,1,1,1,2565,,96156,26.368,-80.25,gbhe,7,""
1996,1,1,1,2611,,96116,26.3715,-80.3175,gbhe,1,""
1996,1,1,1,2613,,96115,26.374833,-80.324,gbhe,1,""
1996,1,1,1,2636,,96132,26.3795,-80.2595,gbhe,1,""
1996,1,1,1,2646,,96133,26.376667,-80.2535,gbhe,1,""
1996,1,1,1,2647,,96134,26.378167,-80.251667,gbhe,1,""
1996,1,1,1,2725,,96069,26.614833,-80.3215,gbhe,1,""
1996,1,1,1,2726,,96068,26.616667,-80.320667,gbhe,1,""
1996,1,1,1,2772,,YMIR,26.571,-80.273667,gbhe,1,""
1996,1,1,1,2772,,YMIR,26.571333,-80.272833,gbhe,1,""
1996,1,1,1,2772,,YMIR,26.570833,-80.2715,gbhe,1,""
1996,1,1,1,2788,,96066,26.562833,-80.295,gbhe,1,""
1996,1,1,1,2815,,96026,26.5425,-80.243333,gbhe,5,""
1996,1,1,1,2855,,96025,26.525,-80.236667,gbhe,1,""
1996,1,1,1,2864,,96070,26.514167,-80.270333,gbhe,4,""
1996,1,1,1,2870,,96024,26.520667,-80.325333,gbhe,1,""
1996,1,1,1,2886,,96012,26.506,-80.3755,gbhe,1,""
1996,1,1,1,2887,,96087,26.504667,-80.375333,gbhe,2,""
1996,1,1,1,2892,,96013,26.506167,-80.355333,gbhe,1,""
1996,1,1,1,2894,,96023,26.510167,-80.352167,gbhe,1,""
1996,1,1,1,2895,,96019,26.509333,-80.341833,gbhe,1,""
1996,1,1,1,2895,,96018,26.509333,-80.341667,gbhe,2,""
1996,1,1,1,2895,,96021,26.5095,-80.341333,gbhe,1,""
1996,1,1,1,2895,,96022,26.51,-80.341,gbhe,2,""
1996,1,1,1,2896,,96014,26.506333,-80.345333,gbhe,1,""
1996,1,1,1,2898,,96011,26.506,-80.3305,gbhe,1,""
1996,1,1,1,2900,,96020,26.5095,-80.33,gbhe,1,""
1996,1,1,1,2902,,96016,26.508667,-80.324,gbhe,1,""
1996,1,1,1,2902,,96017,26.509,-80.323333,gbhe,1,""
1996,1,1,1,2903,,96015,26.508167,-80.3225,gbhe,1,""
1996,1,1,1,2907,,96010,26.504667,-80.309833,gbhe,1,""
1996,1,1,1,2919,,96071,26.511667,-80.265333,gbhe,1,""
1996,1,1,1,2920,,96072,26.511,-80.2625,gbhe,2,""
1996,1,1,1,2970,2970,Venus,26.401667,-80.2465,gbhe,1,""
1996,1,1,1,2971,,96001,26.4035,-80.245667,gbhe,2,""
1996,1,1,1,2988,,96110,26.418167,-80.358667,gbhe,1,""
1996,1,1,1,2989,,96111,26.412,-80.354,gbhe,1,""
1996,1,1,1,2991,,96112,26.413333,-80.341333,gbhe,1,""
1996,1,1,1,3013,,96141,26.412833,-80.245,gbhe,1,""
1996,1,1,1,3015,,96140,26.411167,-80.247833,gbhe,1,""
1996,1,1,1,3029,,96114,26.418,-80.307,gbhe,1,""
1996,1,1,1,3043,,96109,26.43,-80.367,gbhe,1,""
1996,1,1,1,3109,,96100,26.4485,-80.3845,gbhe,2,""
1996,1,1,1,3113,,96098,26.451,-80.38,gbhe,1,""
1996,1,1,1,3119,,96108,26.443167,-80.365833,gbhe,1,""
1996,1,1,1,3130,,96145,26.45,-80.282833,gbhe,1,""
1996,1,1,1,3131,volta_west,Volta west,26.446667,-80.2765,gbhe,1,""
1996,1,1,1,3137,,96143,26.445167,-80.267167,gbhe,2,""
1996,1,1,1,3140,,96078,26.448833,-80.2605,gbhe,3,""
1996,1,1,1,3144,,96049,26.443333,-80.254667,gbhe,1,""
1996,1,1,1,3149,,96036,26.447,-80.250667,gbhe,1,""
1996,1,1,1,3151,,96035,26.446,-80.250833,gbhe,3,""
1996,1,1,1,3152,,96034,26.4455,-80.2495,gbhe,1,""
1996,1,1,1,3153,,96046,26.449333,-80.249667,gbhe,1,""
1996,1,1,1,3172,,96003,26.459667,-80.246,gbhe,3,""
1996,1,1,1,3179,,96148,26.456,-80.2595,gbhe,1,""
1996,1,1,1,3198,,96099,26.454167,-80.380167,gbhe,2,""
1996,1,1,1,3219,,96004,26.464667,-80.372333,gbhe,1,""
1996,1,1,1,3246,,96005,26.471667,-80.248167,gbhe,2,""
1996,1,1,1,3247,,96031,26.472167,-80.248,gbhe,1,""
1996,1,1,1,3248,,96006,26.472833,-80.247833,gbhe,1,""
1996,1,1,1,3269,,96007,26.474333,-80.298833,gbhe,1,""
1996,1,1,1,3289,,96008,26.483333,-80.354833,gbhe,1,""
1996,1,1,1,3300,,96150,26.480667,-80.2685,gbhe,1,""
1996,1,1,1,3303,,96151,26.4775,-80.265167,gbhe,1,""
1996,1,1,1,3316,,96028,26.4765,-80.233333,gbhe,1,""
1996,1,1,1,3333,,96086,26.495667,-80.351333,gbhe,1,""
1996,1,1,1,3343,,96009,26.487667,-80.363667,gbhe,1,""
1996,1,1,1,3350,,96089,26.494167,-80.3795,gbhe,1,""
1996,1,1,1,3357,,96090,26.487167,-80.383667,gbhe,1,""
1996,1,1,1,2565,,96156,26.368,-80.25,greg,13,""
1996,1,1,1,2590,,96125,26.370833,-80.293667,greg,1,""
1996,1,1,1,2595,,96124,26.369167,-80.294667,greg,1,""
1996,1,1,1,2626,,96120,26.375833,-80.3005,greg,4,""
1996,1,1,1,2726,,96068,26.616667,-80.320667,greg,2,""
1996,1,1,1,2772,,YMIR,26.572167,-80.272833,greg,3,""
1996,1,1,1,2772,,YMIR,26.571333,-80.272833,greg,2,""
1996,1,1,1,2772,,YMIR,26.570667,-80.272333,greg,3,""
1996,1,1,1,2772,,YMIR,26.570833,-80.2715,greg,21,""
1996,1,1,1,2839,,96083,26.525667,-80.349667,greg,1,""
1996,1,1,1,2887,,96087,26.504667,-80.375333,greg,1,""
1996,1,1,1,2889,,96079,26.511167,-80.3605,greg,1,""
1996,1,1,1,2891,,96085,26.504167,-80.3545,greg,6,""
1996,1,1,1,2977,,96139,26.404333,-80.248667,greg,1,""
1996,1,1,1,2992,,96113,26.4145,-80.339667,greg,3,""
1996,1,1,1,3005,,96157,26.411667,-80.261667,greg,11,""
1996,1,1,1,3102,,96104,26.444167,-80.377833,greg,21,""
1996,1,1,1,3108,,96101,26.4465,-80.3855,greg,7,""
1996,1,1,1,3109,,96100,26.4485,-80.3845,greg,6,""
1996,1,1,1,3113,,96098,26.451,-80.38,greg,33,""
1996,1,1,1,3137,,96143,26.445167,-80.267167,greg,3,""
1996,1,1,1,3142,,96051,26.4445,-80.2575,greg,4,""
1996,1,1,1,3143,,96054,26.444,-80.258667,greg,5,""
1996,1,1,1,3144,,96048,26.443,-80.255333,greg,1,""
1996,1,1,1,3144,,96049,26.443333,-80.254667,greg,12,""
1996,1,1,1,3148,,96050,26.443833,-80.254,greg,1,""
1996,1,1,1,3149,,96036,26.447,-80.250667,greg,9,""
1996,1,1,1,3151,,96035,26.446,-80.250833,greg,16,""
1996,1,1,1,3168,,NEWCOL2,26.458167,-80.242833,greg,7,""
1996,1,1,1,3168,,NEWCOL2,26.459833,-80.2425,greg,2,""
1996,1,1,1,3168,,NEWCOL2,26.458333,-80.2425,greg,1,""
1996,1,1,1,3168,,NEWCOL2,26.4595,-80.241333,greg,1,""
1996,1,1,1,3168,,NEWCOL2,26.459,-80.240167,greg,1,""
1996,1,1,1,3168,,NEWCOL2,26.458833,-80.239833,greg,7,""
1996,1,1,1,3168,,NEWCOL2,26.458333,-80.238833,greg,3,""
1996,1,1,1,3187,,96146,26.4525,-80.283167,greg,2,""
1996,1,1,1,3196,,96093,26.458833,-80.374333,greg,10,""
1996,1,1,1,3198,,96099,26.454167,-80.380167,greg,22,""
1996,1,1,1,3205,,96153,26.459,-80.422,greg,11,""
1996,1,1,1,3217,wonton,Wonton,26.462167,-80.372333,greg,5,""
1996,1,1,1,3300,,96150,26.480667,-80.2685,greg,3,""
1996,1,1,1,3399,,96037,26.434167,-80.248667,greg,1,""
1996,1,1,1,2590,,96125,26.370833,-80.293667,lbhe,23,""
1996,1,1,1,2595,,96124,26.369167,-80.294667,lbhe,1,""
1996,1,1,1,2606,,96123,26.3665,-80.301667,lbhe,2,""
1996,1,1,1,2607,,96122,26.367833,-80.301833,lbhe,1,""
1996,1,1,1,2725,,96069,26.614833,-80.3215,lbhe,5,""
1996,1,1,1,2726,,96068,26.616667,-80.320667,lbhe,55,""
1996,1,1,1,2735,,96067,26.5985,-80.307833,lbhe,40,""
1996,1,1,1,2788,,96066,26.562833,-80.295,lbhe,60,""
1996,1,1,1,2836,,96082,26.524333,-80.355167,lbhe,22,""
1996,1,1,1,2839,,96083,26.525667,-80.349667,lbhe,7,""
1996,1,1,1,2857,,96147,26.517,-80.246667,lbhe,40,""
1996,1,1,1,2877,,96084,26.517,-80.362167,lbhe,1,""
1996,1,1,1,2887,,96087,26.504667,-80.375333,lbhe,43,""
1996,1,1,1,2889,,96079,26.511167,-80.3605,lbhe,45,""
1996,1,1,1,2889,,96080,26.511833,-80.359833,lbhe,15,""
1996,1,1,1,2891,,96085,26.504167,-80.3545,lbhe,40,""
1996,1,1,1,2991,,96112,26.413333,-80.341333,lbhe,14,""
1996,1,1,1,2992,,96113,26.4145,-80.339667,lbhe,11,""
1996,1,1,1,3098,,96106,26.442167,-80.372167,lbhe,45,""
1996,1,1,1,3098,,96107,26.441,-80.372,lbhe,45,""
1996,1,1,1,3102,,96104,26.444167,-80.377833,lbhe,37,""
1996,1,1,1,3115,,96103,26.447333,-80.376667,lbhe,25,""
1996,1,1,1,3144,,96049,26.443333,-80.254667,lbhe,15,""
1996,1,1,1,3168,,NEWCOL2,26.458,-80.235167,lbhe,40,""
1996,1,1,1,3187,,96146,26.4525,-80.283167,lbhe,45,""
1996,1,1,1,3196,,96093,26.458833,-80.374333,lbhe,50,""
1996,1,1,1,3216,,96092,26.469667,-80.386,lbhe,18,""
1996,1,1,1,3216,,96091,26.469,-80.385667,lbhe,50,""
1996,1,1,1,3251,,96032,26.473833,-80.251833,lbhe,1,""
1996,1,1,1,3300,,96150,26.480667,-80.2685,lbhe,60,""
1996,1,1,1,3314,,96077,26.482667,-80.238833,lbhe,36,""
1996,1,1,1,3359,,96088,26.5025,-80.3755,lbhe,18,""
1996,1,1,1,3377,,96081,26.522333,-80.360833,lbhe,18,""
1996,1,1,1,2857,,96147,26.517,-80.246667,sneg,3,""
1996,1,1,1,3142,,96051,26.4445,-80.2575,trhe,1,""
1996,1,1,1,3144,,96049,26.443333,-80.254667,trhe,1,""
1996,1,1,1,3148,,96050,26.443833,-80.254,trhe,1,""
1996,1,1,1,2735,,96067,26.5985,-80.307833,whib,2,""
1996,2,2a,,2531,,2agfc,26.250167,-80.326667,bcnh,30,""
1996,2,2a,,2526,,2agfc,26.236667,-80.3105,gbhe,30,""
1996,2,2a,,2540,,2agfc,26.2705,-80.311667,gbhe,2,""
1996,2,2a,,2541,,2agfc,26.266,-80.307167,gbhe,10,""
1996,2,2a,,2526,,2agfc,26.236667,-80.3105,greg,2,""
1996,2,2a,,2541,,2agfc,26.266,-80.307167,greg,10,""
1996,2,2a,,2542,,,26.305,-80.33,greg,1,""
1996,2,2a,1,2563,,96158,26.357,-80.303,greg,7,""
1996,2,2a,,2531,,2agfc,26.250167,-80.326667,lbhe,30,""
1996,2,2a,,2540,,2agfc,26.2705,-80.311667,trhe,20,""
1996,2,2b,,2462,,,26.161667,-80.43,gbhe,1,""
1996,2,2b,,2462,,,26.161667,-80.43,greg,12,""
1996,3,3an,,2451,,1?,26.181933,-80.5496,greg,4,""
1996,3,3as,,48,,,25.766267,-80.814717,anhi,1,""
1996,3,3as,,65,,,25.7711,-80.8275,anhi,9,""
1996,3,3as,,67,,,25.776733,-80.822533,anhi,3,""
1996,3,3as,,71,,,25.771533,-80.819967,anhi,2,""
1996,3,3as,,72,,,25.771667,-80.81725,anhi,2,""
1996,3,3as,,79,,,25.77235,-80.79635,anhi,1,""
1996,3,3as,,85,,,25.777333,-80.793,anhi,3,""
1996,3,3as,,114,,,25.777233,-80.767383,anhi,1,""
1996,3,3as,,116,,,25.77265,-80.766333,anhi,1,""
1996,3,3as,,245,,,25.781067,-80.742183,anhi,1,""
1996,3,3as,,261,,,25.786133,-80.753,anhi,1,""
1996,3,3as,,261,,,25.786183,-80.751933,anhi,1,""
1996,3,3as,,324,,,25.78125,-80.831483,anhi,1,""
1996,3,3as,,477,,,25.802017,-80.752433,anhi,2,""
1996,3,3as,,486,,,25.8019,-80.7676,anhi,20,""
1996,3,3as,,487,,,25.801633,-80.769067,anhi,4,""
1996,3,3as,,492,,,25.798133,-80.782317,anhi,2,""
1996,3,3as,,495,,,25.80075,-80.78265,anhi,2,""
1996,3,3as,,504,,,25.800833,-80.803767,anhi,8,""
1996,3,3as,,521,,,25.8025,-80.817833,anhi,1,""
1996,3,3as,,536,,,25.806517,-80.785933,anhi,1,""
1996,3,3as,,539,,,25.806633,-80.779917,anhi,3,""
1996,3,3as,,545,,,25.802983,-80.74245,anhi,2,""
1996,3,3as,,545,,,25.8024,-80.742367,anhi,3,""
1996,3,3as,,658,,,25.81175,-80.749033,anhi,1,""
1996,3,3as,,662,,,25.815033,-80.76885,anhi,2,""
1996,3,3as,,668,,,25.816583,-80.772767,anhi,6,""
1996,3,3as,,669,,,25.814467,-80.775617,anhi,8,""
1996,3,3as,,678,,,25.81205,-80.815383,anhi,1,""
1996,3,3as,,684,,,25.822583,-80.807117,anhi,4,""
1996,3,3as,,691,,,25.820417,-80.76755,anhi,2,""
1996,3,3as,,694,,,25.823217,-80.745433,anhi,6,""
1996,3,3as,,705,,,25.825917,-80.71755,anhi,2,""
1996,3,3as,,710,,,25.825667,-80.707,anhi,1,""
1996,3,3as,,710,,,25.826217,-80.706467,anhi,3,""
1996,3,3as,,721,,,25.824817,-80.679267,anhi,9,""
1996,3,3as,,729,,,25.823233,-80.6716,anhi,30,""
1996,3,3as,,732,,,25.82505,-80.671367,anhi,1,""
1996,3,3as,,734,,,25.8225,-80.66025,anhi,1,""
1996,3,3as,,777,,,25.82915,-80.66345,anhi,12,""
1996,3,3as,,780,,,25.833483,-80.66445,anhi,3,""
1996,3,3as,,782,,,25.8313,-80.674067,anhi,6,""
1996,3,3as,,782,,,25.83285,-80.673583,anhi,2,""
1996,3,3as,,794,,,25.831683,-80.689617,anhi,2,""
1996,3,3as,,814,,,25.830917,-80.753133,anhi,3,""
1996,3,3as,,820,,,25.833183,-80.765,anhi,7,""
1996,3,3as,,823,,,25.829217,-80.7669,anhi,1,""
1996,3,3as,,849,,,25.83605,-80.75555,anhi,2,""
1996,3,3as,,851,,,25.836117,-80.752333,anhi,2,""
1996,3,3as,,853,,,25.835367,-80.74915,anhi,5,""
1996,3,3as,,853,,,25.834967,-80.74895,anhi,3,""
1996,3,3as,,856,,,25.835933,-80.742567,anhi,9,""
1996,3,3as,,872,,,25.835267,-80.685567,anhi,1,""
1996,3,3as,,936,,,25.846633,-80.68535,anhi,2,""
1996,3,3as,,937,,,25.842367,-80.681433,anhi,2,""
1996,3,3as,,942,,,25.850517,-80.699133,anhi,2,""
1996,3,3as,,944,,,25.8471,-80.703067,anhi,10,""
1996,3,3as,,952,,,25.847517,-80.749,anhi,5,""
1996,3,3as,,954,,,25.848917,-80.755217,anhi,6,""
1996,3,3as,,956,,,25.84955,-80.76345,anhi,1,""
1996,3,3as,,960,,,25.845017,-80.799017,anhi,4,""
1996,3,3as,,960,,,25.845167,-80.798667,anhi,1,""
1996,3,3as,,964,,,25.8427,-80.7988,anhi,1,""
1996,3,3as,,964,,,25.843,-80.798667,anhi,3,""
1996,3,3as,,974,,,25.852267,-80.806467,anhi,3,""
1996,3,3as,,1000,,,25.853983,-80.701917,anhi,2,""
1996,3,3as,,1037,,,25.860167,-80.671583,anhi,1,""
1996,3,3as,,1042,,,25.862067,-80.7033,anhi,2,""
1996,3,3as,,1044,,,25.862617,-80.7059,anhi,1,""
1996,3,3as,,1059,,,25.865583,-80.7484,anhi,6,""
1996,3,3as,,1059,,,25.865583,-80.7482,anhi,4,""
1996,3,3as,,1066,,,25.8591,-80.75345,anhi,17,""
1996,3,3as,,1068,,,25.86625,-80.764483,anhi,1,""
1996,3,3as,,1070,,,25.866017,-80.76065,anhi,1,""
1996,3,3as,,1071,,,25.859417,-80.7739,anhi,2,""
1996,3,3as,,1073,,,25.863567,-80.776517,anhi,2,""
1996,3,3as,,1076,,,25.86265,-80.789367,anhi,1,""
1996,3,3as,,1078,,,25.865067,-80.791067,anhi,2,""
1996,3,3as,,1080,,,25.860583,-80.8064,anhi,1,""
1996,3,3as,,1087,,,25.8698,-80.806967,anhi,1,""
1996,3,3as,,1106,,,25.872133,-80.7768,anhi,1,""
1996,3,3as,,1107,,,25.872633,-80.775433,anhi,1,""
1996,3,3as,,1108,,,25.868267,-80.761317,anhi,1,""
1996,3,3as,,1119,,,25.8702,-80.68095,anhi,1,""
1996,3,3as,,1120,,,25.867733,-80.6736,anhi,2,""
1996,3,3as,,1122,,,25.8718,-80.658883,anhi,1,""
1996,3,3as,,1144,,,25.87945,-80.6615,anhi,2,""
1996,3,3as,,1154,,,25.877117,-80.706017,anhi,2,""
1996,3,3as,,1167,,,25.8773,-80.714233,anhi,12,""
1996,3,3as,3a,1181,long_strand,long strand,25.876833,-80.755333,anhi,4,""
1996,3,3as,3a,1181,long_strand,long strand,25.876833,-80.755167,anhi,10,""
1996,3,3as,,1203,,,25.87925,-80.82485,anhi,1,""
1996,3,3as,3a,1222,fontana,FONTANA,25.887917,-80.77105,anhi,4,""
1996,3,3as,3a,1222,fontana,FONTANA,25.887533,-80.770083,anhi,3,""
1996,3,3as,,1223,,,25.8846,-80.7662,anhi,3,""
1996,3,3as,,1227,,,25.882017,-80.74185,anhi,1,""
1996,3,3as,,1230,,,25.887383,-80.717683,anhi,6,""
1996,3,3as,,1233,,,25.882617,-80.704617,anhi,1,""
1996,3,3as,,1243,,,25.887483,-80.672417,anhi,2,""
1996,3,3as,,1279,,,25.892483,-80.6669,anhi,6,""
1996,3,3as,,1317,,,25.891467,-80.75865,anhi,1,""
1996,3,3as,,1319,,,25.893433,-80.77365,anhi,9,""
1996,3,3as,,1330,,,25.906683,-80.79785,anhi,2,""
1996,3,3as,,1342,,,25.901917,-80.76315,anhi,1,""
1996,3,3as,,1344,,,25.899083,-80.749283,anhi,2,""
1996,3,3as,,1350,,,25.901033,-80.7411,anhi,1,""
1996,3,3as,,1351,,,25.902233,-80.740017,anhi,1,""
1996,3,3as,,1355,,,25.9017,-80.738633,anhi,15,""
1996,3,3as,,1360,,,25.903767,-80.70805,anhi,1,""
1996,3,3as,,1365,,,25.903517,-80.66975,anhi,1,""
1996,3,3as,,1400,,,25.915633,-80.66135,anhi,3,""
1996,3,3as,,1400,,,25.914167,-80.660933,anhi,18,""
1996,3,3as,,1405,,,25.913467,-80.670283,anhi,2,""
1996,3,3as,,1432,,,25.909333,-80.729967,anhi,2,""
1996,3,3as,,1448,,,25.9102,-80.746917,anhi,1,""
1996,3,3as,,1454,,,25.915283,-80.774633,anhi,5,""
1996,3,3as,,1475,,,25.9203,-80.798883,anhi,20,""
1996,3,3as,,1475,,,25.920117,-80.798467,anhi,2,""
1996,3,3as,,1477,,,25.920683,-80.794667,anhi,5,""
1996,3,3as,,1480,,,25.915717,-80.783567,anhi,4,""
1996,3,3as,,1482,,,25.918267,-80.773717,anhi,2,""
1996,3,3as,,1485,,,25.922467,-80.755317,anhi,4,""
1996,3,3as,,1491,,,25.920467,-80.739833,anhi,1,""
1996,3,3as,,1494,,,25.917,-80.732,anhi,18,""
1996,3,3as,,1495,,,25.918767,-80.73545,anhi,1,""
1996,3,3as,,1509,,,25.919067,-80.682733,anhi,2,""
1996,3,3as,,1515,,,25.921667,-80.662133,anhi,3,""
1996,3,3as,,1516,,,25.9228,-80.661283,anhi,2,""
1996,3,3as,,1536,,,25.9318,-80.67905,anhi,5,""
1996,3,3as,,1538,,,25.92625,-80.686317,anhi,28,""
1996,3,3as,,1542,,,25.928717,-80.68775,anhi,5,""
1996,3,3as,,1548,,,25.932817,-80.713717,anhi,7,""
1996,3,3as,,1551,,,25.928867,-80.728867,anhi,1,""
1996,3,3as,,1552,,,25.926233,-80.732167,anhi,6,""
1996,3,3as,,1554,,,25.928733,-80.739267,anhi,12,""
1996,3,3as,,1560,,,25.930333,-80.746317,anhi,1,""
1996,3,3as,,1561,,,25.929367,-80.7511,anhi,1,""
1996,3,3as,,1564,,,25.93305,-80.758167,anhi,27,""
1996,3,3as,,1565,,,25.9265,-80.75665,anhi,2,""
1996,3,3as,,1583,,,25.925167,-80.7803,anhi,1,""
1996,3,3as,,1654,,,25.943183,-80.666483,anhi,5,""
1996,3,3as,,1657,,,25.9432,-80.674467,anhi,1,""
1996,3,3as,,1659,,,25.945667,-80.67545,anhi,3,""
1996,3,3as,,1680,,,25.94865,-80.74425,anhi,1,""
1996,3,3as,,1682,,,25.943517,-80.749017,anhi,4,""
1996,3,3as,,1691,,,25.944617,-80.761033,anhi,1,""
1996,3,3as,,1694,,,25.947883,-80.77585,anhi,2,""
1996,3,3as,,1695,,,25.945567,-80.777783,anhi,1,""
1996,3,3as,,1699,,,25.950167,-80.775383,anhi,2,""
1996,3,3as,,1714,,,25.955417,-80.772867,anhi,3,""
1996,3,3as,,1714,,,25.9558,-80.77195,anhi,2,""
1996,3,3as,,1727,,,25.9513,-80.730317,anhi,1,""
1996,3,3as,,1727,,,25.950833,-80.729717,anhi,1,""
1996,3,3as,,1743,,,25.952133,-80.699617,anhi,4,""
1996,3,3as,,1746,,,25.951717,-80.6941,anhi,3,""
1996,3,3as,,1759,,,25.95175,-80.666417,anhi,4,""
1996,3,3as,,1785,,,25.959967,-80.73345,anhi,1,""
1996,3,3as,,1791,,,25.964333,-80.7527,anhi,10,""
1996,3,3as,,1792,,,25.96415,-80.770067,anhi,2,""
1996,3,3as,,1808,,,25.965167,-80.8207,anhi,1,""
1996,3,3as,,1888,,,25.980033,-80.756433,anhi,3,""
1996,3,3as,,1889,,,25.980583,-80.76035,anhi,1,""
1996,3,3as,,1911,,,25.989967,-80.796333,anhi,1,""
1996,3,3as,,1927,,,25.987783,-80.706667,anhi,2,""
1996,3,3as,,2046,,,26.022633,-80.734817,anhi,7,""
1996,3,3as,,2304,,JW2,26.118333,-80.731667,anhi,2,""
1996,3,3as,,2706,,,25.915067,-80.711383,anhi,8,""
1996,3,3as,,58,,,25.7731,-80.83415,bcnh,5,""
1996,3,3as,,513,,LBH near Hidden,25.795,-80.841667,bcnh,5,""
1996,3,3as,,964,,,25.843,-80.798667,bcnh,1,""
1996,3,3as,,1087,,,25.8698,-80.806967,bcnh,12,""
1996,3,3as,,1096,,,25.871233,-80.802017,bcnh,3,""
1996,3,3as,3a,1217,robs,Robs,25.888967,-80.80435,bcnh,23,""
1996,3,3as,,1329,,,25.897817,-80.799967,bcnh,1,""
1996,3,3as,,1330,,,25.906683,-80.79785,bcnh,5,""
1996,3,3as,,1465,,,25.909983,-80.79885,bcnh,1,""
1996,3,3as,,1475,,,25.9203,-80.798883,bcnh,15,""
1996,3,3as,,1475,,,25.920117,-80.798467,bcnh,5,""
1996,3,3as,,1482,,,25.918267,-80.773717,bcnh,2,""
1996,3,3as,,1786,,,25.965433,-80.737367,bcnh,3,""
1996,3,3as,,1789,,,25.960417,-80.74715,bcnh,1,""
1996,3,3as,,1798,,,25.959583,-80.794317,bcnh,3,""
1996,3,3as,,1801,gator_baby,Gator Baby,25.963333,-80.808333,bcnh,37,""
1996,3,3as,3a,1802,lbh_halfway,LBH halfway,25.967317,-80.807633,bcnh,45,""
1996,3,3as,,1806,,,25.965633,-80.817267,bcnh,2,""
1996,3,3as,,1808,,,25.965167,-80.8207,bcnh,18,""
1996,3,3as,,1810,,,25.970467,-80.819283,bcnh,2,""
1996,3,3as,,1811,,,25.972,-80.818567,bcnh,5,""
1996,3,3as,,1822,,,25.969517,-80.779217,bcnh,1,""
1996,3,3as,,1823,,,25.970083,-80.774483,bcnh,2,""
1996,3,3as,,1839,,,25.9717,-80.716283,bcnh,1,""
1996,3,3as,,1895,,,25.980883,-80.799767,bcnh,1,""
1996,3,3as,,1901,,,25.979,-80.822367,bcnh,9,""
1996,3,3as,,1902,,,25.9863,-80.820767,bcnh,10,""
1996,3,3as,,1904,,,25.98535,-80.8147,bcnh,2,""
1996,3,3as,,1905,,,25.985283,-80.812833,bcnh,1,""
1996,3,3as,,1927,,,25.987783,-80.706667,bcnh,3,""
1996,3,3as,,1978,,,25.99225,-80.812933,bcnh,1,""
1996,3,3as,,1984,,,26.002567,-80.778883,bcnh,3,""
1996,3,3as,,1984,,,26.002333,-80.778317,bcnh,18,""
1996,3,3as,,1984,,,26.002533,-80.778,bcnh,17,""
1996,3,3as,,2027,,,26.0135,-80.785683,bcnh,1,""
1996,3,3as,,2029,,,26.015433,-80.793117,bcnh,2,""
1996,3,3as,,2030,,,26.01605,-80.7944,bcnh,5,""
1996,3,3as,,2031,,,26.0165,-80.7971,bcnh,2,""
1996,3,3as,,2032,,,26.009817,-80.7995,bcnh,3,""
1996,3,3as,,2046,,,26.022633,-80.734817,bcnh,1,""
1996,3,3as,,2103,,,26.03835,-80.735867,bcnh,4,""
1996,3,3as,3a,2108,big_mel_west,big mel west,26.035283,-80.6749,bcnh,4,""
1996,3,3as,,2134,,,26.04345,-80.7225,bcnh,5,""
1996,3,3as,,2146,,,26.03895,-80.809917,bcnh,2,""
1996,3,3as,,2163,,,26.054667,-80.73285,bcnh,13,""
1996,3,3as,,2248,,,26.09285,-80.71135,bcnh,3,""
1996,3,3as,,3414,,,25.9848,-80.712383,bcnh,1,""
1996,3,3as,,1564,,,25.93305,-80.758167,dcco,1,""
1996,3,3as,,1682,,,25.943517,-80.749017,dcco,5,""
1996,3,3as,,1902,,,25.9863,-80.820767,dcco,1,""
1996,3,3as,,2035,,,26.013467,-80.823383,dcco,1,""
1996,3,3as,,65,,,25.7711,-80.8275,gbhe,1,""
1996,3,3as,,67,,,25.776733,-80.822533,gbhe,1,""
1996,3,3as,,71,,,25.771533,-80.819967,gbhe,3,""
1996,3,3as,,79,,,25.77235,-80.79635,gbhe,2,""
1996,3,3as,,81,,,25.776683,-80.79765,gbhe,1,""
1996,3,3as,,82,,,25.776,-80.796,gbhe,1,""
1996,3,3as,,85,,,25.777333,-80.793,gbhe,1,""
1996,3,3as,,93,,,25.7777,-80.78755,gbhe,1,""
1996,3,3as,,96,,,25.776933,-80.784183,gbhe,1,""
1996,3,3as,,112,,,25.7736,-80.769333,gbhe,1,""
1996,3,3as,,118,,,25.77325,-80.76755,gbhe,1,""
1996,3,3as,,132,,,25.7769,-80.754483,gbhe,1,""
1996,3,3as,,136,,,25.7769,-80.749883,gbhe,1,""
1996,3,3as,,141,,,25.774083,-80.733483,gbhe,1,""
1996,3,3as,,150,,,25.774583,-80.7295,gbhe,1,""
1996,3,3as,,251,,,25.785933,-80.742683,gbhe,1,""
1996,3,3as,,252,,,25.777833,-80.744833,gbhe,1,""
1996,3,3as,,254,,,25.782117,-80.7516,gbhe,1,""
1996,3,3as,,261,,,25.786133,-80.75245,gbhe,1,""
1996,3,3as,,269,,,25.78365,-80.7592,gbhe,1,""
1996,3,3as,,284,,,25.779733,-80.769767,gbhe,2,""
1996,3,3as,,307,,,25.779367,-80.799,gbhe,3,""
1996,3,3as,,376,,,25.787433,-80.74325,gbhe,1,""
1996,3,3as,,376,,,25.78785,-80.742783,gbhe,1,""
1996,3,3as,,474,,,25.796317,-80.7318,gbhe,1,""
1996,3,3as,,477,,,25.802017,-80.752433,gbhe,1,""
1996,3,3as,,486,,,25.8019,-80.7676,gbhe,1,""
1996,3,3as,,487,,,25.801633,-80.769067,gbhe,1,""
1996,3,3as,,489,,,25.795467,-80.769467,gbhe,2,""
1996,3,3as,,492,,,25.798133,-80.782317,gbhe,2,""
1996,3,3as,,503,,,25.796833,-80.799733,gbhe,1,""
1996,3,3as,,504,,,25.800833,-80.803767,gbhe,1,""
1996,3,3as,,505,,,25.7958,-80.806817,gbhe,1,""
1996,3,3as,,529,,,25.806317,-80.7977,gbhe,1,""
1996,3,3as,,534,,,25.807083,-80.790933,gbhe,1,""
1996,3,3as,,536,,,25.806517,-80.785933,gbhe,1,""
1996,3,3as,,539,,,25.806633,-80.779917,gbhe,1,""
1996,3,3as,,542,,,25.806017,-80.763033,gbhe,2,""
1996,3,3as,,545,,,25.8024,-80.742367,gbhe,1,""
1996,3,3as,,655,,,25.81115,-80.74395,gbhe,1,""
1996,3,3as,,658,,,25.811967,-80.749383,gbhe,1,""
1996,3,3as,,662,,,25.815033,-80.76885,gbhe,1,""
1996,3,3as,,668,,,25.816583,-80.772767,gbhe,1,""
1996,3,3as,,669,,,25.814467,-80.775617,gbhe,2,""
1996,3,3as,,691,,,25.820417,-80.76755,gbhe,1,""
1996,3,3as,,694,,,25.823217,-80.745433,gbhe,1,""
1996,3,3as,,705,,,25.825917,-80.71755,gbhe,1,""
1996,3,3as,,710,,,25.825667,-80.707,gbhe,1,""
1996,3,3as,,710,,,25.826217,-80.706467,gbhe,1,""
1996,3,3as,,721,,,25.824817,-80.679267,gbhe,1,""
1996,3,3as,,729,,,25.823233,-80.6716,gbhe,1,""
1996,3,3as,,777,,,25.82915,-80.66345,gbhe,2,""
1996,3,3as,,784,,,25.82615,-80.66975,gbhe,3,""
1996,3,3as,,805,,,25.831483,-80.712167,gbhe,1,""
1996,3,3as,,820,,,25.833183,-80.765,gbhe,1,""
1996,3,3as,,851,,,25.836117,-80.752333,gbhe,1,""
1996,3,3as,,865,,,25.841617,-80.698633,gbhe,3,""
1996,3,3as,,872,,,25.835267,-80.685567,gbhe,2,""
1996,3,3as,,935,,,25.8453,-80.677767,gbhe,1,""
1996,3,3as,,936,,,25.846633,-80.68535,gbhe,1,""
1996,3,3as,,937,,,25.842367,-80.681433,gbhe,2,""
1996,3,3as,,942,,,25.850517,-80.699133,gbhe,3,""
1996,3,3as,,944,,,25.8471,-80.703067,gbhe,1,""
1996,3,3as,,954,,,25.848917,-80.755217,gbhe,1,""
1996,3,3as,,960,,,25.845017,-80.799017,gbhe,1,""
1996,3,3as,,960,,,25.845167,-80.798667,gbhe,3,""
1996,3,3as,,964,,,25.8427,-80.7988,gbhe,1,""
1996,3,3as,,964,,,25.843,-80.798667,gbhe,2,""
1996,3,3as,,980,,,25.851917,-80.782317,gbhe,1,""
1996,3,3as,,999,,,25.857933,-80.7094,gbhe,4,""
1996,3,3as,,1033,,,25.86275,-80.66165,gbhe,1,""
1996,3,3as,,1068,,,25.866133,-80.764133,gbhe,1,""
1996,3,3as,,1077,,,25.862833,-80.788867,gbhe,1,""
1996,3,3as,,1078,,,25.865067,-80.791067,gbhe,1,""
1996,3,3as,,1096,,,25.871233,-80.802017,gbhe,1,""
1996,3,3as,,1106,,,25.872133,-80.7768,gbhe,1,""
1996,3,3as,,1120,,,25.867733,-80.6736,gbhe,1,""
1996,3,3as,,1121,,,25.869367,-80.6606,gbhe,1,""
1996,3,3as,,1122,,,25.8718,-80.658883,gbhe,1,""
1996,3,3as,,1148,,,25.879733,-80.686117,gbhe,1,""
1996,3,3as,,1158,,,25.879683,-80.705967,gbhe,2,""
1996,3,3as,,1178,,,25.874,-80.7479,gbhe,1,""
1996,3,3as,3a,1181,long_strand,long strand,25.876833,-80.755333,gbhe,1,""
1996,3,3as,3a,1181,long_strand,long strand,25.876833,-80.755167,gbhe,1,""
1996,3,3as,,1202,,,25.880733,-80.812617,gbhe,1,""
1996,3,3as,,1203,,,25.87925,-80.82485,gbhe,1,""
1996,3,3as,3a,1222,fontana,FONTANA,25.887917,-80.77105,gbhe,1,""
1996,3,3as,3a,1222,fontana,FONTANA,25.887533,-80.770083,gbhe,2,""
1996,3,3as,,1224,,,25.884483,-80.7606,gbhe,1,""
1996,3,3as,,1279,,,25.892483,-80.6669,gbhe,1,""
1996,3,3as,,1295,,,25.897417,-80.70435,gbhe,1,""
1996,3,3as,,1300,,,25.890733,-80.702133,gbhe,1,""
1996,3,3as,,1308,,,25.8928,-80.731383,gbhe,1,""
1996,3,3as,,1318,,,25.891817,-80.768617,gbhe,1,""
1996,3,3as,,1319,,,25.893433,-80.77365,gbhe,2,""
1996,3,3as,,1331,,,25.9058,-80.794433,gbhe,1,""
1996,3,3as,,1340,,,25.90595,-80.767283,gbhe,2,""
1996,3,3as,,1341,,,25.898783,-80.769383,gbhe,1,""
1996,3,3as,,1344,,,25.899083,-80.749283,gbhe,1,""
1996,3,3as,,1351,,,25.902083,-80.740117,gbhe,1,""
1996,3,3as,,1355,,,25.9017,-80.738633,gbhe,2,""
1996,3,3as,,1360,,,25.903767,-80.70805,gbhe,1,""
1996,3,3as,,1365,,,25.903517,-80.66975,gbhe,1,""
1996,3,3as,,1400,,,25.915633,-80.66135,gbhe,3,""
1996,3,3as,,1405,,,25.913467,-80.670283,gbhe,1,""
1996,3,3as,,1441,,,25.914717,-80.7459,gbhe,4,""
1996,3,3as,,1451,,,25.908817,-80.773633,gbhe,1,""
1996,3,3as,,1454,,,25.915283,-80.774633,gbhe,2,""
1996,3,3as,,1477,,,25.920683,-80.794667,gbhe,1,""
1996,3,3as,,1480,,,25.915717,-80.783567,gbhe,1,""
1996,3,3as,,1482,,,25.918267,-80.773717,gbhe,1,""
1996,3,3as,,1494,,,25.917,-80.732,gbhe,2,""
1996,3,3as,,1502,,,25.92105,-80.723683,gbhe,1,""
1996,3,3as,,1509,,,25.919067,-80.682733,gbhe,1,""
1996,3,3as,,1538,,,25.92625,-80.686317,gbhe,1,""
1996,3,3as,,1543,,,25.93035,-80.687883,gbhe,2,""
1996,3,3as,,1548,,,25.932817,-80.713717,gbhe,2,""
1996,3,3as,,1552,,,25.926233,-80.732167,gbhe,1,""
1996,3,3as,,1564,,,25.93305,-80.758167,gbhe,1,""
1996,3,3as,,1576,,,25.928533,-80.7782,gbhe,1,""
1996,3,3as,,1577,,,25.9279,-80.778733,gbhe,1,""
1996,3,3as,,1583,,,25.925167,-80.7803,gbhe,1,""
1996,3,3as,,1603,,,25.940717,-80.75465,gbhe,1,""
1996,3,3as,,1613,,,25.937067,-80.735383,gbhe,2,""
1996,3,3as,,1624,,,25.940433,-80.6812,gbhe,1,""
1996,3,3as,,1674,,,25.947233,-80.7404,gbhe,1,""
1996,3,3as,,1675,,,25.948633,-80.740083,gbhe,1,""
1996,3,3as,,1682,,,25.943517,-80.749017,gbhe,1,""
1996,3,3as,,1694,,,25.947883,-80.77585,gbhe,1,""
1996,3,3as,,1695,,,25.945567,-80.777783,gbhe,1,""
1996,3,3as,,1714,,,25.955417,-80.772867,gbhe,1,""
1996,3,3as,,1720,,,25.950883,-80.763217,gbhe,1,""
1996,3,3as,,1725,,,25.953133,-80.750733,gbhe,1,""
1996,3,3as,,1727,,,25.9513,-80.730317,gbhe,2,""
1996,3,3as,,1727,,,25.950833,-80.729717,gbhe,1,""
1996,3,3as,,1746,,,25.951717,-80.6941,gbhe,2,""
1996,3,3as,,1749,,,25.954683,-80.684567,gbhe,2,""
1996,3,3as,,1753,,,25.953283,-80.678517,gbhe,1,""
1996,3,3as,,1758,,,25.951633,-80.668083,gbhe,1,""
1996,3,3as,,1759,,,25.95175,-80.666417,gbhe,2,""
1996,3,3as,,1785,,,25.959967,-80.73345,gbhe,1,""
1996,3,3as,,1786,,,25.965433,-80.737367,gbhe,1,""
1996,3,3as,,1787,,,25.966633,-80.741133,gbhe,1,""
1996,3,3as,,1791,,,25.964333,-80.7527,gbhe,1,""
1996,3,3as,,1792,,,25.96415,-80.770067,gbhe,1,""
1996,3,3as,,1806,,,25.965633,-80.817267,gbhe,1,""
1996,3,3as,,1831,,,25.9681,-80.752133,gbhe,1,""
1996,3,3as,,1844,,Unnamed,25.97225,-80.701067,gbhe,1,""
1996,3,3as,,1888,,,25.980033,-80.756433,gbhe,1,""
1996,3,3as,,1889,,,25.980583,-80.76035,gbhe,1,""
1996,3,3as,,1905,,,25.985283,-80.812833,gbhe,1,""
1996,3,3as,,1920,,,25.985367,-80.75985,gbhe,2,""
1996,3,3as,,1920,,,25.985017,-80.759667,gbhe,1,""
1996,3,3as,,1935,,,25.985817,-80.676,gbhe,1,""
1996,3,3as,,1989,,,26.002367,-80.762233,gbhe,5,""
1996,3,3as,,2046,,,26.022633,-80.734817,gbhe,1,""
1996,3,3as,,2055,,,26.0183,-80.659933,gbhe,2,""
1996,3,3as,,2161,,,26.0514,-80.739833,gbhe,1,""
1996,3,3as,,2272,,,26.101,-80.699283,gbhe,1,""
1996,3,3as,,2706,,,25.915067,-80.711383,gbhe,2,""
1996,3,3as,,3429,,,25.8265,-80.676667,gbhe,4,""
1996,3,3as,,718,,,25.82,-80.681,greg,16,""
1996,3,3as,,721,,,25.824817,-80.679267,greg,6,""
1996,3,3as,,1780,,,25.965,-80.698333,greg,8,""
1996,3,3as,,1844,,Unnamed,25.97225,-80.701067,greg,9,""
1996,3,3as,,2163,,,26.054667,-80.73285,greg,1,""
1996,3,3as,,2246,,Unnamed A,26.09565,-80.661933,greg,3,""
1996,3,3as,,2283,,3A unknown 12,26.111667,-80.66,greg,16,""
1996,3,3as,,2304,,JW2,26.118333,-80.731667,greg,32,""
1996,3,3as,,2307,,Unnamed,26.11415,-80.659333,greg,10,""
1996,3,3as,,2716,,,26.09,-80.6,greg,4,""
1996,3,3as,,3429,,,25.8265,-80.676667,greg,2,""
1996,3,3as,,58,,,25.7731,-80.83415,lbhe,30,""
1996,3,3as,,261,,,25.786183,-80.751933,lbhe,1,""
1996,3,3as,,513,,LBH near Hidden,25.795,-80.841667,lbhe,20,""
1996,3,3as,,865,,,25.841617,-80.698633,lbhe,1,""
1996,3,3as,,1087,,,25.8698,-80.806967,lbhe,16,""
1996,3,3as,3a,1181,long_strand,long strand,25.876833,-80.755333,lbhe,1,""
1996,3,3as,3a,1181,long_strand,long strand,25.876833,-80.755167,lbhe,1,""
1996,3,3as,,1330,,,25.906683,-80.79785,lbhe,1,""
1996,3,3as,,1475,,,25.9203,-80.798883,lbhe,60,""
1996,3,3as,,1475,,,25.920117,-80.798467,lbhe,37,""
1996,3,3as,,1485,,,25.922467,-80.755317,lbhe,1,""
1996,3,3as,,1502,,,25.92105,-80.723683,lbhe,1,""
1996,3,3as,,1565,,,25.9265,-80.75665,lbhe,2,""
1996,3,3as,,1577,,,25.9279,-80.778733,lbhe,1,""
1996,3,3as,,1677,,,25.9482,-80.742183,lbhe,1,""
1996,3,3as,,1785,,,25.959967,-80.73345,lbhe,2,""
1996,3,3as,,1798,,,25.959583,-80.794317,lbhe,1,""
1996,3,3as,,1801,gator_baby,Gator Baby,25.963333,-80.808333,lbhe,28,""
1996,3,3as,3a,1802,lbh_halfway,LBH halfway,25.967317,-80.807633,lbhe,62,""
1996,3,3as,,1808,,,25.965167,-80.8207,lbhe,25,""
1996,3,3as,,1901,,,25.979,-80.822367,lbhe,1,""
1996,3,3as,,1902,,,25.9863,-80.820767,lbhe,11,""
1996,3,3as,,1927,,,25.987783,-80.706667,lbhe,8,""
1996,3,3as,,1984,,,26.002567,-80.778883,lbhe,14,""
1996,3,3as,,1984,,,26.002333,-80.778317,lbhe,5,""
1996,3,3as,,1984,,,26.002533,-80.778,lbhe,10,""
1996,3,3as,,1989,,,26.002367,-80.762233,lbhe,4,""
1996,3,3as,,2027,,,26.0135,-80.785683,lbhe,1,""
1996,3,3as,,2029,,,26.015433,-80.793117,lbhe,37,""
1996,3,3as,,2030,,,26.01605,-80.7944,lbhe,43,""
1996,3,3as,,2030,,,26.015833,-80.794067,lbhe,50,""
1996,3,3as,,2046,,,26.022633,-80.734817,lbhe,2,""
1996,3,3as,,2102,,,26.033067,-80.738083,lbhe,1,""
1996,3,3as,3a,2108,big_mel_west,big mel west,26.035283,-80.6749,lbhe,14,""
1996,3,3as,,2134,,,26.04345,-80.7225,lbhe,5,""
1996,3,3as,,2163,,,26.054667,-80.73285,lbhe,3,""
1996,3,3as,,2198,,,26.066133,-80.735367,lbhe,2,""
1996,3,3as,,2248,,,26.09285,-80.71135,lbhe,6,""
1996,3,3as,,718,,,25.82,-80.681,sneg,1,""
1996,3,3as,,1801,gator_baby,Gator Baby,25.963333,-80.808333,sneg,30,""
1996,3,3as,,1984,,,26.002333,-80.778317,sneg,1,""
1996,3,3as,,489,,,25.795467,-80.769467,trhe,1,""
1996,3,3as,,1071,,,25.859417,-80.7739,trhe,1,""
1996,3,3as,,1107,,,25.872633,-80.775433,trhe,1,""
1996,3,3as,,1219,,,25.884267,-80.79745,trhe,1,""
1996,3,3as,,1479,,,25.917733,-80.785083,trhe,1,""
1996,3,3as,,1693,,,25.9458,-80.772467,trhe,1,""
1996,3,3as,,1715,,,25.957,-80.77535,trhe,2,""
1996,3,3as,,1823,,,25.970083,-80.774483,trhe,2,""
1996,3,3as,,1904,,,25.98535,-80.8147,trhe,1,""
1996,3,3as,,1983,,,26.002283,-80.782817,trhe,1,""
1996,3,3as,,1984,,,26.002567,-80.778883,trhe,1,""
1996,3,3ase,,2416,,,26.145,-80.504883,gbhe,1,""
1996,3,3ase,,2239,,,26.093333,-80.498333,greg,26,""
1996,3,3ase,,2314,,,26.115,-80.501667,greg,38,""
1996,3,3ase,,2416,,,26.145,-80.504883,greg,19,""
1996,3,3b,,619,,3b-4,25.81375,-80.6045,anhi,2,""
1996,3,3b,,1269,,3b-44,25.89415,-80.51325,anhi,1,""
1996,3,3b,,758,,3bgfc,25.824,-80.50483,gbhe,5,""
1996,3,3b,,925,,3b 37,25.846333,-80.533,gbhe,2,""
1996,3,3b,,1025,,3b gfc,25.865833,-80.508333,gbhe,3,""
1996,3,3b,,1260,,,25.891667,-80.508333,gbhe,1,""
1996,3,3b,,1265,,3bGFC,25.893,-80.514333,gbhe,2,""
1996,3,3b,,1269,,3b-44,25.89415,-80.51325,gbhe,1,""
1996,3,3b,,619,,3b-4,25.81375,-80.6045,greg,39,""
1996,3,3b,,758,,3bgfc,25.824,-80.50483,greg,15,""
1996,3,3b,,883,,3b-11,25.839317,-80.570267,greg,7,""
1996,3,3b,,890,,3b-10,25.842117,-80.565,greg,9,""
1996,3,3b,,925,,3b 37,25.846333,-80.533,greg,6,""
1996,3,3b,,1025,,3b gfc,25.865833,-80.508333,greg,10,""
1996,3,3b,,1260,,,25.891667,-80.508333,greg,16,""
1996,3,3b,,1265,,3bGFC,25.893,-80.514333,greg,20,""
1996,3,3b,,1269,,3b-44,25.89415,-80.51325,greg,9,""
1996,3,3b,,1642,,,25.946667,-80.48,greg,1,""
1996,3,3b,,1770,,,25.964,-80.480333,greg,10,""
1996,3,3b,,3419,,,25.93,-80.501667,greg,2,""
1996,enp,inlandenp,,2680,,,25.4325,-80.674383,anhi,2,""
1996,enp,inlandenp,,5,frog_city_north,Frog City North,25.761667,-80.59,greg,2,""
1997,1,1,1,2292,,,26.414167,-80.339667,bcnh,2,""
1997,1,1,1,2582,,,26.3725,-80.2875,bcnh,20,""
1997,1,1,1,2590,,,26.371167,-80.2945,bcnh,6,""
1997,1,1,1,2599,,,26.3715,-80.301167,bcnh,3,""
1997,1,1,1,2604,,,26.370667,-80.303333,bcnh,7,""
1997,1,1,1,2606,,,26.367,-80.3015,bcnh,7,""
1997,1,1,1,2725,,,26.615333,-80.321333,bcnh,2,""
1997,1,1,1,2735,,,26.598833,-80.307833,bcnh,2,""
1997,1,1,1,2788,,,26.562167,-80.295,bcnh,3,""
1997,1,1,1,2823,,,26.5375,-80.278,bcnh,13,""
1997,1,1,1,2839,,,26.526333,-80.349833,bcnh,1,""
1997,1,1,1,2857,,,26.516833,-80.246667,bcnh,6,""
1997,1,1,1,2889,,,26.511,-80.36,bcnh,11,""
1997,1,1,1,3098,,,26.441333,-80.372333,bcnh,2,""
1997,1,1,1,3104,,,26.438667,-80.3835,bcnh,2,""
1997,1,1,1,3168,,NEWCOL2,26.4585,-80.2355,bcnh,3,""
1997,1,1,1,3216,,,26.47,-80.385833,bcnh,1,""
1997,1,1,1,3251,,,26.473833,-80.252167,bcnh,2,""
1997,1,1,1,3300,,,26.480167,-80.2685,bcnh,3,""
1997,1,1,1,3310,,,26.480833,-80.246167,bcnh,12,""
1997,1,1,1,3314,,,26.482167,-80.2385,bcnh,3,""
1997,1,1,1,3359,,,26.502,-80.375333,bcnh,1,""
1997,1,1,1,2582,,,26.3725,-80.2875,caeg,2,""
1997,1,1,1,3314,,,26.482167,-80.2385,caeg,3,""
1997,1,1,1,2582,,,26.3725,-80.2875,gbhe,1,""
1997,1,1,1,2590,,,26.371167,-80.2945,gbhe,1,""
1997,1,1,1,2599,,,26.3715,-80.301167,gbhe,1,""
1997,1,1,1,2602,,,26.373833,-80.303667,gbhe,1,""
1997,1,1,1,2812,,,26.549333,-80.251167,gbhe,1,""
1997,1,1,1,2812,,,26.550333,-80.250667,gbhe,1,""
1997,1,1,1,2813,,,26.545833,-80.240833,gbhe,2,""
1997,1,1,1,2815,,,26.5425,-80.242667,gbhe,2,""
1997,1,1,1,2864,,,26.514167,-80.270667,gbhe,3,""
1997,1,1,1,2874,,,26.519,-80.333167,gbhe,1,""
1997,1,1,1,2889,,,26.511,-80.36,gbhe,1,""
1997,1,1,1,3075,,,26.434167,-80.2675,gbhe,1,""
1997,1,1,1,3113,,,26.4515,-80.38,gbhe,1,""
1997,1,1,1,3126,,,26.443833,-80.307833,gbhe,1,""
1997,1,1,1,3128,,,26.443,-80.285833,gbhe,1,""
1997,1,1,1,3134,,,26.451333,-80.276333,gbhe,2,""
1997,1,1,1,3138,,,26.443833,-80.265167,gbhe,2,""
1997,1,1,1,3140,,,26.449,-80.2605,gbhe,2,""
1997,1,1,1,3143,,,26.444667,-80.259167,gbhe,1,""
1997,1,1,1,3148,,,26.444,-80.253667,gbhe,1,""
1997,1,1,1,3150,,,26.447167,-80.251833,gbhe,1,""
1997,1,1,1,3198,,,26.454167,-80.3815,gbhe,1,""
1997,1,1,1,3215,,,26.463167,-80.380667,gbhe,2,""
1997,1,1,1,3251,,,26.472167,-80.253167,gbhe,1,""
1997,1,1,1,3332,,,26.496,-80.355,gbhe,1,""
1997,1,1,1,3354,,,26.49,-80.379833,gbhe,1,""
1997,1,1,1,3354,,,26.490667,-80.379167,gbhe,1,""
1997,1,1,1,3376,,,26.557333,-80.2675,gbhe,1,""
1997,1,1,1,3397,,,26.441167,-80.268,gbhe,1,""
1997,1,1,1,3442,,,26.567167,-80.273833,gbhe,1,""
1997,1,1,1,3442,,,26.471833,-80.248833,gbhe,1,""
1997,1,1,1,3443,,,26.471833,-80.245167,gbhe,1,""
1997,1,1,1,3445,,,26.4665,-80.2445,gbhe,10,""
1997,1,1,1,3446,,,26.442833,-80.2695,gbhe,1,""
1997,1,1,1,3447,,,26.4515,-80.279833,gbhe,1,""
1997,1,1,1,3448,,,26.438,-80.265833,gbhe,1,""
1997,1,1,1,3449,,,26.4575,-80.307667,gbhe,1,""
1997,1,1,1,3452,,,26.373333,-80.300167,gbhe,1,""
1997,1,1,1,3453,,,26.510167,-80.427,gbhe,1,""
1997,1,1,1,3454,,,26.484833,-80.386333,gbhe,1,""
1997,1,1,1,3457,,,26.4435,-80.284167,gbhe,2,""
1997,1,1,1,3457,,,26.445333,-80.262,gbhe,1,""
1997,1,1,1,3458,,,26.423667,-80.280667,gbhe,1,""
1997,1,1,1,3459,,,26.422333,-80.277333,gbhe,1,""
1997,1,1,1,3460,,,26.419333,-80.315667,gbhe,1,""
1997,1,1,1,2582,,,26.3725,-80.2875,greg,10,""
1997,1,1,1,2626,,,26.375333,-80.300833,greg,4,""
1997,1,1,1,2725,,,26.615333,-80.321333,greg,4,""
1997,1,1,1,2735,,,26.598833,-80.307833,greg,2,""
1997,1,1,1,2823,,,26.5375,-80.278,greg,2,""
1997,1,1,1,3012,,,26.417167,-80.241167,greg,5,""
1997,1,1,1,3113,,,26.4515,-80.38,greg,9,""
1997,1,1,1,3143,,,26.444667,-80.259167,greg,20,""
1997,1,1,1,3143,,,26.444333,-80.257667,greg,14,""
1997,1,1,1,3168,,NEW COL2,26.4585,-80.240167,greg,27,""
1997,1,1,1,3198,,,26.454167,-80.3815,greg,7,""
1997,1,1,1,3300,,,26.480167,-80.2685,greg,2,""
1997,1,1,1,3445,,,26.4425,-80.256667,greg,9,""
1997,1,1,1,3450,,,26.455,-80.3765,greg,7,""
1997,1,1,1,3451,,,26.456667,-80.38,greg,1,""
1997,1,1,1,2292,,,26.414167,-80.339667,lbhe,18,""
1997,1,1,1,2590,,,26.371167,-80.2945,lbhe,16,""
1997,1,1,1,2604,,,26.370667,-80.303333,lbhe,2,""
1997,1,1,1,2606,,,26.367,-80.3015,lbhe,3,""
1997,1,1,1,2725,,,26.615333,-80.321333,lbhe,38,""
1997,1,1,1,2735,,,26.598833,-80.307833,lbhe,50,""
1997,1,1,1,2788,,,26.562167,-80.295,lbhe,90,""
1997,1,1,1,2823,,,26.5375,-80.278,lbhe,45,""
1997,1,1,1,2836,,,26.524167,-80.356,lbhe,26,""
1997,1,1,1,2839,,,26.526333,-80.349833,lbhe,5,""
1997,1,1,1,2857,,,26.516833,-80.246667,lbhe,32,""
1997,1,1,1,2887,,,26.505,-80.374167,lbhe,20,""
1997,1,1,1,2889,,,26.511,-80.36,lbhe,83,""
1997,1,1,1,3012,,,26.417167,-80.241167,lbhe,1,""
1997,1,1,1,3098,,,26.441333,-80.372333,lbhe,75,""
1997,1,1,1,3104,,,26.438667,-80.3835,lbhe,42,""
1997,1,1,1,3115,,,26.447333,-80.376,lbhe,19,""
1997,1,1,1,3168,,NEWCOL2,26.4585,-80.2355,lbhe,23,""
1997,1,1,1,3187,,,26.452667,-80.283833,lbhe,15,""
1997,1,1,1,3216,,,26.47,-80.385833,lbhe,45,""
1997,1,1,1,3300,,,26.480167,-80.2685,lbhe,55,""
1997,1,1,1,3314,,,26.482167,-80.2385,lbhe,33,""
1997,1,1,1,3332,,,26.496,-80.355,lbhe,1,""
1997,1,1,1,3353,,,26.491167,-80.382333,lbhe,15,""
1997,1,1,1,3359,,,26.502,-80.375333,lbhe,16,""
1997,1,1,1,3377,,,26.522333,-80.3605,lbhe,21,""
1997,1,1,1,3441,,,26.616167,-80.335,lbhe,5,""
1997,1,1,1,2582,,,26.3725,-80.2875,sneg,1,""
1997,1,1,1,2788,,,26.562167,-80.295,sneg,3,""
1997,1,1,1,2823,,,26.5375,-80.278,sneg,3,""
1997,1,1,1,2889,,,26.511,-80.36,sneg,1,""
1997,1,1,1,3310,,,26.480833,-80.246167,sneg,2,""
1997,1,1,1,2626,,,26.375333,-80.300833,trhe,1,""
1997,1,1,1,3012,,,26.417167,-80.241167,trhe,28,""
1997,1,1,1,3143,,,26.444333,-80.257667,trhe,1,""
1997,1,1,1,3450,,,26.455,-80.3765,trhe,1,""
1997,1,1,1,3310,,,26.480833,-80.246167,whib,6,""
1997,2,2a,,2513,,new,26.232667,-80.439333,greg,10,"in canal coming off of hwy 27 into 2b"
1997,2,2a,,2513,,new,26.232667,-80.439333,greg,10,"in canal coming off of hwy 27 into 2b"
1997,2,2a,,2514,,new,26.234,-80.4175,greg,15,"in canal coming off of hwy 27 into 2b"
1997,2,2a,,2514,,new,26.234,-80.4175,greg,15,"in canal coming off of hwy 27 into 2b"
1997,2,2a,,2513,,new,26.232667,-80.439333,wost,5,"in canal coming off of hwy 27 into 2b"
1997,2,2a,,2513,,new,26.232667,-80.439333,wost,5,"in canal coming off of hwy 27 into 2b"
1997,2,2b,,2462,,new,26.164167,-80.435167,greg,14,""
1997,2,2b,,2462,,new,26.164167,-80.435167,greg,14,""
1997,2,2b,,2462,,new,26.165,-80.433333,greg,18,""
1997,2,2b,,2462,,new,26.165,-80.433333,greg,18,""
1997,2,2b,,2489,,2b south end,26.142333,-80.379,greg,20,""
1997,3,3as,,14,,72,25.769383,-80.691183,anhi,1,"0"
1997,3,3as,,20,,130,25.769917,-80.702433,anhi,12,""
1997,3,3as,,82,,179,25.775933,-80.796717,anhi,1,""
1997,3,3as,,85,,181,25.777233,-80.79305,anhi,1,""
1997,3,3as,,148,,25,25.773333,-80.731667,anhi,2,""
1997,3,3as,,157,,122,25.77515,-80.709167,anhi,4,""
1997,3,3as,,159,,115,25.778317,-80.711,anhi,2,""
1997,3,3as,,165,,151,25.776667,-80.699017,anhi,4,""
1997,3,3as,,166,,117,25.7751,-80.700333,anhi,5,""
1997,3,3as,,166,,155,25.775433,-80.699617,anhi,2,""
1997,3,3as,,169,,168,25.772,-80.6974,anhi,7,""
1997,3,3as,,175,,1,25.77175,-80.691817,anhi,5,"6"
1997,3,3as,,224,,212,25.785133,-80.6972,anhi,1,""
1997,3,3as,,227,,126,25.780733,-80.7037,anhi,2,""
1997,3,3as,,229,,145,25.7821,-80.7004,anhi,5,""
1997,3,3as,,261,,1,25.786,-80.752,anhi,1,""
1997,3,3as,,383,,20,25.793333,-80.731667,anhi,1,""
1997,3,3as,,454,,214,25.795,-80.6995,anhi,1,""
1997,3,3as,,458,,112,25.7983,-80.709333,anhi,1,""
1997,3,3as,,459,,113,25.795667,-80.710983,anhi,1,""
1997,3,3as,,477,,191,25.801617,-80.752283,anhi,1,""
1997,3,3as,,534,,185,25.806817,-80.790483,anhi,1,""
1997,3,3as,,552,,13,25.805,-80.718333,anhi,1,""
1997,3,3as,,554,,14,25.81,-80.723333,anhi,1,""
1997,3,3as,,621,,23,25.817883,-80.66865,anhi,1,"1"
1997,3,3as,,651,,15,25.813333,-80.728333,anhi,1,""
1997,3,3as,,657,,4,25.81,-80.745,anhi,1,""
1997,3,3as,,668,,3,25.816817,-80.772667,anhi,7,"14"
1997,3,3as,,669,,4,25.814,-80.7755,anhi,5,"?"
1997,3,3as,,700,,9,25.823333,-80.721667,anhi,3,""
1997,3,3as,,702,,12,25.821667,-80.72,anhi,1,""
1997,3,3as,,708,,106,25.821633,-80.709283,anhi,2,""
1997,3,3as,,727,,5,25.818767,-80.672167,anhi,2,"1"
1997,3,3as,,729,,14,25.8227,-80.671067,anhi,2,"1"
1997,3,3as,,777,,12,25.8289,-80.6635,anhi,3,"6"
1997,3,3as,,782,,15,25.832133,-80.6742,anhi,2,"1"
1997,3,3as,,804,,104,25.830267,-80.71255,anhi,1,""
1997,3,3as,,812,,5,25.831667,-80.745,anhi,1,""
1997,3,3as,,814,,193,25.830717,-80.7535,anhi,1,""
1997,3,3as,,849,,195,25.836133,-80.755283,anhi,1,""
1997,3,3as,,855,,6,25.835,-80.743333,anhi,2,""
1997,3,3as,,867,,215,25.8375,-80.694433,anhi,1,""
1997,3,3as,,932,,68,25.850717,-80.6733,anhi,1,"3"
1997,3,3as,,946,,102,25.843783,-80.7118,anhi,2,""
1997,3,3as,,952,,196,25.847467,-80.749417,anhi,2,""
1997,3,3as,,991,,8,25.856667,-80.723333,anhi,1,""
1997,3,3as,,1005,,29,25.854833,-80.681833,anhi,1,"1"
1997,3,3as,,1014,,19,25.855183,-80.6419,anhi,1,"2"
1997,3,3as,,1015,,57,25.854867,-80.64075,anhi,1,"2"
1997,3,3as,,1050,,100,25.860917,-80.71085,anhi,1,""
1997,3,3as,,1064,,31,25.861667,-80.753333,anhi,4,""
1997,3,3as,,1065,,28,25.86,-80.753333,anhi,2,""
1997,3,3as,,1114,,99,25.865767,-80.712733,anhi,1,""
1997,3,3as,,1127,,64,25.873833,-80.658867,anhi,1,"2"
1997,3,3as,,1295,,98,25.897283,-80.704767,anhi,1,""
1997,3,3as,,1310,,35,25.893333,-80.743333,anhi,3,""
1997,3,3as,,1313,,202,25.894667,-80.75535,anhi,1,""
1997,3,3as,,1347,,49,25.906783,-80.74265,anhi,1,""
1997,3,3as,,1349,,39,25.901667,-80.741667,anhi,1,""
1997,3,3as,,1355,,42,25.90145,-80.738267,anhi,6,""
1997,3,3as,,1358,,84,25.905967,-80.720717,anhi,1,""
1997,3,3as,,1372,,56,25.898933,-80.64065,anhi,1,"2"
1997,3,3as,,1377,,9,25.8999,-80.628933,anhi,2,"1"
1997,3,3as,,1379,,50,25.905683,-80.621167,anhi,1,"2"
1997,3,3as,,1413,,74,25.914383,-80.720367,anhi,3,""
1997,3,3as,,1495,,79,25.918567,-80.735817,anhi,1,""
1997,3,3as,,1497,,73,25.921717,-80.730383,anhi,1,""
1997,3,3as,,1531,,62,25.932683,-80.655583,anhi,1,"2"
1997,3,3as,,1534,,26,25.931667,-80.675333,anhi,2,"?"
1997,3,3as,,1550,,72,25.926333,-80.727167,anhi,1,""
1997,3,3as,,1554,,60,25.92885,-80.739217,anhi,2,""
1997,3,3as,,1561,,206,25.9295,-80.75155,anhi,2,""
1997,3,3as,,1562,,53,25.92935,-80.75055,anhi,8,""
1997,3,3as,,1564,,208,25.932583,-80.758067,anhi,4,""
1997,3,3as,,1565,,204,25.926433,-80.7567,anhi,1,""
1997,3,3as,,1579,,78,25.9315,-80.782,anhi,1,"1"
1997,3,3as,,1608,,65,25.940167,-80.745917,anhi,1,""
1997,3,3as,,1609,,67,25.939283,-80.745633,anhi,3,""
1997,3,3as,,1624,,28,25.940167,-80.680833,anhi,2,"2"
1997,3,3as,,1651,,11,25.9437,-80.657283,anhi,2,"1"
1997,3,3as,,1653,,22,25.943783,-80.659117,anhi,1,"1"
1997,3,3as,,1660,,27,25.945,-80.6755,anhi,1,""
1997,3,3as,,1682,,63,25.943217,-80.748483,anhi,1,""
1997,3,3as,,1745,,218,25.951667,-80.698333,anhi,1,""
1997,3,3as,,1750,,8,25.95475,-80.683333,anhi,2,"1"
1997,3,3as,,1759,,13,25.95145,-80.6662,anhi,2,"1"
1997,3,3as,,1850,,7,25.972,-80.681167,anhi,2,"?"
1997,3,3as,,1860,,20,25.972867,-80.653833,anhi,2,"1"
1997,3,3as,,1872,,61,25.97875,-80.65495,anhi,1,"2"
1997,3,3as,,1873,,21,25.978383,-80.657383,anhi,1,"2"
1997,3,3as,,3424,,30,25.86,-80.755,anhi,1,""
1997,3,3as,,1801,gator_baby,Gator Baby,25.96333,-80.80833,bcnh,60,""
1997,3,3as,,1962,,94,25.99655,-80.7204,bcnh,1,""
1997,3,3as,,2134,,92,26.043683,-80.722633,bcnh,7,""
1997,3,3as,,20,,130,25.769917,-80.702433,gbhe,2,""
1997,3,3as,,82,,179,25.775933,-80.796717,gbhe,1,""
1997,3,3as,,85,,181,25.777233,-80.79305,gbhe,1,""
1997,3,3as,,145,,23,25.776667,-80.731667,gbhe,1,""
1997,3,3as,,146,,24,25.771667,-80.73,gbhe,1,""
1997,3,3as,,148,,25,25.773333,-80.731667,gbhe,1,""
1997,3,3as,,155,,22,25.778333,-80.716667,gbhe,1,""
1997,3,3as,,164,,144,25.778867,-80.702333,gbhe,1,""
1997,3,3as,,175,,1,25.77175,-80.691817,gbhe,3,"6"
1997,3,3as,,227,,126,25.780733,-80.7037,gbhe,2,""
1997,3,3as,,229,,145,25.7821,-80.7004,gbhe,1,""
1997,3,3as,,231,,114,25.78055,-80.709533,gbhe,1,""
1997,3,3as,,261,,1,25.786,-80.752,gbhe,1,""
1997,3,3as,,307,,183,25.77915,-80.799267,gbhe,1,""
1997,3,3as,,344,,175,25.787917,-80.808783,gbhe,1,""
1997,3,3as,,346,,184,25.792833,-80.79435,gbhe,1,""
1997,3,3as,,376,,2,25.788333,-80.743333,gbhe,1,""
1997,3,3as,,386,,21,25.79,-80.731667,gbhe,1,""
1997,3,3as,,388,,18,25.793333,-80.728333,gbhe,1,""
1997,3,3as,,394,,17,25.793333,-80.718333,gbhe,1,""
1997,3,3as,,400,,213,25.789017,-80.6964,gbhe,1,""
1997,3,3as,,474,,19,25.796667,-80.731667,gbhe,1,""
1997,3,3as,,505,,176,25.7961,-80.807083,gbhe,1,""
1997,3,3as,,529,,187,25.80655,-80.79775,gbhe,1,""
1997,3,3as,,534,,185,25.806817,-80.790483,gbhe,1,""
1997,3,3as,,544,,3,25.805,-80.745,gbhe,1,""
1997,3,3as,,560,,111,25.804583,-80.71295,gbhe,1,""
1997,3,3as,,621,,23,25.817883,-80.66865,gbhe,1,"1"
1997,3,3as,,649,,16,25.815,-80.731667,gbhe,1,""
1997,3,3as,,669,,4,25.814,-80.7755,gbhe,2,"?"
1997,3,3as,,708,,106,25.821633,-80.709283,gbhe,1,""
1997,3,3as,,727,,5,25.818767,-80.672167,gbhe,3,"1"
1997,3,3as,,729,,14,25.8227,-80.671067,gbhe,1,"1"
1997,3,3as,,782,,15,25.832133,-80.6742,gbhe,1,"1"
1997,3,3as,,804,,104,25.830267,-80.71255,gbhe,1,""
1997,3,3as,,815,,194,25.829083,-80.756183,gbhe,1,""
1997,3,3as,,952,,196,25.847467,-80.749417,gbhe,1,""
1997,3,3as,,977,,188,25.858183,-80.793683,gbhe,1,""
1997,3,3as,,983,,76,25.853233,-80.778167,gbhe,1,"2"
1997,3,3as,,1005,,29,25.854833,-80.681833,gbhe,1,"1"
1997,3,3as,,1014,,19,25.855183,-80.6419,gbhe,1,"2"
1997,3,3as,,1050,,100,25.860917,-80.71085,gbhe,1,""
1997,3,3as,,1061,,200,25.864217,-80.750383,gbhe,1,""
1997,3,3as,,1101,,189,25.8676,-80.790433,gbhe,1,""
1997,3,3as,,1171,,85,25.881867,-80.724567,gbhe,1,""
1997,3,3as,,1175,,34,25.875,-80.735,gbhe,1,""
1997,3,3as,,1225,,201,25.884883,-80.750967,gbhe,1,""
1997,3,3as,,1247,,55,25.883917,-80.638583,gbhe,1,"0"
1997,3,3as,,1309,,38,25.895,-80.738333,gbhe,1,""
1997,3,3as,,1343,,203,25.904967,-80.75495,gbhe,1,""
1997,3,3as,,1377,,9,25.8999,-80.628933,gbhe,1,"1"
1997,3,3as,,1378,,53,25.89905,-80.629667,gbhe,1,"1"
1997,3,3as,,1538,,71,25.926,-80.685883,gbhe,1,"2"
1997,3,3as,,1546,,216,25.931667,-80.698333,gbhe,1,""
1997,3,3as,,1563,,205,25.928817,-80.756233,gbhe,1,""
1997,3,3as,,1581,,77,25.925833,-80.779083,gbhe,1,"?"
1997,3,3as,,1608,,65,25.940167,-80.745917,gbhe,1,""
1997,3,3as,,1613,,62,25.93765,-80.7366,gbhe,1,""
1997,3,3as,,1651,,11,25.9437,-80.657283,gbhe,1,"1"
1997,3,3as,,1653,,22,25.943783,-80.659117,gbhe,1,"1"
1997,3,3as,,1660,,27,25.945,-80.6755,gbhe,1,""
1997,3,3as,,1681,,68,25.942033,-80.742067,gbhe,1,""
1997,3,3as,,1687,,64,25.94225,-80.74725,gbhe,1,""
1997,3,3as,,1725,,70,25.9533,-80.75115,gbhe,2,""
1997,3,3as,,1745,,218,25.951667,-80.698333,gbhe,1,""
1997,3,3as,,1750,,8,25.95475,-80.683333,gbhe,2,"1"
1997,3,3as,,1759,,13,25.95145,-80.6662,gbhe,1,"1"
1997,3,3as,,1850,,7,25.972,-80.681167,gbhe,2,"?"
1997,3,3as,,1868,,51,25.975317,-80.626817,gbhe,1,"2"
1997,3,3as,,1870,,60,25.980417,-80.651417,gbhe,1,"1"
1997,3,3as,,1873,,21,25.978383,-80.657383,gbhe,1,"2"
1997,3,3as,,1935,,69,25.985467,-80.676,gbhe,1,"1"
1997,3,3as,,1937,,24,25.9878,-80.672,gbhe,2,"1"
1997,3,3as,,3437,,70,25.798833,-80.6785,gbhe,1,"0"
1997,3,3as,,1844,,new,25.971333,-80.7,greg,24,""
1997,3,3as,,1844,,new,25.971333,-80.7,greg,24,""
1997,3,3as,,2291,,JW!,26.111667,-80.744667,greg,4,""
1997,3,3as,,2307,,new,26.1145,-80.658333,greg,25,""
1997,3,3as,,2307,,new,26.1145,-80.658333,greg,25,""
1997,3,3as,,2390,,new,26.123833,-80.732,greg,37,""
1997,3,3as,,2134,,92,26.043683,-80.722633,lbhe,7,""
1997,3,3ase,,2417,,new,26.14,-80.611667,greg,33,""
1997,3,3ase,,2417,,new,26.14,-80.611667,greg,33,""
1997,3,3b,,1,,41,25.762683,-80.529633,anhi,1,"?"
1997,3,3b,,2,,38,25.766167,-80.529,anhi,1,"?"
1997,3,3b,,189,,46,25.771933,-80.5298,anhi,1,"?"
1997,3,3b,,190,,47,25.7735,-80.530017,anhi,1,"3"
1997,3,3b,,193,,44,25.782583,-80.529733,anhi,1,"?"
1997,3,3b,,194,,17,25.784067,-80.529717,anhi,2,"?"
1997,3,3b,,416,,40,25.788367,-80.52955,anhi,1,"?"
1997,3,3b,,416,,16,25.78775,-80.529517,anhi,2,"?"
1997,3,3b,,426,,37,25.7962,-80.5284,anhi,1,"?"
1997,3,3b,,900,,Dagon,25.841117,-80.527483,bcnh,1,"1"
1997,3,3b,,192,,45,25.780917,-80.52975,gbhe,1,"?"
1997,3,3b,,203,,49,25.779067,-80.560367,gbhe,1,"0"
1997,3,3b,,759,,31,25.820233,-80.501583,gbhe,1,"?"
1997,3,3b,,900,,Dagon,25.841117,-80.527483,gbhe,1,"1"
1997,3,3b,,1021,,33,25.865383,-80.506083,gbhe,1,"?"
1997,3,3b,,1136,,32,25.871067,-80.504233,gbhe,1,"3"
1997,3,3b,,1140,,39,25.878917,-80.5295,gbhe,1,"2"
1997,3,3b,,1269,,34,25.89395,-80.514117,gbhe,1,"2"
1997,3,3b,,1385,,48,25.899667,-80.530933,gbhe,1,"?"
1997,3,3b,,619,,3B Deer island,25.816667,-80.602833,greg,30,""
1997,3,3b,,619,,3B Deer island,25.816667,-80.602833,greg,30,""
1997,3,3b,,765,,new,25.817167,-80.4845,greg,7,""
1997,3,3b,,765,,new,25.817167,-80.4845,greg,7,""
1997,3,3b,,766,,new,25.825,-80.4815,greg,15,""
1997,3,3b,,766,,new,25.825,-80.4815,greg,15,""
1997,3,3b,,882,,new,25.8415,-80.5695,greg,7,""
1997,3,3b,,882,,new,25.8415,-80.5695,greg,7,""
1997,3,3b,,900,,Dagon,25.841117,-80.527483,greg,2,"1"
1997,3,3b,,1022,,new,25.8655,-80.505167,greg,16,""
1997,3,3b,,1022,,new,25.8655,-80.505167,greg,16,""
1997,3,3b,,1261,,new,25.896333,-80.5025,greg,10,""
1997,3,3b,,1261,,new,25.896333,-80.5025,greg,10,""
1997,3,3b,,1267,,new,25.894833,-80.513167,greg,15,""
1997,3,3b,,1267,,new,25.894833,-80.513167,greg,15,""
1997,3,3b,,1766,,new,25.956667,-80.478333,greg,24,""
1997,3,3b,,1766,,new,25.956667,-80.478333,greg,24,""
1997,3,3b,,900,,Dagon,25.841117,-80.527483,trhe,3,"1"
1997,3,3b,,619,,3B Deer island,25.816667,-80.602833,whib,5,""
1997,3,3b,,619,,3B Deer island,25.816667,-80.602833,whib,5,""
1997,enp,inlandenp,,2686,,43,25.73025,-80.529717,anhi,1,"?"
1998,2,2a,,2503,,Unknown,26.327167,-80.439833,greg,4,""
1998,2,2a,,2507,,2A,26.2585,-80.366833,greg,15,""
1998,2,2b,,2490,,Unknown,26.13925,-80.389167,dcco,29,""
1998,2,2b,,2462,,Unknown,26.163333,-80.434667,greg,8,""
1998,3,3an,,2431,,Unknown,26.2095,-80.822,greg,19,""
1998,3,3an,,2435,,Unknown,26.291333,-80.583167,greg,20,""
1998,3,3as,,144,,3A,25.777683,-80.73255,anhi,2,""
1998,3,3as,,221,,3A,25.781,-80.688983,anhi,1,""
1998,3,3as,,473,,3A,25.797133,-80.731217,anhi,1,""
1998,3,3as,,525,,west3A,25.802567,-80.80855,anhi,1,""
1998,3,3as,,528,,west3A,25.80345,-80.803417,anhi,3,""
1998,3,3as,,595,,3A,25.809033,-80.678617,anhi,1,""
1998,3,3as,,621,,3A,25.8172,-80.6687,anhi,1,""
1998,3,3as,,727,,3A,25.8194,-80.671433,anhi,9,""
1998,3,3as,,727,,3A,25.8193,-80.671167,anhi,2,""
1998,3,3as,,775,,Unknown,25.833333,-80.657283,anhi,2,""
1998,3,3as,,814,,west3A,25.83075,-80.753567,anhi,6,""
1998,3,3as,,817,,west3A,25.83155,-80.757517,anhi,3,""
1998,3,3as,,869,,3A,25.835633,-80.686467,anhi,1,""
1998,3,3as,,870,,3A,25.83605,-80.6855,anhi,1,""
1998,3,3as,,871,,3A,25.83555,-80.684517,anhi,2,""
1998,3,3as,,872,,3A,25.8356,-80.68545,anhi,2,""
1998,3,3as,,933,,3A,25.8515,-80.672467,anhi,5,""
1998,3,3as,,934,,3A,25.846383,-80.678033,anhi,1,""
1998,3,3as,,940,,3A,25.844533,-80.701283,anhi,1,""
1998,3,3as,,943,,3A,25.850517,-80.704867,anhi,1,""
1998,3,3as,,944,,3A,25.846233,-80.70325,anhi,1,""
1998,3,3as,,945,,3A,25.84395,-80.704567,anhi,1,""
1998,3,3as,,952,,west3A,25.847683,-80.749617,anhi,10,""
1998,3,3as,,955,,west3A,25.849667,-80.7615,anhi,1,""
1998,3,3as,,1043,,3A,25.86335,-80.704383,anhi,1,""
1998,3,3as,,1045,,3A,25.864433,-80.706083,anhi,3,""
1998,3,3as,,1057,,west3A,25.858667,-80.743833,anhi,4,""
1998,3,3as,,1068,,west3A,25.866333,-80.764167,anhi,2,""
1998,3,3as,,1151,,3A,25.8811,-80.694217,anhi,1,""
1998,3,3as,,1174,,west3A,25.874767,-80.728583,anhi,2,""
1998,3,3as,3a,1222,fontana,FONTANA,25.887333,-80.770333,anhi,3,""
1998,3,3as,,1318,,west3A,25.891667,-80.768833,anhi,1,""
1998,3,3as,,1336,,west3A,25.905333,-80.77625,anhi,1,""
1998,3,3as,,1365,,3A,25.903883,-80.6695,anhi,2,""
1998,3,3as,,1378,,Unknown,25.898867,-80.629333,anhi,2,""
1998,3,3as,,1392,,Unknown,25.913367,-80.637733,anhi,1,""
1998,3,3as,,1414,,3A,25.910183,-80.7206,anhi,1,""
1998,3,3as,,1427,,3A,25.912183,-80.725183,anhi,1,""
1998,3,3as,,1431,,west3A,25.910917,-80.73155,anhi,2,""
1998,3,3as,,1433,,west3A,25.913,-80.7325,anhi,1,""
1998,3,3as,,1433,,west3A,25.912833,-80.732417,anhi,7,""
1998,3,3as,,1438,,west3A,25.913883,-80.73285,anhi,7,""
1998,3,3as,,1494,,west3A,25.917783,-80.733117,anhi,1,""
1998,3,3as,,1512,,3A,25.91775,-80.66735,anhi,1,""
1998,3,3as,,1520,,Unknown,25.916833,-80.598717,anhi,45,""
1998,3,3as,,1534,,3A,25.93245,-80.675717,anhi,1,""
1998,3,3as,,1537,,3A,25.929633,-80.679683,anhi,1,""
1998,3,3as,,1537,,Unknown,25.929633,-80.679683,anhi,7,""
1998,3,3as,,1542,,3A,25.928583,-80.68755,anhi,1,""
1998,3,3as,,1543,,3A,25.930183,-80.6879,anhi,2,""
1998,3,3as,,1564,,west3A,25.93335,-80.75835,anhi,3,""
1998,3,3as,,1590,,3A,25.940467,-80.81295,anhi,2,""
1998,3,3as,,1621,,3A,25.933633,-80.703283,anhi,3,""
1998,3,3as,,1624,,3A,25.94055,-80.680483,anhi,3,""
1998,3,3as,,1659,,3A,25.945567,-80.675233,anhi,1,""
1998,3,3as,,1671,,3A,25.942483,-80.731733,anhi,3,""
1998,3,3as,,1690,,west3A,25.947833,-80.758667,anhi,1,""
1998,3,3as,,1752,,3A,25.951833,-80.67835,anhi,4,""
1998,3,3as,,1850,,3A,25.971367,-80.680783,anhi,1,""
1998,3,3as,,1857,,Unknown,25.9701,-80.658583,anhi,1,""
1998,3,3as,,1868,,Unknown,25.975533,-80.625733,anhi,2,""
1998,3,3as,,1872,,Unknown,25.979,-80.655283,anhi,3,""
1998,3,3as,,1873,,Unknown,25.979183,-80.657933,anhi,8,""
1998,3,3as,,1877,,3A,25.976667,-80.685867,anhi,1,""
1998,3,3as,,1887,,west3A,25.979733,-80.741917,anhi,10,""
1998,3,3as,,1936,,Unknown,25.9897,-80.6726,anhi,3,""
1998,3,3as,3a,2108,big_mel_west,big mel west,26.034067,-80.674667,anhi,1,""
1998,3,3as,,2307,,Unknown,26.116317,-80.658867,anhi,3,""
1998,3,3as,,2708,,Unknown,25.914917,-80.607283,anhi,1,""
1998,3,3as,,528,,west3A,25.80345,-80.803417,bcnh,10,""
1998,3,3as,,1808,,Unknown,25.965217,-80.8207,bcnh,15,""
1998,3,3as,3a,2108,big_mel_west,big mel west,26.034067,-80.674667,bcnh,5,""
1998,3,3as,,2196,,North 3A,26.069333,-80.772217,bcnh,1,""
1998,3,3as,,2196,,North 3A,26.069333,-80.772217,bcnh,1,""
1998,3,3as,,2291,,North 3A,26.11215,-80.744733,bcnh,2,""
1998,3,3as,,2291,,North 3A,26.11215,-80.744733,bcnh,2,""
1998,3,3as,,2307,,Unknown,26.116317,-80.658867,bcnh,2,""
1998,3,3as,,2385,,N3A,26.128633,-80.7154,bcnh,1,""
1998,3,3as,,2385,,N3A,26.128633,-80.7154,bcnh,1,""
1998,3,3as,,2401,,North 3A,26.13575,-80.782117,bcnh,10,""
1998,3,3as,,2401,,North 3A,26.13575,-80.782117,bcnh,10,""
1998,3,3as,,525,,west3A,25.802567,-80.80855,dcco,1,""
1998,3,3as,,1564,,west3A,25.93335,-80.75835,dcco,10,""
1998,3,3as,,2422,,Unknown,26.144333,-80.750167,dcco,100,""
1998,3,3as,,80,,west3A,25.774367,-80.797417,gbhe,1,""
1998,3,3as,,144,,3A,25.777683,-80.73255,gbhe,1,""
1998,3,3as,,221,,3A,25.781,-80.688983,gbhe,1,""
1998,3,3as,,239,,3A,25.784017,-80.731717,gbhe,1,""
1998,3,3as,,346,,west3A,25.792783,-80.7935,gbhe,1,""
1998,3,3as,,404,,3A,25.79395,-80.6896,gbhe,1,""
1998,3,3as,,473,,3A,25.797133,-80.731217,gbhe,1,""
1998,3,3as,,480,,west3A,25.79775,-80.759633,gbhe,1,""
1998,3,3as,,499,,west3A,25.796567,-80.783567,gbhe,1,""
1998,3,3as,,502,,west3A,25.798367,-80.794567,gbhe,1,""
1998,3,3as,,621,,3A,25.8172,-80.6687,gbhe,1,""
1998,3,3as,,628,,3A,25.814517,-80.675817,gbhe,1,""
1998,3,3as,,638,,3A,25.8124,-80.693183,gbhe,1,""
1998,3,3as,,720,,3A,25.8256,-80.683383,gbhe,1,""
1998,3,3as,,775,,Unknown,25.833333,-80.657283,gbhe,2,""
1998,3,3as,,782,,3A,25.832067,-80.673583,gbhe,1,""
1998,3,3as,,785,,3A,25.827717,-80.67565,gbhe,1,""
1998,3,3as,,933,,3A,25.8515,-80.672467,gbhe,1,""
1998,3,3as,,944,,3A,25.846233,-80.70325,gbhe,1,""
1998,3,3as,,945,,3A,25.84395,-80.704567,gbhe,1,""
1998,3,3as,,952,,west3A,25.847683,-80.749617,gbhe,1,""
1998,3,3as,,1155,,3A,25.878083,-80.705633,gbhe,2,""
1998,3,3as,,1162,,3A,25.877833,-80.708917,gbhe,3,""
1998,3,3as,,1241,,3A,25.885167,-80.683083,gbhe,1,""
1998,3,3as,,1378,,Unknown,25.898867,-80.629333,gbhe,1,""
1998,3,3as,,1414,,3A,25.910183,-80.7206,gbhe,1,""
1998,3,3as,,1427,,3A,25.912183,-80.725183,gbhe,1,""
1998,3,3as,,1431,,west3A,25.910917,-80.73155,gbhe,1,""
1998,3,3as,,1433,,west3A,25.912833,-80.732417,gbhe,3,""
1998,3,3as,,1438,,west3A,25.913883,-80.73285,gbhe,1,""
1998,3,3as,,1439,,west3A,25.914,-80.7363,gbhe,1,""
1998,3,3as,,1520,,Unknown,25.916833,-80.598717,gbhe,2,""
1998,3,3as,,1537,,3A,25.929633,-80.679683,gbhe,1,""
1998,3,3as,,1537,,Unknown,25.929633,-80.679683,gbhe,1,""
1998,3,3as,,1563,,west3A,25.929133,-80.7553,gbhe,3,""
1998,3,3as,,1580,,west3A,25.931667,-80.789167,gbhe,1,""
1998,3,3as,,1590,,3A,25.940467,-80.81295,gbhe,1,""
1998,3,3as,,1613,,west3A,25.937667,-80.7365,gbhe,2,""
1998,3,3as,,1659,,3A,25.945567,-80.675233,gbhe,1,""
1998,3,3as,,1671,,3A,25.942483,-80.731733,gbhe,2,""
1998,3,3as,,1690,,west3A,25.947833,-80.758667,gbhe,1,""
1998,3,3as,,1726,,west3A,25.956167,-80.753,gbhe,2,""
1998,3,3as,,1887,,west3A,25.979733,-80.741917,gbhe,4,""
1998,3,3as,,1889,,west3A,25.98045,-80.76045,gbhe,2,""
1998,3,3as,,1894,,west3A,25.980667,-80.796167,gbhe,2,""
1998,3,3as,,1969,,west3A,25.994,-80.747,gbhe,2,""
1998,3,3as,,1969,,west3A,25.993667,-80.746833,gbhe,1,""
1998,3,3as,,1969,,west3A,25.993833,-80.7465,gbhe,1,""
1998,3,3as,,2005,,Unknown,26.003133,-80.66435,gbhe,1,""
1998,3,3as,,2040,,Unknown,26.02025,-80.809283,gbhe,1,""
1998,3,3as,,2215,,Unknown,26.076567,-80.6304,gbhe,1,""
1998,3,3as,,2225,,North 3A,26.0746,-80.729817,gbhe,1,""
1998,3,3as,,2225,,North 3A,26.0746,-80.729817,gbhe,1,""
1998,3,3as,,2236,,Unknown,26.084483,-80.626667,gbhe,2,""
1998,3,3as,,2291,,Unknown,26.112817,-80.744617,gbhe,1,""
1998,3,3as,,2293,jw1_old,JWnew,26.108833,-80.752667,gbhe,4,""
1998,3,3as,,2293,,Unknown,26.11045,-80.7522,gbhe,3,""
1998,3,3as,,2307,,Unknown,26.116317,-80.658867,gbhe,1,""
1998,3,3as,,2385,,N3A,26.128633,-80.7154,gbhe,1,""
1998,3,3as,,2385,,N3A,26.128633,-80.7154,gbhe,1,""
1998,3,3as,,2395,,North 3A,26.124933,-80.776967,gbhe,3,""
1998,3,3as,,2395,,North 3A,26.124933,-80.776967,gbhe,3,""
1998,3,3as,,2708,,Unknown,25.914917,-80.607283,gbhe,1,""
1998,3,3as,,3423,,3A,25.8819,-80.683067,gbhe,1,""
1998,3,3as,,660,,Unknown,25.816833,-80.7665,greg,10,""
1998,3,3as,,2054,,Unknown,26.015833,-80.659,greg,36,""
1998,3,3as,,2064,,Unknown,26.024433,-80.540733,greg,3,""
1998,3,3as,,2291,,North 3A,26.11215,-80.744733,greg,4,""
1998,3,3as,,2291,,North 3A,26.11215,-80.744733,greg,4,""
1998,3,3as,,2291,,Unknown,26.112817,-80.744617,greg,3,""
1998,3,3as,,2293,jw1_old,JWnew,26.108833,-80.752667,greg,25,""
1998,3,3as,,2293,,Unknown,26.11045,-80.7522,greg,6,""
1998,3,3as,,2297,,Unknown,26.109333,-80.785,greg,23,""
1998,3,3as,,2307,,Unknown,26.115,-80.659833,greg,35,""
1998,3,3as,,2385,,N3A,26.128633,-80.7154,greg,1,""
1998,3,3as,,2385,,N3A,26.128633,-80.7154,greg,1,""
1998,3,3as,,2387,,Unknown,26.123333,-80.728167,greg,35,""
1998,3,3as,,1141,,Unknown,25.87755,-80.62795,grhe,1,""
1998,3,3as,,1520,,Unknown,25.916833,-80.598717,grhe,1,""
1998,3,3as,,1808,,Unknown,25.965217,-80.8207,lbhe,40,""
1998,3,3as,3a,2108,big_mel_west,big mel west,26.034067,-80.674667,lbhe,30,""
1998,3,3as,,2307,,Unknown,26.116317,-80.658867,lbhe,2,""
1998,3,3as,,2401,,North 3A,26.13575,-80.782117,lbhe,3,""
1998,3,3as,,2401,,North 3A,26.13575,-80.782117,lbhe,3,""
1998,3,3as,,2385,,N3A,26.128633,-80.7154,trhe,1,""
1998,3,3as,,2385,,N3A,26.128633,-80.7154,trhe,1,""
1998,3,3b,,208,,3BCell2,25.786783,-80.57045,anhi,3,""
1998,3,3b,,208,,3BCell2,25.786783,-80.57045,anhi,3,""
1998,3,3b,,414,,3BCell2,25.789833,-80.575317,anhi,1,""
1998,3,3b,,414,,3BCell2,25.789833,-80.575317,anhi,1,""
1998,3,3b,,418,,AGCanEa,25.798167,-80.483383,anhi,38,""
1998,3,3b,,418,,AGCanEa,25.798167,-80.483383,anhi,38,""
1998,3,3b,,421,,AGCanEa,25.7977,-80.494217,anhi,16,""
1998,3,3b,,421,,AGCanEa,25.7977,-80.494217,anhi,16,""
1998,3,3b,,759,,3B-NAGCAN,25.820467,-80.501233,anhi,2,""
1998,3,3b,,759,,3B-NAGCAN,25.820467,-80.501233,anhi,2,""
1998,3,3b,,768,,3BNAg Ca,25.8334,-80.5036,anhi,2,""
1998,3,3b,,768,,3BNAg Ca,25.8334,-80.5036,anhi,2,""
1998,3,3b,,900,,Dagon,25.84025,-80.5275,anhi,5,""
1998,3,3b,,1027,,3BNAg Ca,25.865617,-80.515983,anhi,1,""
1998,3,3b,,1027,,3BNAg Ca,25.865617,-80.515983,anhi,1,""
1998,3,3b,,1269,,3BNAg Ca,25.894633,-80.514233,anhi,2,""
1998,3,3b,,1269,,3BNAg Ca,25.894633,-80.514233,anhi,2,""
1998,3,3b,,768,,3BNAg Ca,25.8334,-80.5036,bcnh,2,""
1998,3,3b,,768,,3BNAg Ca,25.8334,-80.5036,bcnh,2,""
1998,3,3b,,927,,3B-NAGCAN,25.847533,-80.576183,bcnh,4,""
1998,3,3b,,927,,3B-NAGCAN,25.847533,-80.576183,bcnh,4,""
1998,3,3b,,1262,,3BNAg Ca,25.894667,-80.5039,bcnh,4,""
1998,3,3b,,1262,,3BNAg Ca,25.894667,-80.5039,bcnh,4,""
1998,3,3b,,769,,3B-NAGCAN,25.827483,-80.519983,dcco,35,""
1998,3,3b,,769,,3B-NAGCAN,25.827483,-80.519983,dcco,35,""
1998,3,3b,,414,,3BCell2,25.789833,-80.575317,gbhe,3,""
1998,3,3b,,414,,3BCell2,25.789833,-80.575317,gbhe,3,""
1998,3,3b,,754,,3B-NAGCAN,25.824033,-80.519983,gbhe,1,""
1998,3,3b,,754,,3B-NAGCAN,25.824033,-80.519983,gbhe,1,""
1998,3,3b,,755,,3BNAg Ca,25.8194,-80.503633,gbhe,1,""
1998,3,3b,,755,,3BNAg Ca,25.8194,-80.503633,gbhe,1,""
1998,3,3b,,759,,3B-NAGCAN,25.820467,-80.501233,gbhe,1,""
1998,3,3b,,759,,3B-NAGCAN,25.820467,-80.501233,gbhe,1,""
1998,3,3b,,768,,3BNAg Ca,25.8334,-80.5036,gbhe,1,""
1998,3,3b,,768,,3BNAg Ca,25.8334,-80.5036,gbhe,1,""
1998,3,3b,,769,,3B-NAGCAN,25.827483,-80.519983,gbhe,1,""
1998,3,3b,,769,,3B-NAGCAN,25.827483,-80.519983,gbhe,1,""
1998,3,3b,,891,,3B-NAGCAN,25.8369,-80.5534,gbhe,1,""
1998,3,3b,,891,,3B-NAGCAN,25.8369,-80.5534,gbhe,1,""
1998,3,3b,,927,,3B-NAGCAN,25.847533,-80.576183,gbhe,1,""
1998,3,3b,,927,,3B-NAGCAN,25.847533,-80.576183,gbhe,1,""
1998,3,3b,,1027,,3BNAg Ca,25.865617,-80.515983,gbhe,2,""
1998,3,3b,,1027,,3BNAg Ca,25.865617,-80.515983,gbhe,2,""
1998,3,3b,,1140,,3BNAg Ca,25.879383,-80.529917,gbhe,1,""
1998,3,3b,,1140,,3BNAg Ca,25.879383,-80.529917,gbhe,1,""
1998,3,3b,,1262,,3BNAg Ca,25.894667,-80.5039,gbhe,1,""
1998,3,3b,,1262,,3BNAg Ca,25.894667,-80.5039,gbhe,1,""
1998,3,3b,,1263,,3BNAg Ca,25.894583,-80.50985,gbhe,1,""
1998,3,3b,,1263,,3BNAg Ca,25.894583,-80.50985,gbhe,1,""
1998,3,3b,,1269,,3BNAg Ca,25.894633,-80.514233,gbhe,3,""
1998,3,3b,,1269,,3BNAg Ca,25.894633,-80.514233,gbhe,3,""
1998,3,3b,,1383,,3BNAg Ca,25.902583,-80.544183,gbhe,1,""
1998,3,3b,,1383,,3BNAg Ca,25.902583,-80.544183,gbhe,1,""
1998,3,3b,,1385,,3B gbhsur,25.8997,-80.530867,gbhe,1,""
1998,3,3b,,1390,,3BNAg Ca,25.910533,-80.5306,gbhe,1,""
1998,3,3b,,1390,,3BNAg Ca,25.910533,-80.5306,gbhe,1,""
1998,3,3b,,1526,,3BNAg Ca,25.9301,-80.46765,gbhe,1,""
1998,3,3b,,1526,,3BNAg Ca,25.9301,-80.46765,gbhe,1,""
1998,3,3b,,619,,Unknown,25.815,-80.604333,greg,22,""
1998,3,3b,,924,,Unknown,25.849667,-80.531667,greg,32,""
1998,3,3b,,927,,3B-NAGCAN,25.847533,-80.576183,greg,2,""
1998,3,3b,,927,,3B-NAGCAN,25.847533,-80.576183,greg,2,""
1998,3,3b,,1262,,3BNAg Ca,25.894667,-80.5039,greg,1,""
1998,3,3b,,1262,,3BNAg Ca,25.894667,-80.5039,greg,1,""
1998,3,3b,,1269,,3BNAg Ca,25.894633,-80.514233,greg,1,""
1998,3,3b,,1269,,3BNAg Ca,25.894633,-80.514233,greg,1,""
1998,3,3b,,751,,3bNWAG,25.818967,-80.612633,grhe,3,""
1998,3,3b,,751,,3bNWAG,25.818967,-80.612633,grhe,3,""
1998,3,3b,,1262,,3BNAg Ca,25.894667,-80.5039,grhe,1,""
1998,3,3b,,1262,,3BNAg Ca,25.894667,-80.5039,grhe,1,""
1998,enp,inlandenp,,2671,,3A,25.5988,-80.713017,anhi,3,""
1998,enp,inlandenp,,2693,,3A,25.755817,-80.672183,anhi,7,""
1998,enp,inlandenp,,2693,,3A,25.755817,-80.672183,gbhe,1,""
1999,2,2a,,2506,,2A,26.266667,-80.376667,gbhe,4,""
1999,2,2a,,2506,,2A,26.266667,-80.376667,greg,12,""
1999,2,2b,,2455,,,26.208533,-80.393067,gbhe,7,""
1999,2,2b,,2456,,,26.209583,-80.40165,gbhe,1,""
1999,2,2b,,2457,,,26.2115,-80.391333,gbhe,3,""
1999,2,2b,,2476,,,26.178917,-80.33175,greg,31,""
1999,3,3an,,2443,,,26.26245,-80.496717,gbhe,1,""
1999,3,3an,,2436,,,26.209217,-80.66585,greg,8,""
1999,3,3an,,2443,,,26.26245,-80.496717,greg,18,""
1999,3,3as,,8,,,25.765033,-80.67735,anhi,9,""
1999,3,3as,,25,,,25.768933,-80.7322,anhi,1,""
1999,3,3as,,82,,,25.776133,-80.796033,anhi,15,""
1999,3,3as,,85,,,25.77665,-80.793333,anhi,3,""
1999,3,3as,,139,,,25.777117,-80.7449,anhi,4,""
1999,3,3as,,144,,,25.77795,-80.732617,anhi,2,""
1999,3,3as,,151,,,25.772483,-80.728033,anhi,4,""
1999,3,3as,,154,,,25.777683,-80.716317,anhi,1,""
1999,3,3as,,156,,,25.77665,-80.71215,anhi,2,""
1999,3,3as,,158,,,25.777667,-80.71015,anhi,5,""
1999,3,3as,,164,,,25.77905,-80.70195,anhi,17,""
1999,3,3as,,165,,,25.777267,-80.699033,anhi,22,""
1999,3,3as,,167,,,25.77355,-80.699967,anhi,1,""
1999,3,3as,,167,,,25.773383,-80.699933,anhi,3,""
1999,3,3as,,173,,,25.771017,-80.694533,anhi,1,""
1999,3,3as,,223,,,25.783583,-80.695333,anhi,1,""
1999,3,3as,,226,,,25.781117,-80.70205,anhi,1,""
1999,3,3as,,229,,,25.782283,-80.700317,anhi,4,""
1999,3,3as,,235,,,25.7814,-80.72475,anhi,2,""
1999,3,3as,,238,,,25.779867,-80.7287,anhi,2,""
1999,3,3as,,239,,,25.7835,-80.73165,anhi,1,""
1999,3,3as,,336,,,25.78985,-80.836433,anhi,2,""
1999,3,3as,,336,,,25.789733,-80.835883,anhi,2,""
1999,3,3as,,367,,,25.793483,-80.771033,anhi,3,""
1999,3,3as,,384,,,25.792817,-80.732467,anhi,1,""
1999,3,3as,,388,,,25.793583,-80.729333,anhi,1,""
1999,3,3as,,392,,,25.787217,-80.724133,anhi,3,""
1999,3,3as,,400,,,25.7889,-80.697067,anhi,4,""
1999,3,3as,,406,,,25.792867,-80.681367,anhi,1,""
1999,3,3as,,456,,,25.794617,-80.70165,anhi,2,""
1999,3,3as,,460,,,25.795867,-80.7103,anhi,1,""
1999,3,3as,,474,,,25.796267,-80.731617,anhi,6,""
1999,3,3as,,475,,,25.802017,-80.746167,anhi,1,""
1999,3,3as,,492,,,25.7982,-80.78215,anhi,2,""
1999,3,3as,,496,,,25.79975,-80.783333,anhi,1,""
1999,3,3as,,505,,,25.796883,-80.807633,anhi,18,""
1999,3,3as,,531,,,25.806533,-80.796,anhi,4,""
1999,3,3as,,534,,,25.806867,-80.790617,anhi,1,""
1999,3,3as,,560,,,25.804483,-80.71275,anhi,1,""
1999,3,3as,,561,,,25.80805,-80.711383,anhi,1,""
1999,3,3as,,562,,,25.806417,-80.710017,anhi,2,""
1999,3,3as,,563,,,25.807567,-80.70885,anhi,1,""
1999,3,3as,,564,,,25.805983,-80.70835,anhi,5,""
1999,3,3as,,567,,,25.804133,-80.708817,anhi,1,""
1999,3,3as,,574,,,25.810233,-80.708433,anhi,6,""
1999,3,3as,,575,,,25.80735,-80.704967,anhi,4,""
1999,3,3as,,578,,,25.804567,-80.7039,anhi,1,""
1999,3,3as,,594,,,25.8085,-80.678617,anhi,3,""
1999,3,3as,,625,,,25.8159,-80.67295,anhi,6,""
1999,3,3as,,639,,,25.817467,-80.704017,anhi,1,""
1999,3,3as,,651,,,25.813117,-80.72865,anhi,10,""
1999,3,3as,,668,,,25.816533,-80.772817,anhi,18,""
1999,3,3as,,669,,,25.8142,-80.775967,anhi,4,""
1999,3,3as,,689,,,25.8185,-80.77025,anhi,1,""
1999,3,3as,,699,,,25.823017,-80.724483,anhi,1,""
1999,3,3as,,700,,,25.8232,-80.7218,anhi,10,""
1999,3,3as,,713,,,25.824133,-80.7009,anhi,1,""
1999,3,3as,,720,,,25.82515,-80.682833,anhi,6,""
1999,3,3as,,727,,,25.818767,-80.6718,anhi,7,""
1999,3,3as,,728,,,25.821967,-80.672133,anhi,1,""
1999,3,3as,,732,,,25.824867,-80.671033,anhi,1,""
1999,3,3as,,774,,,25.833317,-80.649917,anhi,2,""
1999,3,3as,,775,,,25.832083,-80.657967,anhi,1,""
1999,3,3as,,776,,,25.830217,-80.66215,anhi,4,""
1999,3,3as,,778,,,25.827883,-80.663167,anhi,2,""
1999,3,3as,,782,,,25.831783,-80.673817,anhi,22,""
1999,3,3as,,785,,,25.828,-80.675767,anhi,20,""
1999,3,3as,,793,,,25.831183,-80.688817,anhi,4,""
1999,3,3as,,816,,,25.830367,-80.756767,anhi,5,""
1999,3,3as,,849,,,25.836033,-80.755833,anhi,3,""
1999,3,3as,,859,,,25.841533,-80.721517,anhi,1,""
1999,3,3as,,866,,,25.835317,-80.693167,anhi,15,""
1999,3,3as,,872,,,25.835583,-80.685283,anhi,15,""
1999,3,3as,,877,,,25.835917,-80.663717,anhi,2,""
1999,3,3as,,878,,,25.8352,-80.656533,anhi,1,""
1999,3,3as,,928,,,25.842733,-80.645683,anhi,6,""
1999,3,3as,,932,,,25.850217,-80.67305,anhi,50,""
1999,3,3as,,934,,,25.846083,-80.677467,anhi,8,""
1999,3,3as,,936,,,25.847033,-80.685367,anhi,3,""
1999,3,3as,,943,,,25.850467,-80.705,anhi,4,""
1999,3,3as,,944,,,25.846383,-80.702917,anhi,20,""
1999,3,3as,,945,,,25.843883,-80.704233,anhi,2,""
1999,3,3as,,946,,,25.843767,-80.711617,anhi,1,""
1999,3,3as,,958,,,25.849417,-80.782017,anhi,1,""
1999,3,3as,,964,,,25.84325,-80.798233,anhi,1,""
1999,3,3as,,969,,,25.850317,-80.836367,anhi,20,""
1999,3,3as,,972,,,25.856917,-80.80845,anhi,1,""
1999,3,3as,,977,,,25.8587,-80.79325,anhi,1,""
1999,3,3as,,987,,,25.8527,-80.75745,anhi,4,""
1999,3,3as,,992,,,25.857683,-80.7217,anhi,1,""
1999,3,3as,,993,,,25.857633,-80.72015,anhi,1,""
1999,3,3as,,998,,,25.857483,-80.70915,anhi,1,""
1999,3,3as,,999,,,25.857917,-80.710017,anhi,4,""
1999,3,3as,,1000,,,25.8543,-80.702533,anhi,2,""
1999,3,3as,,1004,,,25.851767,-80.684467,anhi,1,""
1999,3,3as,,1013,,,25.8556,-80.643,anhi,18,""
1999,3,3as,,1034,,,25.864233,-80.663517,anhi,16,""
1999,3,3as,,1034,,,25.86375,-80.661867,anhi,10,""
1999,3,3as,,1043,,,25.863017,-80.704067,anhi,4,""
1999,3,3as,,1044,,,25.86375,-80.7057,anhi,18,""
1999,3,3as,,1052,,,25.859233,-80.713433,anhi,2,""
1999,3,3as,,1054,,,25.8609,-80.724783,anhi,8,""
1999,3,3as,,1060,,,25.86635,-80.738483,anhi,4,""
1999,3,3as,,1068,,,25.865783,-80.764667,anhi,4,""
1999,3,3as,,1069,,,25.866133,-80.7663,anhi,1,""
1999,3,3as,,1108,,,25.867917,-80.761817,anhi,1,""
1999,3,3as,,1124,,,25.8741,-80.660583,anhi,7,""
1999,3,3as,,1125,,,25.874633,-80.661633,anhi,2,""
1999,3,3as,,1126,,,25.8755,-80.6614,anhi,4,""
1999,3,3as,,1128,,,25.873717,-80.65815,anhi,13,""
1999,3,3as,,1143,,,25.875733,-80.64495,anhi,22,""
1999,3,3as,,1162,,,25.878133,-80.709033,anhi,1,""
1999,3,3as,,1168,,,25.878533,-80.72045,anhi,2,""
1999,3,3as,,1221,,,25.887133,-80.781833,anhi,1,""
1999,3,3as,3a,1222,fontana,FONTANA,25.887883,-80.770733,anhi,6,""
1999,3,3as,,1229,,,25.8861,-80.7142,anhi,1,""
1999,3,3as,,1231,,,25.887867,-80.705933,anhi,2,""
1999,3,3as,,1237,,,25.886233,-80.701867,anhi,5,""
1999,3,3as,,1244,,,25.885533,-80.6669,anhi,8,""
1999,3,3as,,1246,,,25.883817,-80.638,anhi,4,""
1999,3,3as,,1277,,,25.89495,-80.662633,anhi,4,""
1999,3,3as,,1282,,,25.89405,-80.6682,anhi,8,""
1999,3,3as,,1287,,,25.893633,-80.676883,anhi,12,""
1999,3,3as,,1290,,,25.894183,-80.687067,anhi,4,""
1999,3,3as,,1295,,,25.897833,-80.7049,anhi,6,""
1999,3,3as,,1297,,,25.892433,-80.702283,anhi,5,""
1999,3,3as,,1299,,,25.891183,-80.7019,anhi,1,""
1999,3,3as,,1305,,,25.892983,-80.725333,anhi,1,""
1999,3,3as,,1309,,,25.895317,-80.738233,anhi,10,""
1999,3,3as,,1319,,,25.8927,-80.7744,anhi,11,""
1999,3,3as,,1332,,,25.906933,-80.7941,anhi,2,""
1999,3,3as,,1340,,,25.905617,-80.766967,anhi,4,""
1999,3,3as,,1341,,,25.898317,-80.76955,anhi,2,""
1999,3,3as,,1347,,,25.907267,-80.74305,anhi,1,""
1999,3,3as,,1348,,,25.907133,-80.73685,anhi,2,""
1999,3,3as,,1353,,,25.901067,-80.739067,anhi,20,""
1999,3,3as,,1360,,,25.904033,-80.707917,anhi,6,""
1999,3,3as,,1365,,,25.903833,-80.670167,anhi,11,""
1999,3,3as,,1378,,,25.899383,-80.6297,anhi,3,""
1999,3,3as,,1392,,,25.912983,-80.637867,anhi,13,""
1999,3,3as,,1395,,,25.9082,-80.6501,anhi,7,""
1999,3,3as,,1400,,,25.913733,-80.66165,anhi,6,""
1999,3,3as,,1401,,,25.913167,-80.665883,anhi,9,""
1999,3,3as,,1405,,,25.9135,-80.670433,anhi,4,""
1999,3,3as,,1410,,,25.908033,-80.703767,anhi,6,""
1999,3,3as,,1412,,,25.914583,-80.719417,anhi,5,""
1999,3,3as,,1414,,,25.910067,-80.720683,anhi,11,""
1999,3,3as,,1426,,,25.9125,-80.724433,anhi,1,""
1999,3,3as,,1437,,,25.9133,-80.73455,anhi,6,""
1999,3,3as,,1444,,,25.907983,-80.74155,anhi,5,""
1999,3,3as,,1453,,,25.914483,-80.774083,anhi,21,""
1999,3,3as,,1456,,,25.91485,-80.779,anhi,2,""
1999,3,3as,,1457,,,25.913433,-80.779267,anhi,1,""
1999,3,3as,,1457,,,25.913867,-80.77925,anhi,2,""
1999,3,3as,,1499,,,25.919533,-80.723817,anhi,1,""
1999,3,3as,,1529,,,25.930033,-80.646483,anhi,1,""
1999,3,3as,,1537,,,25.930333,-80.6795,anhi,6,""
1999,3,3as,,1538,,,25.9261,-80.686,anhi,14,""
1999,3,3as,,1542,,,25.92865,-80.68785,anhi,4,""
1999,3,3as,,1545,,,25.9294,-80.693883,anhi,1,""
1999,3,3as,,1548,,,25.9334,-80.713633,anhi,5,""
1999,3,3as,,1557,,,25.93315,-80.743017,anhi,1,""
1999,3,3as,,1578,,,25.931867,-80.78075,anhi,3,""
1999,3,3as,,1594,,,25.9376,-80.795733,anhi,1,""
1999,3,3as,,1596,,,25.940133,-80.7708,anhi,1,""
1999,3,3as,,1609,,,25.938967,-80.745517,anhi,4,""
1999,3,3as,,1611,,,25.936783,-80.737,anhi,6,""
1999,3,3as,,1619,,,25.939683,-80.707283,anhi,20,""
1999,3,3as,,1621,,,25.933383,-80.703183,anhi,4,""
1999,3,3as,,1624,,,25.940467,-80.681017,anhi,7,""
1999,3,3as,,1627,,,25.9408,-80.664167,anhi,1,""
1999,3,3as,,1629,,,25.936683,-80.649967,anhi,2,""
1999,3,3as,,1672,,,25.949183,-80.733283,anhi,7,""
1999,3,3as,,1683,,,25.943667,-80.749533,anhi,4,""
1999,3,3as,,1687,,,25.942017,-80.747533,anhi,4,""
1999,3,3as,,1714,,,25.954917,-80.77285,anhi,4,""
1999,3,3as,,1716,,,25.957867,-80.7749,anhi,4,""
1999,3,3as,,1717,,,25.957833,-80.7722,anhi,4,""
1999,3,3as,,1727,,,25.950817,-80.729917,anhi,16,""
1999,3,3as,,1742,,,25.95225,-80.701217,anhi,1,""
1999,3,3as,,1746,,,25.952033,-80.694233,anhi,15,""
1999,3,3as,,1749,,,25.95485,-80.684667,anhi,1,""
1999,3,3as,,1758,,,25.9514,-80.667367,anhi,10,""
1999,3,3as,,1762,,,25.957417,-80.647083,anhi,4,""
1999,3,3as,,1782,,,25.962717,-80.725667,anhi,1,""
1999,3,3as,,1785,,,25.96015,-80.73395,anhi,1,""
1999,3,3as,,1786,,,25.96505,-80.737367,anhi,4,""
1999,3,3as,,1787,,,25.966283,-80.740967,anhi,5,""
1999,3,3as,,1788,,,25.9656,-80.742033,anhi,6,""
1999,3,3as,,1792,,,25.96355,-80.770183,anhi,4,""
1999,3,3as,,1796,,,25.959117,-80.78095,anhi,1,""
1999,3,3as,3a,1802,lbh_halfway,LBH halfway,25.967317,-80.80855,anhi,2,""
1999,3,3as,,1850,,,25.971833,-80.68115,anhi,3,""
1999,3,3as,,1863,,,25.97185,-80.63355,anhi,9,""
1999,3,3as,,1872,,,25.979417,-80.6544,anhi,2,""
1999,3,3as,,1873,,,25.978167,-80.656417,anhi,3,""
1999,3,3as,,1878,,,25.979267,-80.695533,anhi,9,""
1999,3,3as,,1886,,,25.977733,-80.74195,anhi,3,""
1999,3,3as,,1895,,,25.9809,-80.800117,anhi,1,""
1999,3,3as,,1927,,,25.98755,-80.706667,anhi,15,""
1999,3,3as,,1966,,,25.99545,-80.73195,anhi,2,""
1999,3,3as,,1992,,,26.000617,-80.7329,anhi,1,""
1999,3,3as,,2004,,,26.002833,-80.667567,anhi,2,""
1999,3,3as,,2014,,,26.011267,-80.582383,anhi,1,""
1999,3,3as,,2046,,,26.022417,-80.734817,anhi,1,""
1999,3,3as,,2072,,,26.023983,-80.7329,anhi,1,""
1999,3,3as,,2081,,,26.025617,-80.845,anhi,3,""
1999,3,3as,,2085,,outside cypress,26.040117,-80.829,anhi,1,""
1999,3,3as,,2119,,,26.04525,-80.615883,anhi,1,""
1999,3,3as,,2122,,,26.038917,-80.639767,anhi,1,""
1999,3,3as,,2144,,,26.040867,-80.801767,anhi,2,""
1999,3,3as,,2157,,,26.053983,-80.756167,anhi,1,""
1999,3,3as,,2237,,Canals NE 3A,26.086283,-80.588183,anhi,2,""
1999,3,3as,,2237,,Canals NE 3A,26.086283,-80.588183,anhi,2,""
1999,3,3as,,2256,,,26.091517,-80.793783,anhi,2,""
1999,3,3as,,2261,,,26.099833,-80.796467,anhi,3,""
1999,3,3as,,2293,jw1_old,JW1,26.110883,-80.752467,anhi,1,""
1999,3,3as,,2298,,,26.10595,-80.796783,anhi,4,""
1999,3,3as,,2299,,,26.1081,-80.797417,anhi,18,""
1999,3,3as,,2309,,,26.12205,-80.653283,anhi,1,""
1999,3,3as,,3440,l67_canal,l-67_canal,25.976217,-80.538533,anhi,10,""
1999,3,3as,,347,,,25.790533,-80.790333,bcnh,4,""
1999,3,3as,,1081,,,25.863783,-80.8077,bcnh,2,""
1999,3,3as,3a,1217,robs,Robs,25.889067,-80.804483,bcnh,5,""
1999,3,3as,3a,1222,fontana,FONTANA,25.887883,-80.770733,bcnh,1,""
1999,3,3as,,1319,,,25.8927,-80.7744,bcnh,1,""
1999,3,3as,,1330,,,25.906433,-80.797233,bcnh,12,""
1999,3,3as,,1475,,,25.919883,-80.798767,bcnh,6,""
1999,3,3as,,1482,,,25.91765,-80.7739,bcnh,5,""
1999,3,3as,,1792,,,25.96355,-80.770183,bcnh,1,""
1999,3,3as,3a,1802,lbh_halfway,LBH halfway,25.967317,-80.80855,bcnh,27,""
1999,3,3as,,1808,,,25.965633,-80.820683,bcnh,10,""
1999,3,3as,,1850,,,25.971833,-80.68115,bcnh,2,""
1999,3,3as,,1886,,,25.977733,-80.74195,bcnh,9,""
1999,3,3as,,1897,,,25.977883,-80.804933,bcnh,18,""
1999,3,3as,,1898,,,25.975033,-80.809667,bcnh,9,""
1999,3,3as,,1900,,,25.981317,-80.816633,bcnh,5,""
1999,3,3as,,1902,,,25.986633,-80.820517,bcnh,18,""
1999,3,3as,,1906,,,25.98345,-80.81245,bcnh,10,""
1999,3,3as,,1927,,,25.98755,-80.706667,bcnh,15,""
1999,3,3as,,1966,,,25.99545,-80.73195,bcnh,1,""
1999,3,3as,,2030,,,26.015517,-80.79425,bcnh,27,""
1999,3,3as,,2090,,,26.036383,-80.790083,bcnh,15,""
1999,3,3as,,2094,,,26.033733,-80.760633,bcnh,15,""
1999,3,3as,,2099,,,26.03435,-80.760783,bcnh,16,""
1999,3,3as,,2111,,,26.034617,-80.651883,bcnh,6,""
1999,3,3as,,2119,,,26.04525,-80.615883,bcnh,6,""
1999,3,3as,,2134,,,26.04315,-80.72285,bcnh,12,""
1999,3,3as,,2144,,,26.040867,-80.801767,bcnh,13,""
1999,3,3as,,2146,,,26.038917,-80.8099,bcnh,10,""
1999,3,3as,,2157,,,26.053983,-80.756167,bcnh,10,""
1999,3,3as,,2162,,,26.053367,-80.74155,bcnh,4,""
1999,3,3as,,2163,,,26.05435,-80.733717,bcnh,5,""
1999,3,3as,,2186,,,26.05985,-80.80395,bcnh,5,""
1999,3,3as,,2203,,,26.064517,-80.667233,bcnh,4,""
1999,3,3as,,2219,,,26.074833,-80.69265,bcnh,5,""
1999,3,3as,,2224,,,26.071533,-80.71605,bcnh,7,""
1999,3,3as,,2233,,,26.08255,-80.76415,bcnh,15,""
1999,3,3as,,2237,,Canals NE 3A,26.086283,-80.588183,bcnh,1,""
1999,3,3as,,2237,,Canals NE 3A,26.086283,-80.588183,bcnh,1,""
1999,3,3as,,2248,,,26.09195,-80.712117,bcnh,10,""
1999,3,3as,,2256,,,26.091517,-80.793783,bcnh,2,""
1999,3,3as,,2257,,,26.096117,-80.796383,bcnh,5,""
1999,3,3as,,2261,,,26.099833,-80.796467,bcnh,4,""
1999,3,3as,,2297,,,26.107567,-80.783783,bcnh,10,""
1999,3,3as,,2298,,,26.10595,-80.796783,bcnh,5,""
1999,3,3as,,2299,,,26.1081,-80.797417,bcnh,1,""
1999,3,3as,,2301,,,26.1167,-80.7524,bcnh,4,""
1999,3,3as,,2308,,,26.11375,-80.651633,bcnh,4,""
1999,3,3as,,2389,,,26.1273,-80.72395,bcnh,2,""
1999,3,3as,,2394,,,26.124017,-80.755,bcnh,1,""
1999,3,3as,,2403,,,26.133683,-80.7596,bcnh,2,""
1999,3,3as,,2406,,,26.134467,-80.737783,bcnh,7,""
1999,3,3as,,2421,,,26.136333,-80.647233,bcnh,1,""
1999,3,3as,,3440,l67_canal,l-67_canal,25.976217,-80.538533,bcnh,18,""
1999,3,3as,,1044,,,25.86375,-80.7057,dcco,1,""
1999,3,3as,,1237,,,25.886233,-80.701867,dcco,5,""
1999,3,3as,,1412,,,25.914583,-80.719417,dcco,2,""
1999,3,3as,,1414,,,25.910067,-80.720683,dcco,1,""
1999,3,3as,,1727,,,25.950817,-80.729917,dcco,2,""
1999,3,3as,,25,,,25.768933,-80.7322,gbhe,1,""
1999,3,3as,,42,,,25.768467,-80.79915,gbhe,2,""
1999,3,3as,,42,,,25.76935,-80.79915,gbhe,1,""
1999,3,3as,,59,,,25.775733,-80.830183,gbhe,1,""
1999,3,3as,,82,,,25.776133,-80.796033,gbhe,1,""
1999,3,3as,,84,,,25.775533,-80.792067,gbhe,1,""
1999,3,3as,,85,,,25.77665,-80.793333,gbhe,2,""
1999,3,3as,,90,,,25.7725,-80.792617,gbhe,6,""
1999,3,3as,,91,,,25.774417,-80.789567,gbhe,3,""
1999,3,3as,,139,,,25.777117,-80.7449,gbhe,1,""
1999,3,3as,,144,,,25.77795,-80.732617,gbhe,2,""
1999,3,3as,,151,,,25.772483,-80.728033,gbhe,4,""
1999,3,3as,,154,,,25.777683,-80.716317,gbhe,2,""
1999,3,3as,,156,,,25.77665,-80.71215,gbhe,1,""
1999,3,3as,,158,,,25.777667,-80.71015,gbhe,3,""
1999,3,3as,,164,,,25.77905,-80.70195,gbhe,4,""
1999,3,3as,,165,,,25.777267,-80.699033,gbhe,1,""
1999,3,3as,,172,,,25.7769,-80.6934,gbhe,1,""
1999,3,3as,,234,,,25.7836,-80.715267,gbhe,1,""
1999,3,3as,,235,,,25.7814,-80.72475,gbhe,1,""
1999,3,3as,,238,,,25.779867,-80.7287,gbhe,3,""
1999,3,3as,,239,,,25.7835,-80.73165,gbhe,1,""
1999,3,3as,,246,,,25.778967,-80.740917,gbhe,1,""
1999,3,3as,,310,,,25.786433,-80.80565,gbhe,1,""
1999,3,3as,,311,,,25.7855,-80.808167,gbhe,2,""
1999,3,3as,,325,,,25.782783,-80.831083,gbhe,1,""
1999,3,3as,,326,,,25.785333,-80.836767,gbhe,1,""
1999,3,3as,,336,,,25.78755,-80.836967,gbhe,1,""
1999,3,3as,,336,,,25.7896,-80.836533,gbhe,1,""
1999,3,3as,,336,,,25.789667,-80.8365,gbhe,1,""
1999,3,3as,,336,,,25.788833,-80.836233,gbhe,1,""
1999,3,3as,,336,,,25.789733,-80.835883,gbhe,1,""
1999,3,3as,,339,,,25.786833,-80.827033,gbhe,1,""
1999,3,3as,,339,,,25.786883,-80.826817,gbhe,1,""
1999,3,3as,,347,,,25.790533,-80.790333,gbhe,2,""
1999,3,3as,,364,,,25.787833,-80.770983,gbhe,1,""
1999,3,3as,,367,,,25.793017,-80.771917,gbhe,1,""
1999,3,3as,,383,,,25.791983,-80.731333,gbhe,1,""
1999,3,3as,,387,,,25.790533,-80.731533,gbhe,1,""
1999,3,3as,,388,,,25.793583,-80.729333,gbhe,1,""
1999,3,3as,,391,,,25.792583,-80.724067,gbhe,1,""
1999,3,3as,,392,,,25.787217,-80.724133,gbhe,1,""
1999,3,3as,,394,,,25.794067,-80.718183,gbhe,1,""
1999,3,3as,,406,,,25.792867,-80.681367,gbhe,2,""
1999,3,3as,,406,,,25.7931,-80.68085,gbhe,1,""
1999,3,3as,,451,,,25.795617,-80.689133,gbhe,1,""
1999,3,3as,,453,,,25.796683,-80.698217,gbhe,1,""
1999,3,3as,,460,,,25.795867,-80.7103,gbhe,1,""
1999,3,3as,,474,,,25.796267,-80.731617,gbhe,1,""
1999,3,3as,,492,,,25.7982,-80.78215,gbhe,1,""
1999,3,3as,,505,,,25.796883,-80.807633,gbhe,3,""
1999,3,3as,,531,,,25.806533,-80.796,gbhe,1,""
1999,3,3as,,534,,,25.806867,-80.790617,gbhe,1,""
1999,3,3as,,544,,,25.8043,-80.74455,gbhe,1,""
1999,3,3as,,560,,,25.804483,-80.71275,gbhe,1,""
1999,3,3as,,561,,,25.808867,-80.710717,gbhe,1,""
1999,3,3as,,564,,,25.805983,-80.70835,gbhe,1,""
1999,3,3as,,570,,,25.810433,-80.706383,gbhe,1,""
1999,3,3as,,570,,,25.810433,-80.706383,gbhe,1,""
1999,3,3as,,574,,,25.810233,-80.708433,gbhe,1,""
1999,3,3as,,575,,,25.80735,-80.704967,gbhe,1,""
1999,3,3as,,594,,,25.8085,-80.678617,gbhe,1,""
1999,3,3as,,621,,,25.817333,-80.668183,gbhe,1,""
1999,3,3as,,629,,,25.812217,-80.676683,gbhe,1,""
1999,3,3as,,630,,,25.813317,-80.67895,gbhe,1,""
1999,3,3as,,669,,,25.8142,-80.775967,gbhe,1,""
1999,3,3as,,686,,,25.819583,-80.779767,gbhe,1,""
1999,3,3as,,699,,,25.823017,-80.724483,gbhe,1,""
1999,3,3as,,707,,,25.823033,-80.713633,gbhe,1,""
1999,3,3as,,720,,,25.82515,-80.682833,gbhe,1,""
1999,3,3as,,727,,,25.818767,-80.6718,gbhe,2,""
1999,3,3as,,728,,,25.821967,-80.672133,gbhe,1,""
1999,3,3as,,729,,,25.822617,-80.67195,gbhe,1,""
1999,3,3as,,732,,,25.824867,-80.671033,gbhe,1,""
1999,3,3as,,733,,,25.825667,-80.671317,gbhe,1,""
1999,3,3as,,782,,,25.831783,-80.673817,gbhe,1,""
1999,3,3as,,785,,,25.828,-80.675767,gbhe,1,""
1999,3,3as,,793,,,25.831183,-80.688817,gbhe,1,""
1999,3,3as,,795,,,25.8339,-80.686383,gbhe,1,""
1999,3,3as,,796,,,25.828217,-80.69075,gbhe,1,""
1999,3,3as,,797,,,25.826483,-80.690483,gbhe,1,""
1999,3,3as,,799,,,25.828983,-80.698967,gbhe,1,""
1999,3,3as,,816,,,25.830367,-80.756767,gbhe,1,""
1999,3,3as,,822,,,25.82825,-80.766017,gbhe,1,""
1999,3,3as,,849,,,25.836033,-80.755833,gbhe,1,""
1999,3,3as,,866,,,25.835317,-80.693167,gbhe,1,""
1999,3,3as,,872,,,25.835583,-80.685283,gbhe,1,""
1999,3,3as,,878,,,25.8352,-80.656533,gbhe,1,""
1999,3,3as,,932,,,25.850217,-80.67305,gbhe,2,""
1999,3,3as,,943,,,25.850467,-80.705,gbhe,2,""
1999,3,3as,,945,,,25.843883,-80.704233,gbhe,1,""
1999,3,3as,,956,,,25.84895,-80.764,gbhe,1,""
1999,3,3as,,964,,,25.84325,-80.798233,gbhe,3,""
1999,3,3as,,969,,,25.850317,-80.836367,gbhe,2,""
1999,3,3as,,977,,,25.8587,-80.79325,gbhe,1,""
1999,3,3as,,981,,,25.8521,-80.781733,gbhe,1,""
1999,3,3as,,1013,,,25.8556,-80.643,gbhe,1,""
1999,3,3as,,1015,,,25.854917,-80.64125,gbhe,1,""
1999,3,3as,,1034,,,25.864233,-80.663517,gbhe,2,""
1999,3,3as,,1034,,,25.86375,-80.661867,gbhe,1,""
1999,3,3as,,1044,,,25.86375,-80.7057,gbhe,1,""
1999,3,3as,,1052,,,25.859233,-80.713433,gbhe,1,""
1999,3,3as,,1054,,,25.8609,-80.724783,gbhe,1,""
1999,3,3as,,1098,,,25.873583,-80.798183,gbhe,1,""
1999,3,3as,,1122,,,25.8714,-80.659467,gbhe,1,""
1999,3,3as,,1123,,,25.8735,-80.660483,gbhe,1,""
1999,3,3as,,1125,,,25.874633,-80.661633,gbhe,2,""
1999,3,3as,,1126,,,25.8755,-80.6614,gbhe,1,""
1999,3,3as,,1143,,,25.8755,-80.645267,gbhe,1,""
1999,3,3as,,1143,,,25.875733,-80.64495,gbhe,1,""
1999,3,3as,,1162,,,25.878133,-80.709033,gbhe,2,""
1999,3,3as,,1171,,,25.881683,-80.72475,gbhe,1,""
1999,3,3as,,1200,,,25.875833,-80.806567,gbhe,1,""
1999,3,3as,,1204,,,25.87935,-80.83055,gbhe,2,""
1999,3,3as,3a,1217,robs,Robs,25.887283,-80.8042,gbhe,2,""
1999,3,3as,,1221,,,25.887133,-80.781833,gbhe,1,""
1999,3,3as,,1223,,,25.88425,-80.766567,gbhe,2,""
1999,3,3as,,1237,,,25.886233,-80.701867,gbhe,2,""
1999,3,3as,,1244,,,25.885533,-80.6669,gbhe,1,""
1999,3,3as,,1246,,,25.883817,-80.638,gbhe,3,""
1999,3,3as,,1277,,,25.89495,-80.662633,gbhe,1,""
1999,3,3as,,1282,,,25.89405,-80.6682,gbhe,1,""
1999,3,3as,,1287,,,25.893633,-80.676883,gbhe,2,""
1999,3,3as,,1288,,,25.896433,-80.681483,gbhe,1,""
1999,3,3as,,1295,,,25.897833,-80.7049,gbhe,1,""
1999,3,3as,,1297,,,25.892433,-80.702283,gbhe,1,""
1999,3,3as,,1305,,,25.892983,-80.725333,gbhe,1,""
1999,3,3as,,1309,,,25.895317,-80.738233,gbhe,1,""
1999,3,3as,,1319,,,25.8927,-80.7744,gbhe,3,""
1999,3,3as,,1332,,,25.906933,-80.7941,gbhe,2,""
1999,3,3as,,1340,,,25.905617,-80.766967,gbhe,1,""
1999,3,3as,,1341,,,25.898317,-80.76955,gbhe,1,""
1999,3,3as,,1353,,,25.901067,-80.739067,gbhe,1,""
1999,3,3as,,1360,,,25.904033,-80.707917,gbhe,1,""
1999,3,3as,,1365,,,25.903833,-80.670167,gbhe,1,""
1999,3,3as,,1378,,,25.899383,-80.6297,gbhe,1,""
1999,3,3as,,1392,,,25.913467,-80.638033,gbhe,1,""
1999,3,3as,,1392,,,25.912983,-80.637867,gbhe,1,""
1999,3,3as,,1397,,,25.91175,-80.655517,gbhe,1,""
1999,3,3as,,1406,,,25.912167,-80.669517,gbhe,1,""
1999,3,3as,,1410,,,25.908033,-80.703767,gbhe,1,""
1999,3,3as,,1412,,,25.914583,-80.719417,gbhe,1,""
1999,3,3as,,1414,,,25.910067,-80.720683,gbhe,1,""
1999,3,3as,,1437,,,25.9133,-80.73455,gbhe,4,""
1999,3,3as,,1452,,,25.9128,-80.773617,gbhe,2,""
1999,3,3as,,1453,,,25.914483,-80.774083,gbhe,3,""
1999,3,3as,,1460,,,25.909717,-80.7809,gbhe,1,""
1999,3,3as,,1478,,,25.9166,-80.785833,gbhe,1,""
1999,3,3as,,1499,,,25.919533,-80.723817,gbhe,1,""
1999,3,3as,,1501,,,25.920033,-80.722783,gbhe,1,""
1999,3,3as,,1502,,,25.921117,-80.7237,gbhe,1,""
1999,3,3as,,1537,,,25.930333,-80.6795,gbhe,1,""
1999,3,3as,,1542,,,25.92865,-80.68785,gbhe,1,""
1999,3,3as,,1548,,,25.9334,-80.713633,gbhe,1,""
1999,3,3as,,1587,,,25.931083,-80.807367,gbhe,1,""
1999,3,3as,,1611,,,25.936783,-80.737,gbhe,4,""
1999,3,3as,,1619,,,25.939683,-80.707283,gbhe,2,""
1999,3,3as,,1624,,,25.940467,-80.681017,gbhe,1,""
1999,3,3as,,1629,,,25.936683,-80.649967,gbhe,1,""
1999,3,3as,,1650,,,25.949033,-80.655117,gbhe,2,""
1999,3,3as,,1651,,,25.943817,-80.65795,gbhe,1,""
1999,3,3as,,1672,,,25.949183,-80.733283,gbhe,2,""
1999,3,3as,,1683,,,25.943667,-80.749533,gbhe,1,""
1999,3,3as,,1687,,,25.942017,-80.747533,gbhe,1,""
1999,3,3as,,1697,,,25.949117,-80.7776,gbhe,1,""
1999,3,3as,,1714,,,25.954917,-80.77285,gbhe,1,""
1999,3,3as,,1716,,,25.957867,-80.7749,gbhe,1,""
1999,3,3as,,1717,,,25.957833,-80.7722,gbhe,2,""
1999,3,3as,,1727,,,25.950817,-80.729917,gbhe,1,""
1999,3,3as,,1731,,,25.953917,-80.729117,gbhe,1,""
1999,3,3as,,1746,,,25.952033,-80.694233,gbhe,2,""
1999,3,3as,,1749,,,25.95485,-80.684667,gbhe,3,""
1999,3,3as,,1758,,,25.9514,-80.667367,gbhe,1,""
1999,3,3as,,1762,,,25.957417,-80.647083,gbhe,1,""
1999,3,3as,,1777,,,25.964967,-80.649567,gbhe,2,""
1999,3,3as,,1778,,,25.965167,-80.68005,gbhe,1,""
1999,3,3as,,1782,,,25.962717,-80.725667,gbhe,1,""
1999,3,3as,,1786,,,25.96505,-80.737367,gbhe,2,""
1999,3,3as,,1788,,,25.9656,-80.742033,gbhe,1,""
1999,3,3as,,1790,,,25.963833,-80.748833,gbhe,1,""
1999,3,3as,,1792,,,25.96355,-80.770183,gbhe,3,""
1999,3,3as,,1808,,,25.965633,-80.820683,gbhe,1,""
1999,3,3as,,1812,,,25.9714,-80.813533,gbhe,3,""
1999,3,3as,,1820,,,25.969267,-80.780917,gbhe,1,""
1999,3,3as,,1833,,,25.968517,-80.745483,gbhe,1,""
1999,3,3as,,1841,,,25.969517,-80.706017,gbhe,1,""
1999,3,3as,,1844,,,25.971283,-80.70125,gbhe,1,""
1999,3,3as,,1850,,,25.971833,-80.68115,gbhe,2,""
1999,3,3as,,1873,,,25.978167,-80.656417,gbhe,2,""
1999,3,3as,,1886,,,25.977733,-80.74195,gbhe,3,""
1999,3,3as,,1895,,,25.9809,-80.800117,gbhe,1,""
1999,3,3as,,1899,,,25.981717,-80.8069,gbhe,1,""
1999,3,3as,,1927,,,25.98755,-80.706667,gbhe,1,""
1999,3,3as,,1935,,,25.985483,-80.676183,gbhe,1,""
1999,3,3as,,1939,,,25.984283,-80.666183,gbhe,1,""
1999,3,3as,,1950,,,25.9934,-80.66575,gbhe,1,""
1999,3,3as,,1955,,,25.991717,-80.684683,gbhe,1,""
1999,3,3as,,1958,,,25.99915,-80.699717,gbhe,1,""
1999,3,3as,,1959,,,25.99745,-80.701217,gbhe,1,""
1999,3,3as,,1962,,,25.996667,-80.720217,gbhe,1,""
1999,3,3as,,1965,,,25.993283,-80.726,gbhe,2,""
1999,3,3as,,1966,,,25.99545,-80.73195,gbhe,2,""
1999,3,3as,,1969,,,25.993583,-80.746483,gbhe,2,""
1999,3,3as,,1971,,,25.99425,-80.74845,gbhe,1,""
1999,3,3as,,1992,,,26.000617,-80.7329,gbhe,1,""
1999,3,3as,,2019,,,26.009583,-80.67575,gbhe,2,""
1999,3,3as,,2030,,,26.015517,-80.79425,gbhe,1,""
1999,3,3as,,2037,,,26.010133,-80.838367,gbhe,1,""
1999,3,3as,,2038,,,26.020883,-80.852917,gbhe,4,""
1999,3,3as,,2044,,,26.022917,-80.740933,gbhe,1,""
1999,3,3as,,2046,,,26.022417,-80.734817,gbhe,2,""
1999,3,3as,,2072,,,26.023983,-80.7329,gbhe,1,""
1999,3,3as,,2082,,,26.034133,-80.85575,gbhe,2,""
1999,3,3as,,2085,,outside cypress,26.040117,-80.829,gbhe,5,""
1999,3,3as,,2094,,,26.033733,-80.760633,gbhe,2,""
1999,3,3as,,2099,,,26.03435,-80.760783,gbhe,2,""
1999,3,3as,,2103,,,26.037967,-80.7364,gbhe,1,""
1999,3,3as,,2133,,,26.03875,-80.722483,gbhe,3,""
1999,3,3as,,2134,,,26.04315,-80.72285,gbhe,2,""
1999,3,3as,,2137,,,26.041933,-80.760767,gbhe,5,""
1999,3,3as,,2155,,,26.0532,-80.764267,gbhe,1,""
1999,3,3as,,2157,,,26.053983,-80.756167,gbhe,1,""
1999,3,3as,,2179,,,26.059367,-80.702517,gbhe,1,""
1999,3,3as,,2201,,,26.069083,-80.672583,gbhe,2,""
1999,3,3as,,2208,,,26.066617,-80.63825,gbhe,2,""
1999,3,3as,,2215,,,26.07695,-80.630817,gbhe,3,""
1999,3,3as,,2237,,Canals NE 3A,26.086283,-80.588183,gbhe,6,""
1999,3,3as,,2237,,Canals NE 3A,26.086283,-80.588183,gbhe,6,""
1999,3,3as,,2243,,,26.095567,-80.641317,gbhe,1,""
1999,3,3as,,2244,,,26.094333,-80.660833,gbhe,2,""
1999,3,3as,,2254,,,26.088367,-80.754233,gbhe,2,""
1999,3,3as,,2256,,,26.091517,-80.793783,gbhe,1,""
1999,3,3as,,2281,,,26.108467,-80.63105,gbhe,2,""
1999,3,3as,,2293,jw1_old,JW1,26.110883,-80.752467,gbhe,4,""
1999,3,3as,,2298,,,26.10595,-80.796783,gbhe,2,""
1999,3,3as,,2299,,,26.1081,-80.797417,gbhe,1,""
1999,3,3as,,3407,,,26.063067,-80.838733,gbhe,1,""
1999,3,3as,,3409,,,26.061483,-80.692917,gbhe,1,""
1999,3,3as,,3426,,,25.838067,-80.813533,gbhe,2,""
1999,3,3as,,3436,,,25.773433,-80.712467,gbhe,1,""
1999,3,3as,,3440,l67_canal,l-67_canal,25.976217,-80.538533,gbhe,7,""
1999,3,3as,,444,,,25.80205,-80.677583,greg,1,""
1999,3,3as,,631,,3B deer island,25.813333,-80.681667,greg,13,""
1999,3,3as,,631,,3B deer island,25.813333,-80.681667,greg,13,""
1999,3,3as,,932,,,25.850217,-80.67305,greg,1,""
1999,3,3as,,1792,,,25.96355,-80.770183,greg,1,""
1999,3,3as,,1819,,,25.972133,-80.78215,greg,1,""
1999,3,3as,,1841,,,25.969517,-80.706017,greg,33,""
1999,3,3as,,1844,,,25.971283,-80.70125,greg,20,""
1999,3,3as,,1845,,,25.973233,-80.698783,greg,21,""
1999,3,3as,,1878,,,25.979267,-80.695533,greg,2,""
1999,3,3as,,1886,,,25.977733,-80.74195,greg,4,""
1999,3,3as,,1893,,,25.978467,-80.793867,greg,5,""
1999,3,3as,,2010,,,26.000167,-80.541667,greg,24,""
1999,3,3as,,2046,,,26.022417,-80.734817,greg,5,""
1999,3,3as,,2068,,,26.028567,-80.691267,greg,12,""
1999,3,3as,,2085,,outside cypress,26.038533,-80.832867,greg,3,""
1999,3,3as,,2085,,outside cypress,26.040117,-80.829,greg,18,""
1999,3,3as,,2103,,,26.037967,-80.7364,greg,1,""
1999,3,3as,,2137,,,26.041933,-80.760767,greg,4,""
1999,3,3as,,2144,,,26.040867,-80.801767,greg,7,""
1999,3,3as,,2157,,,26.053983,-80.756167,greg,25,""
1999,3,3as,,2162,,,26.053367,-80.74155,greg,18,""
1999,3,3as,,2237,,Canals NE 3A,26.086283,-80.588183,greg,8,""
1999,3,3as,,2237,,Canals NE 3A,26.086283,-80.588183,greg,8,""
1999,3,3as,,2244,,,26.094333,-80.660833,greg,10,""
1999,3,3as,,2256,,,26.091517,-80.793783,greg,4,""
1999,3,3as,,2257,,,26.096117,-80.796383,greg,15,""
1999,3,3as,,2293,jw1_old,JW1,26.110883,-80.752467,greg,35,""
1999,3,3as,,2299,,,26.1081,-80.797417,greg,20,""
1999,3,3as,,2309,,,26.12205,-80.653283,greg,7,""
1999,3,3as,,2390,,,26.1227,-80.73285,greg,16,""
1999,3,3as,,2421,,,26.136333,-80.647233,greg,5,""
1999,3,3as,,139,,,25.777117,-80.7449,grhe,1,""
1999,3,3as,,336,,,25.78985,-80.836433,grhe,1,""
1999,3,3as,,336,,,25.789733,-80.835883,grhe,1,""
1999,3,3as,,468,,,25.801733,-80.72975,grhe,4,""
1999,3,3as,,496,,,25.79975,-80.783333,grhe,1,""
1999,3,3as,,553,,,25.80565,-80.720017,grhe,2,""
1999,3,3as,,575,,,25.80735,-80.704967,grhe,1,""
1999,3,3as,,578,,,25.804567,-80.7039,grhe,2,""
1999,3,3as,,581,,,25.80795,-80.702583,grhe,5,""
1999,3,3as,,582,,,25.809083,-80.702467,grhe,1,""
1999,3,3as,,699,,,25.823017,-80.724483,grhe,1,""
1999,3,3as,,799,,,25.828983,-80.698967,grhe,3,""
1999,3,3as,,808,,,25.8306,-80.722833,grhe,1,""
1999,3,3as,,810,,,25.828267,-80.7265,grhe,4,""
1999,3,3as,,936,,,25.847033,-80.685367,grhe,1,""
1999,3,3as,,999,,,25.857917,-80.710017,grhe,1,""
1999,3,3as,,1002,,,25.854833,-80.695317,grhe,1,""
1999,3,3as,,1081,,,25.863783,-80.8077,grhe,1,""
1999,3,3as,,1156,,,25.878817,-80.70605,grhe,1,""
1999,3,3as,,1200,,,25.875833,-80.806567,grhe,1,""
1999,3,3as,3a,1217,robs,Robs,25.889067,-80.804483,grhe,3,""
1999,3,3as,3a,1222,fontana,FONTANA,25.887883,-80.770733,grhe,1,""
1999,3,3as,,1295,,,25.897833,-80.7049,grhe,1,""
1999,3,3as,,1367,,,25.906517,-80.664017,grhe,1,""
1999,3,3as,,1460,,,25.909717,-80.7809,grhe,1,""
1999,3,3as,,1537,,,25.930333,-80.6795,grhe,1,""
1999,3,3as,,1538,,,25.9261,-80.686,grhe,1,""
1999,3,3as,,1548,,,25.9334,-80.713633,grhe,2,""
1999,3,3as,,1578,,,25.931867,-80.78075,grhe,2,""
1999,3,3as,,1587,,,25.931083,-80.807367,grhe,1,""
1999,3,3as,,1594,,,25.9376,-80.795733,grhe,2,""
1999,3,3as,,1619,,,25.939683,-80.707283,grhe,1,""
1999,3,3as,,1651,,,25.943817,-80.65795,grhe,1,""
1999,3,3as,,1742,,,25.95225,-80.701217,grhe,1,""
1999,3,3as,,1763,,,25.952217,-80.627533,grhe,1,""
1999,3,3as,,1785,,,25.96015,-80.73395,grhe,2,""
1999,3,3as,,1786,,,25.96505,-80.737367,grhe,1,""
1999,3,3as,,1787,,,25.966283,-80.740967,grhe,1,""
1999,3,3as,,1812,,,25.9714,-80.813533,grhe,1,""
1999,3,3as,,1845,,,25.974167,-80.6976,grhe,2,""
1999,3,3as,,1859,,,25.9679,-80.656033,grhe,2,""
1999,3,3as,,1873,,,25.978167,-80.656417,grhe,1,""
1999,3,3as,,1875,,,25.97635,-80.6623,grhe,1,""
1999,3,3as,,1878,,,25.979267,-80.695533,grhe,1,""
1999,3,3as,,1886,,,25.977733,-80.74195,grhe,1,""
1999,3,3as,,1895,,,25.9809,-80.800117,grhe,2,""
1999,3,3as,,1897,,,25.977883,-80.804933,grhe,2,""
1999,3,3as,,1902,,,25.986633,-80.820517,grhe,3,""
1999,3,3as,,1929,,,25.989433,-80.700683,grhe,1,""
1999,3,3as,,1940,,,25.986367,-80.655617,grhe,1,""
1999,3,3as,,1955,,,25.991717,-80.684683,grhe,3,""
1999,3,3as,,1967,,,25.996067,-80.7395,grhe,2,""
1999,3,3as,,1969,,,25.993583,-80.746483,grhe,1,""
1999,3,3as,,1979,,,26.005017,-80.838633,grhe,1,""
1999,3,3as,,2000,,,26.006417,-80.690267,grhe,1,""
1999,3,3as,,2001,,,26.00495,-80.684683,grhe,1,""
1999,3,3as,,2004,,,26.002833,-80.667567,grhe,2,""
1999,3,3as,,2017,,,26.007733,-80.664083,grhe,2,""
1999,3,3as,,2038,,,26.020883,-80.852917,grhe,1,""
1999,3,3as,,2046,,,26.022417,-80.734817,grhe,2,""
1999,3,3as,,2090,,,26.036383,-80.790083,grhe,1,""
1999,3,3as,,2094,,,26.033733,-80.760633,grhe,2,""
1999,3,3as,,2095,,,26.033917,-80.7612,grhe,2,""
1999,3,3as,,2103,,,26.037967,-80.7364,grhe,1,""
1999,3,3as,,2110,,,26.034783,-80.65845,grhe,1,""
1999,3,3as,,2122,,,26.038917,-80.639767,grhe,1,""
1999,3,3as,,2171,,,26.053917,-80.641933,grhe,2,""
1999,3,3as,,2215,,,26.07695,-80.630817,grhe,1,""
1999,3,3as,,2233,,,26.08255,-80.76415,grhe,2,""
1999,3,3as,,2237,,Canals NE 3A,26.086283,-80.588183,grhe,1,""
1999,3,3as,,2237,,Canals NE 3A,26.086283,-80.588183,grhe,1,""
1999,3,3as,,2254,,,26.088367,-80.754233,grhe,1,""
1999,3,3as,,2257,,,26.096117,-80.796383,grhe,2,""
1999,3,3as,,2261,,,26.099833,-80.796467,grhe,2,""
1999,3,3as,,2281,,,26.108467,-80.63105,grhe,1,""
1999,3,3as,,2287,,,26.109767,-80.700367,grhe,3,""
1999,3,3as,,2298,,,26.10595,-80.796783,grhe,4,""
1999,3,3as,,2299,,,26.1081,-80.797417,grhe,2,""
1999,3,3as,,2309,,,26.12205,-80.653283,grhe,1,""
1999,3,3as,,2403,,,26.133683,-80.7596,grhe,1,""
1999,3,3as,,3407,,,26.063067,-80.838733,grhe,1,""
1999,3,3as,,3440,l67_canal,l-67_canal,25.976217,-80.538533,grhe,14,""
1999,3,3as,3a,1222,fontana,FONTANA,25.887883,-80.770733,lbhe,1,""
1999,3,3as,3a,1802,lbh_halfway,LBH halfway,25.967317,-80.80855,lbhe,45,""
1999,3,3as,,1808,,,25.965633,-80.820683,lbhe,65,""
1999,3,3as,,1898,,,25.975033,-80.809667,lbhe,4,""
1999,3,3as,,1902,,,25.986633,-80.820517,lbhe,5,""
1999,3,3as,,1906,,,25.98345,-80.81245,lbhe,20,""
1999,3,3as,,1927,,,25.98755,-80.706667,lbhe,8,""
1999,3,3as,,2030,,,26.015517,-80.79425,lbhe,65,""
1999,3,3as,,2090,,,26.036383,-80.790083,lbhe,20,""
1999,3,3as,,2099,,,26.03435,-80.760783,lbhe,1,""
1999,3,3as,,2111,,,26.034617,-80.651883,lbhe,1,""
1999,3,3as,,2134,,,26.04315,-80.72285,lbhe,12,""
1999,3,3as,,2144,,,26.040867,-80.801767,lbhe,15,""
1999,3,3as,,2146,,,26.038917,-80.8099,lbhe,7,""
1999,3,3as,,2157,,,26.053983,-80.756167,lbhe,25,""
1999,3,3as,,2186,,,26.05985,-80.80395,lbhe,6,""
1999,3,3as,,2203,,,26.064517,-80.667233,lbhe,6,""
1999,3,3as,,2219,,,26.074833,-80.69265,lbhe,2,""
1999,3,3as,,2248,,,26.09195,-80.712117,lbhe,22,""
1999,3,3as,,2261,,,26.099833,-80.796467,lbhe,2,""
1999,3,3as,,2287,,,26.109767,-80.700367,lbhe,3,""
1999,3,3as,,2297,,,26.107567,-80.783783,lbhe,5,""
1999,3,3as,,2308,,,26.11375,-80.651633,lbhe,7,""
1999,3,3as,,2406,,,26.134467,-80.737783,lbhe,20,""
1999,3,3as,,3440,l67_canal,l-67_canal,25.976217,-80.538533,lbhe,5,""
1999,3,3as,3a,1802,lbh_halfway,LBH halfway,25.967317,-80.80855,sneg,20,""
1999,3,3as,,1808,,,25.965633,-80.820683,sneg,10,""
1999,3,3as,,1900,,,25.981317,-80.816633,sneg,2,""
1999,3,3as,,1927,,,25.98755,-80.706667,sneg,5,""
1999,3,3as,,2157,,,26.053983,-80.756167,sneg,10,""
1999,3,3as,,2248,,,26.09195,-80.712117,sneg,20,""
1999,3,3as,,581,,,25.80795,-80.702583,trhe,1,""
1999,3,3as,,1456,,,25.91485,-80.779,trhe,1,""
1999,3,3as,,1594,,,25.9376,-80.795733,trhe,1,""
1999,3,3as,,1818,,,25.973983,-80.785483,trhe,2,""
1999,3,3as,,1850,,,25.971833,-80.68115,trhe,2,""
1999,3,3as,,1898,,,25.975033,-80.809667,trhe,2,""
1999,3,3as,,1902,,,25.986633,-80.820517,trhe,5,""
1999,3,3as,,2037,,,26.010133,-80.838367,trhe,1,""
1999,3,3as,,2038,,,26.020883,-80.852917,trhe,1,""
1999,3,3as,,2044,,,26.022917,-80.740933,trhe,1,""
1999,3,3as,,2072,,,26.023983,-80.7329,trhe,1,""
1999,3,3as,,2081,,,26.025617,-80.845,trhe,1,""
1999,3,3as,,2103,,,26.037967,-80.7364,trhe,1,""
1999,3,3as,,2103,,,26.038283,-80.736133,trhe,1,""
1999,3,3as,,2134,,,26.04315,-80.72285,trhe,1,""
1999,3,3as,,2144,,,26.040867,-80.801767,trhe,4,""
1999,3,3as,,2145,,,26.03965,-80.804633,trhe,5,""
1999,3,3as,,2157,,,26.053983,-80.756167,trhe,1,""
1999,3,3as,,2162,,,26.053367,-80.74155,trhe,3,""
1999,3,3as,,2237,,Canals NE 3A,26.086283,-80.588183,trhe,1,""
1999,3,3as,,2237,,Canals NE 3A,26.086283,-80.588183,trhe,1,""
1999,3,3as,,2257,,,26.096117,-80.796383,trhe,2,""
1999,3,3as,,2261,,,26.099833,-80.796467,trhe,2,""
1999,3,3as,,2298,,,26.10595,-80.796783,trhe,1,""
1999,3,3ase,,2173,,Canal NE 3A going E-W,26.0616,-80.461283,anhi,3,""
1999,3,3ase,,2173,,Canal NE 3A going E-W,26.0616,-80.461283,anhi,3,""
1999,3,3ase,,2176,,,26.058417,-80.55195,anhi,20,""
1999,3,3ase,,2174,,,26.054717,-80.465233,gbhe,2,""
1999,3,3ase,,2176,,,26.058417,-80.55195,gbhe,2,""
1999,3,3ase,,2274,,,26.096667,-80.495,greg,17,""
1999,3,3ase,,2278,,,26.108833,-80.499,greg,14,""
1999,3,3ase,,2173,,Canal NE 3A going E-W,26.0616,-80.461283,grhe,1,""
1999,3,3ase,,2173,,Canal NE 3A going E-W,26.0616,-80.461283,grhe,1,""
1999,3,3ase,,2173,,Canal NE 3A going E-W,26.0616,-80.461283,trhe,1,""
1999,3,3ase,,2173,,Canal NE 3A going E-W,26.0616,-80.461283,trhe,1,""
1999,3,3b,,424,,East Central Ag canal,25.7972,-80.5052,anhi,20,""
1999,3,3b,,426,,N-S canal 3B,25.797267,-80.528333,anhi,33,""
1999,3,3b,,431,,N-S canal 3B,25.797267,-80.564817,anhi,60,""
1999,3,3b,,435,,West Cent. Ag,25.797267,-80.618033,anhi,24,""
1999,3,3b,,437,,blue shanty canal,25.797267,-80.6265,anhi,2,""
1999,3,3b,,437,,blue shanty canal,25.797267,-80.6265,anhi,2,""
1999,3,3b,,438,,West Ag Canal,25.797267,-80.629283,anhi,25,""
1999,3,3b,,609,,,25.810467,-80.491517,anhi,4,""
1999,3,3b,,609,,,25.8105,-80.491367,anhi,4,""
1999,3,3b,,612,,,25.8169,-80.505583,anhi,2,""
1999,3,3b,,759,,,25.82005,-80.501583,anhi,3,""
1999,3,3b,,762,,,25.822533,-80.494083,anhi,4,""
1999,3,3b,,764,,,25.82155,-80.485467,anhi,4,""
1999,3,3b,,767,,,25.827883,-80.49305,anhi,1,""
1999,3,3b,,1021,,,25.865633,-80.50625,anhi,1,""
1999,3,3b,,1136,,,25.870917,-80.504683,anhi,2,""
1999,3,3b,,1254,,,25.885217,-80.528467,anhi,1,""
1999,3,3b,,1269,,,25.8942,-80.51425,anhi,3,""
1999,3,3b,,424,,East Central Ag canal,25.7972,-80.5052,bcnh,12,""
1999,3,3b,,426,,N-S canal 3B,25.797267,-80.528333,bcnh,5,""
1999,3,3b,,431,,N-S canal 3B,25.797267,-80.564817,bcnh,3,""
1999,3,3b,,435,,West Cent. Ag,25.797267,-80.618033,bcnh,11,""
1999,3,3b,,438,,West Ag Canal,25.797267,-80.629283,bcnh,10,""
1999,3,3b,,1017,,,25.863383,-80.493683,bcnh,3,""
1999,3,3b,,424,,East Central Ag canal,25.7972,-80.5052,gbhe,3,""
1999,3,3b,,426,,N-S canal 3B,25.797267,-80.528333,gbhe,8,""
1999,3,3b,,431,,N-S canal 3B,25.797267,-80.564817,gbhe,2,""
1999,3,3b,,438,,West Ag Canal,25.797267,-80.629283,gbhe,2,""
1999,3,3b,,612,,,25.8169,-80.505583,gbhe,1,""
1999,3,3b,,759,,,25.82005,-80.501583,gbhe,2,""
1999,3,3b,,1027,,,25.864683,-80.516233,gbhe,3,""
1999,3,3b,,1136,,,25.870917,-80.504683,gbhe,5,""
1999,3,3b,,1138,,,25.874883,-80.50125,gbhe,2,""
1999,3,3b,,1139,,,25.874417,-80.524067,gbhe,1,""
1999,3,3b,,1140,,,25.878517,-80.528967,gbhe,2,""
1999,3,3b,,1254,,,25.885217,-80.528467,gbhe,1,""
1999,3,3b,,1257,,,25.893733,-80.50035,gbhe,1,""
1999,3,3b,,1262,,,25.894817,-80.504067,gbhe,1,""
1999,3,3b,,1263,,,25.894333,-80.509933,gbhe,1,""
1999,3,3b,,1269,,,25.8942,-80.51425,gbhe,4,""
1999,3,3b,,1271,,,25.892567,-80.528,gbhe,1,""
1999,3,3b,,1944,,Mud Canal So.,25.983117,-80.45775,gbhe,2,""
1999,3,3b,,1945,,,25.985233,-80.454433,gbhe,3,""
1999,3,3b,,424,,East Central Ag canal,25.7972,-80.5052,greg,5,""
1999,3,3b,,426,,N-S canal 3B,25.797267,-80.528333,greg,20,""
1999,3,3b,,438,,West Ag Canal,25.797267,-80.629283,greg,4,""
1999,3,3b,,762,,,25.822533,-80.494083,greg,1,""
1999,3,3b,,898,,3B deer island,25.836667,-80.53,greg,13,""
1999,3,3b,,898,,3B deer island,25.836667,-80.53,greg,13,""
1999,3,3b,,1017,,,25.863383,-80.493683,greg,2,""
1999,3,3b,,1018,,,25.86265,-80.506083,greg,13,""
1999,3,3b,,1021,,,25.865633,-80.50625,greg,11,""
1999,3,3b,,1027,,,25.864683,-80.516233,greg,7,""
1999,3,3b,,1139,,,25.874417,-80.524067,greg,2,""
1999,3,3b,,1140,,,25.878517,-80.528967,greg,3,""
1999,3,3b,,1254,,,25.885217,-80.528467,greg,1,""
1999,3,3b,,1257,,,25.893733,-80.50035,greg,2,""
1999,3,3b,,1259,,,25.891667,-80.5038,greg,8,""
1999,3,3b,,1262,,,25.894817,-80.504067,greg,15,""
1999,3,3b,,1269,,,25.8942,-80.51425,greg,5,""
1999,3,3b,,1271,,,25.892567,-80.528,greg,6,""
1999,3,3b,,1944,,Mud Canal So.,25.983117,-80.45775,greg,12,""
1999,3,3b,,1945,,,25.985233,-80.454433,greg,20,""
1999,3,3b,,3433,,3B deer island,25.808333,-80.6035,greg,31,""
1999,3,3b,,3433,,3B deer island,25.808333,-80.6035,greg,31,""
1999,3,3b,,424,,East Central Ag canal,25.7972,-80.5052,grhe,7,""
1999,3,3b,,426,,N-S canal 3B,25.797267,-80.528333,grhe,20,""
1999,3,3b,,431,,N-S canal 3B,25.797267,-80.564817,grhe,25,""
1999,3,3b,,435,,West Cent. Ag,25.797267,-80.618033,grhe,9,""
1999,3,3b,,437,,blue shanty canal,25.797267,-80.6265,grhe,10,""
1999,3,3b,,437,,blue shanty canal,25.797267,-80.6265,grhe,10,""
1999,3,3b,,438,,West Ag Canal,25.797267,-80.629283,grhe,10,""
1999,3,3b,,609,,,25.810467,-80.491517,grhe,6,""
1999,3,3b,,609,,,25.8105,-80.491367,grhe,6,""
1999,3,3b,,759,,,25.82005,-80.501583,grhe,1,""
1999,3,3b,,763,,,25.824167,-80.488967,grhe,2,""
1999,3,3b,,763,,,25.824483,-80.488517,grhe,2,""
1999,3,3b,,764,,,25.82155,-80.485467,grhe,8,""
1999,3,3b,,1017,,,25.863383,-80.493683,grhe,1,""
1999,3,3b,,1138,,,25.874883,-80.50125,grhe,2,""
1999,3,3b,,1257,,,25.893733,-80.50035,grhe,6,""
1999,3,3b,,1262,,,25.894817,-80.504067,grhe,1,""
1999,3,3b,,1263,,,25.894333,-80.509933,grhe,1,""
1999,3,3b,,424,,East Central Ag canal,25.7972,-80.5052,lbhe,9,""
1999,3,3b,,426,,N-S canal 3B,25.797267,-80.528333,lbhe,1,""
1999,3,3b,,435,,West Cent. Ag,25.797267,-80.618033,lbhe,4,""
1999,3,3b,,438,,West Ag Canal,25.797267,-80.629283,lbhe,4,""
1999,3,3b,,424,,East Central Ag canal,25.7972,-80.5052,trhe,25,""
1999,3,3b,,426,,N-S canal 3B,25.797267,-80.528333,trhe,24,""
1999,3,3b,,431,,N-S canal 3B,25.797267,-80.564817,trhe,19,""
1999,3,3b,,435,,West Cent. Ag,25.797267,-80.618033,trhe,13,""
1999,3,3b,,437,,blue shanty canal,25.797267,-80.6265,trhe,6,""
1999,3,3b,,437,,blue shanty canal,25.797267,-80.6265,trhe,6,""
1999,3,3b,,438,,West Ag Canal,25.797267,-80.629283,trhe,28,""
1999,3,3b,,609,,,25.810467,-80.491517,trhe,3,""
1999,3,3b,,609,,,25.8105,-80.491367,trhe,2,""
1999,3,3b,,611,,,25.811567,-80.49735,trhe,7,""
1999,3,3b,,759,,,25.82005,-80.501583,trhe,1,""
1999,3,3b,,762,,,25.822533,-80.494083,trhe,8,""
1999,3,3b,,763,,,25.824167,-80.488967,trhe,1,""
1999,3,3b,,763,,,25.824483,-80.488517,trhe,1,""
1999,3,3b,,1269,,,25.8942,-80.51425,trhe,1,""
1999,3,3b,,1271,,,25.892567,-80.528,trhe,1,""
1999,3,3b,,424,,East Central Ag canal,25.7972,-80.5052,whib,25,""
1999,3,3b,,435,,West Cent. Ag,25.797267,-80.618033,whib,13,""
1999,3,3b,,438,,West Ag Canal,25.797267,-80.629283,whib,4,""
1999,enp,coastalenp,,2685,,,25.0095,-80.703333,greg,22,""
1999,enp,inlandenp,,2691,,,25.755,-80.686667,anhi,9,""
1999,enp,inlandenp,,2691,,,25.755,-80.686667,greg,25,""
2000,1,1,1,2760,,16,26.577333,-80.291333,bcnh,2,""
2000,1,1,1,2770,,18,26.571,-80.2755,bcnh,4,""
2000,1,1,1,2823,,106,26.5385,-80.276833,bcnh,3,""
2000,1,1,1,2889,,5,26.511167,-80.360333,bcnh,7,""
2000,1,1,1,3310,,98,26.481667,-80.2455,bcnh,5,""
2000,1,1,1,2626,,136,26.375667,-80.300667,gbhe,1,""
2000,1,1,1,2770,,18,26.571,-80.2755,gbhe,1,""
2000,1,1,1,2772,,YMIR,26.571333,-80.273,gbhe,2,""
2000,1,1,1,2813,,32,26.545667,-80.242,gbhe,8,""
2000,1,1,1,3133,,96,26.451333,-80.275,gbhe,5,""
2000,1,1,1,3172,,80,26.459833,-80.246667,gbhe,5,""
2000,1,1,1,3317,,67,26.478667,-80.235333,gbhe,4,""
2000,1,1,1,2735,,14,26.599333,-80.307667,glib,4,""
2000,1,1,1,2626,,136,26.375667,-80.300667,greg,3,""
2000,1,1,1,2772,,YMIR,26.571333,-80.273,greg,15,""
2000,1,1,1,2823,,106,26.5385,-80.276833,greg,10,""
2000,1,1,1,3142,,77,26.445333,-80.258,greg,8,""
2000,1,1,1,2658,,,26.387167,-80.335167,lbhe,7,""
2000,1,1,1,2725,,15,26.615167,-80.321167,lbhe,9,""
2000,1,1,1,2735,,14,26.599333,-80.307667,lbhe,25,""
2000,1,1,1,2760,,16,26.577333,-80.291333,lbhe,20,""
2000,1,1,1,2770,,18,26.571,-80.2755,lbhe,5,""
2000,1,1,1,2823,,106,26.5385,-80.276833,lbhe,10,""
2000,1,1,1,2832,,12,26.538,-80.323333,lbhe,45,""
2000,1,1,1,2857,,118,26.517333,-80.246333,lbhe,4,""
2000,1,1,1,2889,,5,26.511167,-80.360333,lbhe,25,""
2000,1,1,1,2924,,116,26.505167,-80.25,lbhe,6,""
2000,1,1,1,3310,,98,26.481667,-80.2455,lbhe,12,""
2000,1,1,1,2823,,106,26.5385,-80.276833,sneg,1,""
2000,1,1,1,2832,,12,26.538,-80.323333,sneg,1,""
2000,1,1,1,2735,,14,26.599333,-80.307667,trhe,2,""
2000,1,1,1,2823,,106,26.5385,-80.276833,trhe,5,""
2000,1,1,1,2832,,12,26.538,-80.323333,trhe,1,""
2000,1,1,1,2857,,118,26.517333,-80.246333,trhe,2,""
2000,2,2a,2a,2502,,,26.306133,-80.413783,anhi,1,""
2000,2,2a,2a,2531,,,26.250117,-80.32685,anhi,9,""
2000,2,2a,2a,2531,,,26.250117,-80.32685,bcnh,15,""
2000,2,2a,2a,2531,,,26.250117,-80.32685,gbhe,1,""
2000,2,2a,2a,2538,,,26.288767,-80.336867,gbhe,1,""
2000,2,2a,2a,2531,,,26.250117,-80.32685,lbhe,25,""
2000,2,2b,2b,2480,,2B Melaleuca,26.164133,-80.346667,anhi,20,""
2000,2,2b,2b,2488,,2B corner,26.18745,-80.3077,anhi,25,""
2000,2,2b,2b,2490,,,26.139067,-80.3894,anhi,8,""
2000,2,2b,2b,2480,,2B Melaleuca,26.164133,-80.346667,bcnh,3,""
2000,2,2b,2b,2480,,2B Melaleuca,26.164133,-80.346667,caeg,5,""
2000,2,2b,2b,2488,,2B corner,26.18745,-80.3077,gbhe,3,""
2000,2,2b,2b,2480,,2B Melaleuca,26.164133,-80.346667,greg,25,""
2000,2,2b,2b,2488,,2B corner,26.18745,-80.3077,greg,14,""
2000,2,2b,2b,2480,,2B Melaleuca,26.164133,-80.346667,lbhe,2,""
2000,3,3an,3a,2450,,,26.165,-80.536833,caeg,9,""
2000,3,3an,3a,2450,,,26.165,-80.536833,greg,7,""
2000,3,3an,3a,2450,,,26.159667,-80.534333,greg,26,""
2000,3,3as,3a,13,,,25.767133,-80.68875,anhi,1,""
2000,3,3as,3a,19,,,25.7697,-80.70075,anhi,1,""
2000,3,3as,3a,48,,,25.765983,-80.81475,anhi,1,""
2000,3,3as,3a,70,,,25.770317,-80.822433,anhi,2,""
2000,3,3as,3a,82,,,25.77595,-80.796233,anhi,4,""
2000,3,3as,3a,147,,,25.772717,-80.731033,anhi,1,""
2000,3,3as,3a,158,,,25.777383,-80.710583,anhi,5,""
2000,3,3as,3a,160,,,25.776633,-80.708417,anhi,1,""
2000,3,3as,3a,164,,,25.779267,-80.702133,anhi,5,""
2000,3,3as,3a,165,,,25.77745,-80.698933,anhi,1,""
2000,3,3as,3a,166,,,25.775183,-80.700083,anhi,1,""
2000,3,3as,3a,166,,,25.7756,-80.699917,anhi,1,""
2000,3,3as,3a,167,,,25.773483,-80.699967,anhi,1,""
2000,3,3as,3a,226,,,25.78065,-80.701733,anhi,1,""
2000,3,3as,3a,227,,,25.780767,-80.703333,anhi,1,""
2000,3,3as,3a,238,,,25.7794,-80.728533,anhi,3,""
2000,3,3as,3a,239,,,25.78405,-80.731367,anhi,1,""
2000,3,3as,3a,247,,,25.778933,-80.742117,anhi,2,""
2000,3,3as,3a,272,,,25.7819,-80.759,anhi,1,""
2000,3,3as,3a,388,,,25.793367,-80.729333,anhi,1,""
2000,3,3as,3a,394,,,25.793233,-80.7182,anhi,2,""
2000,3,3as,3a,400,,,25.788367,-80.697267,anhi,5,""
2000,3,3as,3a,400,,,25.789,-80.696883,anhi,5,""
2000,3,3as,3a,407,,,25.791483,-80.678167,anhi,1,""
2000,3,3as,3a,447,,,25.795833,-80.685167,anhi,1,""
2000,3,3as,3a,456,,,25.794633,-80.701367,anhi,1,""
2000,3,3as,3a,457,,,25.797633,-80.70655,anhi,1,""
2000,3,3as,3a,458,,,25.798567,-80.709633,anhi,1,""
2000,3,3as,3a,461,,,25.796567,-80.71095,anhi,1,""
2000,3,3as,3a,462,,,25.796817,-80.710917,anhi,1,""
2000,3,3as,3a,463,,,25.797167,-80.710733,anhi,1,""
2000,3,3as,3a,464,,,25.797467,-80.71085,anhi,1,""
2000,3,3as,3a,477,,,25.801917,-80.752267,anhi,2,""
2000,3,3as,3a,486,,,25.802333,-80.767833,anhi,3,""
2000,3,3as,3a,492,,,25.798367,-80.7828,anhi,3,""
2000,3,3as,3a,497,,,25.799783,-80.783833,anhi,1,""
2000,3,3as,3a,501,,,25.795183,-80.791017,anhi,1,""
2000,3,3as,3a,504,,,25.80005,-80.80365,anhi,1,""
2000,3,3as,3a,505,,,25.7969,-80.807183,anhi,4,""
2000,3,3as,3a,555,,,25.809183,-80.7229,anhi,1,""
2000,3,3as,3a,565,,,25.8052,-80.709067,anhi,8,""
2000,3,3as,3a,565,,,25.805167,-80.70885,anhi,5,""
2000,3,3as,3a,572,,,25.811133,-80.708967,anhi,1,""
2000,3,3as,3a,573,,,25.8113,-80.70835,anhi,1,""
2000,3,3as,3a,574,,,25.810867,-80.708433,anhi,3,""
2000,3,3as,3a,574,,,25.810233,-80.708183,anhi,4,""
2000,3,3as,3a,575,,,25.806867,-80.7043,anhi,1,""
2000,3,3as,3a,577,,,25.804317,-80.703833,anhi,1,""
2000,3,3as,3a,578,,,25.8049,-80.703667,anhi,3,""
2000,3,3as,3a,579,,,25.805883,-80.703233,anhi,1,""
2000,3,3as,3a,580,,,25.806,-80.702883,anhi,1,""
2000,3,3as,3a,585,,,25.80645,-80.687983,anhi,1,""
2000,3,3as,3a,594,,,25.808383,-80.6777,anhi,1,""
2000,3,3as,3a,597,,,25.804467,-80.6774,anhi,2,""
2000,3,3as,3a,600,,,25.809517,-80.675667,anhi,1,""
2000,3,3as,3a,621,,,25.817117,-80.669,anhi,2,""
2000,3,3as,3a,621,,,25.817133,-80.668867,anhi,3,""
2000,3,3as,3a,625,,,25.816667,-80.672683,anhi,3,""
2000,3,3as,3a,626,,,25.813933,-80.670883,anhi,2,""
2000,3,3as,3a,629,,,25.812183,-80.676533,anhi,1,""
2000,3,3as,3a,632,,,25.8153,-80.687633,anhi,1,""
2000,3,3as,3a,636,,,25.811517,-80.68865,anhi,1,""
2000,3,3as,3a,637,,,25.811233,-80.687217,anhi,1,""
2000,3,3as,3a,641,,,25.813167,-80.7064,anhi,1,""
2000,3,3as,3a,650,,,25.81435,-80.728433,anhi,1,""
2000,3,3as,3a,651,,,25.81325,-80.729033,anhi,2,""
2000,3,3as,3a,668,,,25.8167,-80.772433,anhi,5,""
2000,3,3as,3a,669,,,25.814717,-80.775867,anhi,4,""
2000,3,3as,3a,688,,,25.8222,-80.770233,anhi,4,""
2000,3,3as,3a,690,,,25.821483,-80.768017,anhi,1,""
2000,3,3as,3a,700,,,25.82345,-80.722217,anhi,4,""
2000,3,3as,3a,700,,,25.82315,-80.7218,anhi,8,""
2000,3,3as,3a,700,,,25.823217,-80.7212,anhi,6,""
2000,3,3as,3a,717,,,25.825333,-80.688133,anhi,1,""
2000,3,3as,3a,722,,,25.823433,-80.6772,anhi,1,""
2000,3,3as,3a,727,,,25.819167,-80.671967,anhi,9,""
2000,3,3as,3a,727,,,25.818917,-80.671367,anhi,4,""
2000,3,3as,3a,727,,,25.818917,-80.671067,anhi,1,""
2000,3,3as,3a,729,,,25.8227,-80.67205,anhi,4,""
2000,3,3as,3a,729,,,25.822933,-80.671633,anhi,2,""
2000,3,3as,3a,730,,,25.8232,-80.673317,anhi,1,""
2000,3,3as,3a,777,,,25.828567,-80.66335,anhi,1,""
2000,3,3as,3a,777,,,25.829267,-80.6632,anhi,1,""
2000,3,3as,3a,779,,,25.830417,-80.666233,anhi,1,""
2000,3,3as,3a,785,,,25.828233,-80.67565,anhi,4,""
2000,3,3as,3a,792,,,25.8289,-80.6856,anhi,2,""
2000,3,3as,3a,795,,,25.833867,-80.686733,anhi,1,""
2000,3,3as,3a,816,,,25.830667,-80.75655,anhi,1,""
2000,3,3as,3a,837,,,25.83765,-80.8185,anhi,4,""
2000,3,3as,3a,842,,,25.84095,-80.78265,anhi,1,""
2000,3,3as,3a,849,,,25.835783,-80.755317,anhi,2,""
2000,3,3as,3a,864,,,25.837733,-80.7009,anhi,1,""
2000,3,3as,3a,869,,,25.8356,-80.686267,anhi,1,""
2000,3,3as,3a,872,,,25.835383,-80.6855,anhi,1,""
2000,3,3as,3a,875,,,25.835583,-80.666583,anhi,1,""
2000,3,3as,3a,934,,,25.84615,-80.678017,anhi,1,""
2000,3,3as,3a,936,,,25.847067,-80.685267,anhi,1,""
2000,3,3as,3a,943,,,25.850683,-80.705217,anhi,1,""
2000,3,3as,3a,943,,,25.850083,-80.704867,anhi,1,""
2000,3,3as,3a,944,,,25.846717,-80.703067,anhi,1,""
2000,3,3as,3a,944,,,25.846383,-80.702967,anhi,2,""
2000,3,3as,3a,950,,,25.84295,-80.723583,anhi,1,""
2000,3,3as,3a,952,,,25.847283,-80.7496,anhi,2,""
2000,3,3as,3a,962,,,25.842933,-80.793467,anhi,3,""
2000,3,3as,3a,964,,,25.843283,-80.79845,anhi,2,""
2000,3,3as,3a,974,,,25.852433,-80.806767,anhi,2,""
2000,3,3as,3a,977,,,25.858417,-80.7931,anhi,3,""
2000,3,3as,3a,990,,,25.856017,-80.722783,anhi,1,""
2000,3,3as,3a,995,,,25.8518,-80.707567,anhi,2,""
2000,3,3as,3a,999,,,25.85805,-80.709667,anhi,3,""
2000,3,3as,3a,1000,,,25.854233,-80.703317,anhi,2,""
2000,3,3as,3a,1004,,,25.8518,-80.6846,anhi,1,""
2000,3,3as,3a,1013,,,25.855433,-80.642433,anhi,1,""
2000,3,3as,3a,1015,,,25.8551,-80.641067,anhi,1,""
2000,3,3as,3a,1034,,,25.86375,-80.663517,anhi,4,""
2000,3,3as,3a,1034,,,25.863833,-80.662717,anhi,3,""
2000,3,3as,3a,1044,,,25.863533,-80.705533,anhi,8,""
2000,3,3as,3a,1044,,,25.863133,-80.70525,anhi,5,""
2000,3,3as,3a,1056,,,25.858833,-80.740917,anhi,1,""
2000,3,3as,3a,1057,,,25.85815,-80.743817,anhi,2,""
2000,3,3as,3a,1060,,,25.866133,-80.738767,anhi,1,""
2000,3,3as,3a,1061,,,25.864217,-80.749783,anhi,2,""
2000,3,3as,3a,1068,,,25.8662,-80.7642,anhi,1,""
2000,3,3as,3a,1074,,,25.861567,-80.779883,anhi,2,""
2000,3,3as,3a,1110,,,25.86735,-80.747817,anhi,1,""
2000,3,3as,3a,1121,,,25.868933,-80.66125,anhi,2,""
2000,3,3as,3a,1126,,,25.875283,-80.660667,anhi,2,""
2000,3,3as,3a,1126,,,25.875467,-80.660283,anhi,5,""
2000,3,3as,3a,1150,,,25.877883,-80.694,anhi,1,""
2000,3,3as,3a,1152,,,25.8778,-80.706267,anhi,1,""
2000,3,3as,3a,1157,,,25.8793,-80.705617,anhi,1,""
2000,3,3as,3a,1158,,,25.879783,-80.705733,anhi,1,""
2000,3,3as,3a,1160,,,25.880533,-80.710233,anhi,1,""
2000,3,3as,3a,1165,,,25.878333,-80.7119,anhi,1,""
2000,3,3as,3a,1169,,,25.8789,-80.721183,anhi,1,""
2000,3,3as,3a,1175,,,25.8748,-80.7355,anhi,1,""
2000,3,3as,3a,1190,,,25.874317,-80.791183,anhi,1,""
2000,3,3as,3a,1218,,,25.888433,-80.800433,anhi,1,""
2000,3,3as,3a,1231,,,25.8875,-80.705817,anhi,1,""
2000,3,3as,3a,1231,,,25.887583,-80.705767,anhi,1,""
2000,3,3as,3a,1235,,,25.888367,-80.701733,anhi,2,""
2000,3,3as,3a,1237,,,25.886,-80.7019,anhi,1,""
2000,3,3as,3a,1237,,,25.886133,-80.70135,anhi,3,""
2000,3,3as,3a,1244,,,25.885167,-80.666333,anhi,3,""
2000,3,3as,3a,1245,,,25.88585,-80.665967,anhi,2,""
2000,3,3as,3a,1248,,,25.883367,-80.637217,anhi,1,""
2000,3,3as,3a,1277,,,25.895017,-80.662817,anhi,2,""
2000,3,3as,3a,1278,,,25.89245,-80.667533,anhi,2,""
2000,3,3as,3a,1283,,,25.89355,-80.668133,anhi,4,""
2000,3,3as,3a,1287,,,25.893017,-80.676717,anhi,1,""
2000,3,3as,3a,1288,,,25.896483,-80.681333,anhi,1,""
2000,3,3as,3a,1295,,,25.897183,-80.704233,anhi,1,""
2000,3,3as,3a,1295,,,25.89705,-80.704083,anhi,1,""
2000,3,3as,3a,1304,,,25.897017,-80.73,anhi,2,""
2000,3,3as,3a,1305,,,25.892483,-80.725433,anhi,1,""
2000,3,3as,3a,1309,,,25.894417,-80.737683,anhi,7,""
2000,3,3as,3a,1316,,,25.895667,-80.754683,anhi,2,""
2000,3,3as,3a,1319,,,25.894,-80.774133,anhi,8,""
2000,3,3as,3a,1341,,,25.899017,-80.770083,anhi,2,""
2000,3,3as,3a,1347,,,25.906883,-80.742767,anhi,1,""
2000,3,3as,3a,1355,,,25.901,-80.7386,anhi,5,""
2000,3,3as,3a,1360,,,25.903767,-80.708117,anhi,2,""
2000,3,3as,3a,1365,,,25.903883,-80.67005,anhi,2,""
2000,3,3as,3a,1366,,,25.898283,-80.66365,anhi,1,""
2000,3,3as,3a,1392,,,25.9132,-80.63825,anhi,1,""
2000,3,3as,3a,1393,,,25.911083,-80.642017,anhi,1,""
2000,3,3as,3a,1399,,,25.907967,-80.660917,anhi,1,""
2000,3,3as,3a,1400,,,25.91355,-80.661333,anhi,4,""
2000,3,3as,3a,1401,,,25.912933,-80.666033,anhi,1,""
2000,3,3as,3a,1410,,,25.9081,-80.704283,anhi,3,""
2000,3,3as,3a,1410,,,25.90825,-80.704233,anhi,1,""
2000,3,3as,3a,1419,,,25.9155,-80.72315,anhi,2,""
2000,3,3as,3a,1430,,,25.90875,-80.729533,anhi,1,""
2000,3,3as,3a,1448,,,25.910567,-80.74675,anhi,1,""
2000,3,3as,3a,1450,,,25.911283,-80.769133,anhi,1,""
2000,3,3as,3a,1453,,,25.91445,-80.7735,anhi,8,""
2000,3,3as,3a,1456,,,25.915233,-80.778883,anhi,1,""
2000,3,3as,3a,1463,,,25.91115,-80.79025,anhi,1,""
2000,3,3as,3a,1466,,,25.914633,-80.79085,anhi,8,""
2000,3,3as,3a,1466,,,25.91425,-80.790783,anhi,4,""
2000,3,3as,3a,1489,,,25.918067,-80.7543,anhi,1,""
2000,3,3as,3a,1494,,,25.916967,-80.73285,anhi,3,""
2000,3,3as,3a,1499,,,25.919583,-80.7239,anhi,1,""
2000,3,3as,3a,1502,,,25.921167,-80.7241,anhi,3,""
2000,3,3as,3a,1512,,,25.917667,-80.667417,anhi,3,""
2000,3,3as,3a,1520,,,25.916917,-80.598617,anhi,5,""
2000,3,3as,3a,1534,,,25.932,-80.676233,anhi,2,""
2000,3,3as,3a,1537,,,25.929717,-80.679833,anhi,1,""
2000,3,3as,3a,1541,,,25.928717,-80.686567,anhi,2,""
2000,3,3as,3a,1542,,,25.928717,-80.687367,anhi,4,""
2000,3,3as,3a,1543,,,25.9304,-80.687917,anhi,1,""
2000,3,3as,3a,1544,,,25.931417,-80.689417,anhi,1,""
2000,3,3as,3a,1545,,,25.9295,-80.69375,anhi,1,""
2000,3,3as,3a,1549,,,25.93185,-80.713083,anhi,6,""
2000,3,3as,3a,1555,,,25.931683,-80.73965,anhi,1,""
2000,3,3as,3a,1583,,,25.925467,-80.779817,anhi,1,""
2000,3,3as,3a,1585,,,25.930633,-80.799567,anhi,3,""
2000,3,3as,3a,1596,,,25.941,-80.770783,anhi,1,""
2000,3,3as,3a,1599,,,25.938883,-80.76525,anhi,1,""
2000,3,3as,3a,1609,,,25.939783,-80.745967,anhi,1,""
2000,3,3as,3a,1610,,,25.9396,-80.7419,anhi,1,""
2000,3,3as,3a,1613,,,25.93775,-80.73575,anhi,7,""
2000,3,3as,3a,1619,,,25.939617,-80.707917,anhi,2,""
2000,3,3as,3a,1624,,,25.940267,-80.68115,anhi,1,""
2000,3,3as,3a,1627,,,25.940983,-80.664233,anhi,2,""
2000,3,3as,3a,1631,,,25.938183,-80.6432,anhi,1,""
2000,3,3as,3a,1631,,,25.938267,-80.642867,anhi,1,""
2000,3,3as,3a,1650,,,25.949317,-80.655567,anhi,1,""
2000,3,3as,3a,1651,,,25.94395,-80.657717,anhi,2,""
2000,3,3as,3a,1655,,,25.945167,-80.6741,anhi,2,""
2000,3,3as,3a,1656,,,25.94325,-80.673083,anhi,1,""
2000,3,3as,3a,1671,,,25.943617,-80.732567,anhi,6,""
2000,3,3as,3a,1678,,,25.9452,-80.74355,anhi,1,""
2000,3,3as,3a,1688,,,25.941533,-80.74745,anhi,2,""
2000,3,3as,3a,1690,,,25.9483,-80.75845,anhi,3,""
2000,3,3as,3a,1691,,,25.944233,-80.760883,anhi,2,""
2000,3,3as,3a,1697,,,25.949267,-80.7776,anhi,1,""
2000,3,3as,3a,1713,,,25.957917,-80.777667,anhi,1,""
2000,3,3as,3a,1717,,,25.957933,-80.77275,anhi,6,""
2000,3,3as,3a,1726,,,25.955833,-80.752617,anhi,4,""
2000,3,3as,3a,1727,,,25.951133,-80.729133,anhi,4,""
2000,3,3as,3a,1741,,,25.951833,-80.6999,anhi,1,""
2000,3,3as,3a,1748,,,25.951367,-80.693033,anhi,2,""
2000,3,3as,3a,1749,,,25.954633,-80.68525,anhi,3,""
2000,3,3as,3a,1758,,,25.951517,-80.667933,anhi,3,""
2000,3,3as,3a,1762,,,25.9572,-80.647333,anhi,2,""
2000,3,3as,3a,1777,,,25.965,-80.649117,anhi,3,""
2000,3,3as,3a,1778,,,25.965033,-80.679967,anhi,1,""
2000,3,3as,3a,1782,,,25.963133,-80.7258,anhi,3,""
2000,3,3as,3a,1786,,,25.9649,-80.73765,anhi,1,""
2000,3,3as,3a,1788,,,25.965967,-80.7418,anhi,4,""
2000,3,3as,3a,1791,,,25.964167,-80.75385,anhi,1,""
2000,3,3as,3a,1833,,,25.969017,-80.74445,anhi,3,""
2000,3,3as,3a,1837,,,25.973917,-80.724717,anhi,1,""
2000,3,3as,3a,1844,,,25.969767,-80.70125,anhi,2,""
2000,3,3as,3a,1847,,,25.968867,-80.695833,anhi,2,""
2000,3,3as,3a,1850,,,25.971883,-80.681117,anhi,4,""
2000,3,3as,3a,1859,,,25.967633,-80.6564,anhi,1,""
2000,3,3as,3a,1872,,,25.979533,-80.655067,anhi,3,""
2000,3,3as,3a,1886,,,25.977933,-80.7419,anhi,3,""
2000,3,3as,3a,1889,,,25.98055,-80.760517,anhi,1,""
2000,3,3as,3a,1895,,,25.980433,-80.800467,anhi,1,""
2000,3,3as,3a,1918,,,25.991733,-80.774383,anhi,1,""
2000,3,3as,3a,1919,,,25.986617,-80.762233,anhi,1,""
2000,3,3as,3a,1924,,,25.98905,-80.716867,anhi,2,""
2000,3,3as,3a,1927,,,25.987783,-80.7067,anhi,2,""
2000,3,3as,3a,1939,,,25.984133,-80.666617,anhi,1,""
2000,3,3as,3a,1940,,,25.986417,-80.655567,anhi,1,""
2000,3,3as,3a,1963,,,25.995517,-80.721383,anhi,1,""
2000,3,3as,3a,2047,,,26.02205,-80.73245,anhi,1,""
2000,3,3as,3a,2103,,,26.038617,-80.736083,anhi,2,""
2000,3,3as,3a,2123,,,26.0456,-80.648733,anhi,1,""
2000,3,3as,3a,2133,,,26.0394,-80.722617,anhi,1,""
2000,3,3as,3a,2134,,,26.04415,-80.72285,anhi,4,""
2000,3,3as,3a,2157,,,26.054583,-80.756583,anhi,2,""
2000,3,3as,3a,2167,,,26.050817,-80.67675,anhi,2,""
2000,3,3as,3a,2225,,,26.074167,-80.729267,anhi,1,""
2000,3,3as,3a,2245,,,26.096067,-80.6599,anhi,3,""
2000,3,3as,3a,2251,,,26.0899,-80.734083,anhi,1,""
2000,3,3as,3a,2256,,,26.091833,-80.792883,anhi,2,""
2000,3,3as,3a,2258,,,26.096667,-80.79875,anhi,6,""
2000,3,3as,3a,2398,,,26.132817,-80.798817,anhi,1,""
2000,3,3as,3a,3431,,,25.850367,-80.66735,anhi,1,""
2000,3,3as,3a,3436,,,25.773333,-80.71185,anhi,2,""
2000,3,3as,3a,1096,,,25.871167,-80.801833,bcnh,1,""
2000,3,3as,3a,1217,robs,Robs,25.88895,-80.80455,bcnh,8,""
2000,3,3as,3a,1786,,,25.9649,-80.73765,bcnh,2,""
2000,3,3as,3a,1805,,,25.964667,-80.818333,bcnh,2,""
2000,3,3as,3a,1808,,,25.965517,-80.820367,bcnh,2,""
2000,3,3as,3a,1825,,,25.973967,-80.767267,bcnh,1,""
2000,3,3as,3a,1844,,,25.969767,-80.70125,bcnh,1,""
2000,3,3as,3a,1886,,,25.977933,-80.7419,bcnh,2,""
2000,3,3as,3a,1902,,,25.98625,-80.820333,bcnh,2,""
2000,3,3as,3a,1906,,,25.984,-80.812233,bcnh,15,""
2000,3,3as,3a,1908,,,25.986033,-80.803083,bcnh,2,""
2000,3,3as,3a,1927,,,25.987783,-80.7067,bcnh,2,""
2000,3,3as,3a,2030,,,26.016167,-80.794433,bcnh,20,""
2000,3,3as,3a,2031,,,26.017333,-80.797283,bcnh,5,""
2000,3,3as,3a,2040,,,26.019967,-80.8091,bcnh,10,""
2000,3,3as,3a,2047,,,26.02205,-80.73245,bcnh,1,""
2000,3,3as,3a,2089,,,26.033583,-80.805,bcnh,2,""
2000,3,3as,3a,2090,,,26.0368,-80.789967,bcnh,10,""
2000,3,3as,3a,2092,,,26.036367,-80.762,bcnh,1,""
2000,3,3as,3a,2099,,,26.0345,-80.760083,bcnh,5,""
2000,3,3as,3a,2108,big_mel_west,big mel west,26.034333,-80.675283,bcnh,7,""
2000,3,3as,3a,2123,,,26.0456,-80.648733,bcnh,3,""
2000,3,3as,3a,2134,,,26.04415,-80.72285,bcnh,4,""
2000,3,3as,3a,2141,,,26.038867,-80.785617,bcnh,10,""
2000,3,3as,3a,2146,,,26.0392,-80.809933,bcnh,12,""
2000,3,3as,3a,2154,,,26.049917,-80.782033,bcnh,3,""
2000,3,3as,3a,2157,,,26.054583,-80.756583,bcnh,4,""
2000,3,3as,3a,2162,,,26.053067,-80.7417,bcnh,1,""
2000,3,3as,3a,2178,,,26.055483,-80.64335,bcnh,1,""
2000,3,3as,3a,2186,,,26.060617,-80.803633,bcnh,2,""
2000,3,3as,3a,2194,,,26.067117,-80.7929,bcnh,15,""
2000,3,3as,3a,2200,,,26.071217,-80.6762,bcnh,1,""
2000,3,3as,3a,2219,,,26.074567,-80.692417,bcnh,3,""
2000,3,3as,3a,2233,,,26.0828,-80.7647,bcnh,7,""
2000,3,3as,3a,2245,,,26.095867,-80.6611,bcnh,3,""
2000,3,3as,3a,2245,,,26.096067,-80.6599,bcnh,1,""
2000,3,3as,3a,2258,,,26.096667,-80.79875,bcnh,1,""
2000,3,3as,3a,2291,,,26.11275,-80.744633,bcnh,1,""
2000,3,3as,3a,2294,,,26.112817,-80.756083,bcnh,1,""
2000,3,3as,3a,2389,,,26.127433,-80.7244,bcnh,12,""
2000,3,3as,3a,2391,,,26.127317,-80.736133,bcnh,1,""
2000,3,3as,3a,2406,,,26.134867,-80.7374,bcnh,2,""
2000,3,3as,3a,486,,,25.802333,-80.767833,dcco,1,""
2000,3,3as,3a,1564,,,25.93325,-80.75835,dcco,3,""
2000,3,3as,3a,1727,,,25.951133,-80.729133,dcco,1,""
2000,3,3as,3a,2047,,,26.02205,-80.73245,dcco,1,""
2000,3,3as,3a,2269,,,26.10295,-80.720433,dcco,1,""
2000,3,3as,3a,21,,,25.76905,-80.71375,gbhe,1,""
2000,3,3as,3a,36,,,25.769167,-80.796683,gbhe,1,""
2000,3,3as,3a,37,,,25.766117,-80.796617,gbhe,1,""
2000,3,3as,3a,40,,,25.76965,-80.798317,gbhe,1,""
2000,3,3as,3a,63,,,25.775483,-80.82725,gbhe,1,""
2000,3,3as,3a,70,,,25.770317,-80.822433,gbhe,1,""
2000,3,3as,3a,82,,,25.77595,-80.796233,gbhe,1,""
2000,3,3as,3a,87,,,25.771783,-80.79105,gbhe,1,""
2000,3,3as,3a,96,,,25.7776,-80.784117,gbhe,2,""
2000,3,3as,3a,97,,,25.77795,-80.7835,gbhe,1,""
2000,3,3as,3a,111,,,25.775967,-80.770333,gbhe,1,""
2000,3,3as,3a,123,,,25.777233,-80.762283,gbhe,1,""
2000,3,3as,3a,131,,,25.7771,-80.755917,gbhe,1,""
2000,3,3as,3a,139,,,25.777533,-80.744917,gbhe,1,""
2000,3,3as,3a,144,,,25.777633,-80.733,gbhe,2,""
2000,3,3as,3a,146,,,25.77145,-80.73,gbhe,1,""
2000,3,3as,3a,151,,,25.772583,-80.727983,gbhe,1,""
2000,3,3as,3a,154,,,25.77755,-80.716583,gbhe,1,""
2000,3,3as,3a,154,,,25.77725,-80.716283,gbhe,1,""
2000,3,3as,3a,156,,,25.77675,-80.7118,gbhe,1,""
2000,3,3as,3a,158,,,25.777383,-80.710583,gbhe,2,""
2000,3,3as,3a,164,,,25.779267,-80.702133,gbhe,1,""
2000,3,3as,3a,228,,,25.781767,-80.70235,gbhe,1,""
2000,3,3as,3a,234,,,25.78345,-80.714983,gbhe,1,""
2000,3,3as,3a,238,,,25.7794,-80.728533,gbhe,3,""
2000,3,3as,3a,246,,,25.77915,-80.740667,gbhe,1,""
2000,3,3as,3a,247,,,25.778933,-80.742117,gbhe,1,""
2000,3,3as,3a,256,,,25.77805,-80.754117,gbhe,2,""
2000,3,3as,3a,256,,,25.778183,-80.75395,gbhe,2,""
2000,3,3as,3a,257,,,25.7783,-80.75535,gbhe,1,""
2000,3,3as,3a,264,,,25.7862,-80.7579,gbhe,1,""
2000,3,3as,3a,266,,,25.7866,-80.760633,gbhe,1,""
2000,3,3as,3a,272,,,25.7819,-80.759,gbhe,1,""
2000,3,3as,3a,273,,,25.781133,-80.760383,gbhe,2,""
2000,3,3as,3a,293,,,25.782417,-80.7755,gbhe,1,""
2000,3,3as,3a,310,,,25.7863,-80.805967,gbhe,1,""
2000,3,3as,3a,315,,,25.780833,-80.80855,gbhe,1,""
2000,3,3as,3a,351,,,25.7907,-80.778717,gbhe,1,""
2000,3,3as,3a,362,,,25.7909,-80.770283,gbhe,1,""
2000,3,3as,3a,363,,,25.788133,-80.7722,gbhe,1,""
2000,3,3as,3a,372,,,25.793583,-80.762983,gbhe,1,""
2000,3,3as,3a,388,,,25.793367,-80.729333,gbhe,1,""
2000,3,3as,3a,391,,,25.792383,-80.723967,gbhe,1,""
2000,3,3as,3a,403,,,25.791267,-80.688517,gbhe,1,""
2000,3,3as,3a,443,,,25.8018,-80.68,gbhe,3,""
2000,3,3as,3a,447,,,25.795833,-80.685167,gbhe,1,""
2000,3,3as,3a,451,,,25.795067,-80.689,gbhe,4,""
2000,3,3as,3a,451,,,25.79555,-80.688883,gbhe,2,""
2000,3,3as,3a,453,,,25.796733,-80.698833,gbhe,1,""
2000,3,3as,3a,453,,,25.796867,-80.698817,gbhe,1,""
2000,3,3as,3a,457,,,25.797633,-80.70655,gbhe,1,""
2000,3,3as,3a,461,,,25.796567,-80.71095,gbhe,1,""
2000,3,3as,3a,462,,,25.796817,-80.710917,gbhe,1,""
2000,3,3as,3a,474,,,25.7965,-80.731483,gbhe,1,""
2000,3,3as,3a,476,,,25.798,-80.752467,gbhe,1,""
2000,3,3as,3a,482,,,25.79455,-80.760333,gbhe,1,""
2000,3,3as,3a,487,,,25.80165,-80.769367,gbhe,1,""
2000,3,3as,3a,488,,,25.796383,-80.770183,gbhe,1,""
2000,3,3as,3a,492,,,25.798367,-80.7828,gbhe,1,""
2000,3,3as,3a,534,,,25.807283,-80.79035,gbhe,1,""
2000,3,3as,3a,556,,,25.80995,-80.7217,gbhe,1,""
2000,3,3as,3a,556,,,25.810233,-80.72095,gbhe,2,""
2000,3,3as,3a,560,,,25.804267,-80.712833,gbhe,1,""
2000,3,3as,3a,563,,,25.80785,-80.708733,gbhe,1,""
2000,3,3as,3a,565,,,25.8052,-80.709067,gbhe,1,""
2000,3,3as,3a,565,,,25.805167,-80.70885,gbhe,1,""
2000,3,3as,3a,574,,,25.810867,-80.708433,gbhe,1,""
2000,3,3as,3a,574,,,25.810233,-80.708183,gbhe,1,""
2000,3,3as,3a,587,,,25.803333,-80.687033,gbhe,1,""
2000,3,3as,3a,621,,,25.817117,-80.669,gbhe,1,""
2000,3,3as,3a,621,,,25.817133,-80.668867,gbhe,1,""
2000,3,3as,3a,626,,,25.813617,-80.671083,gbhe,1,""
2000,3,3as,3a,626,,,25.813933,-80.670883,gbhe,1,""
2000,3,3as,3a,628,,,25.81415,-80.6763,gbhe,1,""
2000,3,3as,3a,636,,,25.8117,-80.68855,gbhe,1,""
2000,3,3as,3a,637,,,25.811233,-80.687217,gbhe,1,""
2000,3,3as,3a,643,,,25.815017,-80.71315,gbhe,1,""
2000,3,3as,3a,669,,,25.814717,-80.775867,gbhe,1,""
2000,3,3as,3a,686,,,25.819383,-80.779817,gbhe,1,""
2000,3,3as,3a,700,,,25.82315,-80.7218,gbhe,2,""
2000,3,3as,3a,705,,,25.826167,-80.717317,gbhe,1,""
2000,3,3as,3a,705,,,25.826117,-80.71695,gbhe,1,""
2000,3,3as,3a,706,,,25.820117,-80.706783,gbhe,2,""
2000,3,3as,3a,707,,,25.82355,-80.713433,gbhe,2,""
2000,3,3as,3a,729,,,25.8227,-80.67205,gbhe,2,""
2000,3,3as,3a,729,,,25.822933,-80.671633,gbhe,2,""
2000,3,3as,3a,731,,,25.824717,-80.67295,gbhe,1,""
2000,3,3as,3a,776,,,25.830917,-80.661483,gbhe,3,""
2000,3,3as,3a,779,,,25.830417,-80.666233,gbhe,1,""
2000,3,3as,3a,785,,,25.828233,-80.67565,gbhe,1,""
2000,3,3as,3a,795,,,25.833867,-80.686733,gbhe,1,""
2000,3,3as,3a,796,,,25.828167,-80.6908,gbhe,1,""
2000,3,3as,3a,814,,,25.831,-80.7536,gbhe,3,""
2000,3,3as,3a,816,,,25.830667,-80.75655,gbhe,1,""
2000,3,3as,3a,837,,,25.83765,-80.8185,gbhe,2,""
2000,3,3as,3a,841,,,25.840833,-80.785567,gbhe,1,""
2000,3,3as,3a,849,,,25.835783,-80.755317,gbhe,1,""
2000,3,3as,3a,872,,,25.835383,-80.6855,gbhe,2,""
2000,3,3as,3a,952,,,25.847283,-80.7496,gbhe,1,""
2000,3,3as,3a,962,,,25.842933,-80.793467,gbhe,2,""
2000,3,3as,3a,964,,,25.843283,-80.79845,gbhe,1,""
2000,3,3as,3a,975,,,25.856117,-80.800717,gbhe,1,""
2000,3,3as,3a,977,,,25.858417,-80.7931,gbhe,2,""
2000,3,3as,3a,981,,,25.851917,-80.78175,gbhe,1,""
2000,3,3as,3a,983,,,25.8535,-80.7789,gbhe,1,""
2000,3,3as,3a,984,,,25.8547,-80.777567,gbhe,1,""
2000,3,3as,3a,1015,,,25.8551,-80.641067,gbhe,1,""
2000,3,3as,3a,1034,,,25.86375,-80.663517,gbhe,2,""
2000,3,3as,3a,1034,,,25.863833,-80.662717,gbhe,2,""
2000,3,3as,3a,1034,,,25.86385,-80.662633,gbhe,1,""
2000,3,3as,3a,1034,,,25.863517,-80.662083,gbhe,1,""
2000,3,3as,3a,1044,,,25.863533,-80.705533,gbhe,1,""
2000,3,3as,3a,1044,,,25.863133,-80.70525,gbhe,3,""
2000,3,3as,3a,1049,,,25.859583,-80.70685,gbhe,1,""
2000,3,3as,3a,1061,,,25.864217,-80.749783,gbhe,1,""
2000,3,3as,3a,1068,,,25.8662,-80.7642,gbhe,1,""
2000,3,3as,3a,1074,,,25.861567,-80.779883,gbhe,1,""
2000,3,3as,3a,1078,,,25.864917,-80.791183,gbhe,1,""
2000,3,3as,3a,1099,,,25.872633,-80.79715,gbhe,1,""
2000,3,3as,3a,1110,,,25.86735,-80.747817,gbhe,1,""
2000,3,3as,3a,1121,,,25.86815,-80.660417,gbhe,1,""
2000,3,3as,3a,1122,,,25.871617,-80.659633,gbhe,1,""
2000,3,3as,3a,1122,,,25.8721,-80.6593,gbhe,1,""
2000,3,3as,3a,1126,,,25.875283,-80.660667,gbhe,1,""
2000,3,3as,3a,1126,,,25.875467,-80.660283,gbhe,1,""
2000,3,3as,3a,1128,,,25.873667,-80.657967,gbhe,1,""
2000,3,3as,3a,1143,,,25.87535,-80.644683,gbhe,1,""
2000,3,3as,3a,1153,,,25.876967,-80.7053,gbhe,1,""
2000,3,3as,3a,1155,,,25.877517,-80.70525,gbhe,1,""
2000,3,3as,3a,1162,,,25.877983,-80.709267,gbhe,2,""
2000,3,3as,3a,1169,,,25.8789,-80.721183,gbhe,1,""
2000,3,3as,3a,1174,,,25.874367,-80.7292,gbhe,1,""
2000,3,3as,3a,1190,,,25.874267,-80.7913,gbhe,1,""
2000,3,3as,3a,1190,,,25.874317,-80.791183,gbhe,1,""
2000,3,3as,3a,1200,,,25.875817,-80.80645,gbhe,1,""
2000,3,3as,3a,1210,,,25.885817,-80.811417,gbhe,1,""
2000,3,3as,3a,1213,,,25.884933,-80.803333,gbhe,1,""
2000,3,3as,3a,1217,robs,Robs,25.88735,-80.8045,gbhe,1,""
2000,3,3as,3a,1219,,,25.884317,-80.7974,gbhe,1,""
2000,3,3as,3a,1235,,,25.888367,-80.701733,gbhe,1,""
2000,3,3as,3a,1237,,,25.886,-80.7019,gbhe,2,""
2000,3,3as,3a,1237,,,25.886133,-80.70135,gbhe,2,""
2000,3,3as,3a,1244,,,25.885167,-80.666333,gbhe,1,""
2000,3,3as,3a,1245,,,25.88585,-80.665967,gbhe,1,""
2000,3,3as,3a,1277,,,25.895017,-80.662817,gbhe,1,""
2000,3,3as,3a,1278,,,25.89245,-80.667533,gbhe,1,""
2000,3,3as,3a,1283,,,25.89355,-80.668133,gbhe,1,""
2000,3,3as,3a,1287,,,25.893017,-80.676717,gbhe,1,""
2000,3,3as,3a,1287,,,25.892933,-80.6767,gbhe,2,""
2000,3,3as,3a,1295,,,25.897183,-80.704233,gbhe,1,""
2000,3,3as,3a,1295,,,25.89705,-80.704083,gbhe,1,""
2000,3,3as,3a,1302,,,25.89605,-80.713483,gbhe,1,""
2000,3,3as,3a,1309,,,25.894417,-80.737683,gbhe,1,""
2000,3,3as,3a,1316,,,25.895667,-80.754683,gbhe,1,""
2000,3,3as,3a,1340,,,25.905533,-80.766717,gbhe,1,""
2000,3,3as,3a,1341,,,25.899017,-80.770083,gbhe,1,""
2000,3,3as,3a,1343,,,25.904617,-80.75465,gbhe,1,""
2000,3,3as,3a,1355,,,25.901,-80.7386,gbhe,1,""
2000,3,3as,3a,1359,,,25.9037,-80.709667,gbhe,1,""
2000,3,3as,3a,1360,,,25.903767,-80.708117,gbhe,1,""
2000,3,3as,3a,1378,,,25.899383,-80.629667,gbhe,2,""
2000,3,3as,3a,1392,,,25.9132,-80.63825,gbhe,1,""
2000,3,3as,3a,1397,,,25.911633,-80.6561,gbhe,1,""
2000,3,3as,3a,1400,,,25.91355,-80.661333,gbhe,1,""
2000,3,3as,3a,1410,,,25.9081,-80.704283,gbhe,1,""
2000,3,3as,3a,1441,,,25.914433,-80.745933,gbhe,1,""
2000,3,3as,3a,1452,,,25.9135,-80.773367,gbhe,1,""
2000,3,3as,3a,1453,,,25.91445,-80.7735,gbhe,3,""
2000,3,3as,3a,1463,,,25.91115,-80.79025,gbhe,1,""
2000,3,3as,3a,1464,,,25.911717,-80.792783,gbhe,1,""
2000,3,3as,3a,1466,,,25.914633,-80.79085,gbhe,5,""
2000,3,3as,3a,1466,,,25.91425,-80.790783,gbhe,5,""
2000,3,3as,3a,1478,,,25.916,-80.78595,gbhe,1,""
2000,3,3as,3a,1494,,,25.916967,-80.73285,gbhe,1,""
2000,3,3as,3a,1499,,,25.919583,-80.7239,gbhe,1,""
2000,3,3as,3a,1502,,,25.921167,-80.7241,gbhe,2,""
2000,3,3as,3a,1512,,,25.917667,-80.667417,gbhe,1,""
2000,3,3as,3a,1520,,,25.916917,-80.598617,gbhe,1,""
2000,3,3as,3a,1537,,,25.929717,-80.679833,gbhe,1,""
2000,3,3as,3a,1542,,,25.928717,-80.687367,gbhe,2,""
2000,3,3as,3a,1546,,,25.932567,-80.69885,gbhe,1,""
2000,3,3as,3a,1549,,,25.93185,-80.713083,gbhe,1,""
2000,3,3as,3a,1563,,,25.929333,-80.755817,gbhe,1,""
2000,3,3as,3a,1582,,,25.9251,-80.789967,gbhe,1,""
2000,3,3as,3a,1584,,,25.926667,-80.793383,gbhe,2,""
2000,3,3as,3a,1585,,,25.930633,-80.799567,gbhe,2,""
2000,3,3as,3a,1599,,,25.938883,-80.76525,gbhe,1,""
2000,3,3as,3a,1613,,,25.93775,-80.73575,gbhe,1,""
2000,3,3as,3a,1619,,,25.939617,-80.707917,gbhe,1,""
2000,3,3as,3a,1631,,,25.938183,-80.6432,gbhe,1,""
2000,3,3as,3a,1631,,,25.938267,-80.642867,gbhe,1,""
2000,3,3as,3a,1650,,,25.949317,-80.655567,gbhe,1,""
2000,3,3as,3a,1655,,,25.945167,-80.6741,gbhe,1,""
2000,3,3as,3a,1671,,,25.943617,-80.732567,gbhe,1,""
2000,3,3as,3a,1682,,,25.9435,-80.748733,gbhe,2,""
2000,3,3as,3a,1682,,,25.943517,-80.748633,gbhe,1,""
2000,3,3as,3a,1688,,,25.941533,-80.74745,gbhe,1,""
2000,3,3as,3a,1690,,,25.9483,-80.75845,gbhe,1,""
2000,3,3as,3a,1691,,,25.944233,-80.760883,gbhe,2,""
2000,3,3as,3a,1696,,,25.948383,-80.777633,gbhe,1,""
2000,3,3as,3a,1706,,,25.958,-80.809883,gbhe,1,""
2000,3,3as,3a,1713,,,25.957917,-80.777667,gbhe,1,""
2000,3,3as,3a,1714,,,25.956167,-80.772833,gbhe,2,""
2000,3,3as,3a,1717,,,25.957933,-80.77275,gbhe,1,""
2000,3,3as,3a,1725,,,25.952917,-80.751033,gbhe,1,""
2000,3,3as,3a,1726,,,25.955833,-80.752617,gbhe,3,""
2000,3,3as,3a,1727,,,25.951133,-80.729133,gbhe,2,""
2000,3,3as,3a,1748,,,25.951367,-80.693033,gbhe,1,""
2000,3,3as,3a,1749,,,25.954633,-80.68525,gbhe,2,""
2000,3,3as,3a,1758,,,25.951517,-80.667933,gbhe,1,""
2000,3,3as,3a,1778,,,25.965033,-80.679967,gbhe,1,""
2000,3,3as,3a,1786,,,25.9649,-80.73765,gbhe,1,""
2000,3,3as,3a,1788,,,25.965967,-80.7418,gbhe,1,""
2000,3,3as,3a,1791,,,25.964167,-80.75385,gbhe,1,""
2000,3,3as,3a,1794,,,25.964483,-80.771833,gbhe,1,""
2000,3,3as,3a,1795,,,25.959,-80.777267,gbhe,1,""
2000,3,3as,3a,1816,,,25.972667,-80.8024,gbhe,1,""
2000,3,3as,3a,1833,,,25.969017,-80.74445,gbhe,1,""
2000,3,3as,3a,1837,,,25.973917,-80.724717,gbhe,1,""
2000,3,3as,3a,1837,,,25.974333,-80.723083,gbhe,1,""
2000,3,3as,3a,1844,,,25.969767,-80.70125,gbhe,1,""
2000,3,3as,3a,1850,,,25.971883,-80.681117,gbhe,3,""
2000,3,3as,3a,1857,,,25.969717,-80.657967,gbhe,1,""
2000,3,3as,3a,1859,,,25.967633,-80.6564,gbhe,1,""
2000,3,3as,3a,1868,,,25.97525,-80.626217,gbhe,2,""
2000,3,3as,3a,1886,,,25.977933,-80.7419,gbhe,1,""
2000,3,3as,3a,1889,,,25.98055,-80.760517,gbhe,3,""
2000,3,3as,3a,1895,,,25.980333,-80.798867,gbhe,1,""
2000,3,3as,3a,1899,,,25.981817,-80.806933,gbhe,1,""
2000,3,3as,3a,1918,,,25.991733,-80.774383,gbhe,2,""
2000,3,3as,3a,1924,,,25.98905,-80.716867,gbhe,1,""
2000,3,3as,3a,1937,,,25.987933,-80.671533,gbhe,2,""
2000,3,3as,3a,1939,,,25.984133,-80.666617,gbhe,1,""
2000,3,3as,3a,1963,,,25.995517,-80.721383,gbhe,1,""
2000,3,3as,3a,1964,,,25.991767,-80.7252,gbhe,1,""
2000,3,3as,3a,1968,,,25.9935,-80.7455,gbhe,1,""
2000,3,3as,3a,1968,,,25.993467,-80.74545,gbhe,2,""
2000,3,3as,3a,1993,,,26.000733,-80.728783,gbhe,1,""
2000,3,3as,3a,2031,,,26.017333,-80.797283,gbhe,2,""
2000,3,3as,3a,2048,,,26.02325,-80.728633,gbhe,1,""
2000,3,3as,3a,2092,,,26.036367,-80.762,gbhe,1,""
2000,3,3as,3a,2097,,,26.034767,-80.7588,gbhe,1,""
2000,3,3as,3a,2103,,,26.038617,-80.736083,gbhe,1,""
2000,3,3as,3a,2122,,,26.039,-80.639517,gbhe,1,""
2000,3,3as,3a,2133,,,26.0394,-80.722617,gbhe,1,""
2000,3,3as,3a,2134,,,26.04415,-80.72285,gbhe,1,""
2000,3,3as,3a,2154,,,26.049917,-80.782033,gbhe,1,""
2000,3,3as,3a,2167,,,26.050817,-80.67675,gbhe,1,""
2000,3,3as,3a,2207,,,26.06985,-80.64515,gbhe,1,""
2000,3,3as,3a,2225,,,26.074167,-80.729267,gbhe,1,""
2000,3,3as,3a,2242,,,26.093267,-80.626917,gbhe,1,""
2000,3,3as,3a,2242,,,26.093267,-80.626333,gbhe,1,""
2000,3,3as,3a,2243,,,26.09475,-80.64075,gbhe,1,""
2000,3,3as,3a,2245,,,26.095867,-80.6611,gbhe,1,""
2000,3,3as,3a,2245,,,26.096067,-80.6599,gbhe,2,""
2000,3,3as,3a,2252,,,26.092633,-80.736083,gbhe,1,""
2000,3,3as,3a,2253,,,26.0902,-80.736133,gbhe,1,""
2000,3,3as,3a,2256,,,26.091833,-80.792883,gbhe,1,""
2000,3,3as,3a,2260,,,26.099283,-80.796983,gbhe,2,""
2000,3,3as,3a,2269,,,26.10295,-80.720433,gbhe,2,""
2000,3,3as,3a,2287,,,26.1097,-80.700283,gbhe,1,""
2000,3,3as,3a,2291,,,26.11275,-80.744633,gbhe,5,""
2000,3,3as,3a,2292,,,26.112767,-80.751883,gbhe,1,""
2000,3,3as,3a,2293,jw1_old,JW1,26.110267,-80.752267,gbhe,1,""
2000,3,3as,3a,2294,,,26.112817,-80.756083,gbhe,1,""
2000,3,3as,3a,2301,,,26.11715,-80.752433,gbhe,2,""
2000,3,3as,3a,2303,,,26.1179,-80.743183,gbhe,1,""
2000,3,3as,3a,2310,,,26.119917,-80.653633,gbhe,3,""
2000,3,3as,3a,2385,,,26.1287,-80.715867,gbhe,1,""
2000,3,3as,3a,3436,,,25.773333,-80.71185,gbhe,3,""
2000,3,3as,3a,723,,,25.822667,-80.678667,greg,29,""
2000,3,3as,3a,1844,,,25.969767,-80.70125,greg,31,""
2000,3,3as,3a,2047,,,26.02205,-80.73245,greg,23,""
2000,3,3as,3a,2157,,,26.054583,-80.756583,greg,7,""
2000,3,3as,3a,2215,,,26.076783,-80.631117,greg,20,""
2000,3,3as,3a,2245,,,26.095867,-80.6611,greg,8,""
2000,3,3as,3a,2245,,,26.096067,-80.6599,greg,3,""
2000,3,3as,3a,2256,,,26.091833,-80.792883,greg,5,""
2000,3,3as,3a,2258,,,26.096667,-80.79875,greg,22,""
2000,3,3as,3a,2269,,,26.10295,-80.720433,greg,3,""
2000,3,3as,3a,2291,,,26.11275,-80.744633,greg,2,""
2000,3,3as,3a,2293,jw1_old,JW1,26.110267,-80.752267,greg,17,""
2000,3,3as,3a,2294,,,26.112817,-80.756083,greg,2,""
2000,3,3as,3a,2300,,,26.107833,-80.799333,greg,12,""
2000,3,3as,3a,2301,,,26.11715,-80.752433,greg,4,""
2000,3,3as,3a,2303,,,26.1179,-80.743183,greg,1,""
2000,3,3as,3a,2304,,,26.119167,-80.733,greg,32,""
2000,3,3as,3a,2307,,,26.114,-80.656667,greg,20,""
2000,3,3as,3a,2310,,,26.119917,-80.653633,greg,1,""
2000,3,3as,3a,2415,,,26.132667,-80.661667,greg,13,""
2000,3,3as,3a,2422,,,26.140667,-80.750833,greg,27,""
2000,3,3as,3a,3404,,,26.114083,-80.727683,greg,11,""
2000,3,3as,3a,3404,,,26.114083,-80.727683,greg,1,""
2000,3,3as,3a,1217,robs,Robs,25.88895,-80.80455,lbhe,10,""
2000,3,3as,3a,1786,,,25.9649,-80.73765,lbhe,3,""
2000,3,3as,3a,1802,lbh_halfway,LBH halfway,25.966333,-80.807333,lbhe,20,""
2000,3,3as,3a,1805,,,25.964667,-80.818333,lbhe,26,""
2000,3,3as,3a,1808,,,25.965517,-80.820367,lbhe,35,""
2000,3,3as,3a,1886,,,25.977933,-80.7419,lbhe,2,""
2000,3,3as,3a,1902,,,25.98625,-80.820333,lbhe,10,""
2000,3,3as,3a,1906,,,25.984,-80.812233,lbhe,10,""
2000,3,3as,3a,1927,,,25.987783,-80.7067,lbhe,7,""
2000,3,3as,3a,2029,,,26.015333,-80.792833,lbhe,25,""
2000,3,3as,3a,2030,,,26.0165,-80.7945,lbhe,13,""
2000,3,3as,3a,2030,,,26.016167,-80.794433,lbhe,20,""
2000,3,3as,3a,2040,,,26.019967,-80.8091,lbhe,15,""
2000,3,3as,3a,2089,,,26.033583,-80.805,lbhe,5,""
2000,3,3as,3a,2090,,,26.0368,-80.789967,lbhe,4,""
2000,3,3as,3a,2108,big_mel_west,big mel west,26.034333,-80.675283,lbhe,14,""
2000,3,3as,3a,2123,,,26.0456,-80.648733,lbhe,2,""
2000,3,3as,3a,2134,,,26.04415,-80.72285,lbhe,12,""
2000,3,3as,3a,2141,,,26.038867,-80.785617,lbhe,1,""
2000,3,3as,3a,2146,,,26.0392,-80.809933,lbhe,10,""
2000,3,3as,3a,2154,,,26.049917,-80.782033,lbhe,8,""
2000,3,3as,3a,2157,,,26.054583,-80.756583,lbhe,10,""
2000,3,3as,3a,2167,,,26.050817,-80.67675,lbhe,2,""
2000,3,3as,3a,2186,,,26.060617,-80.803633,lbhe,2,""
2000,3,3as,3a,2194,,,26.067117,-80.7929,lbhe,2,""
2000,3,3as,3a,2248,,,26.092167,-80.711667,lbhe,18,""
2000,3,3as,3a,2264,,,26.0985,-80.767167,lbhe,6,""
2000,3,3as,3a,2291,,,26.11275,-80.744633,lbhe,1,""
2000,3,3as,3a,2308,,,26.113633,-80.6522,lbhe,15,""
2000,3,3as,3a,2406,,,26.134867,-80.7374,lbhe,1,""
2000,3,3as,3a,2423,,,26.140167,-80.785667,lbhe,15,""
2000,3,3as,3a,2423,,,26.140167,-80.785667,lbhe,15,""
2000,3,3as,3a,2704,,,26.111,-80.831833,lbhe,6,""
2000,3,3as,3a,2099,,,26.0345,-80.760083,sneg,1,""
2000,3,3as,3a,2157,,,26.054583,-80.756583,sneg,2,""
2000,3,3as,3a,2269,,,26.10295,-80.720433,sneg,1,""
2000,3,3as,3a,556,,,25.80995,-80.7217,trhe,1,""
2000,3,3as,3a,739,,,25.823583,-80.65385,trhe,4,""
2000,3,3as,3a,2080,,,26.0281,-80.812617,trhe,3,""
2000,3,3as,3a,2108,big_mel_west,big mel west,26.034333,-80.675283,trhe,1,""
2000,3,3as,3a,2122,,,26.039,-80.639517,trhe,1,""
2000,3,3as,3a,2123,,,26.0456,-80.648733,trhe,3,""
2000,3,3as,3a,2134,,,26.04415,-80.72285,trhe,2,""
2000,3,3as,3a,2178,,,26.055483,-80.64335,trhe,1,""
2000,3,3as,3a,2218,,,26.074467,-80.674667,trhe,1,""
2000,3,3as,3a,2256,,,26.091833,-80.792883,trhe,2,""
2000,3,3as,3a,2260,,,26.099283,-80.796983,trhe,1,""
2000,3,3as,3a,2269,,,26.10295,-80.720433,trhe,3,""
2000,3,3as,3a,2294,,,26.112817,-80.756083,trhe,2,""
2000,3,3as,3a,2301,,,26.11715,-80.752433,trhe,2,""
2000,3,3as,3a,2304,,,26.119417,-80.73225,trhe,1,""
2000,3,3as,3a,2385,,,26.1287,-80.715867,trhe,2,""
2000,3,3as,3a,2398,,,26.132817,-80.798817,trhe,2,""
2000,3,3as,3a,3404,,,26.114083,-80.727683,trhe,2,""
2000,3,3as,3a,3404,,,26.114083,-80.727683,trhe,2,""
2000,3,3as,3a,1786,,,25.9649,-80.73765,ycnh,1,""
2000,3,3as,3a,2256,,,26.091833,-80.792883,ycnh,1,""
2000,3,3ase,3a,2238,,,26.08865,-80.494683,anhi,1,""
2000,3,3ase,3a,2275,,,26.0946,-80.4714,gbhe,1,""
2000,3,3b,3b,2,,,25.766733,-80.529583,anhi,1,""
2000,3,3b,3b,3,,,25.770467,-80.529667,anhi,1,""
2000,3,3b,3b,3,,,25.7691,-80.52945,anhi,1,""
2000,3,3b,3b,4,,,25.764183,-80.561933,anhi,2,""
2000,3,3b,3b,4,,,25.764033,-80.561683,anhi,6,""
2000,3,3b,3b,177,,,25.774017,-80.617017,anhi,6,""
2000,3,3b,3b,183,,,25.77725,-80.568733,anhi,1,""
2000,3,3b,3b,185,,,25.779317,-80.561917,anhi,1,""
2000,3,3b,3b,185,,,25.778183,-80.561867,anhi,1,""
2000,3,3b,3b,185,,,25.7778,-80.56185,anhi,1,""
2000,3,3b,3b,186,,,25.7782,-80.564433,anhi,2,""
2000,3,3b,3b,187,,,25.770567,-80.561883,anhi,1,""
2000,3,3b,3b,189,,,25.770317,-80.542083,anhi,1,""
2000,3,3b,3b,191,,,25.77475,-80.530033,anhi,1,""
2000,3,3b,3b,192,,,25.777917,-80.529683,anhi,1,""
2000,3,3b,3b,192,,,25.7818,-80.5291,anhi,1,""
2000,3,3b,3b,217,,,25.779733,-80.612517,anhi,1,""
2000,3,3b,3b,411,,,25.789317,-80.5864,anhi,1,""
2000,3,3b,3b,416,,,25.785783,-80.529433,anhi,2,""
2000,3,3b,3b,428,,,25.797167,-80.542367,anhi,1,""
2000,3,3b,3b,429,,,25.79765,-80.549917,anhi,1,""
2000,3,3b,3b,617,,,25.81685,-80.540817,anhi,1,""
2000,3,3b,3b,617,,,25.816717,-80.540267,anhi,1,""
2000,3,3b,3a,620,,,25.8118,-80.65725,anhi,2,""
2000,3,3b,3a,749,,,25.8252,-80.640533,anhi,7,""
2000,3,3b,3b,768,,,25.832533,-80.504333,anhi,6,""
2000,3,3b,3b,900,,Dagon,25.840433,-80.52715,anhi,1,""
2000,3,3b,3b,907,,,25.8404,-80.50335,anhi,1,""
2000,3,3b,3b,916,,,25.848817,-80.522883,anhi,15,""
2000,3,3b,3b,1027,,,25.864917,-80.515517,anhi,3,""
2000,3,3b,3a,1140,,,25.878833,-80.529617,anhi,1,""
2000,3,3b,3b,1269,,,25.89455,-80.514717,anhi,2,""
2000,3,3b,3b,440,,,25.7974,-80.64595,bcnh,1,""
2000,3,3b,3a,749,,,25.8252,-80.640533,bcnh,1,""
2000,3,3b,3b,900,,Dagon,25.840433,-80.52715,bcnh,1,""
2000,3,3b,3b,916,,,25.848817,-80.522883,bcnh,2,""
2000,3,3b,3b,1027,,,25.864917,-80.515517,bcnh,1,""
2000,3,3b,3b,3,,,25.7699,-80.529333,gbhe,1,""
2000,3,3b,3b,7,,,25.767033,-80.602867,gbhe,1,""
2000,3,3b,3b,176,,,25.773317,-80.643117,gbhe,1,""
2000,3,3b,3b,177,,,25.774017,-80.617017,gbhe,2,""
2000,3,3b,3b,179,,,25.777067,-80.592567,gbhe,2,""
2000,3,3b,3b,179,,,25.7774,-80.592267,gbhe,3,""
2000,3,3b,3b,180,,,25.771583,-80.59025,gbhe,1,""
2000,3,3b,3b,181,,,25.771583,-80.583517,gbhe,1,""
2000,3,3b,3b,183,,,25.77775,-80.5689,gbhe,1,""
2000,3,3b,3b,183,,,25.77725,-80.568733,gbhe,1,""
2000,3,3b,3b,186,,,25.7782,-80.564433,gbhe,2,""
2000,3,3b,3b,189,,,25.770317,-80.542083,gbhe,1,""
2000,3,3b,3b,191,,,25.775067,-80.52995,gbhe,2,""
2000,3,3b,3b,192,,,25.778717,-80.529817,gbhe,1,""
2000,3,3b,3b,192,,,25.779433,-80.529683,gbhe,1,""
2000,3,3b,3b,192,,,25.7818,-80.5291,gbhe,2,""
2000,3,3b,3b,203,,,25.779133,-80.573017,gbhe,1,""
2000,3,3b,3b,205,,,25.784933,-80.569,gbhe,1,""
2000,3,3b,3b,208,,,25.786633,-80.57025,gbhe,1,""
2000,3,3b,3b,211,,,25.783917,-80.588533,gbhe,2,""
2000,3,3b,3b,212,,,25.785733,-80.582467,gbhe,1,""
2000,3,3b,3b,213,,,25.782533,-80.59535,gbhe,2,""
2000,3,3b,3b,214,,,25.785067,-80.60435,gbhe,1,""
2000,3,3b,3b,215,,,25.782683,-80.609,gbhe,1,""
2000,3,3b,3b,217,,,25.779733,-80.612517,gbhe,3,""
2000,3,3b,3b,411,,,25.789317,-80.5864,gbhe,1,""
2000,3,3b,3b,412,,,25.78655,-80.586067,gbhe,1,""
2000,3,3b,3b,416,,,25.786433,-80.529533,gbhe,2,""
2000,3,3b,3b,416,,,25.785783,-80.529433,gbhe,1,""
2000,3,3b,3b,613,,,25.812367,-80.52185,gbhe,1,""
2000,3,3b,3b,617,,,25.81685,-80.540817,gbhe,1,""
2000,3,3b,3b,617,,,25.816717,-80.540267,gbhe,1,""
2000,3,3b,3a,749,,,25.8252,-80.640533,gbhe,5,""
2000,3,3b,3b,754,,,25.823917,-80.5199,gbhe,2,""
2000,3,3b,3b,754,,,25.823833,-80.5197,gbhe,1,""
2000,3,3b,3b,759,,,25.820033,-80.5017,gbhe,1,""
2000,3,3b,3b,768,,,25.832533,-80.504333,gbhe,1,""
2000,3,3b,3b,772,,,25.83305,-80.5499,gbhe,1,""
2000,3,3b,3b,773,,,25.833067,-80.560783,gbhe,2,""
2000,3,3b,3b,892,,,25.8368,-80.550417,gbhe,1,""
2000,3,3b,3b,900,,Dagon,25.840433,-80.52715,gbhe,2,""
2000,3,3b,3b,905,,,25.841183,-80.5188,gbhe,1,""
2000,3,3b,3b,916,,,25.848817,-80.522883,gbhe,2,""
2000,3,3b,3b,1027,,,25.864917,-80.515517,gbhe,2,""
2000,3,3b,3b,1136,,,25.871067,-80.504733,gbhe,3,""
2000,3,3b,3b,1138,,,25.8752,-80.500933,gbhe,5,""
2000,3,3b,3a,1140,,,25.878833,-80.529617,gbhe,3,""
2000,3,3b,3b,1253,,,25.887917,-80.527317,gbhe,1,""
2000,3,3b,3b,1255,,,25.885617,-80.528333,gbhe,1,""
2000,3,3b,3b,1263,,,25.894667,-80.51,gbhe,1,""
2000,3,3b,3b,1269,,,25.89455,-80.514717,gbhe,3,""
2000,3,3b,3b,1384,,,25.902017,-80.534733,gbhe,1,""
2000,3,3b,3b,1385,,,25.899867,-80.530967,gbhe,1,""
2000,3,3b,3b,3432,,,25.78645,-80.637433,gbhe,1,""
2000,3,3b,3b,177,,,25.774017,-80.617017,greg,1,""
2000,3,3b,3b,618,,,25.8145,-80.584333,greg,28,""
2000,3,3b,3b,619,,,25.814667,-80.602333,greg,21,""
2000,3,3b,3a,748,,,25.822833,-80.638333,greg,11,""
2000,3,3b,3a,749,,,25.8252,-80.640533,greg,2,""
2000,3,3b,3b,900,,Dagon,25.840433,-80.52715,greg,10,""
2000,3,3b,3b,916,,,25.848817,-80.522883,greg,8,""
2000,3,3b,3b,927,,,25.848,-80.576167,greg,5,""
2000,3,3b,3b,1027,,,25.864917,-80.515517,greg,11,""
2000,3,3b,3b,1136,,,25.871067,-80.504733,greg,1,""
2000,3,3b,3b,1137,,,25.866667,-80.5,greg,2,""
2000,3,3b,3b,1139,,,25.87485,-80.524017,greg,1,""
2000,3,3b,3a,1140,,,25.878833,-80.529617,greg,11,""
2000,3,3b,3b,1262,,,25.89455,-80.504333,greg,20,""
2000,3,3b,3b,1269,,,25.89455,-80.514717,greg,13,""
2000,3,3b,3b,1385,,,25.899867,-80.530967,greg,5,""
2000,3,3b,3b,1767,,,25.953833,-80.474333,greg,25,""
2000,3,3b,3b,177,,,25.774017,-80.617017,lbhe,1,""
2000,3,3b,3a,749,,,25.8252,-80.640533,lbhe,1,""
2000,3,3b,3b,916,,,25.848817,-80.522883,trhe,1,""
2001,2,2a,2a,2531,,,26.25,-80.325833,greg,8,""
2001,2,2a,2a,2547,,,26.341667,-80.3345,greg,34,""
2001,2,2b,2b,2489,,2b south end,26.145,-80.3835,anhi,13,""
2001,2,2b,2b,2489,,2b south end,26.145,-80.3835,gbhe,3,""
2001,2,2b,2b,2487,,2B corner,26.1885,-80.307167,greg,20,""
2001,3,3an,3a,2434,,,26.233833,-80.6055,greg,30,""
2001,3,3an,3a,2442,,,26.270833,-80.5185,greg,5,""
2001,3,3as,3a,79,,,25.772333,-80.796833,anhi,2,""
2001,3,3as,3a,82,,,25.776,-80.796333,anhi,3,""
2001,3,3as,3a,146,,,25.7715,-80.730333,anhi,4,""
2001,3,3as,3a,147,,,25.772667,-80.731167,anhi,3,""
2001,3,3as,3a,158,,,25.777667,-80.710167,anhi,4,""
2001,3,3as,3a,160,,,25.776833,-80.7085,anhi,1,""
2001,3,3as,3a,164,,,25.779,-80.702333,anhi,9,""
2001,3,3as,3a,165,,,25.777,-80.6995,anhi,3,""
2001,3,3as,3a,172,,,25.7775,-80.693667,anhi,11,""
2001,3,3as,3a,226,,,25.781,-80.702167,anhi,2,""
2001,3,3as,3a,227,,,25.780833,-80.703667,anhi,2,""
2001,3,3as,3a,233,,,25.7795,-80.714667,anhi,1,""
2001,3,3as,3a,238,,,25.779833,-80.7285,anhi,5,""
2001,3,3as,3a,256,,,25.778333,-80.754,anhi,3,""
2001,3,3as,3a,304,,,25.781833,-80.794,anhi,2,""
2001,3,3as,3a,307,,,25.779,-80.798833,anhi,2,""
2001,3,3as,3a,310,,,25.786,-80.806,anhi,1,""
2001,3,3as,3a,351,,,25.791333,-80.778833,anhi,1,""
2001,3,3as,3a,367,,,25.793667,-80.770333,anhi,1,""
2001,3,3as,3a,373,,,25.789333,-80.761833,anhi,1,""
2001,3,3as,3a,394,,,25.793333,-80.718167,anhi,1,""
2001,3,3as,3a,396,,,25.791333,-80.718333,anhi,1,""
2001,3,3as,3a,399,,,25.793,-80.7015,anhi,1,""
2001,3,3as,3a,400,,,25.788833,-80.697,anhi,7,""
2001,3,3as,3a,445,,,25.800167,-80.6805,anhi,5,""
2001,3,3as,3a,447,,,25.795333,-80.685,anhi,2,""
2001,3,3as,3a,451,,,25.795833,-80.688833,anhi,1,""
2001,3,3as,3a,452,,,25.801167,-80.693,anhi,1,""
2001,3,3as,3a,477,,,25.801667,-80.752167,anhi,2,""
2001,3,3as,3a,480,,,25.797167,-80.759667,anhi,1,""
2001,3,3as,3a,487,,,25.801667,-80.769,anhi,4,""
2001,3,3as,3a,492,,,25.798333,-80.782333,anhi,4,""
2001,3,3as,3a,560,,,25.804667,-80.712667,anhi,1,""
2001,3,3as,3a,562,,,25.806667,-80.710333,anhi,3,""
2001,3,3as,3a,566,,,25.804667,-80.708667,anhi,2,""
2001,3,3as,3a,567,,,25.804167,-80.709,anhi,1,""
2001,3,3as,3a,568,,,25.802667,-80.7075,anhi,2,""
2001,3,3as,3a,574,,,25.811,-80.7085,anhi,1,""
2001,3,3as,3a,575,,,25.807,-80.7045,anhi,2,""
2001,3,3as,3a,585,,,25.806667,-80.687833,anhi,1,""
2001,3,3as,3a,621,,,25.817667,-80.669,anhi,2,""
2001,3,3as,3a,625,,,25.8165,-80.672667,anhi,3,""
2001,3,3as,3a,629,,,25.812333,-80.6765,anhi,1,""
2001,3,3as,3a,637,,,25.811167,-80.687167,anhi,3,""
2001,3,3as,3a,668,,,25.816833,-80.772667,anhi,1,""
2001,3,3as,3a,689,,,25.819,-80.770167,anhi,1,""
2001,3,3as,3a,690,,,25.8215,-80.7685,anhi,5,""
2001,3,3as,3a,700,,,25.823667,-80.721667,anhi,5,""
2001,3,3as,3a,703,,,25.822667,-80.719,anhi,1,""
2001,3,3as,3a,708,,,25.821667,-80.7095,anhi,1,""
2001,3,3as,3a,713,,,25.824167,-80.701,anhi,2,""
2001,3,3as,3a,727,,,25.819,-80.672,anhi,2,""
2001,3,3as,3a,729,,,25.8225,-80.671333,anhi,5,""
2001,3,3as,3a,737,,,25.824333,-80.656667,anhi,2,""
2001,3,3as,3a,777,,,25.829167,-80.663333,anhi,2,""
2001,3,3as,3a,781,,,25.827,-80.668167,anhi,1,""
2001,3,3as,3a,795,,,25.834333,-80.687167,anhi,1,""
2001,3,3as,3a,814,,,25.831,-80.753333,anhi,4,""
2001,3,3as,3a,816,,,25.830667,-80.756833,anhi,2,""
2001,3,3as,3a,863,,,25.837833,-80.700333,anhi,1,""
2001,3,3as,3a,872,,,25.835333,-80.6855,anhi,4,""
2001,3,3as,3a,875,,,25.835667,-80.665833,anhi,1,""
2001,3,3as,3a,876,,,25.841,-80.662333,anhi,2,""
2001,3,3as,3a,928,,,25.843,-80.6455,anhi,2,""
2001,3,3as,3a,932,,,25.850667,-80.672667,anhi,4,""
2001,3,3as,3a,934,,,25.846,-80.678,anhi,3,""
2001,3,3as,3a,936,,,25.847333,-80.685333,anhi,1,""
2001,3,3as,3a,943,,,25.8505,-80.704667,anhi,1,""
2001,3,3as,3a,944,,,25.846167,-80.703,anhi,3,""
2001,3,3as,3a,987,,,25.853167,-80.757667,anhi,1,""
2001,3,3as,3a,995,,,25.851667,-80.707333,anhi,1,""
2001,3,3as,3a,1001,,,25.850833,-80.693167,anhi,2,""
2001,3,3as,3a,1005,,,25.855,-80.681333,anhi,6,""
2001,3,3as,3a,1037,,,25.860833,-80.665833,anhi,1,""
2001,3,3as,3a,1041,,,25.8655,-80.701667,anhi,1,""
2001,3,3as,3a,1046,,,25.865,-80.7095,anhi,1,""
2001,3,3as,3a,1058,,,25.859667,-80.745167,anhi,1,""
2001,3,3as,3a,1061,,,25.864,-80.750333,anhi,3,""
2001,3,3as,3a,1073,,,25.864333,-80.777,anhi,2,""
2001,3,3as,3a,1110,,,25.8675,-80.748167,anhi,1,""
2001,3,3as,3a,1119,,,25.870167,-80.6815,anhi,1,""
2001,3,3as,3a,1121,,,25.868667,-80.660333,anhi,3,""
2001,3,3as,3a,1155,,,25.877333,-80.705667,anhi,2,""
2001,3,3as,3a,1159,,,25.880333,-80.709833,anhi,2,""
2001,3,3as,3a,1164,,,25.8785,-80.711167,anhi,1,""
2001,3,3as,3a,1181,long_strand,long strand,25.877167,-80.755333,anhi,2,""
2001,3,3as,3a,1190,,,25.8745,-80.791333,anhi,1,""
2001,3,3as,3a,1222,fontana,FONTANA,25.888333,-80.770667,anhi,1,""
2001,3,3as,3a,1234,,,25.8885,-80.7005,anhi,5,""
2001,3,3as,3a,1237,,,25.886333,-80.701833,anhi,9,""
2001,3,3as,3a,1245,,,25.886,-80.6665,anhi,2,""
2001,3,3as,3a,1248,,,25.883333,-80.637167,anhi,2,""
2001,3,3as,3a,1277,,,25.8955,-80.662,anhi,2,""
2001,3,3as,3a,1287,,,25.893,-80.676,anhi,6,""
2001,3,3as,3a,1288,,,25.8965,-80.6815,anhi,1,""
2001,3,3as,3a,1295,,,25.897333,-80.704667,anhi,1,""
2001,3,3as,3a,1310,,,25.893667,-80.743667,anhi,4,""
2001,3,3as,3a,1316,,,25.8965,-80.755,anhi,3,""
2001,3,3as,3a,1319,,,25.893667,-80.774333,anhi,1,""
2001,3,3as,3a,1350,,,25.901,-80.741167,anhi,1,""
2001,3,3as,3a,1355,,,25.901333,-80.738333,anhi,5,""
2001,3,3as,3a,1358,,,25.905833,-80.721,anhi,1,""
2001,3,3as,3a,1360,,,25.904,-80.708,anhi,1,""
2001,3,3as,3a,1366,,,25.898667,-80.664,anhi,1,""
2001,3,3as,3a,1368,,,25.902,-80.658167,anhi,1,""
2001,3,3as,3a,1371,,,25.9005,-80.653667,anhi,1,""
2001,3,3as,3a,1392,,,25.913167,-80.637667,anhi,2,""
2001,3,3as,3a,1400,,,25.915833,-80.661,anhi,1,""
2001,3,3as,3a,1410,,,25.908,-80.704,anhi,2,""
2001,3,3as,3a,1413,,,25.914333,-80.720667,anhi,2,""
2001,3,3as,3a,1414,,,25.91,-80.721,anhi,2,""
2001,3,3as,3a,1425,,,25.911833,-80.724667,anhi,1,""
2001,3,3as,3a,1434,,,25.906833,-80.730667,anhi,1,""
2001,3,3as,3a,1448,,,25.909667,-80.7475,anhi,1,""
2001,3,3as,3a,1453,,,25.914667,-80.774167,anhi,7,""
2001,3,3as,3a,1502,,,25.920833,-80.723333,anhi,3,""
2001,3,3as,3a,1504,,,25.917333,-80.716,anhi,1,""
2001,3,3as,3a,1512,,,25.917833,-80.6675,anhi,3,""
2001,3,3as,3a,1538,,,25.926,-80.686,anhi,4,""
2001,3,3as,3a,1542,,,25.9285,-80.687333,anhi,2,""
2001,3,3as,3a,1543,,,25.9305,-80.687667,anhi,1,""
2001,3,3as,3a,1547,,,25.930333,-80.713167,anhi,1,""
2001,3,3as,3a,1548,,,25.933167,-80.714167,anhi,5,""
2001,3,3as,3a,1555,,,25.931667,-80.739333,anhi,1,""
2001,3,3as,3a,1561,,,25.929167,-80.751667,anhi,4,""
2001,3,3as,3a,1606,,,25.940167,-80.747667,anhi,1,""
2001,3,3as,3a,1609,,,25.9395,-80.745667,anhi,1,""
2001,3,3as,3a,1623,,,25.940833,-80.684333,anhi,2,""
2001,3,3as,3a,1624,,,25.94,-80.681,anhi,4,""
2001,3,3as,3a,1627,,,25.941167,-80.6645,anhi,1,""
2001,3,3as,3a,1627,,,25.940333,-80.664167,anhi,1,""
2001,3,3as,3a,1654,,,25.943,-80.666667,anhi,1,""
2001,3,3as,3a,1655,,,25.945333,-80.674,anhi,4,""
2001,3,3as,3a,1671,,,25.944,-80.733333,anhi,7,""
2001,3,3as,3a,1747,,,25.950833,-80.693833,anhi,3,""
2001,3,3as,3a,1786,,,25.965167,-80.737667,anhi,4,""
2001,3,3as,3a,1886,,,25.978,-80.741833,anhi,4,""
2001,3,3as,3a,2022,,,26.011167,-80.735333,anhi,1,""
2001,3,3as,3a,2162,,,26.05365,-80.741667,anhi,6,""
2001,3,3as,3a,1095,,,25.867333,-80.801667,bcnh,7,""
2001,3,3as,3a,1181,long_strand,long strand,25.877167,-80.755333,bcnh,2,""
2001,3,3as,3a,1217,robs,Robs,25.889,-80.804333,bcnh,3,""
2001,3,3as,3a,1222,fontana,FONTANA,25.888333,-80.770667,bcnh,2,""
2001,3,3as,3a,1319,,,25.893667,-80.774333,bcnh,1,""
2001,3,3as,3a,1482,,,25.918167,-80.7735,bcnh,4,""
2001,3,3as,3a,1583,,,25.924667,-80.78,bcnh,4,""
2001,3,3as,3a,1734,,,25.958,-80.7225,bcnh,1,""
2001,3,3as,3a,1785,,,25.960333,-80.733833,bcnh,2,""
2001,3,3as,3a,1786,,,25.965167,-80.737667,bcnh,2,""
2001,3,3as,3a,1886,,,25.978,-80.741833,bcnh,5,""
2001,3,3as,3a,2090,,,26.03695,-80.79,bcnh,5,""
2001,3,3as,3a,2099,,,26.0345,-80.76,bcnh,1,""
2001,3,3as,3a,2154,,,26.05,-80.782,bcnh,3,""
2001,3,3as,3a,2162,,,26.05365,-80.741667,bcnh,4,""
2001,3,3as,3a,31,,,25.766833,-80.777333,gbhe,1,""
2001,3,3as,3a,34,,,25.768333,-80.789,gbhe,1,""
2001,3,3as,3a,37,,,25.766333,-80.796333,gbhe,1,""
2001,3,3as,3a,39,,,25.7675,-80.797667,gbhe,1,""
2001,3,3as,3a,48,,,25.765833,-80.814333,gbhe,1,""
2001,3,3as,3a,79,,,25.772333,-80.796833,gbhe,1,""
2001,3,3as,3a,82,,,25.776,-80.796333,gbhe,1,""
2001,3,3as,3a,85,,,25.776833,-80.793167,gbhe,1,""
2001,3,3as,3a,87,,,25.771833,-80.791167,gbhe,1,""
2001,3,3as,3a,96,,,25.777333,-80.784167,gbhe,1,""
2001,3,3as,3a,99,,,25.776833,-80.782,gbhe,1,""
2001,3,3as,3a,105,,,25.773667,-80.785667,gbhe,1,""
2001,3,3as,3a,111,,,25.775667,-80.770667,gbhe,2,""
2001,3,3as,3a,139,,,25.777,-80.745333,gbhe,1,""
2001,3,3as,3a,143,,,25.777333,-80.733667,gbhe,1,""
2001,3,3as,3a,144,,,25.777667,-80.732833,gbhe,1,""
2001,3,3as,3a,146,,,25.7715,-80.730333,gbhe,3,""
2001,3,3as,3a,151,,,25.7725,-80.728,gbhe,2,""
2001,3,3as,3a,154,,,25.777833,-80.716833,gbhe,1,""
2001,3,3as,3a,156,,,25.777,-80.7115,gbhe,2,""
2001,3,3as,3a,158,,,25.777667,-80.710167,gbhe,2,""
2001,3,3as,3a,165,,,25.777,-80.6995,gbhe,1,""
2001,3,3as,3a,166,,,25.775333,-80.7,gbhe,1,""
2001,3,3as,3a,170,,,25.772667,-80.696167,gbhe,1,""
2001,3,3as,3a,172,,,25.7775,-80.693667,gbhe,2,""
2001,3,3as,3a,221,,,25.7815,-80.689,gbhe,3,""
2001,3,3as,3a,222,,,25.783333,-80.692,gbhe,1,""
2001,3,3as,3a,233,,,25.7795,-80.714667,gbhe,2,""
2001,3,3as,3a,237,,,25.784667,-80.7275,gbhe,2,""
2001,3,3as,3a,238,,,25.779833,-80.7285,gbhe,2,""
2001,3,3as,3a,246,,,25.779167,-80.741,gbhe,1,""
2001,3,3as,3a,256,,,25.778333,-80.754,gbhe,1,""
2001,3,3as,3a,265,,,25.786667,-80.756667,gbhe,2,""
2001,3,3as,3a,266,,,25.786667,-80.760667,gbhe,1,""
2001,3,3as,3a,269,,,25.783667,-80.7595,gbhe,3,""
2001,3,3as,3a,273,,,25.781667,-80.760333,gbhe,1,""
2001,3,3as,3a,274,,,25.7815,-80.761,gbhe,2,""
2001,3,3as,3a,279,,,25.780167,-80.763667,gbhe,1,""
2001,3,3as,3a,291,,,25.782167,-80.775167,gbhe,1,""
2001,3,3as,3a,303,,,25.7805,-80.794,gbhe,1,""
2001,3,3as,3a,304,,,25.781833,-80.794,gbhe,1,""
2001,3,3as,3a,306,,,25.780833,-80.801167,gbhe,1,""
2001,3,3as,3a,307,,,25.779,-80.798833,gbhe,2,""
2001,3,3as,3a,307,,,25.78,-80.798667,gbhe,1,""
2001,3,3as,3a,310,,,25.786,-80.806,gbhe,2,""
2001,3,3as,3a,314,,,25.7825,-80.8075,gbhe,1,""
2001,3,3as,3a,351,,,25.790833,-80.779,gbhe,2,""
2001,3,3as,3a,351,,,25.791333,-80.778833,gbhe,2,""
2001,3,3as,3a,363,,,25.788,-80.772167,gbhe,1,""
2001,3,3as,3a,366,,,25.792,-80.7685,gbhe,1,""
2001,3,3as,3a,372,,,25.793167,-80.7635,gbhe,1,""
2001,3,3as,3a,373,,,25.789333,-80.761833,gbhe,1,""
2001,3,3as,3a,383,,,25.792333,-80.7315,gbhe,1,""
2001,3,3as,3a,383,,,25.793,-80.7315,gbhe,1,""
2001,3,3as,3a,388,,,25.793333,-80.729333,gbhe,1,""
2001,3,3as,3a,391,,,25.792167,-80.723833,gbhe,1,""
2001,3,3as,3a,445,,,25.800167,-80.6805,gbhe,1,""
2001,3,3as,3a,447,,,25.795333,-80.685,gbhe,1,""
2001,3,3as,3a,451,,,25.795833,-80.688833,gbhe,3,""
2001,3,3as,3a,475,,,25.801833,-80.746167,gbhe,1,""
2001,3,3as,3a,480,,,25.797167,-80.759667,gbhe,3,""
2001,3,3as,3a,484,,,25.801667,-80.7625,gbhe,1,""
2001,3,3as,3a,487,,,25.801667,-80.769,gbhe,1,""
2001,3,3as,3a,488,,,25.796167,-80.770333,gbhe,1,""
2001,3,3as,3a,492,,,25.798333,-80.782333,gbhe,1,""
2001,3,3as,3a,526,,,25.808667,-80.807667,gbhe,1,""
2001,3,3as,3a,531,,,25.8065,-80.796167,gbhe,1,""
2001,3,3as,3a,534,,,25.806833,-80.790667,gbhe,2,""
2001,3,3as,3a,538,,,25.805,-80.782167,gbhe,1,""
2001,3,3as,3a,566,,,25.804667,-80.708667,gbhe,1,""
2001,3,3as,3a,574,,,25.811,-80.7085,gbhe,2,""
2001,3,3as,3a,586,,,25.803833,-80.688167,gbhe,1,""
2001,3,3as,3a,587,,,25.803833,-80.687167,gbhe,1,""
2001,3,3as,3a,591,,,25.805,-80.6815,gbhe,1,""
2001,3,3as,3a,621,,,25.817667,-80.669,gbhe,1,""
2001,3,3as,3a,623,,,25.817,-80.671167,gbhe,1,""
2001,3,3as,3a,625,,,25.8165,-80.672667,gbhe,1,""
2001,3,3as,3a,629,,,25.812333,-80.6765,gbhe,1,""
2001,3,3as,3a,648,,,25.8145,-80.727667,gbhe,1,""
2001,3,3as,3a,700,,,25.823667,-80.721667,gbhe,1,""
2001,3,3as,3a,706,,,25.820333,-80.707333,gbhe,1,""
2001,3,3as,3a,707,,,25.823333,-80.713333,gbhe,1,""
2001,3,3as,3a,713,,,25.824167,-80.701,gbhe,1,""
2001,3,3as,3a,715,,,25.819667,-80.69,gbhe,1,""
2001,3,3as,3a,727,,,25.819,-80.672,gbhe,1,""
2001,3,3as,3a,729,,,25.8225,-80.671333,gbhe,2,""
2001,3,3as,3a,733,,,25.825667,-80.671667,gbhe,1,""
2001,3,3as,3a,775,,,25.832833,-80.656833,gbhe,1,""
2001,3,3as,3a,781,,,25.8265,-80.669,gbhe,2,""
2001,3,3as,3a,781,,,25.827,-80.668167,gbhe,1,""
2001,3,3as,3a,785,,,25.8275,-80.675833,gbhe,2,""
2001,3,3as,3a,841,,,25.840833,-80.785667,gbhe,1,""
2001,3,3as,3a,872,,,25.835333,-80.6855,gbhe,1,""
2001,3,3as,3a,932,,,25.850667,-80.672667,gbhe,4,""
2001,3,3as,3a,934,,,25.846,-80.678,gbhe,1,""
2001,3,3as,3a,944,,,25.846167,-80.703,gbhe,1,""
2001,3,3as,3a,948,,,25.848333,-80.714333,gbhe,1,""
2001,3,3as,3a,1005,,,25.855,-80.681333,gbhe,2,""
2001,3,3as,3a,1048,,,25.86,-80.707667,gbhe,1,""
2001,3,3as,3a,1143,,,25.875167,-80.645333,gbhe,1,""
2001,3,3as,3a,1155,,,25.877333,-80.705667,gbhe,1,""
2001,3,3as,3a,1158,,,25.880167,-80.705167,gbhe,1,""
2001,3,3as,3a,1162,,,25.878167,-80.709167,gbhe,3,""
2001,3,3as,3a,1175,,,25.8745,-80.735167,gbhe,1,""
2001,3,3as,3a,1234,,,25.8885,-80.7005,gbhe,1,""
2001,3,3as,3a,1237,,,25.886333,-80.701833,gbhe,2,""
2001,3,3as,3a,1245,,,25.886,-80.6665,gbhe,1,""
2001,3,3as,3a,1287,,,25.893,-80.676,gbhe,2,""
2001,3,3as,3a,1295,,,25.897333,-80.704667,gbhe,2,""
2001,3,3as,3a,1302,,,25.896167,-80.7135,gbhe,1,""
2001,3,3as,3a,1364,,,25.905333,-80.679,gbhe,1,""
2001,3,3as,3a,1404,,,25.912667,-80.668833,gbhe,1,""
2001,3,3as,3a,1404,,,25.912833,-80.668333,gbhe,1,""
2001,3,3as,3a,1410,,,25.908,-80.704,gbhe,1,""
2001,3,3as,3a,1453,,,25.914667,-80.774167,gbhe,1,""
2001,3,3as,3a,1488,,,25.916,-80.757,gbhe,1,""
2001,3,3as,3a,1502,,,25.920833,-80.723333,gbhe,1,""
2001,3,3as,3a,1530,,,25.928,-80.6535,gbhe,1,""
2001,3,3as,3a,1537,,,25.930333,-80.6795,gbhe,1,""
2001,3,3as,3a,1547,,,25.930333,-80.713167,gbhe,1,""
2001,3,3as,3a,1548,,,25.933167,-80.714167,gbhe,1,""
2001,3,3as,3a,1568,,,25.932667,-80.761667,gbhe,1,""
2001,3,3as,3a,1606,,,25.940167,-80.747667,gbhe,1,""
2001,3,3as,3a,1613,,,25.937667,-80.736667,gbhe,1,""
2001,3,3as,3a,1624,,,25.94,-80.681,gbhe,1,""
2001,3,3as,3a,1654,,,25.943,-80.666667,gbhe,1,""
2001,3,3as,3a,1749,,,25.954667,-80.6845,gbhe,2,""
2001,3,3as,3a,1937,,,25.988,-80.671333,gbhe,1,""
2001,3,3as,3a,932,,,25.850667,-80.672667,greg,6,""
2001,3,3as,3a,1827,,,25.971167,-80.762667,greg,12,""
2001,3,3as,3a,2214,,,26.076333,-80.628833,greg,5,""
2001,3,3as,3a,958,,,25.849333,-80.782,lbhe,7,""
2001,3,3as,3a,1095,,,25.867333,-80.801667,lbhe,35,""
2001,3,3as,3a,1217,robs,Robs,25.889,-80.804333,lbhe,22,""
2001,3,3as,3a,1234,,,25.8885,-80.7005,lbhe,4,""
2001,3,3as,3a,1482,,,25.918167,-80.7735,lbhe,7,""
2001,3,3as,3a,1583,,,25.924667,-80.78,lbhe,50,""
2001,3,3as,3a,1785,,,25.960333,-80.733833,lbhe,1,""
2001,3,3as,3a,1786,,,25.965167,-80.737667,lbhe,18,""
2001,3,3as,3a,1886,,,25.978,-80.741833,lbhe,18,""
2001,3,3as,3a,1993,,,26.002267,-80.729,lbhe,27,""
2001,3,3as,3a,2030,,,26.016333,-80.794333,lbhe,20,""
2001,3,3as,3a,2099,,,26.0345,-80.76,lbhe,1,""
2001,3,3as,3a,2154,,,26.05,-80.782,lbhe,15,""
2001,3,3as,3a,2162,,,26.05365,-80.741667,lbhe,4,""
2001,3,3as,3a,1092,,,25.867667,-80.805,sneg,10,""
2001,3,3as,3a,1095,,,25.867333,-80.801667,sneg,10,""
2001,3,3as,3a,1217,robs,Robs,25.8895,-80.805167,sneg,35,""
2001,3,3as,3a,1217,robs,Robs,25.889,-80.804333,sneg,15,""
2001,3,3as,3a,1327,,,25.891333,-80.803,sneg,30,""
2001,3,3as,3a,1786,,,25.965167,-80.737667,sneg,2,""
2001,3,3as,3a,1886,,,25.978,-80.741833,sneg,2,""
2001,3,3as,3a,1222,fontana,FONTANA,25.888333,-80.770667,trhe,6,""
2001,3,3as,3a,1319,,,25.893667,-80.774333,trhe,1,""
2001,3,3as,3a,1734,,,25.958,-80.7225,trhe,6,""
2001,3,3as,3a,2162,,,26.05365,-80.741667,trhe,4,""
2001,3,3ase,3a,2174,,,26.054867,-80.466167,gbhe,1,""
2001,3,3ase,3a,2175,,,26.0554,-80.464333,gbhe,1,""
2001,3,3b,3b,619,,,25.814667,-80.602333,greg,23,""
2001,3,3b,3b,912,,,25.846,-80.520333,greg,15,""
2001,3,3b,3b,918,,,25.846667,-80.5275,greg,9,""
2001,3,3b,3b,922,,,25.846833,-80.530833,greg,12,""
2001,3,3b,3b,1135,,,25.866333,-80.5135,greg,12,""
2001,3,3b,,1137,,,25.866667,-80.5,greg,5,""
2001,3,3b,3b,1264,,,25.8955,-80.510833,greg,7,""
2001,3,3b,3b,1268,,,25.892,-80.5165,greg,8,""
2001,3,3b,3a,1386,,,25.900667,-80.527667,greg,20,""
2001,3,3b,3a,1767,,,25.953833,-80.474333,greg,33,""
2002,1,1,1,2564,,5,26.371,-80.348017,anhi,1,""
2002,1,1,1,2736,,165,26.5973,-80.308533,anhi,3,""
2002,1,1,1,2766,,160,26.576233,-80.2757,anhi,4,""
2002,1,1,1,2772,,YMIR,26.571467,-80.272067,anhi,4,""
2002,1,1,1,2775,,152,26.564867,-80.279283,anhi,1,""
2002,1,1,1,2785,,145,26.56145,-80.283933,anhi,1,""
2002,1,1,1,2795,,150,26.563517,-80.287667,anhi,1,""
2002,1,1,1,2803,,135,26.555533,-80.2719,anhi,1,""
2002,1,1,1,2808,,140,26.557833,-80.256317,anhi,5,""
2002,1,1,1,2809,,136,26.555567,-80.257433,anhi,1,""
2002,1,1,1,2812,,131,26.549333,-80.251317,anhi,18,""
2002,1,1,1,2815,,128,26.542883,-80.242667,anhi,5,""
2002,1,1,1,2815,,127,26.5424,-80.24225,anhi,1,""
2002,1,1,1,2864,,117,26.513683,-80.270383,anhi,1,""
2002,1,1,1,2902,,110,26.51,-80.324283,anhi,2,""
2002,1,1,1,2914,,111,26.51025,-80.2918,anhi,1,""
2002,1,1,1,2914,,112,26.510667,-80.2917,anhi,1,""
2002,1,1,1,2974,,17,26.408867,-80.247383,anhi,18,""
2002,1,1,1,2978,,15,26.403267,-80.24965,anhi,2,""
2002,1,1,1,2979,,16,26.408167,-80.267933,anhi,1,""
2002,1,1,1,3011,,18,26.415883,-80.2455,anhi,1,""
2002,1,1,1,3016,,20,26.419333,-80.246317,anhi,1,""
2002,1,1,1,3018,,21,26.421567,-80.244667,anhi,3,""
2002,1,1,1,3037,,22,26.426517,-80.377033,anhi,1,""
2002,1,1,1,3038,,19,26.41835,-80.3713,anhi,1,""
2002,1,1,1,3045,,23,26.430117,-80.36085,anhi,1,""
2002,1,1,1,3047,,26,26.433683,-80.3542,anhi,1,""
2002,1,1,1,3095,,31,26.437467,-80.366483,anhi,15,""
2002,1,1,1,3103,,29,26.43665,-80.382433,anhi,2,""
2002,1,1,1,3110,,40,26.44635,-80.383317,anhi,2,""
2002,1,1,1,3112,,42,26.447,-80.379083,anhi,3,""
2002,1,1,1,3113,,47,26.451817,-80.3796,anhi,1,""
2002,1,1,1,3122,,39,26.445533,-80.347617,anhi,1,""
2002,1,1,1,3125,,38,26.444683,-80.3379,anhi,1,""
2002,1,1,1,3126,,35,26.4444,-80.30785,anhi,1,""
2002,1,1,1,3131,volta_west,Volta west,26.44665,-80.2762,anhi,1,""
2002,1,1,1,3135,,43,26.447083,-80.269517,anhi,1,""
2002,1,1,1,3138,,34,26.444333,-80.264917,anhi,7,""
2002,1,1,1,3174,,62,26.4631,-80.2461,anhi,6,""
2002,1,1,1,3174,,63,26.46355,-80.245367,anhi,3,""
2002,1,1,1,3181,,48,26.452617,-80.260917,anhi,2,""
2002,1,1,1,3218,,64,26.463717,-80.373333,anhi,1,""
2002,1,1,1,3244,,77,26.472933,-80.244267,anhi,1,""
2002,1,1,1,3249,,74,26.469483,-80.252683,anhi,3,""
2002,1,1,1,3270,,76,26.4725,-80.29915,anhi,1,""
2002,1,1,1,3281,,70,26.46855,-80.382333,anhi,1,""
2002,1,1,1,3283,,81,26.4753,-80.377117,anhi,1,""
2002,1,1,1,3294,,84,26.479067,-80.30375,anhi,1,""
2002,1,1,1,3309,,91,26.48345,-80.24545,anhi,1,""
2002,1,1,1,3315,,83,26.477283,-80.238567,anhi,1,""
2002,1,1,1,3343,,95,26.488283,-80.363217,anhi,4,""
2002,1,1,1,3375,,153,26.566083,-80.260083,anhi,15,""
2002,1,1,1,3398,,30,26.436767,-80.268017,anhi,1,""
2002,1,1,1,2760,,161,26.577417,-80.291683,bcnh,6,""
2002,1,1,1,2881,,109,26.505,-80.379983,bcnh,1,""
2002,1,1,1,2828,,123,26.533333,-80.295,caeg,35,""
2002,1,1,1,2736,,165,26.5973,-80.308533,gbhe,1,""
2002,1,1,1,2737,,163,26.596833,-80.312567,gbhe,2,""
2002,1,1,1,2739,,166,26.597367,-80.3145,gbhe,2,""
2002,1,1,1,2740,,167,26.59825,-80.315567,gbhe,1,""
2002,1,1,1,2761,,162,26.577733,-80.29,gbhe,1,""
2002,1,1,1,2763,,159,26.5749,-80.2936,gbhe,1,""
2002,1,1,1,2766,,160,26.576233,-80.2757,gbhe,1,""
2002,1,1,1,2769,,155,26.5705,-80.2783,gbhe,1,""
2002,1,1,1,2772,,YMIR,26.571467,-80.272067,gbhe,1,""
2002,1,1,1,2773,,154,26.568117,-80.269917,gbhe,1,""
2002,1,1,1,2780,,142,26.559867,-80.285633,gbhe,1,""
2002,1,1,1,2784,,144,26.561183,-80.2859,gbhe,1,""
2002,1,1,1,2785,,145,26.56145,-80.283933,gbhe,1,""
2002,1,1,1,2789,,146,26.56145,-80.303917,gbhe,1,""
2002,1,1,1,2791,,151,26.564383,-80.288317,gbhe,2,""
2002,1,1,1,2792,,148,26.562783,-80.2877,gbhe,1,""
2002,1,1,1,2794,,149,26.5631,-80.284967,gbhe,1,""
2002,1,1,1,2795,,150,26.563517,-80.287667,gbhe,2,""
2002,1,1,1,2797,,139,26.5576,-80.283633,gbhe,1,""
2002,1,1,1,2798,,132,26.54995,-80.273617,gbhe,1,""
2002,1,1,1,2805,,134,26.55475,-80.26035,gbhe,1,""
2002,1,1,1,2808,,137,26.557317,-80.257417,gbhe,1,""
2002,1,1,1,2808,,140,26.557833,-80.256317,gbhe,1,""
2002,1,1,1,2808,,138,26.557467,-80.25585,gbhe,1,""
2002,1,1,1,2812,,131,26.549333,-80.251317,gbhe,1,""
2002,1,1,1,2813,,129,26.5452,-80.243283,gbhe,3,""
2002,1,1,1,2815,,128,26.542883,-80.242667,gbhe,1,""
2002,1,1,1,2815,,127,26.5424,-80.24225,gbhe,1,""
2002,1,1,1,2816,,130,26.548967,-80.263517,gbhe,1,""
2002,1,1,1,2821,,124,26.537617,-80.262433,gbhe,3,""
2002,1,1,1,2831,,125,26.539083,-80.3116,gbhe,1,""
2002,1,1,1,2849,,121,26.528917,-80.268817,gbhe,1,""
2002,1,1,1,2920,,113,26.510817,-80.2629,gbhe,2,""
2002,1,1,1,2922,,115,26.511983,-80.257967,gbhe,1,""
2002,1,1,1,2939,,104,26.495167,-80.252867,gbhe,1,""
2002,1,1,1,2974,,17,26.408867,-80.247383,gbhe,2,""
2002,1,1,1,3047,,26,26.433683,-80.3542,gbhe,1,""
2002,1,1,1,3047,,26,26.433683,-80.3542,gbhe,1,""
2002,1,1,1,3049,,25,26.432683,-80.3199,gbhe,1,""
2002,1,1,1,3054,,24,26.430567,-80.30105,gbhe,1,""
2002,1,1,1,3056,,27,26.43515,-80.311,gbhe,1,""
2002,1,1,1,3084,,28,26.4357,-80.27485,gbhe,1,""
2002,1,1,1,3112,,42,26.447,-80.379083,gbhe,1,""
2002,1,1,1,3121,,45,26.449517,-80.352917,gbhe,1,""
2002,1,1,1,3127,,44,26.447767,-80.2957,gbhe,1,""
2002,1,1,1,3130,,46,26.4506,-80.282783,gbhe,1,""
2002,1,1,1,3138,,37,26.444533,-80.265533,gbhe,1,""
2002,1,1,1,3138,,34,26.444333,-80.264917,gbhe,1,""
2002,1,1,1,3182,,53,26.455433,-80.275167,gbhe,1,""
2002,1,1,1,3186,,56,26.457067,-80.284933,gbhe,1,""
2002,1,1,1,3189,,49,26.452683,-80.29505,gbhe,1,""
2002,1,1,1,3190,,51,26.453617,-80.291783,gbhe,1,""
2002,1,1,1,3191,,52,26.45495,-80.295317,gbhe,1,""
2002,1,1,1,3194,,54,26.455483,-80.305883,gbhe,1,""
2002,1,1,1,3222,,75,26.469567,-80.367067,gbhe,1,""
2002,1,1,1,3222,,73,26.4691,-80.366283,gbhe,1,""
2002,1,1,1,3238,,65,26.465017,-80.244983,gbhe,3,""
2002,1,1,1,3249,,71,26.468683,-80.252833,gbhe,3,""
2002,1,1,1,3250,,69,26.468417,-80.2542,gbhe,1,""
2002,1,1,1,3274,,72,26.469,-80.328783,gbhe,1,""
2002,1,1,1,3278,,79,26.474783,-80.359517,gbhe,1,""
2002,1,1,1,3289,,90,26.483233,-80.355133,gbhe,1,""
2002,1,1,1,3309,,91,26.48345,-80.24545,gbhe,1,""
2002,1,1,1,3310,,89,26.48205,-80.245783,gbhe,1,""
2002,1,1,1,3323,,99,26.491817,-80.306,gbhe,1,""
2002,1,1,1,3325,,108,26.500067,-80.311383,gbhe,1,""
2002,1,1,1,3328,,103,26.494633,-80.316067,gbhe,1,""
2002,1,1,1,3329,,107,26.499067,-80.329167,gbhe,1,""
2002,1,1,1,3332,,105,26.4959,-80.35505,gbhe,2,""
2002,1,1,1,3332,,106,26.496883,-80.354617,gbhe,3,""
2002,1,1,1,3362,,93,26.485433,-80.365967,gbhe,1,""
2002,1,1,1,3362,,94,26.485617,-80.365583,gbhe,1,""
2002,1,1,1,3364,,92,26.484133,-80.361617,gbhe,1,""
2002,1,1,1,3365,,87,26.481233,-80.365617,gbhe,1,""
2002,1,1,1,3367,,85,26.479233,-80.368117,gbhe,1,""
2002,1,1,1,3368,,82,26.4765,-80.367683,gbhe,2,""
2002,1,1,1,3374,,141,26.558833,-80.261817,gbhe,1,""
2002,1,1,1,3397,,33,26.44165,-80.267833,gbhe,1,""
2002,1,1,1,3310,,89,26.48205,-80.245783,glib,1,""
2002,1,1,1,2570,,6,26.371667,-80.261667,greg,35,""
2002,1,1,1,2754,,116,26.512667,-80.437,greg,15,""
2002,1,1,1,2757,,118,26.5235,-80.437667,greg,30,""
2002,1,1,1,2760,,161,26.577417,-80.291683,greg,2,""
2002,1,1,1,2772,,YMIR,26.571467,-80.272067,greg,10,""
2002,1,1,1,2809,,136,26.555567,-80.257433,greg,4,""
2002,1,1,1,2812,,131,26.549333,-80.251317,greg,4,""
2002,1,1,1,2974,,17,26.408867,-80.247383,greg,1,""
2002,1,1,1,3181,,48,26.452617,-80.260917,greg,27,""
2002,1,1,1,3280,,80,26.475,-80.3755,greg,21,""
2002,1,1,1,2723,,171,26.621367,-80.33055,lbhe,10,""
2002,1,1,1,2728,,170,26.608667,-80.3112,lbhe,9,""
2002,1,1,1,2729,,169,26.607117,-80.311017,lbhe,28,""
2002,1,1,1,2735,,168,26.59935,-80.307617,lbhe,30,""
2002,1,1,1,2760,,161,26.577417,-80.291683,lbhe,55,""
2002,1,1,1,2771,,158,26.571967,-80.274767,lbhe,17,""
2002,1,1,1,2771,,157,26.571783,-80.274583,lbhe,19,""
2002,1,1,1,2779,,143,26.560733,-80.28335,lbhe,4,""
2002,1,1,1,2790,,147,26.562433,-80.305333,lbhe,55,""
2002,1,1,1,2822,,126,26.539283,-80.268483,lbhe,18,""
2002,1,1,1,2836,,119,26.52425,-80.355683,lbhe,42,""
2002,1,1,1,2841,,120,26.526167,-80.319083,lbhe,26,""
2002,1,1,1,2889,,114,26.511617,-80.359683,lbhe,40,""
2002,1,1,1,2939,,104,26.495167,-80.252867,lbhe,45,""
2002,1,1,1,2941,,102,26.492667,-80.274933,lbhe,75,""
2002,1,1,1,2974,,17,26.408867,-80.247383,lbhe,23,""
2002,1,1,1,3038,,19,26.41835,-80.3713,lbhe,1,""
2002,1,1,1,3103,,29,26.43665,-80.382433,lbhe,57,""
2002,1,1,1,3104,,32,26.439117,-80.383317,lbhe,45,""
2002,1,1,1,3125,,38,26.444683,-80.3379,lbhe,53,""
2002,1,1,1,3131,volta_west,Volta west,26.44665,-80.2762,lbhe,150,""
2002,1,1,1,3174,,63,26.46355,-80.245367,lbhe,3,""
2002,1,1,1,3217,wonton,Wonton,26.462,-80.372517,lbhe,78,""
2002,1,1,1,3218,,64,26.463717,-80.373333,lbhe,1,""
2002,1,1,1,3243,,78,26.474633,-80.24435,lbhe,2,""
2002,1,1,1,3249,,74,26.469483,-80.252683,lbhe,30,""
2002,1,1,1,3310,,89,26.48205,-80.245783,lbhe,22,""
2002,1,1,1,3332,,106,26.496883,-80.354617,lbhe,1,""
2002,1,1,1,3346,,100,26.4921,-80.37225,lbhe,80,""
2002,1,1,1,2752,,96,26.4905,-80.438333,sneg,26,""
2002,1,1,1,2974,,17,26.408867,-80.247383,sneg,1,""
2002,1,1,1,3217,wonton,Wonton,26.462,-80.372517,sneg,10,""
2002,1,1,1,2752,,96,26.4905,-80.438333,trhe,1,""
2002,1,1,1,2760,,161,26.577417,-80.291683,trhe,4,""
2002,1,1,1,2809,,136,26.555567,-80.257433,trhe,1,""
2002,1,1,1,2841,,120,26.526167,-80.319083,trhe,1,""
2002,1,1,1,2889,,114,26.511617,-80.359683,trhe,1,""
2002,1,1,1,2939,,104,26.495167,-80.252867,trhe,5,""
2002,1,1,1,2941,,101,26.492667,-80.274933,trhe,2,""
2002,1,1,1,2974,,17,26.408867,-80.247383,trhe,1,""
2002,1,1,1,3104,,32,26.439117,-80.383317,trhe,1,""
2002,1,1,1,3174,,63,26.46355,-80.245367,trhe,2,""
2002,1,1,1,3217,wonton,Wonton,26.462,-80.372517,trhe,1,""
2002,1,1,1,3310,,89,26.48205,-80.245783,trhe,12,""
2002,1,1,1,3346,,100,26.4921,-80.37225,trhe,1,""
2002,2,2a,1,2553,,2,26.350667,-80.406833,greg,32,""
2002,2,2a,,2544,,east square,26.314,-80.3375,lbhe,100,""
2002,3,3as,,82,,383,25.775967,-80.79625,anhi,1,""
2002,3,3as,,87,,390,25.77205,-80.790933,anhi,6,""
2002,3,3as,,149,,388,25.773883,-80.730767,anhi,1,""
2002,3,3as,,156,,379,25.77675,-80.711533,anhi,1,""
2002,3,3as,,158,,376,25.777367,-80.71005,anhi,3,""
2002,3,3as,,164,,370,25.778767,-80.702283,anhi,5,""
2002,3,3as,,172,,374,25.7775,-80.69365,anhi,2,""
2002,3,3as,,231,,363,25.780583,-80.709583,anhi,1,""
2002,3,3as,,233,,369,25.77955,-80.71475,anhi,2,""
2002,3,3as,,237,,353,25.7848,-80.7276,anhi,2,""
2002,3,3as,,237,,352,25.784917,-80.7274,anhi,3,""
2002,3,3as,,238,,368,25.7796,-80.728233,anhi,4,""
2002,3,3as,,305,,366,25.779733,-80.7928,anhi,1,""
2002,3,3as,,308,,357,25.78415,-80.806367,anhi,1,""
2002,3,3as,,373,,345,25.78925,-80.76205,anhi,2,""
2002,3,3as,,383,,343,25.792917,-80.73145,anhi,1,""
2002,3,3as,,398,,346,25.7886,-80.709517,anhi,1,""
2002,3,3as,,441,,332,25.79825,-80.675,anhi,2,""
2002,3,3as,,448,,333,25.796667,-80.686983,anhi,9,""
2002,3,3as,,477,,329,25.801783,-80.7524,anhi,2,""
2002,3,3as,,527,,311,25.810283,-80.80825,anhi,2,""
2002,3,3as,,531,,321,25.806433,-80.796283,anhi,3,""
2002,3,3as,,551,,327,25.803883,-80.7219,anhi,3,""
2002,3,3as,,556,,310,25.81035,-80.7215,anhi,2,""
2002,3,3as,,567,,326,25.804167,-80.708533,anhi,1,""
2002,3,3as,,570,,313,25.809983,-80.706283,anhi,1,""
2002,3,3as,,571,,315,25.808533,-80.705917,anhi,1,""
2002,3,3as,,785,,291,25.82775,-80.675783,anhi,1,""
2002,3,3as,,841,,280,25.8407,-80.785567,anhi,3,""
2002,3,3as,,849,,286,25.83625,-80.755583,anhi,1,""
2002,3,3as,,874,,287,25.83425,-80.678167,anhi,3,""
2002,3,3as,,932,,264,25.850733,-80.673517,anhi,11,""
2002,3,3as,,948,,265,25.848083,-80.714267,anhi,1,""
2002,3,3as,,977,,249,25.858467,-80.793367,anhi,5,""
2002,3,3as,,977,,250,25.858433,-80.793267,anhi,6,""
2002,3,3as,,978,,252,25.858017,-80.789917,anhi,1,""
2002,3,3as,,1005,,257,25.85505,-80.6814,anhi,9,""
2002,3,3as,,1061,,245,25.864167,-80.749917,anhi,5,""
2002,3,3as,,1102,,243,25.866083,-80.783683,anhi,1,""
2002,3,3as,,1121,,240,25.868983,-80.661167,anhi,3,""
2002,3,3as,,1121,,241,25.868583,-80.66035,anhi,3,""
2002,3,3as,,1155,,231,25.877383,-80.7056,anhi,2,""
2002,3,3as,,1155,,230,25.877467,-80.7053,anhi,1,""
2002,3,3as,,1175,,236,25.874467,-80.73535,anhi,1,""
2002,3,3as,,1186,,221,25.8814,-80.774,anhi,5,""
2002,3,3as,,1209,,218,25.8834,-80.8115,anhi,1,""
2002,3,3as,3a,1222,fontana,FONTANA,25.888,-80.770767,anhi,16,""
2002,3,3as,,1224,,215,25.884383,-80.76075,anhi,1,""
2002,3,3as,,1225,,214,25.8851,-80.750567,anhi,5,""
2002,3,3as,,1295,,194,25.897117,-80.704167,anhi,2,""
2002,3,3as,,1302,,196,25.896117,-80.714017,anhi,1,""
2002,3,3as,,1321,,195,25.897,-80.7816,anhi,1,""
2002,3,3as,,1350,,189,25.901233,-80.741017,anhi,2,""
2002,3,3as,,1355,,188,25.90155,-80.7385,anhi,3,""
2002,3,3as,,1364,,184,25.9053,-80.678967,anhi,3,""
2002,3,3as,,1400,,176,25.91375,-80.66135,anhi,3,""
2002,3,3as,,1410,,182,25.90825,-80.70425,anhi,4,""
2002,3,3as,,1416,,172,25.914667,-80.722767,anhi,2,""
2002,3,3as,,1466,,174,25.914317,-80.7912,anhi,8,""
2002,3,3as,,1476,,156,25.9234,-80.79935,anhi,1,""
2002,3,3as,,1480,,165,25.916617,-80.783417,anhi,1,""
2002,3,3as,,1510,,158,25.921517,-80.675783,anhi,5,""
2002,3,3as,,1514,,161,25.920967,-80.6617,anhi,1,""
2002,3,3as,,1534,,141,25.93205,-80.675883,anhi,4,""
2002,3,3as,,1537,,400,25.9296,-80.6798,anhi,2,""
2002,3,3as,,1542,,148,25.928733,-80.68745,anhi,1,""
2002,3,3as,,1545,,146,25.929583,-80.693917,anhi,2,""
2002,3,3as,,1547,,153,25.924917,-80.70425,anhi,4,""
2002,3,3as,,1585,,144,25.9309,-80.799467,anhi,4,""
2002,3,3as,,1599,,135,25.9386,-80.765083,anhi,1,""
2002,3,3as,,1607,,127,25.939867,-80.745033,anhi,2,""
2002,3,3as,,1615,,137,25.937283,-80.718133,anhi,3,""
2002,3,3as,,1619,,129,25.93975,-80.707533,anhi,2,""
2002,3,3as,,1624,,125,25.940317,-80.681067,anhi,2,""
2002,3,3as,,1654,,120,25.943133,-80.666833,anhi,3,""
2002,3,3as,,1655,,117,25.945283,-80.674017,anhi,4,""
2002,3,3as,,1661,,121,25.942067,-80.6804,anhi,1,""
2002,3,3as,,1688,,123,25.941667,-80.747267,anhi,3,""
2002,3,3as,,1714,,106,25.955583,-80.772833,anhi,1,""
2002,3,3as,,1714,,108,25.9552,-80.772733,anhi,1,""
2002,3,3as,,1727,,112,25.95095,-80.729817,anhi,5,""
2002,3,3as,,1751,,104,25.95625,-80.679783,anhi,1,""
2002,3,3as,,1758,,113,25.9508,-80.667583,anhi,2,""
2002,3,3as,,1777,,97,25.9649,-80.649583,anhi,5,""
2002,3,3as,,1787,,95,25.966467,-80.740767,anhi,1,""
2002,3,3as,,1791,,98,25.964483,-80.75305,anhi,2,""
2002,3,3as,,1792,,99,25.964183,-80.769867,anhi,5,""
2002,3,3as,,1826,,93,25.968917,-80.763283,anhi,2,""
2002,3,3as,,1833,,94,25.968583,-80.7454,anhi,1,""
2002,3,3as,,1850,,89,25.971833,-80.68095,anhi,5,""
2002,3,3as,,1872,,76,25.97935,-80.654567,anhi,5,""
2002,3,3as,,1888,,75,25.980117,-80.75705,anhi,3,""
2002,3,3as,,1895,,71,25.980717,-80.800083,anhi,7,""
2002,3,3as,,1895,,72,25.980667,-80.799367,anhi,2,""
2002,3,3as,,1918,,66,25.991,-80.77445,anhi,2,""
2002,3,3as,,1920,,68,25.98495,-80.7604,anhi,1,""
2002,3,3as,,1966,,61,25.995417,-80.730783,anhi,3,""
2002,3,3as,,1993,,55,26.0021,-80.728967,anhi,3,""
2002,3,3as,,2123,,39,26.0457,-80.648783,anhi,3,""
2002,3,3as,,2134,,41,26.043833,-80.722617,anhi,3,""
2002,3,3as,,2245,,21,26.096,-80.659933,anhi,1,""
2002,3,3as,,2300,,14,26.107833,-80.799333,anhi,3,""
2002,3,3as,,2301,,10,26.11695,-80.752967,anhi,3,""
2002,3,3as,,2308,,11,26.114167,-80.651883,anhi,3,""
2002,3,3as,,2389,,7,26.127433,-80.724033,anhi,3,""
2002,3,3as,,2561,,1,25.987583,-80.707033,anhi,3,""
2002,3,3as,,1104,,239,25.87325,-80.78175,bcnh,1,""
2002,3,3as,,1485,,157,25.921867,-80.75535,bcnh,3,""
2002,3,3as,,1671,,116,25.9462,-80.730467,bcnh,1,""
2002,3,3as,,1786,,96,25.965083,-80.737483,bcnh,2,""
2002,3,3as,,1791,,98,25.964483,-80.75305,bcnh,3,""
2002,3,3as,,1836,,91,25.971283,-80.728883,bcnh,3,""
2002,3,3as,,1884,,70,25.982367,-80.735083,bcnh,3,""
2002,3,3as,,1888,,75,25.980117,-80.75705,bcnh,1,""
2002,3,3as,,1895,,72,25.980667,-80.799367,bcnh,2,""
2002,3,3as,,1906,,69,25.9834,-80.81285,bcnh,1,""
2002,3,3as,,1920,,68,25.98495,-80.7604,bcnh,1,""
2002,3,3as,,1966,,60,25.9961,-80.731317,bcnh,3,""
2002,3,3as,,1966,,61,25.995417,-80.730783,bcnh,2,""
2002,3,3as,,1992,,56,26.0011,-80.7329,bcnh,6,""
2002,3,3as,,1993,,55,26.0021,-80.728967,bcnh,1,""
2002,3,3as,,2065,,50,26.026883,-80.656333,bcnh,5,""
2002,3,3as,,2067,,47,26.031867,-80.6824,bcnh,28,""
2002,3,3as,,2103,,45,26.038517,-80.7359,bcnh,1,""
2002,3,3as,,2109,,48,26.03125,-80.660917,bcnh,6,""
2002,3,3as,,2123,,39,26.0457,-80.648783,bcnh,1,""
2002,3,3as,,2161,,36,26.05165,-80.740167,bcnh,4,""
2002,3,3as,,2177,,32,26.057217,-80.633017,bcnh,1,""
2002,3,3as,,2209,,29,26.069617,-80.63495,bcnh,2,""
2002,3,3as,,2219,,28,26.07395,-80.692633,bcnh,5,""
2002,3,3as,,2285,,15,26.105683,-80.70105,bcnh,4,""
2002,3,3as,,2300,,14,26.107833,-80.799333,bcnh,4,""
2002,3,3as,,2561,,1,25.987583,-80.707033,bcnh,2,""
2002,3,3as,,3413,,52,26.017083,-80.701233,bcnh,2,""
2002,3,3as,,2300,,14,26.107833,-80.799333,caeg,8,""
2002,3,3as,,2389,,7,26.127433,-80.724033,caeg,12,""
2002,3,3as,,24,,395,25.768883,-80.7276,gbhe,1,""
2002,3,3as,,32,,396,25.76855,-80.785067,gbhe,1,""
2002,3,3as,,39,,397,25.76815,-80.797633,gbhe,1,""
2002,3,3as,,41,,393,25.770683,-80.799133,gbhe,3,""
2002,3,3as,,82,,383,25.775967,-80.79625,gbhe,1,""
2002,3,3as,,83,,387,25.774083,-80.793933,gbhe,1,""
2002,3,3as,,87,,390,25.77205,-80.790933,gbhe,1,""
2002,3,3as,,89,,389,25.77295,-80.792183,gbhe,1,""
2002,3,3as,,94,,372,25.778017,-80.786583,gbhe,1,""
2002,3,3as,,96,,375,25.777417,-80.783933,gbhe,1,""
2002,3,3as,,121,,386,25.7741,-80.7617,gbhe,1,""
2002,3,3as,,135,,381,25.776117,-80.75065,gbhe,1,""
2002,3,3as,,138,,380,25.776217,-80.745867,gbhe,1,""
2002,3,3as,,141,,384,25.774417,-80.7334,gbhe,1,""
2002,3,3as,,144,,373,25.777567,-80.732867,gbhe,1,""
2002,3,3as,,149,,388,25.773883,-80.730767,gbhe,1,""
2002,3,3as,,156,,379,25.77675,-80.711533,gbhe,1,""
2002,3,3as,,158,,376,25.777367,-80.71005,gbhe,1,""
2002,3,3as,,172,,374,25.7775,-80.69365,gbhe,1,""
2002,3,3as,,231,,363,25.780583,-80.709583,gbhe,1,""
2002,3,3as,,233,,369,25.77955,-80.71475,gbhe,1,""
2002,3,3as,,236,,355,25.784333,-80.72715,gbhe,1,""
2002,3,3as,,237,,353,25.7848,-80.7276,gbhe,1,""
2002,3,3as,,237,,352,25.784917,-80.7274,gbhe,1,""
2002,3,3as,,238,,368,25.7796,-80.728233,gbhe,1,""
2002,3,3as,,247,,371,25.778433,-80.742133,gbhe,1,""
2002,3,3as,,265,,350,25.78685,-80.75665,gbhe,1,""
2002,3,3as,,267,,351,25.786067,-80.76215,gbhe,1,""
2002,3,3as,,268,,356,25.7843,-80.76,gbhe,1,""
2002,3,3as,,272,,358,25.781617,-80.759283,gbhe,1,""
2002,3,3as,,273,,359,25.7816,-80.759683,gbhe,1,""
2002,3,3as,,274,,360,25.781217,-80.761233,gbhe,1,""
2002,3,3as,,275,,364,25.780567,-80.760917,gbhe,1,""
2002,3,3as,,300,,365,25.780033,-80.787117,gbhe,1,""
2002,3,3as,,305,,366,25.779733,-80.7928,gbhe,1,""
2002,3,3as,,308,,357,25.78415,-80.806367,gbhe,1,""
2002,3,3as,,312,,354,25.7845,-80.811117,gbhe,1,""
2002,3,3as,,352,,347,25.788167,-80.77595,gbhe,1,""
2002,3,3as,,371,,349,25.787033,-80.7678,gbhe,1,""
2002,3,3as,,373,,345,25.78925,-80.76205,gbhe,3,""
2002,3,3as,,381,,341,25.794333,-80.7375,gbhe,1,""
2002,3,3as,,383,,343,25.792917,-80.73145,gbhe,1,""
2002,3,3as,,398,,346,25.7886,-80.709517,gbhe,1,""
2002,3,3as,,441,,332,25.79825,-80.675,gbhe,1,""
2002,3,3as,,448,,333,25.796667,-80.686983,gbhe,5,""
2002,3,3as,,451,,337,25.79585,-80.68885,gbhe,1,""
2002,3,3as,,477,,329,25.801783,-80.7524,gbhe,1,""
2002,3,3as,,505,,336,25.7963,-80.806983,gbhe,1,""
2002,3,3as,,524,,323,25.805033,-80.807467,gbhe,1,""
2002,3,3as,,527,,311,25.810283,-80.80825,gbhe,1,""
2002,3,3as,,531,,321,25.806433,-80.796283,gbhe,1,""
2002,3,3as,,534,,317,25.806933,-80.79065,gbhe,1,""
2002,3,3as,,534,,318,25.806933,-80.79045,gbhe,1,""
2002,3,3as,,538,,324,25.804817,-80.782067,gbhe,1,""
2002,3,3as,,538,,322,25.805117,-80.782033,gbhe,1,""
2002,3,3as,,551,,327,25.803883,-80.7219,gbhe,2,""
2002,3,3as,,556,,310,25.81035,-80.7215,gbhe,1,""
2002,3,3as,,562,,319,25.806667,-80.709683,gbhe,1,""
2002,3,3as,,567,,326,25.804167,-80.708533,gbhe,1,""
2002,3,3as,,570,,313,25.809983,-80.706283,gbhe,1,""
2002,3,3as,,570,,312,25.8101,-80.705917,gbhe,1,""
2002,3,3as,,629,,307,25.8123,-80.676483,gbhe,1,""
2002,3,3as,,670,,304,25.8146,-80.7816,gbhe,2,""
2002,3,3as,,785,,291,25.82775,-80.675783,gbhe,1,""
2002,3,3as,,841,,280,25.8407,-80.785567,gbhe,2,""
2002,3,3as,,849,,286,25.83625,-80.755583,gbhe,1,""
2002,3,3as,,872,,401,25.835433,-80.685367,gbhe,1,""
2002,3,3as,,874,,287,25.83425,-80.678167,gbhe,1,""
2002,3,3as,,880,,284,25.8379,-80.645067,gbhe,2,""
2002,3,3as,,932,,264,25.850733,-80.673517,gbhe,6,""
2002,3,3as,,948,,265,25.848083,-80.714267,gbhe,1,""
2002,3,3as,,952,,266,25.847333,-80.7491,gbhe,1,""
2002,3,3as,,953,,274,25.842033,-80.752983,gbhe,1,""
2002,3,3as,,977,,249,25.858467,-80.793367,gbhe,1,""
2002,3,3as,,977,,250,25.858433,-80.793267,gbhe,1,""
2002,3,3as,,978,,252,25.858017,-80.789917,gbhe,1,""
2002,3,3as,,1005,,257,25.85505,-80.6814,gbhe,1,""
2002,3,3as,,1061,,245,25.864167,-80.749917,gbhe,1,""
2002,3,3as,,1121,,240,25.868983,-80.661167,gbhe,1,""
2002,3,3as,,1121,,241,25.868583,-80.66035,gbhe,1,""
2002,3,3as,,1155,,231,25.877383,-80.7056,gbhe,1,""
2002,3,3as,,1155,,230,25.877467,-80.7053,gbhe,1,""
2002,3,3as,,1162,,228,25.878117,-80.709217,gbhe,1,""
2002,3,3as,,1174,,235,25.87455,-80.728633,gbhe,1,""
2002,3,3as,,1175,,236,25.874467,-80.73535,gbhe,1,""
2002,3,3as,,1185,,398,25.876933,-80.771083,gbhe,1,""
2002,3,3as,,1186,,221,25.8814,-80.774,gbhe,1,""
2002,3,3as,,1190,,237,25.8743,-80.791233,gbhe,1,""
2002,3,3as,,1194,,223,25.87995,-80.7944,gbhe,1,""
2002,3,3as,,1199,,233,25.875067,-80.798,gbhe,1,""
2002,3,3as,,1209,,218,25.8834,-80.8115,gbhe,1,""
2002,3,3as,,1218,,209,25.888517,-80.800367,gbhe,1,""
2002,3,3as,,1218,,208,25.888733,-80.800183,gbhe,1,""
2002,3,3as,3a,1222,fontana,FONTANA,25.888,-80.770767,gbhe,2,""
2002,3,3as,,1223,,216,25.8843,-80.766383,gbhe,1,""
2002,3,3as,,1224,,215,25.884383,-80.76075,gbhe,1,""
2002,3,3as,,1225,,214,25.8851,-80.750567,gbhe,2,""
2002,3,3as,,1287,,203,25.892983,-80.676717,gbhe,1,""
2002,3,3as,,1295,,194,25.897117,-80.704167,gbhe,1,""
2002,3,3as,,1302,,196,25.896117,-80.714017,gbhe,1,""
2002,3,3as,,1321,,195,25.897,-80.7816,gbhe,1,""
2002,3,3as,,1343,,185,25.904967,-80.755067,gbhe,1,""
2002,3,3as,,1350,,189,25.901233,-80.741017,gbhe,1,""
2002,3,3as,,1355,,188,25.90155,-80.7385,gbhe,1,""
2002,3,3as,,1364,,184,25.9053,-80.678967,gbhe,2,""
2002,3,3as,,1400,,176,25.91375,-80.66135,gbhe,1,""
2002,3,3as,,1408,,183,25.908067,-80.6927,gbhe,1,""
2002,3,3as,,1410,,182,25.90825,-80.70425,gbhe,1,""
2002,3,3as,,1416,,172,25.914667,-80.722767,gbhe,2,""
2002,3,3as,,1452,,177,25.9133,-80.773433,gbhe,1,""
2002,3,3as,,1466,,174,25.914317,-80.7912,gbhe,15,""
2002,3,3as,,1476,,156,25.9234,-80.79935,gbhe,1,""
2002,3,3as,,1476,,155,25.9235,-80.79915,gbhe,1,""
2002,3,3as,,1480,,165,25.916617,-80.783417,gbhe,1,""
2002,3,3as,,1499,,163,25.919583,-80.723817,gbhe,1,""
2002,3,3as,,1510,,158,25.921517,-80.675783,gbhe,1,""
2002,3,3as,,1534,,141,25.93205,-80.675883,gbhe,1,""
2002,3,3as,,1537,,400,25.9296,-80.6798,gbhe,1,""
2002,3,3as,,1542,,148,25.928733,-80.68745,gbhe,1,""
2002,3,3as,,1545,,146,25.929583,-80.693917,gbhe,1,""
2002,3,3as,,1547,,153,25.924917,-80.70425,gbhe,1,""
2002,3,3as,,1548,,139,25.933,-80.713983,gbhe,1,""
2002,3,3as,,1564,,138,25.933083,-80.758483,gbhe,1,""
2002,3,3as,,1580,,140,25.932267,-80.789117,gbhe,1,""
2002,3,3as,,1585,,144,25.9309,-80.799467,gbhe,1,""
2002,3,3as,,1597,,132,25.939367,-80.766667,gbhe,1,""
2002,3,3as,,1599,,135,25.9386,-80.765083,gbhe,1,""
2002,3,3as,,1607,,127,25.939867,-80.745033,gbhe,1,""
2002,3,3as,,1610,,131,25.93965,-80.742467,gbhe,1,""
2002,3,3as,,1619,,129,25.93975,-80.707533,gbhe,1,""
2002,3,3as,,1624,,125,25.940317,-80.681067,gbhe,1,""
2002,3,3as,,1655,,117,25.945283,-80.674017,gbhe,1,""
2002,3,3as,,1661,,121,25.942067,-80.6804,gbhe,1,""
2002,3,3as,,1665,,122,25.942033,-80.689567,gbhe,1,""
2002,3,3as,,1675,,115,25.949117,-80.740567,gbhe,1,""
2002,3,3as,,1688,,123,25.941667,-80.747267,gbhe,1,""
2002,3,3as,,1707,,103,25.957217,-80.8053,gbhe,1,""
2002,3,3as,,1714,,106,25.955583,-80.772833,gbhe,1,""
2002,3,3as,,1714,,108,25.9552,-80.772733,gbhe,1,""
2002,3,3as,,1726,,105,25.956183,-80.753117,gbhe,2,""
2002,3,3as,,1727,,112,25.95095,-80.729817,gbhe,1,""
2002,3,3as,,1751,,104,25.95625,-80.679783,gbhe,1,""
2002,3,3as,,1758,,113,25.9508,-80.667583,gbhe,2,""
2002,3,3as,,1777,,97,25.9649,-80.649583,gbhe,1,""
2002,3,3as,,1786,,96,25.965083,-80.737483,gbhe,1,""
2002,3,3as,,1787,,95,25.966467,-80.740767,gbhe,1,""
2002,3,3as,,1792,,99,25.964183,-80.769867,gbhe,2,""
2002,3,3as,,1815,,85,25.973233,-80.802133,gbhe,1,""
2002,3,3as,,1833,,94,25.968583,-80.7454,gbhe,2,""
2002,3,3as,,1850,,89,25.971833,-80.68095,gbhe,2,""
2002,3,3as,,1872,,76,25.97935,-80.654567,gbhe,1,""
2002,3,3as,,1886,,78,25.978,-80.741933,gbhe,1,""
2002,3,3as,,1888,,75,25.980117,-80.75705,gbhe,1,""
2002,3,3as,,1889,,74,25.98065,-80.760983,gbhe,1,""
2002,3,3as,,1891,,79,25.977333,-80.773117,gbhe,1,""
2002,3,3as,,1895,,71,25.980717,-80.800083,gbhe,1,""
2002,3,3as,,1895,,72,25.980667,-80.799367,gbhe,2,""
2002,3,3as,,1896,,77,25.978783,-80.805283,gbhe,1,""
2002,3,3as,,1918,,66,25.991,-80.77445,gbhe,3,""
2002,3,3as,,1962,,59,25.996667,-80.720617,gbhe,1,""
2002,3,3as,,1962,,58,25.996733,-80.720567,gbhe,1,""
2002,3,3as,,1964,,65,25.991933,-80.726133,gbhe,1,""
2002,3,3as,,1966,,61,25.995417,-80.730783,gbhe,1,""
2002,3,3as,,2065,,50,26.026883,-80.656333,gbhe,1,""
2002,3,3as,,2099,,46,26.0346,-80.760333,gbhe,2,""
2002,3,3as,,2103,,45,26.038517,-80.7359,gbhe,1,""
2002,3,3as,,2133,,399,26.0395,-80.722517,gbhe,1,""
2002,3,3as,,2134,,41,26.043833,-80.722617,gbhe,1,""
2002,3,3as,,2269,,16,26.103017,-80.720317,gbhe,1,""
2002,3,3as,,2301,,10,26.11695,-80.752967,gbhe,2,""
2002,3,3as,,2665,,367,25.779683,-80.975333,gbhe,1,""
2002,3,3as,,2705,,169,25.914967,-80.68825,gbhe,1,""
2002,3,3as,,164,,370,25.778767,-80.702283,greg,1,""
2002,3,3as,,332,,344,25.791,-80.8525,greg,30,""
2002,3,3as,,448,,333,25.796667,-80.686983,greg,30,""
2002,3,3as,,932,,262,25.85075,-80.673567,greg,1,""
2002,3,3as,,1008,,260,25.852667,-80.672167,greg,16,""
2002,3,3as,,1652,,118,25.945,-80.659167,greg,4,""
2002,3,3as,,1844,,92,25.970567,-80.700517,greg,22,""
2002,3,3as,,1851,,81,25.974333,-80.678167,greg,7,""
2002,3,3as,,1942,,67,25.989,-80.573167,greg,11,""
2002,3,3as,,1963,,62,25.995,-80.721667,greg,9,""
2002,3,3as,,1965,,63,25.993667,-80.726333,greg,9,""
2002,3,3as,,1966,,60,25.9961,-80.731317,greg,1,""
2002,3,3as,,2077,,51,26.024667,-80.773333,greg,7,""
2002,3,3as,,2085,,outside cypress,26.038667,-80.828333,greg,35,""
2002,3,3as,,2134,,41,26.043833,-80.722617,greg,1,""
2002,3,3as,,2214,,27,26.076333,-80.628833,greg,27,""
2002,3,3as,,2231,,26,26.084167,-80.793333,greg,6,""
2002,3,3as,,2232,,25,26.087,-80.776917,greg,1,""
2002,3,3as,,2293,,13,26.110833,-80.7525,greg,17,""
2002,3,3as,,2300,,14,26.107833,-80.799333,greg,17,""
2002,3,3as,,2307,,12,26.114,-80.656667,greg,30,""
2002,3,3as,,2308,,11,26.114167,-80.651883,greg,1,""
2002,3,3as,,2309,,8,26.1221,-80.6539,greg,6,""
2002,3,3as,,2389,,7,26.127433,-80.724033,greg,1,""
2002,3,3as,,2401,,3,26.135883,-80.7825,greg,1,""
2002,3,3as,,2561,,1,25.987583,-80.707033,greg,5,""
2002,3,3as,,3417,,80,25.974833,-80.696833,greg,34,""
2002,3,3as,,571,,315,25.808533,-80.705917,lbhe,3,""
2002,3,3as,,583,,325,25.80425,-80.701767,lbhe,6,""
2002,3,3as,,854,,275,25.841867,-80.742167,lbhe,5,""
2002,3,3as,,854,,273,25.842267,-80.7419,lbhe,2,""
2002,3,3as,,874,,287,25.83425,-80.678167,lbhe,1,""
2002,3,3as,,952,,266,25.847333,-80.7491,lbhe,2,""
2002,3,3as,,960,,272,25.845033,-80.79875,lbhe,6,""
2002,3,3as,,1101,,242,25.867933,-80.790717,lbhe,2,""
2002,3,3as,,1102,,243,25.866083,-80.783683,lbhe,7,""
2002,3,3as,,1104,,239,25.87325,-80.78175,lbhe,1,""
2002,3,3as,,1146,,227,25.878533,-80.686783,lbhe,2,""
2002,3,3as,3a,1222,fontana,FONTANA,25.888,-80.770767,lbhe,10,""
2002,3,3as,,1482,,164,25.91805,-80.773367,lbhe,8,""
2002,3,3as,,1485,,157,25.921867,-80.75535,lbhe,2,""
2002,3,3as,,1514,,161,25.920967,-80.6617,lbhe,1,""
2002,3,3as,,1572,,149,25.9275,-80.771167,lbhe,30,""
2002,3,3as,,1586,,145,25.9296,-80.802283,lbhe,16,""
2002,3,3as,,1609,,134,25.939133,-80.7459,lbhe,1,""
2002,3,3as,,1615,,137,25.937283,-80.718133,lbhe,1,""
2002,3,3as,,1654,,120,25.943133,-80.666833,lbhe,2,""
2002,3,3as,,1786,,96,25.965083,-80.737483,lbhe,8,""
2002,3,3as,,1824,,84,25.974033,-80.7724,lbhe,2,""
2002,3,3as,,1825,,83,25.974217,-80.76725,lbhe,7,""
2002,3,3as,,1826,,93,25.968917,-80.763283,lbhe,8,""
2002,3,3as,,1828,,82,25.974233,-80.764117,lbhe,2,""
2002,3,3as,,1836,,91,25.971283,-80.728883,lbhe,1,""
2002,3,3as,,1861,,87,25.972933,-80.648017,lbhe,1,""
2002,3,3as,,1886,,78,25.978,-80.741933,lbhe,1,""
2002,3,3as,,1888,,75,25.980117,-80.75705,lbhe,1,""
2002,3,3as,,1895,,73,25.980667,-80.799367,lbhe,1,""
2002,3,3as,,1906,,69,25.9834,-80.81285,lbhe,40,""
2002,3,3as,,1992,,56,26.0011,-80.7329,lbhe,1,""
2002,3,3as,,1993,,55,26.0021,-80.728967,lbhe,40,""
2002,3,3as,,2030,,53,26.0159,-80.794533,lbhe,15,""
2002,3,3as,,2099,,46,26.0346,-80.760333,lbhe,4,""
2002,3,3as,,2103,,45,26.038517,-80.7359,lbhe,2,""
2002,3,3as,,2123,,39,26.0457,-80.648783,lbhe,4,""
2002,3,3as,,2124,,57,26.041133,-80.66015,lbhe,2,""
2002,3,3as,,2134,,41,26.043833,-80.722617,lbhe,12,""
2002,3,3as,,2161,,36,26.05165,-80.740167,lbhe,5,""
2002,3,3as,,2177,,32,26.057217,-80.633017,lbhe,1,""
2002,3,3as,,2198,,31,26.0658,-80.73595,lbhe,1,""
2002,3,3as,,2209,,29,26.069617,-80.63495,lbhe,8,""
2002,3,3as,,2219,,28,26.07395,-80.692633,lbhe,4,""
2002,3,3as,,2245,,21,26.096,-80.659933,lbhe,2,""
2002,3,3as,,2248,,23,26.092517,-80.711333,lbhe,30,""
2002,3,3as,,2264,,18,26.099767,-80.768083,lbhe,8,""
2002,3,3as,,2271,,20,26.097833,-80.715633,lbhe,2,""
2002,3,3as,,2285,,15,26.105683,-80.70105,lbhe,15,""
2002,3,3as,,2301,,10,26.11695,-80.752967,lbhe,8,""
2002,3,3as,,2308,,11,26.114167,-80.651883,lbhe,2,""
2002,3,3as,,2389,,7,26.127433,-80.724033,lbhe,17,""
2002,3,3as,,2401,,3,26.135883,-80.7825,lbhe,20,""
2002,3,3as,,2561,,1,25.987583,-80.707033,lbhe,2,""
2002,3,3as,,2718,,22,26.0957,-80.626983,lbhe,2,""
2002,3,3as,,1652,,118,25.945,-80.659167,rosp,3,""
2002,3,3as,,1786,,96,25.965083,-80.737483,sneg,1,""
2002,3,3as,,1993,,55,26.0021,-80.728967,sneg,2,""
2002,3,3as,,854,,275,25.841867,-80.742167,trhe,3,""
2002,3,3as,,1459,,181,25.908283,-80.778683,trhe,1,""
2002,3,3as,,1475,,162,25.91995,-80.798783,trhe,6,""
2002,3,3as,,1482,,164,25.91805,-80.773367,trhe,2,""
2002,3,3as,,1514,,161,25.920967,-80.6617,trhe,1,""
2002,3,3as,,1575,,150,25.927117,-80.777567,trhe,4,""
2002,3,3as,,1583,,151,25.92495,-80.781017,trhe,3,""
2002,3,3as,,1636,,124,25.94105,-80.593,trhe,2,""
2002,3,3as,,1699,,114,25.950333,-80.775467,trhe,4,""
2002,3,3as,,1777,,97,25.9649,-80.649583,trhe,1,""
2002,3,3as,,1786,,96,25.965083,-80.737483,trhe,4,""
2002,3,3as,,1791,,98,25.964483,-80.75305,trhe,12,""
2002,3,3as,,1825,,83,25.974217,-80.76725,trhe,2,""
2002,3,3as,,1826,,93,25.968917,-80.763283,trhe,1,""
2002,3,3as,,1850,,89,25.971833,-80.68095,trhe,7,""
2002,3,3as,,1886,,78,25.978,-80.741933,trhe,5,""
2002,3,3as,,1888,,75,25.980117,-80.75705,trhe,1,""
2002,3,3as,,1906,,69,25.9834,-80.81285,trhe,5,""
2002,3,3as,,1962,,59,25.996667,-80.720617,trhe,2,""
2002,3,3as,,1962,,58,25.996733,-80.720567,trhe,8,""
2002,3,3as,,1966,,60,25.9961,-80.731317,trhe,9,""
2002,3,3as,,1966,,61,25.995417,-80.730783,trhe,7,""
2002,3,3as,,1992,,56,26.0011,-80.7329,trhe,2,""
2002,3,3as,,1993,,55,26.0021,-80.728967,trhe,3,""
2002,3,3as,,2030,,53,26.0159,-80.794533,trhe,25,""
2002,3,3as,,2065,,50,26.026883,-80.656333,trhe,4,""
2002,3,3as,,2099,,46,26.0346,-80.760333,trhe,25,""
2002,3,3as,,2123,,39,26.0457,-80.648783,trhe,11,""
2002,3,3as,,2124,,40,26.04515,-80.661783,trhe,3,""
2002,3,3as,,2134,,41,26.043833,-80.722617,trhe,6,""
2002,3,3as,,2141,,43,26.038833,-80.7854,trhe,33,""
2002,3,3as,,2162,,34,26.05365,-80.741567,trhe,9,""
2002,3,3as,,2178,,33,26.055417,-80.643433,trhe,2,""
2002,3,3as,,2209,,30,26.06945,-80.635317,trhe,5,""
2002,3,3as,,2209,,29,26.069617,-80.63495,trhe,4,""
2002,3,3as,,2219,,28,26.07395,-80.692633,trhe,5,""
2002,3,3as,,2232,,25,26.087,-80.776917,trhe,25,""
2002,3,3as,,2245,,21,26.096,-80.659933,trhe,2,""
2002,3,3as,,2248,,23,26.092517,-80.711333,trhe,10,""
2002,3,3as,,2264,,18,26.099767,-80.768083,trhe,7,""
2002,3,3as,,2269,,16,26.103017,-80.720317,trhe,3,""
2002,3,3as,,2271,,19,26.097833,-80.716617,trhe,5,""
2002,3,3as,,2272,,17,26.10075,-80.699267,trhe,5,""
2002,3,3as,,2285,,15,26.105683,-80.70105,trhe,15,""
2002,3,3as,,2308,,11,26.114167,-80.651883,trhe,6,""
2002,3,3as,,2389,,7,26.127433,-80.724033,trhe,10,""
2002,3,3as,,2401,,3,26.135883,-80.7825,trhe,5,""
2002,3,3as,,2402,,2,26.136433,-80.773133,trhe,23,""
2002,3,3as,,2561,,1,25.987583,-80.707033,trhe,6,""
2002,3,3b,,619,,305,25.81445,-80.602833,anhi,4,""
2002,3,3b,,768,,288,25.832633,-80.5038,anhi,1,""
2002,3,3b,,913,,402,25.8489,-80.519617,anhi,6,""
2002,3,3b,,918,,267,25.847217,-80.52755,anhi,12,""
2002,3,3b,,1027,,244,25.86505,-80.515633,anhi,2,""
2002,3,3b,,1140,,225,25.879117,-80.529183,anhi,3,""
2002,3,3b,,881,,276,25.841667,-80.607583,bcnh,13,""
2002,3,3b,,1637,,133,25.939167,-80.530583,bcnh,5,""
2002,3,3b,,617,,302,25.816617,-80.540683,gbhe,1,""
2002,3,3b,,753,,294,25.822733,-80.541417,gbhe,1,""
2002,3,3b,,768,,288,25.832633,-80.5038,gbhe,2,""
2002,3,3b,,905,,277,25.841117,-80.519167,gbhe,1,""
2002,3,3b,,917,diana_old,268,25.84715,-80.523667,gbhe,1,""
2002,3,3b,,918,,267,25.847217,-80.52755,gbhe,1,""
2002,3,3b,,1027,,244,25.86505,-80.515633,gbhe,1,""
2002,3,3b,,1139,,234,25.874883,-80.524033,gbhe,1,""
2002,3,3b,,1269,,200,25.894367,-80.514783,gbhe,1,""
2002,3,3b,,1270,,204,25.892933,-80.5192,gbhe,1,""
2002,3,3b,,1385,,191,25.9001,-80.530833,gbhe,2,""
2002,3,3b,,1521,,154,25.92385,-80.542967,gbhe,5,""
2002,3,3b,,619,,305,25.81445,-80.602833,greg,12,""
2002,3,3b,,619,,303,25.814667,-80.602333,greg,35,""
2002,3,3b,,897,,285,25.837667,-80.53,greg,20,""
2002,3,3b,,900,,Dagon,25.840717,-80.5275,greg,6,""
2002,3,3b,,900,,Dagon,25.840333,-80.527,greg,16,""
2002,3,3b,,913,,402,25.8489,-80.519617,greg,16,""
2002,3,3b,,917,diana_old,268,25.84715,-80.523667,greg,2,""
2002,3,3b,,918,,267,25.847217,-80.52755,greg,2,""
2002,3,3b,,1027,,244,25.86505,-80.515633,greg,12,""
2002,3,3b,,1139,,234,25.874883,-80.524033,greg,1,""
2002,3,3b,,1140,,225,25.879117,-80.529183,greg,7,""
2002,3,3b,,1262,,199,25.895183,-80.50405,greg,5,""
2002,3,3b,,1521,,154,25.92385,-80.542967,greg,1,""
2002,3,3b,,1528,,147,25.929167,-80.519833,greg,30,""
2002,3,3b,,1767,,110,25.953833,-80.474333,greg,16,""
2002,3,3b,,619,,305,25.81445,-80.602833,lbhe,46,""
2002,3,3b,,750,,292,25.825183,-80.622133,lbhe,2,""
2002,3,3b,,881,,276,25.841667,-80.607583,lbhe,2,""
2002,3,3b,,918,,267,25.847217,-80.52755,lbhe,1,""
2002,3,3b,,1270,,204,25.892933,-80.5192,lbhe,2,""
2002,3,3b,,900,,Dagon,25.840717,-80.5275,trhe,2,""
2002,3,3b,,913,,402,25.8489,-80.519617,trhe,1,""
2002,3,3b,,918,,267,25.847217,-80.52755,trhe,15,""
2003,1,1,,2580,,,26.369433,-80.286167,anhi,11,""
2003,1,1,,2581,,,26.368517,-80.287817,anhi,7,""
2003,1,1,,2583,,,26.371067,-80.2892,anhi,1,""
2003,1,1,,2585,,,26.373133,-80.292167,anhi,3,""
2003,1,1,,2586,,,26.372433,-80.29215,anhi,7,""
2003,1,1,,2587,,,26.371933,-80.292617,anhi,1,""
2003,1,1,,2594,,,26.369367,-80.294033,anhi,4,""
2003,1,1,,2596,,,26.36895,-80.29645,anhi,4,""
2003,1,1,,2599,,,26.371383,-80.300417,anhi,6,""
2003,1,1,,2601,,,26.372733,-80.301583,anhi,8,""
2003,1,1,,2602,,,26.373467,-80.3042,anhi,3,""
2003,1,1,,2602,,,26.37375,-80.304033,anhi,5,""
2003,1,1,,2603,,,26.371783,-80.303,anhi,6,""
2003,1,1,,2612,,,26.375483,-80.323667,anhi,2,""
2003,1,1,,2614,,,26.375633,-80.3204,anhi,2,""
2003,1,1,,2616,,,26.37835,-80.31985,anhi,5,""
2003,1,1,,2618,,,26.3825,-80.3102,anhi,2,""
2003,1,1,,2619,,,26.38285,-80.303383,anhi,6,""
2003,1,1,,2620,,,26.381267,-80.304383,anhi,35,""
2003,1,1,,2621,,,26.379633,-80.303533,anhi,1,""
2003,1,1,,2622,,,26.3793,-80.302583,anhi,1,""
2003,1,1,,2623,,,26.377217,-80.301267,anhi,6,""
2003,1,1,,2625,,,26.3788,-80.299,anhi,2,""
2003,1,1,,2645,,,26.3786,-80.254417,anhi,4,""
2003,1,1,,2646,,,26.377133,-80.253133,anhi,7,""
2003,1,1,,2652,,,26.3852,-80.311533,anhi,4,""
2003,1,1,,2654,,,26.387583,-80.309,anhi,6,""
2003,1,1,,2655,,,26.38905,-80.309817,anhi,1,""
2003,1,1,,2660,,,26.390317,-80.336633,anhi,1,""
2003,1,1,,2661,,,26.3911,-80.338467,anhi,4,""
2003,1,1,,2743,,,26.584567,-80.285517,anhi,1,""
2003,1,1,,2760,,,26.57795,-80.291417,anhi,2,""
2003,1,1,,2766,,,26.575967,-80.275633,anhi,1,""
2003,1,1,,2767,,,26.5744,-80.275583,anhi,2,""
2003,1,1,,2812,,,26.549933,-80.251083,anhi,9,""
2003,1,1,,2813,,,26.545283,-80.2436,anhi,3,""
2003,1,1,,2815,,,26.542967,-80.242867,anhi,1,""
2003,1,1,1,2818,lox_east,lox east,26.540717,-80.23525,anhi,30,""
2003,1,1,,2842,,,26.52785,-80.28305,anhi,1,""
2003,1,1,,2864,,,26.51525,-80.270833,anhi,1,""
2003,1,1,,2868,,,26.5194,-80.318783,anhi,1,""
2003,1,1,,2902,,,26.510133,-80.324233,anhi,2,""
2003,1,1,,2915,,,26.511883,-80.29255,anhi,1,""
2003,1,1,,2935,,,26.488483,-80.24715,anhi,1,""
2003,1,1,,2939,,,26.494717,-80.253117,anhi,7,""
2003,1,1,,2954,,,26.3982,-80.339667,anhi,1,""
2003,1,1,,2959,,,26.3955,-80.31245,anhi,1,""
2003,1,1,,2960,,,26.395283,-80.310567,anhi,1,""
2003,1,1,,2960,,,26.39465,-80.310383,anhi,3,""
2003,1,1,,2960,,,26.394233,-80.310283,anhi,1,""
2003,1,1,,2963,,,26.399183,-80.283117,anhi,1,""
2003,1,1,1,2967,2967,Venus,26.394383,-80.252583,anhi,1,""
2003,1,1,1,2969,2969,Venus,26.397967,-80.247583,anhi,13,""
2003,1,1,1,2969,2969,Venus,26.397883,-80.246867,anhi,2,""
2003,1,1,1,2969,2969,Venus,26.398367,-80.24675,anhi,1,""
2003,1,1,,2972,,,26.4056,-80.2433,anhi,11,""
2003,1,1,,2974,,,26.40875,-80.247167,anhi,1,""
2003,1,1,,2977,,,26.4036,-80.248633,anhi,8,""
2003,1,1,,2977,,,26.404267,-80.2484,anhi,5,""
2003,1,1,,2978,,,26.403467,-80.249617,anhi,8,""
2003,1,1,,2990,,,26.418067,-80.342717,anhi,1,""
2003,1,1,,2992,,,26.414717,-80.340233,anhi,1,""
2003,1,1,,2993,,,26.410717,-80.33855,anhi,1,""
2003,1,1,,3001,,,26.416417,-80.27505,anhi,1,""
2003,1,1,,3014,,,26.414117,-80.245067,anhi,7,""
2003,1,1,,3015,,,26.410967,-80.2484,anhi,1,""
2003,1,1,,3016,,,26.410533,-80.2456,anhi,10,""
2003,1,1,,3018,,,26.4216,-80.244667,anhi,4,""
2003,1,1,,3021,,,26.425633,-80.244617,anhi,2,""
2003,1,1,,3034,,,26.426183,-80.3669,anhi,2,""
2003,1,1,,3034,,,26.426633,-80.366017,anhi,5,""
2003,1,1,,3036,,,26.426,-80.373217,anhi,1,""
2003,1,1,,3040,,,26.434783,-80.372433,anhi,1,""
2003,1,1,,3042,,,26.429333,-80.36385,anhi,1,""
2003,1,1,,3047,,,26.433667,-80.354183,anhi,1,""
2003,1,1,,3093,,,26.438233,-80.364667,anhi,1,""
2003,1,1,,3094,,,26.439667,-80.365067,anhi,1,""
2003,1,1,,3095,,,26.4378,-80.36645,anhi,4,""
2003,1,1,,3101,,,26.443767,-80.380083,anhi,1,""
2003,1,1,,3103,,,26.436667,-80.382433,anhi,1,""
2003,1,1,,3103,,,26.436533,-80.382367,anhi,7,""
2003,1,1,,3112,,,26.447383,-80.379317,anhi,1,""
2003,1,1,,3116,,,26.445117,-80.370867,anhi,2,""
2003,1,1,,3120,,,26.44905,-80.3519,anhi,1,""
2003,1,1,,3123,,,26.44555,-80.349817,anhi,1,""
2003,1,1,,3128,,,26.442883,-80.285333,anhi,1,""
2003,1,1,,3138,,,26.444467,-80.2647,anhi,15,""
2003,1,1,,3142,,,26.445167,-80.25835,anhi,50,""
2003,1,1,,3142,,,26.445167,-80.25835,anhi,50,""
2003,1,1,,3142,,,26.445083,-80.25725,anhi,2,""
2003,1,1,,3154,,,26.448033,-80.245183,anhi,2,""
2003,1,1,,3159,,,26.448433,-80.242783,anhi,22,""
2003,1,1,,3169,,,26.45395,-80.242317,anhi,1,""
2003,1,1,,3172,,,26.460083,-80.245883,anhi,3,""
2003,1,1,,3174,,,26.463467,-80.245867,anhi,9,""
2003,1,1,,3218,,,26.463767,-80.3732,anhi,3,""
2003,1,1,,3222,,,26.468467,-80.366183,anhi,5,""
2003,1,1,,3235,,,26.465933,-80.25225,anhi,1,""
2003,1,1,,3249,,,26.46855,-80.252617,anhi,1,""
2003,1,1,,3272,,,26.4743,-80.319967,anhi,1,""
2003,1,1,,3273,,,26.47545,-80.309833,anhi,1,""
2003,1,1,,3294,,,26.478983,-80.303767,anhi,1,""
2003,1,1,,3307,,,26.484333,-80.249983,anhi,1,""
2003,1,1,,3313,,,26.478817,-80.244333,anhi,1,""
2003,1,1,,3320,,,26.4762,-80.290067,anhi,4,""
2003,1,1,,3332,,,26.496833,-80.3546,anhi,1,""
2003,1,1,,3375,,,26.566333,-80.25965,anhi,4,""
2003,1,1,,2583,,,26.371067,-80.2892,bcnh,1,""
2003,1,1,,2599,,,26.371383,-80.300417,bcnh,6,""
2003,1,1,,2603,,,26.371783,-80.303,bcnh,1,""
2003,1,1,,2760,,,26.57795,-80.291417,bcnh,1,""
2003,1,1,,2779,,,26.560767,-80.283533,bcnh,3,""
2003,1,1,,2783,,,26.560917,-80.28485,bcnh,1,""
2003,1,1,1,2818,lox_east,lox east,26.540717,-80.23525,bcnh,40,""
2003,1,1,,2827,,,26.535917,-80.297233,bcnh,10,""
2003,1,1,,2841,,,26.526283,-80.319083,bcnh,1,""
2003,1,1,,2868,,,26.5194,-80.318783,bcnh,2,""
2003,1,1,,2902,,,26.510133,-80.324233,bcnh,1,""
2003,1,1,,2939,,,26.494717,-80.253117,bcnh,10,""
2003,1,1,,2959,,,26.39515,-80.313117,bcnh,2,""
2003,1,1,,2959,,,26.3955,-80.31245,bcnh,2,""
2003,1,1,,3307,,,26.484333,-80.249983,bcnh,5,""
2003,1,1,,3310,,,26.4821,-80.24585,bcnh,5,""
2003,1,1,,2599,,,26.371383,-80.300417,caeg,3,""
2003,1,1,,2579,,,26.370317,-80.284167,gbhe,1,""
2003,1,1,,2585,,,26.373133,-80.292167,gbhe,1,""
2003,1,1,,2586,,,26.372433,-80.29215,gbhe,1,""
2003,1,1,,2588,,,26.374667,-80.292,gbhe,1,""
2003,1,1,,2594,,,26.369367,-80.294033,gbhe,1,""
2003,1,1,,2597,,,26.367917,-80.298033,gbhe,1,""
2003,1,1,,2601,,,26.372733,-80.301583,gbhe,1,""
2003,1,1,,2602,,,26.373467,-80.3042,gbhe,1,""
2003,1,1,,2603,,,26.371783,-80.303,gbhe,1,""
2003,1,1,,2605,,,26.368917,-80.303517,gbhe,1,""
2003,1,1,,2608,,,26.3725,-80.312633,gbhe,1,""
2003,1,1,,2610,,,26.373367,-80.314517,gbhe,1,""
2003,1,1,,2614,,,26.375633,-80.3204,gbhe,1,""
2003,1,1,,2616,,,26.37835,-80.31985,gbhe,1,""
2003,1,1,,2620,,,26.381267,-80.304383,gbhe,1,""
2003,1,1,,2623,,,26.377217,-80.301267,gbhe,1,""
2003,1,1,,2624,,,26.3784,-80.302083,gbhe,1,""
2003,1,1,,2634,,,26.379467,-80.260167,gbhe,1,""
2003,1,1,,2646,,,26.377133,-80.253133,gbhe,1,""
2003,1,1,,2652,,,26.3852,-80.311533,gbhe,2,""
2003,1,1,,2654,,,26.387583,-80.309,gbhe,1,""
2003,1,1,,2655,,,26.38905,-80.309817,gbhe,1,""
2003,1,1,,2657,,,26.389,-80.327833,gbhe,1,""
2003,1,1,,2659,,,26.38855,-80.338867,gbhe,1,""
2003,1,1,,2661,,,26.3911,-80.338467,gbhe,1,""
2003,1,1,,2736,,,26.5973,-80.308517,gbhe,2,""
2003,1,1,,2738,,,26.596967,-80.30945,gbhe,1,""
2003,1,1,,2741,,,26.598517,-80.316683,gbhe,1,""
2003,1,1,,2742,,,26.59195,-80.312833,gbhe,1,""
2003,1,1,,2747,,,26.5819,-80.289617,gbhe,1,""
2003,1,1,,2766,,,26.575967,-80.275633,gbhe,1,""
2003,1,1,,2767,,,26.5744,-80.275583,gbhe,1,""
2003,1,1,,2781,,,26.560033,-80.284267,gbhe,1,""
2003,1,1,,2782,,,26.560167,-80.282467,gbhe,1,""
2003,1,1,,2787,,,26.5655,-80.292233,gbhe,1,""
2003,1,1,,2796,,,26.56375,-80.286967,gbhe,1,""
2003,1,1,,2801,,,26.551617,-80.280417,gbhe,1,""
2003,1,1,,2808,,,26.556867,-80.256367,gbhe,1,""
2003,1,1,,2809,,,26.555583,-80.2575,gbhe,2,""
2003,1,1,,2812,,,26.549933,-80.251083,gbhe,3,""
2003,1,1,,2813,,,26.545283,-80.2436,gbhe,4,""
2003,1,1,,2815,,,26.542967,-80.242867,gbhe,1,""
2003,1,1,,2816,,,26.549067,-80.263167,gbhe,1,""
2003,1,1,,2817,,,26.5422,-80.2835,gbhe,1,""
2003,1,1,,2843,,,26.528783,-80.278067,gbhe,1,""
2003,1,1,,2845,,,26.52345,-80.28115,gbhe,1,""
2003,1,1,,2847,,,26.524867,-80.279367,gbhe,1,""
2003,1,1,,2864,,,26.51395,-80.270217,gbhe,1,""
2003,1,1,,2867,,,26.518817,-80.288633,gbhe,2,""
2003,1,1,,2869,,,26.5169,-80.318133,gbhe,2,""
2003,1,1,,2906,,,26.504183,-80.308,gbhe,1,""
2003,1,1,,2916,,,26.5105,-80.29015,gbhe,1,""
2003,1,1,,2917,,,26.50395,-80.292467,gbhe,1,""
2003,1,1,,2934,,,26.497683,-80.256383,gbhe,1,""
2003,1,1,,2937,,,26.493683,-80.237467,gbhe,1,""
2003,1,1,,2939,,,26.49475,-80.254417,gbhe,1,""
2003,1,1,,2939,,,26.494967,-80.253883,gbhe,1,""
2003,1,1,,2939,,,26.494717,-80.253117,gbhe,1,""
2003,1,1,,2940,,,26.503233,-80.275383,gbhe,2,""
2003,1,1,,2944,,,26.489417,-80.267,gbhe,1,""
2003,1,1,,2947,,,26.489683,-80.26895,gbhe,1,""
2003,1,1,,2949,,,26.492267,-80.265133,gbhe,1,""
2003,1,1,,2950,,,26.493533,-80.26685,gbhe,1,""
2003,1,1,,2951,,,26.48945,-80.260667,gbhe,1,""
2003,1,1,,2955,,,26.400417,-80.335617,gbhe,1,""
2003,1,1,,2956,,,26.394533,-80.326517,gbhe,1,""
2003,1,1,,2957,,,26.39645,-80.326817,gbhe,1,""
2003,1,1,1,2966,2966,Venus,26.397417,-80.25395,gbhe,1,""
2003,1,1,,2975,,,26.404983,-80.254767,gbhe,1,""
2003,1,1,,2978,,,26.403467,-80.249617,gbhe,1,""
2003,1,1,,2979,,,26.40815,-80.268,gbhe,1,""
2003,1,1,,2986,,,26.40285,-80.3424,gbhe,1,""
2003,1,1,,2990,,,26.418067,-80.342717,gbhe,1,""
2003,1,1,,3010,,,26.415067,-80.242717,gbhe,1,""
2003,1,1,,3016,,,26.410533,-80.2456,gbhe,2,""
2003,1,1,,3017,,,26.419533,-80.248817,gbhe,1,""
2003,1,1,,3023,,,26.426383,-80.24695,gbhe,1,""
2003,1,1,,3024,,,26.424583,-80.255683,gbhe,1,""
2003,1,1,,3034,,,26.426183,-80.3669,gbhe,1,""
2003,1,1,,3035,,,26.42355,-80.373817,gbhe,1,""
2003,1,1,,3036,,,26.426,-80.373217,gbhe,1,""
2003,1,1,,3042,,,26.429333,-80.36385,gbhe,2,""
2003,1,1,,3045,,,26.429983,-80.36075,gbhe,1,""
2003,1,1,,3048,,,26.430917,-80.344717,gbhe,1,""
2003,1,1,,3066,,,26.434117,-80.28355,gbhe,1,""
2003,1,1,,3067,,,26.426467,-80.282083,gbhe,1,""
2003,1,1,,3070,,,26.430717,-80.2804,gbhe,1,""
2003,1,1,,3071,,,26.435117,-80.2808,gbhe,1,""
2003,1,1,,3076,,,26.432017,-80.2576,gbhe,1,""
2003,1,1,,3079,,,26.432717,-80.2437,gbhe,1,""
2003,1,1,,3080,,,26.427283,-80.245317,gbhe,1,""
2003,1,1,,3083,,,26.4392,-80.246483,gbhe,1,""
2003,1,1,,3085,,,26.4411,-80.286133,gbhe,1,""
2003,1,1,,3087,,,26.437117,-80.284383,gbhe,1,""
2003,1,1,,3088,,,26.4374,-80.2853,gbhe,1,""
2003,1,1,,3091,,,26.438483,-80.3301,gbhe,1,""
2003,1,1,,3103,,,26.436667,-80.382433,gbhe,1,""
2003,1,1,,3105,,,26.44835,-80.404067,gbhe,1,""
2003,1,1,,3108,,,26.446667,-80.3858,gbhe,1,""
2003,1,1,,3116,,,26.445117,-80.370867,gbhe,1,""
2003,1,1,,3117,,,26.446883,-80.361633,gbhe,1,""
2003,1,1,,3120,,,26.44905,-80.3519,gbhe,2,""
2003,1,1,,3124,,,26.4477,-80.34115,gbhe,2,""
2003,1,1,,3138,,,26.444467,-80.2647,gbhe,4,""
2003,1,1,,3154,,,26.448033,-80.245183,gbhe,2,""
2003,1,1,,3155,,,26.449967,-80.247417,gbhe,1,""
2003,1,1,,3159,,,26.448433,-80.242783,gbhe,1,""
2003,1,1,,3160,,,26.447567,-80.242467,gbhe,1,""
2003,1,1,,3172,,,26.460083,-80.245883,gbhe,3,""
2003,1,1,,3174,,,26.463467,-80.245867,gbhe,1,""
2003,1,1,,3175,,,26.45395,-80.255667,gbhe,1,""
2003,1,1,,3181,,,26.452167,-80.261033,gbhe,1,""
2003,1,1,,3184,,,26.45565,-80.283717,gbhe,1,""
2003,1,1,,3186,,,26.457167,-80.284917,gbhe,1,""
2003,1,1,,3197,,,26.4591,-80.389633,gbhe,1,""
2003,1,1,,3209,,,26.463967,-80.416,gbhe,1,""
2003,1,1,,3211,,,26.468367,-80.415217,gbhe,2,""
2003,1,1,,3215,,,26.4632,-80.380833,gbhe,1,""
2003,1,1,,3222,,,26.468467,-80.366183,gbhe,1,""
2003,1,1,,3223,,,26.466267,-80.354433,gbhe,1,""
2003,1,1,,3226,,,26.462333,-80.334817,gbhe,1,""
2003,1,1,,3227,,,26.463367,-80.344767,gbhe,1,""
2003,1,1,,3229,,,26.463083,-80.328733,gbhe,1,""
2003,1,1,,3230,,,26.46125,-80.293533,gbhe,1,""
2003,1,1,,3236,,,26.463617,-80.24785,gbhe,1,""
2003,1,1,,3238,,,26.465033,-80.2447,gbhe,2,""
2003,1,1,,3249,,,26.46855,-80.252617,gbhe,1,""
2003,1,1,,3253,,,26.475517,-80.2523,gbhe,1,""
2003,1,1,,3256,,,26.472383,-80.269433,gbhe,1,""
2003,1,1,,3265,,,26.471983,-80.295733,gbhe,1,""
2003,1,1,,3266,,,26.471717,-80.297383,gbhe,1,""
2003,1,1,,3269,,,26.4747,-80.2996,gbhe,1,""
2003,1,1,,3275,,,26.470133,-80.340117,gbhe,1,""
2003,1,1,,3280,,,26.475283,-80.374417,gbhe,1,""
2003,1,1,,3286,,,26.473,-80.392383,gbhe,1,""
2003,1,1,,3290,,,26.4817,-80.3607,gbhe,1,""
2003,1,1,,3293,,,26.481767,-80.331983,gbhe,1,""
2003,1,1,,3296,,,26.4784,-80.308033,gbhe,1,""
2003,1,1,,3297,,,26.476333,-80.28185,gbhe,2,""
2003,1,1,,3298,,,26.477517,-80.283617,gbhe,1,""
2003,1,1,,3308,,,26.483217,-80.248,gbhe,1,""
2003,1,1,,3320,,,26.4762,-80.290067,gbhe,1,""
2003,1,1,,3321,,,26.499633,-80.292433,gbhe,1,""
2003,1,1,,3327,,,26.5027,-80.306617,gbhe,1,""
2003,1,1,,3330,,,26.5008,-80.321883,gbhe,1,""
2003,1,1,,3335,,,26.497167,-80.340367,gbhe,1,""
2003,1,1,,3336,,,26.5014,-80.344817,gbhe,1,""
2003,1,1,,3337,,,26.50295,-80.346217,gbhe,1,""
2003,1,1,,3346,,,26.49215,-80.372683,gbhe,1,""
2003,1,1,,3348,,,26.497167,-80.37645,gbhe,1,""
2003,1,1,,3349,,,26.498283,-80.375167,gbhe,1,""
2003,1,1,,3352,,,26.497,-80.383483,gbhe,1,""
2003,1,1,,3362,,,26.485567,-80.366583,gbhe,1,""
2003,1,1,,3362,,,26.485117,-80.36625,gbhe,2,""
2003,1,1,,3372,,,26.47735,-80.3822,gbhe,1,""
2003,1,1,,3385,,,26.428267,-80.375833,gbhe,1,""
2003,1,1,,3387,,,26.403583,-80.361817,gbhe,1,""
2003,1,1,,3392,,,26.453183,-80.355183,gbhe,1,""
2003,1,1,,3403,,,26.4295,-80.29335,gbhe,1,""
2003,1,1,1,2818,lox_east,lox east,26.540717,-80.23525,glib,20,""
2003,1,1,,2599,,,26.371383,-80.300417,greg,4,""
2003,1,1,,2603,,,26.372,-80.303,greg,18,""
2003,1,1,,2604,,,26.371067,-80.302567,greg,6,""
2003,1,1,,2606,,,26.374333,-80.300167,greg,13,""
2003,1,1,,2620,,,26.381,-80.304833,greg,5,""
2003,1,1,,2622,,,26.3793,-80.302583,greg,14,""
2003,1,1,,2626,,,26.37545,-80.299967,greg,4,""
2003,1,1,,2724,,,26.620167,-80.423833,greg,3,""
2003,1,1,,2761,,,26.577867,-80.289883,greg,1,""
2003,1,1,,2812,,,26.549933,-80.251083,greg,1,""
2003,1,1,,2841,,,26.526283,-80.319083,greg,1,""
2003,1,1,,2961,,,26.3926,-80.312233,greg,9,""
2003,1,1,,3208,,,26.462,-80.417667,greg,12,""
2003,1,1,,3379,,,26.530667,-80.286167,greg,31,""
2003,1,1,,2583,,,26.371067,-80.2892,lbhe,30,""
2003,1,1,,2599,,,26.371383,-80.300417,lbhe,20,""
2003,1,1,,2656,,,26.383217,-80.316567,lbhe,2,""
2003,1,1,,2729,,,26.607017,-80.311083,lbhe,40,""
2003,1,1,,2734,,,26.6007,-80.303,lbhe,16,""
2003,1,1,,2760,,,26.57795,-80.291417,lbhe,30,""
2003,1,1,,2762,,,26.5708,-80.295383,lbhe,1,""
2003,1,1,,2779,,,26.560767,-80.283533,lbhe,6,""
2003,1,1,1,2818,lox_east,lox east,26.540717,-80.23525,lbhe,70,""
2003,1,1,,2827,,,26.535917,-80.297233,lbhe,40,""
2003,1,1,,2836,,,26.52445,-80.355667,lbhe,40,""
2003,1,1,,2841,,,26.526283,-80.319083,lbhe,40,""
2003,1,1,,2868,,,26.5194,-80.318783,lbhe,20,""
2003,1,1,,2939,,,26.494717,-80.253117,lbhe,10,""
2003,1,1,,2959,,,26.39515,-80.313117,lbhe,15,""
2003,1,1,,2959,,,26.3955,-80.31245,lbhe,68,""
2003,1,1,,3103,,,26.436533,-80.382367,lbhe,1,""
2003,1,1,,3125,,,26.445,-80.33835,lbhe,14,""
2003,1,1,1,3217,wonton,Wonton,26.4624,-80.3728,lbhe,55,""
2003,1,1,,3307,,,26.484333,-80.249983,lbhe,15,""
2003,1,1,,3310,,,26.4821,-80.24585,lbhe,5,""
2003,1,1,,3346,,,26.49215,-80.372683,lbhe,45,""
2003,1,1,,2599,,,26.371383,-80.300417,sneg,3,""
2003,1,1,,2760,,,26.57795,-80.291417,sneg,1,""
2003,1,1,,2762,,,26.5708,-80.295383,sneg,10,""
2003,1,1,,2841,,,26.526283,-80.319083,sneg,15,""
2003,1,1,,2868,,,26.5194,-80.318783,sneg,12,""
2003,1,1,,2959,,,26.3955,-80.31245,sneg,1,""
2003,1,1,,3125,,,26.445,-80.33835,sneg,2,""
2003,1,1,1,3217,wonton,Wonton,26.4624,-80.3728,sneg,2,""
2003,1,1,,3307,,,26.484333,-80.249983,sneg,5,""
2003,1,1,,2656,,,26.383217,-80.316567,trhe,2,""
2003,1,1,,2721,,,26.645917,-80.34625,trhe,4,""
2003,1,1,,2730,,,26.607133,-80.28885,trhe,6,""
2003,1,1,,2743,,,26.584567,-80.285517,trhe,2,""
2003,1,1,,2760,,,26.57795,-80.291417,trhe,2,""
2003,1,1,,2762,,,26.5708,-80.295383,trhe,1,""
2003,1,1,,2764,,,26.576567,-80.2916,trhe,5,""
2003,1,1,,2819,,,26.538283,-80.232117,trhe,6,""
2003,1,1,,2829,,,26.530317,-80.295583,trhe,7,""
2003,1,1,,2834,,,26.529917,-80.370133,trhe,1,""
2003,1,1,,2837,,,26.523783,-80.349417,trhe,2,""
2003,1,1,,2865,,,26.522883,-80.280267,trhe,1,""
2003,1,1,,2868,,,26.5194,-80.318783,trhe,1,""
2003,1,1,,2880,,,26.521667,-80.375933,trhe,1,""
2003,1,1,,2885,,,26.505517,-80.376733,trhe,1,""
2003,1,1,,2890,,,26.504533,-80.35775,trhe,1,""
2003,1,1,,2897,,,26.504617,-80.333133,trhe,1,""
2003,1,1,,2934,,,26.497683,-80.256383,trhe,6,""
2003,1,1,1,2967,2967,Venus,26.394383,-80.252583,trhe,1,""
2003,1,1,,3038,,,26.4172,-80.371317,trhe,1,""
2003,1,1,,3291,,,26.4837,-80.348,trhe,1,""
2003,1,1,,3307,,,26.484333,-80.249983,trhe,1,""
2003,1,1,,3310,,,26.4821,-80.24585,trhe,1,""
2003,1,1,,3340,,,26.499083,-80.3636,trhe,1,""
2003,1,1,,3341,,,26.502383,-80.364583,trhe,1,""
2003,1,1,,3345,,,26.49115,-80.368267,trhe,1,""
2003,1,1,,3351,,,26.496867,-80.380367,trhe,1,""
2003,1,1,,3394,,,26.4593,-80.3301,trhe,1,""
2003,1,1,,3395,,,26.45235,-80.327267,trhe,3,""
2003,1,1,,2762,,,26.5708,-80.295383,whib,5,""
2003,1,1,,2580,,,26.369433,-80.286167,ycnh,1,""
2003,1,1,,2581,,,26.36915,-80.287967,ycnh,1,""
2003,2,2a,,2499,,,26.2778,-80.399933,anhi,1,""
2003,2,2a,,2510,,,26.27405,-80.357483,gbhe,1,""
2003,2,2a,,2538,,,26.288433,-80.3349,gbhe,1,""
2003,2,2a,,2492,,,26.325667,-80.526,greg,14,""
2003,2,2a,,2493,,,26.328333,-80.518333,greg,13,""
2003,2,2a,,2494,,,26.332667,-80.525833,greg,13,""
2003,2,2a,,2525,,,26.238833,-80.316667,greg,28,""
2003,2,2a,,2533,,,26.252667,-80.322,greg,26,""
2003,2,2a,,2550,,,26.407833,-80.451167,greg,17,""
2003,2,2a,,2551,,,26.34865,-80.412683,greg,3,""
2003,2,2a,,2500,,,26.291833,-80.432733,trhe,5,""
2003,2,2a,,2501,,,26.30205,-80.433117,trhe,1,""
2003,2,2b,,2466,,,26.16005,-80.374917,anhi,3,""
2003,2,2b,,2472,,,26.167517,-80.371167,anhi,1,""
2003,2,2b,,2482,,,26.180067,-80.322967,anhi,1,""
2003,2,2b,,2486,,2B corner,26.189717,-80.308617,anhi,300,""
2003,2,2b,,2486,,2B corner,26.189717,-80.308617,bcnh,12,""
2003,2,2b,,2486,,2B corner,26.189717,-80.308617,caeg,2,""
2003,2,2b,,2459,,,26.186733,-80.3806,gbhe,2,""
2003,2,2b,,2460,,,26.1886,-80.3896,gbhe,2,""
2003,2,2b,,2461,,,26.168783,-80.405817,gbhe,1,""
2003,2,2b,,2464,,,26.189917,-80.365817,gbhe,2,""
2003,2,2b,,2466,,,26.16005,-80.374917,gbhe,1,""
2003,2,2b,,2467,,,26.1634,-80.377267,gbhe,5,""
2003,2,2b,,2470,,,26.172167,-80.384117,gbhe,1,""
2003,2,2b,,2471,,,26.167067,-80.382267,gbhe,12,""
2003,2,2b,,2472,,,26.167517,-80.371167,gbhe,3,""
2003,2,2b,,2472,,,26.16665,-80.368867,gbhe,5,""
2003,2,2b,,2481,,,26.184783,-80.321,gbhe,2,""
2003,2,2b,,2481,,,26.185,-80.320367,gbhe,2,""
2003,2,2b,,2482,,,26.180067,-80.322967,gbhe,2,""
2003,2,2b,,2483,,,26.178033,-80.326233,gbhe,1,""
2003,2,2b,,2484,,,26.180233,-80.326083,gbhe,1,""
2003,2,2b,,2486,,2B corner,26.189717,-80.308617,gbhe,14,""
2003,2,2b,,2486,,2B corner,26.189717,-80.308617,greg,6,""
2003,2,2b,,2486,,2B corner,26.189717,-80.308617,lbhe,10,""
2003,3,3as,,45,,,25.768617,-80.8013,anhi,1,""
2003,3,3as,,54,,,25.763633,-80.8224,anhi,1,""
2003,3,3as,,63,,,25.776267,-80.826617,anhi,1,""
2003,3,3as,,66,,,25.7721,-80.8259,anhi,1,""
2003,3,3as,,70,,,25.771283,-80.82185,anhi,3,""
2003,3,3as,,82,,,25.775833,-80.79635,anhi,4,""
2003,3,3as,,86,,,25.771083,-80.7917,anhi,1,""
2003,3,3as,,87,,,25.771817,-80.7912,anhi,6,""
2003,3,3as,,123,,,25.7775,-80.761983,anhi,1,""
2003,3,3as,,146,,,25.77165,-80.730183,anhi,3,""
2003,3,3as,,147,,,25.772917,-80.731,anhi,2,""
2003,3,3as,,151,,,25.7726,-80.7284,anhi,2,""
2003,3,3as,,153,,,25.7737,-80.724067,anhi,1,""
2003,3,3as,,158,,,25.7773,-80.710667,anhi,1,""
2003,3,3as,,164,,,25.77875,-80.701783,anhi,3,""
2003,3,3as,,165,,,25.777067,-80.69945,anhi,2,""
2003,3,3as,,169,,,25.77205,-80.69705,anhi,2,""
2003,3,3as,,238,,,25.779633,-80.72805,anhi,3,""
2003,3,3as,,274,,,25.7812,-80.761083,anhi,4,""
2003,3,3as,,283,,,25.7848,-80.77035,anhi,1,""
2003,3,3as,,293,,,25.782533,-80.775917,anhi,1,""
2003,3,3as,,296,,,25.779433,-80.7803,anhi,1,""
2003,3,3as,,300,,,25.77985,-80.787117,anhi,1,""
2003,3,3as,,300,,,25.779883,-80.7868,anhi,1,""
2003,3,3as,,301,,,25.781583,-80.7866,anhi,1,""
2003,3,3as,,310,,,25.786,-80.805617,anhi,1,""
2003,3,3as,,328,,,25.7859,-80.839967,anhi,3,""
2003,3,3as,,333,,,25.788467,-80.839783,anhi,1,""
2003,3,3as,,334,,,25.789833,-80.839783,anhi,1,""
2003,3,3as,,340,,,25.7881,-80.824617,anhi,1,""
2003,3,3as,,365,,,25.788633,-80.7711,anhi,1,""
2003,3,3as,,367,,,25.793883,-80.771567,anhi,1,""
2003,3,3as,,466,,,25.795283,-80.72145,anhi,1,""
2003,3,3as,,474,,,25.796467,-80.731617,anhi,2,""
2003,3,3as,,475,,,25.801983,-80.74645,anhi,1,""
2003,3,3as,,477,,,25.801517,-80.7525,anhi,3,""
2003,3,3as,,492,,,25.798283,-80.782633,anhi,3,""
2003,3,3as,,500,,,25.79615,-80.78495,anhi,1,""
2003,3,3as,,504,,,25.800917,-80.803517,anhi,2,""
2003,3,3as,,509,,,25.801767,-80.8369,anhi,1,""
2003,3,3as,,517,,,25.8074,-80.8353,anhi,1,""
2003,3,3as,,519,,,25.8031,-80.838333,anhi,1,""
2003,3,3as,,520,,,25.805617,-80.823633,anhi,1,""
2003,3,3as,,526,,,25.808767,-80.807667,anhi,3,""
2003,3,3as,,527,,,25.81035,-80.808067,anhi,2,""
2003,3,3as,,531,,,25.806367,-80.796283,anhi,1,""
2003,3,3as,,534,,,25.8068,-80.790667,anhi,1,""
2003,3,3as,,538,,,25.8052,-80.782083,anhi,2,""
2003,3,3as,,543,,,25.806667,-80.753683,anhi,1,""
2003,3,3as,,551,,,25.804267,-80.721783,anhi,6,""
2003,3,3as,,556,,,25.810533,-80.721283,anhi,17,""
2003,3,3as,,567,,,25.804217,-80.70865,anhi,2,""
2003,3,3as,,576,,,25.805417,-80.704583,anhi,1,""
2003,3,3as,,596,,,25.810233,-80.679333,anhi,1,""
2003,3,3as,,621,,,25.817383,-80.669033,anhi,3,""
2003,3,3as,,664,,,25.815167,-80.766467,anhi,1,""
2003,3,3as,,668,,,25.817017,-80.772833,anhi,3,""
2003,3,3as,,668,,,25.817067,-80.7728,anhi,1,""
2003,3,3as,,669,,,25.814767,-80.7759,anhi,8,""
2003,3,3as,,669,,,25.814667,-80.775833,anhi,2,""
2003,3,3as,,699,,,25.82365,-80.72465,anhi,1,""
2003,3,3as,,708,,,25.821817,-80.709167,anhi,2,""
2003,3,3as,,716,,,25.819067,-80.687117,anhi,1,""
2003,3,3as,,727,,,25.81895,-80.6715,anhi,4,""
2003,3,3as,,729,,,25.823583,-80.671483,anhi,4,""
2003,3,3as,,777,,,25.829233,-80.663233,anhi,2,""
2003,3,3as,,785,,,25.827767,-80.675833,anhi,1,""
2003,3,3as,,793,,,25.831383,-80.689117,anhi,1,""
2003,3,3as,,795,,,25.834033,-80.686683,anhi,1,""
2003,3,3as,,806,,,25.833367,-80.718033,anhi,1,""
2003,3,3as,,807,,,25.831733,-80.722767,anhi,1,""
2003,3,3as,,814,,,25.830817,-80.753333,anhi,5,""
2003,3,3as,,816,,,25.830717,-80.7567,anhi,1,""
2003,3,3as,,830,,,25.827083,-80.830717,anhi,1,""
2003,3,3as,,837,,,25.837783,-80.818533,anhi,3,""
2003,3,3as,,849,,,25.836117,-80.755417,anhi,2,""
2003,3,3as,,861,,,25.839083,-80.703533,anhi,2,""
2003,3,3as,,872,,,25.835483,-80.6855,anhi,5,""
2003,3,3as,,876,,,25.840917,-80.662333,anhi,2,""
2003,3,3as,,932,,,25.85105,-80.673383,anhi,1,""
2003,3,3as,,934,,,25.846117,-80.6778,anhi,5,""
2003,3,3as,,943,,,25.850433,-80.704567,anhi,2,""
2003,3,3as,,944,,,25.8463,-80.703083,anhi,4,""
2003,3,3as,,950,,,25.8436,-80.72355,anhi,1,""
2003,3,3as,,974,,,25.852767,-80.806533,anhi,1,""
2003,3,3as,,977,,,25.85835,-80.79355,anhi,5,""
2003,3,3as,,978,,,25.857967,-80.790083,anhi,6,""
2003,3,3as,,982,,,25.851433,-80.779017,anhi,1,""
2003,3,3as,,987,,,25.853117,-80.757183,anhi,7,""
2003,3,3as,,999,,,25.858133,-80.7099,anhi,2,""
2003,3,3as,,1000,,,25.854433,-80.703017,anhi,2,""
2003,3,3as,,1001,,,25.850833,-80.693167,anhi,5,""
2003,3,3as,,1006,,,25.85515,-80.680333,anhi,3,""
2003,3,3as,,1015,,,25.85535,-80.640817,anhi,2,""
2003,3,3as,,1043,,,25.862833,-80.70395,anhi,1,""
2003,3,3as,,1044,,,25.86355,-80.7056,anhi,1,""
2003,3,3as,,1061,,,25.863983,-80.750567,anhi,1,""
2003,3,3as,,1096,,,25.871033,-80.801883,anhi,2,""
2003,3,3as,,1121,,,25.868783,-80.66105,anhi,3,""
2003,3,3as,,1122,,,25.8723,-80.65855,anhi,3,""
2003,3,3as,,1126,,,25.8752,-80.661183,anhi,3,""
2003,3,3as,,1143,,,25.8754,-80.6456,anhi,2,""
2003,3,3as,,1162,,,25.878267,-80.70915,anhi,4,""
2003,3,3as,,1168,,,25.878817,-80.720667,anhi,1,""
2003,3,3as,,1175,,,25.874867,-80.73585,anhi,2,""
2003,3,3as,,1194,,,25.880117,-80.794417,anhi,1,""
2003,3,3as,3a,1217,robs,Robs,25.888983,-80.804183,anhi,1,""
2003,3,3as,3a,1222,fontana,FONTANA,25.888583,-80.7705,anhi,2,""
2003,3,3as,,1237,,,25.886867,-80.701967,anhi,1,""
2003,3,3as,,1240,,,25.887617,-80.68145,anhi,1,""
2003,3,3as,,1277,,,25.895167,-80.662783,anhi,4,""
2003,3,3as,,1287,,,25.89375,-80.676467,anhi,3,""
2003,3,3as,,1293,,,25.894483,-80.70105,anhi,1,""
2003,3,3as,,1295,,,25.897317,-80.704717,anhi,1,""
2003,3,3as,,1319,,,25.89395,-80.773967,anhi,2,""
2003,3,3as,,1330,,,25.906733,-80.797917,anhi,1,""
2003,3,3as,,1339,,,25.899567,-80.7718,anhi,1,""
2003,3,3as,,1340,,,25.906217,-80.766667,anhi,2,""
2003,3,3as,,1341,,,25.8986,-80.769383,anhi,2,""
2003,3,3as,,1355,,,25.901433,-80.738833,anhi,5,""
2003,3,3as,,1357,,,25.90575,-80.730017,anhi,1,""
2003,3,3as,,1360,,,25.90385,-80.708083,anhi,2,""
2003,3,3as,,1366,,,25.8981,-80.6636,anhi,1,""
2003,3,3as,,1370,,,25.899617,-80.654267,anhi,1,""
2003,3,3as,,1378,,,25.89915,-80.629067,anhi,2,""
2003,3,3as,,1394,,,25.91,-80.642,anhi,3,""
2003,3,3as,,1400,,,25.913517,-80.66215,anhi,1,""
2003,3,3as,,1400,,,25.9148,-80.660433,anhi,1,""
2003,3,3as,,1410,,,25.907783,-80.704433,anhi,2,""
2003,3,3as,,1413,,,25.914317,-80.720333,anhi,1,""
2003,3,3as,,1414,,,25.9101,-80.721033,anhi,1,""
2003,3,3as,,1416,,,25.91465,-80.722833,anhi,8,""
2003,3,3as,,1449,,,25.910633,-80.7675,anhi,1,""
2003,3,3as,,1452,,,25.913483,-80.77345,anhi,1,""
2003,3,3as,,1453,,,25.91505,-80.773833,anhi,12,""
2003,3,3as,,1456,,,25.915083,-80.778917,anhi,1,""
2003,3,3as,,1466,,,25.9148,-80.791017,anhi,5,""
2003,3,3as,,1475,,,25.919967,-80.79875,anhi,1,""
2003,3,3as,,1481,,,25.917983,-80.781733,anhi,1,""
2003,3,3as,,1494,,,25.916917,-80.733017,anhi,1,""
2003,3,3as,,1501,,,25.92025,-80.722833,anhi,1,""
2003,3,3as,,1502,,,25.921517,-80.723417,anhi,1,""
2003,3,3as,,1542,,,25.928633,-80.687283,anhi,4,""
2003,3,3as,,1564,,,25.932967,-80.75835,anhi,5,""
2003,3,3as,,1583,,,25.92555,-80.780033,anhi,2,""
2003,3,3as,,1607,,,25.939833,-80.745217,anhi,2,""
2003,3,3as,,1608,,,25.940167,-80.745917,anhi,1,""
2003,3,3as,,1615,,,25.937483,-80.71845,anhi,7,""
2003,3,3as,,1619,,,25.93935,-80.708,anhi,4,""
2003,3,3as,,1629,,,25.936133,-80.64975,anhi,1,""
2003,3,3as,,1649,,,25.948617,-80.65095,anhi,1,""
2003,3,3as,,1650,,,25.94865,-80.655383,anhi,2,""
2003,3,3as,,1654,,,25.942617,-80.66685,anhi,4,""
2003,3,3as,,1655,,,25.9455,-80.674367,anhi,5,""
2003,3,3as,,1665,,,25.94205,-80.689533,anhi,1,""
2003,3,3as,,1704,,,25.945467,-80.826167,anhi,1,""
2003,3,3as,,1714,,,25.955617,-80.77265,anhi,1,""
2003,3,3as,,1714,,,25.95525,-80.7725,anhi,3,""
2003,3,3as,,1716,,,25.958417,-80.774733,anhi,1,""
2003,3,3as,,1727,,,25.950833,-80.729733,anhi,8,""
2003,3,3as,,1733,,,25.953183,-80.718033,anhi,1,""
2003,3,3as,,1738,,,25.952083,-80.702633,anhi,2,""
2003,3,3as,,1759,,,25.95185,-80.666267,anhi,1,""
2003,3,3as,,1777,,,25.96485,-80.648883,anhi,2,""
2003,3,3as,,1787,,,25.966483,-80.740733,anhi,3,""
2003,3,3as,,1792,,,25.964117,-80.769833,anhi,7,""
2003,3,3as,,1837,,,25.9743,-80.723633,anhi,3,""
2003,3,3as,,1859,,,25.967783,-80.65635,anhi,3,""
2003,3,3as,,1860,,,25.9731,-80.654117,anhi,3,""
2003,3,3as,,1868,,,25.975017,-80.6261,anhi,2,""
2003,3,3as,,1872,,,25.979467,-80.6545,anhi,10,""
2003,3,3as,,1889,,,25.980083,-80.760767,anhi,1,""
2003,3,3as,,1893,,,25.978717,-80.793683,anhi,1,""
2003,3,3as,,1895,,,25.980717,-80.8003,anhi,1,""
2003,3,3as,,1962,,,25.9966,-80.720233,anhi,2,""
2003,3,3as,,2065,,,26.0261,-80.6556,anhi,2,""
2003,3,3as,,2117,,,26.040667,-80.59995,anhi,14,""
2003,3,3as,,2156,,,26.047933,-80.763633,anhi,1,""
2003,3,3as,,2162,,,26.053717,-80.741917,anhi,1,""
2003,3,3as,,2241,,,26.093367,-80.61035,anhi,3,""
2003,3,3as,,2305,,,26.120167,-80.7245,anhi,1,""
2003,3,3as,,2556,,,25.843,-80.794933,anhi,2,""
2003,3,3as,,3406,,,26.103567,-80.797367,anhi,1,""
2003,3,3as,,3435,,,25.7778,-80.759783,anhi,1,""
2003,3,3as,3a,1217,robs,Robs,25.888983,-80.804183,bcnh,30,""
2003,3,3as,3a,1222,fontana,FONTANA,25.888583,-80.7705,bcnh,7,""
2003,3,3as,,1573,,,25.932167,-80.7759,bcnh,1,""
2003,3,3as,,1586,,,25.929467,-80.8021,bcnh,2,""
2003,3,3as,,1734,,,25.957467,-80.72325,bcnh,2,""
2003,3,3as,,1902,,,25.986233,-80.820567,bcnh,4,""
2003,3,3as,,1903,,,25.983433,-80.818167,bcnh,1,""
2003,3,3as,,1905,,,25.985617,-80.812983,bcnh,3,""
2003,3,3as,,1927,,,25.986717,-80.707033,bcnh,2,""
2003,3,3as,,2024,,,26.01285,-80.77045,bcnh,7,""
2003,3,3as,,2030,,,26.015967,-80.794433,bcnh,23,""
2003,3,3as,,2032,,,26.01005,-80.799783,bcnh,2,""
2003,3,3as,,2074,,,26.028817,-80.75625,bcnh,2,""
2003,3,3as,,2075,,,26.02825,-80.776817,bcnh,2,""
2003,3,3as,,2090,,,26.036717,-80.789983,bcnh,30,""
2003,3,3as,,2099,,,26.0346,-80.760317,bcnh,30,""
2003,3,3as,3a,2108,big_mel_west,big mel west,26.032917,-80.675617,bcnh,15,""
2003,3,3as,,2123,,,26.04555,-80.64905,bcnh,8,""
2003,3,3as,,2134,,,26.043867,-80.722333,bcnh,3,""
2003,3,3as,,2136,,,26.041883,-80.755933,bcnh,4,""
2003,3,3as,,2141,,,26.03885,-80.7856,bcnh,10,""
2003,3,3as,,2144,,,26.041567,-80.801883,bcnh,4,""
2003,3,3as,,2145,,,26.0397,-80.8045,bcnh,5,""
2003,3,3as,,2146,,,26.039117,-80.80965,bcnh,5,""
2003,3,3as,,2146,,,26.039117,-80.80965,bcnh,5,""
2003,3,3as,,2154,,,26.05,-80.782383,bcnh,10,""
2003,3,3as,,2156,,,26.047933,-80.763633,bcnh,1,""
2003,3,3as,,2157,,,26.05435,-80.755517,bcnh,2,""
2003,3,3as,,2167,,,26.050533,-80.677467,bcnh,15,""
2003,3,3as,,2191,,1999,26.071233,-80.80805,bcnh,3,""
2003,3,3as,,2192,,,26.063333,-80.806733,bcnh,1,""
2003,3,3as,,2194,,,26.067283,-80.7935,bcnh,8,""
2003,3,3as,,2194,,,26.067383,-80.7933,bcnh,15,""
2003,3,3as,,2200,,,26.070817,-80.6765,bcnh,10,""
2003,3,3as,,2232,,,26.0869,-80.777267,bcnh,20,""
2003,3,3as,,2233,,,26.082667,-80.764083,bcnh,20,""
2003,3,3as,,2264,,,26.099983,-80.76835,bcnh,3,""
2003,3,3as,,2265,,,26.0963,-80.761433,bcnh,1,""
2003,3,3as,,2267,,,26.101467,-80.727383,bcnh,1,""
2003,3,3as,,2271,,,26.097767,-80.7169,bcnh,5,""
2003,3,3as,,2301,,,26.117417,-80.752767,bcnh,1,""
2003,3,3as,,2389,,,26.127333,-80.723617,bcnh,10,""
2003,3,3as,,2560,,,25.986267,-80.820717,bcnh,8,""
2003,3,3as,,2562,,,25.99595,-80.731417,bcnh,1,""
2003,3,3as,,2090,,,26.036717,-80.789983,caeg,10,""
2003,3,3as,,2191,,1999,26.071233,-80.80805,caeg,1,""
2003,3,3as,,2389,,,26.127333,-80.723617,caeg,10,""
2003,3,3as,,24,,,25.769033,-80.727983,gbhe,2,""
2003,3,3as,,27,,,25.767183,-80.7687,gbhe,1,""
2003,3,3as,,28,,,25.768633,-80.769983,gbhe,1,""
2003,3,3as,,30,,,25.765367,-80.778717,gbhe,1,""
2003,3,3as,,33,,,25.767467,-80.785333,gbhe,1,""
2003,3,3as,,34,,,25.768333,-80.789333,gbhe,1,""
2003,3,3as,,36,,,25.7686,-80.796517,gbhe,1,""
2003,3,3as,,37,,,25.766267,-80.796683,gbhe,1,""
2003,3,3as,,38,,,25.764233,-80.7934,gbhe,1,""
2003,3,3as,,41,,,25.7701,-80.798917,gbhe,1,""
2003,3,3as,,42,,,25.76895,-80.799167,gbhe,1,""
2003,3,3as,,43,,,25.770583,-80.801017,gbhe,1,""
2003,3,3as,,44,,,25.76855,-80.80035,gbhe,1,""
2003,3,3as,,46,,,25.767033,-80.800767,gbhe,1,""
2003,3,3as,,48,,,25.766633,-80.814767,gbhe,2,""
2003,3,3as,,49,,,25.764967,-80.816417,gbhe,1,""
2003,3,3as,,50,,,25.7656,-80.81935,gbhe,1,""
2003,3,3as,,53,,,25.768417,-80.82145,gbhe,1,""
2003,3,3as,,55,,,25.7696,-80.825833,gbhe,1,""
2003,3,3as,,60,,,25.774667,-80.828783,gbhe,2,""
2003,3,3as,,61,,,25.7771,-80.828367,gbhe,1,""
2003,3,3as,,62,,,25.77745,-80.82925,gbhe,1,""
2003,3,3as,,63,,,25.776267,-80.826617,gbhe,2,""
2003,3,3as,,64,,,25.777083,-80.824483,gbhe,1,""
2003,3,3as,,65,,,25.770533,-80.828333,gbhe,1,""
2003,3,3as,,66,,,25.7721,-80.8259,gbhe,4,""
2003,3,3as,,67,,,25.77645,-80.823017,gbhe,1,""
2003,3,3as,,68,,,25.773667,-80.822933,gbhe,1,""
2003,3,3as,,70,,,25.771283,-80.82185,gbhe,1,""
2003,3,3as,,71,,,25.771517,-80.82105,gbhe,1,""
2003,3,3as,,79,,,25.7721,-80.796967,gbhe,1,""
2003,3,3as,,86,,,25.771083,-80.7917,gbhe,1,""
2003,3,3as,,87,,,25.771817,-80.7912,gbhe,1,""
2003,3,3as,,88,,,25.773,-80.791433,gbhe,1,""
2003,3,3as,,92,,,25.77505,-80.7858,gbhe,1,""
2003,3,3as,,96,,,25.77735,-80.7839,gbhe,1,""
2003,3,3as,,97,,,25.778083,-80.783967,gbhe,1,""
2003,3,3as,,104,,,25.772717,-80.785683,gbhe,1,""
2003,3,3as,,108,,,25.77355,-80.77365,gbhe,1,""
2003,3,3as,,111,,,25.775817,-80.770267,gbhe,1,""
2003,3,3as,,113,,,25.77685,-80.769233,gbhe,1,""
2003,3,3as,,119,,,25.777783,-80.771883,gbhe,1,""
2003,3,3as,,123,,,25.7775,-80.761983,gbhe,1,""
2003,3,3as,,124,,,25.777833,-80.7635,gbhe,1,""
2003,3,3as,,126,,,25.77845,-80.762333,gbhe,1,""
2003,3,3as,,127,,,25.7775,-80.7605,gbhe,1,""
2003,3,3as,,128,,,25.7744,-80.75695,gbhe,1,""
2003,3,3as,,129,,,25.775083,-80.756433,gbhe,1,""
2003,3,3as,,133,,,25.776233,-80.753417,gbhe,1,""
2003,3,3as,,138,,,25.77625,-80.74565,gbhe,1,""
2003,3,3as,,139,,,25.77755,-80.745083,gbhe,1,""
2003,3,3as,,141,,,25.774483,-80.733417,gbhe,1,""
2003,3,3as,,144,,,25.77745,-80.732433,gbhe,1,""
2003,3,3as,,146,,,25.77165,-80.730183,gbhe,1,""
2003,3,3as,,147,,,25.772917,-80.731,gbhe,2,""
2003,3,3as,,151,,,25.7726,-80.7284,gbhe,2,""
2003,3,3as,,158,,,25.7773,-80.710667,gbhe,1,""
2003,3,3as,,164,,,25.77875,-80.701783,gbhe,1,""
2003,3,3as,,221,,,25.7817,-80.689317,gbhe,1,""
2003,3,3as,,236,,,25.784317,-80.727017,gbhe,1,""
2003,3,3as,,237,,,25.785083,-80.72745,gbhe,1,""
2003,3,3as,,237,,,25.784917,-80.727383,gbhe,1,""
2003,3,3as,,238,,,25.779633,-80.72805,gbhe,4,""
2003,3,3as,,239,,,25.78415,-80.7318,gbhe,1,""
2003,3,3as,,247,,,25.77845,-80.742,gbhe,1,""
2003,3,3as,,247,,,25.778967,-80.741717,gbhe,1,""
2003,3,3as,,254,,,25.782467,-80.751317,gbhe,1,""
2003,3,3as,,255,,,25.778333,-80.750467,gbhe,1,""
2003,3,3as,,261,,,25.78575,-80.75225,gbhe,1,""
2003,3,3as,,263,,,25.7802,-80.758283,gbhe,1,""
2003,3,3as,,265,,,25.786967,-80.756717,gbhe,2,""
2003,3,3as,,267,,,25.785117,-80.762083,gbhe,1,""
2003,3,3as,,268,,,25.784583,-80.760183,gbhe,1,""
2003,3,3as,,269,,,25.783833,-80.7593,gbhe,1,""
2003,3,3as,,272,,,25.781817,-80.7592,gbhe,1,""
2003,3,3as,,273,,,25.781833,-80.75985,gbhe,1,""
2003,3,3as,,280,,,25.785733,-80.765517,gbhe,1,""
2003,3,3as,,282,,,25.782767,-80.7687,gbhe,1,""
2003,3,3as,,289,,,25.784883,-80.775833,gbhe,1,""
2003,3,3as,,294,,,25.781833,-80.7774,gbhe,1,""
2003,3,3as,,295,,,25.78035,-80.775833,gbhe,1,""
2003,3,3as,,299,,,25.779983,-80.782633,gbhe,1,""
2003,3,3as,,307,,,25.779117,-80.799333,gbhe,1,""
2003,3,3as,,308,,,25.78375,-80.806633,gbhe,1,""
2003,3,3as,,310,,,25.786,-80.805617,gbhe,1,""
2003,3,3as,,312,,,25.784267,-80.81095,gbhe,1,""
2003,3,3as,,313,,,25.783117,-80.80905,gbhe,1,""
2003,3,3as,,316,,,25.779633,-80.808717,gbhe,1,""
2003,3,3as,,318,,,25.7852,-80.813417,gbhe,1,""
2003,3,3as,,321,,,25.778417,-80.832567,gbhe,1,""
2003,3,3as,,322,,,25.77935,-80.8326,gbhe,1,""
2003,3,3as,,327,,,25.785483,-80.833233,gbhe,1,""
2003,3,3as,,328,,,25.7859,-80.839967,gbhe,1,""
2003,3,3as,,329,,,25.786617,-80.83995,gbhe,1,""
2003,3,3as,,333,,,25.788467,-80.839783,gbhe,2,""
2003,3,3as,,334,,,25.789833,-80.839783,gbhe,1,""
2003,3,3as,,335,,,25.792333,-80.835917,gbhe,1,""
2003,3,3as,,340,,,25.7881,-80.824617,gbhe,1,""
2003,3,3as,,341,,,25.790667,-80.81525,gbhe,1,""
2003,3,3as,,344,,,25.787733,-80.808817,gbhe,2,""
2003,3,3as,,346,,,25.7929,-80.793933,gbhe,1,""
2003,3,3as,,347,,,25.79085,-80.790733,gbhe,1,""
2003,3,3as,,349,,,25.794067,-80.7877,gbhe,1,""
2003,3,3as,,350,,,25.7941,-80.786533,gbhe,1,""
2003,3,3as,,352,,,25.788067,-80.776233,gbhe,1,""
2003,3,3as,,356,,,25.790783,-80.773967,gbhe,1,""
2003,3,3as,,363,,,25.788133,-80.772117,gbhe,1,""
2003,3,3as,,367,,,25.793433,-80.771033,gbhe,1,""
2003,3,3as,,368,,,25.7937,-80.769717,gbhe,1,""
2003,3,3as,,370,,,25.787633,-80.766867,gbhe,1,""
2003,3,3as,,382,,,25.793933,-80.731717,gbhe,1,""
2003,3,3as,,387,,,25.790683,-80.731483,gbhe,1,""
2003,3,3as,,443,,,25.80235,-80.68035,gbhe,1,""
2003,3,3as,,474,,,25.796467,-80.731617,gbhe,1,""
2003,3,3as,,475,,,25.801983,-80.74645,gbhe,2,""
2003,3,3as,,478,,,25.8029,-80.753367,gbhe,1,""
2003,3,3as,,480,,,25.797317,-80.759567,gbhe,1,""
2003,3,3as,,481,,,25.795467,-80.759233,gbhe,1,""
2003,3,3as,,482,,,25.79475,-80.760067,gbhe,1,""
2003,3,3as,,484,,,25.80175,-80.762617,gbhe,1,""
2003,3,3as,,488,,,25.79645,-80.770267,gbhe,1,""
2003,3,3as,,490,,,25.79595,-80.775833,gbhe,1,""
2003,3,3as,,492,,,25.798283,-80.782633,gbhe,1,""
2003,3,3as,,504,,,25.800917,-80.803517,gbhe,1,""
2003,3,3as,,508,,,25.796217,-80.823017,gbhe,1,""
2003,3,3as,,510,,,25.799583,-80.838383,gbhe,2,""
2003,3,3as,,512,,,25.795367,-80.837617,gbhe,2,""
2003,3,3as,,518,,,25.808783,-80.837,gbhe,2,""
2003,3,3as,,524,,,25.804967,-80.8073,gbhe,1,""
2003,3,3as,,527,,,25.81035,-80.808067,gbhe,1,""
2003,3,3as,,531,,,25.806367,-80.796283,gbhe,1,""
2003,3,3as,,534,,,25.8068,-80.790667,gbhe,1,""
2003,3,3as,,538,,,25.8052,-80.782083,gbhe,1,""
2003,3,3as,,542,,,25.805617,-80.762983,gbhe,1,""
2003,3,3as,,544,,,25.804217,-80.74465,gbhe,1,""
2003,3,3as,,546,,,25.809233,-80.737917,gbhe,2,""
2003,3,3as,,548,,,25.810083,-80.7309,gbhe,1,""
2003,3,3as,,556,,,25.810533,-80.721283,gbhe,1,""
2003,3,3as,,557,,,25.808417,-80.716183,gbhe,1,""
2003,3,3as,,569,,,25.807033,-80.706283,gbhe,1,""
2003,3,3as,,644,,,25.81545,-80.714467,gbhe,1,""
2003,3,3as,,647,,,25.811233,-80.72635,gbhe,1,""
2003,3,3as,,663,,,25.812417,-80.767033,gbhe,1,""
2003,3,3as,,669,,,25.814767,-80.7759,gbhe,1,""
2003,3,3as,,669,,,25.814667,-80.775833,gbhe,1,""
2003,3,3as,,671,,,25.811433,-80.780817,gbhe,1,""
2003,3,3as,,680,,,25.817333,-80.837567,gbhe,1,""
2003,3,3as,,681,,,25.82535,-80.83905,gbhe,1,""
2003,3,3as,,685,,,25.824983,-80.807417,gbhe,1,""
2003,3,3as,,699,,,25.82365,-80.72465,gbhe,1,""
2003,3,3as,,700,,,25.823617,-80.721817,gbhe,1,""
2003,3,3as,,704,,,25.8235,-80.719783,gbhe,1,""
2003,3,3as,,705,,,25.8263,-80.717517,gbhe,1,""
2003,3,3as,,727,,,25.81895,-80.6715,gbhe,1,""
2003,3,3as,,777,,,25.829233,-80.663233,gbhe,1,""
2003,3,3as,,781,,,25.82705,-80.6691,gbhe,1,""
2003,3,3as,,807,,,25.831733,-80.722767,gbhe,1,""
2003,3,3as,,816,,,25.830717,-80.7567,gbhe,1,""
2003,3,3as,,818,,,25.829717,-80.759333,gbhe,1,""
2003,3,3as,,830,,,25.827083,-80.830717,gbhe,2,""
2003,3,3as,,831,,,25.831833,-80.838867,gbhe,1,""
2003,3,3as,,832,,,25.834767,-80.8377,gbhe,1,""
2003,3,3as,,833,,,25.836083,-80.832367,gbhe,1,""
2003,3,3as,,834,,,25.836617,-80.8331,gbhe,1,""
2003,3,3as,,837,,,25.837783,-80.818533,gbhe,5,""
2003,3,3as,,841,,,25.84065,-80.78555,gbhe,1,""
2003,3,3as,,849,,,25.836117,-80.755417,gbhe,1,""
2003,3,3as,,872,,,25.835483,-80.6855,gbhe,1,""
2003,3,3as,,875,,,25.835867,-80.665833,gbhe,1,""
2003,3,3as,,876,,,25.840917,-80.662333,gbhe,1,""
2003,3,3as,,932,,,25.85105,-80.673383,gbhe,1,""
2003,3,3as,,934,,,25.846117,-80.6778,gbhe,1,""
2003,3,3as,,943,,,25.850433,-80.704567,gbhe,1,""
2003,3,3as,,944,,,25.8463,-80.703083,gbhe,1,""
2003,3,3as,,949,,,25.844883,-80.721383,gbhe,1,""
2003,3,3as,,963,,,25.843,-80.794933,gbhe,1,""
2003,3,3as,,974,,,25.852767,-80.806533,gbhe,3,""
2003,3,3as,,977,,,25.85835,-80.79355,gbhe,3,""
2003,3,3as,,1001,,,25.850833,-80.693167,gbhe,1,""
2003,3,3as,,1054,,,25.860967,-80.72485,gbhe,1,""
2003,3,3as,,1074,,,25.861933,-80.780317,gbhe,1,""
2003,3,3as,,1085,,,25.87315,-80.83955,gbhe,1,""
2003,3,3as,,1086,,,25.8734,-80.816767,gbhe,1,""
2003,3,3as,,1096,,,25.871033,-80.801883,gbhe,1,""
2003,3,3as,,1099,,,25.872983,-80.796933,gbhe,1,""
2003,3,3as,,1103,,,25.868583,-80.7827,gbhe,1,""
2003,3,3as,,1105,,,25.871483,-80.77665,gbhe,1,""
2003,3,3as,,1122,,,25.8723,-80.65855,gbhe,2,""
2003,3,3as,,1132,,,25.87325,-80.6325,gbhe,1,""
2003,3,3as,,1143,,,25.8754,-80.6456,gbhe,1,""
2003,3,3as,,1171,,,25.882033,-80.724683,gbhe,1,""
2003,3,3as,,1173,,,25.879717,-80.725133,gbhe,1,""
2003,3,3as,,1175,,,25.874867,-80.73585,gbhe,1,""
2003,3,3as,,1179,,,25.87515,-80.7555,gbhe,1,""
2003,3,3as,,1183,,,25.881467,-80.7559,gbhe,1,""
2003,3,3as,,1196,,,25.8782,-80.8031,gbhe,1,""
2003,3,3as,,1204,,,25.879433,-80.830217,gbhe,1,""
2003,3,3as,,1205,,,25.878067,-80.835333,gbhe,2,""
2003,3,3as,,1208,,,25.8852,-80.812117,gbhe,1,""
2003,3,3as,,1210,,,25.886133,-80.811517,gbhe,1,""
2003,3,3as,,1218,,,25.888233,-80.800367,gbhe,2,""
2003,3,3as,,1219,,,25.884433,-80.797767,gbhe,1,""
2003,3,3as,,1221,,,25.887333,-80.7815,gbhe,1,""
2003,3,3as,3a,1222,fontana,FONTANA,25.887233,-80.7712,gbhe,1,""
2003,3,3as,3a,1222,fontana,FONTANA,25.888583,-80.7705,gbhe,1,""
2003,3,3as,,1223,,,25.884667,-80.76645,gbhe,1,""
2003,3,3as,,1224,,,25.884417,-80.760817,gbhe,1,""
2003,3,3as,,1224,,,25.884683,-80.760333,gbhe,1,""
2003,3,3as,,1248,,,25.883267,-80.637,gbhe,3,""
2003,3,3as,,1277,,,25.895167,-80.662783,gbhe,1,""
2003,3,3as,,1287,,,25.89375,-80.676467,gbhe,1,""
2003,3,3as,,1303,,,25.894667,-80.720067,gbhe,1,""
2003,3,3as,,1309,,,25.894867,-80.738233,gbhe,1,""
2003,3,3as,,1322,,,25.893567,-80.79185,gbhe,1,""
2003,3,3as,,1323,,,25.89195,-80.793433,gbhe,1,""
2003,3,3as,,1340,,,25.906217,-80.766667,gbhe,2,""
2003,3,3as,,1341,,,25.8986,-80.769383,gbhe,1,""
2003,3,3as,,1350,,,25.901033,-80.741117,gbhe,1,""
2003,3,3as,,1355,,,25.901433,-80.738833,gbhe,2,""
2003,3,3as,,1367,,,25.906533,-80.66465,gbhe,1,""
2003,3,3as,,1378,,,25.89915,-80.629067,gbhe,2,""
2003,3,3as,,1396,,,25.910317,-80.656333,gbhe,2,""
2003,3,3as,,1400,,,25.9148,-80.660433,gbhe,1,""
2003,3,3as,,1410,,,25.907783,-80.704433,gbhe,1,""
2003,3,3as,,1416,,,25.91465,-80.722833,gbhe,1,""
2003,3,3as,,1452,,,25.913483,-80.77345,gbhe,2,""
2003,3,3as,,1458,,,25.909017,-80.780233,gbhe,1,""
2003,3,3as,,1460,,,25.909883,-80.780817,gbhe,1,""
2003,3,3as,,1466,,,25.9148,-80.791017,gbhe,3,""
2003,3,3as,,1473,,,25.92365,-80.828,gbhe,1,""
2003,3,3as,,1480,,,25.916517,-80.783533,gbhe,3,""
2003,3,3as,,1494,,,25.916917,-80.733017,gbhe,1,""
2003,3,3as,,1498,,,25.918267,-80.7242,gbhe,1,""
2003,3,3as,,1502,,,25.921517,-80.723417,gbhe,1,""
2003,3,3as,,1542,,,25.928633,-80.687283,gbhe,1,""
2003,3,3as,,1548,,,25.933067,-80.7141,gbhe,2,""
2003,3,3as,,1556,,,25.932733,-80.739383,gbhe,1,""
2003,3,3as,,1571,,,25.928183,-80.77045,gbhe,1,""
2003,3,3as,,1578,,,25.932133,-80.781267,gbhe,1,""
2003,3,3as,,1580,,,25.932267,-80.78905,gbhe,2,""
2003,3,3as,,1607,,,25.939833,-80.745217,gbhe,1,""
2003,3,3as,,1615,,,25.937483,-80.71845,gbhe,1,""
2003,3,3as,,1629,,,25.936133,-80.64975,gbhe,1,""
2003,3,3as,,1646,,,25.946383,-80.63145,gbhe,1,""
2003,3,3as,,1648,,,25.948533,-80.639617,gbhe,2,""
2003,3,3as,,1650,,,25.94865,-80.655383,gbhe,1,""
2003,3,3as,,1661,,,25.9422,-80.680033,gbhe,1,""
2003,3,3as,,1663,,,25.9445,-80.686383,gbhe,1,""
2003,3,3as,,1665,,,25.94205,-80.689533,gbhe,1,""
2003,3,3as,,1671,,,25.94355,-80.732983,gbhe,1,""
2003,3,3as,,1675,,,25.949083,-80.740417,gbhe,1,""
2003,3,3as,,1676,,,25.944917,-80.742517,gbhe,1,""
2003,3,3as,,1690,,,25.948317,-80.758517,gbhe,1,""
2003,3,3as,,1696,,,25.948617,-80.777533,gbhe,1,""
2003,3,3as,,1711,,,25.953933,-80.784117,gbhe,1,""
2003,3,3as,,1714,,,25.955217,-80.772683,gbhe,1,""
2003,3,3as,,1714,,,25.955617,-80.77265,gbhe,1,""
2003,3,3as,,1714,,,25.95525,-80.7725,gbhe,3,""
2003,3,3as,,1727,,,25.950833,-80.729733,gbhe,2,""
2003,3,3as,,1777,,,25.96485,-80.648883,gbhe,2,""
2003,3,3as,,1787,,,25.966483,-80.740733,gbhe,2,""
2003,3,3as,,1792,,,25.964117,-80.769833,gbhe,1,""
2003,3,3as,,1803,,,25.963233,-80.813233,gbhe,1,""
2003,3,3as,,1812,,,25.971383,-80.813667,gbhe,1,""
2003,3,3as,,1812,,,25.971333,-80.8136,gbhe,1,""
2003,3,3as,,1833,,,25.968867,-80.7455,gbhe,1,""
2003,3,3as,,1837,,,25.9743,-80.723633,gbhe,1,""
2003,3,3as,,1857,,,25.969783,-80.657967,gbhe,1,""
2003,3,3as,,1862,,,25.9726,-80.640617,gbhe,1,""
2003,3,3as,,1868,,,25.975017,-80.6261,gbhe,3,""
2003,3,3as,,1873,,,25.978233,-80.658217,gbhe,3,""
2003,3,3as,,1893,,,25.978667,-80.79395,gbhe,1,""
2003,3,3as,,1895,,,25.980717,-80.8003,gbhe,1,""
2003,3,3as,,1918,,,25.991433,-80.774733,gbhe,1,""
2003,3,3as,,1962,,,25.9966,-80.720233,gbhe,1,""
2003,3,3as,,1964,,,25.991767,-80.726083,gbhe,2,""
2003,3,3as,,1966,,,25.99595,-80.731417,gbhe,1,""
2003,3,3as,,1984,,,26.002567,-80.778267,gbhe,1,""
2003,3,3as,,1992,,,26.001033,-80.7328,gbhe,1,""
2003,3,3as,,2058,,,26.016167,-80.607817,gbhe,1,""
2003,3,3as,,2076,,,26.02915,-80.775367,gbhe,1,""
2003,3,3as,,2085,,outside cypress,26.040667,-80.832417,gbhe,1,""
2003,3,3as,,2091,,,26.030533,-80.763,gbhe,2,""
2003,3,3as,,2096,,,26.03435,-80.759583,gbhe,1,""
2003,3,3as,,2117,,,26.040667,-80.59995,gbhe,2,""
2003,3,3as,,2133,,,26.0394,-80.7226,gbhe,2,""
2003,3,3as,,2156,,,26.047933,-80.763633,gbhe,1,""
2003,3,3as,,2163,,,26.054717,-80.733333,gbhe,1,""
2003,3,3as,,2167,,,26.050533,-80.677467,gbhe,2,""
2003,3,3as,,2189,,,26.06085,-80.846817,gbhe,2,""
2003,3,3as,,2301,,,26.117417,-80.752767,gbhe,1,""
2003,3,3as,,2399,,,26.141783,-80.8184,gbhe,1,""
2003,3,3as,,3435,,,25.7778,-80.759783,gbhe,1,""
2003,3,3as,,2226,,,26.07585,-80.733117,glib,2,""
2003,3,3as,,9,,,25.766333,-80.678667,greg,6,""
2003,3,3as,,449,,,25.796833,-80.69,greg,10,""
2003,3,3as,,449,,,25.796833,-80.69,greg,10,""
2003,3,3as,,556,,,25.810533,-80.721283,greg,2,""
2003,3,3as,,727,,,25.81895,-80.6715,greg,3,""
2003,3,3as,,729,,,25.824,-80.671667,greg,16,""
2003,3,3as,,729,,,25.823583,-80.671483,greg,1,""
2003,3,3as,,837,,,25.837783,-80.818533,greg,2,""
2003,3,3as,,967,,,25.843533,-80.83545,greg,1,""
2003,3,3as,,1007,,,25.8525,-80.675167,greg,3,""
2003,3,3as,3a,1222,fontana,FONTANA,25.888583,-80.7705,greg,1,""
2003,3,3as,,1323,,,25.89195,-80.793433,greg,1,""
2003,3,3as,,1378,,,25.89915,-80.629067,greg,2,""
2003,3,3as,,1396,,,25.910317,-80.656333,greg,2,""
2003,3,3as,,1494,,,25.916917,-80.733017,greg,3,""
2003,3,3as,,1812,,,25.971333,-80.8136,greg,1,""
2003,3,3as,,1840,,,25.973667,-80.7035,greg,37,""
2003,3,3as,,1842,,,25.972833,-80.704167,greg,21,""
2003,3,3as,,1872,,,25.979467,-80.6545,greg,3,""
2003,3,3as,,2065,,,26.0261,-80.6556,greg,9,""
2003,3,3as,,2299,,,26.10875,-80.797067,greg,8,""
2003,3,3as,,2306,,,26.1175,-80.662167,greg,10,""
2003,3,3as,,2307,,,26.114,-80.656667,greg,20,""
2003,3,3as,,2309,,,26.123167,-80.654833,greg,36,""
2003,3,3as,,2310,,,26.1185,-80.6525,greg,35,""
2003,3,3as,3a,1217,robs,Robs,25.888983,-80.804183,lbhe,20,""
2003,3,3as,3a,1222,fontana,FONTANA,25.888583,-80.7705,lbhe,5,""
2003,3,3as,,1475,,,25.919967,-80.79875,lbhe,3,""
2003,3,3as,,1734,,,25.957467,-80.72325,lbhe,3,""
2003,3,3as,,1808,,,25.965483,-80.820683,lbhe,30,""
2003,3,3as,,1902,,,25.986233,-80.820567,lbhe,4,""
2003,3,3as,,1993,,,26.00215,-80.72885,lbhe,2,""
2003,3,3as,,2024,,,26.01285,-80.77045,lbhe,5,""
2003,3,3as,,2030,,,26.015967,-80.794433,lbhe,23,""
2003,3,3as,,2090,,,26.036717,-80.789983,lbhe,5,""
2003,3,3as,,2099,,,26.0346,-80.760317,lbhe,3,""
2003,3,3as,,2123,,,26.04555,-80.64905,lbhe,5,""
2003,3,3as,,2134,,,26.043867,-80.722333,lbhe,5,""
2003,3,3as,,2144,,,26.041567,-80.801883,lbhe,4,""
2003,3,3as,,2146,,,26.039117,-80.80965,lbhe,10,""
2003,3,3as,,2146,,,26.039117,-80.80965,lbhe,10,""
2003,3,3as,,2167,,,26.050533,-80.677467,lbhe,10,""
2003,3,3as,,2191,,1999,26.071233,-80.80805,lbhe,40,""
2003,3,3as,,2194,,,26.067383,-80.7933,lbhe,2,""
2003,3,3as,,2200,,,26.070817,-80.6765,lbhe,10,""
2003,3,3as,,2219,,,26.07475,-80.6929,lbhe,4,""
2003,3,3as,,2232,,,26.0869,-80.777267,lbhe,20,""
2003,3,3as,,2264,,,26.099983,-80.76835,lbhe,9,""
2003,3,3as,,2389,,,26.127333,-80.723617,lbhe,10,""
2003,3,3as,,2400,,,26.151517,-80.811267,lbhe,1,""
2003,3,3as,,2423,,,26.140017,-80.785383,lbhe,32,""
2003,3,3as,3a,1222,fontana,FONTANA,25.888583,-80.7705,sneg,1,""
2003,3,3as,,1902,,,25.986233,-80.820567,sneg,1,""
2003,3,3as,,2090,,,26.036717,-80.789983,sneg,5,""
2003,3,3as,,2099,,,26.0346,-80.760317,sneg,5,""
2003,3,3as,,2123,,,26.04555,-80.64905,sneg,3,""
2003,3,3as,,2146,,,26.039117,-80.80965,sneg,1,""
2003,3,3as,,2146,,,26.039117,-80.80965,sneg,1,""
2003,3,3as,,1030,,,25.864133,-80.634433,trhe,3,""
2003,3,3as,,1340,,,25.906217,-80.766667,trhe,2,""
2003,3,3as,,1410,,,25.907783,-80.704433,trhe,1,""
2003,3,3as,,1449,,,25.910633,-80.7675,trhe,1,""
2003,3,3as,,1575,,,25.927117,-80.777533,trhe,6,""
2003,3,3as,,1583,,,25.92555,-80.780033,trhe,3,""
2003,3,3as,,1599,,,25.93895,-80.76525,trhe,1,""
2003,3,3as,,1699,,,25.950633,-80.775383,trhe,1,""
2003,3,3as,,1733,,,25.953183,-80.718033,trhe,2,""
2003,3,3as,,1785,,,25.960267,-80.733967,trhe,1,""
2003,3,3as,,1786,,,25.965767,-80.737567,trhe,1,""
2003,3,3as,,1853,,,25.972167,-80.672133,trhe,2,""
2003,3,3as,,1872,,,25.979467,-80.6545,trhe,1,""
2003,3,3as,,1889,,,25.980083,-80.760767,trhe,1,""
2003,3,3as,,1927,,,25.986717,-80.707033,trhe,2,""
2003,3,3as,1,1948,the_edge,the edge,25.996483,-80.659933,trhe,4,""
2003,3,3as,,1962,,,25.9966,-80.720233,trhe,1,""
2003,3,3as,,1993,,,26.00215,-80.72885,trhe,2,""
2003,3,3as,,1997,,,26.005133,-80.7136,trhe,1,""
2003,3,3as,,2028,,,26.010383,-80.788967,trhe,2,""
2003,3,3as,,2065,,,26.0261,-80.6556,trhe,1,""
2003,3,3as,,2074,,,26.028817,-80.75625,trhe,2,""
2003,3,3as,,2074,,,26.02885,-80.756133,trhe,3,""
2003,3,3as,,2075,,,26.02825,-80.776817,trhe,2,""
2003,3,3as,,2103,,,26.038633,-80.735967,trhe,2,""
2003,3,3as,,2111,,,26.03415,-80.651567,trhe,2,""
2003,3,3as,,2136,,,26.041883,-80.755933,trhe,2,""
2003,3,3as,,2144,,,26.041567,-80.801883,trhe,1,""
2003,3,3as,,2154,,,26.05,-80.782383,trhe,3,""
2003,3,3as,,2156,,,26.047933,-80.763633,trhe,2,""
2003,3,3as,,2163,,,26.054717,-80.733333,trhe,7,""
2003,3,3as,,2183,,,26.05615,-80.78525,trhe,2,""
2003,3,3as,,2206,,,26.069117,-80.646767,trhe,1,""
2003,3,3as,,2209,,,26.069683,-80.634917,trhe,1,""
2003,3,3as,,2226,,,26.07585,-80.733117,trhe,1,""
2003,3,3as,,2273,,,26.101567,-80.610217,trhe,1,""
2003,3,3as,,2400,,,26.151517,-80.811267,trhe,30,""
2003,3,3as,,2065,,,26.0261,-80.6556,whib,1,""
2003,3,3as,,2134,,,26.043867,-80.722333,whib,2,""
2003,3,3ase,,2113,,,26.035883,-80.520433,anhi,2,""
2003,3,3ase,,2211,,,26.066867,-80.566283,anhi,1,""
2003,3,3ase,,2278,,,26.109,-80.499167,greg,6,""
2003,3,3b,,4,,,25.763183,-80.561517,anhi,1,""
2003,3,3b,,4,,,25.76375,-80.561433,anhi,3,""
2003,3,3b,,177,,,25.773767,-80.617183,anhi,1,""
2003,3,3b,,184,,,25.775867,-80.561983,anhi,1,""
2003,3,3b,,192,,,25.7804,-80.52955,anhi,1,""
2003,3,3b,,194,,,25.784283,-80.529417,anhi,3,""
2003,3,3b,,415,,,25.79145,-80.5618,anhi,1,""
2003,3,3b,,422,,3B Mud East,25.801333,-80.49,anhi,106,""
2003,3,3b,,429,,,25.796417,-80.561483,anhi,1,""
2003,3,3b,,434,,,25.797633,-80.5968,anhi,1,""
2003,3,3b,,771,,,25.833233,-80.527817,anhi,1,""
2003,3,3b,,913,,,25.849117,-80.519067,anhi,3,""
2003,3,3b,,918,,,25.847,-80.52755,anhi,4,""
2003,3,3b,,918,,,25.84775,-80.52735,anhi,1,""
2003,3,3b,,1027,,,25.864983,-80.515533,anhi,4,""
2003,3,3b,,1140,,,25.879117,-80.5295,anhi,2,""
2003,3,3b,,1251,,,25.887817,-80.554267,anhi,3,""
2003,3,3b,,1252,,,25.88815,-80.552967,anhi,6,""
2003,3,3b,,2702,,,25.914267,-80.477067,anhi,6,""
2003,3,3b,,422,,3B Mud East,25.801333,-80.49,bcnh,5,""
2003,3,3b,,176,,,25.773717,-80.644067,gbhe,2,""
2003,3,3b,,177,,,25.773767,-80.617183,gbhe,1,""
2003,3,3b,,178,,,25.770817,-80.610133,gbhe,2,""
2003,3,3b,,179,,,25.777467,-80.5925,gbhe,1,""
2003,3,3b,,180,,,25.771867,-80.590333,gbhe,3,""
2003,3,3b,,181,,,25.77165,-80.583683,gbhe,1,""
2003,3,3b,,182,,,25.775083,-80.570517,gbhe,1,""
2003,3,3b,,186,,,25.777867,-80.564567,gbhe,1,""
2003,3,3b,,192,,,25.779883,-80.529583,gbhe,1,""
2003,3,3b,,192,,,25.781317,-80.5295,gbhe,1,""
2003,3,3b,,201,,,25.783783,-80.5614,gbhe,1,""
2003,3,3b,,204,,,25.782417,-80.56765,gbhe,1,""
2003,3,3b,,207,,,25.784133,-80.574483,gbhe,1,""
2003,3,3b,,208,,,25.7868,-80.57055,gbhe,1,""
2003,3,3b,,208,,,25.78605,-80.570367,gbhe,1,""
2003,3,3b,,209,,,25.78535,-80.561533,gbhe,1,""
2003,3,3b,,210,,,25.7813,-80.584617,gbhe,1,""
2003,3,3b,,214,,,25.785033,-80.604383,gbhe,1,""
2003,3,3b,,216,,,25.78125,-80.611733,gbhe,1,""
2003,3,3b,,217,,,25.77975,-80.612783,gbhe,3,""
2003,3,3b,,409,,,25.78695,-80.597383,gbhe,1,""
2003,3,3b,,410,,,25.787817,-80.593233,gbhe,1,""
2003,3,3b,,413,,,25.788117,-80.573533,gbhe,1,""
2003,3,3b,,416,,,25.786933,-80.5295,gbhe,1,""
2003,3,3b,,416,,,25.786233,-80.52945,gbhe,1,""
2003,3,3b,,432,,,25.797617,-80.56855,gbhe,1,""
2003,3,3b,,439,,,25.797683,-80.63605,gbhe,1,""
2003,3,3b,,768,,,25.8339,-80.504383,gbhe,1,""
2003,3,3b,,901,,,25.84095,-80.525717,gbhe,1,""
2003,3,3b,,903,,,25.841067,-80.52375,gbhe,2,""
2003,3,3b,,913,,,25.849117,-80.519067,gbhe,1,""
2003,3,3b,,913,,,25.849117,-80.519067,gbhe,1,""
2003,3,3b,,917,diana_old,,25.84745,-80.5237,gbhe,1,""
2003,3,3b,,918,,,25.847,-80.52755,gbhe,1,""
2003,3,3b,,918,,,25.84775,-80.52735,gbhe,1,""
2003,3,3b,,1027,,,25.864983,-80.515533,gbhe,1,""
2003,3,3b,,1140,,,25.879117,-80.5295,gbhe,1,""
2003,3,3b,,1252,,,25.88815,-80.552967,gbhe,1,""
2003,3,3b,,1255,,,25.88605,-80.528417,gbhe,1,""
2003,3,3b,,1263,,,25.89505,-80.509517,gbhe,1,""
2003,3,3b,,1269,,,25.894317,-80.514033,gbhe,1,""
2003,3,3b,,1272,,,25.893083,-80.548867,gbhe,1,""
2003,3,3b,,1638,,,25.93535,-80.512233,gbhe,1,""
2003,3,3b,,1772,,,25.960283,-80.503233,gbhe,1,""
2003,3,3b,,1866,,,25.977817,-80.481583,gbhe,1,""
2003,3,3b,,2702,,,25.914267,-80.477067,gbhe,1,""
2003,3,3b,,2710,,,25.970333,-80.4831,gbhe,1,""
2003,3,3b,,217,,,25.77975,-80.612783,greg,3,""
2003,3,3b,,619,,,25.817,-80.604333,greg,10,""
2003,3,3b,,749,,,25.825833,-80.6395,greg,12,""
2003,3,3b,,756,,,25.819567,-80.5073,greg,5,""
2003,3,3b,,771,,,25.833233,-80.527817,greg,2,""
2003,3,3b,,895,,,25.838333,-80.532167,greg,15,""
2003,3,3b,,913,,,25.849117,-80.519067,greg,7,""
2003,3,3b,,913,,,25.849117,-80.519067,greg,7,""
2003,3,3b,,917,diana_old,,25.84745,-80.5237,greg,6,""
2003,3,3b,,918,,,25.84775,-80.52735,greg,1,""
2003,3,3b,,1027,,,25.864983,-80.515533,greg,9,""
2003,3,3b,,1140,,,25.879117,-80.5295,greg,1,""
2003,3,3b,,1269,,,25.894317,-80.514033,greg,1,""
2003,3,3b,,1527,,,25.925333,-80.519833,greg,7,""
2003,3,3b,,2702,,,25.914267,-80.477067,greg,1,""
2003,3,3b,,1382,,,25.903383,-80.567333,lbhe,4,""
2004,1,1,1,2580,,,26.369483,-80.285883,anhi,1,""
2004,1,1,1,2581,,,26.36845,-80.287833,anhi,2,""
2004,1,1,1,2581,,,26.3684,-80.287567,anhi,10,""
2004,1,1,1,2593,,,26.369917,-80.295,anhi,3,""
2004,1,1,1,2596,,,26.368867,-80.29695,anhi,4,""
2004,1,1,1,2596,,,26.369033,-80.296367,anhi,2,""
2004,1,1,1,2767,,,26.574233,-80.2756,anhi,1,""
2004,1,1,1,2807,,,26.557567,-80.258583,anhi,5,""
2004,1,1,1,2807,,,26.557383,-80.2585,anhi,1,""
2004,1,1,1,2808,,,26.5573,-80.257417,anhi,2,""
2004,1,1,1,2808,,,26.558817,-80.257183,anhi,6,""
2004,1,1,1,2808,,,26.557917,-80.256617,anhi,3,""
2004,1,1,1,2813,,,26.5454,-80.24365,anhi,2,""
2004,1,1,1,2815,,,26.54285,-80.243217,anhi,2,""
2004,1,1,1,2840,,,26.527867,-80.322417,anhi,1,""
2004,1,1,1,2840,,,26.528383,-80.321483,anhi,1,""
2004,1,1,1,2864,,,26.5151,-80.270383,anhi,5,""
2004,1,1,1,2864,,,26.513167,-80.269817,anhi,2,""
2004,1,1,1,2876,,,26.516983,-80.345267,anhi,1,""
2004,1,1,1,2888,,,26.513067,-80.372117,anhi,1,""
2004,1,1,1,2902,,,26.510033,-80.3241,anhi,1,""
2004,1,1,1,2902,,,26.509983,-80.324017,anhi,1,""
2004,1,1,1,2902,,,26.50975,-80.32345,anhi,1,""
2004,1,1,1,2914,,,26.511233,-80.291733,anhi,2,""
2004,1,1,1,2939,,,26.495283,-80.2528,anhi,12,""
2004,1,1,1,2962,,,26.399267,-80.2813,anhi,1,""
2004,1,1,1,2995,,,26.412617,-80.311683,anhi,1,""
2004,1,1,1,2998,,,26.413833,-80.285417,anhi,1,""
2004,1,1,1,3002,,,26.41285,-80.27665,anhi,1,""
2004,1,1,1,3004,,,26.410067,-80.26875,anhi,1,""
2004,1,1,1,3074,,,26.429083,-80.270783,anhi,2,""
2004,1,1,1,3129,,,26.445183,-80.283633,anhi,3,""
2004,1,1,1,3140,,,26.44755,-80.260983,anhi,1,""
2004,1,1,1,3141,,,26.446617,-80.2579,anhi,3,""
2004,1,1,1,3141,,,26.447167,-80.2574,anhi,2,""
2004,1,1,1,3142,,,26.44505,-80.2585,anhi,2,""
2004,1,1,1,3142,,,26.445217,-80.258333,anhi,3,""
2004,1,1,1,3142,,,26.44525,-80.257767,anhi,4,""
2004,1,1,1,3142,,,26.445033,-80.257317,anhi,2,""
2004,1,1,1,3154,,,26.448583,-80.244917,anhi,3,""
2004,1,1,1,3156,,,26.446717,-80.245383,anhi,1,""
2004,1,1,1,3157,,8,26.445917,-80.246667,anhi,5,""
2004,1,1,1,3157,,,26.446767,-80.246533,anhi,9,""
2004,1,1,1,3157,,,26.447383,-80.245983,anhi,1,""
2004,1,1,1,3159,,,26.448983,-80.242767,anhi,21,""
2004,1,1,1,3161,,,26.449467,-80.2435,anhi,1,""
2004,1,1,1,3162,,,26.450267,-80.242283,anhi,2,""
2004,1,1,1,3168,,NEWCOL2,26.4574,-80.242767,anhi,4,""
2004,1,1,1,3168,,NEWCOL2,26.460467,-80.242383,anhi,1,""
2004,1,1,1,3168,,NEWCOL2,26.457633,-80.242317,anhi,14,""
2004,1,1,1,3168,,NEWCOL2,26.457767,-80.242183,anhi,7,""
2004,1,1,1,3168,,,26.451783,-80.240767,anhi,1,""
2004,1,1,1,3171,,,26.46065,-80.245217,anhi,12,""
2004,1,1,1,3176,,,26.4567,-80.253733,anhi,1,""
2004,1,1,1,3177,,,26.457433,-80.263017,anhi,1,""
2004,1,1,1,3181,,,26.451933,-80.262117,anhi,1,""
2004,1,1,1,3181,,,26.45145,-80.26205,anhi,1,""
2004,1,1,1,3181,,,26.452617,-80.2609,anhi,2,""
2004,1,1,1,3187,,,26.45295,-80.2832,anhi,1,""
2004,1,1,1,3187,,,26.453567,-80.282867,anhi,2,""
2004,1,1,1,3217,wonton,Wonton,26.462517,-80.372633,anhi,42,""
2004,1,1,1,3260,,,26.473633,-80.285433,anhi,1,""
2004,1,1,1,3265,,,26.471667,-80.295683,anhi,1,""
2004,1,1,1,3278,,,26.474767,-80.35945,anhi,1,""
2004,1,1,1,3320,,,26.475983,-80.290367,anhi,1,""
2004,1,1,1,3320,,,26.476233,-80.290033,anhi,4,""
2004,1,1,1,3343,,,26.488267,-80.363217,anhi,3,""
2004,1,1,1,3346,,,26.492267,-80.37255,anhi,3,""
2004,1,1,1,3347,,,26.494767,-80.373133,anhi,1,""
2004,1,1,1,3363,,,26.48385,-80.36295,anhi,1,""
2004,1,1,1,3374,,,26.5588,-80.261617,anhi,7,""
2004,1,1,1,3397,,,26.44165,-80.2679,anhi,1,""
2004,1,1,1,3402,,,26.42595,-80.301483,anhi,1,""
2004,1,1,1,2580,,,26.369483,-80.285883,bcnh,1,""
2004,1,1,1,2581,,,26.36915,-80.287717,bcnh,6,""
2004,1,1,1,2765,,,26.570617,-80.286583,bcnh,2,""
2004,1,1,1,2944,,,26.489117,-80.2663,bcnh,3,""
2004,1,1,1,3168,,NEWCOL2,26.460917,-80.242717,bcnh,1,""
2004,1,1,1,3174,,,26.4637,-80.245617,bcnh,9,""
2004,1,1,1,3346,,,26.492267,-80.37255,bcnh,5,""
2004,1,1,1,3346,,,26.492133,-80.372317,bcnh,80,""
2004,1,1,1,3354,,,26.490533,-80.379617,bcnh,8,""
2004,1,1,1,3355,,,26.486783,-80.37865,bcnh,1,""
2004,1,1,1,2581,,,26.3684,-80.287567,gbhe,1,""
2004,1,1,1,2589,,,26.374667,-80.295,gbhe,5,""
2004,1,1,1,2589,,,26.374583,-80.294533,gbhe,6,""
2004,1,1,1,2592,,,26.368867,-80.29355,gbhe,1,""
2004,1,1,1,2597,,,26.367833,-80.297967,gbhe,1,""
2004,1,1,1,2745,,,26.586683,-80.28515,gbhe,1,""
2004,1,1,1,2746,,,26.588317,-80.2832,gbhe,1,""
2004,1,1,1,2748,,,26.582383,-80.287317,gbhe,1,""
2004,1,1,1,2765,,,26.570617,-80.286583,gbhe,2,""
2004,1,1,1,2769,,,26.570667,-80.278083,gbhe,1,""
2004,1,1,1,2773,,,26.568333,-80.269533,gbhe,1,""
2004,1,1,1,2774,,,26.5686,-80.267433,gbhe,1,""
2004,1,1,1,2776,,,26.565467,-80.284967,gbhe,1,""
2004,1,1,1,2780,,,26.56005,-80.285967,gbhe,1,""
2004,1,1,1,2786,,,26.56535,-80.291617,gbhe,1,""
2004,1,1,1,2791,,,26.564417,-80.288533,gbhe,1,""
2004,1,1,1,2797,,,26.557767,-80.284133,gbhe,3,""
2004,1,1,1,2799,,,26.550483,-80.2784,gbhe,1,""
2004,1,1,1,2803,,,26.55595,-80.272167,gbhe,1,""
2004,1,1,1,2804,,YAM,26.55345,-80.264217,gbhe,2,""
2004,1,1,1,2807,,,26.557567,-80.258583,gbhe,1,""
2004,1,1,1,2807,,,26.557383,-80.2585,gbhe,1,""
2004,1,1,1,2808,,,26.5573,-80.257417,gbhe,1,""
2004,1,1,1,2808,,,26.558817,-80.257183,gbhe,1,""
2004,1,1,1,2808,,,26.557917,-80.256617,gbhe,1,""
2004,1,1,1,2808,,,26.557217,-80.256417,gbhe,1,""
2004,1,1,1,2809,,,26.555617,-80.2571,gbhe,2,""
2004,1,1,1,2813,,,26.5454,-80.24365,gbhe,3,""
2004,1,1,1,2814,,,26.5444,-80.246567,gbhe,1,""
2004,1,1,1,2815,,,26.54285,-80.243217,gbhe,2,""
2004,1,1,1,2843,,,26.528667,-80.278333,gbhe,1,""
2004,1,1,1,2846,,,26.523867,-80.2798,gbhe,1,""
2004,1,1,1,2848,,,26.524583,-80.27545,gbhe,1,""
2004,1,1,1,2849,,,26.52875,-80.26815,gbhe,1,""
2004,1,1,1,2856,,,26.518983,-80.24375,gbhe,1,""
2004,1,1,1,2858,,,26.515983,-80.259233,gbhe,1,""
2004,1,1,1,2862,,,26.519217,-80.2619,gbhe,2,""
2004,1,1,1,2864,,,26.5151,-80.270383,gbhe,1,""
2004,1,1,1,2864,,,26.5142,-80.269033,gbhe,1,""
2004,1,1,1,2866,,,26.521333,-80.278533,gbhe,1,""
2004,1,1,1,2869,,,26.516817,-80.318,gbhe,1,""
2004,1,1,1,2870,,,26.5212,-80.325067,gbhe,1,""
2004,1,1,1,2872,,,26.515517,-80.325283,gbhe,1,""
2004,1,1,1,2873,,,26.515167,-80.32985,gbhe,1,""
2004,1,1,1,2874,,,26.51885,-80.332467,gbhe,1,""
2004,1,1,1,2884,,,26.508467,-80.375167,gbhe,1,""
2004,1,1,1,2901,,,26.510067,-80.3322,gbhe,1,""
2004,1,1,1,2904,,,26.504783,-80.321967,gbhe,1,""
2004,1,1,1,2905,,,26.51015,-80.318367,gbhe,1,""
2004,1,1,1,2908,,,26.5077,-80.310417,gbhe,1,""
2004,1,1,1,2909,,,26.504983,-80.303717,gbhe,1,""
2004,1,1,1,2910,,,26.506733,-80.303283,gbhe,1,""
2004,1,1,1,2911,,,26.509267,-80.3013,gbhe,1,""
2004,1,1,1,2912,,,26.509267,-80.3013,gbhe,1,""
2004,1,1,1,2914,,,26.511233,-80.291733,gbhe,1,""
2004,1,1,1,2916,,,26.510383,-80.2903,gbhe,1,""
2004,1,1,1,2918,,,26.505833,-80.29295,gbhe,1,""
2004,1,1,1,2923,,,26.504067,-80.2414,gbhe,1,""
2004,1,1,1,2925,,,26.50625,-80.241417,gbhe,1,""
2004,1,1,1,2927,,,26.507467,-80.2306,gbhe,1,""
2004,1,1,1,2928,,,26.50755,-80.238833,gbhe,1,""
2004,1,1,1,2933,,,26.498267,-80.2713,gbhe,1,""
2004,1,1,1,2938,,,26.496983,-80.242417,gbhe,1,""
2004,1,1,1,2938,,,26.496817,-80.24185,gbhe,1,""
2004,1,1,1,2939,,,26.495283,-80.2528,gbhe,1,""
2004,1,1,1,2940,,,26.503433,-80.275533,gbhe,1,""
2004,1,1,1,2962,,,26.398967,-80.2821,gbhe,1,""
2004,1,1,1,2962,,,26.398783,-80.28185,gbhe,1,""
2004,1,1,1,2962,,,26.398583,-80.281083,gbhe,1,""
2004,1,1,1,2979,,,26.408333,-80.267883,gbhe,1,""
2004,1,1,1,2980,,,26.40425,-80.268683,gbhe,1,""
2004,1,1,1,2981,,,26.401633,-80.26995,gbhe,1,""
2004,1,1,1,2981,,,26.4019,-80.26995,gbhe,1,""
2004,1,1,1,2981,,,26.407317,-80.269683,gbhe,1,""
2004,1,1,1,2982,,,26.401467,-80.271183,gbhe,1,""
2004,1,1,1,2983,,,26.40275,-80.274767,gbhe,1,""
2004,1,1,1,2995,,,26.412617,-80.311683,gbhe,1,""
2004,1,1,1,2996,,,26.4129,-80.307167,gbhe,1,""
2004,1,1,1,3007,,,26.417167,-80.2606,gbhe,1,""
2004,1,1,1,3023,,,26.426333,-80.247033,gbhe,1,""
2004,1,1,1,3024,,,26.424567,-80.2557,gbhe,1,""
2004,1,1,1,3025,,,26.418767,-80.257867,gbhe,1,""
2004,1,1,1,3026,,,26.4198,-80.25905,gbhe,1,""
2004,1,1,1,3027,,,26.419917,-80.257317,gbhe,1,""
2004,1,1,1,3050,,,26.4312,-80.313583,gbhe,1,""
2004,1,1,1,3052,,,26.4272,-80.30795,gbhe,1,""
2004,1,1,1,3053,,,26.429233,-80.305683,gbhe,1,""
2004,1,1,1,3055,,,26.43185,-80.307667,gbhe,1,""
2004,1,1,1,3057,,,26.4345,-80.295033,gbhe,1,""
2004,1,1,1,3058,,,26.43325,-80.293083,gbhe,1,""
2004,1,1,1,3059,,,26.43095,-80.293617,gbhe,1,""
2004,1,1,1,3061,,,26.4308,-80.290633,gbhe,1,""
2004,1,1,1,3062,,,26.432683,-80.291067,gbhe,1,""
2004,1,1,1,3066,,,26.434167,-80.28365,gbhe,1,""
2004,1,1,1,3072,,,26.426317,-80.272367,gbhe,1,""
2004,1,1,1,3073,,,26.4277,-80.272133,gbhe,1,""
2004,1,1,1,3077,,,26.42745,-80.253483,gbhe,1,""
2004,1,1,1,3078,,,26.429067,-80.249517,gbhe,1,""
2004,1,1,1,3080,,,26.428133,-80.245683,gbhe,2,""
2004,1,1,1,3082,,,26.440617,-80.23835,gbhe,3,""
2004,1,1,1,3085,,,26.441033,-80.2863,gbhe,1,""
2004,1,1,1,3086,,,26.4379,-80.283117,gbhe,1,""
2004,1,1,1,3087,,,26.4371,-80.284567,gbhe,1,""
2004,1,1,1,3089,,,26.43795,-80.29575,gbhe,1,""
2004,1,1,1,3090,,,26.438433,-80.288733,gbhe,3,""
2004,1,1,1,3114,,,26.447167,-80.378117,gbhe,1,""
2004,1,1,1,3118,,,26.443033,-80.360933,gbhe,1,""
2004,1,1,1,3129,,,26.445183,-80.283633,gbhe,1,""
2004,1,1,1,3132,,,26.447533,-80.2732,gbhe,1,""
2004,1,1,1,3133,,,26.451533,-80.27515,gbhe,1,""
2004,1,1,1,3154,,,26.448117,-80.245517,gbhe,1,""
2004,1,1,1,3156,,,26.446033,-80.24485,gbhe,2,""
2004,1,1,1,3157,,8,26.445917,-80.246667,gbhe,1,""
2004,1,1,1,3157,,,26.447383,-80.245983,gbhe,6,""
2004,1,1,1,3159,,,26.448983,-80.242767,gbhe,1,""
2004,1,1,1,3161,,,26.449467,-80.2435,gbhe,1,""
2004,1,1,1,3163,,,26.4436,-80.240567,gbhe,1,""
2004,1,1,1,3164,,,26.45005,-80.24005,gbhe,5,""
2004,1,1,1,3165,,,26.443767,-80.235467,gbhe,1,""
2004,1,1,1,3168,,NEWCOL2,26.461567,-80.242283,gbhe,2,""
2004,1,1,1,3170,,,26.460667,-80.245933,gbhe,2,""
2004,1,1,1,3173,,,26.45855,-80.24525,gbhe,1,""
2004,1,1,1,3175,,,26.454017,-80.25565,gbhe,1,""
2004,1,1,1,3175,,,26.454267,-80.255233,gbhe,1,""
2004,1,1,1,3176,,,26.4567,-80.253733,gbhe,1,""
2004,1,1,1,3181,,,26.452483,-80.2618,gbhe,2,""
2004,1,1,1,3181,,,26.452617,-80.2609,gbhe,2,""
2004,1,1,1,3182,,,26.456283,-80.274133,gbhe,2,""
2004,1,1,1,3228,,,26.4648,-80.337883,gbhe,1,""
2004,1,1,1,3239,,,26.4639,-80.2421,gbhe,2,""
2004,1,1,1,3254,,,26.46775,-80.261633,gbhe,1,""
2004,1,1,1,3257,,,26.473283,-80.26885,gbhe,1,""
2004,1,1,1,3259,,,26.472867,-80.272083,gbhe,3,""
2004,1,1,1,3262,,,26.474717,-80.285533,gbhe,1,""
2004,1,1,1,3264,,,26.469667,-80.289017,gbhe,1,""
2004,1,1,1,3274,,,26.469333,-80.328633,gbhe,1,""
2004,1,1,1,3276,,,26.469417,-80.347317,gbhe,1,""
2004,1,1,1,3278,,,26.474767,-80.35945,gbhe,1,""
2004,1,1,1,3282,,,26.472167,-80.381267,gbhe,2,""
2004,1,1,1,3288,,,26.483267,-80.3803,gbhe,1,""
2004,1,1,1,3289,,,26.483733,-80.354067,gbhe,1,""
2004,1,1,1,3292,,,26.479483,-80.348217,gbhe,1,""
2004,1,1,1,3299,,,26.479383,-80.286667,gbhe,1,""
2004,1,1,1,3302,,,26.47675,-80.261883,gbhe,3,""
2004,1,1,1,3304,,,26.478167,-80.263317,gbhe,2,""
2004,1,1,1,3305,,,26.47905,-80.265167,gbhe,1,""
2004,1,1,1,3306,,,26.48005,-80.2647,gbhe,1,""
2004,1,1,1,3308,,,26.482933,-80.2482,gbhe,2,""
2004,1,1,1,3319,,,26.481783,-80.27395,gbhe,1,""
2004,1,1,1,3320,,,26.476233,-80.290033,gbhe,2,""
2004,1,1,1,3322,,,26.501467,-80.291283,gbhe,1,""
2004,1,1,1,3339,,,26.4988,-80.360667,gbhe,1,""
2004,1,1,1,3344,,,26.48985,-80.366533,gbhe,1,""
2004,1,1,1,3347,,,26.494767,-80.373133,gbhe,1,""
2004,1,1,1,3359,,,26.502383,-80.375867,gbhe,1,""
2004,1,1,1,3360,,,26.502983,-80.384183,gbhe,2,""
2004,1,1,1,3367,,,26.478583,-80.367867,gbhe,1,""
2004,1,1,1,3374,,,26.5588,-80.261617,gbhe,2,""
2004,1,1,1,3376,,,26.557833,-80.267233,gbhe,1,""
2004,1,1,1,3381,,,26.53265,-80.252783,gbhe,1,""
2004,1,1,1,3382,,,26.523617,-80.24525,gbhe,1,""
2004,1,1,1,3397,,,26.441517,-80.268567,gbhe,2,""
2004,1,1,1,3397,,,26.442083,-80.268467,gbhe,1,""
2004,1,1,1,3397,,,26.44165,-80.2679,gbhe,1,""
2004,1,1,1,3402,,,26.42595,-80.301483,gbhe,1,""
2004,1,1,1,2804,,YAM,26.55345,-80.264217,greg,5,""
2004,1,1,1,2807,,,26.557567,-80.258583,greg,4,""
2004,1,1,1,2807,,,26.557383,-80.2585,greg,20,""
2004,1,1,1,2808,,,26.5573,-80.257417,greg,8,""
2004,1,1,1,2808,,,26.558817,-80.257183,greg,12,""
2004,1,1,1,2808,,,26.557917,-80.256617,greg,15,""
2004,1,1,1,2808,,,26.557217,-80.256417,greg,26,""
2004,1,1,1,2958,,,26.39785,-80.312067,greg,1,""
2004,1,1,1,3131,volta_west,Volta west,26.447367,-80.275617,greg,5,""
2004,1,1,1,3141,,,26.446233,-80.2575,greg,20,""
2004,1,1,1,3142,,,26.44505,-80.2585,greg,1,""
2004,1,1,1,3142,,,26.4443,-80.257083,greg,10,""
2004,1,1,1,3159,,,26.448983,-80.242767,greg,2,""
2004,1,1,1,3206,,,26.456667,-80.423333,greg,4,""
2004,1,1,1,3210,,,26.468333,-80.413333,greg,12,""
2004,1,1,1,3374,,,26.5588,-80.261617,greg,10,""
2004,1,1,1,2580,,,26.369483,-80.285883,lbhe,3,""
2004,1,1,1,2733,,,26.598733,-80.291067,lbhe,5,""
2004,1,1,1,2778,,,26.569417,-80.28805,lbhe,4,""
2004,1,1,1,2815,,,26.54285,-80.243217,lbhe,1,""
2004,1,1,1,2821,,,26.53645,-80.259483,lbhe,8,""
2004,1,1,1,2822,,,26.53915,-80.268667,lbhe,41,""
2004,1,1,1,2822,,,26.539517,-80.267433,lbhe,15,""
2004,1,1,1,2826,,,26.535,-80.294833,lbhe,4,""
2004,1,1,1,2826,,,26.535,-80.294833,lbhe,4,""
2004,1,1,1,2827,,,26.536017,-80.29695,lbhe,41,""
2004,1,1,1,2827,,,26.536017,-80.29695,lbhe,41,""
2004,1,1,1,2841,,,26.5262,-80.3191,lbhe,29,""
2004,1,1,1,2868,,,26.519567,-80.318917,lbhe,80,""
2004,1,1,1,2902,,,26.510033,-80.3241,lbhe,30,""
2004,1,1,1,2902,,,26.50975,-80.32345,lbhe,17,""
2004,1,1,1,2939,,,26.495283,-80.2528,lbhe,10,""
2004,1,1,1,2941,,,26.493133,-80.2747,lbhe,45,""
2004,1,1,1,2944,,,26.489117,-80.2663,lbhe,2,""
2004,1,1,1,2958,,,26.39785,-80.312067,lbhe,25,""
2004,1,1,1,3131,volta_west,Volta west,26.447367,-80.275617,lbhe,75,""
2004,1,1,1,3168,,NEWCOL2,26.460917,-80.242717,lbhe,5,""
2004,1,1,1,3217,wonton,Wonton,26.462517,-80.372633,lbhe,87,""
2004,1,1,1,3249,,,26.469217,-80.252833,lbhe,19,""
2004,1,1,1,3346,,,26.492267,-80.37255,lbhe,60,""
2004,1,1,1,2868,,,26.519567,-80.318917,sneg,2,""
2004,1,1,1,2733,,,26.598733,-80.291067,trhe,1,""
2004,1,1,1,2744,,,26.585383,-80.2835,trhe,4,""
2004,1,1,1,2765,,,26.570617,-80.286583,trhe,1,""
2004,1,1,1,2802,,,26.55745,-80.27705,trhe,3,""
2004,1,1,1,2804,,YAM,26.55345,-80.264217,trhe,5,""
2004,1,1,1,2820,,,26.538183,-80.242983,trhe,6,""
2004,1,1,1,2825,,,26.534733,-80.29195,trhe,11,""
2004,1,1,1,2826,,,26.535,-80.294833,trhe,2,""
2004,1,1,1,2826,,,26.535,-80.294833,trhe,2,""
2004,1,1,1,2849,,,26.5286,-80.268,trhe,16,""
2004,1,1,1,2854,,,26.529567,-80.248333,trhe,3,""
2004,1,1,1,2864,,,26.5151,-80.270383,trhe,1,""
2004,1,1,1,2868,,,26.519567,-80.318917,trhe,2,""
2004,1,1,1,2922,,,26.5124,-80.257083,trhe,3,""
2004,1,1,1,2939,,,26.495283,-80.2528,trhe,5,""
2004,1,1,1,2944,,,26.488933,-80.265817,trhe,15,""
2004,1,1,1,3141,,,26.446233,-80.2575,trhe,5,""
2004,1,1,1,3355,,,26.486783,-80.37865,trhe,5,""
2004,1,1,1,3371,,,26.476883,-80.37775,trhe,14,""
2004,1,1,1,3374,,,26.5588,-80.261617,trhe,1,""
2004,1,1,1,3376,,,26.557833,-80.267233,trhe,16,""
2004,1,1,1,3380,,,26.513033,-80.2845,trhe,3,""
2004,1,1,1,3008,,,26.4175,-80.258233,whib,4,""
2004,1,1,1,2853,,,26.529283,-80.238917,wost,2,""
2004,1,1,1,2855,,,26.5245,-80.236633,wost,1,""
2004,2,2a,2a,2521,,,26.259983,-80.4178,gbhe,1,""
2004,2,2a,2a,2498,,,26.292833,-80.388167,greg,5,""
2004,2,2a,2a,2521,,,26.259983,-80.4178,greg,14,""
2004,2,2b,2b,2463,,,26.1908,-80.366067,anhi,1,""
2004,2,2b,2b,2463,,,26.1855,-80.368067,gbhe,15,""
2004,2,2b,2b,2463,,,26.1908,-80.366067,gbhe,1,""
2004,2,2b,2b,2468,,,26.168333,-80.3775,gbhe,2,""
2004,2,2b,2b,2469,,,26.17085,-80.379283,gbhe,1,""
2004,2,2b,2b,2470,,,26.172467,-80.38285,gbhe,1,""
2004,2,2b,2b,2471,,,26.166667,-80.3832,gbhe,6,""
2004,2,2b,2b,2472,,,26.168,-80.37,gbhe,2,""
2004,3,3an,3a,2424,,,26.1691,-80.77365,greg,13,""
2004,3,3an,3a,2433,,,26.158333,-80.627167,greg,3,""
2004,3,3an,3a,2436,,,26.211283,-80.66425,greg,38,""
2004,3,3an,3a,2447,,,26.161333,-80.56905,greg,12,""
2004,3,3as,3a,10,,,25.769283,-80.67835,anhi,2,""
2004,3,3as,3a,24,,,25.768767,-80.728083,anhi,1,""
2004,3,3as,3a,45,,,25.768817,-80.801383,anhi,1,""
2004,3,3as,3a,82,,,25.776183,-80.79635,anhi,6,""
2004,3,3as,3a,83,,,25.775233,-80.79375,anhi,1,""
2004,3,3as,3a,86,,,25.771383,-80.791617,anhi,7,""
2004,3,3as,3a,87,,,25.7721,-80.791017,anhi,3,""
2004,3,3as,3a,119,,,25.7777,-80.771667,anhi,1,""
2004,3,3as,3a,146,,,25.771533,-80.73045,anhi,6,""
2004,3,3as,3a,151,,,25.772517,-80.728367,anhi,2,""
2004,3,3as,3a,159,,,25.778883,-80.710967,anhi,2,""
2004,3,3as,3a,159,,,25.77805,-80.710367,anhi,2,""
2004,3,3as,3a,164,,,25.77875,-80.701633,anhi,6,""
2004,3,3as,3a,169,,,25.772417,-80.69715,anhi,5,""
2004,3,3as,3a,172,,,25.777383,-80.693633,anhi,1,""
2004,3,3as,3a,224,,,25.78495,-80.697617,anhi,2,""
2004,3,3as,3a,233,,,25.779533,-80.71485,anhi,1,""
2004,3,3as,3a,237,,,25.785,-80.7277,anhi,8,""
2004,3,3as,3a,239,,,25.7843,-80.731633,anhi,1,""
2004,3,3as,3a,240,,,25.7868,-80.731267,anhi,3,""
2004,3,3as,3a,269,,,25.78405,-80.75925,anhi,1,""
2004,3,3as,3a,286,,,25.784883,-80.772467,anhi,1,""
2004,3,3as,3a,308,,,25.783733,-80.806133,anhi,4,""
2004,3,3as,3a,383,,,25.79335,-80.731533,anhi,1,""
2004,3,3as,3a,398,,,25.788967,-80.71,anhi,1,""
2004,3,3as,3a,400,,,25.788933,-80.697017,anhi,1,""
2004,3,3as,3a,407,,,25.792017,-80.677717,anhi,2,""
2004,3,3as,3a,469,,,25.802117,-80.73635,anhi,2,""
2004,3,3as,3a,478,,,25.803,-80.753517,anhi,2,""
2004,3,3as,3a,504,,,25.801083,-80.80395,anhi,5,""
2004,3,3as,3a,527,,,25.810333,-80.808183,anhi,1,""
2004,3,3as,3a,527,,,25.810683,-80.808033,anhi,1,""
2004,3,3as,3a,531,,,25.806517,-80.7965,anhi,1,""
2004,3,3as,3a,544,,,25.804783,-80.744433,anhi,1,""
2004,3,3as,3a,556,,,25.8105,-80.721517,anhi,4,""
2004,3,3as,3a,562,,,25.80705,-80.710283,anhi,1,""
2004,3,3as,3a,567,,,25.804517,-80.708867,anhi,1,""
2004,3,3as,3a,570,,,25.810017,-80.705983,anhi,1,""
2004,3,3as,3a,572,,,25.811367,-80.7091,anhi,1,""
2004,3,3as,3a,580,,,25.80565,-80.702717,anhi,1,""
2004,3,3as,3a,585,,,25.806417,-80.68795,anhi,1,""
2004,3,3as,3a,596,,,25.809683,-80.679217,anhi,4,""
2004,3,3as,3a,621,,,25.81745,-80.668667,anhi,10,""
2004,3,3as,3a,625,,,25.8168,-80.673133,anhi,2,""
2004,3,3as,3a,629,,,25.812467,-80.676667,anhi,3,""
2004,3,3as,3a,633,,,25.8176,-80.687317,anhi,1,""
2004,3,3as,3a,635,,,25.8124,-80.68765,anhi,1,""
2004,3,3as,3a,668,,,25.81715,-80.772733,anhi,6,""
2004,3,3as,3a,687,,,25.820567,-80.7692,anhi,2,""
2004,3,3as,3a,708,,,25.8219,-80.709333,anhi,1,""
2004,3,3as,3a,727,,,25.8189,-80.671533,anhi,9,""
2004,3,3as,3a,727,,,25.818983,-80.671117,anhi,2,""
2004,3,3as,3a,729,,,25.823483,-80.671617,anhi,8,""
2004,3,3as,3a,735,,,25.824567,-80.661233,anhi,1,""
2004,3,3as,3a,738,,,25.82575,-80.65565,anhi,1,""
2004,3,3as,3a,739,,,25.82375,-80.653983,anhi,1,""
2004,3,3as,3a,775,,,25.8335,-80.657367,anhi,3,""
2004,3,3as,3a,777,,,25.829017,-80.663283,anhi,4,""
2004,3,3as,3a,781,,,25.826817,-80.669117,anhi,2,""
2004,3,3as,3a,782,,,25.831717,-80.673233,anhi,1,""
2004,3,3as,3a,784,,,25.826367,-80.6702,anhi,2,""
2004,3,3as,3a,790,,,25.829433,-80.67875,anhi,1,""
2004,3,3as,3a,790,,,25.829667,-80.6784,anhi,3,""
2004,3,3as,3a,795,,,25.834267,-80.686717,anhi,2,""
2004,3,3as,3a,814,,,25.830783,-80.753417,anhi,1,""
2004,3,3as,3a,849,,,25.83625,-80.755617,anhi,3,""
2004,3,3as,3a,861,,,25.839683,-80.70405,anhi,2,""
2004,3,3as,3a,862,,,25.840183,-80.703133,anhi,1,""
2004,3,3as,3a,868,,,25.83755,-80.685617,anhi,1,""
2004,3,3as,3a,872,,,25.835433,-80.685417,anhi,6,""
2004,3,3as,3a,876,,,25.840983,-80.66275,anhi,4,""
2004,3,3as,3a,928,,,25.842983,-80.645617,anhi,3,""
2004,3,3as,3a,931,,,25.846533,-80.67065,anhi,1,""
2004,3,3as,3a,934,,,25.846133,-80.6782,anhi,3,""
2004,3,3as,3a,943,,,25.850167,-80.705383,anhi,2,""
2004,3,3as,3a,944,,,25.846467,-80.703183,anhi,1,""
2004,3,3as,3a,946,,,25.843833,-80.712067,anhi,1,""
2004,3,3as,3a,949,,,25.8451,-80.72125,anhi,1,""
2004,3,3as,3a,952,,,25.8477,-80.749317,anhi,2,""
2004,3,3as,3a,987,,,25.853233,-80.757417,anhi,2,""
2004,3,3as,3a,996,,,25.857233,-80.708583,anhi,1,""
2004,3,3as,3a,1001,,,25.85085,-80.6934,anhi,4,""
2004,3,3as,3a,1005,,,25.855017,-80.6814,anhi,1,""
2004,3,3as,3a,1011,,,25.855083,-80.66335,anhi,1,""
2004,3,3as,3a,1015,,,25.855233,-80.640667,anhi,5,""
2004,3,3as,3a,1031,,,25.861167,-80.6391,anhi,1,""
2004,3,3as,3a,1032,,,25.86395,-80.65495,anhi,1,""
2004,3,3as,3a,1034,,,25.864183,-80.663567,anhi,1,""
2004,3,3as,3a,1037,,,25.860667,-80.66555,anhi,1,""
2004,3,3as,3a,1044,,,25.86365,-80.705833,anhi,7,""
2004,3,3as,3a,1050,,,25.861633,-80.710467,anhi,2,""
2004,3,3as,3a,1052,,,25.85975,-80.71345,anhi,3,""
2004,3,3as,3a,1061,,,25.864533,-80.750133,anhi,3,""
2004,3,3as,3a,1063,,,25.862167,-80.754133,anhi,1,""
2004,3,3as,3a,1073,,,25.864383,-80.777033,anhi,2,""
2004,3,3as,3a,1121,,,25.86895,-80.6603,anhi,3,""
2004,3,3as,3a,1126,,,25.875283,-80.661167,anhi,4,""
2004,3,3as,3a,1128,,,25.873767,-80.657567,anhi,6,""
2004,3,3as,3a,1132,,,25.87285,-80.632267,anhi,2,""
2004,3,3as,3a,1143,,,25.875933,-80.645,anhi,1,""
2004,3,3as,3a,1155,,,25.877767,-80.705817,anhi,3,""
2004,3,3as,3a,1161,,,25.879133,-80.709917,anhi,3,""
2004,3,3as,3a,1171,,,25.882283,-80.724783,anhi,1,""
2004,3,3as,3a,1174,,,25.874733,-80.728867,anhi,1,""
2004,3,3as,3a,1175,,,25.875117,-80.735367,anhi,1,""
2004,3,3as,3a,1179,,,25.87535,-80.755517,anhi,1,""
2004,3,3as,3a,1190,,,25.874333,-80.7912,anhi,1,""
2004,3,3as,3a,1198,,,25.874617,-80.802083,anhi,4,""
2004,3,3as,3a,1217,robs,Robs,25.889133,-80.80425,anhi,15,""
2004,3,3as,3a,1237,,,25.887,-80.701833,anhi,2,""
2004,3,3as,3a,1244,,,25.885483,-80.666683,anhi,1,""
2004,3,3as,3a,1277,,,25.89535,-80.662767,anhi,7,""
2004,3,3as,3a,1281,,,25.893917,-80.667383,anhi,2,""
2004,3,3as,3a,1291,,,25.896033,-80.69515,anhi,1,""
2004,3,3as,3a,1310,,,25.893833,-80.74395,anhi,1,""
2004,3,3as,3a,1323,,,25.892267,-80.793683,anhi,2,""
2004,3,3as,3a,1343,,,25.90515,-80.75485,anhi,2,""
2004,3,3as,3a,1357,,,25.9059,-80.729917,anhi,1,""
2004,3,3as,3a,1358,,,25.9062,-80.720867,anhi,1,""
2004,3,3as,3a,1360,,,25.903883,-80.708083,anhi,1,""
2004,3,3as,3a,1364,,,25.905067,-80.6792,anhi,1,""
2004,3,3as,3a,1367,,,25.906767,-80.664233,anhi,1,""
2004,3,3as,3a,1368,,,25.901833,-80.658167,anhi,1,""
2004,3,3as,3a,1369,,,25.90005,-80.653867,anhi,1,""
2004,3,3as,3a,1393,,,25.911017,-80.642083,anhi,1,""
2004,3,3as,3a,1399,,,25.90795,-80.661167,anhi,2,""
2004,3,3as,3a,1400,,,25.913467,-80.662233,anhi,2,""
2004,3,3as,3a,1404,,,25.912867,-80.668267,anhi,1,""
2004,3,3as,3a,1410,,,25.907933,-80.704433,anhi,3,""
2004,3,3as,3a,1416,,,25.914683,-80.7225,anhi,8,""
2004,3,3as,3a,1434,,,25.907067,-80.73085,anhi,1,""
2004,3,3as,3a,1448,,,25.91005,-80.74725,anhi,1,""
2004,3,3as,3a,1453,,,25.914983,-80.773883,anhi,2,""
2004,3,3as,3a,1462,,,25.911517,-80.78975,anhi,5,""
2004,3,3as,3a,1475,,,25.920017,-80.798683,anhi,1,""
2004,3,3as,3a,1480,,,25.916517,-80.783667,anhi,1,""
2004,3,3as,3a,1482,,,25.918133,-80.773717,anhi,1,""
2004,3,3as,3a,1487,,,25.921517,-80.749617,anhi,1,""
2004,3,3as,3a,1501,,,25.920617,-80.722833,anhi,2,""
2004,3,3as,3a,1502,,,25.921233,-80.723717,anhi,5,""
2004,3,3as,3a,1502,,,25.921167,-80.72325,anhi,7,""
2004,3,3as,3a,1515,,,25.9223,-80.6624,anhi,1,""
2004,3,3as,3a,1529,,,25.930383,-80.646583,anhi,1,""
2004,3,3as,3a,1532,,,25.934283,-80.653783,anhi,4,""
2004,3,3as,3a,1534,,,25.931983,-80.676117,anhi,6,""
2004,3,3as,3a,1537,,,25.930317,-80.679633,anhi,2,""
2004,3,3as,3a,1542,,,25.92885,-80.687517,anhi,3,""
2004,3,3as,3a,1548,,,25.93345,-80.714183,anhi,1,""
2004,3,3as,3a,1555,,,25.931633,-80.739417,anhi,3,""
2004,3,3as,3a,1561,,,25.929283,-80.7513,anhi,7,""
2004,3,3as,3a,1564,,,25.933117,-80.758333,anhi,1,""
2004,3,3as,3a,1609,,,25.9394,-80.745917,anhi,6,""
2004,3,3as,3a,1609,,,25.939483,-80.745833,anhi,3,""
2004,3,3as,3a,1619,,,25.94,-80.7074,anhi,4,""
2004,3,3as,3a,1627,,,25.941117,-80.6644,anhi,4,""
2004,3,3as,3a,1628,,,25.939783,-80.6559,anhi,1,""
2004,3,3as,3a,1629,,,25.936867,-80.649867,anhi,1,""
2004,3,3as,3a,1635,,,25.933267,-80.619467,anhi,1,""
2004,3,3as,3a,1646,,,25.946283,-80.632067,anhi,2,""
2004,3,3as,3a,1649,,,25.949117,-80.6513,anhi,1,""
2004,3,3as,3a,1654,,,25.94315,-80.666683,anhi,4,""
2004,3,3as,3a,1662,,,25.9433,-80.6829,anhi,1,""
2004,3,3as,3a,1663,,,25.944617,-80.6864,anhi,1,""
2004,3,3as,3a,1665,,,25.942183,-80.689583,anhi,3,""
2004,3,3as,3a,1673,,,25.942367,-80.737667,anhi,1,""
2004,3,3as,3a,1675,,,25.94895,-80.740367,anhi,1,""
2004,3,3as,3a,1687,,,25.942267,-80.747233,anhi,2,""
2004,3,3as,3a,1690,,,25.948233,-80.75865,anhi,1,""
2004,3,3as,3a,1714,,,25.955283,-80.772833,anhi,2,""
2004,3,3as,3a,1726,,,25.95625,-80.753117,anhi,1,""
2004,3,3as,3a,1727,,,25.9508,-80.7301,anhi,10,""
2004,3,3as,3a,1727,,,25.950667,-80.729617,anhi,2,""
2004,3,3as,3a,1740,,,25.952083,-80.700383,anhi,3,""
2004,3,3as,3a,1751,,,25.956283,-80.680017,anhi,2,""
2004,3,3as,3a,1757,,,25.950583,-80.66925,anhi,10,""
2004,3,3as,3a,1761,,,25.95185,-80.6474,anhi,2,""
2004,3,3as,3a,1776,,,25.963383,-80.606333,anhi,1,""
2004,3,3as,1,1777,,,25.9651,-80.649267,anhi,8,""
2004,3,3as,3a,1833,,,25.968933,-80.745117,anhi,4,""
2004,3,3as,3a,1837,,,25.974767,-80.724417,anhi,3,""
2004,3,3as,1,1857,,,25.969833,-80.658083,anhi,4,""
2004,3,3as,1,1859,,,25.9679,-80.656267,anhi,3,""
2004,3,3as,1,1860,,,25.973083,-80.65415,anhi,3,""
2004,3,3as,3a,1868,,,25.97565,-80.62555,anhi,6,""
2004,3,3as,1,1872,,,25.979517,-80.654833,anhi,5,""
2004,3,3as,1,1873,,,25.9786,-80.65725,anhi,5,""
2004,3,3as,3a,1878,,,25.98015,-80.695617,anhi,6,""
2004,3,3as,1,1927,,,25.987767,-80.70705,anhi,3,""
2004,3,3as,1,1948,the_edge,the edge,25.996517,-80.65845,anhi,20,""
2004,3,3as,1,1949,,,25.993267,-80.664967,anhi,1,""
2004,3,3as,3a,2122,,,26.03905,-80.6399,anhi,2,""
2004,3,3as,3a,2393,,,26.127267,-80.745317,anhi,1,""
2004,3,3as,3a,854,,,25.842267,-80.742017,bcnh,8,""
2004,3,3as,3a,1583,,,25.925583,-80.780017,bcnh,8,""
2004,3,3as,3a,1808,,,25.965583,-80.820433,bcnh,2,""
2004,3,3as,3a,1906,,,25.983433,-80.812933,bcnh,21,""
2004,3,3as,3a,2248,,,26.09255,-80.711183,bcnh,9,""
2004,3,3as,3a,2281,,,26.110433,-80.627117,bcnh,1,""
2004,3,3as,3a,2291,,,26.112233,-80.7456,bcnh,14,""
2004,3,3as,3a,2291,,,26.112983,-80.74455,bcnh,15,""
2004,3,3as,3a,2301,,,26.117283,-80.752983,bcnh,8,""
2004,3,3as,3a,2389,,,26.127333,-80.72405,bcnh,18,""
2004,3,3as,3a,2401,,,26.136467,-80.782567,bcnh,19,""
2004,3,3as,3a,2406,,,26.134767,-80.737483,bcnh,5,""
2004,3,3as,3a,2718,,,26.095833,-80.627617,bcnh,2,""
2004,3,3as,3a,17,,,25.769283,-80.699317,gbhe,1,""
2004,3,3as,3a,24,,,25.768767,-80.728083,gbhe,2,""
2004,3,3as,3a,35,,,25.770167,-80.792567,gbhe,1,""
2004,3,3as,3a,36,,,25.769367,-80.796533,gbhe,1,""
2004,3,3as,3a,50,,,25.7656,-80.81925,gbhe,1,""
2004,3,3as,3a,51,,,25.769183,-80.819683,gbhe,2,""
2004,3,3as,3a,53,,,25.76825,-80.821283,gbhe,1,""
2004,3,3as,3a,60,,,25.7747,-80.829167,gbhe,1,""
2004,3,3as,3a,70,,,25.77115,-80.82205,gbhe,1,""
2004,3,3as,3a,71,,,25.771583,-80.821283,gbhe,1,""
2004,3,3as,3a,74,,,25.772633,-80.812967,gbhe,1,""
2004,3,3as,3a,82,,,25.776183,-80.79635,gbhe,2,""
2004,3,3as,3a,86,,,25.771383,-80.791617,gbhe,1,""
2004,3,3as,3a,87,,,25.7721,-80.791017,gbhe,1,""
2004,3,3as,3a,137,,,25.772117,-80.7457,gbhe,1,""
2004,3,3as,3a,147,,,25.773017,-80.73125,gbhe,1,""
2004,3,3as,3a,159,,,25.778883,-80.710967,gbhe,1,""
2004,3,3as,3a,160,,,25.77675,-80.708183,gbhe,1,""
2004,3,3as,3a,164,,,25.77875,-80.701633,gbhe,3,""
2004,3,3as,3a,169,,,25.772417,-80.69715,gbhe,1,""
2004,3,3as,3a,172,,,25.777383,-80.693633,gbhe,2,""
2004,3,3as,3a,221,,,25.78195,-80.688933,gbhe,1,""
2004,3,3as,3a,235,,,25.78205,-80.724883,gbhe,1,""
2004,3,3as,3a,236,,,25.784333,-80.7271,gbhe,1,""
2004,3,3as,3a,239,,,25.7843,-80.731633,gbhe,1,""
2004,3,3as,3a,240,,,25.7868,-80.731267,gbhe,1,""
2004,3,3as,3a,260,,,25.78285,-80.752733,gbhe,1,""
2004,3,3as,3a,308,,,25.783733,-80.806133,gbhe,1,""
2004,3,3as,3a,314,,,25.78205,-80.807317,gbhe,1,""
2004,3,3as,3a,315,,,25.78105,-80.808483,gbhe,1,""
2004,3,3as,3a,316,,,25.779583,-80.8087,gbhe,2,""
2004,3,3as,3a,317,,,25.779433,-80.810717,gbhe,1,""
2004,3,3as,3a,335,,,25.792517,-80.836133,gbhe,2,""
2004,3,3as,3a,341,,,25.790633,-80.8154,gbhe,1,""
2004,3,3as,3a,344,,,25.787383,-80.809317,gbhe,1,""
2004,3,3as,3a,363,,,25.788217,-80.772083,gbhe,1,""
2004,3,3as,3a,370,,,25.787333,-80.766683,gbhe,1,""
2004,3,3as,3a,372,,,25.793367,-80.763433,gbhe,1,""
2004,3,3as,3a,388,,,25.793617,-80.729167,gbhe,1,""
2004,3,3as,3a,443,,,25.8024,-80.68,gbhe,1,""
2004,3,3as,3a,447,,,25.795733,-80.68445,gbhe,1,""
2004,3,3as,3a,469,,,25.802117,-80.73635,gbhe,1,""
2004,3,3as,3a,478,,,25.803,-80.753517,gbhe,1,""
2004,3,3as,3a,507,,,25.795217,-80.81405,gbhe,2,""
2004,3,3as,3a,511,,,25.798983,-80.8356,gbhe,1,""
2004,3,3as,3a,526,,,25.808917,-80.80795,gbhe,1,""
2004,3,3as,3a,527,,,25.810683,-80.808033,gbhe,1,""
2004,3,3as,3a,534,,,25.806983,-80.790467,gbhe,1,""
2004,3,3as,3a,535,,,25.804383,-80.78935,gbhe,2,""
2004,3,3as,3a,541,,,25.803117,-80.7649,gbhe,1,""
2004,3,3as,3a,544,,,25.804783,-80.744433,gbhe,2,""
2004,3,3as,3a,545,,,25.803067,-80.742333,gbhe,1,""
2004,3,3as,3a,558,,,25.807317,-80.714217,gbhe,2,""
2004,3,3as,3a,565,,,25.805133,-80.708383,gbhe,1,""
2004,3,3as,3a,570,,,25.810017,-80.705983,gbhe,1,""
2004,3,3as,3a,592,,,25.806183,-80.679367,gbhe,1,""
2004,3,3as,3a,621,,,25.81745,-80.668667,gbhe,1,""
2004,3,3as,3a,625,,,25.8168,-80.673133,gbhe,1,""
2004,3,3as,3a,629,,,25.812467,-80.676667,gbhe,1,""
2004,3,3as,3a,643,,,25.81565,-80.71275,gbhe,2,""
2004,3,3as,3a,653,,,25.811067,-80.74025,gbhe,2,""
2004,3,3as,3a,668,,,25.815533,-80.771783,gbhe,1,""
2004,3,3as,3a,687,,,25.820567,-80.7692,gbhe,1,""
2004,3,3as,3a,706,,,25.820567,-80.707367,gbhe,1,""
2004,3,3as,3a,706,,,25.820667,-80.707167,gbhe,1,""
2004,3,3as,3a,707,,,25.823633,-80.714333,gbhe,2,""
2004,3,3as,3a,727,,,25.819583,-80.672233,gbhe,1,""
2004,3,3as,3a,727,,,25.8189,-80.671533,gbhe,3,""
2004,3,3as,3a,727,,,25.818983,-80.671117,gbhe,1,""
2004,3,3as,3a,729,,,25.823483,-80.671617,gbhe,1,""
2004,3,3as,3a,733,,,25.825917,-80.671783,gbhe,1,""
2004,3,3as,3a,775,,,25.8335,-80.657367,gbhe,1,""
2004,3,3as,3a,777,,,25.829017,-80.663283,gbhe,1,""
2004,3,3as,3a,785,,,25.8284,-80.67585,gbhe,1,""
2004,3,3as,3a,790,,,25.829433,-80.67875,gbhe,1,""
2004,3,3as,3a,792,,,25.828967,-80.68575,gbhe,1,""
2004,3,3as,3a,795,,,25.834267,-80.686717,gbhe,2,""
2004,3,3as,3a,813,,,25.83065,-80.750067,gbhe,1,""
2004,3,3as,3a,814,,,25.830783,-80.753417,gbhe,1,""
2004,3,3as,3a,835,,,25.839867,-80.835733,gbhe,2,""
2004,3,3as,3a,841,,,25.8407,-80.785467,gbhe,1,""
2004,3,3as,3a,848,,,25.839333,-80.76285,gbhe,2,""
2004,3,3as,3a,861,,,25.839683,-80.70405,gbhe,1,""
2004,3,3as,3a,875,,,25.835933,-80.666317,gbhe,1,""
2004,3,3as,3a,876,,,25.840983,-80.66275,gbhe,1,""
2004,3,3as,3a,928,,,25.842983,-80.645617,gbhe,1,""
2004,3,3as,3a,934,,,25.846133,-80.6782,gbhe,2,""
2004,3,3as,3a,943,,,25.850167,-80.705383,gbhe,1,""
2004,3,3as,3a,944,,,25.846467,-80.703183,gbhe,3,""
2004,3,3as,3a,949,,,25.8451,-80.72125,gbhe,1,""
2004,3,3as,3a,950,,,25.842683,-80.723483,gbhe,1,""
2004,3,3as,3a,952,,,25.8477,-80.749317,gbhe,1,""
2004,3,3as,3a,977,,,25.858483,-80.79315,gbhe,2,""
2004,3,3as,3a,987,,,25.853233,-80.757417,gbhe,2,""
2004,3,3as,3a,1001,,,25.85085,-80.6934,gbhe,2,""
2004,3,3as,3a,1005,,,25.855017,-80.6814,gbhe,1,""
2004,3,3as,3a,1031,,,25.861167,-80.6391,gbhe,1,""
2004,3,3as,3a,1034,,,25.864183,-80.663567,gbhe,1,""
2004,3,3as,3a,1034,,,25.863483,-80.66195,gbhe,2,""
2004,3,3as,3a,1037,,,25.860633,-80.67095,gbhe,2,""
2004,3,3as,3a,1043,,,25.8631,-80.70405,gbhe,1,""
2004,3,3as,3a,1058,,,25.8599,-80.745017,gbhe,1,""
2004,3,3as,3a,1061,,,25.864333,-80.750333,gbhe,1,""
2004,3,3as,3a,1061,,,25.864533,-80.750133,gbhe,1,""
2004,3,3as,3a,1063,,,25.862167,-80.754133,gbhe,1,""
2004,3,3as,3a,1073,,,25.864383,-80.777033,gbhe,1,""
2004,3,3as,3a,1078,,,25.864767,-80.791317,gbhe,1,""
2004,3,3as,3a,1110,,,25.86775,-80.74785,gbhe,3,""
2004,3,3as,3a,1115,,,25.866367,-80.713467,gbhe,2,""
2004,3,3as,3a,1121,,,25.86895,-80.6603,gbhe,2,""
2004,3,3as,3a,1122,,,25.8718,-80.659583,gbhe,1,""
2004,3,3as,3a,1122,,,25.871917,-80.659183,gbhe,1,""
2004,3,3as,3a,1126,,,25.875283,-80.661167,gbhe,2,""
2004,3,3as,3a,1128,,,25.873767,-80.657567,gbhe,1,""
2004,3,3as,3a,1143,,,25.875367,-80.6454,gbhe,1,""
2004,3,3as,3a,1143,,,25.875933,-80.645,gbhe,1,""
2004,3,3as,3a,1155,,,25.877767,-80.705817,gbhe,1,""
2004,3,3as,3a,1161,,,25.879133,-80.709917,gbhe,2,""
2004,3,3as,3a,1166,,,25.878033,-80.71405,gbhe,1,""
2004,3,3as,3a,1173,,,25.8798,-80.725167,gbhe,4,""
2004,3,3as,3a,1174,,,25.87475,-80.728867,gbhe,2,""
2004,3,3as,3a,1174,,,25.874733,-80.728867,gbhe,1,""
2004,3,3as,3a,1175,,,25.875117,-80.735367,gbhe,1,""
2004,3,3as,3a,1180,,,25.87805,-80.75795,gbhe,1,""
2004,3,3as,3a,1190,,,25.874333,-80.7912,gbhe,1,""
2004,3,3as,3a,1194,,,25.880133,-80.7945,gbhe,1,""
2004,3,3as,3a,1196,,,25.878033,-80.803217,gbhe,1,""
2004,3,3as,3a,1200,,,25.876017,-80.8063,gbhe,1,""
2004,3,3as,3a,1201,,,25.876583,-80.8064,gbhe,1,""
2004,3,3as,3a,1209,,,25.886717,-80.813783,gbhe,1,""
2004,3,3as,3a,1213,,,25.8854,-80.803383,gbhe,1,""
2004,3,3as,3a,1217,robs,Robs,25.88755,-80.804933,gbhe,1,""
2004,3,3as,3a,1218,,,25.8888,-80.800217,gbhe,1,""
2004,3,3as,3a,1219,,,25.884467,-80.797817,gbhe,1,""
2004,3,3as,3a,1221,,,25.887183,-80.781633,gbhe,1,""
2004,3,3as,3a,1221,,,25.887167,-80.78125,gbhe,1,""
2004,3,3as,3a,1237,,,25.887,-80.701833,gbhe,2,""
2004,3,3as,3a,1248,,,25.883233,-80.63705,gbhe,1,""
2004,3,3as,3a,1277,,,25.89535,-80.662767,gbhe,2,""
2004,3,3as,3a,1281,,,25.893917,-80.667383,gbhe,2,""
2004,3,3as,3a,1285,,,25.897067,-80.672333,gbhe,2,""
2004,3,3as,3a,1287,,,25.89315,-80.676783,gbhe,2,""
2004,3,3as,3a,1294,,,25.89665,-80.7007,gbhe,1,""
2004,3,3as,3a,1295,,,25.89715,-80.7042,gbhe,2,""
2004,3,3as,3a,1323,,,25.892267,-80.793683,gbhe,1,""
2004,3,3as,3a,1355,,,25.9016,-80.7388,gbhe,3,""
2004,3,3as,3a,1358,,,25.9062,-80.720867,gbhe,1,""
2004,3,3as,3a,1360,,,25.903883,-80.708083,gbhe,1,""
2004,3,3as,3a,1364,,,25.905067,-80.6792,gbhe,2,""
2004,3,3as,3a,1397,,,25.911317,-80.656,gbhe,1,""
2004,3,3as,3a,1398,,,25.913633,-80.656033,gbhe,1,""
2004,3,3as,3a,1399,,,25.90795,-80.661167,gbhe,1,""
2004,3,3as,3a,1400,,,25.913467,-80.662233,gbhe,1,""
2004,3,3as,3a,1404,,,25.912867,-80.668267,gbhe,1,""
2004,3,3as,3a,1416,,,25.914683,-80.7225,gbhe,4,""
2004,3,3as,3a,1422,,,25.91065,-80.723233,gbhe,1,""
2004,3,3as,3a,1422,,,25.91065,-80.722733,gbhe,1,""
2004,3,3as,3a,1453,,,25.914983,-80.773883,gbhe,4,""
2004,3,3as,3a,1462,,,25.911517,-80.78975,gbhe,2,""
2004,3,3as,3a,1466,,,25.9147,-80.790867,gbhe,3,""
2004,3,3as,3a,1480,,,25.916517,-80.783667,gbhe,3,""
2004,3,3as,3a,1494,,,25.917633,-80.733117,gbhe,2,""
2004,3,3as,3a,1501,,,25.920417,-80.722983,gbhe,2,""
2004,3,3as,3a,1501,,,25.920617,-80.722833,gbhe,1,""
2004,3,3as,3a,1502,,,25.921167,-80.72325,gbhe,1,""
2004,3,3as,3a,1505,,,25.917267,-80.711117,gbhe,1,""
2004,3,3as,3a,1511,,,25.922667,-80.6733,gbhe,2,""
2004,3,3as,3a,1512,,,25.917717,-80.667583,gbhe,1,""
2004,3,3as,3a,1515,,,25.9223,-80.6624,gbhe,1,""
2004,3,3as,3a,1532,,,25.934283,-80.653783,gbhe,1,""
2004,3,3as,3a,1534,,,25.931983,-80.676117,gbhe,1,""
2004,3,3as,3a,1537,,,25.930317,-80.679633,gbhe,1,""
2004,3,3as,3a,1542,,,25.92885,-80.687517,gbhe,1,""
2004,3,3as,3a,1561,,,25.929283,-80.7513,gbhe,1,""
2004,3,3as,3a,1577,,,25.9282,-80.7788,gbhe,1,""
2004,3,3as,3a,1584,,,25.926833,-80.792783,gbhe,1,""
2004,3,3as,3a,1596,,,25.94075,-80.770383,gbhe,2,""
2004,3,3as,3a,1610,,,25.939817,-80.742033,gbhe,1,""
2004,3,3as,3a,1615,,,25.93765,-80.71845,gbhe,1,""
2004,3,3as,3a,1619,,,25.94,-80.7074,gbhe,1,""
2004,3,3as,3a,1624,,,25.94025,-80.6809,gbhe,1,""
2004,3,3as,3a,1627,,,25.941117,-80.6644,gbhe,1,""
2004,3,3as,3a,1629,,,25.936867,-80.649867,gbhe,1,""
2004,3,3as,3a,1631,,,25.93815,-80.643183,gbhe,1,""
2004,3,3as,3a,1646,,,25.946283,-80.632067,gbhe,1,""
2004,3,3as,3a,1650,,,25.9492,-80.6555,gbhe,1,""
2004,3,3as,3a,1655,,,25.945267,-80.674167,gbhe,1,""
2004,3,3as,3a,1661,,,25.942317,-80.680117,gbhe,1,""
2004,3,3as,3a,1663,,,25.944617,-80.6864,gbhe,1,""
2004,3,3as,3a,1664,,,25.9462,-80.687367,gbhe,1,""
2004,3,3as,3a,1665,,,25.942183,-80.689583,gbhe,1,""
2004,3,3as,3a,1675,,,25.94895,-80.740367,gbhe,1,""
2004,3,3as,3a,1682,,,25.943717,-80.748667,gbhe,2,""
2004,3,3as,3a,1682,,,25.943233,-80.7484,gbhe,2,""
2004,3,3as,3a,1690,,,25.948233,-80.75865,gbhe,1,""
2004,3,3as,3a,1708,,,25.957867,-80.804967,gbhe,1,""
2004,3,3as,3a,1714,,,25.955917,-80.772867,gbhe,1,""
2004,3,3as,3a,1725,,,25.953283,-80.751167,gbhe,1,""
2004,3,3as,3a,1726,,,25.95625,-80.753117,gbhe,1,""
2004,3,3as,3a,1727,,,25.9508,-80.7301,gbhe,2,""
2004,3,3as,3a,1729,,,25.953333,-80.728333,gbhe,1,""
2004,3,3as,3a,1735,,,25.95755,-80.719867,gbhe,1,""
2004,3,3as,3a,1738,,,25.951967,-80.702683,gbhe,1,""
2004,3,3as,3a,1740,,,25.952083,-80.700383,gbhe,1,""
2004,3,3as,3a,1746,,,25.951683,-80.694367,gbhe,1,""
2004,3,3as,3a,1749,,,25.954983,-80.684583,gbhe,1,""
2004,3,3as,3a,1751,,,25.956283,-80.680017,gbhe,1,""
2004,3,3as,3a,1756,,,25.954033,-80.670283,gbhe,1,""
2004,3,3as,3a,1758,,,25.951483,-80.6679,gbhe,2,""
2004,3,3as,1,1777,,,25.9651,-80.649267,gbhe,1,""
2004,3,3as,3a,1807,,,25.95855,-80.8187,gbhe,1,""
2004,3,3as,3a,1820,,,25.969733,-80.780783,gbhe,1,""
2004,3,3as,3a,1833,,,25.968933,-80.745117,gbhe,1,""
2004,3,3as,1,1856,,,25.9721,-80.660967,gbhe,1,""
2004,3,3as,1,1857,,,25.969833,-80.658083,gbhe,1,""
2004,3,3as,1,1859,,,25.9679,-80.656267,gbhe,2,""
2004,3,3as,3a,1868,,,25.97565,-80.62555,gbhe,1,""
2004,3,3as,1,1872,,,25.979517,-80.654833,gbhe,1,""
2004,3,3as,1,1939,,,25.98415,-80.666483,gbhe,1,""
2004,3,3as,1,1940,,,25.986633,-80.655533,gbhe,1,""
2004,3,3as,1,1948,the_edge,the edge,25.996517,-80.65845,gbhe,1,""
2004,3,3as,1,1949,,,25.993267,-80.664967,gbhe,1,""
2004,3,3as,3a,1949,,,25.9933,-80.66475,gbhe,1,""
2004,3,3as,3a,1970,,,25.99495,-80.746317,gbhe,1,""
2004,3,3as,3a,2036,,,26.013233,-80.83765,gbhe,1,""
2004,3,3as,3a,2063,,,26.028767,-80.6448,gbhe,1,""
2004,3,3as,3a,2083,,,26.034883,-80.837667,gbhe,1,""
2004,3,3as,3a,2122,,,26.03905,-80.6399,gbhe,3,""
2004,3,3as,3a,2242,,,26.09315,-80.626917,gbhe,1,""
2004,3,3as,3a,2243,,,26.095667,-80.641367,gbhe,2,""
2004,3,3as,3a,2269,,,26.102917,-80.72025,gbhe,1,""
2004,3,3as,3a,2281,,,26.110433,-80.627117,gbhe,1,""
2004,3,3as,3a,2301,,,26.117283,-80.752983,gbhe,2,""
2004,3,3as,3a,2311,,,26.119783,-80.639533,gbhe,1,""
2004,3,3as,3a,2391,,,26.127667,-80.736267,gbhe,1,""
2004,3,3as,3a,2555,,,25.778183,-80.832767,gbhe,1,""
2004,3,3as,3a,2708,,,25.914633,-80.608433,gbhe,1,""
2004,3,3as,3a,2712,,,26.016433,-80.557017,gbhe,1,""
2004,3,3as,3a,3427,,,25.82665,-80.68095,gbhe,1,""
2004,3,3as,3a,3436,,,25.7736,-80.711767,gbhe,1,""
2004,3,3as,3a,221,,,25.78195,-80.688933,greg,2,""
2004,3,3as,3a,331,,,25.7885,-80.85285,greg,26,""
2004,3,3as,3a,449,,,25.796833,-80.69,greg,8,""
2004,3,3as,3a,725,,,25.82,-80.678167,greg,35,""
2004,3,3as,3a,775,,,25.8335,-80.657367,greg,2,""
2004,3,3as,3a,1034,,,25.864183,-80.663567,greg,4,""
2004,3,3as,3a,1284,,,25.892517,-80.671933,greg,16,""
2004,3,3as,3a,1503,,,25.916667,-80.718833,greg,5,""
2004,3,3as,3a,1730,,,25.953417,-80.729583,greg,8,""
2004,3,3as,3a,1734,,,25.958167,-80.7234,greg,1,""
2004,3,3as,3a,1840,,,25.973667,-80.7035,greg,37,""
2004,3,3as,1,1872,,,25.979517,-80.654833,greg,2,""
2004,3,3as,1,1873,,,25.9786,-80.65725,greg,2,""
2004,3,3as,3a,2092,,,26.037717,-80.761917,greg,6,""
2004,3,3as,3a,2250,,,26.0939,-80.721,greg,1,""
2004,3,3as,3a,2263,,,26.099883,-80.79795,greg,4,""
2004,3,3as,3a,2291,,,26.112233,-80.7456,greg,12,""
2004,3,3as,3a,2291,,,26.112983,-80.74455,greg,10,""
2004,3,3as,3a,2298,,,26.106117,-80.797317,greg,13,""
2004,3,3as,3a,2307,,,26.114,-80.656667,greg,27,""
2004,3,3as,3a,2310,,,26.1185,-80.6525,greg,19,""
2004,3,3as,3a,2422,,,26.143633,-80.745683,greg,3,""
2004,3,3as,3a,2697,,,25.7584,-80.797367,greg,25,""
2004,3,3as,3a,1217,robs,Robs,25.889133,-80.80425,lbhe,35,""
2004,3,3as,3a,1475,,,25.920017,-80.798683,lbhe,30,""
2004,3,3as,3a,1583,,,25.925583,-80.780017,lbhe,4,""
2004,3,3as,3a,1786,,,25.965633,-80.737233,lbhe,9,""
2004,3,3as,3a,1808,,,25.965583,-80.820433,lbhe,20,""
2004,3,3as,3a,1897,,,25.977783,-80.804867,lbhe,15,""
2004,3,3as,3a,1906,,,25.983433,-80.812933,lbhe,64,""
2004,3,3as,1,1948,the_edge,the edge,25.996517,-80.65845,lbhe,45,""
2004,3,3as,1,2017,,,26.008,-80.664317,lbhe,15,""
2004,3,3as,3a,2213,,,26.075933,-80.625,lbhe,9,""
2004,3,3as,3a,2248,,,26.09255,-80.711183,lbhe,2,""
2004,3,3as,3a,2291,,,26.112233,-80.7456,lbhe,3,""
2004,3,3as,3a,2389,,,26.127333,-80.72405,lbhe,48,""
2004,3,3as,3a,2401,,,26.136467,-80.782567,lbhe,9,""
2004,3,3as,3a,1475,,,25.920017,-80.798683,sneg,2,""
2004,3,3as,3a,1897,,,25.977783,-80.804867,sneg,3,""
2004,3,3as,3a,12,,,25.768467,-80.687733,trhe,3,""
2004,3,3as,3a,53,,,25.76825,-80.821283,trhe,3,""
2004,3,3as,3a,1570,,,25.9312,-80.768433,trhe,10,""
2004,3,3as,3a,1786,,,25.965633,-80.737233,trhe,5,""
2004,3,3as,1,1857,,,25.969833,-80.658083,trhe,5,""
2004,3,3as,1,1872,,,25.979517,-80.654833,trhe,4,""
2004,3,3as,1,1873,,,25.9786,-80.65725,trhe,3,""
2004,3,3as,3a,1897,,,25.977783,-80.804867,trhe,5,""
2004,3,3as,1,1927,,,25.987767,-80.70705,trhe,15,""
2004,3,3as,1,1948,the_edge,the edge,25.996517,-80.65845,trhe,35,""
2004,3,3as,1,1961,,,25.9936,-80.709167,trhe,7,""
2004,3,3as,1,2017,,,26.008,-80.664317,trhe,5,""
2004,3,3as,3a,2269,,,26.102917,-80.72025,trhe,7,""
2004,3,3as,3a,2273,,,26.1023,-80.610517,trhe,8,""
2004,3,3as,3a,2422,,,26.143633,-80.745683,trhe,1,""
2004,3,3as,3a,2167,,,26.050283,-80.6778,whib,26,""
2004,3,3as,3a,2250,,,26.0939,-80.721,whib,7,""
2004,3,3as,3a,2291,,,26.112983,-80.74455,whib,5,""
2004,3,3as,3a,2390,,,26.123083,-80.732417,whib,12,""
2004,3,3as,3a,2401,,,26.136467,-80.782567,whib,15,""
2004,3,3as,3a,2422,,,26.14335,-80.749,whib,31,""
2004,3,3as,3a,2422,,,26.143633,-80.745683,whib,5,""
2004,3,3as,3a,1786,,,25.965633,-80.737233,ycnh,1,""
2004,3,3as,3a,1905,,,25.985683,-80.813067,ycnh,20,""
2004,3,3ase,3a,2278,,,26.109,-80.499167,greg,10,""
2004,3,3ase,3a,2278,,,26.109,-80.499167,wost,6,""
2004,3,3b,3a,3,,,25.769717,-80.529717,anhi,1,""
2004,3,3b,3a,3,,,25.769017,-80.5297,anhi,4,""
2004,3,3b,3a,3,,,25.768917,-80.529683,anhi,1,""
2004,3,3b,3b,4,,,25.763833,-80.561517,anhi,1,""
2004,3,3b,3b,4,,,25.764167,-80.561517,anhi,2,""
2004,3,3b,3b,4,,,25.763167,-80.561467,anhi,4,""
2004,3,3b,3b,185,,,25.778733,-80.561783,anhi,1,""
2004,3,3b,3a,189,,,25.7716,-80.529767,anhi,1,""
2004,3,3b,3b,209,,,25.785333,-80.561467,anhi,1,""
2004,3,3b,3b,415,,,25.7907,-80.561767,anhi,1,""
2004,3,3b,3b,436,,,25.7977,-80.622117,anhi,1,""
2004,3,3b,3a,768,,,25.833267,-80.504183,anhi,2,""
2004,3,3b,3a,900,,Dagon,25.840833,-80.5278,anhi,4,""
2004,3,3b,3a,903,,,25.84105,-80.523217,anhi,5,""
2004,3,3b,3a,904,,,25.839333,-80.521,anhi,4,""
2004,3,3b,3a,918,,,25.847017,-80.52755,anhi,3,""
2004,3,3b,3a,1269,,,25.8944,-80.513783,anhi,1,""
2004,3,3b,3b,433,,,25.7976,-80.58775,gbhe,1,""
2004,3,3b,3a,610,,,25.817033,-80.499417,gbhe,1,""
2004,3,3b,3a,768,,,25.833267,-80.504183,gbhe,1,""
2004,3,3b,3a,900,,Dagon,25.840833,-80.5278,gbhe,1,""
2004,3,3b,3a,903,,,25.84105,-80.523217,gbhe,1,""
2004,3,3b,3a,913,,,25.84915,-80.519583,gbhe,1,""
2004,3,3b,3a,917,diana_old,,25.847167,-80.5228,gbhe,2,""
2004,3,3b,3a,918,,,25.847017,-80.52755,gbhe,1,""
2004,3,3b,3a,1139,,,25.8748,-80.524167,gbhe,1,""
2004,3,3b,3a,1269,,,25.8944,-80.513783,gbhe,1,""
2004,3,3b,3b,605,,,25.8095,-80.527833,greg,5,""
2004,3,3b,3b,606,,,25.8095,-80.524,greg,7,""
2004,3,3b,3b,607,,,25.8095,-80.519333,greg,3,""
2004,3,3b,3a,749,,,25.825833,-80.6395,greg,8,""
2004,3,3b,3a,752,,,25.81835,-80.603533,greg,23,""
2004,3,3b,3b,895,,,25.838333,-80.532167,greg,8,""
2004,3,3b,3a,903,,,25.84105,-80.523217,greg,2,""
2004,3,3b,3a,913,,,25.84915,-80.519583,greg,4,""
2004,3,3b,3b,914,,,25.847833,-80.519167,greg,4,""
2004,3,3b,3a,917,diana_old,,25.847167,-80.5228,greg,3,""
2004,3,3b,3a,918,,,25.847017,-80.52755,greg,1,""
2004,3,3b,3a,1139,,,25.8748,-80.524167,greg,1,""
2004,3,3b,3a,1269,,,25.8944,-80.513783,greg,2,""
2004,3,3b,3b,3438,,,25.8095,-80.530667,greg,14,""
2004,3,3b,3a,749,,,25.825833,-80.6395,whib,15,""
2005,1,1,1,2633,,,26.379833,-80.261667,greg,4,""
2005,1,1,1,2758,,,26.5259,-80.437067,greg,11,""
2005,1,1,1,2733,,,26.59935,-80.290583,lbhe,19,""
2005,1,1,1,2758,,,26.5259,-80.437067,lbhe,8,""
2005,1,1,1,2812,,,26.550133,-80.25,lbhe,3,""
2005,1,1,1,2828,,,26.533067,-80.296083,lbhe,44,""
2005,2,2a,2a,2525,,,26.2396,-80.311433,greg,31,""
2005,2,2a,2a,2545,,,26.311917,-80.34515,greg,37,""
2005,2,2a,2a,2545,,,26.311917,-80.34515,lbhe,56,""
2005,3,3an,3a,2427,,NW Canal,26.19605,-80.824883,lbhe,233,""
2005,3,3an,3a,2428,,,26.226967,-80.803717,lbhe,24,""
2005,3,3as,3a,16,,,25.764167,-80.69515,anhi,1,""
2005,3,3as,3a,35,,,25.77025,-80.7922,anhi,1,""
2005,3,3as,3a,82,,,25.776467,-80.796217,anhi,12,""
2005,3,3as,3a,98,,,25.777817,-80.78305,anhi,1,""
2005,3,3as,3a,102,,,25.771883,-80.785617,anhi,1,""
2005,3,3as,3a,124,,,25.7779,-80.763417,anhi,1,""
2005,3,3as,3a,125,,,25.778333,-80.76285,anhi,1,""
2005,3,3as,3a,130,,,25.776617,-80.7571,anhi,1,""
2005,3,3as,3a,137,,,25.7719,-80.74585,anhi,2,""
2005,3,3as,3a,140,,,25.77715,-80.742533,anhi,1,""
2005,3,3as,3a,141,,,25.774383,-80.733483,anhi,2,""
2005,3,3as,3a,144,,,25.7777,-80.732733,anhi,1,""
2005,3,3as,3a,147,,,25.772933,-80.731317,anhi,2,""
2005,3,3as,3a,164,,,25.779133,-80.702217,anhi,12,""
2005,3,3as,3a,233,,,25.779433,-80.71485,anhi,9,""
2005,3,3as,3a,239,,,25.783933,-80.732,anhi,20,""
2005,3,3as,3a,248,,,25.782017,-80.745517,anhi,2,""
2005,3,3as,3a,251,,,25.785167,-80.742983,anhi,1,""
2005,3,3as,3a,262,,,25.781583,-80.7556,anhi,1,""
2005,3,3as,3a,310,,,25.786417,-80.805583,anhi,3,""
2005,3,3as,3a,373,,,25.789517,-80.761967,anhi,6,""
2005,3,3as,3a,374,,,25.789933,-80.75505,anhi,1,""
2005,3,3as,3a,470,,,25.799133,-80.734933,anhi,4,""
2005,3,3as,3a,474,,,25.796517,-80.731667,anhi,24,""
2005,3,3as,3a,475,,,25.8021,-80.746483,anhi,1,""
2005,3,3as,3a,476,,,25.798633,-80.7528,anhi,1,""
2005,3,3as,3a,478,,,25.803,-80.753067,anhi,5,""
2005,3,3as,3a,492,,,25.79835,-80.78265,anhi,5,""
2005,3,3as,3a,494,,,25.800667,-80.7835,anhi,1,""
2005,3,3as,3a,504,,,25.800933,-80.803583,anhi,25,""
2005,3,3as,3a,531,,,25.806183,-80.796517,anhi,6,""
2005,3,3as,3a,536,,,25.8064,-80.786183,anhi,2,""
2005,3,3as,3a,542,,,25.805917,-80.762817,anhi,1,""
2005,3,3as,3a,548,,,25.810033,-80.73075,anhi,4,""
2005,3,3as,3a,578,,,25.804817,-80.703567,anhi,3,""
2005,3,3as,3a,643,,,25.815133,-80.713033,anhi,4,""
2005,3,3as,3a,644,,,25.815383,-80.71445,anhi,2,""
2005,3,3as,3a,646,,,25.8104,-80.717083,anhi,1,""
2005,3,3as,3a,661,,,25.81665,-80.764083,anhi,1,""
2005,3,3as,3a,668,,,25.816767,-80.772567,anhi,1,""
2005,3,3as,3a,669,,,25.8145,-80.775667,anhi,6,""
2005,3,3as,3a,673,,,25.814417,-80.780817,anhi,3,""
2005,3,3as,3a,675,,,25.817933,-80.802783,anhi,1,""
2005,3,3as,3a,677,,,25.812183,-80.809833,anhi,1,""
2005,3,3as,3a,693,,,25.820467,-80.75555,anhi,2,""
2005,3,3as,3a,700,,,25.8237,-80.721817,anhi,1,""
2005,3,3as,3a,707,,,25.823567,-80.713467,anhi,1,""
2005,3,3as,3a,727,,,25.81935,-80.671667,anhi,6,""
2005,3,3as,3a,729,,,25.823417,-80.671983,anhi,9,""
2005,3,3as,3a,782,,,25.8318,-80.674017,anhi,5,""
2005,3,3as,3a,783,,,25.827617,-80.671283,anhi,4,""
2005,3,3as,3a,785,,,25.828233,-80.67575,anhi,9,""
2005,3,3as,3a,795,,,25.834283,-80.686767,anhi,4,""
2005,3,3as,3a,816,,,25.830833,-80.75615,anhi,2,""
2005,3,3as,3a,845,,,25.837,-80.776783,anhi,2,""
2005,3,3as,3a,868,,,25.8376,-80.6855,anhi,1,""
2005,3,3as,3a,872,,,25.835567,-80.685317,anhi,14,""
2005,3,3as,3a,944,,,25.8465,-80.703333,anhi,16,""
2005,3,3as,3a,949,,,25.845483,-80.721533,anhi,1,""
2005,3,3as,3a,963,,,25.843467,-80.79495,anhi,6,""
2005,3,3as,3a,974,,,25.85235,-80.80625,anhi,2,""
2005,3,3as,3a,976,,,25.857267,-80.79335,anhi,2,""
2005,3,3as,3a,987,,,25.853267,-80.757267,anhi,4,""
2005,3,3as,3a,1001,,,25.85105,-80.6932,anhi,7,""
2005,3,3as,3a,1040,,,25.859617,-80.6969,anhi,1,""
2005,3,3as,3a,1043,,,25.862967,-80.703917,anhi,8,""
2005,3,3as,3a,1044,,,25.863467,-80.7053,anhi,6,""
2005,3,3as,3a,1057,,,25.858633,-80.744583,anhi,2,""
2005,3,3as,3a,1063,,,25.8622,-80.753833,anhi,1,""
2005,3,3as,3a,1102,,,25.866367,-80.783467,anhi,1,""
2005,3,3as,3a,1110,,,25.867283,-80.747283,anhi,1,""
2005,3,3as,3a,1156,,,25.878733,-80.706217,anhi,2,""
2005,3,3as,3a,1171,,,25.881367,-80.724433,anhi,1,""
2005,3,3as,3a,1217,robs,Robs,25.889017,-80.804417,anhi,3,""
2005,3,3as,3a,1223,,,25.884583,-80.766483,anhi,1,""
2005,3,3as,3a,1237,,,25.88705,-80.70175,anhi,16,""
2005,3,3as,3a,1239,,,25.88865,-80.6792,anhi,14,""
2005,3,3as,3a,1287,,,25.893383,-80.676317,anhi,2,""
2005,3,3as,3a,1310,,,25.893883,-80.744,anhi,2,""
2005,3,3as,3a,1316,,,25.89625,-80.7552,anhi,1,""
2005,3,3as,3a,1323,,,25.892267,-80.793883,anhi,2,""
2005,3,3as,3a,1324,,,25.892783,-80.7947,anhi,1,""
2005,3,3as,3a,1355,,,25.90135,-80.73885,anhi,13,""
2005,3,3as,3a,1422,,,25.910567,-80.722817,anhi,2,""
2005,3,3as,3a,1429,,,25.911717,-80.7295,anhi,1,""
2005,3,3as,3a,1440,,,25.914167,-80.739167,anhi,23,""
2005,3,3as,3a,1482,,,25.918533,-80.773317,anhi,10,""
2005,3,3as,3a,1486,,,25.9186,-80.747583,anhi,1,""
2005,3,3as,3a,1502,,,25.921033,-80.723283,anhi,8,""
2005,3,3as,3a,1545,,,25.92995,-80.693633,anhi,1,""
2005,3,3as,3a,1548,,,25.933283,-80.714167,anhi,6,""
2005,3,3as,3a,1584,,,25.92645,-80.793033,anhi,2,""
2005,3,3as,3a,1609,,,25.939667,-80.7459,anhi,6,""
2005,3,3as,3a,1624,,,25.940233,-80.681017,anhi,2,""
2005,3,3as,3a,1726,,,25.956067,-80.752533,anhi,2,""
2005,3,3as,3a,1755,,,25.95585,-80.673933,anhi,2,""
2005,3,3as,3a,1784,,,25.964083,-80.733283,anhi,1,""
2005,3,3as,3a,1793,,,25.961517,-80.773467,anhi,1,""
2005,3,3as,3a,1878,,,25.979667,-80.695583,anhi,8,""
2005,3,3as,3a,504,,,25.800933,-80.803583,bcnh,1,""
2005,3,3as,3a,1211,,,25.88195,-80.8041,bcnh,3,""
2005,3,3as,3a,1217,robs,Robs,25.889017,-80.804417,bcnh,1,""
2005,3,3as,3a,1448,,,25.910017,-80.74675,bcnh,1,""
2005,3,3as,3a,1893,,,25.978967,-80.793883,bcnh,3,""
2005,3,3as,3a,1900,,,25.981533,-80.816167,bcnh,3,""
2005,3,3as,3a,1904,,,25.985433,-80.81535,bcnh,1,""
2005,3,3as,3a,2156,,,26.048117,-80.763483,bcnh,1,""
2005,3,3as,3a,2227,,,26.0771,-80.76345,bcnh,3,""
2005,3,3as,3a,2285,,,26.1057,-80.701017,bcnh,2,""
2005,3,3as,3a,2389,,,26.127517,-80.72395,bcnh,3,""
2005,3,3as,3a,16,,,25.764167,-80.69515,gbhe,1,""
2005,3,3as,3a,75,,,25.7776,-80.812733,gbhe,1,""
2005,3,3as,3a,83,,,25.774183,-80.79435,gbhe,2,""
2005,3,3as,3a,92,,,25.774933,-80.785733,gbhe,2,""
2005,3,3as,3a,100,,,25.771067,-80.785433,gbhe,2,""
2005,3,3as,3a,108,,,25.773517,-80.773383,gbhe,1,""
2005,3,3as,3a,124,,,25.7779,-80.763417,gbhe,1,""
2005,3,3as,3a,125,,,25.778333,-80.76285,gbhe,2,""
2005,3,3as,3a,141,,,25.774383,-80.733483,gbhe,1,""
2005,3,3as,3a,144,,,25.7777,-80.732733,gbhe,1,""
2005,3,3as,3a,147,,,25.772933,-80.731317,gbhe,1,""
2005,3,3as,3a,156,,,25.777083,-80.711667,gbhe,1,""
2005,3,3as,3a,172,,,25.777633,-80.694083,gbhe,1,""
2005,3,3as,3a,233,,,25.779433,-80.71485,gbhe,1,""
2005,3,3as,3a,239,,,25.783933,-80.732,gbhe,1,""
2005,3,3as,3a,262,,,25.781583,-80.7556,gbhe,1,""
2005,3,3as,3a,279,,,25.77965,-80.764167,gbhe,1,""
2005,3,3as,3a,279,,,25.780317,-80.76375,gbhe,1,""
2005,3,3as,3a,310,,,25.786417,-80.805583,gbhe,1,""
2005,3,3as,3a,341,,,25.790533,-80.815417,gbhe,1,""
2005,3,3as,3a,342,,,25.790717,-80.814,gbhe,1,""
2005,3,3as,3a,357,,,25.79145,-80.776183,gbhe,2,""
2005,3,3as,3a,360,,,25.792383,-80.77315,gbhe,2,""
2005,3,3as,3a,363,,,25.788133,-80.772133,gbhe,1,""
2005,3,3as,3a,474,,,25.796517,-80.731667,gbhe,1,""
2005,3,3as,3a,475,,,25.8021,-80.746483,gbhe,1,""
2005,3,3as,3a,477,,,25.801817,-80.75255,gbhe,2,""
2005,3,3as,3a,492,,,25.79835,-80.78265,gbhe,2,""
2005,3,3as,3a,494,,,25.800667,-80.7835,gbhe,1,""
2005,3,3as,3a,536,,,25.8064,-80.786183,gbhe,1,""
2005,3,3as,3a,538,,,25.805,-80.782183,gbhe,2,""
2005,3,3as,3a,542,,,25.805917,-80.762817,gbhe,4,""
2005,3,3as,3a,548,,,25.810033,-80.73075,gbhe,3,""
2005,3,3as,3a,643,,,25.815133,-80.713033,gbhe,1,""
2005,3,3as,3a,644,,,25.815383,-80.71445,gbhe,1,""
2005,3,3as,3a,669,,,25.8145,-80.775667,gbhe,1,""
2005,3,3as,3a,672,,,25.810367,-80.781083,gbhe,1,""
2005,3,3as,3a,677,,,25.812183,-80.809833,gbhe,1,""
2005,3,3as,3a,707,,,25.823567,-80.713467,gbhe,3,""
2005,3,3as,3a,729,,,25.823417,-80.671983,gbhe,8,""
2005,3,3as,3a,783,,,25.827617,-80.671283,gbhe,2,""
2005,3,3as,3a,785,,,25.828233,-80.67575,gbhe,8,""
2005,3,3as,3a,795,,,25.834283,-80.686767,gbhe,1,""
2005,3,3as,3a,820,,,25.833517,-80.76545,gbhe,1,""
2005,3,3as,3a,829,,,25.828917,-80.825417,gbhe,1,""
2005,3,3as,3a,830,,,25.832967,-80.822417,gbhe,2,""
2005,3,3as,3a,872,,,25.835567,-80.685317,gbhe,4,""
2005,3,3as,3a,944,,,25.8465,-80.703333,gbhe,4,""
2005,3,3as,3a,949,,,25.845483,-80.721533,gbhe,1,""
2005,3,3as,3a,951,,,25.843633,-80.724617,gbhe,1,""
2005,3,3as,3a,963,,,25.843467,-80.79495,gbhe,1,""
2005,3,3as,3a,974,,,25.85235,-80.80625,gbhe,1,""
2005,3,3as,3a,976,,,25.857267,-80.79335,gbhe,4,""
2005,3,3as,3a,987,,,25.853267,-80.757267,gbhe,1,""
2005,3,3as,3a,1001,,,25.85105,-80.6932,gbhe,4,""
2005,3,3as,3a,1005,,,25.855017,-80.681333,gbhe,1,""
2005,3,3as,3a,1040,,,25.859617,-80.6969,gbhe,1,""
2005,3,3as,3a,1110,,,25.867283,-80.747283,gbhe,1,""
2005,3,3as,3a,1175,,,25.874817,-80.735433,gbhe,3,""
2005,3,3as,3a,1180,,,25.878483,-80.757433,gbhe,1,""
2005,3,3as,3a,1217,robs,Robs,25.887433,-80.804383,gbhe,1,""
2005,3,3as,3a,1237,,,25.88705,-80.70175,gbhe,4,""
2005,3,3as,3a,1287,,,25.893383,-80.676317,gbhe,1,""
2005,3,3as,3a,1295,,,25.897033,-80.704733,gbhe,4,""
2005,3,3as,3a,1310,,,25.893883,-80.744,gbhe,1,""
2005,3,3as,3a,1323,,,25.892267,-80.793883,gbhe,1,""
2005,3,3as,3a,1346,,,25.906283,-80.744867,gbhe,1,""
2005,3,3as,3a,1355,,,25.90135,-80.73885,gbhe,7,""
2005,3,3as,3a,1408,,,25.908083,-80.69295,gbhe,1,""
2005,3,3as,3a,1416,,,25.914667,-80.7228,gbhe,1,""
2005,3,3as,3a,1422,,,25.910567,-80.722817,gbhe,1,""
2005,3,3as,3a,1429,,,25.911717,-80.7295,gbhe,1,""
2005,3,3as,3a,1440,,,25.914167,-80.739167,gbhe,1,""
2005,3,3as,3a,1441,,,25.914917,-80.7467,gbhe,2,""
2005,3,3as,3a,1478,,,25.9164,-80.78635,gbhe,1,""
2005,3,3as,3a,1486,,,25.9186,-80.747583,gbhe,1,""
2005,3,3as,3a,1502,,,25.921033,-80.723283,gbhe,6,""
2005,3,3as,3a,1545,,,25.92995,-80.693633,gbhe,1,""
2005,3,3as,3a,1548,,,25.933283,-80.714167,gbhe,2,""
2005,3,3as,3a,1613,,,25.93715,-80.7355,gbhe,1,""
2005,3,3as,3a,1624,,,25.940233,-80.681017,gbhe,1,""
2005,3,3as,3a,1684,,,25.942733,-80.74665,gbhe,1,""
2005,3,3as,3a,1705,,,25.958317,-80.811633,gbhe,1,""
2005,3,3as,3a,1717,,,25.958417,-80.772417,gbhe,1,""
2005,3,3as,3a,1726,,,25.956067,-80.752533,gbhe,2,""
2005,3,3as,3a,1734,,,25.9575,-80.723417,gbhe,1,""
2005,3,3as,3a,1784,,,25.964083,-80.733283,gbhe,2,""
2005,3,3as,3a,1827,,,25.9706,-80.762533,gbhe,1,""
2005,3,3as,3a,1905,,,25.98575,-80.813283,gbhe,1,""
2005,3,3as,3a,2074,,,26.028317,-80.756033,gbhe,1,""
2005,3,3as,3a,2160,,,26.047083,-80.75405,gbhe,1,""
2005,3,3as,3a,32,,,25.768533,-80.784883,greg,1,""
2005,3,3as,3a,117,,,25.774617,-80.766,greg,1,""
2005,3,3as,3a,172,,,25.777633,-80.694083,greg,17,""
2005,3,3as,3a,239,,,25.783933,-80.732,greg,1,""
2005,3,3as,3a,465,,,25.7979,-80.714067,greg,4,""
2005,3,3as,3a,524,,,25.804983,-80.806883,greg,1,""
2005,3,3as,3a,548,,,25.810033,-80.73075,greg,1,""
2005,3,3as,3a,798,,,25.831567,-80.692933,greg,1,""
2005,3,3as,3a,801,,,25.832033,-80.7044,greg,1,""
2005,3,3as,3a,821,,,25.827567,-80.7645,greg,2,""
2005,3,3as,3a,826,,,25.831917,-80.81135,greg,1,""
2005,3,3as,3a,829,,,25.828917,-80.825417,greg,1,""
2005,3,3as,3a,949,,,25.845483,-80.721533,greg,1,""
2005,3,3as,3a,987,,,25.853267,-80.757267,greg,3,""
2005,3,3as,3a,1000,,,25.8541,-80.703017,greg,1,""
2005,3,3as,3a,1057,,,25.858633,-80.744583,greg,2,""
2005,3,3as,3a,1068,,,25.866233,-80.764267,greg,1,""
2005,3,3as,3a,1180,,,25.878483,-80.757433,greg,1,""
2005,3,3as,3a,1223,,,25.884583,-80.766483,greg,3,""
2005,3,3as,3a,1237,,,25.88705,-80.70175,greg,3,""
2005,3,3as,3a,1355,,,25.90135,-80.73885,greg,1,""
2005,3,3as,3a,1408,,,25.908083,-80.69295,greg,1,""
2005,3,3as,3a,1429,,,25.911717,-80.7295,greg,1,""
2005,3,3as,3a,1448,,,25.910017,-80.74675,greg,2,""
2005,3,3as,3a,1469,,,25.914967,-80.79365,greg,1,""
2005,3,3as,3a,1471,,,25.908033,-80.8021,greg,2,""
2005,3,3as,3a,1482,,,25.918533,-80.773317,greg,1,""
2005,3,3as,3a,1545,,,25.92995,-80.693633,greg,2,""
2005,3,3as,3a,1548,,,25.933283,-80.714167,greg,3,""
2005,3,3as,3a,1563,,,25.929817,-80.755517,greg,2,""
2005,3,3as,3a,1592,,,25.936817,-80.803167,greg,2,""
2005,3,3as,3a,1593,,,25.940367,-80.8019,greg,1,""
2005,3,3as,3a,1613,,,25.93715,-80.7355,greg,1,""
2005,3,3as,3a,1666,,,25.9496,-80.693583,greg,2,""
2005,3,3as,3a,1708,,,25.957483,-80.8048,greg,2,""
2005,3,3as,3a,1717,,,25.958417,-80.772417,greg,1,""
2005,3,3as,3a,1786,,,25.96565,-80.737617,greg,1,""
2005,3,3as,3a,1809,,,25.96485,-80.82445,greg,2,""
2005,3,3as,3a,1827,,,25.9706,-80.762533,greg,2,""
2005,3,3as,3a,1878,,,25.979667,-80.695583,greg,2,""
2005,3,3as,3a,1890,,,25.975133,-80.77455,greg,5,""
2005,3,3as,3a,1891,,,25.9769,-80.772817,greg,1,""
2005,3,3as,3a,1918,,,25.9911,-80.77465,greg,1,""
2005,3,3as,3a,1999,,,26.005983,-80.69735,greg,1,""
2005,3,3as,3a,2025,,,26.011,-80.773617,greg,5,""
2005,3,3as,3a,2069,,,26.0254,-80.692933,greg,1,""
2005,3,3as,3a,2100,,,26.0373,-80.754833,greg,1,""
2005,3,3as,3a,2220,,,26.07145,-80.696083,greg,1,""
2005,3,3as,3a,2103,,,26.038133,-80.735617,lbhe,1,""
2005,3,3as,3a,2285,,,26.1057,-80.701017,lbhe,36,""
2005,3,3as,3a,2389,,,26.127517,-80.72395,lbhe,19,""
2005,3,3as,3a,380,,,25.789917,-80.737283,rosp,1,""
2005,3,3as,3a,1206,,,25.882017,-80.81175,sneg,1,""
2005,3,3as,3a,1990,,,26.000317,-80.7638,sneg,2,""
2005,3,3as,3a,582,,,25.808817,-80.70285,trhe,1,""
2005,3,3as,3a,1408,,,25.908083,-80.69295,trhe,2,""
2005,3,3as,3a,1714,,,25.955433,-80.772667,trhe,1,""
2005,3,3as,3a,1786,,,25.96565,-80.737617,trhe,1,""
2005,3,3as,3a,1900,,,25.981533,-80.816167,trhe,6,""
2005,3,3as,3a,1904,,,25.985433,-80.81535,trhe,8,""
2005,3,3as,3a,1905,,,25.98575,-80.813283,trhe,4,""
2005,3,3as,3a,1907,,,25.987467,-80.804033,trhe,2,""
2005,3,3as,3a,1908,,,25.985833,-80.802983,trhe,2,""
2005,3,3as,3a,1910,,,25.983583,-80.802133,trhe,2,""
2005,3,3as,3a,1977,,,25.994033,-80.814667,trhe,1,""
2005,3,3as,3a,1981,,,26.000917,-80.800717,trhe,14,""
2005,3,3as,3a,1990,,,26.000317,-80.7638,trhe,1,""
2005,3,3as,3a,2034,,,26.013717,-80.81345,trhe,4,""
2005,3,3as,3a,2046,,,26.022817,-80.734283,trhe,7,""
2005,3,3as,3a,2069,,,26.0254,-80.692933,trhe,3,""
2005,3,3as,3a,2074,,,26.028317,-80.756033,trhe,3,""
2005,3,3as,3a,2091,,,26.030533,-80.762983,trhe,2,""
2005,3,3as,3a,2156,,,26.048117,-80.763483,trhe,1,""
2005,3,3as,3a,2196,,,26.070217,-80.772217,trhe,3,""
2005,3,3as,3a,2288,,,26.11115,-80.70415,trhe,1,""
2005,3,3as,3a,2389,,,26.127517,-80.72395,trhe,1,""
2005,3,3as,3a,1206,,,25.882017,-80.81175,whib,2,""
2005,3,3as,3a,1217,robs,Robs,25.887433,-80.804383,whib,2,""
2005,3,3as,3a,1291,,,25.895883,-80.695167,whib,1,""
2005,3,3as,3a,1613,,,25.93715,-80.7355,whib,3,""
2005,3,3as,3a,1705,,,25.958317,-80.811633,whib,1,""
2005,3,3as,3a,1800,,,25.9613,-80.80635,whib,25,""
2005,3,3as,3a,1918,,,25.9911,-80.77465,whib,3,""
2005,3,3as,3a,2023,,,26.01015,-80.76375,whib,23,""
2005,3,3as,3a,2025,,,26.011,-80.773617,whib,25,""
2005,3,3as,3a,2103,,,26.038133,-80.735617,whib,9,""
2005,3,3as,3a,2247,,,26.0937,-80.696083,whib,2,""
2005,3,3as,3a,2285,,,26.1057,-80.701017,whib,1,""
2005,3,3as,3a,1904,,,25.985433,-80.81535,ycnh,1,""
2005,3,3b,3b,619,,,25.814483,-80.601317,greg,14,""
2005,3,3b,3b,900,,Dagon,25.8409,-80.528033,greg,6,""
2005,3,3b,3b,923,,,25.84845,-80.532167,greg,5,""
2005,enp,inlandenp,3a,2675,,,25.673167,-80.816917,anhi,6,""
2006,1,1,1,2566,,,26.368417,-80.253283,bcnh,30,""
2006,1,1,1,2724,,,26.623433,-80.42435,greg,7,""
2006,1,1,1,2566,,,26.368417,-80.253283,lbhe,50,""
2006,1,1,1,2806,,,26.557367,-80.259867,sneg,28,""
2006,1,1,1,2902,,,26.509933,-80.322567,sneg,12,""
2006,2,2a,2,2534,,,26.272133,-80.325983,lbhe,10,""
2006,3,3an,3,2446,,,26.159317,-80.576367,greg,6,""
2006,3,3an,3,2436,,,26.2097,-80.664983,lbhe,30,""
2006,3,3an,3,2446,,,26.159317,-80.576367,sneg,25,""
2006,3,3as,3,21,,,25.768733,-80.713617,anhi,4,""
2006,3,3as,3,82,,,25.7759,-80.796183,anhi,8,""
2006,3,3as,3,86,,,25.771,-80.79175,anhi,14,""
2006,3,3as,3,124,,,25.777917,-80.763333,anhi,4,""
2006,3,3as,3,164,,,25.779017,-80.702283,anhi,15,""
2006,3,3as,3,169,,,25.772067,-80.697367,anhi,5,""
2006,3,3as,3,172,,,25.777217,-80.693517,anhi,15,""
2006,3,3as,3,239,,,25.783733,-80.732033,anhi,25,""
2006,3,3as,3,260,,,25.78335,-80.752767,anhi,1,""
2006,3,3as,3,308,,,25.783917,-80.806583,anhi,4,""
2006,3,3as,3,374,,,25.78925,-80.755233,anhi,2,""
2006,3,3as,3,378,,,25.79275,-80.744833,anhi,2,""
2006,3,3as,3,382,,,25.793783,-80.731867,anhi,1,""
2006,3,3as,3,492,,,25.798383,-80.782567,anhi,17,""
2006,3,3as,3,504,,,25.8009,-80.803633,anhi,9,""
2006,3,3as,3,531,,,25.8064,-80.796017,anhi,9,""
2006,3,3as,3,536,,,25.806333,-80.786183,anhi,6,""
2006,3,3as,3,545,,,25.8029,-80.742933,anhi,4,""
2006,3,3as,3,644,,,25.8149,-80.714033,anhi,3,""
2006,3,3as,3,668,,,25.817033,-80.772817,anhi,2,""
2006,3,3as,3,693,,,25.819967,-80.755717,anhi,2,""
2006,3,3as,3,699,,,25.823283,-80.724167,anhi,1,""
2006,3,3as,3,700,,,25.8233,-80.721667,anhi,5,""
2006,3,3as,3,785,,,25.827917,-80.6755,anhi,4,""
2006,3,3as,3,814,,,25.830317,-80.752617,anhi,4,""
2006,3,3as,3,872,,,25.835533,-80.685217,anhi,6,""
2006,3,3as,3,944,,,25.846483,-80.703417,anhi,16,""
2006,3,3as,3,963,,,25.8431,-80.794817,anhi,10,""
2006,3,3as,3,977,,,25.858367,-80.793167,anhi,23,""
2006,3,3as,3,1001,,,25.850783,-80.69325,anhi,7,""
2006,3,3as,3,1043,,,25.8628,-80.703933,anhi,1,""
2006,3,3as,3,1044,,,25.863233,-80.70515,anhi,1,""
2006,3,3as,3,1052,,,25.859667,-80.713783,anhi,1,""
2006,3,3as,3,1057,,,25.85795,-80.743717,anhi,1,""
2006,3,3as,3,1090,,,25.866267,-80.807867,anhi,7,""
2006,3,3as,3,1110,,,25.867533,-80.7474,anhi,1,""
2006,3,3as,3,1163,,,25.878367,-80.71155,anhi,1,""
2006,3,3as,3,1192,,,25.876017,-80.794083,anhi,2,""
2006,3,3as,3,1221,,,25.887033,-80.78145,anhi,6,""
2006,3,3as,3,1223,,,25.8845,-80.766083,anhi,8,""
2006,3,3as,3,1287,,,25.8936,-80.67645,anhi,3,""
2006,3,3as,3,1302,,,25.896217,-80.714117,anhi,1,""
2006,3,3as,3,1310,,,25.893833,-80.744017,anhi,3,""
2006,3,3as,3,1331,,,25.906083,-80.794467,anhi,2,""
2006,3,3as,3,1335,,,25.901533,-80.773617,anhi,8,""
2006,3,3as,3,1415,,,25.909683,-80.721067,anhi,2,""
2006,3,3as,3,1416,,,25.914617,-80.722783,anhi,5,""
2006,3,3as,3,1419,,,25.91555,-80.723167,anhi,1,""
2006,3,3as,3,1453,,,25.914933,-80.7739,anhi,19,""
2006,3,3as,3,1502,,,25.921383,-80.72335,anhi,2,""
2006,3,3as,3,1534,,,25.932183,-80.675533,anhi,3,""
2006,3,3as,3,1542,,,25.928567,-80.687783,anhi,1,""
2006,3,3as,3,1545,,,25.9298,-80.693867,anhi,2,""
2006,3,3as,3,1548,,,25.933317,-80.713817,anhi,8,""
2006,3,3as,3,1607,,,25.939883,-80.745283,anhi,3,""
2006,3,3as,3,1609,,,25.939133,-80.745917,anhi,16,""
2006,3,3as,3,1617,,,25.94165,-80.716467,anhi,3,""
2006,3,3as,3,1626,,,25.94155,-80.672267,anhi,5,""
2006,3,3as,3,1655,,,25.945083,-80.674383,anhi,2,""
2006,3,3as,3,1716,,,25.95815,-80.774367,anhi,1,""
2006,3,3as,3,1755,,,25.95535,-80.673767,anhi,2,""
2006,3,3as,3,1788,,,25.9657,-80.742067,anhi,3,""
2006,3,3as,3,1791,,,25.964383,-80.752983,anhi,13,""
2006,3,3as,3,1837,,,25.9741,-80.72455,anhi,2,""
2006,3,3as,3,1878,,,25.9795,-80.695567,anhi,2,""
2006,3,3as,3,1974,,,25.996233,-80.766933,anhi,2,""
2006,3,3as,3,2067,,,26.030533,-80.682567,anhi,1,""
2006,3,3as,3,2127,,,26.045967,-80.694367,anhi,1,""
2006,3,3as,3,2134,,,26.0439,-80.72235,anhi,2,""
2006,3,3as,3,2143,,,26.0392,-80.784283,anhi,1,""
2006,3,3as,3,2157,,,26.053717,-80.755,anhi,2,""
2006,3,3as,3,2200,,,26.070933,-80.6756,anhi,2,""
2006,3,3as,3,3436,,,25.773267,-80.712833,anhi,10,""
2006,3,3as,3a,1217,robs,Robs,25.888467,-80.804867,bcnh,45,""
2006,3,3as,3,2030,,,26.01605,-80.7942,bcnh,80,""
2006,3,3as,3,2089,,,26.034267,-80.805983,bcnh,30,""
2006,3,3as,3,2141,,,26.0388,-80.785767,bcnh,4,""
2006,3,3as,3,2143,,,26.0392,-80.784283,bcnh,1,""
2006,3,3as,3,2154,,,26.050017,-80.782383,bcnh,8,""
2006,3,3as,3,2228,,,26.075967,-80.78255,bcnh,4,""
2006,3,3as,3,2255,,,26.091167,-80.7857,bcnh,9,""
2006,3,3as,3,21,,,25.768733,-80.713617,gbhe,2,""
2006,3,3as,3,22,,,25.765717,-80.723767,gbhe,3,""
2006,3,3as,3,26,,,25.769067,-80.735117,gbhe,2,""
2006,3,3as,3,35,,,25.769917,-80.79255,gbhe,1,""
2006,3,3as,3,36,,,25.768617,-80.79625,gbhe,1,""
2006,3,3as,3,37,,,25.766217,-80.796333,gbhe,2,""
2006,3,3as,3,48,,,25.766317,-80.814217,gbhe,1,""
2006,3,3as,3,86,,,25.771,-80.79175,gbhe,5,""
2006,3,3as,3,103,,,25.7725,-80.784,gbhe,1,""
2006,3,3as,3,108,,,25.773483,-80.773433,gbhe,2,""
2006,3,3as,3,109,,,25.77185,-80.772767,gbhe,3,""
2006,3,3as,3,120,,,25.775083,-80.7637,gbhe,1,""
2006,3,3as,3,123,,,25.777433,-80.762333,gbhe,1,""
2006,3,3as,3,124,,,25.777917,-80.763333,gbhe,1,""
2006,3,3as,3,164,,,25.779017,-80.702283,gbhe,1,""
2006,3,3as,3,169,,,25.772067,-80.697367,gbhe,2,""
2006,3,3as,3,172,,,25.777217,-80.693517,gbhe,2,""
2006,3,3as,3,239,,,25.783733,-80.732033,gbhe,1,""
2006,3,3as,3,244,,,25.7792,-80.735217,gbhe,2,""
2006,3,3as,3,260,,,25.78335,-80.752767,gbhe,1,""
2006,3,3as,3,267,,,25.786017,-80.7621,gbhe,2,""
2006,3,3as,3,288,,,25.784083,-80.775433,gbhe,1,""
2006,3,3as,3,299,,,25.779833,-80.782583,gbhe,1,""
2006,3,3as,3,308,,,25.783917,-80.806583,gbhe,1,""
2006,3,3as,3,314,,,25.782617,-80.807717,gbhe,1,""
2006,3,3as,3,342,,,25.7904,-80.814667,gbhe,2,""
2006,3,3as,3,343,,,25.79435,-80.811833,gbhe,1,""
2006,3,3as,3,346,,,25.793067,-80.794283,gbhe,1,""
2006,3,3as,3,353,,,25.7866,-80.7758,gbhe,1,""
2006,3,3as,3,359,,,25.792217,-80.774217,gbhe,1,""
2006,3,3as,3,360,,,25.792583,-80.773017,gbhe,2,""
2006,3,3as,3,386,,,25.789633,-80.732467,gbhe,1,""
2006,3,3as,3,393,,,25.787267,-80.7234,gbhe,5,""
2006,3,3as,3,484,,,25.801667,-80.762467,gbhe,1,""
2006,3,3as,3,485,,,25.801433,-80.764383,gbhe,1,""
2006,3,3as,3,490,,,25.795867,-80.775767,gbhe,1,""
2006,3,3as,3,492,,,25.798383,-80.782567,gbhe,1,""
2006,3,3as,3,531,,,25.8064,-80.796017,gbhe,1,""
2006,3,3as,3,536,,,25.806333,-80.786183,gbhe,1,""
2006,3,3as,3,542,,,25.805733,-80.76275,gbhe,1,""
2006,3,3as,3,545,,,25.8029,-80.742933,gbhe,1,""
2006,3,3as,3,551,,,25.804583,-80.721817,gbhe,1,""
2006,3,3as,3,556,,,25.8105,-80.721633,gbhe,1,""
2006,3,3as,3,644,,,25.8149,-80.714033,gbhe,2,""
2006,3,3as,3,668,,,25.817033,-80.772817,gbhe,2,""
2006,3,3as,3,699,,,25.823283,-80.724167,gbhe,2,""
2006,3,3as,3,700,,,25.8233,-80.721667,gbhe,1,""
2006,3,3as,3,729,,,25.823217,-80.672067,gbhe,1,""
2006,3,3as,3,785,,,25.827917,-80.6755,gbhe,1,""
2006,3,3as,3,814,,,25.830317,-80.752617,gbhe,2,""
2006,3,3as,3,845,,,25.836933,-80.7767,gbhe,1,""
2006,3,3as,3,849,,,25.836483,-80.754917,gbhe,1,""
2006,3,3as,3,872,,,25.835533,-80.685217,gbhe,4,""
2006,3,3as,3,932,,,25.8504,-80.673833,gbhe,3,""
2006,3,3as,3,944,,,25.846483,-80.703417,gbhe,3,""
2006,3,3as,3,945,,,25.843467,-80.704317,gbhe,1,""
2006,3,3as,3,947,,,25.8504,-80.715167,gbhe,2,""
2006,3,3as,3,951,,,25.84325,-80.723983,gbhe,1,""
2006,3,3as,3,956,,,25.8496,-80.7638,gbhe,1,""
2006,3,3as,3,984,,,25.85435,-80.777017,gbhe,1,""
2006,3,3as,3,1001,,,25.850783,-80.69325,gbhe,2,""
2006,3,3as,3,1052,,,25.859667,-80.713783,gbhe,2,""
2006,3,3as,3,1068,,,25.8659,-80.76385,gbhe,1,""
2006,3,3as,3,1090,,,25.866267,-80.807867,gbhe,1,""
2006,3,3as,3,1108,,,25.867983,-80.761883,gbhe,1,""
2006,3,3as,3,1110,,,25.867533,-80.7474,gbhe,3,""
2006,3,3as,3,1155,,,25.877867,-80.70535,gbhe,2,""
2006,3,3as,3,1173,,,25.87955,-80.7249,gbhe,1,""
2006,3,3as,3,1175,,,25.874917,-80.735033,gbhe,1,""
2006,3,3as,3a,1181,long_strand,long strand,25.8771,-80.755583,gbhe,1,""
2006,3,3as,3,1194,,,25.87985,-80.794433,gbhe,1,""
2006,3,3as,3,1198,,,25.874567,-80.802033,gbhe,1,""
2006,3,3as,3a,1217,robs,Robs,25.887383,-80.80405,gbhe,1,""
2006,3,3as,3,1221,,,25.887033,-80.78145,gbhe,1,""
2006,3,3as,3,1223,,,25.8845,-80.766083,gbhe,1,""
2006,3,3as,3,1287,,,25.8936,-80.67645,gbhe,1,""
2006,3,3as,3,1291,,,25.895067,-80.695217,gbhe,3,""
2006,3,3as,3,1302,,,25.896217,-80.714117,gbhe,1,""
2006,3,3as,3,1310,,,25.893833,-80.744017,gbhe,1,""
2006,3,3as,3,1316,,,25.895917,-80.7553,gbhe,1,""
2006,3,3as,3,1319,,,25.892367,-80.77425,gbhe,1,""
2006,3,3as,3,1323,,,25.891833,-80.7935,gbhe,1,""
2006,3,3as,3,1331,,,25.906083,-80.794467,gbhe,1,""
2006,3,3as,3,1340,,,25.905683,-80.76625,gbhe,1,""
2006,3,3as,3,1343,,,25.905067,-80.754633,gbhe,2,""
2006,3,3as,3,1349,,,25.901483,-80.741733,gbhe,1,""
2006,3,3as,3,1453,,,25.914933,-80.7739,gbhe,8,""
2006,3,3as,3,1455,,,25.913033,-80.774733,gbhe,2,""
2006,3,3as,3,1478,,,25.916467,-80.785833,gbhe,2,""
2006,3,3as,3,1494,,,25.916567,-80.7329,gbhe,2,""
2006,3,3as,3,1498,,,25.9183,-80.724217,gbhe,1,""
2006,3,3as,3,1534,,,25.932183,-80.675533,gbhe,2,""
2006,3,3as,3,1539,,,25.92635,-80.6854,gbhe,1,""
2006,3,3as,3,1542,,,25.928567,-80.687783,gbhe,1,""
2006,3,3as,3,1545,,,25.9298,-80.693867,gbhe,1,""
2006,3,3as,3,1548,,,25.933317,-80.713817,gbhe,4,""
2006,3,3as,3,1559,,,25.93245,-80.743333,gbhe,1,""
2006,3,3as,3,1598,,,25.9378,-80.76445,gbhe,1,""
2006,3,3as,3,1600,,,25.935167,-80.764983,gbhe,1,""
2006,3,3as,3,1603,,,25.94095,-80.7546,gbhe,1,""
2006,3,3as,3,1607,,,25.939883,-80.745283,gbhe,1,""
2006,3,3as,3,1613,,,25.936667,-80.735317,gbhe,5,""
2006,3,3as,3,1617,,,25.94165,-80.716467,gbhe,1,""
2006,3,3as,3,1676,,,25.945417,-80.74255,gbhe,2,""
2006,3,3as,3,1714,,,25.954533,-80.7729,gbhe,5,""
2006,3,3as,3,1716,,,25.95815,-80.774367,gbhe,1,""
2006,3,3as,3,1726,,,25.956167,-80.75255,gbhe,4,""
2006,3,3as,3,1749,,,25.954967,-80.68525,gbhe,1,""
2006,3,3as,3,1755,,,25.95535,-80.673767,gbhe,1,""
2006,3,3as,3,1782,,,25.962783,-80.7255,gbhe,1,""
2006,3,3as,3,1787,,,25.966317,-80.74125,gbhe,1,""
2006,3,3as,3,1788,,,25.9657,-80.742067,gbhe,2,""
2006,3,3as,3,1791,,,25.964383,-80.752983,gbhe,1,""
2006,3,3as,3,1817,,,25.974433,-80.774783,gbhe,1,""
2006,3,3as,3,1833,,,25.96875,-80.745383,gbhe,1,""
2006,3,3as,3,1837,,,25.9741,-80.72455,gbhe,2,""
2006,3,3as,3,1844,,,25.970167,-80.701433,gbhe,2,""
2006,3,3as,3,1846,,,25.968383,-80.695767,gbhe,1,""
2006,3,3as,3,1858,,,25.968933,-80.657133,gbhe,4,""
2006,3,3as,3,1878,,,25.9795,-80.695567,gbhe,1,""
2006,3,3as,3,1879,,,25.977433,-80.703317,gbhe,1,""
2006,3,3as,3,1918,,,25.991417,-80.774767,gbhe,3,""
2006,3,3as,3,1927,,,25.9861,-80.706733,gbhe,1,""
2006,3,3as,3,1937,,,25.987967,-80.671867,gbhe,1,""
2006,3,3as,3,1941,,,25.9828,-80.656583,gbhe,1,""
2006,3,3as,3,1964,,,25.992267,-80.725733,gbhe,3,""
2006,3,3as,3,1983,,,26.002217,-80.783333,gbhe,4,""
2006,3,3as,3,1997,,,26.00505,-80.713583,gbhe,3,""
2006,3,3as,3,2020,,,26.012067,-80.68435,gbhe,1,""
2006,3,3as,3,2067,,,26.030533,-80.682567,gbhe,1,""
2006,3,3as,3a,2108,big_mel_west,big mel west,26.03345,-80.675317,gbhe,4,""
2006,3,3as,3,2127,,,26.045967,-80.694367,gbhe,2,""
2006,3,3as,3,2130,,,26.040117,-80.705883,gbhe,5,""
2006,3,3as,3,2131,,,26.041083,-80.70455,gbhe,1,""
2006,3,3as,3,2133,,,26.039483,-80.722617,gbhe,2,""
2006,3,3as,3,2154,,,26.050017,-80.782383,gbhe,1,""
2006,3,3as,3,2157,,,26.053717,-80.755,gbhe,3,""
2006,3,3as,3,2158,,,26.052717,-80.753917,gbhe,2,""
2006,3,3as,3,2167,,,26.051017,-80.676583,gbhe,1,""
2006,3,3as,3,2183,,,26.05605,-80.785183,gbhe,1,""
2006,3,3as,3,2200,,,26.070933,-80.6756,gbhe,6,""
2006,3,3as,3,2226,,,26.07575,-80.733133,gbhe,1,""
2006,3,3as,3,2302,,,26.115583,-80.7434,gbhe,2,""
2006,3,3as,3,3405,,,26.097667,-80.7,gbhe,2,""
2006,3,3as,3,3436,,,25.773267,-80.712833,gbhe,6,""
2006,3,3as,3,472,,,25.795983,-80.734333,glib,2,""
2006,3,3as,3,15,,,25.763717,-80.6961,greg,11,""
2006,3,3as,3,156,,,25.777033,-80.711917,greg,2,""
2006,3,3as,3,172,,,25.777217,-80.693517,greg,2,""
2006,3,3as,3,545,,,25.8029,-80.742933,greg,1,""
2006,3,3as,3,556,,,25.8105,-80.721633,greg,1,""
2006,3,3as,3,624,,,25.817567,-80.67215,greg,6,""
2006,3,3as,3,932,,,25.8504,-80.673833,greg,9,""
2006,3,3as,3,1236,,,25.887067,-80.701033,greg,5,""
2006,3,3as,3,1291,,,25.895067,-80.695217,greg,1,""
2006,3,3as,3,1436,,,25.913883,-80.734867,greg,7,""
2006,3,3as,3,1494,,,25.916567,-80.7329,greg,4,""
2006,3,3as,3,1539,,,25.92635,-80.6854,greg,9,""
2006,3,3as,3,1613,,,25.936667,-80.735317,greg,34,""
2006,3,3as,3,1787,,,25.966317,-80.74125,greg,1,""
2006,3,3as,3,1791,,,25.96285,-80.752583,greg,3,""
2006,3,3as,3,1858,,,25.968933,-80.657133,greg,4,""
2006,3,3as,3,1868,,,25.974617,-80.626033,greg,10,""
2006,3,3as,3,1872,,,25.980283,-80.654833,greg,14,""
2006,3,3as,3,1873,,,25.977417,-80.65775,greg,5,""
2006,3,3as,3,1941,,,25.9828,-80.656583,greg,3,""
2006,3,3as,3,1974,,,25.996233,-80.766933,greg,2,""
2006,3,3as,3,1985,,,26.0009,-80.778817,greg,21,""
2006,3,3as,3,1997,,,26.00505,-80.713583,greg,2,""
2006,3,3as,3,2052,,,26.021583,-80.68175,greg,1,""
2006,3,3as,3,2052,,,26.020983,-80.681633,greg,10,""
2006,3,3as,3,2064,,,26.024583,-80.653883,greg,4,""
2006,3,3as,3,2093,,,26.032767,-80.76105,greg,22,""
2006,3,3as,3,2125,,,26.04525,-80.6725,greg,7,""
2006,3,3as,3,2127,,,26.045967,-80.694367,greg,1,""
2006,3,3as,3,2130,,,26.040117,-80.705883,greg,1,""
2006,3,3as,3,2134,,,26.0439,-80.72235,greg,5,""
2006,3,3as,3,2159,,,26.050217,-80.751633,greg,5,""
2006,3,3as,3,2198,,,26.065733,-80.735983,greg,1,""
2006,3,3as,3,2290,,,26.10975,-80.735133,greg,29,""
2006,3,3as,3,2302,,,26.115583,-80.7434,greg,17,""
2006,3,3as,3,2311,,,26.120083,-80.63895,greg,34,""
2006,3,3as,3,2386,,,26.123467,-80.721883,greg,19,""
2006,3,3as,3,3436,,,25.773267,-80.712833,greg,2,""
2006,3,3as,3a,1217,robs,Robs,25.888817,-80.803583,lbhe,20,""
2006,3,3as,3,1581,,,25.925367,-80.778833,lbhe,49,""
2006,3,3as,3,1906,,,25.98355,-80.812683,lbhe,80,""
2006,3,3as,3,2107,,,26.036533,-80.6807,lbhe,43,""
2006,3,3as,3a,2108,big_mel_west,big mel west,26.033867,-80.674033,lbhe,138,""
2006,3,3as,3,2123,,,26.0441,-80.648117,lbhe,15,""
2006,3,3as,3,2154,,,26.050017,-80.782383,lbhe,8,""
2006,3,3as,3,2167,,,26.049433,-80.6767,lbhe,30,""
2006,3,3as,3,2213,,,26.075767,-80.624,lbhe,20,""
2006,3,3as,3,2286,,,26.104483,-80.701283,lbhe,22,""
2006,3,3as,3,2125,,,26.04525,-80.6725,sneg,24,""
2006,3,3as,3,2227,,,26.075967,-80.763533,sneg,1,""
2006,3,3as,3,1791,,,25.964383,-80.752983,trhe,4,""
2006,3,3as,3,1905,,,25.985583,-80.812983,trhe,2,""
2006,3,3as,3,1907,,,25.987517,-80.804,trhe,1,""
2006,3,3as,3,1927,,,25.9861,-80.706733,trhe,8,""
2006,3,3as,3,1983,,,26.002217,-80.783333,trhe,1,""
2006,3,3as,3,1990,,,26.0002,-80.763617,trhe,1,""
2006,3,3as,3,1997,,,26.00505,-80.713583,trhe,1,""
2006,3,3as,3,2020,,,26.012067,-80.68435,trhe,1,""
2006,3,3as,3,2026,,,26.014583,-80.783567,trhe,1,""
2006,3,3as,3,2030,,,26.01605,-80.7942,trhe,1,""
2006,3,3as,3,2052,,,26.021583,-80.68175,trhe,8,""
2006,3,3as,3,2067,,,26.030533,-80.682567,trhe,3,""
2006,3,3as,3,2070,,,26.027983,-80.703783,trhe,3,""
2006,3,3as,3,2071,,,26.026917,-80.7058,trhe,1,""
2006,3,3as,3,2134,,,26.0439,-80.72235,trhe,2,""
2006,3,3as,3,2154,,,26.050017,-80.782383,trhe,2,""
2006,3,3as,3,2167,,,26.051017,-80.676583,trhe,1,""
2006,3,3as,3,2183,,,26.05605,-80.785183,trhe,1,""
2006,3,3as,3,2234,,,26.085183,-80.7556,trhe,14,""
2006,3,3as,3,3405,,,26.097667,-80.7,trhe,8,""
2006,3,3as,3,3411,,,25.999683,-80.822283,trhe,6,""
2006,3,3as,3,2052,,,26.020983,-80.681633,whib,10,""
2006,3,3as,3,2163,,,26.054517,-80.733083,whib,15,""
2006,3,3as,3,152,,,25.7763,-80.7253,ycnh,8,""
2006,3,3b,3,1250,,,25.88855,-80.562783,gbhe,1,""
2006,3,3b,3,217,,,25.780433,-80.612767,greg,26,""
2006,3,3b,3,619,,,25.814817,-80.6026,greg,24,""
2006,3,3b,3,619,,,25.814783,-80.6025,greg,26,""
2006,3,3b,3,743,,,25.8244,-80.6425,greg,17,""
2006,3,3b,3,747,,,25.823733,-80.639817,greg,12,""
2006,3,3b,3,900,,,25.841383,-80.527017,greg,4,""
2006,3,3b,3,915,,,25.84955,-80.518483,greg,25,""
2006,3,3b,3,917,diana_old,,25.847467,-80.5233,greg,22,""
2006,3,3b,3,919,,,25.848167,-80.526467,greg,10,""
2006,3,3b,3,920,,,25.84855,-80.528233,greg,11,""
2006,3,3b,3,923,,,25.8485,-80.532533,greg,15,""
2006,3,3b,3,1140,,,25.879033,-80.528183,greg,15,""
2006,3,3b,3,1250,,,25.88855,-80.562783,greg,27,""
2006,3,3b,3,2714,,,26.038033,-80.472217,lbhe,15,""
2006,enp,inlandenp,3,2679,,,25.420767,-80.78535,gbhe,1,""
2007,1,1,1,2600,,UWETA,26.37205,-80.301333,anhi,1,""
2007,1,1,1,2732,,,26.5981,-80.285467,bcnh,1,""
2007,1,1,1,2600,,UWETA,26.37205,-80.301333,gbhe,1,""
2007,1,1,1,2772,,YMIR,26.572283,-80.272167,gbhe,1,""
2007,1,1,1,2600,,,26.37205,-80.301333,greg,2,""
2007,1,1,1,2600,,UWETA,26.37205,-80.301333,greg,22,""
2007,1,1,1,2768,,,26.573483,-80.273983,greg,3,""
2007,1,1,1,2804,,YAM,26.553533,-80.264517,greg,8,""
2007,1,1,1,2902,wats,WATS,26.50985,-80.32375,greg,1,""
2007,1,1,1,2961,,,26.392217,-80.3134,greg,13,""
2007,1,1,1,2600,,UWETA,26.37205,-80.301333,lbhe,1,""
2007,1,1,1,2732,,,26.5981,-80.285467,lbhe,6,""
2007,1,1,1,2902,wats,WATS,26.50985,-80.32375,lbhe,85,""
2007,1,1,1,2587,,UZANA,26.3721,-80.29265,smhe,2,""
2007,1,1,1,2600,,UWETA,26.37205,-80.301333,smhe,2,""
2007,1,1,1,2772,,YMIR,26.572283,-80.272167,smhe,2,""
2007,1,1,1,2902,wats,WATS,26.50985,-80.32375,smhe,2,""
2007,1,1,1,2961,,,26.392217,-80.3134,smhe,3,""
2007,2,2a,2,2512,,SHAMASH,26.244117,-80.433167,anhi,2,""
2007,2,2a,2,2512,,SHAMASH,26.244117,-80.433167,gbhe,3,""
2007,2,2a,2,2512,,SHAMASH,26.244117,-80.433167,greg,3,""
2007,2,2a,2,2512,,SHAMASH,26.244117,-80.433167,smhe,1,""
2007,3,3as,3,35,,,25.770217,-80.792633,anhi,1,""
2007,3,3as,3,86,,,25.770983,-80.791633,anhi,15,""
2007,3,3as,3,156,,,25.777083,-80.711767,anhi,2,""
2007,3,3as,3,164,,,25.778867,-80.70235,anhi,5,""
2007,3,3as,3,233,,,25.7792,-80.714967,anhi,1,""
2007,3,3as,3,239,,,25.784267,-80.731733,anhi,4,""
2007,3,3as,3,244,,,25.77955,-80.7345,anhi,1,""
2007,3,3as,3,258,,,25.784467,-80.752733,anhi,4,""
2007,3,3as,3,260,,,25.783283,-80.752083,anhi,2,""
2007,3,3as,3,267,,,25.785617,-80.76215,anhi,2,""
2007,3,3as,3,355,,,25.79005,-80.775833,anhi,1,""
2007,3,3as,3,373,,,25.789517,-80.762033,anhi,5,""
2007,3,3as,3,377,,,25.794083,-80.744217,anhi,1,""
2007,3,3as,3,386,,,25.789067,-80.732467,anhi,1,""
2007,3,3as,3,393,,,25.787267,-80.723333,anhi,2,""
2007,3,3as,3,446,,,25.802133,-80.68505,anhi,1,""
2007,3,3as,3,477,,,25.801867,-80.75245,anhi,1,""
2007,3,3as,3,492,,,25.7987,-80.782467,anhi,3,""
2007,3,3as,3,504,,,25.800733,-80.80365,anhi,8,""
2007,3,3as,3,523,,,25.80975,-80.814967,anhi,4,""
2007,3,3as,3,531,,,25.8065,-80.79605,anhi,12,""
2007,3,3as,3,551,,,25.8046,-80.721933,anhi,1,""
2007,3,3as,3,570,,,25.810183,-80.705983,anhi,4,""
2007,3,3as,3,588,,,25.80815,-80.685233,anhi,15,""
2007,3,3as,3,602,,,25.80915,-80.672417,anhi,1,""
2007,3,3as,3,644,,,25.815083,-80.714167,anhi,4,""
2007,3,3as,3,668,,,25.816667,-80.7726,anhi,25,""
2007,3,3as,3,720,,,25.825367,-80.683517,anhi,2,""
2007,3,3as,3,727,,,25.81875,-80.67205,anhi,4,""
2007,3,3as,3,729,,,25.82305,-80.6721,anhi,7,""
2007,3,3as,3,782,,,25.831633,-80.674,anhi,22,""
2007,3,3as,3,814,,,25.83095,-80.753317,anhi,4,""
2007,3,3as,3,844,,,25.83495,-80.783333,anhi,3,""
2007,3,3as,3,845,,,25.836783,-80.776567,anhi,8,""
2007,3,3as,3,861,,,25.8395,-80.703483,anhi,6,""
2007,3,3as,3,872,,,25.835567,-80.685317,anhi,7,""
2007,3,3as,3,932,,,25.85055,-80.673783,anhi,9,""
2007,3,3as,3,944,,,25.846083,-80.703317,anhi,20,""
2007,3,3as,3,963,,,25.842917,-80.795217,anhi,18,""
2007,3,3as,3,974,,,25.852917,-80.80645,anhi,7,""
2007,3,3as,3,977,,,25.85825,-80.793583,anhi,15,""
2007,3,3as,3,985,,,25.855967,-80.774733,anhi,1,""
2007,3,3as,3,1043,,,25.863067,-80.704267,anhi,8,""
2007,3,3as,3,1044,,,25.863417,-80.7061,anhi,15,""
2007,3,3as,3,1052,,,25.85935,-80.71345,anhi,2,""
2007,3,3as,3,1054,,,25.861267,-80.724917,anhi,4,""
2007,3,3as,3,1096,,,25.87095,-80.802,anhi,1,""
2007,3,3as,3,1148,,,25.879917,-80.685967,anhi,1,""
2007,3,3as,3,1175,,,25.874867,-80.735483,anhi,9,""
2007,3,3as,3a,1181,long_strand,long strand,25.877033,-80.755433,anhi,10,""
2007,3,3as,3,1192,,,25.87635,-80.793983,anhi,1,""
2007,3,3as,3,1223,,,25.884417,-80.766017,anhi,5,""
2007,3,3as,3,1287,,,25.892967,-80.67605,anhi,8,""
2007,3,3as,3,1295,,,25.897167,-80.704283,anhi,2,""
2007,3,3as,3,1310,,,25.893783,-80.74365,anhi,10,""
2007,3,3as,3,1319,,,25.893817,-80.773933,anhi,9,""
2007,3,3as,3,1331,,,25.906083,-80.7945,anhi,3,""
2007,3,3as,3,1343,,,25.90525,-80.75485,anhi,2,""
2007,3,3as,3,1408,,,25.908117,-80.692317,anhi,15,""
2007,3,3as,3,1410,,,25.90805,-80.703933,anhi,2,""
2007,3,3as,3,1416,,,25.91475,-80.72285,anhi,7,""
2007,3,3as,3,1422,,,25.910667,-80.7229,anhi,3,""
2007,3,3as,3,1425,,,25.91175,-80.724533,anhi,2,""
2007,3,3as,3,1441,,,25.914283,-80.745633,anhi,4,""
2007,3,3as,3,1482,,,25.917517,-80.773367,anhi,6,""
2007,3,3as,3,1502,,,25.921283,-80.723483,anhi,4,""
2007,3,3as,3,1504,,,25.91725,-80.716067,anhi,1,""
2007,3,3as,3,1534,,,25.931983,-80.675517,anhi,6,""
2007,3,3as,3,1545,,,25.929733,-80.69345,anhi,30,""
2007,3,3as,3,1573,,,25.93215,-80.7757,anhi,5,""
2007,3,3as,3,1609,,,25.939567,-80.7458,anhi,10,""
2007,3,3as,3,1614,,,25.935267,-80.722383,anhi,1,""
2007,3,3as,3,1655,,,25.945233,-80.674183,anhi,8,""
2007,3,3as,3,1779,,,25.964967,-80.681933,anhi,6,""
2007,3,3as,3,1788,,,25.9659,-80.741733,anhi,3,""
2007,3,3as,3,1826,,,25.9688,-80.7634,anhi,2,""
2007,3,3as,3,1830,,,25.967683,-80.752567,anhi,1,""
2007,3,3as,3,1837,,,25.973783,-80.723417,anhi,1,""
2007,3,3as,3,1884,,,25.9816,-80.733667,anhi,25,""
2007,3,3as,3,1888,,,25.980083,-80.756317,anhi,1,""
2007,3,3as,3,1891,,,25.9772,-80.77305,anhi,2,""
2007,3,3as,3,2663,,,25.827733,-81.175383,anhi,3,""
2007,3,3as,3,737,,CHAC,25.823467,-80.6574,bcnh,1,""
2007,3,3as,3a,1217,robs,Robs,25.888633,-80.804533,bcnh,1,""
2007,3,3as,3,1461,,,25.9125,-80.783433,bcnh,1,""
2007,3,3as,3,1482,,,25.917517,-80.773367,bcnh,1,""
2007,3,3as,3,1538,,GEB,25.9266,-80.68665,bcnh,2,""
2007,3,3as,3,1538,,GEB,25.9266,-80.68665,bcnh,2,""
2007,3,3as,3,1573,,,25.93215,-80.7757,bcnh,10,""
2007,3,3as,3,1586,,,25.929633,-80.802617,bcnh,3,""
2007,3,3as,3,1710,,,25.951617,-80.782067,bcnh,3,""
2007,3,3as,3,1791,,,25.964233,-80.752533,bcnh,2,""
2007,3,3as,3,1826,,,25.9688,-80.7634,bcnh,4,""
2007,3,3as,3,29,,,25.769083,-80.774917,gbhe,1,""
2007,3,3as,3,36,,,25.769467,-80.7965,gbhe,2,""
2007,3,3as,3,77,,,25.77395,-80.804367,gbhe,1,""
2007,3,3as,3,86,,,25.770983,-80.791633,gbhe,4,""
2007,3,3as,3,92,,,25.774767,-80.785683,gbhe,2,""
2007,3,3as,3,108,,,25.773083,-80.7733,gbhe,1,""
2007,3,3as,3,109,,,25.771567,-80.7729,gbhe,1,""
2007,3,3as,3,125,,,25.7783,-80.762833,gbhe,1,""
2007,3,3as,3,126,,,25.778917,-80.7627,gbhe,1,""
2007,3,3as,3,131,,,25.777083,-80.755983,gbhe,1,""
2007,3,3as,3,134,,,25.77505,-80.752633,gbhe,1,""
2007,3,3as,3,143,,,25.7774,-80.733383,gbhe,1,""
2007,3,3as,3,156,,,25.777083,-80.711767,gbhe,1,""
2007,3,3as,3,164,,,25.778867,-80.70235,gbhe,1,""
2007,3,3as,3,172,,,25.7777,-80.69365,gbhe,3,""
2007,3,3as,3,233,,,25.7792,-80.714967,gbhe,2,""
2007,3,3as,3,235,,,25.7818,-80.724567,gbhe,1,""
2007,3,3as,3,236,,,25.7836,-80.72665,gbhe,1,""
2007,3,3as,3,239,,,25.784267,-80.731733,gbhe,1,""
2007,3,3as,3,244,,,25.77955,-80.7345,gbhe,1,""
2007,3,3as,3,249,,,25.7843,-80.743783,gbhe,1,""
2007,3,3as,3,256,,,25.7783,-80.754233,gbhe,1,""
2007,3,3as,3,261,,,25.786517,-80.752433,gbhe,1,""
2007,3,3as,3,267,,,25.785617,-80.76215,gbhe,1,""
2007,3,3as,3,278,,,25.781633,-80.76355,gbhe,1,""
2007,3,3as,3,279,,,25.78025,-80.764433,gbhe,1,""
2007,3,3as,3,285,,,25.778883,-80.772567,gbhe,1,""
2007,3,3as,3,299,,,25.779483,-80.782783,gbhe,1,""
2007,3,3as,3,308,,,25.784117,-80.806533,gbhe,2,""
2007,3,3as,3,310,,,25.786267,-80.805533,gbhe,1,""
2007,3,3as,3,320,,,25.783133,-80.82225,gbhe,1,""
2007,3,3as,3,323,,,25.780317,-80.833333,gbhe,2,""
2007,3,3as,3,343,,,25.7937,-80.8125,gbhe,2,""
2007,3,3as,3,346,,,25.792783,-80.794183,gbhe,1,""
2007,3,3as,3,353,,,25.786833,-80.776067,gbhe,1,""
2007,3,3as,3,354,,,25.789467,-80.774017,gbhe,1,""
2007,3,3as,3,358,,,25.792667,-80.773933,gbhe,1,""
2007,3,3as,3,373,,,25.789517,-80.762033,gbhe,1,""
2007,3,3as,3,374,,,25.789383,-80.754883,gbhe,2,""
2007,3,3as,3,386,,,25.789067,-80.732467,gbhe,1,""
2007,3,3as,3,389,,,25.789217,-80.725517,gbhe,1,""
2007,3,3as,3,393,,,25.787267,-80.723333,gbhe,3,""
2007,3,3as,3,401,,,25.79265,-80.696217,gbhe,1,""
2007,3,3as,3,477,,,25.801867,-80.75245,gbhe,1,""
2007,3,3as,3,484,,,25.8015,-80.7631,gbhe,1,""
2007,3,3as,3,492,,,25.7987,-80.782467,gbhe,2,""
2007,3,3as,3,504,,,25.800733,-80.80365,gbhe,3,""
2007,3,3as,3,531,,,25.8065,-80.79605,gbhe,1,""
2007,3,3as,3,538,,,25.805117,-80.781967,gbhe,1,""
2007,3,3as,3,541,,,25.803267,-80.765,gbhe,1,""
2007,3,3as,3,550,,,25.804933,-80.721933,gbhe,1,""
2007,3,3as,3,570,,,25.810183,-80.705983,gbhe,2,""
2007,3,3as,3,625,,,25.8171,-80.672767,gbhe,1,""
2007,3,3as,3,629,,,25.81225,-80.676433,gbhe,1,""
2007,3,3as,3,644,,,25.815083,-80.714167,gbhe,2,""
2007,3,3as,3,665,,,25.813333,-80.77455,gbhe,1,""
2007,3,3as,3,668,,,25.816667,-80.7726,gbhe,2,""
2007,3,3as,3,669,,,25.814233,-80.775667,gbhe,1,""
2007,3,3as,3,695,,,25.822917,-80.7448,gbhe,2,""
2007,3,3as,3,697,,,25.81915,-80.735883,gbhe,1,""
2007,3,3as,3,699,,,25.823617,-80.72435,gbhe,4,""
2007,3,3as,3,706,,,25.820017,-80.7068,gbhe,1,""
2007,3,3as,3,720,,,25.825367,-80.683517,gbhe,1,""
2007,3,3as,3,727,,,25.81875,-80.67205,gbhe,3,""
2007,3,3as,3,729,,,25.82305,-80.6721,gbhe,8,""
2007,3,3as,3,737,,CHAC,25.823467,-80.6574,gbhe,2,""
2007,3,3as,3,804,,,25.829883,-80.712483,gbhe,1,""
2007,3,3as,3,814,,,25.83095,-80.753317,gbhe,2,""
2007,3,3as,3,815,,,25.829083,-80.756133,gbhe,1,""
2007,3,3as,3,821,,,25.82765,-80.765233,gbhe,2,""
2007,3,3as,3,836,,,25.840183,-80.825083,gbhe,1,""
2007,3,3as,3,839,,,25.841283,-80.814867,gbhe,1,""
2007,3,3as,3,841,,,25.840767,-80.785733,gbhe,3,""
2007,3,3as,3,843,,,25.838033,-80.782617,gbhe,1,""
2007,3,3as,3,849,,,25.836167,-80.755633,gbhe,3,""
2007,3,3as,3,859,,,25.841167,-80.7219,gbhe,1,""
2007,3,3as,3,861,,,25.8395,-80.703483,gbhe,1,""
2007,3,3as,3,872,,,25.835567,-80.685317,gbhe,1,""
2007,3,3as,3,932,,,25.85055,-80.673783,gbhe,7,""
2007,3,3as,3,932,,,25.85055,-80.673783,gbhe,4,""
2007,3,3as,3,936,,,25.847317,-80.6854,gbhe,1,""
2007,3,3as,3,943,,,25.849833,-80.704483,gbhe,1,""
2007,3,3as,3,944,,,25.846083,-80.703317,gbhe,2,""
2007,3,3as,3,946,,,25.843367,-80.7119,gbhe,2,""
2007,3,3as,3,947,,,25.850483,-80.71525,gbhe,5,""
2007,3,3as,3,951,,,25.843417,-80.724617,gbhe,1,""
2007,3,3as,3,963,,,25.842917,-80.795217,gbhe,2,""
2007,3,3as,3,974,,,25.852917,-80.80645,gbhe,3,""
2007,3,3as,3,977,,,25.85825,-80.793583,gbhe,2,""
2007,3,3as,3,1043,,,25.863067,-80.704267,gbhe,1,""
2007,3,3as,3,1044,,,25.863417,-80.7061,gbhe,3,""
2007,3,3as,3,1052,,,25.85935,-80.71345,gbhe,2,""
2007,3,3as,3,1054,,,25.861267,-80.724917,gbhe,1,""
2007,3,3as,3,1079,,,25.8639,-80.794433,gbhe,1,""
2007,3,3as,3,1096,,,25.87095,-80.802,gbhe,1,""
2007,3,3as,3,1149,,,25.877617,-80.694533,gbhe,1,""
2007,3,3as,3,1173,,,25.879567,-80.724983,gbhe,1,""
2007,3,3as,3,1175,,,25.874867,-80.735483,gbhe,4,""
2007,3,3as,3,1176,,,25.881,-80.74205,gbhe,2,""
2007,3,3as,3,1179,,,25.875117,-80.755583,gbhe,1,""
2007,3,3as,3,1195,,,25.880967,-80.794433,gbhe,1,""
2007,3,3as,3,1197,,,25.87685,-80.803533,gbhe,1,""
2007,3,3as,3,1232,,,25.881883,-80.703983,gbhe,1,""
2007,3,3as,3,1287,,,25.892967,-80.67605,gbhe,1,""
2007,3,3as,3,1291,,,25.895367,-80.695183,gbhe,1,""
2007,3,3as,3,1295,,,25.897167,-80.704283,gbhe,1,""
2007,3,3as,3,1296,,,25.892933,-80.702067,gbhe,1,""
2007,3,3as,3,1302,,,25.89625,-80.71405,gbhe,1,""
2007,3,3as,3,1305,,,25.89255,-80.725417,gbhe,1,""
2007,3,3as,3,1310,,,25.893783,-80.74365,gbhe,2,""
2007,3,3as,3,1311,,,25.897217,-80.74315,gbhe,2,""
2007,3,3as,3,1316,,,25.896083,-80.75465,gbhe,1,""
2007,3,3as,3,1319,,,25.893817,-80.773933,gbhe,1,""
2007,3,3as,3,1343,,,25.90525,-80.75485,gbhe,1,""
2007,3,3as,3,1345,,,25.898117,-80.747733,gbhe,1,""
2007,3,3as,3,1408,,,25.908117,-80.692317,gbhe,4,""
2007,3,3as,3,1410,,,25.90805,-80.703933,gbhe,1,""
2007,3,3as,3,1416,,,25.91475,-80.72285,gbhe,1,""
2007,3,3as,3,1441,,,25.914283,-80.745633,gbhe,1,""
2007,3,3as,3,1453,,,25.9147,-80.773467,gbhe,3,""
2007,3,3as,3,1494,,,25.9173,-80.73205,gbhe,1,""
2007,3,3as,3,1502,,,25.921283,-80.723483,gbhe,1,""
2007,3,3as,3,1534,,,25.931983,-80.675517,gbhe,2,""
2007,3,3as,3,1609,,,25.939567,-80.7458,gbhe,2,""
2007,3,3as,3,1613,,,25.937667,-80.73655,gbhe,1,""
2007,3,3as,3,1617,,,25.940567,-80.7162,gbhe,4,""
2007,3,3as,3,1655,,,25.945233,-80.674183,gbhe,1,""
2007,3,3as,3,1662,,,25.9434,-80.682333,gbhe,1,""
2007,3,3as,3,1676,,,25.944733,-80.741767,gbhe,1,""
2007,3,3as,3,1694,,,25.947617,-80.775383,gbhe,1,""
2007,3,3as,3,1701,,,25.94505,-80.783183,gbhe,1,""
2007,3,3as,3,1711,,,25.95385,-80.78405,gbhe,6,""
2007,3,3as,3,2663,,,25.827733,-81.175383,gbhe,1,""
2007,3,3as,3,3436,,,25.772983,-80.712033,gbhe,2,""
2007,3,3as,3,156,,,25.777083,-80.711767,greg,4,""
2007,3,3as,3,239,,,25.784267,-80.731733,greg,2,""
2007,3,3as,3,242,,,25.7811,-80.733217,greg,2,""
2007,3,3as,3,714,,,25.81955,-80.695633,greg,15,""
2007,3,3as,3,737,,CHAC,25.823467,-80.6574,greg,2,""
2007,3,3as,3,1039,,,25.864417,-80.702683,greg,2,""
2007,3,3as,3,1044,,,25.863417,-80.7061,greg,2,""
2007,3,3as,3,1175,,,25.874867,-80.735483,greg,2,""
2007,3,3as,3,1291,,,25.895367,-80.695183,greg,3,""
2007,3,3as,3,1408,,,25.908117,-80.692317,greg,1,""
2007,3,3as,3,1453,,,25.9147,-80.773467,greg,2,""
2007,3,3as,3,1714,,,25.95525,-80.772817,greg,5,""
2007,3,3as,3,1846,,,25.968383,-80.695633,greg,1,""
2007,3,3as,3,1891,,,25.9772,-80.77305,greg,2,""
2007,3,3as,3,1917,,,25.986133,-80.775783,greg,1,""
2007,3,3as,3,3436,,,25.772983,-80.712033,greg,2,""
2007,3,3as,3,575,,,25.807217,-80.704833,lbhe,2,""
2007,3,3as,3,666,,,25.814283,-80.773033,lbhe,1,""
2007,3,3as,3,820,,,25.833267,-80.765567,lbhe,1,""
2007,3,3as,3,845,,,25.836783,-80.776567,lbhe,1,""
2007,3,3as,3a,1217,robs,Robs,25.888633,-80.804533,lbhe,11,""
2007,3,3as,3a,1222,fontana,FONTANA,25.887333,-80.770917,lbhe,102,""
2007,3,3as,3,1428,,,25.912067,-80.72665,lbhe,1,""
2007,3,3as,3,1583,garuda,GARUDA,25.925167,-80.780033,lbhe,6,""
2007,3,3as,3,1602,,,25.9362,-80.7617,lbhe,7,""
2007,3,3as,3,1699,,,25.950783,-80.775467,lbhe,1,""
2007,3,3as,3,1824,,,25.974267,-80.772333,lbhe,2,""
2007,3,3as,3,1826,,,25.9688,-80.7634,lbhe,2,""
2007,3,3as,3,1846,,,25.968383,-80.695633,lbhe,2,""
2007,3,3as,3,1915,,,25.988633,-80.773733,lbhe,1,""
2007,3,3as,3,1960,,,25.99145,-80.7048,lbhe,2,""
2007,3,3as,3a,1217,robs,Robs,25.888633,-80.804533,smhe,30,""
2007,3,3as,3a,1222,fontana,FONTANA,25.887333,-80.770917,smhe,19,""
2007,3,3as,3,1538,,GEB,25.9266,-80.68665,smhe,13,""
2007,3,3as,3,1538,,GEB,25.9266,-80.68665,smhe,13,""
2007,3,3as,3,1583,garuda,GARUDA,25.925167,-80.780033,smhe,1,""
2007,3,3as,3a,1217,robs,Robs,25.888633,-80.804533,sneg,17,""
2007,3,3as,3a,1222,fontana,FONTANA,25.887333,-80.770917,sneg,18,""
2007,3,3as,3,1583,garuda,GARUDA,25.925167,-80.780033,sneg,22,""
2007,3,3as,3,1915,,,25.988633,-80.773733,sneg,1,""
2007,3,3as,3,153,,,25.773117,-80.724517,trhe,1,""
2007,3,3as,3,405,,,25.7898,-80.68395,trhe,1,""
2007,3,3as,3,504,,,25.800733,-80.80365,trhe,6,""
2007,3,3as,3,559,,,25.8083,-80.7138,trhe,1,""
2007,3,3as,3,583,,,25.8044,-80.701667,trhe,20,""
2007,3,3as,3,634,,,25.811683,-80.685283,trhe,1,""
2007,3,3as,3,644,,,25.815083,-80.714167,trhe,1,""
2007,3,3as,3,645,,,25.812983,-80.714883,trhe,1,""
2007,3,3as,3,1080,,,25.8602,-80.806133,trhe,2,""
2007,3,3as,3,1096,,,25.87095,-80.802,trhe,6,""
2007,3,3as,3,1118,,,25.872317,-80.682633,trhe,1,""
2007,3,3as,3,1182,,,25.8777,-80.755433,trhe,2,""
2007,3,3as,3,1197,,,25.87685,-80.803533,trhe,1,""
2007,3,3as,3,1453,,,25.9147,-80.773467,trhe,1,""
2007,3,3as,3,1482,,,25.917517,-80.773367,trhe,1,""
2007,3,3as,3,1485,,,25.9218,-80.75545,trhe,15,""
2007,3,3as,3,1502,,,25.921283,-80.723483,trhe,2,""
2007,3,3as,3,1509,,,25.91925,-80.682817,trhe,2,""
2007,3,3as,3,1534,,,25.931983,-80.675517,trhe,4,""
2007,3,3as,3,1569,,,25.92825,-80.771867,trhe,5,""
2007,3,3as,3,1573,,,25.93215,-80.7757,trhe,25,""
2007,3,3as,3,1586,,,25.929633,-80.802617,trhe,10,""
2007,3,3as,3,1591,,,25.937883,-80.804167,trhe,6,""
2007,3,3as,3,1594,,,25.9377,-80.795783,trhe,17,""
2007,3,3as,3,1595,,,25.934683,-80.77405,trhe,3,""
2007,3,3as,3,1609,,,25.939567,-80.7458,trhe,1,""
2007,3,3as,3,1613,,,25.937667,-80.73655,trhe,2,""
2007,3,3as,3,1618,,,25.941167,-80.713217,trhe,1,""
2007,3,3as,3,1662,,,25.9434,-80.682333,trhe,11,""
2007,3,3as,3,1699,,,25.950783,-80.775467,trhe,9,""
2007,3,3as,3,1710,,,25.951517,-80.782067,trhe,10,""
2007,3,3as,3,1712,,,25.951433,-80.772217,trhe,1,""
2007,3,3as,3,1714,,,25.955367,-80.7727,trhe,5,""
2007,3,3as,3,1715,,,25.956883,-80.7749,trhe,4,""
2007,3,3as,3,1755,,,25.955433,-80.67395,trhe,20,""
2007,3,3as,3,1779,,,25.964967,-80.681933,trhe,1,""
2007,3,3as,3,1783,,,25.96685,-80.723683,trhe,3,""
2007,3,3as,3,1791,,,25.964233,-80.752533,trhe,20,""
2007,3,3as,3,1824,,,25.974267,-80.772333,trhe,60,""
2007,3,3as,3,1826,,,25.9688,-80.7634,trhe,3,""
2007,3,3as,3,1828,,,25.97475,-80.76395,trhe,5,""
2007,3,3as,3,1849,,,25.969517,-80.6819,trhe,1,""
2007,3,3as,3,1852,,,25.972483,-80.674017,trhe,2,""
2007,3,3as,3,1854,,,25.970783,-80.67385,trhe,7,""
2007,3,3as,3,1880,,,25.976717,-80.7117,trhe,2,""
2007,3,3as,3,1881,,,25.974733,-80.721783,trhe,2,""
2007,3,3as,3,1888,,,25.980083,-80.756317,trhe,50,""
2007,3,3as,3,1893,,,25.978433,-80.793983,trhe,7,""
2007,3,3as,3,1913,,,25.985867,-80.77425,trhe,10,""
2007,3,3as,3,1914,,,25.987717,-80.772883,trhe,3,""
2007,3,3as,3,1917,,,25.986133,-80.775783,trhe,10,""
2007,3,3as,3,1918,,,25.991417,-80.774933,trhe,15,""
2007,3,3as,3,1923,,,25.990317,-80.72505,trhe,2,""
2007,3,3as,3,1954,,,25.998767,-80.682567,trhe,1,""
2007,3,3as,3,2001,,,26.005083,-80.685283,trhe,6,""
2007,3,3as,3,295,,,25.780317,-80.775833,whib,2,""
2007,3,3as,3,714,,,25.81955,-80.695633,whib,4,""
2007,3,3as,3,1295,,,25.897167,-80.704283,whib,2,""
2007,3,3as,3,1714,,,25.95525,-80.772817,whib,1,""
2007,3,3as,3,1788,,,25.9659,-80.741733,whib,4,""
2007,3,3b,3,1140,,FENRIR,25.878333,-80.529433,gbhe,5,""
2007,3,3b,3,913,,DIONYSUS,25.848633,-80.519317,greg,8,""
2007,3,3b,3,917,diana_old,DIANA,25.847267,-80.523467,greg,9,""
2007,3,3b,3,1140,,FENRIR,25.878333,-80.529433,greg,2,""
2007,3,3b,3,913,,DIONYSUS,25.848633,-80.519317,lbhe,1,""
2007,3,3b,3,1140,,FENRIR,25.878333,-80.529433,smhe,2,""
2008,1,1,1,2772,,YMIR,26.572283,-80.272167,gbhe,5,""
2008,1,1,1,2587,,UZANA,26.3721,-80.29265,greg,8,""
2008,1,1,1,2772,,YMIR,26.572283,-80.272167,greg,10,""
2008,1,1,1,2804,,YAM,26.553533,-80.264517,greg,8,""
2008,1,1,1,2902,wats,WATS,26.50985,-80.32375,lbhe,17,""
2008,1,1,1,2759,,WAFFLE,26.5247,-80.4357,smhe,16,""
2008,1,1,1,2772,,YMIR,26.572283,-80.272167,smhe,2,""
2008,1,1,1,2804,,YAM,26.553533,-80.264517,sneg,9,""
2008,3,3an,3,2436,rama,RAMA,26.20979,-80.66408,lbhe,25,""
2008,3,3an,3,2436,rama,RAMA,26.20979,-80.66408,sneg,1,""
2008,3,3as,3,25,,20,25.76939,-80.73199,anhi,1,""
2008,3,3as,3,52,,83,25.77007,-80.81587,anhi,2,""
2008,3,3as,3,75,,84,25.77734,-80.81279,anhi,2,""
2008,3,3as,3,134,,22,25.77508,-80.75251,anhi,1,""
2008,3,3as,3,144,,21,25.7776,-80.73284,anhi,10,""
2008,3,3as,3,156,,12,25.77624,-80.71221,anhi,15,""
2008,3,3as,3,248,,34,25.78169,-80.74545,anhi,1,""
2008,3,3as,3,250,,33,25.78587,-80.74587,anhi,1,""
2008,3,3as,3,260,,23,25.78352,-80.75272,anhi,8,""
2008,3,3as,3,277,,35,25.78272,-80.76279,anhi,2,""
2008,3,3as,3,310,,80,25.78639,-80.806,anhi,5,""
2008,3,3as,3,341,,85,25.79054,-80.81546,anhi,1,""
2008,3,3as,3,346,,70,25.79354,-80.79378,anhi,1,""
2008,3,3as,3,348,,69,25.79246,-80.78498,anhi,1,""
2008,3,3as,3,373,,37,25.78927,-80.76213,anhi,3,""
2008,3,3as,3,477,,25,25.80168,-80.75218,anhi,6,""
2008,3,3as,3,492,,68,25.79836,-80.78267,anhi,3,""
2008,3,3as,3,504,,79,25.80126,-80.80445,anhi,7,""
2008,3,3as,3,538,,67,25.80517,-80.78185,anhi,4,""
2008,3,3as,3,551,,21,25.8041,-80.7214,anhi,3,""
2008,3,3as,3,602,,444,25.80915,-80.672417,anhi,1,""
2008,3,3as,3,629,,5,25.81254,-80.67651,anhi,1,""
2008,3,3as,3,668,,44,25.81652,-80.77236,anhi,3,""
2008,3,3as,3,727,,446,25.81875,-80.67205,anhi,4,""
2008,3,3as,3,782,,6,25.83234,-80.67332,anhi,12,""
2008,3,3as,3,814,,26,25.83112,-80.7533,anhi,4,""
2008,3,3as,3,816,,27,25.83072,-80.75621,anhi,8,""
2008,3,3as,3,842,,64,25.84072,-80.78256,anhi,1,""
2008,3,3as,3,843,,65,25.83748,-80.78247,anhi,1,""
2008,3,3as,3,844,,66,25.8346,-80.78412,anhi,2,""
2008,3,3as,3,845,,45,25.83642,-80.77663,anhi,5,""
2008,3,3as,3,872,,18,25.83553,-80.68529,anhi,1,""
2008,3,3as,3,944,,9,25.84609,-80.70289,anhi,10,""
2008,3,3as,3,987,,28,25.85313,-80.75743,anhi,24,""
2008,3,3as,3,1010,,7,25.857,-80.67145,anhi,3,""
2008,3,3as,3,1044,,8,25.86345,-80.7054,anhi,14,""
2008,3,3as,3,1073,,46,25.86469,-80.77634,anhi,5,""
2008,3,3as,3,1091,,78,25.86717,-80.80742,anhi,25,""
2008,3,3as,3,1111,,22,25.87198,-80.73364,anhi,4,""
2008,3,3as,3,1113,,13,25.87042,-80.71566,anhi,2,""
2008,3,3as,3,1175,,23,25.87471,-80.73491,anhi,1,""
2008,3,3as,3,1177,,32,25.87833,-80.74653,anhi,1,""
2008,3,3as,3,1223,,39,25.88439,-80.76663,anhi,4,""
2008,3,3as,3,1226,,31,25.88599,-80.7447,anhi,1,""
2008,3,3as,3,1237,,7,25.88658,-80.70235,anhi,35,""
2008,3,3as,3,1287,,9,25.89344,-80.67629,anhi,1,""
2008,3,3as,3,1324,,72,25.89236,-80.79442,anhi,1,""
2008,3,3as,3,1339,,47,25.89905,-80.77234,anhi,2,""
2008,3,3as,3,1355,,24,25.90171,-80.7388,anhi,1,""
2008,3,3as,3,1418,,20,25.91471,-80.72341,anhi,2,""
2008,3,3as,3,1482,,48,25.91842,-80.7735,anhi,13,""
2008,3,3as,3,1495,,26,25.9185,-80.73539,anhi,1,""
2008,3,3as,3,1502,,19,25.92078,-80.72366,anhi,18,""
2008,3,3as,3,1507,,2,25.92444,-80.69337,anhi,1,""
2008,3,3as,3,1565,,29,25.92625,-80.75628,anhi,2,""
2008,3,3as,3,1573,,49,25.93231,-80.77602,anhi,1,""
2008,3,3as,3,1602,,34,25.93587,-80.76189,anhi,3,""
2008,3,3as,3,1618,,14,25.94095,-80.71292,anhi,8,""
2008,3,3as,3,1625,,10,25.93349,-80.6736,anhi,3,""
2008,3,3as,3,1658,,11,25.94677,-80.67382,anhi,3,""
2008,3,3as,3,1755,,12,25.95537,-80.67387,anhi,1,""
2008,3,3as,3,1779,,15,25.96505,-80.68182,anhi,1,""
2008,3,3as,3,1091,,78,25.86717,-80.80742,bcnh,65,""
2008,3,3as,3,1716,,50,25.95796,-80.77496,bcnh,2,""
2008,3,3as,3,1755,,12,25.95537,-80.67387,bcnh,1,""
2008,3,3as,3,1823,,52,25.97049,-80.77508,bcnh,1,""
2008,3,3as,3,2264,melba,MELBA,26.09846,-80.7687,bcnh,58,""
2008,3,3as,3,26,,19,25.76956,-80.73498,gbhe,2,""
2008,3,3as,3,267,,36,25.78606,-80.76196,gbhe,1,""
2008,3,3as,3,277,,35,25.78272,-80.76279,gbhe,1,""
2008,3,3as,3,342,,86,25.79019,-80.81423,gbhe,1,""
2008,3,3as,3,629,,445,25.81225,-80.676433,gbhe,1,""
2008,3,3as,3,668,,44,25.81652,-80.77236,gbhe,1,""
2008,3,3as,3,727,,446,25.81875,-80.67205,gbhe,3,""
2008,3,3as,3,814,,26,25.83112,-80.7533,gbhe,4,""
2008,3,3as,3,837,,CANDER,25.8377,-80.8189,gbhe,2,""
2008,3,3as,3,843,,65,25.83748,-80.78247,gbhe,1,""
2008,3,3as,3,847,,38,25.8382,-80.76256,gbhe,1,""
2008,3,3as,3,1482,,48,25.91842,-80.7735,gbhe,2,""
2008,3,3as,3,1538,,16,25.92556,-80.68588,gbhe,1,""
2008,3,3as,3,1717,,51,25.95798,-80.77272,gbhe,1,""
2008,3,3as,3,1988,,57,26.00689,-80.77571,gbhe,1,""
2008,3,3as,3,2090,,HILBRA,26.0364,-80.7898,gbhe,1,""
2008,3,3as,3,2185,,74,26.0571,-80.80441,gbhe,2,""
2008,3,3as,3,10,,BRAHMA,25.769,-80.67835,greg,10,""
2008,3,3as,3,492,,68,25.79836,-80.78267,greg,1,""
2008,3,3as,3,538,,67,25.80517,-80.78185,greg,1,""
2008,3,3as,3,872,,18,25.83553,-80.68529,greg,1,""
2008,3,3as,3,1289,,17,25.89605,-80.68255,greg,3,""
2008,3,3as,3,1292,,1,25.89407,-80.69519,greg,3,""
2008,3,3as,3,1467,,73,25.91394,-80.79156,greg,2,""
2008,3,3as,3,1494,,25,25.91638,-80.73295,greg,2,""
2008,3,3as,3,1545,,3,25.92944,-80.69384,greg,2,""
2008,3,3as,3,1618,,14,25.94095,-80.71292,greg,3,""
2008,3,3as,3,1654,,HANDEL,25.9428,-80.6668,greg,9,""
2008,3,3as,3,1755,,12,25.95537,-80.67387,greg,3,""
2008,3,3as,3,1990,,32,26.00009,-80.76342,greg,2,""
2008,3,3as,3,2090,,HILBRA,26.0364,-80.7898,greg,13,""
2008,3,3as,3,3422,,8,25.881,-80.67378,greg,3,""
2008,3,3as,3,290,,41,25.78109,-80.77408,grhe,1,""
2008,3,3as,3,290,,42,25.78164,-80.77389,grhe,1,""
2008,3,3as,3,490,,43,25.79544,-80.7756,grhe,1,""
2008,3,3as,3,583,,11,25.80421,-80.70157,grhe,1,""
2008,3,3as,3,944,,9,25.84609,-80.70289,grhe,1,""
2008,3,3as,3,1565,,29,25.92625,-80.75628,grhe,2,""
2008,3,3as,3,1602,,34,25.93587,-80.76189,grhe,1,""
2008,3,3as,3,1710,,61,25.9518,-80.78223,grhe,1,""
2008,3,3as,3,1711,,60,25.95387,-80.78406,grhe,3,""
2008,3,3as,3,1819,,59,25.97171,-80.78179,grhe,1,""
2008,3,3as,3,1823,,52,25.97049,-80.77508,grhe,2,""
2008,3,3as,3,1933,,14,25.99059,-80.6849,grhe,1,""
2008,3,3as,3,1994,,16,26.00514,-80.7249,grhe,4,""
2008,3,3as,3,2145,,75,26.03923,-80.80389,grhe,1,""
2008,3,3as,3,1472,,87,25.91491,-80.81469,lbhe,3,""
2008,3,3as,3,1710,,61,25.9518,-80.78223,lbhe,1,""
2008,3,3as,3,1779,,15,25.96505,-80.68182,lbhe,1,""
2008,3,3as,3,1823,,52,25.97049,-80.77508,lbhe,1,""
2008,3,3as,3,1854,,13,25.97089,-80.67411,lbhe,1,""
2008,3,3as,3,1918,,55,25.99096,-80.77472,lbhe,1,""
2008,3,3as,3,1933,,14,25.99059,-80.6849,lbhe,2,""
2008,3,3as,3,1988,,57,26.00689,-80.77571,lbhe,1,""
2008,3,3as,3,2264,melba,MELBA,26.09846,-80.7687,lbhe,47,""
2008,3,3as,3,1957,,6,25.99945,-80.69463,rosp,1,""
2008,3,3as,3,1994,,16,26.00514,-80.7249,rosp,1,""
2008,3,3as,3,2264,melba,MELBA,26.09846,-80.7687,sneg,3,""
2008,3,3as,3,583,,11,25.80421,-80.70157,trhe,1,""
2008,3,3as,3,642,,10,25.81293,-80.70385,trhe,1,""
2008,3,3as,3,1188,,63,25.87849,-80.78537,trhe,2,""
2008,3,3as,3,1340,,40,25.90585,-80.76695,trhe,2,""
2008,3,3as,3,1478,,62,25.91596,-80.78612,trhe,1,""
2008,3,3as,3,1545,,3,25.92944,-80.69384,trhe,1,""
2008,3,3as,3,1573,,49,25.93231,-80.77602,trhe,2,""
2008,3,3as,3,1602,,34,25.93587,-80.76189,trhe,1,""
2008,3,3as,3,1677,,30,25.94798,-80.7427,trhe,4,""
2008,3,3as,3,1689,,30,25.94343,-80.75378,trhe,1,""
2008,3,3as,3,1710,,61,25.9518,-80.78223,trhe,1,""
2008,3,3as,3,1711,,60,25.95387,-80.78406,trhe,2,""
2008,3,3as,3,1734,,18,25.95751,-80.72228,trhe,2,""
2008,3,3as,3,1788,,29,25.96549,-80.74176,trhe,2,""
2008,3,3as,3,1823,,52,25.97049,-80.77508,trhe,4,""
2008,3,3as,3,1826,,33,25.96857,-80.76344,trhe,1,""
2008,3,3as,3,1835,,28,25.97347,-80.74436,trhe,4,""
2008,3,3as,3,1838,,15,25.97024,-80.71632,trhe,2,""
2008,3,3as,3,1848,,4,25.97118,-80.69455,trhe,1,""
2008,3,3as,3,1878,,5,25.9796,-80.69559,trhe,1,""
2008,3,3as,3,1886,,27,25.97805,-80.742,trhe,1,""
2008,3,3as,3,1891,,53,25.97774,-80.77256,trhe,2,""
2008,3,3as,3,1908,,77,25.9858,-80.80345,trhe,2,""
2008,3,3as,3,1916,,54,25.98637,-80.77585,trhe,2,""
2008,3,3as,3,1918,,55,25.99096,-80.77472,trhe,3,""
2008,3,3as,3,1933,,14,25.99059,-80.6849,trhe,2,""
2008,3,3as,3,1957,,6,25.99945,-80.69463,trhe,6,""
2008,3,3as,3,1983,,58,26.00221,-80.78382,trhe,3,""
2008,3,3as,3,1987,,56,26.0006,-80.7745,trhe,1,""
2008,3,3as,3,1989,,31,26.00229,-80.76217,trhe,10,""
2008,3,3as,3,1990,,32,26.00009,-80.76342,trhe,26,""
2008,3,3as,3,1994,,16,26.00514,-80.7249,trhe,12,""
2008,3,3as,3,1995,,17,26.00541,-80.72236,trhe,2,""
2008,3,3as,3,2079,,76,26.02789,-80.80345,trhe,1,""
2008,3,3as,3,2080,,88,26.02795,-80.81248,trhe,3,""
2008,3,3as,3,2088,,89,26.0307,-80.81473,trhe,1,""
2008,3,3as,3,2145,,75,26.03923,-80.80389,trhe,1,""
2008,3,3as,3,2188,,90,26.06145,-80.8218,trhe,3,""
2008,3,3as,3,277,,35,25.78272,-80.76279,whib,2,""
2008,3,3as,3,1478,,62,25.91596,-80.78612,whib,2,""
2008,3,3as,3,1990,,32,26.00009,-80.76342,whib,1,""
2008,3,3b,3,2702,,GARGOYLE,25.9145,-80.4764,gbhe,1,""
2008,3,3b,3,751,,CINDER,25.81939,-80.61354,greg,10,""
2008,3,3b,3,759,,CYDER,25.82025,-80.50132,greg,12,""
2008,3,3b,3,770,,DANA,25.83184,-80.53257,greg,22,""
2008,3,3b,3,913,,DIONYSUS,25.848633,-80.519317,greg,5,""
2008,3,3b,3,921,,DAMKINA,25.84723,-80.5315,greg,4,""
2008,3,3b,3,1521,,GRANT,25.9239,-80.5426,greg,7,""
2008,3,3b,3,1521,,GRANT,25.9239,-80.5426,greg,7,""
2008,3,3b,3,1637,,HERBIE,25.9389,-80.5303,greg,28,""
2009,1,1,1,2600,,UWETA,26.37205,-80.301333,gbhe,1,""
2009,1,1,1,2804,,YAM,26.553533,-80.264517,gbhe,3,""
2009,1,1,1,2600,,UWETA,26.37205,-80.301333,greg,12,""
2009,1,1,1,2804,,YAM,26.553533,-80.264517,greg,18,""
2009,1,1,1,3217,wonton,Wonton,26.46266,-80.37251,lbhe,120,""
2009,1,1,1,2804,,YAM,26.553533,-80.264517,smhe,10,""
2009,1,1,1,2889,wist,Wist,26.51169,-80.35949,smhe,121,""
2009,2,2b,2,2465,,Orca,26.15709,-80.36891,greg,38,""
2009,2,2b,2b,2478,,2B MELALEUCA,26.16573,-80.34346,greg,35,""
2009,2,2b,2,2478,,2B MELALEUCA,26.16573,-80.34346,greg,35,""
2009,3,3an,3,2437,,Thunder,26.27694,-80.54475,greg,25,""
2009,3,3an,3,2446,,PAN,26.15919,-80.57503,greg,8,""
2009,3,3an,3,2446,,PAN,26.15919,-80.57503,greg,8,""
2009,3,3an,3,2450,,Petris,26.162512,-80.53345,greg,20,""
2009,3,3an,3,2436,rama,RAMA,26.20979,-80.66408,smhe,32,""
2009,3,3as,,21,,,25.76877,-80.71365,anhi,7,""
2009,3,3as,,33,,,25.76743,-80.78531,anhi,5,""
2009,3,3as,,37,,,25.76652,-80.79652,anhi,30,""
2009,3,3as,,78,,,25.7714,-80.80566,anhi,4,""
2009,3,3as,,86,,,25.77117,-80.79182,anhi,22,""
2009,3,3as,,92,,,25.7746,-80.78568,anhi,3,""
2009,3,3as,,121,,,25.77475,-80.76205,anhi,2,""
2009,3,3as,,124,,,25.77782,-80.76326,anhi,12,""
2009,3,3as,,125,,,25.77828,-80.7628,anhi,10,""
2009,3,3as,,131,,,25.7767,-80.75588,anhi,5,""
2009,3,3as,,156,,,25.77705,-80.71184,anhi,2,""
2009,3,3as,,164,,,25.7785,-80.70229,anhi,7,""
2009,3,3as,,172,,,25.77711,-80.69341,anhi,2,""
2009,3,3as,,260,,,25.78234,-80.75269,anhi,3,""
2009,3,3as,,261,,,25.78603,-80.75234,anhi,3,""
2009,3,3as,,278,,,25.78161,-80.76368,anhi,1,""
2009,3,3as,,310,,,25.78595,-80.80585,anhi,2,""
2009,3,3as,,353,,,25.78686,-80.77596,anhi,2,""
2009,3,3as,,374,,,25.78964,-80.75488,anhi,1,""
2009,3,3as,,382,,,25.79374,-80.7318,anhi,1,""
2009,3,3as,,474,,,25.79634,-80.73179,anhi,9,""
2009,3,3as,,476,,,25.79793,-80.7528,anhi,1,""
2009,3,3as,,494,,,25.80068,-80.7837,anhi,3,""
2009,3,3as,,536,,,25.80632,-80.78638,anhi,3,""
2009,3,3as,,542,,,25.80566,-80.76305,anhi,1,""
2009,3,3as,,545,,,25.80284,-80.74273,anhi,3,""
2009,3,3as,,644,,,25.81501,-80.71477,anhi,6,""
2009,3,3as,,668,,,25.81688,-80.77265,anhi,16,""
2009,3,3as,,695,,,25.82292,-80.74485,anhi,1,""
2009,3,3as,,699,,,25.82354,-80.72427,anhi,2,""
2009,3,3as,,700,,,25.8232,-80.72192,anhi,4,""
2009,3,3as,,707,,,25.82323,-80.71325,anhi,2,""
2009,3,3as,,782,,,25.83176,-80.674,anhi,25,""
2009,3,3as,,785,,,25.82778,-80.67534,anhi,1,""
2009,3,3as,,816,,,25.83067,-80.75619,anhi,2,""
2009,3,3as,,825,,,25.83355,-80.78489,anhi,6,""
2009,3,3as,,844,,,25.83492,-80.78406,anhi,3,""
2009,3,3as,,849,,,25.83607,-80.75545,anhi,1,""
2009,3,3as,,861,,,25.83966,-80.70398,anhi,1,""
2009,3,3as,,943,,,25.85014,-80.70509,anhi,1,""
2009,3,3as,,944,,,25.84617,-80.70331,anhi,17,""
2009,3,3as,,946,,,25.84342,-80.71188,anhi,2,""
2009,3,3as,,1005,,,25.85508,-80.68226,anhi,5,""
2009,3,3as,,1010,,,25.85687,-80.67145,anhi,2,""
2009,3,3as,3,1034,,Eaton,25.86374,-80.6633,anhi,3,""
2009,3,3as,,1043,,,25.863,-80.70421,anhi,4,""
2009,3,3as,,1044,,,25.86348,-80.70606,anhi,18,""
2009,3,3as,,1052,,,25.85941,-80.7135,anhi,2,""
2009,3,3as,,1097,,,25.87364,-80.80176,anhi,3,""
2009,3,3as,,1173,,,25.8796,-80.72527,anhi,2,""
2009,3,3as,,1175,,,25.8749,-80.7354,anhi,7,""
2009,3,3as,,1223,,,25.88444,-80.76596,anhi,1,""
2009,3,3as,,1287,,,25.89301,-80.67673,anhi,8,""
2009,3,3as,,1310,,,25.89382,-80.74368,anhi,1,""
2009,3,3as,,1324,,,25.89225,-80.79443,anhi,1,""
2009,3,3as,,1343,,,25.90469,-80.75453,anhi,1,""
2009,3,3as,,1408,,,25.90791,-80.69302,anhi,2,""
2009,3,3as,,1416,,,25.91465,-80.72282,anhi,4,""
2009,3,3as,,1419,,,25.9158,-80.72314,anhi,2,""
2009,3,3as,,1422,,,25.9106,-80.72287,anhi,2,""
2009,3,3as,,1482,,,25.91793,-80.7737,anhi,5,""
2009,3,3as,,1494,,,25.91758,-80.73307,anhi,2,""
2009,3,3as,,1502,,,25.92123,-80.72347,anhi,5,""
2009,3,3as,,1506,,,25.92162,-80.69385,anhi,12,""
2009,3,3as,,1511,,,25.92249,-80.67329,anhi,2,""
2009,3,3as,,1534,,,25.93198,-80.67587,anhi,4,""
2009,3,3as,,1565,,,25.92612,-80.75622,anhi,4,""
2009,3,3as,,1573,,,25.93231,-80.77585,anhi,1,""
2009,3,3as,,1609,,,25.93952,-80.74582,anhi,2,""
2009,3,3as,,1618,,,25.94094,-80.71338,anhi,5,""
2009,3,3as,,1620,,,25.93601,-80.70524,anhi,1,""
2009,3,3as,,1626,,,25.94154,-80.67228,anhi,1,""
2009,3,3as,,1655,,,25.94517,-80.67413,anhi,4,""
2009,3,3as,,1726,,,25.9559,-80.75308,anhi,4,""
2009,3,3as,,1755,,,25.95556,-80.67403,anhi,4,""
2009,3,3as,,1779,,,25.964702,-80.68191,anhi,2,""
2009,3,3as,,1837,,,25.97391,-80.72347,anhi,1,""
2009,3,3as,,1927,,,25.98747,-80.70634,anhi,3,""
2009,3,3as,,2126,,,26.04597,-80.68267,anhi,1,""
2009,3,3as,,2132,,,26.04005,-80.71493,anhi,1,""
2009,3,3as,,3436,,,25.77348,-80.71254,anhi,14,""
2009,3,3as,3a,1217,robs,Robs,25.88902,-80.80417,bcnh,20,""
2009,3,3as,,1823,,,25.97018,-80.77463,bcnh,3,""
2009,3,3as,,2103,,,26.03847,-80.73602,bcnh,1,""
2009,3,3as,,2136,,,26.04182,-80.75586,bcnh,2,""
2009,3,3as,,2157,,,26.05446,-80.75554,bcnh,1,""
2009,3,3as,,2162,,,26.05374,-80.7417,bcnh,5,""
2009,3,3as,,2217,,,26.07774,-80.67505,bcnh,1,""
2009,3,3as,,2228,,,26.07586,-80.78206,bcnh,2,""
2009,3,3as,,2297,,,26.10781,-80.78374,bcnh,1,""
2009,3,3as,,2392,,,26.1274,-80.73476,bcnh,1,""
2009,3,3as,,2393,,,26.1273,-80.74531,bcnh,7,""
2009,3,3as,,33,,,25.76743,-80.78531,gbhe,1,""
2009,3,3as,,35,,,25.76971,-80.79225,gbhe,1,""
2009,3,3as,,78,,,25.7714,-80.80566,gbhe,1,""
2009,3,3as,,86,,,25.77117,-80.79182,gbhe,2,""
2009,3,3as,,92,,,25.7746,-80.78568,gbhe,1,""
2009,3,3as,,107,,,25.77497,-80.78428,gbhe,1,""
2009,3,3as,,121,,,25.77475,-80.76205,gbhe,1,""
2009,3,3as,,122,,,25.77666,-80.76337,gbhe,1,""
2009,3,3as,,123,,,25.77745,-80.76215,gbhe,1,""
2009,3,3as,,125,,,25.77828,-80.7628,gbhe,2,""
2009,3,3as,,126,,,25.77859,-80.76276,gbhe,1,""
2009,3,3as,,133,,,25.77573,-80.75274,gbhe,1,""
2009,3,3as,,137,,,25.77193,-80.74546,gbhe,1,""
2009,3,3as,,143,,,25.77717,-80.73372,gbhe,1,""
2009,3,3as,,156,,,25.77705,-80.71184,gbhe,1,""
2009,3,3as,,172,,,25.77711,-80.69341,gbhe,1,""
2009,3,3as,,233,,,25.77912,-80.71456,gbhe,1,""
2009,3,3as,,240,,,25.78639,-80.73164,gbhe,1,""
2009,3,3as,,260,,,25.78234,-80.75269,gbhe,1,""
2009,3,3as,,261,,,25.78603,-80.75234,gbhe,1,""
2009,3,3as,,288,,,25.7841,-80.77528,gbhe,2,""
2009,3,3as,,290,,,25.78206,-80.77398,gbhe,1,""
2009,3,3as,,295,,,25.78041,-80.77582,gbhe,1,""
2009,3,3as,,308,,,25.78352,-80.8063,gbhe,1,""
2009,3,3as,,353,,,25.78686,-80.77596,gbhe,2,""
2009,3,3as,,358,,,25.79311,-80.77434,gbhe,1,""
2009,3,3as,,382,,,25.79374,-80.7318,gbhe,1,""
2009,3,3as,,386,,,25.78986,-80.7321,gbhe,1,""
2009,3,3as,,474,,,25.79634,-80.73179,gbhe,1,""
2009,3,3as,,476,,,25.79793,-80.7528,gbhe,1,""
2009,3,3as,,484,,,25.80172,-80.76281,gbhe,1,""
2009,3,3as,,494,,,25.80068,-80.7837,gbhe,3,""
2009,3,3as,,504,,,25.80075,-80.80366,gbhe,1,""
2009,3,3as,,536,,,25.80632,-80.78638,gbhe,1,""
2009,3,3as,,541,,,25.80327,-80.76505,gbhe,1,""
2009,3,3as,,542,,,25.80566,-80.76305,gbhe,1,""
2009,3,3as,,545,,,25.80284,-80.74273,gbhe,1,""
2009,3,3as,,551,,,25.80414,-80.72199,gbhe,1,""
2009,3,3as,,643,,,25.81439,-80.71308,gbhe,1,""
2009,3,3as,,644,,,25.81501,-80.71477,gbhe,1,""
2009,3,3as,,668,,,25.81688,-80.77265,gbhe,2,""
2009,3,3as,,695,,,25.82292,-80.74485,gbhe,2,""
2009,3,3as,,699,,,25.82354,-80.72427,gbhe,3,""
2009,3,3as,,700,,,25.8232,-80.72192,gbhe,1,""
2009,3,3as,,707,,,25.82323,-80.71325,gbhe,2,""
2009,3,3as,,720,,,25.82512,-80.68298,gbhe,1,""
2009,3,3as,,727,,,25.81901,-80.67197,gbhe,2,""
2009,3,3as,,729,,,25.82258,-80.67213,gbhe,2,""
2009,3,3as,3,729,,Clovis,25.82276,-80.6717,gbhe,3,""
2009,3,3as,3,775,,Daffy,25.83296,-80.65735,gbhe,1,""
2009,3,3as,,785,,,25.82778,-80.67534,gbhe,2,""
2009,3,3as,,795,,,25.83426,-80.68669,gbhe,1,""
2009,3,3as,,804,,,25.83003,-80.71252,gbhe,1,""
2009,3,3as,,814,,,25.83104,-80.75322,gbhe,2,""
2009,3,3as,,816,,,25.83067,-80.75619,gbhe,1,""
2009,3,3as,,821,,,25.82763,-80.76452,gbhe,2,""
2009,3,3as,,824,,,25.83126,-80.78478,gbhe,1,""
2009,3,3as,,841,,,25.84074,-80.78567,gbhe,1,""
2009,3,3as,,849,,,25.83607,-80.75545,gbhe,2,""
2009,3,3as,,861,,,25.83966,-80.70398,gbhe,2,""
2009,3,3as,,872,,,25.83559,-80.68519,gbhe,1,""
2009,3,3as,,936,,,25.84731,-80.68539,gbhe,2,""
2009,3,3as,,943,,,25.85014,-80.70509,gbhe,2,""
2009,3,3as,,944,,,25.84617,-80.70331,gbhe,3,""
2009,3,3as,,945,,,25.84344,-80.70435,gbhe,1,""
2009,3,3as,,946,,,25.84342,-80.71188,gbhe,2,""
2009,3,3as,,947,,,25.851,-80.71615,gbhe,1,""
2009,3,3as,,951,,,25.84352,-80.72435,gbhe,1,""
2009,3,3as,,963,,,25.84294,-80.79515,gbhe,2,""
2009,3,3as,,974,,,25.85303,-80.80654,gbhe,1,""
2009,3,3as,,977,,,25.85849,-80.79319,gbhe,5,""
2009,3,3as,,1005,,,25.85508,-80.68226,gbhe,1,""
2009,3,3as,3,1034,,Eaton,25.86374,-80.6633,gbhe,2,""
2009,3,3as,,1043,,,25.863,-80.70421,gbhe,1,""
2009,3,3as,,1044,,,25.86348,-80.70606,gbhe,1,""
2009,3,3as,,1052,,,25.85941,-80.7135,gbhe,1,""
2009,3,3as,,1096,,,25.87095,-80.80204,gbhe,1,""
2009,3,3as,,1097,,,25.87364,-80.80176,gbhe,1,""
2009,3,3as,,1155,,,25.87766,-80.70528,gbhe,2,""
2009,3,3as,3,1162,,Excal,25.87755,-80.70955,gbhe,7,""
2009,3,3as,,1173,,,25.8796,-80.72527,gbhe,2,""
2009,3,3as,,1175,,,25.8749,-80.7354,gbhe,1,""
2009,3,3as,,1176,,,25.88089,-80.74194,gbhe,1,""
2009,3,3as,,1198,,,25.87462,-80.80222,gbhe,1,""
2009,3,3as,,1212,,,25.8841,-80.8036,gbhe,1,""
2009,3,3as,,1213,,,25.88517,-80.80358,gbhe,2,""
2009,3,3as,,1223,,,25.88444,-80.76596,gbhe,2,""
2009,3,3as,,1287,,,25.89301,-80.67673,gbhe,1,""
2009,3,3as,,1295,,,25.89704,-80.70414,gbhe,1,""
2009,3,3as,,1297,,,25.892387,-80.70228,gbhe,1,""
2009,3,3as,,1310,,,25.89382,-80.74368,gbhe,1,""
2009,3,3as,,1311,,,25.89701,-80.74314,gbhe,1,""
2009,3,3as,3,1312,,FLORA,25.897,-80.748333,gbhe,1,""
2009,3,3as,,1316,,,25.89597,-80.75469,gbhe,1,""
2009,3,3as,,1319,,,25.89334,-80.77415,gbhe,1,""
2009,3,3as,,1324,,,25.89225,-80.79443,gbhe,1,""
2009,3,3as,,1343,,,25.90469,-80.75453,gbhe,1,""
2009,3,3as,,1408,,,25.90791,-80.69302,gbhe,4,""
2009,3,3as,,1410,,,25.90817,-80.70429,gbhe,1,""
2009,3,3as,,1416,,,25.91465,-80.72282,gbhe,2,""
2009,3,3as,,1419,,,25.9158,-80.72314,gbhe,1,""
2009,3,3as,,1422,,,25.9106,-80.72287,gbhe,1,""
2009,3,3as,,1441,,,25.91394,-80.74663,gbhe,2,""
2009,3,3as,,1452,,,25.91318,-80.77398,gbhe,1,""
2009,3,3as,,1453,,,25.91481,-80.77397,gbhe,5,""
2009,3,3as,,1470,,,25.90927,-80.80506,gbhe,2,""
2009,3,3as,,1502,,,25.92123,-80.72347,gbhe,2,""
2009,3,3as,,1506,,,25.92162,-80.69385,gbhe,2,""
2009,3,3as,,1534,,,25.93198,-80.67587,gbhe,1,""
2009,3,3as,3,1538,,GEB,25.9266,-80.68665,gbhe,3,""
2009,3,3as,3,1538,,GEB,25.9266,-80.68665,gbhe,3,""
2009,3,3as,,1548,,,25.93313,-80.71413,gbhe,1,""
2009,3,3as,,1565,,,25.92612,-80.75622,gbhe,1,""
2009,3,3as,,1603,,,25.94068,-80.75447,gbhe,1,""
2009,3,3as,,1607,,,25.93982,-80.74461,gbhe,1,""
2009,3,3as,,1617,,,25.94091,-80.7161,gbhe,1,""
2009,3,3as,,1618,,,25.94094,-80.71338,gbhe,1,""
2009,3,3as,,1655,,,25.94517,-80.67413,gbhe,2,""
2009,3,3as,,1662,,,25.94346,-80.68288,gbhe,1,""
2009,3,3as,,1667,,,25.94542,-80.70308,gbhe,1,""
2009,3,3as,,1671,,,25.94301,-80.73338,gbhe,1,""
2009,3,3as,,1676,,,25.94501,-80.74255,gbhe,1,""
2009,3,3as,,1702,,,25.94868,-80.80368,gbhe,1,""
2009,3,3as,,1707,,,25.95726,-80.80544,gbhe,1,""
2009,3,3as,,1714,,,25.95524,-80.77274,gbhe,2,""
2009,3,3as,,1714,,,25.95586,-80.77268,gbhe,1,""
2009,3,3as,,1716,,,25.95808,-80.77493,gbhe,1,""
2009,3,3as,,1726,,,25.9559,-80.75308,gbhe,3,""
2009,3,3as,,1734,,,25.95755,-80.72322,gbhe,3,""
2009,3,3as,,1737,,,25.95057,-80.70289,gbhe,1,""
2009,3,3as,,1797,,,25.96012,-80.78357,gbhe,1,""
2009,3,3as,,1814,,,25.97419,-80.80415,gbhe,1,""
2009,3,3as,,1833,,,25.96899,-80.74512,gbhe,4,""
2009,3,3as,,1837,,,25.97391,-80.72347,gbhe,2,""
2009,3,3as,,1846,,,25.96834,-80.69561,gbhe,1,""
2009,3,3as,3,1868,,IVY,25.97537,-80.626,gbhe,3,""
2009,3,3as,3,1872,,IZANAKI,25.98028,-80.65483,gbhe,2,""
2009,3,3as,,1893,,,25.97874,-80.79392,gbhe,3,""
2009,3,3as,,1918,,,25.99138,-80.7743,gbhe,2,""
2009,3,3as,,1964,,,25.992,-80.72576,gbhe,2,""
2009,3,3as,,1968,,,25.99309,-80.74495,gbhe,1,""
2009,3,3as,,1969,,,25.99385,-80.74632,gbhe,1,""
2009,3,3as,,2091,,,26.03092,-80.76294,gbhe,1,""
2009,3,3as,,2101,,,26.03136,-80.75274,gbhe,1,""
2009,3,3as,,2132,,,26.04005,-80.71493,gbhe,1,""
2009,3,3as,,2166,,,26.05087,-80.69179,gbhe,1,""
2009,3,3as,,2222,,,26.0738,-80.71515,gbhe,1,""
2009,3,3as,,2226,,,26.07556,-80.73328,gbhe,1,""
2009,3,3as,,2228,,,26.07586,-80.78206,gbhe,1,""
2009,3,3as,,2393,,,26.1273,-80.74531,gbhe,2,""
2009,3,3as,,3436,,,25.77348,-80.71254,gbhe,3,""
2009,3,3as,,164,,,25.7785,-80.70229,greg,2,""
2009,3,3as,,172,,,25.77711,-80.69341,greg,4,""
2009,3,3as,3,451,,Cantor,25.79543,-80.6893,greg,27,""
2009,3,3as,3,624,,CHARUN,25.81757,-80.67215,greg,38,""
2009,3,3as,,699,,,25.82354,-80.72427,greg,5,""
2009,3,3as,3,729,,Clovis,25.82276,-80.6717,greg,6,""
2009,3,3as,3,775,,Daffy,25.83296,-80.65735,greg,17,""
2009,3,3as,3,1034,,Eaton,25.86374,-80.6633,greg,8,""
2009,3,3as,,1176,,,25.88089,-80.74194,greg,1,""
2009,3,3as,,1287,,,25.89301,-80.67673,greg,1,""
2009,3,3as,3,1312,,FLORA,25.897,-80.748333,greg,14,""
2009,3,3as,,1494,,,25.91758,-80.73307,greg,3,""
2009,3,3as,3,1538,,GEB,25.9266,-80.68665,greg,33,""
2009,3,3as,3,1538,,GEB,25.9266,-80.68665,greg,33,""
2009,3,3as,,1573,,,25.93231,-80.77585,greg,2,""
2009,3,3as,3,1868,,IVY,25.97537,-80.626,greg,9,""
2009,3,3as,3,1872,,IZANAKI,25.98028,-80.65483,greg,9,""
2009,3,3as,3,1873,,IXTAB,25.97742,-80.65775,greg,8,""
2009,3,3as,,1927,,,25.98747,-80.70634,greg,2,""
2009,3,3as,,1957,,,25.99902,-80.69483,greg,1,""
2009,3,3as,3,2099,,KETAL,26.03428,-80.7605,greg,9,""
2009,3,3as,,2157,,,26.05446,-80.75554,greg,3,""
2009,3,3as,,2219,,,26.0734,-80.69267,greg,2,""
2009,3,3as,,2226,,,26.07556,-80.73328,greg,1,""
2009,3,3as,3,2293,,JW1,26.11047,-80.7537,greg,3,""
2009,3,3as,3,2301,,Stephie,26.11694,-80.753,greg,3,""
2009,3,3as,3,2307,,NINTU,26.11578,-80.65954,greg,35,""
2009,3,3as,3,2307,,NINTU,26.11578,-80.65954,greg,35,""
2009,3,3as,,1072,,,25.86472,-80.77379,grhe,1,""
2009,3,3as,,1574,,,25.92441,-80.77528,grhe,1,""
2009,3,3as,,1602,,,25.93612,-80.76184,grhe,1,""
2009,3,3as,,1662,,,25.94346,-80.68288,grhe,2,""
2009,3,3as,,1797,,,25.96012,-80.78357,grhe,8,""
2009,3,3as,,1983,,,26.00204,-80.783,grhe,2,""
2009,3,3as,,1992,,,26.00104,-80.73289,grhe,2,""
2009,3,3as,,2021,,,26.01137,-80.73289,grhe,1,""
2009,3,3as,,2074,,,26.0286,-80.75592,grhe,1,""
2009,3,3as,,2141,,,26.03871,-80.78564,grhe,1,""
2009,3,3as,,226,,,25.78086,-80.70193,lbhe,2,""
2009,3,3as,,474,,,25.79634,-80.73179,lbhe,1,""
2009,3,3as,,476,,,25.79793,-80.7528,lbhe,1,""
2009,3,3as,3a,1217,robs,Robs,25.88902,-80.80417,lbhe,75,""
2009,3,3as,,1482,,,25.91793,-80.7737,lbhe,2,""
2009,3,3as,,1602,,,25.93612,-80.76184,lbhe,1,""
2009,3,3as,,1626,,,25.94154,-80.67228,lbhe,1,""
2009,3,3as,,1711,,,25.95358,-80.78387,lbhe,2,""
2009,3,3as,,1734,,,25.95755,-80.72322,lbhe,1,""
2009,3,3as,,1755,,,25.95556,-80.67403,lbhe,1,""
2009,3,3as,,1823,,,25.97018,-80.77463,lbhe,17,""
2009,3,3as,,1824,,,25.97387,-80.77259,lbhe,5,""
2009,3,3as,,1854,,,25.97104,-80.6739,lbhe,1,""
2009,3,3as,,1878,,,25.97978,-80.69535,lbhe,1,""
2009,3,3as,,1909,,,25.9835,-80.80296,lbhe,1,""
2009,3,3as,,1927,,,25.98747,-80.70634,lbhe,2,""
2009,3,3as,,1931,,,25.98354,-80.68594,lbhe,2,""
2009,3,3as,,1955,,,25.99142,-80.68463,lbhe,2,""
2009,3,3as,,1992,,,26.00104,-80.73289,lbhe,1,""
2009,3,3as,,2001,,,26.00477,-80.68539,lbhe,1,""
2009,3,3as,,2001,,,26.00471,-80.68506,lbhe,1,""
2009,3,3as,,2021,,,26.01137,-80.73289,lbhe,1,""
2009,3,3as,,2043,,,26.02015,-80.78255,lbhe,1,""
2009,3,3as,,2073,,,26.02922,-80.75413,lbhe,3,""
2009,3,3as,,2126,,,26.04597,-80.68267,lbhe,2,""
2009,3,3as,,2136,,,26.04182,-80.75586,lbhe,15,""
2009,3,3as,,2162,,,26.05374,-80.7417,lbhe,5,""
2009,3,3as,,2200,,,26.0708,-80.67551,lbhe,12,""
2009,3,3as,,2202,,,26.06547,-80.67361,lbhe,1,""
2009,3,3as,,2219,,,26.0734,-80.69267,lbhe,2,""
2009,3,3as,,2392,,,26.1274,-80.73476,lbhe,5,""
2009,3,3as,,2393,,,26.1273,-80.74531,lbhe,33,""
2009,3,3as,3a,1217,robs,Robs,25.888633,-80.804533,smhe,22,""
2009,3,3as,3,1583,garuda,GARUDA,25.925167,-80.780033,smhe,55,""
2009,3,3as,3,1872,,IZANAKI,25.98028,-80.65483,smhe,8,""
2009,3,3as,3a,1217,robs,Robs,25.888633,-80.804533,sneg,14,""
2009,3,3as,3a,1217,robs,Robs,25.88902,-80.80417,sneg,15,""
2009,3,3as,,2200,,,26.0708,-80.67551,sneg,3,""
2009,3,3as,,1324,,,25.89225,-80.79443,trhe,1,""
2009,3,3as,,1509,,,25.91895,-80.68291,trhe,1,""
2009,3,3as,,1534,,,25.93198,-80.67587,trhe,3,""
2009,3,3as,,1573,,,25.93231,-80.77585,trhe,10,""
2009,3,3as,,1601,,,25.93514,-80.76349,trhe,1,""
2009,3,3as,,1602,,,25.93612,-80.76184,trhe,12,""
2009,3,3as,,1609,,,25.93952,-80.74582,trhe,1,""
2009,3,3as,,1734,,,25.95755,-80.72322,trhe,12,""
2009,3,3as,,1783,,,25.96691,-80.72386,trhe,1,""
2009,3,3as,,1785,,,25.96028,-80.73398,trhe,1,""
2009,3,3as,,1823,,,25.97018,-80.77463,trhe,2,""
2009,3,3as,,1854,,,25.97104,-80.6739,trhe,2,""
2009,3,3as,,1878,,,25.97978,-80.69535,trhe,3,""
2009,3,3as,,1927,,,25.98747,-80.70634,trhe,12,""
2009,3,3as,,1931,,,25.98354,-80.68594,trhe,4,""
2009,3,3as,,1955,,,25.99142,-80.68463,trhe,2,""
2009,3,3as,,1957,,,25.99902,-80.69483,trhe,11,""
2009,3,3as,,1983,,,26.00204,-80.783,trhe,4,""
2009,3,3as,,1992,,,26.00104,-80.73289,trhe,2,""
2009,3,3as,,1998,,,26.004712,-80.70359,trhe,2,""
2009,3,3as,,2021,,,26.01137,-80.73289,trhe,11,""
2009,3,3as,,2026,,,26.01462,-80.78345,trhe,1,""
2009,3,3as,,2043,,,26.02015,-80.78255,trhe,1,""
2009,3,3as,,2046,,,26.02304,-80.7342,trhe,25,""
2009,3,3as,,2051,,,26.01597,-80.68469,trhe,1,""
2009,3,3as,,2070,,,26.02786,-80.70461,trhe,4,""
2009,3,3as,,2073,,,26.02922,-80.75413,trhe,6,""
2009,3,3as,,2074,,,26.0286,-80.75592,trhe,7,""
2009,3,3as,,2089,,,26.03334,-80.80468,trhe,2,""
2009,3,3as,,2100,,,26.03673,-80.75469,trhe,3,""
2009,3,3as,,2103,,,26.03847,-80.73602,trhe,8,""
2009,3,3as,,2136,,,26.04182,-80.75586,trhe,6,""
2009,3,3as,,2138,,,26.04508,-80.76377,trhe,2,""
2009,3,3as,,2140,,,26.04122,-80.78207,trhe,2,""
2009,3,3as,,2141,,,26.03871,-80.78564,trhe,10,""
2009,3,3as,,2145,,,26.03946,-80.80401,trhe,1,""
2009,3,3as,,2156,,,26.04803,-80.76364,trhe,16,""
2009,3,3as,,2157,,,26.05446,-80.75554,trhe,17,""
2009,3,3as,,2162,,,26.05374,-80.7417,trhe,10,""
2009,3,3as,,2163,,,26.05425,-80.73296,trhe,6,""
2009,3,3as,,2165,,,26.04776,-80.71503,trhe,1,""
2009,3,3as,,2179,,,26.05918,-80.70208,trhe,5,""
2009,3,3as,,2202,,,26.06547,-80.67361,trhe,2,""
2009,3,3as,,2217,,,26.07774,-80.67505,trhe,4,""
2009,3,3as,,2218,,,26.07436,-80.6748,trhe,6,""
2009,3,3as,,2219,,,26.0734,-80.69267,trhe,15,""
2009,3,3as,,2223,,,26.07466,-80.71251,trhe,6,""
2009,3,3as,,2224,,,26.07126,-80.71552,trhe,7,""
2009,3,3as,,2226,,,26.07556,-80.73328,trhe,17,""
2009,3,3as,,2228,,,26.07586,-80.78206,trhe,3,""
2009,3,3as,,2252,,,26.09225,-80.73547,trhe,25,""
2009,3,3as,,2266,,,26.09919,-80.73255,trhe,6,""
2009,3,3as,,2297,,,26.10781,-80.78374,trhe,2,""
2009,3,3as,,2392,,,26.1274,-80.73476,trhe,8,""
2009,3,3as,,2393,,,26.1273,-80.74531,trhe,5,""
2009,3,3b,3,1140,,FENRIR,25.878333,-80.529433,anhi,3,""
2009,3,3b,3,900,,Dagon,25.84045,-80.52741,gbhe,3,""
2009,3,3b,3,917,diana_old,DIANA,25.847267,-80.523467,gbhe,2,""
2009,3,3b,3,918,,DEMETER,25.8472,-80.5275,gbhe,1,""
2009,3,3b,3,921,,DAMKINA,25.84723,-80.5315,gbhe,2,""
2009,3,3b,3,619,,Cupid,25.81478,-80.6025,greg,13,""
2009,3,3b,3,900,,Dagon,25.84045,-80.52741,greg,21,""
2009,3,3b,3,913,,DIONYSUS,25.848633,-80.519317,greg,2,""
2009,3,3b,3,917,diana_old,DIANA,25.847267,-80.523467,greg,5,""
2009,3,3b,3,918,,DEMETER,25.8472,-80.5275,greg,8,""
2009,3,3b,3,921,,DAMKINA,25.84723,-80.5315,greg,19,""
2009,3,3b,3,1027,,Eggo,25.86507,-80.51588,greg,6,""
2009,3,3b,3,1140,,FENRIR,25.878333,-80.529433,greg,12,""
2009,3,3b,3,913,,DIONYSUS,25.848633,-80.519317,smhe,5,""
2009,3,3b,3,917,diana_old,DIANA,25.847267,-80.523467,smhe,2,""
2009,3,3b,3,1027,,Eggo,25.86507,-80.51588,whib,6,""
2009,enp,inlandenp,,2699,,,25.7324,-80.69,gbhe,1,""
2010,1,1,1,2600,,UWETA,26.37205,-80.301333,gbhe,1,""
2010,1,1,1,2581,,Uzutu (WP 132),26.369,-80.28826,greg,3,""
2010,1,1,1,2600,,UWETA,26.37205,-80.301333,greg,3,""
2010,1,1,1,3187,,Vega (WP 137),26.45303,-80.28272,lbhe,24,""
2010,1,1,1,2581,,Uzutu (WP 132),26.369,-80.28826,smhe,1,""
2010,1,1,1,2600,,UWETA,26.37205,-80.301333,smhe,1,""
2010,2,2b,3,2458,,Peanut (WP 130),26.19242,-80.39639,greg,4,""
2010,2,2b,3,2458,,Peanut (WP 130),26.19242,-80.39639,greg,4,""
2010,2,2b,3,2458,,Peanut (WP 130),26.19242,-80.39639,lbhe,35,""
2010,2,2b,3,2458,,Peanut (WP 130),26.19242,-80.39639,lbhe,35,""
2010,3,3an,3,2436,rama,RAMA,26.20979,-80.66408,lbhe,44,""
2010,3,3as,3,21,,,25.76833,-80.71372,anhi,1,""
2010,3,3as,3,36,,,25.76864,-80.79625,anhi,1,""
2010,3,3as,3,37,,,25.76612,-80.79642,anhi,7,""
2010,3,3as,3,124,,,25.77785,-80.76348,anhi,1,""
2010,3,3as,3,137,,,25.77201,-80.74545,anhi,3,""
2010,3,3as,3,164,,,25.77835,-80.70227,anhi,2,""
2010,3,3as,3,172,,,25.77774,-80.69402,anhi,1,""
2010,3,3as,3,226,,,25.78105,-80.70198,anhi,1,""
2010,3,3as,3,233,,,25.78006,-80.71487,anhi,4,""
2010,3,3as,3,239,,,25.78379,-80.73206,anhi,1,""
2010,3,3as,3,248,,,25.78194,-80.7455,anhi,3,""
2010,3,3as,3,259,,,25.78395,-80.75402,anhi,1,""
2010,3,3as,3,260,,,25.7834,-80.75281,anhi,1,""
2010,3,3as,3,310,,,25.78646,-80.80568,anhi,3,""
2010,3,3as,3,352,,,25.78827,-80.77592,anhi,1,""
2010,3,3as,3,382,,,25.79371,-80.73183,anhi,3,""
2010,3,3as,3,383,,,25.79313,-80.73193,anhi,1,""
2010,3,3as,3,474,,,25.79647,-80.73193,anhi,2,""
2010,3,3as,3,502,,,25.79785,-80.7944,anhi,1,""
2010,3,3as,3,508,,,25.7964,-80.82399,anhi,1,""
2010,3,3as,3,531,,,25.80623,-80.79601,anhi,1,""
2010,3,3as,3,545,,,25.80316,-80.74244,anhi,1,""
2010,3,3as,3,551,,,25.80417,-80.72202,anhi,3,""
2010,3,3as,3,588,,,25.80821,-80.68535,anhi,2,""
2010,3,3as,3,668,,,25.81699,-80.77369,anhi,1,""
2010,3,3as,3,669,,,25.81424,-80.7757,anhi,10,""
2010,3,3as,3,676,,,25.8144,-80.80353,anhi,1,""
2010,3,3as,3,692,,,25.82431,-80.76402,anhi,2,""
2010,3,3as,3,695,,,25.82287,-80.74474,anhi,1,""
2010,3,3as,3,700,,,25.82341,-80.7221,anhi,6,""
2010,3,3as,3,727,,,25.81915,-80.67197,anhi,1,""
2010,3,3as,3,782,,,25.83186,-80.67344,anhi,5,""
2010,3,3as,3,785,,,25.8277,-80.67538,anhi,1,""
2010,3,3as,3,807,,,25.83171,-80.72313,anhi,2,""
2010,3,3as,3,821,,,25.82776,-80.76468,anhi,1,""
2010,3,3as,3,844,,,25.83511,-80.78388,anhi,1,""
2010,3,3as,3,845,,,25.83654,-80.77666,anhi,5,""
2010,3,3as,3,849,,,25.83615,-80.7555,anhi,6,""
2010,3,3as,3,861,,,25.83976,-80.70396,anhi,3,""
2010,3,3as,3,873,,873,25.83498,-80.68517,anhi,8,""
2010,3,3as,3,936,,,25.84726,-80.68568,anhi,1,""
2010,3,3as,3,943,,,25.85058,-80.70466,anhi,1,""
2010,3,3as,3,946,,,25.84321,-80.7121,anhi,2,""
2010,3,3as,3,957,,,25.84657,-80.77615,anhi,1,""
2010,3,3as,3,963,,,25.84311,-80.79487,anhi,1,""
2010,3,3as,3,977,,,25.85819,-80.79362,anhi,6,""
2010,3,3as,3,1000,,,25.85475,-80.70289,anhi,1,""
2010,3,3as,3,1005,,,25.85513,-80.68152,anhi,7,""
2010,3,3as,3,1044,,,25.86349,-80.70559,anhi,3,""
2010,3,3as,3,1052,,,25.85916,-80.71381,anhi,1,""
2010,3,3as,3,1117,,,25.86644,-80.70331,anhi,3,""
2010,3,3as,3,1171,,,25.88221,-80.72444,anhi,4,""
2010,3,3as,3,1173,,,25.87974,-80.72502,anhi,6,""
2010,3,3as,3a,1181,long_strand,long strand,25.87703,-80.75545,anhi,2,""
2010,3,3as,3a,1181,long_strand,long strand,25.8769,-80.7553,anhi,2,""
2010,3,3as,3,1237,,,25.88703,-80.70182,anhi,12,""
2010,3,3as,3,1295,,,25.89739,-80.70431,anhi,2,""
2010,3,3as,3,1302,,,25.89615,-80.71415,anhi,2,""
2010,3,3as,3,1316,,,25.89629,-80.7549,anhi,3,""
2010,3,3as,3,1320,,,25.89454,-80.77521,anhi,1,""
2010,3,3as,3,1324,,,25.89201,-80.79441,anhi,5,""
2010,3,3as,3,1408,,,25.90813,-80.69291,anhi,1,""
2010,3,3as,3,1416,,,25.91439,-80.7226,anhi,2,""
2010,3,3as,3,1423,,,25.91002,-80.72297,anhi,1,""
2010,3,3as,3,1424,,,25.91136,-80.72461,anhi,3,""
2010,3,3as,3,1453,,,25.91449,-80.77341,anhi,1,""
2010,3,3as,3,1490,,,25.92335,-80.74271,anhi,1,""
2010,3,3as,3,1500,,,25.91922,-80.72256,anhi,1,""
2010,3,3as,3,1502,,,25.92163,-80.72388,anhi,2,""
2010,3,3as,3,1545,,,25.92986,-80.69369,anhi,6,""
2010,3,3as,3,1557,,,25.93323,-80.74346,anhi,1,""
2010,3,3as,3,1618,,,25.94109,-80.71346,anhi,5,""
2010,3,3as,3,1620,,,25.93627,-80.70531,anhi,2,""
2010,3,3as,3,1655,,,25.94554,-80.67408,anhi,1,""
2010,3,3as,3,1660,,,25.94482,-80.67533,anhi,1,""
2010,3,3as,3,1686,,,25.94195,-80.74611,anhi,1,""
2010,3,3as,3,1724,,,25.95222,-80.75369,anhi,3,""
2010,3,3as,3,1755,,,25.95538,-80.6737,anhi,2,""
2010,3,3as,3,1829,,,25.96865,-80.75304,anhi,1,""
2010,3,3as,3,1837,,,25.97434,-80.72376,anhi,1,""
2010,3,3as,3,1843,,,25.96694,-80.7041,anhi,1,""
2010,3,3as,3,1846,,,25.96835,-80.69588,anhi,2,""
2010,3,3as,3,1878,,,25.97955,-80.6956,anhi,1,""
2010,3,3as,3,3408,,,26.05751,-80.69475,anhi,1,""
2010,3,3as,3,3436,,,25.77327,-80.71267,anhi,2,""
2010,3,3as,3,25,,,25.7692,-80.7324,bcnh,1,""
2010,3,3as,3a,1222,fontana,FONTANA,25.8875,-80.7705,bcnh,1,""
2010,3,3as,3,1821,,,25.96941,-80.77517,bcnh,1,""
2010,3,3as,3,1994,,,26.00529,-80.72507,bcnh,1,""
2010,3,3as,3,2050,,,26.0157,-80.69181,bcnh,1,""
2010,3,3as,3,2151,,,26.04873,-80.8134,bcnh,2,""
2010,3,3as,3,2187,,,26.05812,-80.81541,bcnh,1,""
2010,3,3as,3,2393,,,26.12702,-80.74556,bcnh,6,""
2010,3,3as,3,2405,,Opal (WP 135),26.13135,-80.74659,bcnh,4,""
2010,3,3as,3,25,,,25.7692,-80.7324,gbhe,1,""
2010,3,3as,3,36,,,25.76864,-80.79625,gbhe,1,""
2010,3,3as,3,37,,,25.76612,-80.79642,gbhe,2,""
2010,3,3as,3,48,,,25.76643,-80.81418,gbhe,1,""
2010,3,3as,3,73,,,25.77118,-80.81356,gbhe,2,""
2010,3,3as,3,83,,,25.77468,-80.79439,gbhe,1,""
2010,3,3as,3,98,,,25.77778,-80.78325,gbhe,1,""
2010,3,3as,3,163,,,25.77203,-80.70549,gbhe,1,""
2010,3,3as,3,172,,,25.77774,-80.69402,gbhe,2,""
2010,3,3as,3,244,,,25.77924,-80.73437,gbhe,1,""
2010,3,3as,3,248,,,25.78194,-80.7455,gbhe,1,""
2010,3,3as,3,260,,,25.7834,-80.75281,gbhe,1,""
2010,3,3as,3,287,,,25.78386,-80.77402,gbhe,1,""
2010,3,3as,3,342,,,25.79011,-80.81478,gbhe,1,""
2010,3,3as,3,346,,,25.79287,-80.79431,gbhe,2,""
2010,3,3as,3,395,,,25.79165,-80.72185,gbhe,1,""
2010,3,3as,3,484,,,25.80164,-80.76237,gbhe,2,""
2010,3,3as,3,498,,,25.80032,-80.78363,gbhe,1,""
2010,3,3as,3,588,,,25.80821,-80.68535,gbhe,1,""
2010,3,3as,3,668,,,25.81699,-80.77369,gbhe,2,""
2010,3,3as,3,669,,,25.81424,-80.7757,gbhe,2,""
2010,3,3as,3,683,,,25.82557,-80.82475,gbhe,1,""
2010,3,3as,3,695,,,25.82287,-80.74474,gbhe,1,""
2010,3,3as,3,700,,,25.82341,-80.7221,gbhe,1,""
2010,3,3as,3,707,,,25.82334,-80.71385,gbhe,1,""
2010,3,3as,3,727,,,25.81915,-80.67197,gbhe,1,""
2010,3,3as,3,845,,,25.83654,-80.77666,gbhe,2,""
2010,3,3as,3,849,,,25.83615,-80.7555,gbhe,1,""
2010,3,3as,3,859,,,25.84216,-80.72196,gbhe,1,""
2010,3,3as,3,873,,873,25.83498,-80.68517,gbhe,1,""
2010,3,3as,3,946,,,25.84321,-80.7121,gbhe,1,""
2010,3,3as,3,953,,,25.84207,-80.75296,gbhe,1,""
2010,3,3as,3,1001,,,25.85082,-80.69331,gbhe,1,""
2010,3,3as,3,1044,,,25.86349,-80.70559,gbhe,1,""
2010,3,3as,3,1075,,,25.86561,-80.78485,gbhe,2,""
2010,3,3as,3,1080,,,25.86058,-80.80615,gbhe,1,""
2010,3,3as,3,1189,,,25.87649,-80.78515,gbhe,1,""
2010,3,3as,3,1213,,,25.8849,-80.80331,gbhe,1,""
2010,3,3as,3a,1217,robs,Robs,25.88765,-80.80488,gbhe,3,""
2010,3,3as,3,1223,,,25.88462,-80.76633,gbhe,2,""
2010,3,3as,3,1237,,,25.88703,-80.70182,gbhe,3,""
2010,3,3as,3,1287,,,25.89303,-80.67608,gbhe,1,""
2010,3,3as,3,1296,,,25.8929,-80.70207,gbhe,1,""
2010,3,3as,3,1319,,,25.89267,-80.77412,gbhe,1,""
2010,3,3as,3,1408,,,25.90813,-80.69291,gbhe,3,""
2010,3,3as,3,1421,,,25.91614,-80.72327,gbhe,1,""
2010,3,3as,3,1441,,,25.91462,-80.7457,gbhe,1,""
2010,3,3as,3,1453,,,25.91449,-80.77341,gbhe,2,""
2010,3,3as,3,1482,,8C,25.9179,-80.77352,gbhe,1,""
2010,3,3as,3,1501,,,25.92024,-80.72288,gbhe,2,""
2010,3,3as,3,1545,,,25.92986,-80.69369,gbhe,1,""
2010,3,3as,3,1618,,,25.94109,-80.71346,gbhe,2,""
2010,3,3as,3,1655,,,25.94554,-80.67408,gbhe,1,""
2010,3,3as,3,1660,,,25.94482,-80.67533,gbhe,1,""
2010,3,3as,3,1676,,,25.94497,-80.74267,gbhe,1,""
2010,3,3as,3,1709,,,25.95629,-80.79356,gbhe,1,""
2010,3,3as,3,1714,,,25.95616,-80.77247,gbhe,1,""
2010,3,3as,3,1716,,,25.95824,-80.77441,gbhe,1,""
2010,3,3as,3,1717,,,25.95789,-80.77278,gbhe,1,""
2010,3,3as,3,1726,,,25.95594,-80.75317,gbhe,1,""
2010,3,3as,3,1747,,,25.95076,-80.69376,gbhe,1,""
2010,3,3as,3,1797,,,25.96006,-80.78322,gbhe,2,""
2010,3,3as,3,1833,,,25.96905,-80.7452,gbhe,3,""
2010,3,3as,3,1837,,,25.97434,-80.72376,gbhe,3,""
2010,3,3as,3,1868,,IVY,25.97537,-80.626,gbhe,4,""
2010,3,3as,3,1883,,,25.97767,-80.73168,gbhe,1,""
2010,3,3as,3,1964,,,25.99158,-80.72559,gbhe,1,""
2010,3,3as,3,1976,,,25.9945,-80.79451,gbhe,1,""
2010,3,3as,3,1982,,,26.00146,-80.79567,gbhe,1,""
2010,3,3as,3,2078,,,26.02517,-80.80352,gbhe,1,""
2010,3,3as,3,2144,,,26.04193,-80.80217,gbhe,1,""
2010,3,3as,3,2152,,,26.05086,-80.80212,gbhe,1,""
2010,3,3as,3,2184,,,26.0586,-80.80553,gbhe,2,""
2010,3,3as,3,2186,,,26.06082,-80.80417,gbhe,1,""
2010,3,3as,3,2187,,,26.05812,-80.81541,gbhe,1,""
2010,3,3as,3,2199,,,26.06903,-80.69411,gbhe,1,""
2010,3,3as,3,2295,,,26.10466,-80.77628,gbhe,3,""
2010,3,3as,3,2297,,,26.10781,-80.78357,gbhe,1,""
2010,3,3as,3,2557,,,25.86453,-80.70255,gbhe,1,""
2010,3,3as,3,3408,,,26.05751,-80.69475,gbhe,1,""
2010,3,3as,3,48,,,25.76643,-80.81418,greg,4,""
2010,3,3as,3,319,,,25.78381,-80.8154,greg,1,""
2010,3,3as,3,389,,,25.78906,-80.72553,greg,1,""
2010,3,3as,3,451,,CANTOR,25.79543,-80.6893,greg,11,""
2010,3,3as,3,584,,,25.80723,-80.69481,greg,1,""
2010,3,3as,3,699,,,25.82383,-80.7249,greg,1,""
2010,3,3as,3,737,,CHAC,25.823467,-80.6574,greg,15,""
2010,3,3as,3a,1217,robs,Robs,25.88765,-80.80488,greg,3,""
2010,3,3as,3,1237,,,25.88703,-80.70182,greg,9,""
2010,3,3as,3,1408,,,25.90813,-80.69291,greg,1,""
2010,3,3as,3,1494,,BB009,25.91725,-80.73266,greg,1,""
2010,3,3as,3,1494,,BB009,25.91725,-80.73266,greg,1,""
2010,3,3as,3,1703,,,25.94404,-80.82379,greg,2,""
2010,3,3as,3,1726,,,25.95594,-80.75317,greg,1,""
2010,3,3as,3,1878,,,25.97955,-80.6956,greg,1,""
2010,3,3as,3,1997,,,26.00463,-80.71303,greg,1,""
2010,3,3as,3,2129,,,26.04402,-80.70474,greg,1,""
2010,3,3as,3,2142,,,26.03899,-80.78481,greg,1,""
2010,3,3as,3,2162,,,26.05385,-80.74167,greg,2,""
2010,3,3as,3,2182,,,26.05575,-80.77481,greg,2,""
2010,3,3as,3,2197,,,26.06614,-80.74593,greg,1,""
2010,3,3as,3,2219,,,26.07404,-80.69269,greg,2,""
2010,3,3as,3,2247,,,26.09394,-80.69588,greg,1,""
2010,3,3as,3,2256,,,26.09216,-80.79366,greg,3,""
2010,3,3as,3,2285,,NANNA,26.10545,-80.70098,greg,3,""
2010,3,3as,3,2304,,,26.119,-80.73216,greg,1,""
2010,3,3as,3,2390,,,26.1217,-80.73239,greg,1,""
2010,3,3as,3,2402,,,26.13603,-80.77461,greg,1,""
2010,3,3as,3,3408,,,26.05751,-80.69475,greg,2,""
2010,3,3as,3,588,,,25.80821,-80.68535,grhe,2,""
2010,3,3as,3,809,,,25.82813,-80.72386,grhe,1,""
2010,3,3as,3,1409,,,25.91205,-80.7045,grhe,1,""
2010,3,3as,3,1739,,,25.95764,-80.70232,grhe,1,""
2010,3,3as,3,1783,,,25.96638,-80.72355,grhe,1,""
2010,3,3as,3,1994,,,26.00529,-80.72507,grhe,1,""
2010,3,3as,3,2164,,,26.04771,-80.72431,grhe,1,""
2010,3,3as,3,2197,,,26.06614,-80.74593,grhe,1,""
2010,3,3as,3,2251,,,26.08988,-80.7338,grhe,1,""
2010,3,3as,3,2271,,,26.09755,-80.7164,grhe,1,""
2010,3,3as,3,2305,,,26.12038,-80.72447,grhe,1,""
2010,3,3as,3a,1222,fontana,FONTANA,25.8875,-80.7705,lbhe,39,""
2010,3,3as,3,1821,,,25.96941,-80.77517,lbhe,5,""
2010,3,3as,3,2001,,,26.00453,-80.6848,lbhe,1,""
2010,3,3as,3,2069,,,26.02519,-80.69335,lbhe,1,""
2010,3,3as,3,2105,,,26.03517,-80.71417,lbhe,1,""
2010,3,3as,3,2393,,,26.12702,-80.74556,lbhe,20,""
2010,3,3as,3,2405,,Opal (WP 135),26.13135,-80.74659,lbhe,23,""
2010,3,3as,3,2311,,NINURTA,26.11967,-80.63955,smhe,8,""
2010,3,3as,3,2311,,NINURTA,26.11967,-80.63955,smhe,8,""
2010,3,3as,3,1482,,8C,25.9179,-80.77352,sneg,1,""
2010,3,3as,3,1821,,,25.96941,-80.77517,sneg,2,""
2010,3,3as,3,2256,,,26.09216,-80.79366,sneg,2,""
2010,3,3as,3,798,,,25.83129,-80.69333,trhe,1,""
2010,3,3as,3,991,,,25.85699,-80.72293,trhe,1,""
2010,3,3as,3,1207,,,25.88447,-80.81311,trhe,1,""
2010,3,3as,3,1332,,,25.90675,-80.79374,trhe,1,""
2010,3,3as,3,1573,,7G,25.93225,-80.77599,trhe,1,""
2010,3,3as,3,1711,,,25.95385,-80.78401,trhe,1,""
2010,3,3as,3,1783,,,25.96638,-80.72355,trhe,1,""
2010,3,3as,3,1785,,,25.96031,-80.73431,trhe,6,""
2010,3,3as,3,1846,,,25.96835,-80.69588,trhe,2,""
2010,3,3as,3,1878,,,25.97955,-80.6956,trhe,6,""
2010,3,3as,3,1881,,,25.97499,-80.72214,trhe,1,""
2010,3,3as,3,1923,,,25.9901,-80.72501,trhe,1,""
2010,3,3as,3,1926,,,25.98999,-80.70588,trhe,2,""
2010,3,3as,3,1955,,,25.9912,-80.6846,trhe,7,""
2010,3,3as,3,1975,,,25.99927,-80.77479,trhe,1,""
2010,3,3as,3,1982,,,26.00146,-80.79567,trhe,1,""
2010,3,3as,3,1986,,,26.00047,-80.77382,trhe,1,""
2010,3,3as,3,1997,,,26.00463,-80.71303,trhe,10,""
2010,3,3as,3,2001,,,26.00469,-80.68556,trhe,8,""
2010,3,3as,3,2001,,,26.00453,-80.6848,trhe,4,""
2010,3,3as,3,2030,,,26.01577,-80.79467,trhe,1,""
2010,3,3as,3,2033,,,26.01244,-80.80597,trhe,1,""
2010,3,3as,3,2034,,,26.01364,-80.81358,trhe,1,""
2010,3,3as,3,2039,,,26.02134,-80.81617,trhe,2,""
2010,3,3as,3,2042,,,26.01784,-80.78255,trhe,1,""
2010,3,3as,3,2071,,,26.02699,-80.70607,trhe,4,""
2010,3,3as,3,2078,,,26.02517,-80.80352,trhe,1,""
2010,3,3as,3,2080,,,26.02823,-80.81254,trhe,2,""
2010,3,3as,3,2089,,,26.03433,-80.80558,trhe,2,""
2010,3,3as,3,2139,,,26.04623,-80.7865,trhe,1,""
2010,3,3as,3,2142,,,26.03899,-80.78481,trhe,1,""
2010,3,3as,3,2153,,20GB,26.05063,-80.7929,trhe,3,""
2010,3,3as,3,2156,,,26.04787,-80.76452,trhe,5,""
2010,3,3as,3,2156,,23B,26.0478,-80.76351,trhe,5,""
2010,3,3as,3,2157,,26GB,26.05418,-80.75565,trhe,1,""
2010,3,3as,3,2183,,,26.05617,-80.78543,trhe,1,""
2010,3,3as,3,2186,,,26.06082,-80.80417,trhe,2,""
2010,3,3as,3,2187,,,26.05812,-80.81541,trhe,4,""
2010,3,3as,3,2194,,,26.06802,-80.79541,trhe,1,""
2010,3,3as,3,2194,,,26.06696,-80.79374,trhe,11,""
2010,3,3as,3,2196,,,26.07005,-80.77243,trhe,1,""
2010,3,3as,3,2197,,,26.06614,-80.74593,trhe,2,""
2010,3,3as,3,2199,,,26.06903,-80.69411,trhe,4,""
2010,3,3as,3,2200,,,26.07158,-80.67567,trhe,2,""
2010,3,3as,3,2218,,,26.07373,-80.67489,trhe,6,""
2010,3,3as,3,2219,,,26.07404,-80.69269,trhe,4,""
2010,3,3as,3,2221,,,26.07655,-80.70643,trhe,1,""
2010,3,3as,3,2229,,,26.07249,-80.81188,trhe,1,""
2010,3,3as,3,2247,,,26.09394,-80.69588,trhe,1,""
2010,3,3as,3,2251,,,26.08988,-80.7338,trhe,7,""
2010,3,3as,3,47,,,25.76446,-80.81289,wost,1,""
2010,3,3as,3,2034,,,26.01364,-80.81358,wost,3,""
2010,3,3as,3,2157,,26GB,26.05418,-80.75565,wost,1,""
2010,3,3b,3,921,,DAMKINA,25.84723,-80.5315,greg,5,""
2011,1,1,1,2644,,New 2 FEB 21,26.37856,-80.25568,greg,25,""
2011,1,1,1,2644,,New 2 FEB 21,26.37856,-80.25568,greg,25,""
2011,2,2a,3,2526,,New 1 May 18,26.2371,-80.31016,gbhe,6,""
2011,3,3as,3,33,,831,25.76738,-80.78567,anhi,17,""
2011,3,3as,3,37,,41,25.76612,-80.7963,anhi,21,""
2011,3,3as,3,92,,833,25.77475,-80.7861,anhi,2,""
2011,3,3as,3,143,,931,25.77724,-80.73372,anhi,2,""
2011,3,3as,3,164,,42,25.77904,-80.70222,anhi,2,""
2011,3,3as,3,223,,73,25.78366,-80.695,anhi,2,""
2011,3,3as,3,276,,898,25.78368,-80.76313,anhi,1,""
2011,3,3as,3,305,,39,25.7797,-80.79341,anhi,2,""
2011,3,3as,3,352,,855,25.78831,-80.77633,anhi,2,""
2011,3,3as,3,373,,899,25.78909,-80.76216,anhi,1,""
2011,3,3as,3,474,,936,25.79625,-80.73134,anhi,15,""
2011,3,3as,3,504,,24,25.80035,-80.80367,anhi,4,""
2011,3,3as,3,522,,18,25.81096,-80.81656,anhi,1,""
2011,3,3as,3,530,,30,25.8058,-80.79654,anhi,1,""
2011,3,3as,3,531,,29,25.80636,-80.79609,anhi,4,""
2011,3,3as,3,537,,835,25.80372,-80.78234,anhi,4,""
2011,3,3as,3,588,,68,25.80818,-80.68523,anhi,15,""
2011,3,3as,3,599,,47,25.80352,-80.67673,anhi,3,""
2011,3,3as,3,643,,66,25.81499,-80.71321,anhi,3,""
2011,3,3as,3,695,,923,25.82292,-80.74478,anhi,5,""
2011,3,3as,3,699,,962,25.82368,-80.72446,anhi,3,""
2011,3,3as,3,720,,67,25.82538,-80.68302,anhi,1,""
2011,3,3as,3,727,,42,25.81876,-80.67217,anhi,3,""
2011,3,3as,3,729,,41,25.8234,-80.67202,anhi,2,""
2011,3,3as,3,782,,38,25.83188,-80.67363,anhi,20,""
2011,3,3as,3,786,,39,25.82718,-80.67506,anhi,12,""
2011,3,3as,3,815,,893,25.8294,-80.75615,anhi,5,""
2011,3,3as,3,841,,836,25.84089,-80.78567,anhi,2,""
2011,3,3as,3,861,,46,25.83959,-80.70413,anhi,4,""
2011,3,3as,3,872,,65,25.83557,-80.68521,anhi,3,""
2011,3,3as,3,932,,37,25.85045,-80.67286,anhi,2,""
2011,3,3as,3,936,,63,25.84693,-80.68504,anhi,3,""
2011,3,3as,3,944,,47,25.84639,-80.70337,anhi,9,""
2011,3,3as,3,951,,959,25.84313,-80.72483,anhi,1,""
2011,3,3as,3,977,,25,25.85848,-80.79334,anhi,12,""
2011,3,3as,3,984,,848,25.85477,-80.7769,anhi,2,""
2011,3,3as,3,991,,956,25.85669,-80.72274,anhi,1,""
2011,3,3as,3,1000,,48,25.85402,-80.70298,anhi,1,""
2011,3,3as,3,1005,,61,25.85455,-80.68225,anhi,10,""
2011,3,3as,3,1043,,51,25.86314,-80.70423,anhi,4,""
2011,3,3as,3,1044,,50,25.86362,-80.70606,anhi,10,""
2011,3,3as,3,1073,,847,25.86368,-80.77579,anhi,3,""
2011,3,3as,3,1158,,53,25.8801,-80.7058,anhi,1,""
2011,3,3as,3,1171,,954,25.88194,-80.72461,anhi,1,""
2011,3,3as,3a,1181,long_strand,long strand,25.87717,-80.7555,anhi,50,""
2011,3,3as,3,1223,,907,25.88425,-80.76596,anhi,4,""
2011,3,3as,3,1287,,35,25.8931,-80.67606,anhi,8,""
2011,3,3as,3,1295,,55,25.89712,-80.70421,anhi,3,""
2011,3,3as,3,1339,,842,25.89956,-80.7722,anhi,7,""
2011,3,3as,3,1411,,56,25.91417,-80.71132,anhi,2,""
2011,3,3as,3,1416,,948,25.91449,-80.72267,anhi,6,""
2011,3,3as,3,1417,,946,25.91518,-80.72376,anhi,2,""
2011,3,3as,3,1422,,950,25.91064,-80.72285,anhi,2,""
2011,3,3as,3,1494,,941,25.9177,-80.73334,anhi,7,""
2011,3,3as,3,1502,,942,25.92134,-80.72337,anhi,1,""
2011,3,3as,3,1538,,52,25.92592,-80.68583,anhi,3,""
2011,3,3as,3,1545,,68,25.92965,-80.69349,anhi,9,""
2011,3,3as,3,1602,,910,25.93584,-80.76197,anhi,3,""
2011,3,3as,3,1610,,913,25.93958,-80.74195,anhi,1,""
2011,3,3as,3,1613,,Helios,25.93722,-80.73639,anhi,1,""
2011,3,3as,3,506,,19,25.79989,-80.81234,bcnh,2,""
2011,3,3as,3,986,,903,25.85598,-80.76317,bcnh,1,""
2011,3,3as,3,1107,,844,25.87284,-80.7751,bcnh,2,""
2011,3,3as,3a,1181,long_strand,long strand,25.87717,-80.7555,bcnh,5,""
2011,3,3as,3,1484,,908,25.92165,-80.76524,bcnh,2,""
2011,3,3as,3,1602,,910,25.93584,-80.76197,bcnh,4,""
2011,3,3as,3,26,,930,25.76943,-80.73494,gbhe,1,""
2011,3,3as,3,33,,831,25.76738,-80.78567,gbhe,2,""
2011,3,3as,3,76,,22,25.77273,-80.80634,gbhe,2,""
2011,3,3as,3,89,,40,25.77261,-80.79222,gbhe,2,""
2011,3,3as,3,92,,833,25.77475,-80.7861,gbhe,2,""
2011,3,3as,3,101,,832,25.77135,-80.7841,gbhe,3,""
2011,3,3as,3,137,,929,25.77192,-80.74541,gbhe,1,""
2011,3,3as,3,139,,927,25.77711,-80.74538,gbhe,1,""
2011,3,3as,3,152,,965,25.77623,-80.72479,gbhe,1,""
2011,3,3as,3,233,,67,25.77956,-80.71455,gbhe,1,""
2011,3,3as,3,244,,933,25.77909,-80.73415,gbhe,4,""
2011,3,3as,3,253,,926,25.77811,-80.74547,gbhe,1,""
2011,3,3as,3,256,,896,25.77808,-80.75429,gbhe,1,""
2011,3,3as,3,257,,895,25.77837,-80.75485,gbhe,1,""
2011,3,3as,3,261,,894,25.78591,-80.75237,gbhe,1,""
2011,3,3as,3,288,,859,25.7841,-80.77493,gbhe,1,""
2011,3,3as,3,289,,857,25.78501,-80.77575,gbhe,1,""
2011,3,3as,3,291,,860,25.78203,-80.77496,gbhe,1,""
2011,3,3as,3,295,,861,25.78079,-80.77574,gbhe,2,""
2011,3,3as,3,298,,834,25.78007,-80.78374,gbhe,1,""
2011,3,3as,3,309,,23,25.78352,-80.80555,gbhe,1,""
2011,3,3as,3,318,,21,25.78493,-80.81337,gbhe,1,""
2011,3,3as,3,337,,7,25.79098,-80.82555,gbhe,1,""
2011,3,3as,3,345,,38,25.79154,-80.79611,gbhe,1,""
2011,3,3as,3,346,,34,25.79255,-80.79438,gbhe,3,""
2011,3,3as,3,346,,36,25.79261,-80.7943,gbhe,1,""
2011,3,3as,3,360,,853,25.79268,-80.77307,gbhe,1,""
2011,3,3as,3,361,,854,25.79065,-80.77198,gbhe,1,""
2011,3,3as,3,363,,856,25.78825,-80.77174,gbhe,1,""
2011,3,3as,3,382,,935,25.7937,-80.73178,gbhe,2,""
2011,3,3as,3,395,,963,25.79158,-80.72149,gbhe,1,""
2011,3,3as,3,472,,937,25.79613,-80.73423,gbhe,1,""
2011,3,3as,3,474,,936,25.79625,-80.73134,gbhe,1,""
2011,3,3as,3,504,,24,25.80035,-80.80367,gbhe,4,""
2011,3,3as,3,523,,17,25.81033,-80.81521,gbhe,1,""
2011,3,3as,3,531,,29,25.80636,-80.79609,gbhe,1,""
2011,3,3as,3,537,,835,25.80372,-80.78234,gbhe,2,""
2011,3,3as,3,544,,924,25.80464,-80.7447,gbhe,1,""
2011,3,3as,3,588,,68,25.80818,-80.68523,gbhe,2,""
2011,3,3as,3,629,,45,25.81238,-80.67645,gbhe,2,""
2011,3,3as,3,643,,66,25.81499,-80.71321,gbhe,4,""
2011,3,3as,3,668,,852,25.81735,-80.77346,gbhe,1,""
2011,3,3as,3,679,,9,25.81755,-80.82622,gbhe,1,""
2011,3,3as,3,683,,10,25.82539,-80.82549,gbhe,1,""
2011,3,3as,3,695,,923,25.82292,-80.74478,gbhe,1,""
2011,3,3as,3,699,,962,25.82368,-80.72446,gbhe,2,""
2011,3,3as,3,707,,64,25.82348,-80.71391,gbhe,1,""
2011,3,3as,3,720,,67,25.82538,-80.68302,gbhe,1,""
2011,3,3as,3,727,,42,25.81876,-80.67217,gbhe,2,""
2011,3,3as,3,782,,38,25.83188,-80.67363,gbhe,1,""
2011,3,3as,3,786,,39,25.82718,-80.67506,gbhe,4,""
2011,3,3as,3,795,,66,25.83438,-80.68679,gbhe,3,""
2011,3,3as,3,804,,63,25.83044,-80.71254,gbhe,1,""
2011,3,3as,3,816,,892,25.83064,-80.75615,gbhe,1,""
2011,3,3as,3,821,,901,25.82756,-80.76453,gbhe,1,""
2011,3,3as,3,822,,902,25.82856,-80.7665,gbhe,2,""
2011,3,3as,3,828,,11,25.82773,-80.82563,gbhe,1,""
2011,3,3as,3,838,,14,25.8369,-80.81401,gbhe,1,""
2011,3,3as,3,861,,46,25.83959,-80.70413,gbhe,2,""
2011,3,3as,3,872,,65,25.83557,-80.68521,gbhe,2,""
2011,3,3as,3,932,,37,25.85045,-80.67286,gbhe,4,""
2011,3,3as,3,936,,63,25.84693,-80.68504,gbhe,2,""
2011,3,3as,3,944,,47,25.84639,-80.70337,gbhe,4,""
2011,3,3as,3,946,,62,25.84371,-80.71182,gbhe,1,""
2011,3,3as,3,948,,61,25.84845,-80.71439,gbhe,1,""
2011,3,3as,3,957,,849,25.84776,-80.77611,gbhe,3,""
2011,3,3as,3,963,,27,25.8431,-80.79487,gbhe,3,""
2011,3,3as,3,971,,12,25.8518,-80.81466,gbhe,1,""
2011,3,3as,3,977,,25,25.85848,-80.79334,gbhe,1,""
2011,3,3as,3,991,,956,25.85669,-80.72274,gbhe,1,""
2011,3,3as,3,997,,49,25.85761,-80.70625,gbhe,1,""
2011,3,3as,3,1005,,61,25.85455,-80.68225,gbhe,1,""
2011,3,3as,3,1044,,50,25.86362,-80.70606,gbhe,4,""
2011,3,3as,3,1051,,58,25.86179,-80.71153,gbhe,1,""
2011,3,3as,3,1118,,59,25.87225,-80.68267,gbhe,1,""
2011,3,3as,3,1155,,52,25.87764,-80.7052,gbhe,3,""
2011,3,3as,3,1171,,954,25.88194,-80.72461,gbhe,1,""
2011,3,3as,3,1173,,955,25.87958,-80.72529,gbhe,1,""
2011,3,3as,3,1175,,939,25.8745,-80.73524,gbhe,1,""
2011,3,3as,3,1176,,921,25.88087,-80.74244,gbhe,1,""
2011,3,3as,3,1223,,907,25.88425,-80.76596,gbhe,2,""
2011,3,3as,3,1301,,54,25.89178,-80.70245,gbhe,3,""
2011,3,3as,3,1319,,843,25.89404,-80.77391,gbhe,2,""
2011,3,3as,3,1339,,842,25.89956,-80.7722,gbhe,1,""
2011,3,3as,3,1343,,883,25.90536,-80.75497,gbhe,1,""
2011,3,3as,3,1362,,55,25.90165,-80.68403,gbhe,1,""
2011,3,3as,3,1416,,948,25.91449,-80.72267,gbhe,4,""
2011,3,3as,3,1420,,945,25.91638,-80.72421,gbhe,1,""
2011,3,3as,3,1422,,950,25.91064,-80.72285,gbhe,1,""
2011,3,3as,3,1441,,916,25.91432,-80.74679,gbhe,2,""
2011,3,3as,3,1452,,841,25.91342,-80.77327,gbhe,1,""
2011,3,3as,3,1496,,944,25.91969,-80.7255,gbhe,1,""
2011,3,3as,3,1502,,942,25.92134,-80.72337,gbhe,1,""
2011,3,3as,3,1538,,GEB,25.9266,-80.68665,gbhe,1,""
2011,3,3as,3,1538,,GEB,25.9266,-80.68665,gbhe,1,""
2011,3,3as,3,1545,,68,25.92965,-80.69349,gbhe,1,""
2011,3,3as,3,1610,,913,25.93958,-80.74195,gbhe,1,""
2011,3,3as,3,1613,,Helios,25.93722,-80.73639,gbhe,2,""
2011,3,3as,3,1655,,31,25.94514,-80.67398,gbhe,2,""
2011,3,3as,3,1662,,50,25.94334,-80.68218,gbhe,1,""
2011,3,3as,3,1676,,912,25.94502,-80.7425,gbhe,2,""
2011,3,3as,3,1726,,882,25.9562,-80.75325,gbhe,2,""
2011,3,3as,3,3436,,New 1 May 17,25.77344,-80.71224,gbhe,3,""
2011,3,3as,3,3436,,New 1 May 17,25.77344,-80.71224,gbhe,3,""
2011,3,3as,3,33,,831,25.76738,-80.78567,greg,2,""
2011,3,3as,3,143,,931,25.77724,-80.73372,greg,3,""
2011,3,3as,3,164,,42,25.77904,-80.70222,greg,6,""
2011,3,3as,3,240,,934,25.78626,-80.73169,greg,9,""
2011,3,3as,3,245,,928,25.78074,-80.7419,greg,2,""
2011,3,3as,3,338,,8,25.79286,-80.82534,greg,1,""
2011,3,3as,3,382,,935,25.7937,-80.73178,greg,2,""
2011,3,3as,3,467,,New 1 MAR 21,25.79816,-80.72848,greg,14,""
2011,3,3as,3,467,,New 1 MAR 21,25.79816,-80.72848,greg,14,""
2011,3,3as,3,643,,66,25.81499,-80.71321,greg,1,""
2011,3,3as,3,699,,962,25.82368,-80.72446,greg,10,""
2011,3,3as,3,727,,42,25.81876,-80.67217,greg,1,""
2011,3,3as,3,729,,41,25.8234,-80.67202,greg,2,""
2011,3,3as,3,733,,40,25.82564,-80.67161,greg,1,""
2011,3,3as,3,932,,37,25.85045,-80.67286,greg,21,""
2011,3,3as,3,957,,849,25.84776,-80.77611,greg,1,""
2011,3,3as,3,1044,,50,25.86362,-80.70606,greg,4,""
2011,3,3as,3,1052,,59,25.85959,-80.71346,greg,1,""
2011,3,3as,3,1055,,New 2 April 18,25.86002,-80.7392,greg,12,""
2011,3,3as,3,1055,,New 2 April 18,25.86002,-80.7392,greg,12,""
2011,3,3as,3,1286,,New 5 April 18,25.89384,-80.67732,greg,14,""
2011,3,3as,3,1286,,New 5 April 18,25.89384,-80.67732,greg,14,""
2011,3,3as,3,1287,,35,25.8931,-80.67606,greg,8,""
2011,3,3as,3,1302,,57,25.89617,-80.71332,greg,3,""
2011,3,3as,3,1319,,843,25.89404,-80.77391,greg,1,""
2011,3,3as,3,1352,,New 4 MAR 21,25.9027,-80.73896,greg,20,""
2011,3,3as,3,1352,,New 4 MAR 21,25.9027,-80.73896,greg,20,""
2011,3,3as,3,1375,,New 5 MAR 21,25.90051,-80.62993,greg,10,""
2011,3,3as,3,1375,,New 5 MAR 21,25.90051,-80.62993,greg,10,""
2011,3,3as,3,1416,,948,25.91449,-80.72267,greg,1,""
2011,3,3as,3,1441,,916,25.91432,-80.74679,greg,4,""
2011,3,3as,3,1442,,New 3 April 18,25.91548,-80.74697,greg,15,""
2011,3,3as,3,1442,,New 3 April 18,25.91548,-80.74697,greg,15,""
2011,3,3as,3,1443,,917,25.91318,-80.74645,greg,1,""
2011,3,3as,3,1453,,840,25.91479,-80.77408,greg,1,""
2011,3,3as,3,1494,,941,25.9177,-80.73334,greg,2,""
2011,3,3as,3,1538,,GEB,25.9266,-80.68665,greg,10,""
2011,3,3as,3,1538,,GEB,25.9266,-80.68665,greg,10,""
2011,3,3as,3,1538,,52,25.92592,-80.68583,greg,2,""
2011,3,3as,3,23,,967,25.77012,-80.72451,grhe,3,""
2011,3,3as,3,37,,41,25.76612,-80.7963,grhe,1,""
2011,3,3as,3,92,,833,25.77475,-80.7861,grhe,3,""
2011,3,3as,3,133,,897,25.77617,-80.75319,grhe,1,""
2011,3,3as,3,220,,49,25.78357,-80.67709,grhe,1,""
2011,3,3as,3,523,,17,25.81033,-80.81521,grhe,2,""
2011,3,3as,3,533,,28,25.8078,-80.79276,grhe,1,""
2011,3,3as,3,547,,938,25.80771,-80.7352,grhe,2,""
2011,3,3as,3,583,,43,25.80415,-80.70189,grhe,1,""
2011,3,3as,3,588,,68,25.80818,-80.68523,grhe,1,""
2011,3,3as,3,603,,48,25.80371,-80.67274,grhe,3,""
2011,3,3as,3,692,,900,25.82396,-80.76369,grhe,1,""
2011,3,3as,3,782,,38,25.83188,-80.67363,grhe,2,""
2011,3,3as,3,822,,902,25.82856,-80.7665,grhe,2,""
2011,3,3as,3,826,,15,25.83216,-80.81151,grhe,1,""
2011,3,3as,3,841,,836,25.84089,-80.78567,grhe,1,""
2011,3,3as,3,846,,851,25.83488,-80.77573,grhe,1,""
2011,3,3as,3,849,,890,25.83637,-80.7551,grhe,1,""
2011,3,3as,3,854,,922,25.84174,-80.74209,grhe,1,""
2011,3,3as,3,944,,47,25.84639,-80.70337,grhe,1,""
2011,3,3as,3,959,,26,25.84773,-80.79157,grhe,3,""
2011,3,3as,3,965,,13,25.84487,-80.81371,grhe,2,""
2011,3,3as,3,971,,12,25.8518,-80.81466,grhe,1,""
2011,3,3as,3,989,,887,25.85613,-80.75548,grhe,1,""
2011,3,3as,3,1105,,845,25.87106,-80.77629,grhe,2,""
2011,3,3as,3,1107,,844,25.87284,-80.7751,grhe,2,""
2011,3,3as,3,1118,,59,25.87225,-80.68267,grhe,1,""
2011,3,3as,3,1147,,58,25.87862,-80.68495,grhe,1,""
2011,3,3as,3,1172,,953,25.88274,-80.72325,grhe,1,""
2011,3,3as,3,1407,,54,25.90938,-80.68643,grhe,3,""
2011,3,3as,3,1453,,840,25.91479,-80.77408,grhe,1,""
2011,3,3as,3,1509,,53,25.9195,-80.68259,grhe,1,""
2011,3,3as,3,1538,,52,25.92592,-80.68583,grhe,1,""
2011,3,3as,3,1072,,846,25.86507,-80.7738,lbhe,1,""
2011,3,3as,3,1107,,844,25.87284,-80.7751,lbhe,1,""
2011,3,3as,3a,1181,long_strand,long strand,25.87717,-80.7555,lbhe,30,""
2011,3,3as,3,33,,831,25.76738,-80.78567,sneg,1,""
2011,3,3as,3,1173,,955,25.87958,-80.72529,sneg,1,""
2011,3,3as,3a,1181,long_strand,long strand,25.87717,-80.7555,sneg,20,""
2011,3,3as,3,1453,,840,25.91479,-80.77408,sneg,1,""
2011,3,3as,3,1509,,53,25.9195,-80.68259,sneg,1,""
2011,3,3as,3,1545,,68,25.92965,-80.69349,sneg,7,""
2011,3,3as,3,33,,831,25.76738,-80.78567,trhe,15,""
2011,3,3as,3,101,,832,25.77135,-80.7841,trhe,1,""
2011,3,3as,3,152,,965,25.77623,-80.72479,trhe,5,""
2011,3,3as,3,220,,49,25.78357,-80.67709,trhe,1,""
2011,3,3as,3,338,,8,25.79286,-80.82534,trhe,3,""
2011,3,3as,3,343,,20,25.79391,-80.81189,trhe,2,""
2011,3,3as,3,393,,964,25.7873,-80.72335,trhe,1,""
2011,3,3as,3,474,,936,25.79625,-80.73134,trhe,2,""
2011,3,3as,3,475,,925,25.80194,-80.74655,trhe,2,""
2011,3,3as,3,506,,19,25.79989,-80.81234,trhe,3,""
2011,3,3as,3,523,,17,25.81033,-80.81521,trhe,3,""
2011,3,3as,3,569,,44,25.80671,-80.70651,trhe,1,""
2011,3,3as,3,583,,43,25.80415,-80.70189,trhe,7,""
2011,3,3as,3,588,,68,25.80818,-80.68523,trhe,24,""
2011,3,3as,3,593,,69,25.80337,-80.68247,trhe,1,""
2011,3,3as,3,598,,46,25.80331,-80.67574,trhe,4,""
2011,3,3as,3,599,,47,25.80352,-80.67673,trhe,2,""
2011,3,3as,3,603,,48,25.80371,-80.67274,trhe,3,""
2011,3,3as,3,627,,44,25.81518,-80.67457,trhe,1,""
2011,3,3as,3,629,,45,25.81238,-80.67645,trhe,5,""
2011,3,3as,3,643,,66,25.81499,-80.71321,trhe,5,""
2011,3,3as,3,644,,65,25.81544,-80.71444,trhe,15,""
2011,3,3as,3,695,,923,25.82292,-80.74478,trhe,8,""
2011,3,3as,3,711,,45,25.81984,-80.70352,trhe,1,""
2011,3,3as,3,720,,67,25.82538,-80.68302,trhe,1,""
2011,3,3as,3,782,,38,25.83188,-80.67363,trhe,2,""
2011,3,3as,3,807,,960,25.83163,-80.72289,trhe,15,""
2011,3,3as,3,814,,891,25.83093,-80.75335,trhe,15,""
2011,3,3as,3,822,,902,25.82856,-80.7665,trhe,1,""
2011,3,3as,3,845,,850,25.83689,-80.77667,trhe,7,""
2011,3,3as,3,849,,890,25.83637,-80.7551,trhe,1,""
2011,3,3as,3,850,,889,25.83795,-80.75222,trhe,4,""
2011,3,3as,3,854,,922,25.84174,-80.74209,trhe,11,""
2011,3,3as,3,938,,64,25.84426,-80.68608,trhe,1,""
2011,3,3as,3,939,,71,25.84475,-80.69162,trhe,2,""
2011,3,3as,3,949,,957,25.845,-80.72149,trhe,16,""
2011,3,3as,3,950,,958,25.8434,-80.72335,trhe,4,""
2011,3,3as,3,958,,837,25.84903,-80.78176,trhe,7,""
2011,3,3as,3,963,,27,25.8431,-80.79487,trhe,3,""
2011,3,3as,3,965,,13,25.84487,-80.81371,trhe,2,""
2011,3,3as,3,988,,888,25.85445,-80.75431,trhe,2,""
2011,3,3as,3,989,,887,25.85613,-80.75548,trhe,16,""
2011,3,3as,3,991,,956,25.85669,-80.72274,trhe,8,""
2011,3,3as,3,994,,60,25.85265,-80.71578,trhe,2,""
2011,3,3as,3,1000,,48,25.85402,-80.70298,trhe,1,""
2011,3,3as,3,1004,,62,25.85185,-80.68434,trhe,1,""
2011,3,3as,3,1044,,50,25.86362,-80.70606,trhe,19,""
2011,3,3as,3,1063,,886,25.86221,-80.75428,trhe,1,""
2011,3,3as,3,1068,,904,25.86595,-80.76447,trhe,2,""
2011,3,3as,3,1068,,905,25.86614,-80.76429,trhe,2,""
2011,3,3as,3,1072,,846,25.86507,-80.7738,trhe,4,""
2011,3,3as,3,1073,,847,25.86368,-80.77579,trhe,25,""
2011,3,3as,3,1108,,906,25.86815,-80.76179,trhe,4,""
2011,3,3as,3,1118,,59,25.87225,-80.68267,trhe,14,""
2011,3,3as,3,1172,,953,25.88274,-80.72325,trhe,15,""
2011,3,3as,3,1173,,955,25.87958,-80.72529,trhe,3,""
2011,3,3as,3a,1181,long_strand,long strand,25.87717,-80.7555,trhe,5,""
2011,3,3as,3,1189,,838,25.87639,-80.78536,trhe,1,""
2011,3,3as,3,1223,,907,25.88425,-80.76596,trhe,13,""
2011,3,3as,3,1226,,920,25.88636,-80.74501,trhe,11,""
2011,3,3as,3,1228,,952,25.88614,-80.7246,trhe,3,""
2011,3,3as,3,1287,,35,25.8931,-80.67606,trhe,16,""
2011,3,3as,3,1310,,919,25.89353,-80.74395,trhe,2,""
2011,3,3as,3,1311,,918,25.89703,-80.74315,trhe,6,""
2011,3,3as,3,1316,,884,25.89657,-80.75494,trhe,24,""
2011,3,3as,3,1319,,843,25.89404,-80.77391,trhe,6,""
2011,3,3as,3,1362,,55,25.90165,-80.68403,trhe,2,""
2011,3,3as,3,1363,,57,25.89888,-80.68329,trhe,3,""
2011,3,3as,3,1363,,56,25.90008,-80.68165,trhe,4,""
2011,3,3as,3,1407,,54,25.90938,-80.68643,trhe,4,""
2011,3,3as,3,1408,,69,25.90828,-80.69278,trhe,47,""
2011,3,3as,3,1411,,56,25.91417,-80.71132,trhe,1,""
2011,3,3as,3,1425,,949,25.91182,-80.72454,trhe,36,""
2011,3,3as,3,1441,,916,25.91432,-80.74679,trhe,10,""
2011,3,3as,3,1484,,908,25.92165,-80.76524,trhe,6,""
2011,3,3as,3,1490,,915,25.92329,-80.74226,trhe,1,""
2011,3,3as,3,1494,,941,25.9177,-80.73334,trhe,28,""
2011,3,3as,3,1502,,942,25.92134,-80.72337,trhe,44,""
2011,3,3as,3,1509,,53,25.9195,-80.68259,trhe,39,""
2011,3,3as,3,1533,,33,25.92841,-80.67402,trhe,3,""
2011,3,3as,3,1538,,52,25.92592,-80.68583,trhe,38,""
2011,3,3as,3,1545,,68,25.92965,-80.69349,trhe,6,""
2011,3,3as,3,1558,,914,25.93188,-80.74275,trhe,1,""
2011,3,3as,3,1567,,909,25.93176,-80.76417,trhe,5,""
2011,3,3as,3,1625,,32,25.93359,-80.67347,trhe,3,""
2011,3,3as,3,1662,,50,25.94334,-80.68218,trhe,34,""
2011,3,3as,3,1677,,911,25.94835,-80.74296,trhe,4,""
2011,3,3as,3,1755,,20,25.95585,-80.67371,trhe,7,""
2011,3,3as,3,153,,966,25.7735,-80.72435,whib,4,""
2011,3,3as,3,598,,46,25.80331,-80.67574,whib,2,""
2011,3,3as,3,1118,,59,25.87225,-80.68267,whib,1,""
2011,3,3as,3,1492,,940,25.91534,-80.73609,whib,2,""
2011,3,3as,3,261,,894,25.78591,-80.75237,ycnh,1,""
2011,3,3b,3,768,,New 3 MAR 21,25.83426,-80.50431,greg,3,""
2011,3,3b,3,768,,New 3 MAR 21,25.83426,-80.50431,greg,3,""
2011,3,3b,3,1029,,New 1 april 18,25.86347,-80.617,greg,8,""
2011,3,3b,3,1029,,New 1 april 18,25.86347,-80.617,greg,8,""
2012,2,2a,,2505,,179,26.22987,-80.37955,greg,6,""
2012,3,3as,3a,33,,,25.76731,-80.78562,anhi,4,""
2012,3,3as,3a,92,,,25.77491,-80.78611,anhi,3,""
2012,3,3as,3a,125,,,25.77799,-80.76255,anhi,1,""
2012,3,3as,3a,126,,,25.7785,-80.76231,anhi,1,""
2012,3,3as,3a,143,,,25.77724,-80.73369,anhi,1,""
2012,3,3as,3a,144,,,25.77745,-80.7324,anhi,2,""
2012,3,3as,3a,172,,,25.77786,-80.69384,anhi,1,""
2012,3,3as,3a,277,,,25.78248,-80.76274,anhi,1,""
2012,3,3as,3a,279,,,25.77997,-80.76414,anhi,1,""
2012,3,3as,3a,281,,,25.78443,-80.76613,anhi,3,""
2012,3,3as,3a,297,,,25.78166,-80.78296,anhi,1,""
2012,3,3as,3a,373,,,25.78947,-80.76203,anhi,1,""
2012,3,3as,3a,377,,,25.79421,-80.74391,anhi,1,""
2012,3,3as,3a,389,,,25.78908,-80.72556,anhi,1,""
2012,3,3as,3a,408,,,25.79384,-80.67683,anhi,1,""
2012,3,3as,3a,531,,,25.80641,-80.7961,anhi,1,""
2012,3,3as,3a,541,,,25.80313,-80.76522,anhi,1,""
2012,3,3as,3a,542,,,25.80566,-80.76272,anhi,2,""
2012,3,3as,3a,551,,,25.80428,-80.7218,anhi,3,""
2012,3,3as,3a,668,,,25.81706,-80.77286,anhi,5,""
2012,3,3as,3a,669,,,25.81445,-80.77607,anhi,1,""
2012,3,3as,3a,720,,,25.82514,-80.68344,anhi,1,""
2012,3,3as,3a,727,,,25.81917,-80.67197,anhi,3,""
2012,3,3as,3a,782,,,25.83166,-80.67358,anhi,8,""
2012,3,3as,3a,785,,,25.82787,-80.67579,anhi,11,""
2012,3,3as,3a,804,,,25.83007,-80.71249,anhi,2,""
2012,3,3as,3a,807,,,25.83147,-80.72256,anhi,5,""
2012,3,3as,3a,825,,,25.83349,-80.78475,anhi,1,""
2012,3,3as,3a,844,,,25.83492,-80.78405,anhi,2,""
2012,3,3as,3a,861,,,25.83939,-80.70414,anhi,4,""
2012,3,3as,3a,872,,,25.83677,-80.6849,anhi,8,""
2012,3,3as,3a,944,,,25.84639,-80.70288,anhi,1,""
2012,3,3as,3a,945,,,25.8431,-80.70436,anhi,2,""
2012,3,3as,3a,946,,,25.8433,-80.71192,anhi,3,""
2012,3,3as,3a,951,,,25.84321,-80.72475,anhi,2,""
2012,3,3as,3a,977,,,25.85844,-80.79348,anhi,2,""
2012,3,3as,3a,1005,,,25.8553,-80.68155,anhi,3,""
2012,3,3as,3a,1043,,,25.86254,-80.70392,anhi,5,""
2012,3,3as,3a,1044,,,25.86319,-80.70611,anhi,1,""
2012,3,3as,3a,1052,,,25.85929,-80.71356,anhi,2,""
2012,3,3as,3a,1100,,,25.87153,-80.79204,anhi,1,""
2012,3,3as,3a,1120,,,25.86776,-80.67336,anhi,1,""
2012,3,3as,3a,1148,,,25.87991,-80.68599,anhi,1,""
2012,3,3as,3a,1170,,,25.87995,-80.72288,anhi,2,""
2012,3,3as,3a,1191,,,25.87454,-80.79222,anhi,1,""
2012,3,3as,3a,1192,,,25.8761,-80.79409,anhi,3,""
2012,3,3as,3a,1193,,,25.87729,-80.79437,anhi,2,""
2012,3,3as,3a,1221,,,25.8869,-80.78137,anhi,1,""
2012,3,3as,3a,1223,,,25.88458,-80.76641,anhi,5,""
2012,3,3as,3a,1305,,,25.89254,-80.72542,anhi,1,""
2012,3,3as,3a,1310,,,25.89324,-80.74399,anhi,4,""
2012,3,3as,3a,1324,,,25.89268,-80.79471,anhi,1,""
2012,3,3as,3a,1334,,,25.90117,-80.78414,anhi,1,""
2012,3,3as,3a,1339,,,25.89933,-80.77217,anhi,3,""
2012,3,3as,3a,1408,,,25.9081,-80.69294,anhi,8,""
2012,3,3as,3a,1410,,,25.90815,-80.7044,anhi,2,""
2012,3,3as,3a,1416,,,25.91463,-80.72279,anhi,3,""
2012,3,3as,3a,1461,,,25.91198,-80.78199,anhi,1,""
2012,3,3as,3a,1482,,,25.9181,-80.77374,anhi,6,""
2012,3,3as,3a,1504,,,25.91721,-80.71596,anhi,1,""
2012,3,3as,3a,1505,,,25.91667,-80.71174,anhi,1,""
2012,3,3as,3a,1534,,,25.93214,-80.67594,anhi,3,""
2012,3,3as,3a,1561,,,25.92928,-80.75144,anhi,1,""
2012,3,3as,3a,1566,,,25.92658,-80.76409,anhi,1,""
2012,3,3as,3a,1626,,,25.94152,-80.67224,anhi,1,""
2012,3,3as,3a,1668,,,25.94192,-80.724,anhi,1,""
2012,3,3as,3a,1669,,,25.94677,-80.73557,anhi,3,""
2012,3,3as,3a,1670,,,25.94677,-80.73482,anhi,6,""
2012,3,3as,3a,1672,,,25.94122,-80.73594,anhi,3,""
2012,3,3as,3a,1681,,,25.94213,-80.7422,anhi,3,""
2012,3,3as,3a,1692,,,25.94507,-80.76184,anhi,2,""
2012,3,3as,3a,1755,,,25.95578,-80.67384,anhi,19,""
2012,3,3as,3a,1785,,,25.9603,-80.73443,anhi,5,""
2012,3,3as,3a,1786,,,25.96515,-80.73678,anhi,15,""
2012,3,3as,3a,1788,,,25.9659,-80.74194,anhi,10,""
2012,3,3as,3a,1828,,,25.97448,-80.76422,anhi,1,""
2012,3,3as,3a,1833,,,25.96865,-80.7448,anhi,1,""
2012,3,3as,3a,1837,,,25.97449,-80.72447,anhi,5,""
2012,3,3as,3a,1846,,,25.96837,-80.69568,anhi,12,""
2012,3,3as,3a,1874,,,25.97656,-80.67243,anhi,1,""
2012,3,3as,3a,1884,,,25.98075,-80.73478,anhi,4,""
2012,3,3as,3a,1921,,,25.98493,-80.74322,anhi,2,""
2012,3,3as,3a,1956,,,25.99882,-80.68466,anhi,1,""
2012,3,3as,3a,1964,,,25.99213,-80.7258,anhi,4,""
2012,3,3as,3a,2051,,,26.01611,-80.68445,anhi,2,""
2012,3,3as,3a,1823,,,25.9704,-80.7748,bcnh,2,""
2012,3,3as,3a,1886,,,25.97831,-80.74184,bcnh,1,""
2012,3,3as,3a,1956,,,25.99882,-80.68466,bcnh,1,""
2012,3,3as,3a,2002,,,26.00039,-80.68454,bcnh,1,""
2012,3,3as,3a,2069,,,26.02443,-80.6935,bcnh,1,""
2012,3,3as,3a,92,,,25.77487,-80.78564,gbhe,1,""
2012,3,3as,3a,110,,,25.77202,-80.77174,gbhe,2,""
2012,3,3as,3a,143,,,25.77724,-80.73369,gbhe,1,""
2012,3,3as,3a,144,,,25.77745,-80.7324,gbhe,2,""
2012,3,3as,3a,233,,,25.77948,-80.71468,gbhe,1,""
2012,3,3as,3a,239,,,25.78426,-80.73162,gbhe,1,""
2012,3,3as,3a,242,,,25.781,-80.73322,gbhe,1,""
2012,3,3as,3a,256,,,25.77844,-80.75407,gbhe,1,""
2012,3,3as,3a,297,,,25.78166,-80.78296,gbhe,1,""
2012,3,3as,3a,310,,,25.78589,-80.80583,gbhe,1,""
2012,3,3as,3a,402,,,25.78973,-80.69283,gbhe,1,""
2012,3,3as,3a,531,,,25.80641,-80.7961,gbhe,1,""
2012,3,3as,3a,551,,,25.80428,-80.7218,gbhe,1,""
2012,3,3as,3a,683,,,25.82522,-80.82522,gbhe,1,""
2012,3,3as,3a,707,,,25.82311,-80.71386,gbhe,1,""
2012,3,3as,3a,709,,,25.82452,-80.70659,gbhe,2,""
2012,3,3as,3a,727,,,25.81917,-80.67197,gbhe,1,""
2012,3,3as,3a,785,,,25.82787,-80.67579,gbhe,1,""
2012,3,3as,3a,807,,,25.83147,-80.72256,gbhe,1,""
2012,3,3as,3a,821,,,25.82757,-80.76468,gbhe,1,""
2012,3,3as,3a,844,,,25.83492,-80.78405,gbhe,1,""
2012,3,3as,3a,872,,,25.83677,-80.6849,gbhe,1,""
2012,3,3as,3a,944,,,25.84639,-80.70288,gbhe,1,""
2012,3,3as,3a,945,,,25.8431,-80.70436,gbhe,1,""
2012,3,3as,3a,947,,,25.85062,-80.71635,gbhe,1,""
2012,3,3as,3a,966,,,25.84292,-80.82571,gbhe,1,""
2012,3,3as,3a,977,,,25.85844,-80.79348,gbhe,2,""
2012,3,3as,3a,1001,,,25.85086,-80.6932,gbhe,1,""
2012,3,3as,3a,1005,,,25.8553,-80.68155,gbhe,2,""
2012,3,3as,3a,1052,,,25.85929,-80.71356,gbhe,1,""
2012,3,3as,3a,1063,,,25.86221,-80.75418,gbhe,1,""
2012,3,3as,3a,1111,,,25.87194,-80.73356,gbhe,1,""
2012,3,3as,3a,1155,,,25.87747,-80.70576,gbhe,1,""
2012,3,3as,3a,1192,,,25.8761,-80.79409,gbhe,2,""
2012,3,3as,3a,1193,,,25.87729,-80.79437,gbhe,1,""
2012,3,3as,3a,1196,,,25.87812,-80.80298,gbhe,1,""
2012,3,3as,3a,1197,,,25.87665,-80.80336,gbhe,1,""
2012,3,3as,3a,1210,,,25.88584,-80.81123,gbhe,1,""
2012,3,3as,3a,1223,,,25.88458,-80.76641,gbhe,2,""
2012,3,3as,3a,1287,,,25.89296,-80.67679,gbhe,3,""
2012,3,3as,3a,1296,,,25.8928,-80.70221,gbhe,1,""
2012,3,3as,3a,1298,,,25.89197,-80.70216,gbhe,1,""
2012,3,3as,3a,1305,,,25.89254,-80.72542,gbhe,1,""
2012,3,3as,3a,1310,,,25.89324,-80.74399,gbhe,2,""
2012,3,3as,3a,1316,,,25.89571,-80.75475,gbhe,1,""
2012,3,3as,3a,1343,,,25.90499,-80.75521,gbhe,1,""
2012,3,3as,3a,1362,,,25.90137,-80.68448,gbhe,1,""
2012,3,3as,3a,1408,,,25.9081,-80.69294,gbhe,6,""
2012,3,3as,3a,1419,,,25.91558,-80.72311,gbhe,1,""
2012,3,3as,3a,1461,,,25.91198,-80.78199,gbhe,1,""
2012,3,3as,3a,1468,,,25.91447,-80.793,gbhe,1,""
2012,3,3as,3a,1502,,,25.92088,-80.72374,gbhe,2,""
2012,3,3as,3a,1511,,,25.92207,-80.67303,gbhe,1,""
2012,3,3as,3a,1563,,,25.92885,-80.7549,gbhe,2,""
2012,3,3as,3a,1603,,,25.94108,-80.75464,gbhe,1,""
2012,3,3as,3a,1613,,,25.93777,-80.73631,gbhe,1,""
2012,3,3as,3a,1671,,,25.94296,-80.73326,gbhe,3,""
2012,3,3as,3a,1679,,,25.94877,-80.74178,gbhe,3,""
2012,3,3as,3a,1692,,,25.94507,-80.76184,gbhe,1,""
2012,3,3as,3a,1716,,,25.95821,-80.77493,gbhe,2,""
2012,3,3as,3a,1726,,,25.95612,-80.75248,gbhe,1,""
2012,3,3as,3a,1781,,,25.95928,-80.71227,gbhe,1,""
2012,3,3as,3a,1786,,,25.96515,-80.73678,gbhe,3,""
2012,3,3as,3a,1791,,,25.96341,-80.75301,gbhe,3,""
2012,3,3as,3a,1826,,,25.96887,-80.76307,gbhe,1,""
2012,3,3as,3a,1833,,,25.96865,-80.7448,gbhe,1,""
2012,3,3as,3a,1926,,,25.98996,-80.70592,gbhe,1,""
2012,3,3as,3a,1957,,,25.99907,-80.69472,gbhe,1,""
2012,3,3as,3a,1964,,,25.99213,-80.7258,gbhe,1,""
2012,3,3as,3a,2003,,,26.00427,-80.67339,gbhe,1,""
2012,3,3as,3a,2069,,,26.02443,-80.6935,gbhe,1,""
2012,3,3as,3a,3421,,,25.88895,-80.75384,gbhe,1,""
2012,3,3as,3a,3436,,,25.77299,-80.71284,gbhe,1,""
2012,3,3as,3a,343,,,25.79378,-80.81172,greg,2,""
2012,3,3as,,451,,Cantor,25.79543,-80.6893,greg,9,""
2012,3,3as,,624,,Charun,25.81757,-80.67215,greg,30,""
2012,3,3as,3a,674,,,25.81244,-80.78317,greg,1,""
2012,3,3as,,701,,172,25.82074,-80.72266,greg,6,""
2012,3,3as,3,737,,Chac,25.823467,-80.6574,greg,17,""
2012,3,3as,3a,970,,,25.85437,-80.82364,greg,1,""
2012,3,3as,,1084,,174,25.87084,-80.84204,greg,22,""
2012,3,3as,3a,1494,,,25.917,-80.73205,greg,1,""
2012,3,3as,3a,1586,,,25.92936,-80.80201,greg,2,""
2012,3,3as,3a,1670,,,25.94677,-80.73482,greg,1,""
2012,3,3as,3a,1786,,,25.96515,-80.73678,greg,5,""
2012,3,3as,3a,1788,,,25.9659,-80.74194,greg,2,""
2012,3,3as,3a,2001,,,26.0047,-80.68493,greg,1,""
2012,3,3as,3a,2134,,,26.04392,-80.72299,greg,1,""
2012,3,3as,3a,583,,,25.80378,-80.70188,grhe,2,""
2012,3,3as,3a,782,,,25.83166,-80.67358,grhe,1,""
2012,3,3as,3a,798,,,25.83063,-80.69266,grhe,1,""
2012,3,3as,3a,807,,,25.83147,-80.72256,grhe,1,""
2012,3,3as,3a,959,,,25.84807,-80.79158,grhe,2,""
2012,3,3as,3a,1072,,,25.86455,-80.77388,grhe,1,""
2012,3,3as,3a,1096,,,25.87064,-80.80168,grhe,1,""
2012,3,3as,3a,1102,,,25.86639,-80.78398,grhe,1,""
2012,3,3as,3a,1187,,,25.87667,-80.78224,grhe,2,""
2012,3,3as,3a,1333,,,25.90148,-80.79246,grhe,2,""
2012,3,3as,3a,1334,,,25.90117,-80.78414,grhe,1,""
2012,3,3as,3a,1479,,,25.918,-80.78482,grhe,1,""
2012,3,3as,3a,1494,,,25.917,-80.73205,grhe,1,""
2012,3,3as,3a,1677,,,25.9482,-80.74299,grhe,1,""
2012,3,3as,3a,1739,,,25.95762,-80.70201,grhe,2,""
2012,3,3as,3a,1786,,,25.96515,-80.73678,grhe,3,""
2012,3,3as,3a,1813,,,25.96696,-80.81266,grhe,1,""
2012,3,3as,3a,1824,,,25.97408,-80.77229,grhe,2,""
2012,3,3as,3a,1843,,,25.96705,-80.70392,grhe,1,""
2012,3,3as,3a,1878,,,25.97972,-80.69526,grhe,1,""
2012,3,3as,3a,1930,,,25.98959,-80.69387,grhe,2,""
2012,3,3as,3a,2128,,,26.04162,-80.70172,grhe,1,""
2012,3,3as,3a,3428,,,25.82901,-80.69494,grhe,1,""
2012,3,3as,3a,1104,,,25.87307,-80.78209,lbhe,2,""
2012,3,3as,3a,1310,,,25.89324,-80.74399,lbhe,1,""
2012,3,3as,3a,1427,,,25.91237,-80.72504,lbhe,1,""
2012,3,3as,3a,1586,,,25.92936,-80.80201,lbhe,8,""
2012,3,3as,3a,1823,,,25.9704,-80.7748,lbhe,19,""
2012,3,3as,3a,1983,,,26.002,-80.78309,lbhe,1,""
2012,3,3as,3a,1586,,,25.92936,-80.80201,sneg,1,""
2012,3,3as,3a,3412,,,26.01604,-80.70425,sneg,1,""
2012,3,3as,3a,140,,,25.77721,-80.74277,trhe,1,""
2012,3,3as,3a,226,,,25.78092,-80.70201,trhe,1,""
2012,3,3as,3a,450,,,25.79596,-80.69271,trhe,1,""
2012,3,3as,3a,583,,,25.80378,-80.70188,trhe,9,""
2012,3,3as,3a,696,,,25.81847,-80.74255,trhe,1,""
2012,3,3as,3a,712,,,25.82481,-80.70331,trhe,1,""
2012,3,3as,3a,807,,,25.83147,-80.72256,trhe,1,""
2012,3,3as,3a,1068,,,25.86615,-80.76439,trhe,1,""
2012,3,3as,3a,1096,,,25.87064,-80.80168,trhe,8,""
2012,3,3as,3a,1105,,,25.87113,-80.77638,trhe,1,""
2012,3,3as,3a,1181,long_strand,long strand,25.8771,-80.75534,trhe,2,""
2012,3,3as,3a,1238,,,25.88403,-80.68669,trhe,2,""
2012,3,3as,3a,1319,,,25.89369,-80.77419,trhe,2,""
2012,3,3as,3a,1477,,,25.92037,-80.79187,trhe,2,""
2012,3,3as,3a,1502,,,25.92088,-80.72374,trhe,2,""
2012,3,3as,3a,1586,,,25.92936,-80.80201,trhe,3,""
2012,3,3as,3a,1602,,,25.93577,-80.76187,trhe,3,""
2012,3,3as,3a,1609,,,25.93958,-80.74545,trhe,5,""
2012,3,3as,3a,1622,,,25.9387,-80.69251,trhe,1,""
2012,3,3as,3a,1677,,,25.9482,-80.74299,trhe,4,""
2012,3,3as,3a,1700,,,25.94615,-80.78464,trhe,1,""
2012,3,3as,3a,1710,,,25.95179,-80.78228,trhe,5,""
2012,3,3as,3a,1712,,,25.95129,-80.77228,trhe,1,""
2012,3,3as,3a,1714,,,25.95532,-80.7727,trhe,1,""
2012,3,3as,3a,1728,,,25.95491,-80.72384,trhe,3,""
2012,3,3as,3a,1734,,,25.95756,-80.72282,trhe,28,""
2012,3,3as,3a,1739,,,25.95762,-80.70201,trhe,1,""
2012,3,3as,3a,1755,,,25.95578,-80.67384,trhe,2,""
2012,3,3as,3a,1781,,,25.95928,-80.71227,trhe,6,""
2012,3,3as,3a,1785,,,25.9603,-80.73443,trhe,7,""
2012,3,3as,3a,1786,,,25.96515,-80.73678,trhe,13,""
2012,3,3as,3a,1791,,,25.96341,-80.75301,trhe,30,""
2012,3,3as,3a,1799,,,25.9594,-80.80464,trhe,1,""
2012,3,3as,3a,1824,,,25.97408,-80.77229,trhe,9,""
2012,3,3as,3a,1826,,,25.96887,-80.76307,trhe,6,""
2012,3,3as,3a,1834,,,25.97394,-80.7437,trhe,6,""
2012,3,3as,3a,1837,,,25.97449,-80.72447,trhe,1,""
2012,3,3as,3a,1846,,,25.96837,-80.69568,trhe,5,""
2012,3,3as,3a,1848,,,25.9713,-80.69457,trhe,2,""
2012,3,3as,3a,1854,,,25.97053,-80.67399,trhe,2,""
2012,3,3as,3a,1855,,,25.96785,-80.67254,trhe,8,""
2012,3,3as,3a,1874,,,25.97656,-80.67243,trhe,4,""
2012,3,3as,3a,1878,,,25.97972,-80.69526,trhe,14,""
2012,3,3as,3a,1880,,,25.97675,-80.71188,trhe,2,""
2012,3,3as,3a,1886,,,25.97831,-80.74184,trhe,10,""
2012,3,3as,3a,1888,,,25.98017,-80.75711,trhe,47,""
2012,3,3as,3a,1892,,,25.98268,-80.77128,trhe,11,""
2012,3,3as,3a,1912,,,25.9866,-80.77365,trhe,7,""
2012,3,3as,3a,1918,,,25.99161,-80.7744,trhe,6,""
2012,3,3as,3a,1922,,,25.9876,-80.72422,trhe,7,""
2012,3,3as,3a,1923,,,25.98974,-80.72446,trhe,5,""
2012,3,3as,3a,1924,,,25.98899,-80.71645,trhe,9,""
2012,3,3as,3a,1926,,,25.98996,-80.70592,trhe,1,""
2012,3,3as,3a,1927,,,25.98819,-80.70657,trhe,1,""
2012,3,3as,3a,1952,,,25.99205,-80.6719,trhe,19,""
2012,3,3as,3a,1953,,,25.99601,-80.67364,trhe,1,""
2012,3,3as,3a,1955,,,25.9917,-80.68455,trhe,18,""
2012,3,3as,3a,1957,,,25.99907,-80.69472,trhe,41,""
2012,3,3as,3a,1972,,,25.99622,-80.75343,trhe,1,""
2012,3,3as,3a,1973,,,25.99893,-80.75557,trhe,1,""
2012,3,3as,3a,1983,,,26.002,-80.78309,trhe,20,""
2012,3,3as,3a,1989,,,26.00232,-80.76225,trhe,37,""
2012,3,3as,3a,1990,,,25.99992,-80.76337,trhe,7,""
2012,3,3as,3a,2001,,,26.0047,-80.68493,trhe,3,""
2012,3,3as,3a,2003,,,26.00427,-80.67339,trhe,5,""
2012,3,3as,3a,2018,,,26.01073,-80.67196,trhe,14,""
2012,3,3as,3a,2049,,,26.01949,-80.69215,trhe,2,""
2012,3,3as,3a,2051,,,26.01611,-80.68445,trhe,9,""
2012,3,3as,3a,2053,,,26.02089,-80.68608,trhe,1,""
2012,3,3as,3a,2069,,,26.02443,-80.6935,trhe,2,""
2012,3,3as,3a,2070,,,26.02862,-80.70457,trhe,10,""
2012,3,3as,3a,2071,,,26.0268,-80.70593,trhe,2,""
2012,3,3as,3a,2104,,,26.037,-80.7218,trhe,4,""
2012,3,3as,3a,2134,,,26.04392,-80.72299,trhe,4,""
2012,3,3as,3a,2135,,,26.04023,-80.72415,trhe,8,""
2012,3,3as,3a,3416,,,25.97747,-80.74064,trhe,4,""
2012,3,3as,3a,3420,,,25.95926,-80.74243,trhe,2,""
2012,3,3as,3a,1677,,,25.9482,-80.74299,whib,1,""
2012,3,3as,3a,2134,,,26.04392,-80.72299,whib,2,""
2012,3,3b,,741,,171,25.8222,-80.64333,gbhe,1,""
2012,3,3b,,741,,171,25.8222,-80.64333,greg,6,""
2013,1,1,1,2804,,Yam,26.553533,-80.264517,greg,17,""
2013,3,3as,3,25,,149,25.768933,-80.732567,anhi,1,""
2013,3,3as,3,33,,232,25.767217,-80.785817,anhi,11,""
2013,3,3as,3,37,,127,25.766567,-80.796433,anhi,20,""
2013,3,3as,3,82,,129,25.776083,-80.79645,anhi,2,""
2013,3,3as,3,141,,148,25.7743,-80.7333,anhi,1,""
2013,3,3as,3,156,,101,25.777067,-80.711917,anhi,22,""
2013,3,3as,3,167,,60,25.773167,-80.699633,anhi,6,""
2013,3,3as,3,226,,63,25.781133,-80.70165,anhi,6,""
2013,3,3as,3,254,,341,25.782083,-80.751667,anhi,4,""
2013,3,3as,3,258,,339,25.78485,-80.752833,anhi,1,""
2013,3,3as,3,272,,295,25.781333,-80.759017,anhi,2,""
2013,3,3as,3,273,,296,25.782,-80.760267,anhi,1,""
2013,3,3as,3,352,,171,25.788317,-80.776067,anhi,1,""
2013,3,3as,3,358,,238,25.7932,-80.77435,anhi,1,""
2013,3,3as,3,376,,50,25.787733,-80.74345,anhi,1,""
2013,3,3as,3,460,,102,25.796333,-80.710683,anhi,6,""
2013,3,3as,3,474,,145,25.79615,-80.731917,anhi,1,""
2013,3,3as,3,480,,299,25.796867,-80.759583,anhi,15,""
2013,3,3as,3,521,,175,25.803883,-80.818433,anhi,1,""
2013,3,3as,3,538,,223,25.80465,-80.782133,anhi,4,""
2013,3,3as,3,545,,51,25.802583,-80.742833,anhi,6,""
2013,3,3as,3,551,,95,25.803717,-80.721967,anhi,15,""
2013,3,3as,3,551,,138,25.804333,-80.721767,anhi,11,""
2013,3,3as,3,552,,137,25.8051,-80.718717,anhi,5,""
2013,3,3as,3,553,,136,25.8057,-80.720067,anhi,13,""
2013,3,3as,3,594,,44,25.8085,-80.678467,anhi,5,""
2013,3,3as,3,596,,43,25.80945,-80.679533,anhi,3,""
2013,3,3as,3,629,,2,25.812383,-80.676433,anhi,12,""
2013,3,3as,3,653,,88,25.81065,-80.740433,anhi,3,""
2013,3,3as,3,668,,239,25.816383,-80.772733,anhi,9,""
2013,3,3as,3,668,,174,25.816967,-80.772683,anhi,12,""
2013,3,3as,3,669,,240,25.814567,-80.7757,anhi,9,""
2013,3,3as,3,669,,173,25.81445,-80.775667,anhi,8,""
2013,3,3as,3,695,,52,25.82275,-80.744767,anhi,30,""
2013,3,3as,3,699,,97,25.823067,-80.724033,anhi,13,""
2013,3,3as,3,700,,133,25.8234,-80.721583,anhi,8,""
2013,3,3as,3,707,,104,25.823517,-80.713333,anhi,6,""
2013,3,3as,3,782,,8,25.831867,-80.673633,anhi,30,""
2013,3,3as,3,785,,7,25.828083,-80.6755,anhi,19,""
2013,3,3as,3,804,,105,25.829833,-80.712483,anhi,2,""
2013,3,3as,3,807,,98,25.831183,-80.722533,anhi,10,""
2013,3,3as,3,816,,301,25.83095,-80.756733,anhi,1,""
2013,3,3as,3,825,,222,25.833533,-80.784283,anhi,1,""
2013,3,3as,3,842,,218,25.841017,-80.7826,anhi,6,""
2013,3,3as,3,844,,221,25.8349,-80.783967,anhi,3,""
2013,3,3as,3,861,,97,25.839867,-80.704033,anhi,2,""
2013,3,3as,3,872,,7,25.835317,-80.685617,anhi,12,""
2013,3,3as,3,889,,334,25.837483,-80.752533,anhi,3,""
2013,3,3as,3,934,,39,25.84625,-80.677933,anhi,9,""
2013,3,3as,3,944,,95,25.84655,-80.703367,anhi,1,""
2013,3,3as,3,945,,96,25.843733,-80.704283,anhi,1,""
2013,3,3as,3,946,,106,25.843883,-80.711867,anhi,10,""
2013,3,3as,3,951,,99,25.8434,-80.724733,anhi,2,""
2013,3,3as,3,977,,132,25.85835,-80.7932,anhi,5,""
2013,3,3as,3,991,,100,25.856417,-80.723,anhi,6,""
2013,3,3as,3,1005,,37,25.8551,-80.681333,anhi,17,""
2013,3,3as,3,1005,,11,25.854983,-80.68125,anhi,16,""
2013,3,3as,3,1043,,91,25.863283,-80.703983,anhi,6,""
2013,3,3as,3,1044,,92,25.863483,-80.7057,anhi,12,""
2013,3,3as,3,1052,,107,25.8593,-80.71335,anhi,1,""
2013,3,3as,3,1063,,332,25.862317,-80.754283,anhi,3,""
2013,3,3as,3,1073,,177,25.86385,-80.776417,anhi,6,""
2013,3,3as,3,1073,,242,25.8641,-80.77635,anhi,6,""
2013,3,3as,3,1120,,12,25.867783,-80.673367,anhi,1,""
2013,3,3as,3,1155,,90,25.877767,-80.705333,anhi,1,""
2013,3,3as,3,1170,,103,25.8797,-80.7232,anhi,6,""
2013,3,3as,3,1173,,102,25.87875,-80.72525,anhi,3,""
2013,3,3as,3,1180,,303,25.877967,-80.757283,anhi,16,""
2013,3,3as,3,1192,,133,25.876083,-80.7942,anhi,3,""
2013,3,3as,3,1193,,134,25.877467,-80.793967,anhi,4,""
2013,3,3as,3,1217,,388,25.889433,-80.804217,anhi,1,""
2013,3,3as,3,1218,,164,25.8881,-80.799933,anhi,10,""
2013,3,3as,3,1223,,272,25.884017,-80.766383,anhi,20,""
2013,3,3as,3,1287,,13,25.892533,-80.675833,anhi,13,""
2013,3,3as,3,1305,,105,25.892317,-80.725367,anhi,3,""
2013,3,3as,3,1310,,55,25.893317,-80.744083,anhi,1,""
2013,3,3as,3,1311,,57,25.897317,-80.743217,anhi,1,""
2013,3,3as,3,1339,,243,25.8992,-80.772133,anhi,1,""
2013,3,3as,3,1349,,58,25.9014,-80.74175,anhi,5,""
2013,3,3as,3,1355,,85,25.901467,-80.738833,anhi,6,""
2013,3,3as,3,1364,,34,25.90525,-80.678833,anhi,5,""
2013,3,3as,3,1408,,47,25.908367,-80.69235,anhi,5,""
2013,3,3as,3,1441,,59,25.91475,-80.745867,anhi,2,""
2013,3,3as,3,1482,,245,25.917667,-80.77385,anhi,18,""
2013,3,3as,3,1482,,180,25.917967,-80.773717,anhi,30,""
2013,3,3as,3,1502,,111,25.921433,-80.723783,anhi,25,""
2013,3,3as,3,1505,,109,25.916783,-80.711867,anhi,2,""
2013,3,3as,3,1538,,16,25.926217,-80.686,anhi,1,""
2013,3,3as,3,1545,,46,25.92975,-80.69345,anhi,4,""
2013,3,3as,3,1573,,246,25.931667,-80.77575,anhi,2,""
2013,3,3as,3,1578,,211,25.931767,-80.781317,anhi,1,""
2013,3,3as,3,1615,,125,25.9376,-80.7182,anhi,8,""
2013,3,3as,3,1618,,110,25.941267,-80.71345,anhi,1,""
2013,3,3as,3,1655,,17,25.945,-80.673933,anhi,1,""
2013,3,3as,3,1668,,112,25.9418,-80.724283,anhi,3,""
2013,3,3as,3,1670,,138,25.94695,-80.73445,anhi,1,""
2013,3,3as,3,1678,,61,25.944433,-80.743383,anhi,1,""
2013,3,3as,3,1744,,71,25.95125,-80.70025,anhi,13,""
2013,3,3as,3,1751,,33,25.956417,-80.679833,anhi,1,""
2013,3,3as,3,1755,,18,25.955683,-80.674183,anhi,12,""
2013,3,3as,3,1788,,66,25.965433,-80.7417,anhi,12,""
2013,3,3as,3,1833,,67,25.968733,-80.7448,anhi,16,""
2013,3,3as,3,1846,,45,25.96835,-80.69555,anhi,5,""
2013,3,3as,3,1877,,20,25.976383,-80.6856,anhi,1,""
2013,3,3as,3,2200,,29,26.07065,-80.675433,anhi,2,""
2013,3,3as,3,2219,,35,26.074683,-80.692783,anhi,2,""
2013,3,3as,3,2285,,80,26.1059,-80.7006,anhi,4,""
2013,3,3as,3,3427,,41,25.8268,-80.680667,anhi,1,""
2013,3,3as,3,3436,,99,25.772967,-80.711833,anhi,3,""
2013,3,3as,3,3461,,4,25.81655,-80.671533,anhi,3,""
2013,3,3as,3,3464,,14,25.910733,-80.67375,anhi,2,""
2013,3,3as,3,3468,,45,25.769183,-80.679067,anhi,12,""
2013,3,3as,3,3469,,35,25.903083,-80.679283,anhi,1,""
2013,3,3as,3,3471,,38,25.854567,-80.680317,anhi,3,""
2013,3,3as,3,3487,,59,25.7699,-80.6993,anhi,3,""
2013,3,3as,3,3489,,69,25.9373,-80.699633,anhi,1,""
2013,3,3as,3,3490,,61,25.7777,-80.699767,anhi,40,""
2013,3,3as,3,3491,,70,25.942483,-80.700033,anhi,1,""
2013,3,3as,3,3492,,81,26.1139,-80.70095,anhi,1,""
2013,3,3as,3,3493,,84,25.967917,-80.701617,anhi,3,""
2013,3,3as,3,3498,,114,25.973417,-80.713417,anhi,2,""
2013,3,3as,3,3499,,98,25.7629,-80.7148,anhi,1,""
2013,3,3as,3,3500,,112,25.964917,-80.716,anhi,2,""
2013,3,3as,3,3512,,134,25.8197,-80.721417,anhi,1,""
2013,3,3as,3,3514,,109,25.914117,-80.723633,anhi,2,""
2013,3,3as,3,3516,,101,25.865133,-80.7252,anhi,1,""
2013,3,3as,3,3518,,114,25.9531,-80.72555,anhi,2,""
2013,3,3as,3,3519,,106,25.8963,-80.725617,anhi,3,""
2013,3,3as,3,3522,,143,25.805017,-80.731983,anhi,1,""
2013,3,3as,3,3528,,83,25.92195,-80.738583,anhi,1,""
2013,3,3as,3,3539,,300,25.8231,-80.75755,anhi,3,""
2013,3,3as,3,3540,,306,25.923583,-80.758983,anhi,1,""
2013,3,3as,3,3541,,310,25.975333,-80.759533,anhi,1,""
2013,3,3as,3,3542,,302,25.83475,-80.7607,anhi,2,""
2013,3,3as,3,3543,,305,25.897367,-80.76075,anhi,1,""
2013,3,3as,3,3546,,170,25.78965,-80.772183,anhi,1,""
2013,3,3as,3,3560,,233,25.766567,-80.785483,anhi,1,""
2013,3,3as,3,3561,,226,25.785367,-80.7858,anhi,1,""
2013,3,3as,3,3562,,228,25.773633,-80.786283,anhi,1,""
2013,3,3as,3,3575,,166,25.8529,-80.801367,anhi,3,""
2013,3,3as,3,3578,,392,25.855133,-80.802083,anhi,1,""
2013,3,3as,3,3593,,351,25.946833,-80.81445,anhi,1,""
2013,3,3as,3,3598,,176,25.80125,-80.8177,anhi,1,""
2013,3,3as,3,3608,,166,26.029767,-80.816733,anhi,1,""
2013,3,3as,3,1956,,23,25.9986,-80.684567,bcnh,1,""
2013,3,3as,3,2030,,147,26.016233,-80.79435,bcnh,1,""
2013,3,3as,3a,2108,big_mel_west,Big Mel West,26.033467,-80.6756,bcnh,2,""
2013,3,3as,3,3470,,Kings,26.037867,-80.679283,bcnh,2,""
2013,3,3as,3,3524,,123,26.116933,-80.7331,bcnh,1,""
2013,3,3as,3,3552,,255,25.987083,-80.7764,bcnh,1,""
2013,3,3as,3,3579,,370,26.02315,-80.80215,bcnh,1,""
2013,3,3as,3,3583,,385,25.923983,-80.80485,bcnh,1,""
2013,3,3as,3,25,,149,25.768933,-80.732567,gbhe,2,""
2013,3,3as,3,33,,232,25.767217,-80.785817,gbhe,3,""
2013,3,3as,3,37,,127,25.766567,-80.796433,gbhe,1,""
2013,3,3as,3,39,,169,25.767883,-80.797567,gbhe,1,""
2013,3,3as,3,40,,168,25.769667,-80.798383,gbhe,1,""
2013,3,3as,3,67,,151,25.776833,-80.821983,gbhe,2,""
2013,3,3as,3,70,,150,25.769617,-80.822517,gbhe,1,""
2013,3,3as,3,100,,231,25.770683,-80.78505,gbhe,1,""
2013,3,3as,3,101,,230,25.771717,-80.783917,gbhe,1,""
2013,3,3as,3,103,,229,25.77295,-80.7843,gbhe,1,""
2013,3,3as,3,120,,276,25.7747,-80.7634,gbhe,2,""
2013,3,3as,3,128,,343,25.774433,-80.756567,gbhe,1,""
2013,3,3as,3,137,,48,25.772233,-80.745567,gbhe,1,""
2013,3,3as,3,141,,148,25.7743,-80.7333,gbhe,1,""
2013,3,3as,3,152,,93,25.776667,-80.72495,gbhe,1,""
2013,3,3as,3,156,,101,25.777067,-80.711917,gbhe,2,""
2013,3,3as,3,164,,62,25.778633,-80.7014,gbhe,1,""
2013,3,3as,3,167,,60,25.773167,-80.699633,gbhe,2,""
2013,3,3as,3,233,,100,25.77955,-80.714917,gbhe,3,""
2013,3,3as,3,244,,146,25.779533,-80.734383,gbhe,1,""
2013,3,3as,3,247,,89,25.778933,-80.74165,gbhe,1,""
2013,3,3as,3,256,,342,25.77845,-80.753883,gbhe,1,""
2013,3,3as,3,258,,339,25.78485,-80.752833,gbhe,1,""
2013,3,3as,3,261,,338,25.786817,-80.752433,gbhe,1,""
2013,3,3as,3,262,,340,25.781333,-80.755617,gbhe,1,""
2013,3,3as,3,268,,297,25.78455,-80.75995,gbhe,1,""
2013,3,3as,3,272,,295,25.781333,-80.759017,gbhe,1,""
2013,3,3as,3,285,,235,25.778967,-80.7724,gbhe,1,""
2013,3,3as,3,293,,236,25.782633,-80.775717,gbhe,1,""
2013,3,3as,3,295,,234,25.780867,-80.776033,gbhe,1,""
2013,3,3as,3,298,,227,25.779817,-80.783633,gbhe,1,""
2013,3,3as,3,307,,167,25.77935,-80.79885,gbhe,1,""
2013,3,3as,3,310,,395,25.786033,-80.80595,gbhe,1,""
2013,3,3as,3,342,,349,25.790517,-80.81485,gbhe,2,""
2013,3,3as,3,358,,238,25.7932,-80.77435,gbhe,1,""
2013,3,3as,3,358,,172,25.79305,-80.774,gbhe,1,""
2013,3,3as,3,393,,94,25.786917,-80.723467,gbhe,1,""
2013,3,3as,3,395,,140,25.791667,-80.721183,gbhe,1,""
2013,3,3as,3,460,,102,25.796333,-80.710683,gbhe,1,""
2013,3,3as,3,474,,145,25.79615,-80.731917,gbhe,1,""
2013,3,3as,3,477,,337,25.801767,-80.75255,gbhe,1,""
2013,3,3as,3,480,,299,25.796867,-80.759583,gbhe,1,""
2013,3,3as,3,481,,298,25.795583,-80.759267,gbhe,1,""
2013,3,3as,3,502,,130,25.7982,-80.794417,gbhe,1,""
2013,3,3as,3,504,,394,25.800533,-80.80435,gbhe,1,""
2013,3,3as,3,523,,350,25.80965,-80.815083,gbhe,1,""
2013,3,3as,3,537,,224,25.803817,-80.782117,gbhe,2,""
2013,3,3as,3,538,,223,25.80465,-80.782133,gbhe,2,""
2013,3,3as,3,551,,95,25.803717,-80.721967,gbhe,1,""
2013,3,3as,3,553,,136,25.8057,-80.720067,gbhe,1,""
2013,3,3as,3,629,,2,25.812383,-80.676433,gbhe,1,""
2013,3,3as,3,643,,103,25.8145,-80.713283,gbhe,2,""
2013,3,3as,3,653,,88,25.81065,-80.740433,gbhe,1,""
2013,3,3as,3,668,,174,25.816967,-80.772683,gbhe,1,""
2013,3,3as,3,685,,393,25.825183,-80.807183,gbhe,3,""
2013,3,3as,3,695,,52,25.82275,-80.744767,gbhe,3,""
2013,3,3as,3,704,,132,25.823167,-80.7198,gbhe,1,""
2013,3,3as,3,707,,104,25.823517,-80.713333,gbhe,1,""
2013,3,3as,3,729,,5,25.823617,-80.672,gbhe,1,""
2013,3,3as,3,733,,6,25.825483,-80.671483,gbhe,1,""
2013,3,3as,3,785,,7,25.828083,-80.6755,gbhe,1,""
2013,3,3as,3,790,,40,25.829683,-80.678467,gbhe,1,""
2013,3,3as,3,804,,105,25.829833,-80.712483,gbhe,2,""
2013,3,3as,3,815,,336,25.829517,-80.756133,gbhe,1,""
2013,3,3as,3,821,,274,25.82765,-80.7645,gbhe,1,""
2013,3,3as,3,841,,219,25.840783,-80.7856,gbhe,1,""
2013,3,3as,3,849,,335,25.836617,-80.754933,gbhe,1,""
2013,3,3as,3,861,,97,25.839867,-80.704033,gbhe,1,""
2013,3,3as,3,926,,49,25.777867,-80.745433,gbhe,2,""
2013,3,3as,3,944,,95,25.84655,-80.703367,gbhe,1,""
2013,3,3as,3,946,,106,25.843883,-80.711867,gbhe,1,""
2013,3,3as,3,957,,176,25.848033,-80.77665,gbhe,1,""
2013,3,3as,3,991,,100,25.856417,-80.723,gbhe,2,""
2013,3,3as,3,1003,,12,25.855483,-80.685933,gbhe,1,""
2013,3,3as,3,1004,,10,25.851517,-80.68415,gbhe,1,""
2013,3,3as,3,1005,,37,25.8551,-80.681333,gbhe,1,""
2013,3,3as,3,1049,,93,25.859567,-80.70705,gbhe,1,""
2013,3,3as,3,1063,,332,25.862317,-80.754283,gbhe,1,""
2013,3,3as,3,1068,,273,25.866267,-80.764267,gbhe,1,""
2013,3,3as,3,1073,,242,25.8641,-80.77635,gbhe,1,""
2013,3,3as,3,1074,,217,25.861733,-80.7799,gbhe,1,""
2013,3,3as,3,1097,,390,25.873533,-80.801867,gbhe,1,""
2013,3,3as,3,1104,,216,25.873583,-80.781483,gbhe,1,""
2013,3,3as,3,1155,,90,25.877767,-80.705333,gbhe,1,""
2013,3,3as,3,1158,,89,25.880483,-80.705467,gbhe,1,""
2013,3,3as,3,1168,,128,25.87905,-80.720733,gbhe,1,""
2013,3,3as,3,1170,,103,25.8797,-80.7232,gbhe,1,""
2013,3,3as,3,1171,,104,25.881767,-80.724367,gbhe,1,""
2013,3,3as,3,1173,,102,25.87875,-80.72525,gbhe,4,""
2013,3,3as,3,1175,,142,25.875117,-80.734983,gbhe,1,""
2013,3,3as,3,1217,,389,25.887633,-80.804733,gbhe,1,""
2013,3,3as,3,1218,,164,25.8881,-80.799933,gbhe,2,""
2013,3,3as,3,1223,,272,25.884017,-80.766383,gbhe,1,""
2013,3,3as,3,1224,,304,25.8842,-80.760033,gbhe,1,""
2013,3,3as,3,1287,,13,25.892533,-80.675833,gbhe,1,""
2013,3,3as,3,1295,,86,25.897467,-80.704217,gbhe,1,""
2013,3,3as,3,1310,,55,25.893317,-80.744083,gbhe,1,""
2013,3,3as,3,1316,,330,25.896533,-80.755133,gbhe,1,""
2013,3,3as,3,1334,,213,25.901317,-80.7842,gbhe,1,""
2013,3,3as,3,1339,,178,25.899183,-80.772133,gbhe,1,""
2013,3,3as,3,1339,,243,25.8992,-80.772133,gbhe,1,""
2013,3,3as,3,1349,,58,25.9014,-80.74175,gbhe,1,""
2013,3,3as,3,1351,,86,25.902117,-80.739633,gbhe,1,""
2013,3,3as,3,1355,,85,25.901467,-80.738833,gbhe,3,""
2013,3,3as,3,1358,,127,25.9064,-80.7208,gbhe,1,""
2013,3,3as,3,1362,,14,25.901233,-80.684233,gbhe,3,""
2013,3,3as,3,1363,,36,25.900117,-80.68155,gbhe,1,""
2013,3,3as,3,1364,,34,25.90525,-80.678833,gbhe,1,""
2013,3,3as,3,1408,,47,25.908367,-80.69235,gbhe,1,""
2013,3,3as,3,1423,,108,25.909833,-80.72295,gbhe,3,""
2013,3,3as,3,1441,,59,25.91475,-80.745867,gbhe,1,""
2013,3,3as,3,1452,,244,25.913117,-80.773967,gbhe,1,""
2013,3,3as,3,1452,,179,25.913183,-80.773367,gbhe,1,""
2013,3,3as,3,1461,,212,25.912167,-80.7824,gbhe,1,""
2013,3,3as,3,1482,,245,25.917667,-80.77385,gbhe,2,""
2013,3,3as,3,1482,,180,25.917967,-80.773717,gbhe,1,""
2013,3,3as,3,1502,,111,25.921433,-80.723783,gbhe,3,""
2013,3,3as,3,1509,,15,25.91905,-80.68285,gbhe,1,""
2013,3,3as,3,1534,,15,25.931983,-80.6762,gbhe,1,""
2013,3,3as,3,1538,,16,25.926217,-80.686,gbhe,2,""
2013,3,3as,3,1555,,82,25.931483,-80.739367,gbhe,1,""
2013,3,3as,3,1556,,81,25.932833,-80.739867,gbhe,1,""
2013,3,3as,3,1564,,307,25.932867,-80.75845,gbhe,4,""
2013,3,3as,3,1578,,211,25.931767,-80.781317,gbhe,1,""
2013,3,3as,3,1603,,329,25.940683,-80.75435,gbhe,1,""
2013,3,3as,3,1615,,125,25.9376,-80.7182,gbhe,1,""
2013,3,3as,3,1617,,124,25.9408,-80.7171,gbhe,1,""
2013,3,3as,3,1618,,110,25.941267,-80.71345,gbhe,1,""
2013,3,3as,3,1621,,85,25.933517,-80.703383,gbhe,1,""
2013,3,3as,3,1655,,17,25.945,-80.673933,gbhe,1,""
2013,3,3as,3,1678,,61,25.944433,-80.743383,gbhe,1,""
2013,3,3as,3,1716,,186,25.958017,-80.775033,gbhe,1,""
2013,3,3as,3,1734,,115,25.958117,-80.722867,gbhe,1,""
2013,3,3as,3,1751,,33,25.956417,-80.679833,gbhe,1,""
2013,3,3as,3,1755,,18,25.955683,-80.674183,gbhe,1,""
2013,3,3as,3,1784,,134,25.96425,-80.733317,gbhe,1,""
2013,3,3as,3,1787,,78,25.966417,-80.74075,gbhe,1,""
2013,3,3as,3,1788,,66,25.965433,-80.7417,gbhe,3,""
2013,3,3as,3,1813,,353,25.967133,-80.812933,gbhe,1,""
2013,3,3as,3,1817,,188,25.973783,-80.774783,gbhe,1,""
2013,3,3as,3,1828,,267,25.97415,-80.764017,gbhe,1,""
2013,3,3as,3,1833,,67,25.968733,-80.7448,gbhe,1,""
2013,3,3as,3,1837,,117,25.973433,-80.724617,gbhe,3,""
2013,3,3as,3,1848,,44,25.9716,-80.6945,gbhe,1,""
2013,3,3as,3,1882,,133,25.979383,-80.735333,gbhe,2,""
2013,3,3as,3,1918,,193,25.99155,-80.774683,gbhe,1,""
2013,3,3as,3,1997,,117,26.00465,-80.712583,gbhe,1,""
2013,3,3as,3,2069,,40,26.0253,-80.693183,gbhe,1,""
2013,3,3as,3,2074,,325,26.029117,-80.755667,gbhe,2,""
2013,3,3as,3,2154,,203,26.049983,-80.782483,gbhe,1,""
2013,3,3as,3,2162,,70,26.053817,-80.74175,gbhe,1,""
2013,3,3as,3,3406,,159,26.10345,-80.796933,gbhe,1,""
2013,3,3as,3,3427,,41,25.8268,-80.680667,gbhe,1,""
2013,3,3as,3,3436,,99,25.772967,-80.711833,gbhe,1,""
2013,3,3as,3,3465,,9,25.837183,-80.675,gbhe,1,""
2013,3,3as,3,3467,,2,25.807817,-80.678933,gbhe,1,""
2013,3,3as,3,3471,,38,25.854567,-80.680317,gbhe,2,""
2013,3,3as,3,3475,,9,25.827833,-80.684583,gbhe,1,""
2013,3,3as,3,3477,,8,25.83365,-80.684733,gbhe,1,""
2013,3,3as,3,3489,,69,25.9373,-80.699633,gbhe,1,""
2013,3,3as,3,3490,,61,25.7777,-80.699767,gbhe,1,""
2013,3,3as,3,3493,,84,25.967917,-80.701617,gbhe,1,""
2013,3,3as,3,3494,,72,25.960117,-80.702083,gbhe,1,""
2013,3,3as,3,3497,,108,25.877867,-80.712933,gbhe,1,""
2013,3,3as,3,3503,,131,25.823833,-80.718917,gbhe,1,""
2013,3,3as,3,3504,,129,25.87055,-80.719,gbhe,1,""
2013,3,3as,3,3505,,139,25.798717,-80.71915,gbhe,1,""
2013,3,3as,3,3506,,135,25.818617,-80.720083,gbhe,1,""
2013,3,3as,3,3508,,126,25.928,-80.720717,gbhe,1,""
2013,3,3as,3,3509,,141,25.78725,-80.720833,gbhe,2,""
2013,3,3as,3,3510,,130,25.862417,-80.721017,gbhe,1,""
2013,3,3as,3,3511,,123,25.951067,-80.72105,gbhe,1,""
2013,3,3as,3,3513,,142,25.785817,-80.7219,gbhe,1,""
2013,3,3as,3,3514,,109,25.914117,-80.723633,gbhe,1,""
2013,3,3as,3,3515,,96,25.821433,-80.72385,gbhe,3,""
2013,3,3as,3,3517,,110,25.920183,-80.725383,gbhe,1,""
2013,3,3as,3,3520,,113,25.94945,-80.726533,gbhe,1,""
2013,3,3as,3,3521,,141,25.904567,-80.731967,gbhe,1,""
2013,3,3as,3,3523,,144,25.788883,-80.732067,gbhe,1,""
2013,3,3as,3,3525,,140,25.917867,-80.733467,gbhe,4,""
2013,3,3as,3,3530,,90,25.774767,-80.739767,gbhe,1,""
2013,3,3as,3,3531,,56,25.89155,-80.7419,gbhe,1,""
2013,3,3as,3,3532,,65,25.963417,-80.742683,gbhe,1,""
2013,3,3as,3,3533,,69,25.983783,-80.743233,gbhe,1,""
2013,3,3as,3,3537,,317,26.12965,-80.754767,gbhe,1,""
2013,3,3as,3,3538,,331,25.8642,-80.7556,gbhe,1,""
2013,3,3as,3,3539,,300,25.8231,-80.75755,gbhe,1,""
2013,3,3as,3,3545,,278,25.7687,-80.765233,gbhe,1,""
2013,3,3as,3,3547,,241,25.844283,-80.772967,gbhe,1,""
2013,3,3as,3,3554,,220,25.838183,-80.7817,gbhe,1,""
2013,3,3as,3,3556,,225,25.802683,-80.782617,gbhe,1,""
2013,3,3as,3,3557,,215,25.890633,-80.782817,gbhe,1,""
2013,3,3as,3,3559,,200,26.065483,-80.784617,gbhe,1,""
2013,3,3as,3,3565,,125,25.764117,-80.794467,gbhe,1,""
2013,3,3as,3,3574,,154,26.142883,-80.800633,gbhe,1,""
2013,3,3as,3,3588,,348,25.780667,-80.8114,gbhe,1,""
2013,3,3as,3,3590,,344,25.76965,-80.813733,gbhe,1,""
2013,3,3as,3,3591,,346,25.7759,-80.813767,gbhe,1,""
2013,3,3as,3,3596,,177,25.789533,-80.817333,gbhe,1,""
2013,3,3as,3,3600,,174,25.8362,-80.8188,gbhe,1,""
2013,3,3as,3,3606,,152,25.7789,-80.825083,gbhe,2,""
2013,3,3as,3,3609,,262,26.127983,-80.775383,gbhe,1,""
2013,3,3as,3,156,,101,25.777067,-80.711917,greg,6,""
2013,3,3as,3,239,,147,25.783133,-80.732233,greg,1,""
2013,3,3as,3,699,,97,25.823067,-80.724033,greg,3,""
2013,3,3as,3,1193,,134,25.877467,-80.793967,greg,1,""
2013,3,3as,3,1218,,164,25.8881,-80.799933,greg,2,""
2013,3,3as,3,1287,,13,25.892533,-80.675833,greg,3,""
2013,3,3as,3,1310,,55,25.893317,-80.744083,greg,1,""
2013,3,3as,3,1364,,34,25.90525,-80.678833,greg,1,""
2013,3,3as,3,1538,,16,25.926217,-80.686,greg,2,""
2013,3,3as,3,1594,,140,25.93775,-80.795833,greg,1,""
2013,3,3as,3,1626,,16,25.9414,-80.672383,greg,1,""
2013,3,3as,3,1755,,18,25.955683,-80.674183,greg,1,""
2013,3,3as,3,1788,,66,25.965433,-80.7417,greg,2,""
2013,3,3as,3,1918,,193,25.99155,-80.774683,greg,2,""
2013,3,3as,3,2022,,131,26.011133,-80.73575,greg,1,""
2013,3,3as,3,2103,,128,26.037967,-80.735317,greg,1,""
2013,3,3as,3,2299,,152,26.109017,-80.796817,greg,1,""
2013,3,3as,3,2305,,120,26.1194,-80.724717,greg,1,""
2013,3,3as,3,2423,,198,26.139317,-80.7846,greg,1,""
2013,3,3as,3,3436,,99,25.772967,-80.711833,greg,6,""
2013,3,3as,3,3466,,42,25.819283,-80.678733,greg,1,""
2013,3,3as,3,3469,,35,25.903083,-80.679283,greg,1,""
2013,3,3as,3,3474,,32,26.109667,-80.6839,greg,1,""
2013,3,3as,3,3525,,140,25.917867,-80.733467,greg,6,""
2013,3,3as,3,3542,,302,25.83475,-80.7607,greg,1,""
2013,3,3as,3,3568,,135,25.8998,-80.796183,greg,2,""
2013,3,3as,3,3603,,156,25.828483,-80.823217,greg,1,""
2013,3,3as,3,3604,,160,25.936983,-80.823333,greg,1,""
2013,3,3as,3,1578,,211,25.931767,-80.781317,lbhe,2,""
2013,3,3as,3a,2108,big_mel_west,Big Mel West,26.033467,-80.6756,lbhe,22,""
2013,3,3as,3,2391,,122,26.127733,-80.736467,lbhe,12,""
2013,3,3as,3,3470,,Kings,26.037867,-80.679283,lbhe,8,""
2013,3,3as,3,3479,,19,25.965883,-80.685333,lbhe,1,""
2013,3,3as,3,3594,,362,26.031633,-80.816033,lbhe,1,""
2013,3,3as,3,3608,,361,26.029583,-80.816267,lbhe,1,""
2013,3,3as,3,3609,,197,26.128517,-80.775433,lbhe,2,""
2013,3,3as,3,3609,,262,26.127983,-80.775383,lbhe,2,""
2013,3,3as,3,872,,7,25.835317,-80.685617,sneg,1,""
2013,3,3as,3,1586,,384,25.930083,-80.80275,sneg,1,""
2013,3,3as,3,3609,,197,26.128517,-80.775433,sneg,1,""
2013,3,3as,3,504,,394,25.800533,-80.80435,trhe,1,""
2013,3,3as,3,782,,8,25.831867,-80.673633,trhe,1,""
2013,3,3as,3,1073,,242,25.8641,-80.77635,trhe,9,""
2013,3,3as,3,1096,,391,25.870833,-80.80235,trhe,1,""
2013,3,3as,3,1104,,216,25.873583,-80.781483,trhe,2,""
2013,3,3as,3,1119,,13,25.870283,-80.6816,trhe,1,""
2013,3,3as,3,1477,,136,25.921917,-80.793433,trhe,2,""
2013,3,3as,3,1538,,16,25.926217,-80.686,trhe,2,""
2013,3,3as,3,1545,,46,25.92975,-80.69345,trhe,1,""
2013,3,3as,3,1573,,246,25.931667,-80.77575,trhe,12,""
2013,3,3as,3,1573,,181,25.932183,-80.775683,trhe,9,""
2013,3,3as,3,1578,,211,25.931767,-80.781317,trhe,11,""
2013,3,3as,3,1584,,138,25.92695,-80.792967,trhe,8,""
2013,3,3as,3,1586,,384,25.930083,-80.80275,trhe,2,""
2013,3,3as,3,1586,,163,25.929633,-80.802233,trhe,3,""
2013,3,3as,3,1592,,383,25.9372,-80.8028,trhe,2,""
2013,3,3as,3,1594,,140,25.93775,-80.795833,trhe,4,""
2013,3,3as,3,1602,,271,25.93565,-80.762,trhe,6,""
2013,3,3as,3,1609,,60,25.939317,-80.745367,trhe,2,""
2013,3,3as,3,1613,,139,25.937917,-80.73615,trhe,3,""
2013,3,3as,3,1675,,80,25.948467,-80.7405,trhe,1,""
2013,3,3as,3,1677,,62,25.948133,-80.74305,trhe,3,""
2013,3,3as,3,1691,,308,25.9442,-80.759933,trhe,4,""
2013,3,3as,3,1707,,378,25.957283,-80.80545,trhe,3,""
2013,3,3as,3,1710,,210,25.95155,-80.7821,trhe,5,""
2013,3,3as,3,1711,,208,25.9537,-80.783933,trhe,1,""
2013,3,3as,3,1712,,247,25.951383,-80.772817,trhe,1,""
2013,3,3as,3,1714,,248,25.954683,-80.77335,trhe,3,""
2013,3,3as,3,1714,,184,25.955317,-80.772767,trhe,2,""
2013,3,3as,3,1714,,185,25.95595,-80.77235,trhe,1,""
2013,3,3as,3,1716,,186,25.958017,-80.775033,trhe,2,""
2013,3,3as,3,1720,,270,25.950883,-80.763317,trhe,1,""
2013,3,3as,3,1733,,111,25.9533,-80.717733,trhe,28,""
2013,3,3as,3,1734,,115,25.958117,-80.722867,trhe,27,""
2013,3,3as,3,1755,,18,25.955683,-80.674183,trhe,2,""
2013,3,3as,3,1785,,135,25.96025,-80.73395,trhe,7,""
2013,3,3as,3,1786,,77,25.9654,-80.73765,trhe,11,""
2013,3,3as,3,1791,,328,25.964133,-80.7532,trhe,13,""
2013,3,3as,3,1799,,376,25.95975,-80.804617,trhe,4,""
2013,3,3as,3,1808,,172,25.965533,-80.820167,trhe,5,""
2013,3,3as,3,1815,,375,25.973267,-80.802233,trhe,2,""
2013,3,3as,3,1817,,188,25.973783,-80.774783,trhe,2,""
2013,3,3as,3,1819,,206,25.971567,-80.7817,trhe,2,""
2013,3,3as,3,1820,,207,25.969683,-80.780633,trhe,4,""
2013,3,3as,3,1823,,250,25.9703,-80.774717,trhe,6,""
2013,3,3as,3,1823,,187,25.9705,-80.774467,trhe,7,""
2013,3,3as,3,1824,,189,25.9738,-80.772667,trhe,6,""
2013,3,3as,3,1824,,251,25.973933,-80.77255,trhe,9,""
2013,3,3as,3,1826,,268,25.968933,-80.763067,trhe,12,""
2013,3,3as,3,1828,,267,25.97415,-80.764017,trhe,5,""
2013,3,3as,3,1838,,113,25.970167,-80.716233,trhe,13,""
2013,3,3as,3,1844,,73,25.970883,-80.7009,trhe,4,""
2013,3,3as,3,1845,,74,25.974,-80.6978,trhe,5,""
2013,3,3as,3,1848,,44,25.9716,-80.6945,trhe,3,""
2013,3,3as,3,1855,,19,25.9675,-80.673033,trhe,1,""
2013,3,3as,3,1888,,311,25.979267,-80.756783,trhe,5,""
2013,3,3as,3,1891,,190,25.977433,-80.77285,trhe,13,""
2013,3,3as,3,1891,,252,25.977333,-80.772817,trhe,10,""
2013,3,3as,3,1893,,141,25.978567,-80.793467,trhe,1,""
2013,3,3as,3,1895,,160,25.980317,-80.800267,trhe,3,""
2013,3,3as,3,1900,,355,25.98115,-80.815717,trhe,5,""
2013,3,3as,3,1903,,169,25.98345,-80.818283,trhe,2,""
2013,3,3as,3,1905,,357,25.985567,-80.812933,trhe,1,""
2013,3,3as,3,1906,,356,25.983933,-80.812283,trhe,1,""
2013,3,3as,3,1908,,372,25.985783,-80.803433,trhe,1,""
2013,3,3as,3,1911,,144,25.98995,-80.79605,trhe,1,""
2013,3,3as,3,1917,,191,25.98565,-80.7758,trhe,8,""
2013,3,3as,3,1917,,254,25.98595,-80.775783,trhe,3,""
2013,3,3as,3,1918,,193,25.99155,-80.774683,trhe,9,""
2013,3,3as,3,1918,,257,25.9915,-80.774367,trhe,2,""
2013,3,3as,3,1931,,21,25.983617,-80.685883,trhe,2,""
2013,3,3as,3,1952,,22,25.992117,-80.671983,trhe,5,""
2013,3,3as,3,1953,,23,25.996317,-80.673817,trhe,1,""
2013,3,3as,3,1954,,25,25.99875,-80.682567,trhe,5,""
2013,3,3as,3,1955,,22,25.9919,-80.683617,trhe,16,""
2013,3,3as,3,1956,,23,25.9986,-80.684567,trhe,1,""
2013,3,3as,3,1958,,75,25.999617,-80.699633,trhe,4,""
2013,3,3as,3,1962,,122,25.996733,-80.720333,trhe,9,""
2013,3,3as,3,1964,,118,25.991133,-80.725883,trhe,1,""
2013,3,3as,3,1966,,132,25.996,-80.7315,trhe,4,""
2013,3,3as,3,1975,,258,25.99925,-80.7744,trhe,2,""
2013,3,3as,3,1983,,205,26.001283,-80.783167,trhe,8,""
2013,3,3as,3,1989,,265,26.002017,-80.76305,trhe,13,""
2013,3,3as,3,1989,,312,26.0021,-80.761533,trhe,7,""
2013,3,3as,3,1990,,266,26.000267,-80.76425,trhe,8,""
2013,3,3as,3,2001,,27,26.0051,-80.685517,trhe,8,""
2013,3,3as,3,2001,,26,26.004567,-80.684883,trhe,1,""
2013,3,3as,3,2022,,131,26.011133,-80.73575,trhe,12,""
2013,3,3as,3,2030,,147,26.016233,-80.79435,trhe,9,""
2013,3,3as,3,2034,,358,26.0134,-80.813217,trhe,3,""
2013,3,3as,3,2039,,167,26.021567,-80.817033,trhe,2,""
2013,3,3as,3,2046,,129,26.022617,-80.734317,trhe,6,""
2013,3,3as,3,2049,,38,26.01965,-80.6921,trhe,6,""
2013,3,3as,3,2051,,28,26.015533,-80.684617,trhe,3,""
2013,3,3as,3,2069,,39,26.024367,-80.693567,trhe,5,""
2013,3,3as,3,2069,,40,26.0253,-80.693183,trhe,5,""
2013,3,3as,3,2074,,313,26.028967,-80.7563,trhe,4,""
2013,3,3as,3,2074,,325,26.029117,-80.755667,trhe,5,""
2013,3,3as,3,2080,,359,26.02805,-80.8126,trhe,1,""
2013,3,3as,3,2088,,360,26.030783,-80.815,trhe,1,""
2013,3,3as,3,2089,,369,26.034283,-80.806083,trhe,5,""
2013,3,3as,3,2099,,314,26.034217,-80.760567,trhe,18,""
2013,3,3as,3,2100,,323,26.03705,-80.754817,trhe,2,""
2013,3,3as,3,2101,,324,26.031317,-80.752733,trhe,27,""
2013,3,3as,3,2103,,75,26.038333,-80.736067,trhe,2,""
2013,3,3as,3a,2108,big_mel_west,Big Mel West,26.033467,-80.6756,trhe,1,""
2013,3,3as,3,2136,,315,26.0418,-80.756283,trhe,8,""
2013,3,3as,3,2145,,368,26.039483,-80.804083,trhe,3,""
2013,3,3as,3,2154,,203,26.049983,-80.782483,trhe,6,""
2013,3,3as,3,2156,,264,26.04805,-80.763933,trhe,6,""
2013,3,3as,3,2157,,320,26.054117,-80.755017,trhe,11,""
2013,3,3as,3,2159,,321,26.05015,-80.75165,trhe,2,""
2013,3,3as,3,2160,,322,26.0472,-80.75415,trhe,5,""
2013,3,3as,3,2161,,74,26.0515,-80.739983,trhe,6,""
2013,3,3as,3,2162,,70,26.053817,-80.74175,trhe,8,""
2013,3,3as,3,2167,,27,26.050933,-80.676467,trhe,2,""
2013,3,3as,3,2183,,202,26.0559,-80.785583,trhe,1,""
2013,3,3as,3,2185,,367,26.05765,-80.80395,trhe,1,""
2013,3,3as,3,2186,,366,26.0607,-80.803833,trhe,1,""
2013,3,3as,3,2187,,363,26.0581,-80.81555,trhe,5,""
2013,3,3as,3,2197,,71,26.066317,-80.7466,trhe,6,""
2013,3,3as,3,2199,,36,26.069133,-80.6943,trhe,1,""
2013,3,3as,3,2200,,29,26.07065,-80.675433,trhe,1,""
2013,3,3as,3,2202,,28,26.06565,-80.673667,trhe,1,""
2013,3,3as,3,2218,,30,26.074183,-80.675017,trhe,10,""
2013,3,3as,3,2219,,35,26.074683,-80.692783,trhe,17,""
2013,3,3as,3,2224,,118,26.071183,-80.7154,trhe,1,""
2013,3,3as,3,2227,,263,26.076533,-80.763367,trhe,2,""
2013,3,3as,3,2234,,319,26.085383,-80.755967,trhe,1,""
2013,3,3as,3,2251,,124,26.08995,-80.733633,trhe,3,""
2013,3,3as,3,2252,,125,26.092067,-80.736817,trhe,3,""
2013,3,3as,3,2259,,149,26.09695,-80.795133,trhe,3,""
2013,3,3as,3,2285,,80,26.1059,-80.7006,trhe,8,""
2013,3,3as,3,2291,,72,26.112617,-80.745333,trhe,1,""
2013,3,3as,3,2298,,151,26.106267,-80.796567,trhe,5,""
2013,3,3as,3,2299,,152,26.109017,-80.796817,trhe,6,""
2013,3,3as,3,2395,,196,26.125283,-80.7766,trhe,3,""
2013,3,3as,3,2395,,261,26.125133,-80.776433,trhe,3,""
2013,3,3as,3,2398,,155,26.133483,-80.798933,trhe,1,""
2013,3,3as,3,3406,,150,26.103217,-80.796983,trhe,12,""
2013,3,3as,3,3406,,159,26.10345,-80.796933,trhe,8,""
2013,3,3as,3,3420,,64,25.959167,-80.742917,trhe,1,""
2013,3,3as,3,3462,,24,26.011183,-80.672933,trhe,3,""
2013,3,3as,3,3463,,20,25.980033,-80.673367,trhe,4,""
2013,3,3as,3,3467,,2,25.807817,-80.678933,trhe,1,""
2013,3,3as,3,3470,,Kings,26.037867,-80.679283,trhe,3,""
2013,3,3as,3,3472,,25,26.030267,-80.68045,trhe,3,""
2013,3,3as,3,3473,,32,26.023333,-80.681567,trhe,2,""
2013,3,3as,3,3476,,24,26.001217,-80.684717,trhe,2,""
2013,3,3as,3,3478,,29,26.062817,-80.6849,trhe,1,""
2013,3,3as,3,3480,,31,26.080167,-80.6855,trhe,2,""
2013,3,3as,3,3481,,43,25.979133,-80.692683,trhe,1,""
2013,3,3as,3,3482,,42,25.983633,-80.694033,trhe,1,""
2013,3,3as,3,3483,,41,26.017067,-80.69465,trhe,2,""
2013,3,3as,3,3484,,76,26.03965,-80.6983,trhe,1,""
2013,3,3as,3,3485,,79,26.0919,-80.69845,trhe,3,""
2013,3,3as,3,3486,,78,26.068917,-80.699167,trhe,1,""
2013,3,3as,3,3488,,77,26.045617,-80.6995,trhe,2,""
2013,3,3as,3,3495,,82,26.037467,-80.703783,trhe,1,""
2013,3,3as,3,3496,,115,25.978033,-80.7108,trhe,5,""
2013,3,3as,3,3500,,112,25.964917,-80.716,trhe,2,""
2013,3,3as,3,3501,,121,26.01125,-80.7178,trhe,1,""
2013,3,3as,3,3502,,116,25.986733,-80.718283,trhe,3,""
2013,3,3as,3,3507,,120,26.025,-80.720533,trhe,1,""
2013,3,3as,3,3526,,136,25.955583,-80.733483,trhe,3,""
2013,3,3as,3,3527,,79,25.950617,-80.73825,trhe,1,""
2013,3,3as,3,3529,,76,26.026317,-80.739183,trhe,1,""
2013,3,3as,3,3533,,69,25.983783,-80.743233,trhe,1,""
2013,3,3as,3,3534,,68,25.972733,-80.743767,trhe,6,""
2013,3,3as,3,3535,,63,25.9528,-80.74665,trhe,2,""
2013,3,3as,3,3536,,327,25.975067,-80.754417,trhe,1,""
2013,3,3as,3,3537,,317,26.12965,-80.754767,trhe,1,""
2013,3,3as,3,3540,,306,25.923583,-80.758983,trhe,1,""
2013,3,3as,3,3541,,310,25.975333,-80.759533,trhe,1,""
2013,3,3as,3,3544,,309,25.950383,-80.761283,trhe,2,""
2013,3,3as,3,3548,,182,25.933383,-80.774117,trhe,1,""
2013,3,3as,3,3549,,259,26.010467,-80.774617,trhe,1,""
2013,3,3as,3,3550,,195,26.06405,-80.775617,trhe,1,""
2013,3,3as,3,3551,,260,26.070567,-80.776017,trhe,1,""
2013,3,3as,3,3553,,199,26.091,-80.78145,trhe,4,""
2013,3,3as,3,3555,,204,26.021283,-80.782133,trhe,1,""
2013,3,3as,3,3558,,201,26.057317,-80.784167,trhe,1,""
2013,3,3as,3,3563,,146,26.0062,-80.793117,trhe,2,""
2013,3,3as,3,3564,,137,25.92095,-80.794267,trhe,9,""
2013,3,3as,3,3566,,139,25.931067,-80.795517,trhe,1,""
2013,3,3as,3,3567,,143,25.989117,-80.795517,trhe,3,""
2013,3,3as,3,3569,,142,25.987733,-80.796333,trhe,5,""
2013,3,3as,3,3570,,156,26.124017,-80.798417,trhe,2,""
2013,3,3as,3,3571,,157,26.120817,-80.798717,trhe,6,""
2013,3,3as,3,3572,,162,25.9614,-80.79925,trhe,3,""
2013,3,3as,3,3573,,158,26.118117,-80.799483,trhe,1,""
2013,3,3as,3,3574,,154,26.142883,-80.800633,trhe,1,""
2013,3,3as,3,3576,,379,25.952267,-80.80145,trhe,3,""
2013,3,3as,3,3577,,386,25.9202,-80.802067,trhe,1,""
2013,3,3as,3,3580,,381,25.948317,-80.802917,trhe,1,""
2013,3,3as,3,3581,,371,25.987267,-80.80345,trhe,1,""
2013,3,3as,3,3582,,365,26.06825,-80.804067,trhe,3,""
2013,3,3as,3,3584,,382,25.943467,-80.805533,trhe,1,""
2013,3,3as,3,3585,,377,25.959267,-80.806083,trhe,1,""
2013,3,3as,3,3586,,387,25.90805,-80.80685,trhe,1,""
2013,3,3as,3,3587,,354,25.9751,-80.81125,trhe,2,""
2013,3,3as,3,3589,,347,25.775867,-80.812717,trhe,1,""
2013,3,3as,3,3592,,352,25.9618,-80.813833,trhe,1,""
2013,3,3as,3,3594,,362,26.031633,-80.816033,trhe,2,""
2013,3,3as,3,3595,,173,25.91255,-80.816983,trhe,1,""
2013,3,3as,3,3597,,171,25.9728,-80.81735,trhe,1,""
2013,3,3as,3,3599,,165,26.064183,-80.817967,trhe,1,""
2013,3,3as,3,3601,,168,26.017983,-80.8192,trhe,1,""
2013,3,3as,3,3602,,170,25.971983,-80.8201,trhe,1,""
2013,3,3as,3,3605,,161,25.9751,-80.824467,trhe,1,""
2013,3,3as,3,3607,,256,25.98975,-80.774,trhe,1,""
2013,3,3as,3,3607,,192,25.989667,-80.773867,trhe,1,""
2013,3,3as,3,3608,,361,26.029583,-80.816267,trhe,4,""
2013,3,3as,3,3609,,197,26.128517,-80.775433,trhe,6,""
2013,3,3as,3,3609,,262,26.127983,-80.775383,trhe,1,""
2013,3,3as,3,2423,,198,26.139317,-80.7846,whib,1,""
2013,3,3as,3,3468,,45,25.769183,-80.679067,whib,1,""
2013,3,3b,3,512,,Auster,25.779817,-80.613117,greg,37,""
2013,3,3b,3,913,,Dionysus,25.848633,-80.519317,greg,12,""
2013,3,3b,3,917,diana_old,Diana,25.847267,-80.523467,greg,11,""
2013,3,3b,3,918,,Demeter,25.8472,-80.5275,greg,28,""
2013,3,3b,3,1027,,Eggo,25.86507,-80.51588,greg,16,""
2013,3,3b,3,1140,,Fenrir,25.878333,-80.529433,greg,18,""
2014,1,1,1,2804,,Yam,26.553533,-80.264517,greg,27,""
2014,1,1,,3668,,192,26.47655,-80.28165,greg,36,""
2014,1,1,1,2902,wats,wats,26.50985,-80.32375,smhe,64,""
2014,3,3as,3a,16,,2,25.764873,-80.695265,anhi,5,""
2014,3,3as,3a,33,,4,25.767109,-80.785509,anhi,10,""
2014,3,3as,3a,86,,9,25.771514,-80.791887,anhi,8,""
2014,3,3as,3a,92,,6,25.774476,-80.78563,anhi,6,""
2014,3,3as,3a,154,,44,25.777394,-80.716496,anhi,7,""
2014,3,3as,3a,164,,48,25.77854,-80.702433,anhi,1,""
2014,3,3as,3a,172,,4,25.777552,-80.694086,anhi,4,""
2014,3,3as,3a,233,,45,25.779389,-80.714625,anhi,4,""
2014,3,3as,3a,240,,43,25.786652,-80.731515,anhi,1,""
2014,3,3as,3a,248,,2,25.782185,-80.745536,anhi,2,""
2014,3,3as,3a,251,,5,25.784642,-80.743349,anhi,3,""
2014,3,3as,3a,258,,71,25.78427,-80.752929,anhi,3,""
2014,3,3as,3a,265,,70,25.786894,-80.756369,anhi,2,""
2014,3,3as,3a,267,,32,25.786192,-80.762214,anhi,6,""
2014,3,3as,3a,474,,40,25.79579,-80.732087,anhi,4,""
2014,3,3as,3a,477,,69,25.801488,-80.752213,anhi,12,""
2014,3,3as,3a,504,,42,25.801023,-80.803374,anhi,1,"1s indicate presence"
2014,3,3as,3a,531,,13,25.806542,-80.795941,anhi,3,""
2014,3,3as,3a,538,,11,25.804701,-80.781893,anhi,15,""
2014,3,3as,3a,545,,6,25.803172,-80.74223,anhi,5,""
2014,3,3as,3a,551,,73,25.80425,-80.722021,anhi,23,""
2014,3,3as,3a,559,,47,25.80818,-80.713905,anhi,2,""
2014,3,3as,3a,644,,48,25.815226,-80.714717,anhi,1,""
2014,3,3as,3a,649,,39,25.816303,-80.731952,anhi,1,""
2014,3,3as,3a,695,,7,25.822884,-80.745044,anhi,7,""
2014,3,3as,3a,699,,71,25.823654,-80.724623,anhi,8,""
2014,3,3as,3a,700,,72,25.823378,-80.721962,anhi,4,""
2014,3,3as,3a,731,,112,25.825158,-80.67282,anhi,11,"1s indicate presence"
2014,3,3as,3a,782,,110,25.831677,-80.674041,anhi,2,""
2014,3,3as,3a,804,,50,25.830229,-80.712502,anhi,2,""
2014,3,3as,3a,807,,70,25.831673,-80.722892,anhi,2,""
2014,3,3as,3a,814,,67,25.830246,-80.753847,anhi,3,""
2014,3,3as,3a,820,,35,25.83287,-80.765249,anhi,1,""
2014,3,3as,3a,822,,34,25.82856,-80.765943,anhi,6,""
2014,3,3as,3a,850,,65,25.837542,-80.751997,anhi,2,""
2014,3,3as,3a,861,,45,25.83949,-80.703924,anhi,6,""
2014,3,3as,3a,872,,75,25.835485,-80.685102,anhi,10,""
2014,3,3as,3a,932,,108,25.850203,-80.673779,anhi,7,""
2014,3,3as,3a,944,,43,25.84625,-80.702991,anhi,14,""
2014,3,3as,3a,954,,63,25.849435,-80.755154,anhi,3,""
2014,3,3as,3a,977,,15,25.858201,-80.793725,anhi,6,""
2014,3,3as,3a,991,,68,25.856845,-80.722847,anhi,7,""
2014,3,3as,3a,1001,,7,25.850977,-80.693265,anhi,5,""
2014,3,3as,3a,1005,,77,25.854988,-80.681417,anhi,14,""
2014,3,3as,3a,1041,,39,25.865524,-80.701852,anhi,1,""
2014,3,3as,3a,1043,,40,25.863026,-80.704239,anhi,10,""
2014,3,3as,3a,1044,,41,25.863522,-80.706089,anhi,7,""
2014,3,3as,3a,1063,,62,25.862505,-80.754248,anhi,3,""
2014,3,3as,3a,1068,,36,25.86608,-80.76431,anhi,3,""
2014,3,3as,3a,1111,,38,25.871833,-80.733601,anhi,2,""
2014,3,3as,3a,1120,,107,25.86743,-80.673902,anhi,2,""
2014,3,3as,3a,1171,,63,25.88208,-80.724687,anhi,10,""
2014,3,3as,3a,1173,,64,25.879725,-80.725136,anhi,2,""
2014,3,3as,3a,1175,,37,25.875123,-80.735524,anhi,1,""
2014,3,3as,3a,1192,,16,25.876305,-80.794051,anhi,12,""
2014,3,3as,3a,1200,,38,25.875791,-80.806535,anhi,3,""
2014,3,3as,3a,1223,,37,25.884577,-80.765952,anhi,5,""
2014,3,3as,3a,1287,,106,25.893376,-80.676248,anhi,15,""
2014,3,3as,3a,1295,,32,25.897321,-80.704551,anhi,7,""
2014,3,3as,3a,1300,,35,25.890285,-80.702493,anhi,1,"1s indicate presence"
2014,3,3as,3a,1305,,62,25.892687,-80.725458,anhi,2,""
2014,3,3as,3a,1311,,12,25.89685,-80.74331,anhi,1,""
2014,3,3as,3a,1323,,19,25.891776,-80.793361,anhi,1,"1s indicate presence"
2014,3,3as,3a,1349,,13,25.901398,-80.741704,anhi,6,""
2014,3,3as,3a,1408,,10,25.908001,-80.692955,anhi,17,""
2014,3,3as,3a,1410,,31,25.908115,-80.70415,anhi,1,""
2014,3,3as,3a,1416,,60,25.914701,-80.722841,anhi,3,""
2014,3,3as,3a,1422,,61,25.910638,-80.722855,anhi,3,""
2014,3,3as,3a,1482,,26,25.917844,-80.773935,anhi,4,""
2014,3,3as,3a,1501,,58,25.920229,-80.722883,anhi,1,""
2014,3,3as,3a,1502,,57,25.921297,-80.723392,anhi,1,""
2014,3,3as,3a,1511,,104,25.923028,-80.672659,anhi,2,""
2014,3,3as,3a,1545,,11,25.929354,-80.693846,anhi,12,""
2014,3,3as,3a,1594,,21,25.937715,-80.795697,anhi,2,""
2014,3,3as,3a,1617,,53,25.940591,-80.71619,anhi,2,""
2014,3,3as,3a,1621,,30,25.933458,-80.703214,anhi,2,""
2014,3,3as,3a,1656,,101,25.942885,-80.673266,anhi,1,""
2014,3,3as,3a,1668,,56,25.942272,-80.72419,anhi,1,""
2014,3,3as,3a,1676,,19,25.94492,-80.742585,anhi,3,""
2014,3,3as,3a,1678,,18,25.945179,-80.743699,anhi,6,"1s indicate presence"
2014,3,3as,3a,1725,,54,25.953176,-80.751195,anhi,4,""
2014,3,3as,3a,1755,,98,25.955319,-80.67406,anhi,9,""
2014,3,3as,3a,1757,,100,25.950597,-80.669195,anhi,1,"1s indicate presence"
2014,3,3as,3a,1788,,24,25.965989,-80.741818,anhi,1,"1s indicate presence"
2014,3,3as,3a,1823,,23,25.970386,-80.774673,anhi,43,""
2014,3,3as,3a,1846,,16,25.968403,-80.695712,anhi,1,""
2014,3,3as,3a,1847,,15,25.968778,-80.695452,anhi,12,""
2014,3,3as,3a,1878,,19,25.980093,-80.695577,anhi,2,""
2014,3,3as,3a,1931,,84,25.983855,-80.685832,anhi,3,""
2014,3,3as,3a,3493,,25,25.967477,-80.700819,anhi,8,""
2014,3,3as,3a,3539,,68,25.822918,-80.757444,anhi,2,""
2014,3,3as,3a,3610,,73,25.775011,-80.685306,anhi,1,""
2014,3,3as,3a,3611,,43,25.775097,-80.716092,anhi,1,""
2014,3,3as,3a,3618,,5,25.780862,-80.692708,anhi,1,""
2014,3,3as,3a,3622,,67,25.858171,-80.724481,anhi,2,""
2014,3,3as,3a,3623,,42,25.854035,-80.704887,anhi,1,""
2014,3,3as,3a,3624,,44,25.843057,-80.705433,anhi,3,""
2014,3,3as,3a,3625,,76,25.847133,-80.685298,anhi,4,""
2014,3,3as,3a,3627,,9,25.874859,-80.691624,anhi,2,""
2014,3,3as,3a,3633,,60,25.897914,-80.75455,anhi,1,"1s indicate presence"
2014,3,3as,3a,3636,,59,25.919908,-80.756714,anhi,1,"1s indicate presence"
2014,3,3as,3a,3640,,97,25.960656,-80.670867,anhi,4,""
2014,3,3as,3a,33,,4,25.767109,-80.785509,bcnh,1,""
2014,3,3as,3a,90,,8,25.772415,-80.792793,bcnh,1,""
2014,3,3as,3a,712,,46,25.824562,-80.70388,bcnh,1,""
2014,3,3as,3a,854,,10,25.842084,-80.741561,bcnh,5,""
2014,3,3as,3a,954,,63,25.849435,-80.755154,bcnh,2,""
2014,3,3as,3a,1099,,17,25.872844,-80.796461,bcnh,1,""
2014,3,3as,3a,1107,,29,25.87266,-80.775152,bcnh,1,""
2014,3,3as,3a,1181,,61,25.876753,-80.755683,bcnh,1,""
2014,3,3as,3a,1226,,11,25.886658,-80.744881,bcnh,1,""
2014,3,3as,3a,1365,,105,25.903543,-80.670096,bcnh,1,""
2014,3,3as,3a,1482,,26,25.917844,-80.773935,bcnh,1,""
2014,3,3as,3a,1485,,58,25.921414,-80.754779,bcnh,2,""
2014,3,3as,3a,1511,,104,25.923028,-80.672659,bcnh,1,""
2014,3,3as,3a,1534,,103,25.931856,-80.676445,bcnh,7,""
2014,3,3as,3a,1545,,11,25.929354,-80.693846,bcnh,3,""
2014,3,3as,3a,1567,,38,25.931734,-80.76418,bcnh,1,""
2014,3,3as,3a,1568,,39,25.933224,-80.762459,bcnh,1,""
2014,3,3as,3a,1591,,34,25.937573,-80.804315,bcnh,1,""
2014,3,3as,3a,1594,,21,25.937715,-80.795697,bcnh,6,""
2014,3,3as,3a,1602,,41,25.935891,-80.761925,bcnh,14,""
2014,3,3as,3a,1603,,57,25.941228,-80.754434,bcnh,4,""
2014,3,3as,3a,1619,,29,25.939707,-80.707813,bcnh,2,""
2014,3,3as,3a,1689,,55,25.943859,-80.754642,bcnh,1,""
2014,3,3as,3a,1689,,56,25.94284,-80.754636,bcnh,3,""
2014,3,3as,3a,1710,,17,25.951642,-80.7822,bcnh,3,""
2014,3,3as,3a,1711,,16,25.953796,-80.783971,bcnh,1,""
2014,3,3as,3a,1739,,28,25.95809,-80.701611,bcnh,9,""
2014,3,3as,3a,1746,,12,25.951662,-80.69424,bcnh,4,""
2014,3,3as,3a,1748,,13,25.951376,-80.693022,bcnh,20,""
2014,3,3as,3a,1749,,82,25.955233,-80.68519,bcnh,15,""
2014,3,3as,3a,1755,,98,25.955319,-80.67406,bcnh,8,""
2014,3,3as,3a,1785,,34,25.960346,-80.73417,bcnh,17,""
2014,3,3as,3a,1791,,53,25.963175,-80.752926,bcnh,10,""
2014,3,3as,3a,1798,,22,25.959496,-80.793944,bcnh,13,""
2014,3,3as,3a,1813,,94,25.967018,-80.812748,bcnh,1,""
2014,3,3as,3a,1817,,22,25.974416,-80.774853,bcnh,1,""
2014,3,3as,3a,1823,,23,25.970386,-80.774673,bcnh,16,""
2014,3,3as,3a,1824,,24,25.97406,-80.772015,bcnh,11,""
2014,3,3as,3a,1826,,45,25.969096,-80.762839,bcnh,11,""
2014,3,3as,3a,1828,,46,25.974172,-80.76402,bcnh,6,"1s indicate presence"
2014,3,3as,3a,1834,,25,25.972777,-80.742777,bcnh,7,""
2014,3,3as,3a,1843,,26,25.966741,-80.704264,bcnh,4,""
2014,3,3as,3a,1844,,24,25.969913,-80.701344,bcnh,3,""
2014,3,3as,3a,1845,,18,25.973634,-80.697654,bcnh,33,""
2014,3,3as,3a,1848,,17,25.970567,-80.694167,bcnh,6,""
2014,3,3as,3a,1853,,96,25.972115,-80.671664,bcnh,2,""
2014,3,3as,3a,1878,,19,25.980093,-80.695577,bcnh,23,""
2014,3,3as,3a,1879,,23,25.977143,-80.703411,bcnh,5,""
2014,3,3as,3a,1891,,21,25.976957,-80.772958,bcnh,4,""
2014,3,3as,3a,1905,,91,25.985617,-80.813234,bcnh,4,""
2014,3,3as,3a,1913,,20,25.985807,-80.77411,bcnh,4,""
2014,3,3as,3a,1931,,84,25.983855,-80.685832,bcnh,5,""
2014,3,3as,3a,1936,,95,25.989543,-80.673041,bcnh,6,""
2014,3,3as,3a,1952,,94,25.991978,-80.671975,bcnh,20,""
2014,3,3as,3a,1966,,32,25.995333,-80.730849,bcnh,11,""
2014,3,3as,3a,1975,,19,25.999044,-80.773875,bcnh,2,""
2014,3,3as,3a,1989,,48,26.002569,-80.762155,bcnh,13,""
2014,3,3as,3a,1990,,47,25.999967,-80.763323,bcnh,9,""
2014,3,3as,3a,1992,,31,26.000664,-80.732214,bcnh,2,""
2014,3,3as,3a,2022,,30,26.011153,-80.735748,bcnh,18,""
2014,3,3as,3a,2030,,25,26.01556,-80.793625,bcnh,25,""
2014,3,3as,3a,2039,,88,26.021294,-80.816367,bcnh,1,""
2014,3,3as,3a,2088,,86,26.030748,-80.813968,bcnh,1,""
2014,3,3as,3a,2145,,28,26.039542,-80.80459,bcnh,2,""
2014,3,3as,3a,3411,,79,26.000282,-80.823033,bcnh,7,""
2014,3,3as,3a,3493,,25,25.967477,-80.700819,bcnh,10,""
2014,3,3as,3a,3536,,52,25.974657,-80.754484,bcnh,1,""
2014,3,3as,3a,3548,,25,25.933406,-80.77417,bcnh,2,""
2014,3,3as,3a,3581,,29,25.987446,-80.804009,bcnh,1,""
2014,3,3as,3a,3587,,93,25.975289,-80.81153,bcnh,23,""
2014,3,3as,3a,3592,,95,25.962003,-80.813968,bcnh,1,""
2014,3,3as,3a,3594,,85,26.031878,-80.815846,bcnh,10,""
2014,3,3as,3a,3630,,97,25.879469,-80.816244,bcnh,2,""
2014,3,3as,3a,3634,,35,25.893759,-80.803149,bcnh,2,""
2014,3,3as,3a,3637,,33,25.938707,-80.803887,bcnh,1,""
2014,3,3as,3a,3638,,42,25.94205,-80.763852,bcnh,5,""
2014,3,3as,3a,3639,,99,25.952396,-80.670459,bcnh,3,""
2014,3,3as,3a,3641,,14,25.959568,-80.695138,bcnh,1,""
2014,3,3as,3a,3642,,27,25.958014,-80.704375,bcnh,5,""
2014,3,3as,3a,3643,,44,25.953789,-80.765999,bcnh,11,""
2014,3,3as,3a,3644,,31,25.951732,-80.803501,bcnh,1,""
2014,3,3as,3a,3645,,23,25.960342,-80.795261,bcnh,1,""
2014,3,3as,3a,3647,,92,25.974557,-80.814363,bcnh,1,""
2014,3,3as,3a,3648,,51,25.978253,-80.756854,bcnh,30,""
2014,3,3as,3a,3651,,78,25.993682,-80.824783,bcnh,3,""
2014,3,3as,3a,3652,,90,25.995848,-80.814197,bcnh,1,""
2014,3,3as,3a,3653,,93,26.007861,-80.6707,bcnh,1,""
2014,3,3as,3a,3654,,89,26.019675,-80.814586,bcnh,2,""
2014,3,3as,3a,3655,,87,26.02496,-80.816174,bcnh,1,""
2014,3,3as,3a,3656,,83,26.039109,-80.81574,bcnh,12,""
2014,3,3as,3a,3657,,84,26.037503,-80.813138,bcnh,3,""
2014,3,3as,3a,3658,,85,26.035086,-80.686821,bcnh,3,""
2014,3,3as,3a,3659,,86,26.055313,-80.688805,bcnh,7,""
2014,3,3as,3a,3660,,92,26.056281,-80.670775,bcnh,7,""
2014,3,3as,3a,3661,,87,26.090905,-80.687428,bcnh,1,""
2014,3,3as,3a,3662,,88,26.095115,-80.685776,bcnh,1,""
2014,3,3as,3a,3663,,89,26.139741,-80.690972,bcnh,4,""
2014,3,3as,3a,3666,,26,26.036322,-80.792611,bcnh,2,""
2014,3,3as,3a,48,,101,25.76608,-80.814912,dcco,3,""
2014,3,3as,3a,32,,5,25.768521,-80.784847,gbhe,1,""
2014,3,3as,3a,35,,10,25.770368,-80.792138,gbhe,1,""
2014,3,3as,3a,36,,7,25.769368,-80.79614,gbhe,3,""
2014,3,3as,3a,48,,101,25.76608,-80.814912,gbhe,2,""
2014,3,3as,3a,75,,100,25.777661,-80.813455,gbhe,1,""
2014,3,3as,3a,86,,9,25.771514,-80.791887,gbhe,2,""
2014,3,3as,3a,90,,8,25.772415,-80.792793,gbhe,1,""
2014,3,3as,3a,92,,6,25.774476,-80.78563,gbhe,1,""
2014,3,3as,3a,144,,44,25.777881,-80.732583,gbhe,1,""
2014,3,3as,3a,164,,48,25.77854,-80.702433,gbhe,1,""
2014,3,3as,3a,223,,6,25.783303,-80.695017,gbhe,1,""
2014,3,3as,3a,233,,45,25.779389,-80.714625,gbhe,1,""
2014,3,3as,3a,240,,43,25.786652,-80.731515,gbhe,1,""
2014,3,3as,3a,247,,4,25.779342,-80.742161,gbhe,3,""
2014,3,3as,3a,251,,5,25.784642,-80.743349,gbhe,2,""
2014,3,3as,3a,253,,1,25.777927,-80.745634,gbhe,1,""
2014,3,3as,3a,256,,72,25.778227,-80.754155,gbhe,1,""
2014,3,3as,3a,258,,71,25.78427,-80.752929,gbhe,1,""
2014,3,3as,3a,288,,31,25.784187,-80.775016,gbhe,1,""
2014,3,3as,3a,298,,8,25.77976,-80.783554,gbhe,1,""
2014,3,3as,3a,300,,9,25.779832,-80.787043,gbhe,1,""
2014,3,3as,3a,346,,12,25.791935,-80.794851,gbhe,1,""
2014,3,3as,3a,373,,33,25.789563,-80.761974,gbhe,1,""
2014,3,3as,3a,447,,74,25.795817,-80.684492,gbhe,1,"1s indicate presence"
2014,3,3as,3a,474,,40,25.79579,-80.732087,gbhe,1,""
2014,3,3as,3a,477,,69,25.801488,-80.752213,gbhe,1,""
2014,3,3as,3a,492,,10,25.798433,-80.782447,gbhe,1,""
2014,3,3as,3a,504,,42,25.801023,-80.803374,gbhe,1,"1s indicate presence"
2014,3,3as,3a,536,,13,25.806073,-80.786014,gbhe,1,""
2014,3,3as,3a,551,,73,25.80425,-80.722021,gbhe,1,""
2014,3,3as,3a,570,,47,25.809996,-80.705605,gbhe,1,""
2014,3,3as,3a,649,,39,25.816303,-80.731952,gbhe,1,""
2014,3,3as,3a,695,,7,25.822884,-80.745044,gbhe,1,""
2014,3,3as,3a,707,,49,25.822773,-80.713967,gbhe,1,""
2014,3,3as,3a,731,,112,25.825158,-80.67282,gbhe,1,"1s indicate presence"
2014,3,3as,3a,804,,50,25.830229,-80.712502,gbhe,1,""
2014,3,3as,3a,814,,67,25.830246,-80.753847,gbhe,1,""
2014,3,3as,3a,820,,35,25.83287,-80.765249,gbhe,1,""
2014,3,3as,3a,822,,34,25.82856,-80.765943,gbhe,1,""
2014,3,3as,3a,841,,15,25.840851,-80.785466,gbhe,2,""
2014,3,3as,3a,842,,14,25.840397,-80.782213,gbhe,1,""
2014,3,3as,3a,849,,66,25.836333,-80.755083,gbhe,1,""
2014,3,3as,3a,861,,45,25.83949,-80.703924,gbhe,1,""
2014,3,3as,3a,872,,75,25.835485,-80.685102,gbhe,1,""
2014,3,3as,3a,932,,108,25.850203,-80.673779,gbhe,2,""
2014,3,3as,3a,944,,43,25.84625,-80.702991,gbhe,2,""
2014,3,3as,3a,947,,52,25.851179,-80.71628,gbhe,1,""
2014,3,3as,3a,953,,64,25.841847,-80.752879,gbhe,1,""
2014,3,3as,3a,957,,30,25.847313,-80.776247,gbhe,1,""
2014,3,3as,3a,963,,14,25.842794,-80.794824,gbhe,2,""
2014,3,3as,3a,974,,40,25.852671,-80.806295,gbhe,1,""
2014,3,3as,3a,977,,15,25.858201,-80.793725,gbhe,5,""
2014,3,3as,3a,1001,,7,25.850977,-80.693265,gbhe,1,""
2014,3,3as,3a,1005,,77,25.854988,-80.681417,gbhe,1,""
2014,3,3as,3a,1043,,40,25.863026,-80.704239,gbhe,1,""
2014,3,3as,3a,1044,,41,25.863522,-80.706089,gbhe,1,""
2014,3,3as,3a,1068,,36,25.86608,-80.76431,gbhe,1,""
2014,3,3as,3a,1086,,98,25.872888,-80.816827,gbhe,1,"1s indicate presence"
2014,3,3as,3a,1120,,107,25.86743,-80.673902,gbhe,1,""
2014,3,3as,3a,1149,,8,25.877493,-80.694942,gbhe,2,""
2014,3,3as,3a,1158,,38,25.879853,-80.705752,gbhe,1,""
2014,3,3as,3a,1170,,65,25.879779,-80.723181,gbhe,2,""
2014,3,3as,3a,1171,,63,25.88208,-80.724687,gbhe,2,""
2014,3,3as,3a,1173,,64,25.879725,-80.725136,gbhe,1,""
2014,3,3as,3a,1175,,37,25.875123,-80.735524,gbhe,1,""
2014,3,3as,3a,1193,,18,25.877604,-80.794388,gbhe,1,""
2014,3,3as,3a,1197,,36,25.876651,-80.803621,gbhe,1,""
2014,3,3as,3a,1200,,38,25.875791,-80.806535,gbhe,3,""
2014,3,3as,3a,1201,,37,25.876657,-80.806446,gbhe,1,""
2014,3,3as,3a,1223,,37,25.884577,-80.765952,gbhe,3,""
2014,3,3as,3a,1295,,32,25.897321,-80.704551,gbhe,1,""
2014,3,3as,3a,1298,,34,25.891892,-80.701687,gbhe,2,""
2014,3,3as,3a,1319,,28,25.893776,-80.774159,gbhe,1,""
2014,3,3as,3a,1323,,19,25.891776,-80.793361,gbhe,2,"1s indicate presence"
2014,3,3as,3a,1347,,15,25.906629,-80.742894,gbhe,2,""
2014,3,3as,3a,1349,,13,25.901398,-80.741704,gbhe,1,""
2014,3,3as,3a,1362,,80,25.901408,-80.684486,gbhe,1,""
2014,3,3as,3a,1363,,79,25.898835,-80.683043,gbhe,2,""
2014,3,3as,3a,1408,,10,25.908001,-80.692955,gbhe,2,""
2014,3,3as,3a,1419,,59,25.915787,-80.723142,gbhe,1,""
2014,3,3as,3a,1422,,61,25.910638,-80.722855,gbhe,2,""
2014,3,3as,3a,1452,,27,25.913262,-80.773939,gbhe,1,""
2014,3,3as,3a,1509,,81,25.91921,-80.682824,gbhe,1,""
2014,3,3as,3a,1545,,11,25.929354,-80.693846,gbhe,2,""
2014,3,3as,3a,1599,,40,25.93885,-80.76531,gbhe,1,"1s indicate presence"
2014,3,3as,3a,1619,,29,25.939707,-80.707813,gbhe,1,""
2014,3,3as,3a,1655,,102,25.945351,-80.673792,gbhe,1,""
2014,3,3as,3a,1670,,35,25.946574,-80.734737,gbhe,1,""
2014,3,3as,3a,1676,,19,25.94492,-80.742585,gbhe,1,""
2014,3,3as,3a,1678,,18,25.945179,-80.743699,gbhe,1,"1s indicate presence"
2014,3,3as,3a,1725,,54,25.953176,-80.751195,gbhe,2,""
2014,3,3as,3a,1757,,100,25.950597,-80.669195,gbhe,1,"1s indicate presence"
2014,3,3as,3a,1788,,24,25.965989,-80.741818,gbhe,1,"1s indicate presence"
2014,3,3as,3a,1828,,46,25.974172,-80.76402,gbhe,1,"1s indicate presence"
2014,3,3as,3a,1833,,21,25.968711,-80.744666,gbhe,2,""
2014,3,3as,3a,1847,,15,25.968778,-80.695452,gbhe,1,""
2014,3,3as,3a,1882,,33,25.978761,-80.735531,gbhe,2,""
2014,3,3as,3a,1926,,22,25.989683,-80.705965,gbhe,1,""
2014,3,3as,3a,1931,,84,25.983855,-80.685832,gbhe,1,""
2014,3,3as,3a,1992,,31,26.000664,-80.732214,gbhe,1,""
2014,3,3as,3a,3523,,41,25.789047,-80.732737,gbhe,1,""
2014,3,3as,3a,3578,,39,25.855182,-80.802265,gbhe,1,""
2014,3,3as,3a,3612,,45,25.775322,-80.733147,gbhe,1,""
2014,3,3as,3a,3613,,7,25.77437,-80.781958,gbhe,1,""
2014,3,3as,3a,3614,,3,25.765423,-80.78565,gbhe,1,""
2014,3,3as,3a,3615,,6,25.767881,-80.791902,gbhe,1,""
2014,3,3as,3a,3616,,74,25.778534,-80.823721,gbhe,1,""
2014,3,3as,3a,3619,,46,25.80799,-80.714861,gbhe,1,""
2014,3,3as,3a,3620,,12,25.80209,-80.783935,gbhe,1,""
2014,3,3as,3a,3621,,41,25.834176,-80.804064,gbhe,1,""
2014,3,3as,3a,3624,,44,25.843057,-80.705433,gbhe,1,""
2014,3,3as,3a,3626,,109,25.84791,-80.674396,gbhe,2,""
2014,3,3as,3a,3629,,76,25.887077,-80.820843,gbhe,1,""
2014,3,3as,3a,3631,,37,25.884391,-80.703183,gbhe,1,""
2014,3,3as,3a,3632,,33,25.893804,-80.700174,gbhe,2,""
2014,3,3as,3a,3635,,77,25.90342,-80.825237,gbhe,1,""
2014,3,3as,3a,3642,,27,25.958014,-80.704375,gbhe,1,""
2014,3,3as,3a,3649,,50,25.9844,-80.756897,gbhe,1,"1s indicate presence"
2014,3,3as,3a,3650,,26,25.994938,-80.746345,gbhe,1,""
2014,3,3as,3a,1823,,23,25.970386,-80.774673,glib,3,""
2014,3,3as,3a,3617,,99,25.788117,-80.816911,glib,1,""
2014,3,3as,3a,172,,4,25.777552,-80.694086,greg,1,""
2014,3,3as,3a,245,,3,25.780288,-80.741189,greg,1,""
2014,3,3as,3a,346,,12,25.791935,-80.794851,greg,1,""
2014,3,3as,3a,545,,6,25.803172,-80.74223,greg,1,""
2014,3,3as,3a,551,,73,25.80425,-80.722021,greg,1,""
2014,3,3as,3a,699,,71,25.823654,-80.724623,greg,6,""
2014,3,3as,3,1034,,Eaton,25.86374,-80.6633,greg,2,""
2014,3,3as,3a,1217,robs,Robs,25.88864,-80.80453,greg,2,""
2014,3,3as,3a,1287,,106,25.893376,-80.676248,greg,2,""
2014,3,3as,3a,1331,,20,25.906618,-80.794127,greg,1,""
2014,3,3as,3a,1788,,24,25.965989,-80.741818,greg,3,"1s indicate presence"
2014,3,3as,3a,1878,,19,25.980093,-80.695577,greg,3,""
2014,3,3as,3a,1952,,94,25.991978,-80.671975,greg,2,""
2014,3,3as,3a,3616,,74,25.778534,-80.823721,greg,1,""
2014,3,3as,3a,3635,,77,25.90342,-80.825237,greg,1,""
2014,3,3as,3a,538,,11,25.804701,-80.781893,grhe,1,""
2014,3,3as,3a,944,,43,25.84625,-80.702991,grhe,1,""
2014,3,3as,3a,1099,,17,25.872844,-80.796461,grhe,1,""
2014,3,3as,3a,1848,,17,25.970567,-80.694167,grhe,2,""
2014,3,3as,3a,2151,,81,26.048641,-80.812841,grhe,1,""
2014,3,3as,3a,2151,,82,26.048532,-80.812401,grhe,1,""
2014,3,3as,3a,3584,,32,25.943518,-80.805494,grhe,1,""
2014,3,3as,3a,3594,,85,26.031878,-80.815846,grhe,1,""
2014,3,3as,3a,3641,,14,25.959568,-80.695138,grhe,1,""
2014,3,3as,3a,3646,,96,25.951584,-80.81417,grhe,1,""
2014,3,3as,3a,3651,,78,25.993682,-80.824783,grhe,1,""
2014,3,3as,3a,3657,,84,26.037503,-80.813138,grhe,2,""
2014,3,3as,3a,477,,69,25.801488,-80.752213,lada,1,""
2014,3,3as,3a,3616,,74,25.778534,-80.823721,lada,1,""
2014,3,3as,3a,782,,110,25.831677,-80.674041,lbhe,1,""
2014,3,3as,3a,782,,111,25.831689,-80.673188,lbhe,1,""
2014,3,3as,3a,1603,,57,25.941228,-80.754434,lbhe,1,""
2014,3,3as,3a,951,,69,25.843482,-80.724289,trhe,1,""
2014,3,3as,3a,1823,,23,25.970386,-80.774673,trhe,4,""
2014,3,3as,3a,3656,,83,26.039109,-80.81574,trhe,2,""
2014,3,3as,3a,3659,,86,26.055313,-80.688805,whib,3,""
2014,3,3b,3b,422,,3b Mud East,25.801333,-80.49,greg,36,""
2014,3,3b,3,917,diana_old,Diana,25.847267,-80.523467,greg,8,""
2014,3,3b,3,918,,Demeter,25.8472,-80.5275,greg,22,""
2014,3,3b,3,921,,Damkina,25.84723,-80.5315,greg,5,""
2014,3,3b,,1269,,191,25.8956,-80.51434,greg,9,""
2014,3,3b,,1521,,181,25.92389,-80.54376,greg,30,""
2017,1,1,1,3676,43,43,26.51123,-80.43767,lada,132,"1s indicate presence"
2017,1,1,1,3676,43,43,26.51123,-80.43767,lbhe,1,"1s indicate presence"
2017,3,3as,3,3677,47,47,25.97019,-80.77479,anhi,1,""
2017,3,3as,3,3685,93,93,25.91997,-80.79868,greg,2,""
2017,3,3as,3,3677,47,47,25.97019,-80.77479,lbhe,67,""
2017,3,3as,3,3685,93,93,25.91997,-80.79868,lbhe,40,""
2017,3,3as,3,3677,47,47,25.97019,-80.77479,sneg,11,""
2017,3,3as,3,3685,93,93,25.91997,-80.79868,sneg,15,""
2017,3,3as,3,3677,47,47,25.97019,-80.77479,trhe,3,""
2018,1,1,1,2902,wats,Wats,26.50985,-80.32375,gbhe,1,""
2018,1,1,1,,,55,26.541468,-80.262356,gbhe,1,""
2018,1,1,1,2902,wats,Wats,26.50985,-80.32375,greg,3,""
2018,1,1,1,3676,43,43,26.51123,-80.43767,greg,19,"1s indicate presence"
2018,1,1,1,,,54,26.446224,-80.338177,greg,32,""
2018,1,1,1,,,56,26.55948,-80.27192,greg,13,""
2018,1,1,1,,,55,26.541468,-80.262356,greg,14,""
2018,1,1,1,3676,43,43,26.51123,-80.43767,lada,47,"1s indicate presence"
2018,1,1,3,3683,71,71,26.54026,-80.23328,lada,66,"1s indicate presence"
2018,1,1,1,3718,63_006,63/006,26.6169,-80.30672,lada,166,"1s indicate presence"
2018,1,1,1,3676,43,43,26.51123,-80.43767,lbhe,1,"1s indicate presence"
2018,1,1,3,3683,71,71,26.54026,-80.23328,lbhe,1,"1s indicate presence"
2018,1,1,1,3718,63_006,63/006,26.6169,-80.30672,lbhe,1,"1s indicate presence"
2018,2,2b,2,,,9,26.18844,-80.39843,greg,34,""
2018,2,2b,2,,,9,26.18844,-80.39843,lada,2,""
2018,3,3as,3,,,290,25.82993,-80.825,anhi,1,""
2018,3,3as,3,,,283,25.77115,-80.82489,anhi,2,""
2018,3,3as,3,,,276,25.76492,-80.82382,anhi,1,""
2018,3,3as,3,,,291,25.83433,-80.82371,anhi,1,""
2018,3,3as,3,,,310,25.81023,-80.81524,anhi,2,""
2018,3,3as,3,,,313,25.7906,-80.81514,anhi,1,""
2018,3,3as,3,,,318,25.76802,-80.81288,anhi,6,""
2018,3,3as,3,,,323,25.78252,-80.80586,anhi,1,""
2018,3,3as,3,,,322,25.77942,-80.80563,anhi,7,""
2018,3,3as,3,,,321,25.76845,-80.80554,anhi,2,""
2018,3,3as,3,,,359,25.76645,-80.79645,anhi,6,""
2018,3,3as,3,,,347,25.92047,-80.79459,anhi,2,""
2018,3,3as,3,,,353,25.87632,-80.79412,anhi,8,""
2018,3,3as,3,,,352,25.87767,-80.79402,anhi,1,""
2018,3,3as,3,,,355,25.8585,-80.79336,anhi,6,""
2018,3,3as,3,,,369,25.80618,-80.78614,anhi,4,""
2018,3,3as,3,,,364,25.77503,-80.78586,anhi,2,""
2018,3,3as,3,,,363,25.77277,-80.78401,anhi,1,""
2018,3,3as,3,,,371,25.8409,-80.78246,anhi,1,""
2018,3,3as,3,,,368,25.80509,-80.78196,anhi,3,""
2018,3,3as,3,,,394,25.92341,-80.77701,anhi,2,""
2018,3,3as,3,,,400,25.83694,-80.77679,anhi,13,""
2018,3,3as,3,,,389,25.95839,-80.77472,anhi,1,""
2018,3,3as,3,,,402,25.81698,-80.77273,anhi,21,""
2018,3,3as,3,,,390,25.95526,-80.7727,anhi,1,""
2018,3,3as,3,,,410,25.78445,-80.76655,anhi,2,""
2018,3,3as,3,,,422,25.88442,-80.76649,anhi,7,""
2018,3,3as,3,,,432,25.97422,-80.76406,anhi,2,""
2018,3,3as,3,,,421,25.86611,-80.76383,anhi,10,""
2018,3,3as,3,,,446,25.92019,-80.75656,anhi,2,""
2018,3,3as,3,,,449,25.90514,-80.75476,anhi,7,""
2018,3,3as,3,,,451,25.88581,-80.75463,anhi,1,""
2018,3,3as,3,,,452,25.86234,-80.75429,anhi,3,""
2018,3,3as,3,,,456,25.84209,-80.75299,anhi,2,""
2018,3,3as,3,,,462,25.79875,-80.75265,anhi,4,""
2018,3,3as,3,,,491,25.97228,-80.74492,anhi,2,""
2018,3,3as,3,,,476,25.84218,-80.74452,anhi,1,""
2018,3,3as,3,,,481,25.8939,-80.74399,anhi,4,""
2018,3,3as,3,,,485,25.94499,-80.74249,anhi,6,""
2018,3,3as,3,,,475,25.83905,-80.74236,anhi,2,""
2018,3,3as,3,,,488,25.966,-80.74187,anhi,9,""
2018,3,3as,3,,,497,25.87509,-80.73506,anhi,3,""
2018,3,3as,3,,,498,25.86094,-80.73449,anhi,2,""
2018,3,3as,3,,,504,25.76938,-80.73207,anhi,1,""
2018,3,3as,3,,,537,25.8191,-80.67196,anhi,10,""
2018,3,3as,3,,,527,25.94181,-80.67223,anhi,1,""
2018,3,3as,3,,,529,25.9252,-80.67249,anhi,1,""
2018,3,3as,3,,,523,25.96906,-80.6732,anhi,1,""
2018,3,3as,3,,,525,25.9558,-80.67394,anhi,2,""
2018,3,3as,3,,,526,25.94536,-80.67532,anhi,1,""
2018,3,3as,3,,,534,25.85855,-80.67558,anhi,1,""
2018,3,3as,3,,,535,25.82793,-80.67581,anhi,24,""
2018,3,3as,3,,,513,25.85447,-80.68215,anhi,2,""
2018,3,3as,3,,,509,25.8355,-80.68516,anhi,2,""
2018,3,3as,3,,,250,26.01982,-80.6923,anhi,2,""
2018,3,3as,3,,,254,25.90826,-80.69281,anhi,1,""
2018,3,3as,3,,,264,25.77779,-80.69375,anhi,2,""
2018,3,3as,3,,,244,25.96741,-80.70174,anhi,8,""
2018,3,3as,3,,,223,25.78089,-80.70189,anhi,22,""
2018,3,3as,3,,,229,25.84635,-80.70334,anhi,11,""
2018,3,3as,3,,,227,25.83957,-80.70347,anhi,4,""
2018,3,3as,3,,,232,25.86299,-80.70401,anhi,2,""
2018,3,3as,3,,,228,25.84328,-80.70435,anhi,2,""
2018,3,3as,3,,,238,25.88764,-80.70587,anhi,1,""
2018,3,3as,3,,,231,25.8635,-80.70616,anhi,5,""
2018,3,3as,3,,,207,25.86135,-80.7114,anhi,2,""
2018,3,3as,3,,,219,25.77698,-80.71186,anhi,2,""
2018,3,3as,3,,,200,25.94101,-80.71333,anhi,5,""
2018,3,3as,3,,,214,25.8235,-80.71346,anhi,5,""
2018,3,3as,3,,,211,25.8485,-80.71448,anhi,1,""
2018,3,3as,3,,,203,25.88671,-80.71458,anhi,2,""
2018,3,3as,3,,,220,25.76909,-80.71636,anhi,2,""
2018,3,3as,3,,,189,25.90607,-80.72084,anhi,2,""
2018,3,3as,3,,,176,25.80432,-80.72177,anhi,3,""
2018,3,3as,3,,,190,25.91464,-80.72278,anhi,4,""
2018,3,3as,3,,,186,25.88008,-80.72289,anhi,3,""
2018,3,3as,3,,,188,25.91047,-80.72312,anhi,1,""
2018,3,3as,3,,,195,25.94969,-80.72687,anhi,1,""
2018,3,3as,3,3690,430,430,25.96867,-80.76341,bcnh,3,""
2018,3,3as,3,3692,438,438,25.98024,-80.75647,bcnh,6,""
2018,3,3as,3,,,279,25.76746,-80.82503,bcnh,3,""
2018,3,3as,3,,,287,25.79042,-80.82478,bcnh,1,""
2018,3,3as,3,,,277,25.76519,-80.82471,bcnh,1,""
2018,3,3as,3,,,286,25.78774,-80.82461,bcnh,1,""
2018,3,3as,3,,,298,25.96404,-80.81519,bcnh,6,""
2018,3,3as,3,,,304,25.93634,-80.81481,bcnh,1,""
2018,3,3as,3,,,299,25.9629,-80.81436,bcnh,2,""
2018,3,3as,3,,,300,25.96196,-80.81382,bcnh,1,""
2018,3,3as,3,,,306,25.91808,-80.81181,bcnh,2,""
2018,3,3as,3,,,332,25.92618,-80.80668,bcnh,4,""
2018,3,3as,3,,,330,25.91501,-80.80666,bcnh,1,""
2018,3,3as,3,,,328,25.8759,-80.8064,bcnh,2,""
2018,3,3as,3,,,331,25.92418,-80.80566,bcnh,3,""
2018,3,3as,3,,,322,25.77942,-80.80563,bcnh,4,""
2018,3,3as,3,,,329,25.90936,-80.80504,bcnh,2,""
2018,3,3as,3,,,327,25.87676,-80.80361,bcnh,1,""
2018,3,3as,3,,,333,25.92937,-80.80237,bcnh,12,""
2018,3,3as,3,,,336,25.97331,-80.80229,bcnh,6,""
2018,3,3as,3,,,334,25.94073,-80.80179,bcnh,2,""
2018,3,3as,3,,,345,25.93101,-80.79599,bcnh,7,""
2018,3,3as,3,,,344,25.93785,-80.79595,bcnh,4,""
2018,3,3as,3,,,349,25.89841,-80.79565,bcnh,2,""
2018,3,3as,3,,,350,25.89242,-80.79483,bcnh,1,""
2018,3,3as,3,,,347,25.92047,-80.79459,bcnh,8,""
2018,3,3as,3,,,343,25.95952,-80.79398,bcnh,7,""
2018,3,3as,3,,,341,25.9788,-80.79384,bcnh,5,""
2018,3,3as,3,,,355,25.8585,-80.79336,bcnh,1,""
2018,3,3as,3,,,346,25.9218,-80.7933,bcnh,17,""
2018,3,3as,3,,,372,25.91244,-80.78584,bcnh,1,""
2018,3,3as,3,,,377,25.96231,-80.78575,bcnh,14,""
2018,3,3as,3,,,374,25.92286,-80.78551,bcnh,6,""
2018,3,3as,3,,,375,25.95388,-80.78415,bcnh,16,""
2018,3,3as,3,,,365,25.77743,-80.78394,bcnh,1,""
2018,3,3as,3,,,376,25.95186,-80.78238,bcnh,2,""
2018,3,3as,3,,,379,25.97239,-80.78193,bcnh,8,""
2018,3,3as,3,,,383,25.98574,-80.77579,bcnh,4,""
2018,3,3as,3,,,401,25.83453,-80.77572,bcnh,1,""
2018,3,3as,3,,,389,25.95839,-80.77472,bcnh,3,""
2018,3,3as,3,,,399,25.89359,-80.77429,bcnh,6,""
2018,3,3as,3,,,382,25.98598,-80.77411,bcnh,16,""
2018,3,3as,3,,,395,25.9177,-80.77384,bcnh,4,""
2018,3,3as,3,,,385,25.97733,-80.77284,bcnh,1,""
2018,3,3as,3,,,390,25.95526,-80.7727,bcnh,1,""
2018,3,3as,3,,,391,25.95805,-80.77231,bcnh,1,""
2018,3,3as,3,,,423,25.89487,-80.76562,bcnh,5,""
2018,3,3as,3,,,424,25.912,-80.76501,bcnh,3,""
2018,3,3as,3,,,425,25.93181,-80.7642,bcnh,25,""
2018,3,3as,3,,,432,25.97422,-80.76406,bcnh,7,""
2018,3,3as,3,,,429,25.95115,-80.76321,bcnh,4,""
2018,3,3as,3,,,420,25.8522,-80.76276,bcnh,1,""
2018,3,3as,3,,,431,25.97104,-80.76251,bcnh,1,""
2018,3,3as,3,,,411,25.78619,-80.76218,bcnh,1,""
2018,3,3as,3,,,434,25.98667,-80.76206,bcnh,20,""
2018,3,3as,3,,,426,25.93592,-80.76186,bcnh,19,""
2018,3,3as,3,,,409,25.77448,-80.76162,bcnh,1,""
2018,3,3as,3,,,446,25.92019,-80.75656,bcnh,1,""
2018,3,3as,3,,,454,25.85613,-80.75557,bcnh,4,""
2018,3,3as,3,,,445,25.92172,-80.75549,bcnh,14,""
2018,3,3as,3,,,449,25.90514,-80.75476,bcnh,2,""
2018,3,3as,3,,,441,25.94403,-80.75469,bcnh,13,""
2018,3,3as,3,,,443,25.94105,-80.75464,bcnh,2,""
2018,3,3as,3,,,447,25.9162,-80.75446,bcnh,2,""
2018,3,3as,3,,,440,25.95509,-80.75441,bcnh,2,""
2018,3,3as,3,,,448,25.91337,-80.75437,bcnh,1,""
2018,3,3as,3,,,452,25.86234,-80.75429,bcnh,3,""
2018,3,3as,3,,,453,25.86029,-80.7542,bcnh,1,""
2018,3,3as,3,,,442,25.94338,-80.75378,bcnh,2,""
2018,3,3as,3,,,462,25.79875,-80.75265,bcnh,1,""
2018,3,3as,3,,,461,25.80198,-80.75229,bcnh,1,""
2018,3,3as,3,,,437,25.99452,-80.74856,bcnh,19,""
2018,3,3as,3,,,482,25.90996,-80.74694,bcnh,3,""
2018,3,3as,3,,,490,25.97215,-80.74605,bcnh,7,""
2018,3,3as,3,,,477,25.84487,-80.74596,bcnh,3,""
2018,3,3as,3,,,483,25.93951,-80.74578,bcnh,5,""
2018,3,3as,3,,,489,25.96897,-80.74514,bcnh,1,""
2018,3,3as,3,,,480,25.88645,-80.74498,bcnh,1,""
2018,3,3as,3,,,478,25.87008,-80.74487,bcnh,1,""
2018,3,3as,3,,,476,25.84218,-80.74452,bcnh,2,""
2018,3,3as,3,,,481,25.8939,-80.74399,bcnh,1,""
2018,3,3as,3,,,487,25.95445,-80.74345,bcnh,2,""
2018,3,3as,3,,,474,25.83612,-80.7429,bcnh,1,""
2018,3,3as,3,,,486,25.94814,-80.74244,bcnh,1,""
2018,3,3as,3,,,494,25.94148,-80.73555,bcnh,1,""
2018,3,3as,3,,,499,25.80766,-80.73515,bcnh,1,""
2018,3,3as,3,,,493,25.94703,-80.73491,bcnh,2,""
2018,3,3as,3,,,498,25.86094,-80.73449,bcnh,3,""
2018,3,3as,3,,,501,25.789,-80.73265,bcnh,1,""
2018,3,3as,3,,,500,25.78422,-80.73188,bcnh,1,""
2018,3,3as,3,,,520,25.99233,-80.6717,bcnh,9,""
2018,3,3as,3,,,538,25.80914,-80.67248,bcnh,2,""
2018,3,3as,3,,,524,25.96765,-80.67252,bcnh,6,""
2018,3,3as,3,,,521,25.97986,-80.67316,bcnh,1,""
2018,3,3as,3,,,523,25.96906,-80.6732,bcnh,1,""
2018,3,3as,3,,,525,25.9558,-80.67394,bcnh,5,""
2018,3,3as,3,,,522,25.97272,-80.67414,bcnh,2,""
2018,3,3as,3,,,528,25.93202,-80.67577,bcnh,2,""
2018,3,3as,3,,,515,25.91928,-80.68277,bcnh,1,""
2018,3,3as,3,,,517,25.94328,-80.68293,bcnh,4,""
2018,3,3as,3,,,507,25.80768,-80.68541,bcnh,12,""
2018,3,3as,3,,,511,25.84428,-80.68585,bcnh,3,""
2018,3,3as,3,,,516,25.92639,-80.68612,bcnh,1,""
2018,3,3as,3,,,261,25.79679,-80.69189,bcnh,1,""
2018,3,3as,3,,,250,26.01982,-80.6923,bcnh,10,""
2018,3,3as,3,,,260,25.80155,-80.69255,bcnh,7,""
2018,3,3as,3,,,254,25.90826,-80.69281,bcnh,1,""
2018,3,3as,3,,,251,25.95172,-80.69318,bcnh,16,""
2018,3,3as,3,,,257,25.82652,-80.69325,bcnh,1,""
2018,3,3as,3,,,252,25.95175,-80.69377,bcnh,6,""
2018,3,3as,3,,,255,25.89593,-80.69472,bcnh,1,""
2018,3,3as,3,,,253,25.92724,-80.69486,bcnh,1,""
2018,3,3as,3,,,244,25.96741,-80.70174,bcnh,1,""
2018,3,3as,3,,,234,25.86565,-80.70191,bcnh,1,""
2018,3,3as,3,,,225,25.80414,-80.70192,bcnh,4,""
2018,3,3as,3,,,245,25.97858,-80.70255,bcnh,9,""
2018,3,3as,3,,,241,25.93345,-80.70328,bcnh,4,""
2018,3,3as,3,,,243,25.96694,-80.70411,bcnh,6,""
2018,3,3as,3,,,247,25.99142,-80.70481,bcnh,16,""
2018,3,3as,3,,,242,25.93615,-80.70529,bcnh,1,""
2018,3,3as,3,,,246,25.98783,-80.7073,bcnh,16,""
2018,3,3as,3,,,212,25.84365,-80.71177,bcnh,1,""
2018,3,3as,3,,,217,25.78978,-80.71231,bcnh,2,""
2018,3,3as,3,,,201,25.93366,-80.71323,bcnh,2,""
2018,3,3as,3,,,200,25.94101,-80.71333,bcnh,23,""
2018,3,3as,3,,,203,25.88671,-80.71458,bcnh,3,""
2018,3,3as,3,,,218,25.77947,-80.71484,bcnh,3,""
2018,3,3as,3,,,209,25.85227,-80.71593,bcnh,2,""
2018,3,3as,3,,,181,25.84505,-80.72146,bcnh,1,""
2018,3,3as,3,,,179,25.84355,-80.72344,bcnh,4,""
2018,3,3as,3,,,174,25.76605,-80.72345,bcnh,1,""
2018,3,3as,3,,,180,25.84328,-80.72365,bcnh,2,""
2018,3,3as,3,,,183,25.85816,-80.72456,bcnh,1,""
2018,3,3as,3,,,178,25.82345,-80.72495,bcnh,2,""
2018,3,3as,3,,,197,25.95345,-80.72565,bcnh,17,""
2018,3,3as,3,,,194,25.92414,-80.72681,bcnh,3,""
2018,3,3as,3,,,196,25.94968,-80.72686,bcnh,9,""
2018,3,3as,3,,,195,25.94969,-80.72687,bcnh,11,""
2018,3,3as,3,,,498,25.86094,-80.73449,caeg,1,""
2018,3,3as,3,3697,Nintu,Nintu,26.11578,-80.65954,gbhe,1,""
2018,3,3as,3,,,278,25.76512,-80.82475,gbhe,1,""
2018,3,3as,3,,,284,25.77704,-80.82473,gbhe,1,""
2018,3,3as,3,,,276,25.76492,-80.82382,gbhe,2,""
2018,3,3as,3,,,288,25.79887,-80.82294,gbhe,1,""
2018,3,3as,3,,,289,25.80883,-80.82284,gbhe,1,""
2018,3,3as,3,,,282,25.77084,-80.8223,gbhe,2,""
2018,3,3as,3,,,281,25.76691,-80.82218,gbhe,1,""
2018,3,3as,3,,,316,25.76857,-80.81692,gbhe,1,""
2018,3,3as,3,,,311,25.80633,-80.81563,gbhe,1,""
2018,3,3as,3,,,315,25.76993,-80.81404,gbhe,1,""
2018,3,3as,3,,,317,25.76505,-80.81389,gbhe,1,""
2018,3,3as,3,,,314,25.78514,-80.81345,gbhe,1,""
2018,3,3as,3,,,318,25.76802,-80.81288,gbhe,2,""
2018,3,3as,3,,,307,25.86536,-80.81192,gbhe,1,""
2018,3,3as,3,,,301,25.95802,-80.81177,gbhe,1,""
2018,3,3as,3,,,330,25.91501,-80.80666,gbhe,1,""
2018,3,3as,3,,,337,25.97501,-80.80595,gbhe,1,""
2018,3,3as,3,,,324,25.78644,-80.80569,gbhe,2,""
2018,3,3as,3,,,322,25.77942,-80.80563,gbhe,6,""
2018,3,3as,3,,,325,25.80134,-80.80471,gbhe,2,""
2018,3,3as,3,,,327,25.87676,-80.80361,gbhe,1,""
2018,3,3as,3,,,336,25.97331,-80.80229,gbhe,1,""
2018,3,3as,3,,,359,25.76645,-80.79645,gbhe,1,""
2018,3,3as,3,,,345,25.93101,-80.79599,gbhe,1,""
2018,3,3as,3,,,348,25.90646,-80.79428,gbhe,2,""
2018,3,3as,3,,,357,25.79318,-80.79407,gbhe,1,""
2018,3,3as,3,,,352,25.87767,-80.79402,gbhe,2,""
2018,3,3as,3,,,355,25.8585,-80.79336,gbhe,3,""
2018,3,3as,3,,,52,26.092105,-80.793325,gbhe,2,""
2018,3,3as,3,,,358,25.76543,-80.79303,gbhe,1,""
2018,3,3as,3,,,366,25.79428,-80.78631,gbhe,1,""
2018,3,3as,3,,,377,25.96231,-80.78575,gbhe,1,""
2018,3,3as,3,,,362,25.77112,-80.78538,gbhe,1,""
2018,3,3as,3,,,370,25.83367,-80.78482,gbhe,1,""
2018,3,3as,3,,,367,25.80041,-80.78301,gbhe,1,""
2018,3,3as,3,,,371,25.8409,-80.78246,gbhe,1,""
2018,3,3as,3,,,368,25.80509,-80.78196,gbhe,1,""
2018,3,3as,3,,,400,25.83694,-80.77679,gbhe,2,""
2018,3,3as,3,,,403,25.81435,-80.77569,gbhe,1,""
2018,3,3as,3,,,389,25.95839,-80.77472,gbhe,1,""
2018,3,3as,3,,,404,25.79263,-80.77319,gbhe,1,""
2018,3,3as,3,,,392,25.94368,-80.77279,gbhe,1,""
2018,3,3as,3,,,402,25.81698,-80.77273,gbhe,2,""
2018,3,3as,3,,,390,25.95526,-80.7727,gbhe,1,""
2018,3,3as,3,,,398,25.89933,-80.77211,gbhe,1,""
2018,3,3as,3,,,405,25.78809,-80.77196,gbhe,1,""
2018,3,3as,3,,,69,25.974052,-80.767612,gbhe,1,""
2018,3,3as,3,,,417,25.82879,-80.76641,gbhe,3,""
2018,3,3as,3,,,408,25.77219,-80.76602,gbhe,2,""
2018,3,3as,3,,,416,25.82725,-80.7653,gbhe,1,""
2018,3,3as,3,,,418,25.83352,-80.76525,gbhe,1,""
2018,3,3as,3,,,427,25.93589,-80.76419,gbhe,1,""
2018,3,3as,3,,,419,25.84961,-80.76378,gbhe,1,""
2018,3,3as,3,,,415,25.80161,-80.76291,gbhe,1,""
2018,3,3as,3,,,412,25.78809,-80.76218,gbhe,2,""
2018,3,3as,3,,,413,25.78932,-80.76213,gbhe,2,""
2018,3,3as,3,,,414,25.79897,-80.76168,gbhe,1,""
2018,3,3as,3,,,459,25.83056,-80.75628,gbhe,1,""
2018,3,3as,3,,,460,25.82915,-80.75621,gbhe,2,""
2018,3,3as,3,,,455,25.84959,-80.75518,gbhe,1,""
2018,3,3as,3,,,457,25.83648,-80.75512,gbhe,1,""
2018,3,3as,3,,,463,25.78971,-80.75497,gbhe,1,""
2018,3,3as,3,,,449,25.90514,-80.75476,gbhe,1,""
2018,3,3as,3,,,443,25.94105,-80.75464,gbhe,1,""
2018,3,3as,3,,,458,25.83388,-80.75454,gbhe,1,""
2018,3,3as,3,,,466,25.77838,-80.75403,gbhe,1,""
2018,3,3as,3,,,467,25.77618,-80.75304,gbhe,1,""
2018,3,3as,3,,,456,25.84209,-80.75299,gbhe,1,""
2018,3,3as,3,,,465,25.78363,-80.75274,gbhe,1,""
2018,3,3as,3,,,439,25.95642,-80.75265,gbhe,1,""
2018,3,3as,3,,,464,25.78689,-80.75227,gbhe,1,""
2018,3,3as,3,,,437,25.99452,-80.74856,gbhe,1,""
2018,3,3as,3,,,483,25.93951,-80.74578,gbhe,1,""
2018,3,3as,3,,,489,25.96897,-80.74514,gbhe,1,""
2018,3,3as,3,,,470,25.77754,-80.7451,gbhe,3,""
2018,3,3as,3,,,473,25.82288,-80.74505,gbhe,3,""
2018,3,3as,3,,,491,25.97228,-80.74492,gbhe,1,""
2018,3,3as,3,,,481,25.8939,-80.74399,gbhe,2,""
2018,3,3as,3,,,484,25.94385,-80.743,gbhe,1,""
2018,3,3as,3,,,472,25.80311,-80.74273,gbhe,2,""
2018,3,3as,3,,,471,25.77725,-80.7427,gbhe,1,""
2018,3,3as,3,,,485,25.94499,-80.74249,gbhe,2,""
2018,3,3as,3,,,479,25.88086,-80.74242,gbhe,1,""
2018,3,3as,3,,,14,25.90268,-80.73972,gbhe,6,""
2018,3,3as,3,,,503,25.7726,-80.73538,gbhe,1,""
2018,3,3as,3,,,497,25.87509,-80.73506,gbhe,1,""
2018,3,3as,3,,,496,25.91425,-80.7342,gbhe,1,""
2018,3,3as,3,,,502,25.77374,-80.73356,gbhe,1,""
2018,3,3as,3,,,501,25.789,-80.73265,gbhe,1,""
2018,3,3as,3,,,504,25.76938,-80.73207,gbhe,2,""
2018,3,3as,3,,,500,25.78422,-80.73188,gbhe,1,""
2018,3,3as,3,,,50/030C,25.964812,-80.649475,gbhe,2,""
2018,3,3as,3a,,,Hera,25.94,-80.62295,gbhe,1,""
2018,3,3as,3,,,47,26.012208,-80.608635,gbhe,1,""
2018,3,3as,3,,,536,25.8231,-80.67212,gbhe,1,""
2018,3,3as,3,,,533,25.86792,-80.6733,gbhe,1,""
2018,3,3as,3,,,532,25.89307,-80.67608,gbhe,1,""
2018,3,3as,3,,,513,25.85447,-80.68215,gbhe,3,""
2018,3,3as,3,,,509,25.8355,-80.68516,gbhe,1,""
2018,3,3as,3,,,512,25.84719,-80.68536,gbhe,2,""
2018,3,3as,3,,,507,25.80768,-80.68541,gbhe,1,""
2018,3,3as,3,,,510,25.83748,-80.68567,gbhe,1,""
2018,3,3as,3,,,514,25.90909,-80.68575,gbhe,1,""
2018,3,3as,3,,,508,25.81398,-80.68583,gbhe,1,""
2018,3,3as,3,,,263,25.78913,-80.69341,gbhe,1,""
2018,3,3as,3,,,264,25.77779,-80.69375,gbhe,1,""
2018,3,3as,3,,,256,25.87771,-80.69454,gbhe,1,""
2018,3,3as,3,,,244,25.96741,-80.70174,gbhe,2,""
2018,3,3as,3,,,225,25.80414,-80.70192,gbhe,1,""
2018,3,3as,3,,,239,25.89281,-80.70232,gbhe,1,""
2018,3,3as,3,,,233,25.86448,-80.70262,gbhe,1,""
2018,3,3as,3,,,229,25.84635,-80.70334,gbhe,1,""
2018,3,3as,3,,,227,25.83957,-80.70347,gbhe,2,""
2018,3,3as,3,,,226,25.81258,-80.70376,gbhe,1,""
2018,3,3as,3,,,232,25.86299,-80.70401,gbhe,3,""
2018,3,3as,3,,,240,25.90813,-80.70431,gbhe,1,""
2018,3,3as,3,,,235,25.8778,-80.70526,gbhe,1,""
2018,3,3as,3,,,236,25.88035,-80.7054,gbhe,1,""
2018,3,3as,3,,,231,25.8635,-80.70616,gbhe,2,""
2018,3,3as,3,,,230,25.8599,-80.70719,gbhe,1,""
2018,3,3as,3,,,212,25.84365,-80.71177,gbhe,1,""
2018,3,3as,3,,,201,25.93366,-80.71323,gbhe,1,""
2018,3,3as,3,,,200,25.94101,-80.71333,gbhe,1,""
2018,3,3as,3,,,214,25.8235,-80.71346,gbhe,2,""
2018,3,3as,3,,,208,25.85948,-80.71357,gbhe,1,""
2018,3,3as,3,,,205,25.86902,-80.71372,gbhe,1,""
2018,3,3as,3,,,211,25.8485,-80.71448,gbhe,1,""
2018,3,3as,3,,,203,25.88671,-80.71458,gbhe,1,""
2018,3,3as,3,,,204,25.87037,-80.71615,gbhe,1,""
2018,3,3as,3,,,177,25.81255,-80.72263,gbhe,1,""
2018,3,3as,3,,,182,25.85685,-80.72285,gbhe,1,""
2018,3,3as,3,,,175,25.78764,-80.72292,gbhe,1,""
2018,3,3as,3,,,192,25.92036,-80.72297,gbhe,1,""
2018,3,3as,3,,,191,25.91556,-80.72309,gbhe,1,""
2018,3,3as,3,,,188,25.91047,-80.72312,gbhe,1,""
2018,3,3as,3,,,187,25.8821,-80.72465,gbhe,1,""
2018,3,3as,3,,,178,25.82345,-80.72495,gbhe,2,""
2018,3,3as,3,,,185,25.86129,-80.72498,gbhe,1,""
2018,3,3as,3,,,246,25.98783,-80.7073,glib,12,""
2018,3,3as,3,3679,61,61,26.127076,-80.745264,greg,39,"1s indicate presence"
2018,3,3as,3,3697,Nintu,Nintu,26.11578,-80.65954,greg,20,""
2018,3,3as,3,,,318,25.76802,-80.81288,greg,2,""
2018,3,3as,3,,,52,26.092105,-80.793325,greg,19,""
2018,3,3as,3,,,62,26.128539,-80.774961,greg,16,"1s indicate presence"
2018,3,3as,3,,,476,25.84218,-80.74452,greg,2,""
2018,3,3as,3,,,14,25.90268,-80.73972,greg,25,""
2018,3,3as,3,,,50/030C,25.964812,-80.649475,greg,27,""
2018,3,3as,3a,,,Hera,25.94,-80.62295,greg,8,""
2018,3,3as,3,,,47,26.012208,-80.608635,greg,10,""
2018,3,3as,3,,,536,25.8231,-80.67212,greg,4,""
2018,3,3as,3,,,178,25.82345,-80.72495,greg,8,""
2018,3,3as,3,3678,60,60,26.02514,-80.69306,lada,77,"1s indicate presence"
2018,3,3as,3,3681,65,65,25.86667,-80.80083,lada,253,"1s indicate presence"
2018,3,3as,3,3682,66,66,25.91959,-80.79877,lada,167,"1s indicate presence"
2018,3,3as,3,3684,72,72,25.995686,-80.739354,lada,45,"1s indicate presence"
2018,3,3as,3,3719,67_001c,67/001C,25.91318,-80.80832,lada,83,"1s indicate presence"
2018,3,3as,3,3720,70_134,70/134,26.06944,-80.63514,lada,75,""
2018,3,3as,3,3678,60,60,26.02514,-80.69306,lbhe,1,"1s indicate presence"
2018,3,3as,3,3679,61,61,26.127076,-80.745264,lbhe,1,"1s indicate presence"
2018,3,3as,3,3681,65,65,25.86667,-80.80083,lbhe,1,"1s indicate presence"
2018,3,3as,3,3682,66,66,25.91959,-80.79877,lbhe,1,"1s indicate presence"
2018,3,3as,3,3684,72,72,25.995686,-80.739354,lbhe,1,"1s indicate presence"
2018,3,3as,3,3688,387,387,25.97397,-80.77251,lbhe,52,""
2018,3,3as,3,3689,388,388,25.97029,-80.77474,lbhe,59,""
2018,3,3as,3,3690,430,430,25.96867,-80.76341,lbhe,30,""
2018,3,3as,3,3692,438,438,25.98024,-80.75647,lbhe,50,""
2018,3,3as,3,3719,67_001c,67/001C,25.91318,-80.80832,lbhe,1,"1s indicate presence"
2018,3,3as,3,,,329,25.90936,-80.80504,lbhe,41,""
2018,3,3as,3,,,346,25.9218,-80.7933,lbhe,1,""
2018,3,3as,3,,,62,26.128539,-80.774961,lbhe,1,"1s indicate presence"
2018,3,3as,3,3678,60,60,26.02514,-80.69306,sneg,7,"1s indicate presence"
2018,3,3as,3,3690,430,430,25.96867,-80.76341,sneg,1,""
2018,3,3as,3,3692,438,438,25.98024,-80.75647,sneg,25,""
2018,3,3as,3,,,69,25.974052,-80.767612,sneg,8,""
2018,3,3as,3,3690,430,430,25.96867,-80.76341,trhe,20,""
2018,3,3as,3,3692,438,438,25.98024,-80.75647,trhe,7,""
2018,3,3as,3,,,331,25.92418,-80.80566,trhe,1,""
2018,3,3as,3,,,347,25.92047,-80.79459,trhe,2,""
2018,3,3as,3,,,260,25.80155,-80.69255,trhe,1,""
2018,3,3as,3,3690,430,430,25.96867,-80.76341,whib,5,""
2018,3,3as,3,,,246,25.98783,-80.7073,whib,7,""
2018,3,3as,3,,,246,25.98783,-80.7073,ycnh,3,""
2018,3,3ase,3,,,48,26.082893,-80.537542,gbhe,5,""
2018,3,3ase,3,,,15,26.08718,-80.51664,gbhe,5,""
2018,3,3ase,3,,,48,26.082893,-80.537542,greg,11,""
2018,3,3ase,3,,,15,26.08718,-80.51664,greg,12,""
2018,3,3b,3,,,6,25.9264,-80.54337,gbhe,9,""
2018,3,3b,3,,,Demeter,25.8472,-80.5275,gbhe,1,""
2018,3,3b,3,,,Ganga,25.92346667,-80.51858333,gbhe,2,""
2018,3,3b,3,,,6,25.9264,-80.54337,greg,19,""
2018,3,3b,3,,,Demeter,25.8472,-80.5275,greg,15,""
2018,3,3b,3,,,Ganga,25.92346667,-80.51858333,greg,7,""
2018,3,3b,3,,,5,25.89252,-80.51207,greg,6,""
2019,3,3as,3,,547,547,25.7816320192068,-80.763614019379,anhi,1,""
2019,3,3as,3,,548,548,25.7895020395517,-80.762038975954,anhi,4,""
2019,3,3as,3,,551,551,25.8024089969694,-80.7668159902095,anhi,4,""
2019,3,3as,3,,555,555,25.8289010077714,-80.7663079630583,anhi,10,""
2019,3,3as,3,,560,560,25.8682849723845,-80.7617379818111,anhi,14,""
2019,3,3as,3,,561,561,25.8845219761133,-80.7660099864006,anhi,12,""
2019,3,3as,3,,565,565,25.9269319754093,-80.7642999943345,anhi,1,""
2019,3,3as,3,,566,566,25.9318639710545,-80.764074018225,anhi,3,""
2019,3,3as,3,,572,572,25.9866579808294,-80.7620829809457,anhi,1,""
2019,3,3as,3,,581,581,25.9415899962186,-80.7538569811731,anhi,3,""
2019,3,3as,3,,582,582,25.9381720237433,-80.7549919746816,anhi,1,""
2019,3,3as,3,,583,583,25.9199739899486,-80.7566390186548,anhi,2,""
2019,3,3as,3,,585,585,25.8959519583731,-80.7546720374375,anhi,1,""
2019,3,3as,3,,586,586,25.8941259607672,-80.7543970271945,anhi,2,""
2019,3,3as,3,,588,588,25.8769419696182,-80.7555649615824,anhi,3,""
2019,3,3as,3,,589,589,25.8531709760427,-80.7575679849833,anhi,7,""
2019,3,3as,3,,591,591,25.8420579973608,-80.7529750373214,anhi,3,""
2019,3,3as,3,,592,592,25.8309229742735,-80.7532160170376,anhi,1,""
2019,3,3as,3,,593,593,25.8029369730502,-80.7528389990329,anhi,1,""
2019,3,3as,3,,594,594,25.7799169979989,-80.7550410088151,anhi,1,""
2019,3,3as,3,,595,595,25.7783370092511,-80.7539449911564,anhi,2,""
2019,3,3as,3,,599,599,25.7787840161472,-80.823398027569,anhi,2,""
2019,3,3as,3,,615,615,25.8764559868723,-80.8135590143501,anhi,1,""
2019,3,3as,3,,617,617,25.8100819587707,-80.8154160249978,anhi,1,""
2019,3,3as,3,,626,626,25.7651139702647,-80.7418150361627,anhi,2,""
2019,3,3as,3,,627,627,25.7720510009676,-80.7455869764089,anhi,2,""
2019,3,3as,3,,628,628,25.7755159959197,-80.7448030170053,anhi,1,""
2019,3,3as,3,,629,629,25.7767160329967,-80.7438000384718,anhi,1,""
2019,3,3as,3,,631,631,25.8229399658739,-80.744805028662,anhi,9,""
2019,3,3as,3,,635,635,25.8675310201942,-80.7469750195741,anhi,7,""
2019,3,3as,3,,637,637,25.8937429916113,-80.7439960073679,anhi,4,""
2019,3,3as,3,,638,638,25.900668958202,-80.7415759842842,anhi,16,""
2019,3,3as,3,,639,639,25.9099939931184,-80.7466239854693,anhi,15,""
2019,3,3as,3,,641,641,25.9448499698191,-80.7424750272184,anhi,16,""
2019,3,3as,3,,671,671,25.8504399843513,-80.7285650074481,anhi,2,""
2019,3,3as,3,,673,673,25.8161259815096,-80.7319819740951,anhi,1,""
2019,3,3as,3,,676,676,25.7842820417135,-80.7315460313111,anhi,2,""
2019,3,3as,3,,684,684,25.804331973195,-80.7217810302972,anhi,6,""
2019,3,3as,3,,687,687,25.8316019922494,-80.7229160238057,anhi,4,""
2019,3,3as,3,,689,689,25.8450779970735,-80.7215080317109,anhi,2,""
2019,3,3as,3,,692,692,25.8796720393002,-80.725105041638,anhi,3,""
2019,3,3as,3,,693,693,25.8786439988762,-80.7208020240068,anhi,11,""
2019,3,3as,3,,694,694,25.9104590211063,-80.7231079693883,anhi,2,""
2019,3,3as,3,,695,695,25.9239620156586,-80.7267400156706,anhi,8,""
2019,3,3as,3,,703,703,25.9919560141861,-80.7257780246436,anhi,2,""
2019,3,3as,3,,707,707,25.9408819768577,-80.7133309822529,anhi,1,""
2019,3,3as,3,,708,708,25.8612630330026,-80.7113960199058,anhi,7,""
2019,3,3as,3,,709,709,25.8523730188608,-80.7159729581326,anhi,5,""
2019,3,3as,3,,710,710,25.8509879931807,-80.7154400367289,anhi,5,""
2019,3,3as,3,,711,711,25.8303919807076,-80.7125300075858,anhi,7,""
2019,3,3as,3,,712,712,25.8233810216188,-80.7133009750396,anhi,4,""
2019,3,3as,3,,713,713,25.8198150247335,-80.7107370346784,anhi,1,""
2019,3,3as,3,,715,715,25.8085940033197,-80.7135650049895,anhi,2,""
2019,3,3as,3,,716,716,25.7794829830527,-80.7148839812725,anhi,1,""
2019,3,3as,3,,721,721,25.7675479911267,-80.7857610192149,anhi,4,""
2019,3,3as,3,,722,722,25.7715400401502,-80.7846869621425,anhi,3,""
2019,3,3as,3,,724,724,25.8004509843885,-80.7830659858882,anhi,4,""
2019,3,3as,3,,725,725,25.8061240240931,-80.7860910147428,anhi,14,""
2019,3,3as,3,,726,726,25.810457970947,-80.7822319865226,anhi,1,""
2019,3,3as,3,,730,730,25.8730700332671,-80.782084967941,anhi,1,""
2019,3,3as,3,,737,737,25.9245390258729,-80.7864189986139,anhi,3,""
2019,3,3as,3,,741,741,25.9622900281101,-80.7857870031148,anhi,2,""
2019,3,3as,3,,765,765,25.9825429692864,-80.7713839598,anhi,4,""
2019,3,3as,3,,767,767,25.9583859890699,-80.7747330330312,anhi,1,""
2019,3,3as,3,,770,770,25.9182250220328,-80.7734889909625,anhi,6,""
2019,3,3as,3,,773,773,25.8757669944316,-80.7766740303486,anhi,5,""
2019,3,3as,3,,775,775,25.864713024348,-80.7756110373884,anhi,5,""
2019,3,3as,3,,776,776,25.8546959795057,-80.7770750205963,anhi,3,""
2019,3,3as,3,,777,777,25.8475250098854,-80.7763939909636,anhi,1,""
2019,3,3as,3,,778,778,25.8369179628789,-80.7763909734785,anhi,10,""
2019,3,3as,3,,779,779,25.8170950133353,-80.7728600129485,anhi,9,""
2019,3,3as,3,,780,780,25.8147640060633,-80.7758670207113,anhi,7,""
2019,3,3as,3,,781,781,25.7959850225597,-80.7758700381964,anhi,1,""
2019,3,3as,3,,782,782,25.7850230019539,-80.7759759854525,anhi,1,""
2019,3,3as,3,,786,786,25.8047059737145,-80.6817219872027,anhi,4,""
2019,3,3as,3,,787,787,25.8140460122376,-80.6858390104025,anhi,1,""
2019,3,3as,3,,788,788,25.8355549816042,-80.6854240223765,anhi,8,""
2019,3,3as,3,,789,789,25.8471609838306,-80.6853360123932,anhi,1,""
2019,3,3as,3,,790,790,25.8551350235939,-80.6814580410718,anhi,13,""
2019,3,3as,3,,793,793,25.9016990102827,-80.684066992253,anhi,2,""
2019,3,3as,3,,794,794,25.9091429784893,-80.6858010403811,anhi,1,""
2019,3,3as,3,,823,823,25.9555619582533,-80.6735939718782,anhi,1,""
2019,3,3as,3,,828,828,26.0437470395118,-80.7226410135626,anhi,4,""
2019,3,3as,3,,829,829,26.0392850171774,-80.7226270157843,anhi,1,""
2019,3,3as,3,,443,443,25.7727740239351,-80.8063059858977,anhi,4,""
2019,3,3as,3,,444,444,25.8010580018162,-80.8035459928214,anhi,1,""
2019,3,3as,3,,447,447,25.8767050132155,-80.8035459928214,anhi,1,""
2019,3,3as,3,,485,485,25.8585280179977,-80.7933090068399,anhi,8,""
2019,3,3as,3,,488,488,25.7663789670914,-80.7964430004358,anhi,30,""
2019,3,3as,3,,491,491,25.7809379976242,-80.702114989981,anhi,2,""
2019,3,3as,3,,492,492,25.7925109751522,-80.7009100075811,anhi,1,""
2019,3,3as,3,,500,500,25.8246900234371,-80.7068390306085,anhi,1,""
2019,3,3as,3,,501,501,25.8354920335114,-80.7011270150542,anhi,1,""
2019,3,3as,3,,502,502,25.8396209590137,-80.7034509815275,anhi,3,""
2019,3,3as,3,,503,503,25.8432100061327,-80.704453960061,anhi,1,""
2019,3,3as,3,,504,504,25.8463620208203,-80.7033469621092,anhi,25,""
2019,3,3as,3,,507,507,25.863610971719,-80.706021040678,anhi,3,""
2019,3,3as,3,,508,508,25.8630499709397,-80.7042470108717,anhi,6,""
2019,3,3as,3,,509,509,25.8646000362932,-80.7025609910488,anhi,2,""
2019,3,3as,3,,511,511,25.8867430128157,-80.7020370382815,anhi,4,""
2019,3,3as,3,,539,539,26.0721440054476,-80.6968649849295,anhi,1,""
2019,3,3as,3,,557,557,25.9685369767248,-80.6955590005964,anhi,4,""
2019,3,3as,3,,560,560,25.9082499705255,-80.6928330380469,anhi,1,""
2019,3,3as,3,,561,561,25.8265440165996,-80.6932750158011,anhi,2,""
2019,3,3as,3,,566,566,25.7895459607243,-80.6931109819561,anhi,2,""
2019,3,3as,3,,571,571,25.8190469909459,-80.671952040866,anhi,1,""
2019,3,3as,3,,572,572,25.827900962904,-80.6758460216224,anhi,20,""
2019,3,3as,3,,574,574,25.8475730381906,-80.6765439826995,anhi,20,""
2019,3,3as,3,,577,577,25.8569760248064,-80.6714639626443,anhi,3,""
2019,3,3as,3,,580,580,25.8867049589753,-80.6718269828706,anhi,1,""
2019,3,3as,3,,582,582,25.9225339908152,-80.6733130104839,anhi,3,""
2019,3,3as,3,,218,218,25.94531,-80.67518,anhi,21,""
2019,3,3as,3,,552,552,25.805885978043,-80.7629729714244,bcnh,2,""
2019,3,3as,3,,563,563,25.9120110142976,-80.765302972868,bcnh,4,""
2019,3,3as,3,,564,564,25.9243070147931,-80.7661819830536,bcnh,2,""
2019,3,3as,3,,566,566,25.9318639710545,-80.764074018225,bcnh,11,""
2019,3,3as,3,,567,567,25.9510219842195,-80.7632609736174,bcnh,2,""
2019,3,3as,3,,568,568,25.9541200194507,-80.7647670339792,bcnh,3,""
2019,3,3as,3,,570,570,25.9689569938927,-80.7630609814077,bcnh,8,""
2019,3,3as,3,,571,571,25.9742860402911,-80.7644020020961,bcnh,12,""
2019,3,3as,3,,572,572,25.9866579808294,-80.7620829809457,bcnh,13,""
2019,3,3as,3,,573,573,25.9939980134367,-80.7676990237087,bcnh,10,""
2019,3,3as,3,,574,574,25.999315995723,-80.7633960060775,bcnh,5,""
2019,3,3as,3,,577,577,25.974792977795,-80.7544599752873,bcnh,1,""
2019,3,3as,3,,578,578,25.9686030261218,-80.7518549636006,bcnh,3,""
2019,3,3as,3,,579,579,25.9604269824922,-80.7511649653315,bcnh,3,""
2019,3,3as,3,,580,580,25.954837007448,-80.7548469677567,bcnh,2,""
2019,3,3as,3,,583,583,25.9199739899486,-80.7566390186548,bcnh,1,""
2019,3,3as,3,,584,584,25.9107440058141,-80.7531190384179,bcnh,1,""
2019,3,3as,3,,585,585,25.8959519583731,-80.7546720374375,bcnh,4,""
2019,3,3as,3,,587,587,25.8883499912917,-80.7527120131999,bcnh,1,""
2019,3,3as,3,,588,588,25.8769419696182,-80.7555649615824,bcnh,1,""
2019,3,3as,3,,589,589,25.8531709760427,-80.7575679849833,bcnh,3,""
2019,3,3as,3,,590,590,25.8477799873799,-80.7553929649293,bcnh,1,""
2019,3,3as,3,,600,600,25.8330560009926,-80.8222659677267,bcnh,2,""
2019,3,3as,3,,607,607,25.9362590219825,-80.8146169781684,bcnh,1,""
2019,3,3as,3,,608,608,25.9194269869476,-80.8122469950467,bcnh,3,""
2019,3,3as,3,,609,609,25.9050179924815,-80.8120879903435,bcnh,1,""
2019,3,3as,3,,612,612,25.8860390167683,-80.8111460320651,bcnh,1,""
2019,3,3as,3,,614,614,25.8819970116019,-80.8133300207555,bcnh,1,""
2019,3,3as,3,,631,631,25.8229399658739,-80.744805028662,bcnh,1,""
2019,3,3as,3,,633,633,25.8360340073704,-80.7428679708391,bcnh,1,""
2019,3,3as,3,,634,634,25.8421709854155,-80.7445219717919,bcnh,2,""
2019,3,3as,3,,636,636,25.886329030618,-80.7449730020016,bcnh,2,""
2019,3,3as,3,,637,637,25.8937429916113,-80.7439960073679,bcnh,2,""
2019,3,3as,3,,640,640,25.9330049995332,-80.7433500140905,bcnh,1,""
2019,3,3as,3,,643,643,25.9482149686664,-80.7429869938641,bcnh,1,""
2019,3,3as,3,,645,645,25.9737250395119,-80.7435029838234,bcnh,5,""
2019,3,3as,3,,646,646,25.9847719687968,-80.7433350104838,bcnh,1,""
2019,3,3as,3,,647,647,25.9920359775424,-80.7448490336537,bcnh,4,""
2019,3,3as,3,,648,648,26.0104490071535,-80.7466109935194,bcnh,5,""
2019,3,3as,3,,649,649,26.0435919743031,-80.742999985814,bcnh,1,""
2019,3,3as,3,,650,650,26.0537550318986,-80.7411899976432,bcnh,5,""
2019,3,3as,3,,651,651,26.0591330286115,-80.7446989975869,bcnh,2,""
2019,3,3as,3,,652,652,26.0622009728103,-80.744657004252,bcnh,6,""
2019,3,3as,3,,655,655,26.0925749782472,-80.7361210417002,bcnh,2,""
2019,3,3as,3,,656,656,26.0657040216028,-80.7353599648922,bcnh,1,""
2019,3,3as,3,,657,657,26.0555790178477,-80.7350179832428,bcnh,3,""
2019,3,3as,3,,658,658,26.0542100016027,-80.7334939856082,bcnh,2,""
2019,3,3as,3,,659,659,26.0459450259804,-80.731559023261,bcnh,2,""
2019,3,3as,3,,660,660,26.0381940286606,-80.7356170378625,bcnh,6,""
2019,3,3as,3,,661,661,26.0226600151509,-80.7342510391026,bcnh,17,""
2019,3,3as,3,,662,662,26.0112140234559,-80.7354229968041,bcnh,19,""
2019,3,3as,3,,663,663,26.0008789692074,-80.7327459845691,bcnh,12,""
2019,3,3as,3,,664,664,25.9959179721772,-80.7313440274447,bcnh,22,""
2019,3,3as,3,,665,665,25.9777060244232,-80.7315389905124,bcnh,5,""
2019,3,3as,3,,666,666,25.9602119866758,-80.7342009991407,bcnh,3,""
2019,3,3as,3,,667,667,25.9554189629852,-80.7336109969764,bcnh,5,""
2019,3,3as,3,,668,668,25.9469239879399,-80.734881022945,bcnh,1,""
2019,3,3as,3,,669,669,25.946939997375,-80.7352789957076,bcnh,1,""
2019,3,3as,3,,670,670,25.941353039816,-80.7355609629303,bcnh,3,""
2019,3,3as,3,,672,672,25.8504060376435,-80.7285589724779,bcnh,1,""
2019,3,3as,3,,674,674,25.8076650369912,-80.7351619843393,bcnh,2,""
2019,3,3as,3,,675,675,25.7864920143038,-80.7316270004957,bcnh,1,""
2019,3,3as,3,,677,677,25.780956018716,-80.7336639706045,bcnh,1,""
2019,3,3as,3,,686,686,25.830778973177,-80.7230219710618,bcnh,1,""
2019,3,3as,3,,687,687,25.8316019922494,-80.7229160238057,bcnh,3,""
2019,3,3as,3,,688,688,25.8435379900038,-80.7236060220748,bcnh,4,""
2019,3,3as,3,,689,689,25.8450779970735,-80.7215080317109,bcnh,4,""
2019,3,3as,3,,690,690,25.8582509960979,-80.724566001445,bcnh,2,""
2019,3,3as,3,,698,698,25.9422219917178,-80.724106002599,bcnh,3,""
2019,3,3as,3,,699,699,25.9496190212666,-80.7267649937421,bcnh,1,""
2019,3,3as,3,,700,700,25.9666880127042,-80.7238849718123,bcnh,1,""
2019,3,3as,3,,701,701,25.9746789839118,-80.7220759894698,bcnh,1,""
2019,3,3as,3,,703,703,25.9919560141861,-80.7257780246436,bcnh,5,""
2019,3,3as,3,,706,706,25.9767560195177,-80.7119580265134,bcnh,2,""
2019,3,3as,3,,714,714,25.8129240106791,-80.7153780106455,bcnh,1,""
2019,3,3as,3,,717,717,25.7770610321313,-80.7116580381989,bcnh,2,""
2019,3,3as,3,,718,718,25.7729140017181,-80.7118469662964,bcnh,2,""
2019,3,3as,3,,729,729,25.8523659780621,-80.7816600054502,bcnh,3,""
2019,3,3as,3,,730,730,25.8730700332671,-80.782084967941,bcnh,6,""
2019,3,3as,3,,731,731,25.8777509909123,-80.785065991804,bcnh,1,""
2019,3,3as,3,,732,732,25.8786510396748,-80.7853499706834,bcnh,3,""
2019,3,3as,3,,735,735,25.9165379963815,-80.7859020028263,bcnh,8,""
2019,3,3as,3,,736,736,25.9179220162332,-80.7848799973726,bcnh,6,""
2019,3,3as,3,,737,737,25.9245390258729,-80.7864189986139,bcnh,6,""
2019,3,3as,3,,741,741,25.9622900281101,-80.7857870031148,bcnh,4,""
2019,3,3as,3,,743,743,25.9856379870325,-80.7821230217814,bcnh,1,""
2019,3,3as,3,,745,745,26.0282169654965,-80.7770770322531,bcnh,8,""
2019,3,3as,3,,746,746,26.0334460157901,-80.7773809600621,bcnh,15,""
2019,3,3as,3,,747,747,26.0564099997282,-80.7733129709959,bcnh,5,""
2019,3,3as,3,,748,748,26.0644820239394,-80.7752940338104,bcnh,8,""
2019,3,3as,3,,749,749,26.0709169786423,-80.7758049946278,bcnh,5,""
2019,3,3as,3,,750,750,26.090957019478,-80.7718970160931,bcnh,7,""
2019,3,3as,3,,751,751,26.095018973574,-80.7751999888569,bcnh,5,""
2019,3,3as,3,,752,752,26.098784962669,-80.7766710128635,bcnh,1,""
2019,3,3as,3,,754,754,26.1288709659129,-80.7747000083327,bcnh,2,""
2019,3,3as,3,,756,756,26.0355350375175,-80.7703720126301,bcnh,6,""
2019,3,3as,3,,757,757,26.0177560150623,-80.7750890124589,bcnh,1,""
2019,3,3as,3,,759,759,26.0005209781229,-80.7751829735934,bcnh,4,""
2019,3,3as,3,,760,760,25.9991519618779,-80.7741769775748,bcnh,1,""
2019,3,3as,3,,761,761,25.9977889806032,-80.7765939831733,bcnh,1,""
2019,3,3as,3,,762,762,25.99149601534,-80.7745389919728,bcnh,2,""
2019,3,3as,3,,763,763,25.9886090364307,-80.7738729659467,bcnh,1,""
2019,3,3as,3,,764,764,25.9861119836568,-80.7757699582725,bcnh,1,""
2019,3,3as,3,,765,765,25.9825429692864,-80.7713839598,bcnh,2,""
2019,3,3as,3,,768,768,25.9457989688962,-80.7781329844146,bcnh,1,""
2019,3,3as,3,,769,769,25.932333022356,-80.7761309668421,bcnh,5,""
2019,3,3as,3,,770,770,25.9182250220328,-80.7734889909625,bcnh,2,""
2019,3,3as,3,,771,771,25.8947779890149,-80.7743329647928,bcnh,2,""
2019,3,3as,3,,772,772,25.8937620185315,-80.7740749698132,bcnh,6,""
2019,3,3as,3,,773,773,25.8757669944316,-80.7766740303486,bcnh,2,""
2019,3,3as,3,,774,774,25.8649170398712,-80.7739209942519,bcnh,3,""
2019,3,3as,3,,775,775,25.864713024348,-80.7756110373884,bcnh,1,""
2019,3,3as,3,,777,777,25.8475250098854,-80.7763939909636,bcnh,2,""
2019,3,3as,3,,780,780,25.8147640060633,-80.7758670207113,bcnh,1,""
2019,3,3as,3,,787,787,25.8140460122376,-80.6858390104025,bcnh,3,""
2019,3,3as,3,,790,790,25.8551350235939,-80.6814580410718,bcnh,2,""
2019,3,3as,3,,791,791,25.8841019589453,-80.6867730058729,bcnh,1,""
2019,3,3as,3,,792,792,25.8992769755423,-80.6832039915025,bcnh,2,""
2019,3,3as,3,,795,795,25.9191740211099,-80.682800989598,bcnh,5,""
2019,3,3as,3,,796_jeb,796/Jeb,25.9264159854501,-80.6861290242522,bcnh,6,""
2019,3,3as,3,,797,797,25.943054985255,-80.6830839626491,bcnh,1,""
2019,3,3as,3,,798,798,25.9550029691308,-80.6852329988032,bcnh,2,""
2019,3,3as,3,,799,799,25.9764690231531,-80.6853790115565,bcnh,5,""
2019,3,3as,3,,800,800,25.9912060014903,-80.6846740096807,bcnh,14,""
2019,3,3as,3,,801,801,26.0014210268855,-80.6848859880119,bcnh,1,""
2019,3,3as,3,,802,802,26.0046479757875,-80.6848959624767,bcnh,8,""
2019,3,3as,3,,803,803,26.0048460401594,-80.6854129582643,bcnh,6,""
2019,3,3as,3,,804,804,26.0159050393849,-80.6847109738737,bcnh,1,""
2019,3,3as,3,,805_kepr,805/Kepr,26.0225570015609,-80.6821699999272,bcnh,1,""
2019,3,3as,3,,806,806,26.0317869856953,-80.6824389752,bcnh,1,""
2019,3,3as,3,,807,807,26.0390369966626,-80.6853930093348,bcnh,3,""
2019,3,3as,3,,808_kingu,808/Kingu,26.0376809723675,-80.6804650370031,bcnh,5,""
2019,3,3as,3,,809,809,26.0799629800021,-80.6854680273681,bcnh,2,""
2019,3,3as,3,,810,810,26.0907880403101,-80.6871240399777,bcnh,4,""
2019,3,3as,3,,811,811,26.0952260065823,-80.6857410259544,bcnh,4,""
2019,3,3as,3,,814,814,26.0773360077291,-80.6736000068485,bcnh,1,""
2019,3,3as,3,,815,815,26.071487031877,-80.6759630329906,bcnh,9,""
2019,3,3as,3,,817,817,26.0342179890722,-80.6749680172652,bcnh,4,""
2019,3,3as,3,,818,818,26.003920007497,-80.6733700074255,bcnh,1,""
2019,3,3as,3,,819,819,25.9961980115622,-80.6739809643477,bcnh,3,""
2019,3,3as,3,,820,820,25.9922040347009,-80.6719139870256,bcnh,6,""
2019,3,3as,3,,821,821,25.9726469591259,-80.6741389632225,bcnh,2,""
2019,3,3as,3,,822,822,25.9709499590098,-80.673892032355,bcnh,1,""
2019,3,3as,3,,823,823,25.9555619582533,-80.6735939718782,bcnh,5,""
2019,3,3as,3,,826,826,26.0937669686973,-80.7211219612509,bcnh,4,""
2019,3,3as,3,,827,827,26.0685619991272,-80.7238380331546,bcnh,1,""
2019,3,3as,3,,828,828,26.0437470395118,-80.7226410135626,bcnh,4,""
2019,3,3as,3,,829,829,26.0392850171774,-80.7226270157843,bcnh,1,""
2019,3,3as,3,,830,830,26.0051349643617,-80.7223759777843,bcnh,3,""
2019,3,3as,3,,831,831,25.982673978433,-80.711475983262,bcnh,5,""
2019,3,3as,3,,832,832,25.9868230205029,-80.718349982053,bcnh,1,""
2019,3,3as,3,,833,833,25.9870380163192,-80.7178390212357,bcnh,5,""
2019,3,3as,3,,834,834,25.9889749903231,-80.7168760243803,bcnh,2,""
2019,3,3as,3,,835,835,26.0051199607551,-80.7136779930442,bcnh,31,""
2019,3,3as,3,,836,836,26.0321289673447,-80.7181300409138,bcnh,2,""
2019,3,3as,3,,837,837,26.0351020283997,-80.7143949810415,bcnh,5,""
2019,3,3as,3,,838,838,26.0476319678127,-80.7151299901306,bcnh,3,""
2019,3,3as,3,,839,839,26.0565990116447,-80.7169369608163,bcnh,5,""
2019,3,3as,3,,840,840,26.0718949791044,-80.7156840339303,bcnh,5,""
2019,3,3as,3,,841,841,26.0973570216447,-80.7162740360945,bcnh,4,""
2019,3,3as,3,,842,842,26.0925710387527,-80.7112849596887,bcnh,3,""
2019,3,3as,3,,446,446,25.8710309676826,-80.8018779940903,bcnh,1,""
2019,3,3as,3,,447,447,25.8767050132155,-80.8035459928214,bcnh,1,""
2019,3,3as,3,,449,449,25.8827060367912,-80.8035060111433,bcnh,1,""
2019,3,3as,3,,450,450,25.8937569893896,-80.8029720000922,bcnh,1,""
2019,3,3as,3,,451,451,25.9029989596456,-80.8027549926191,bcnh,1,""
2019,3,3as,3,,452,452,25.9075560327619,-80.8058350067585,bcnh,1,""
2019,3,3as,3,,453,453,25.9094729740172,-80.8059540297836,bcnh,5,""
2019,3,3as,3,,455,455,25.9290940035134,-80.8032190147787,bcnh,1,""
2019,3,3as,3,,457,457,25.9572010394185,-80.8055709768086,bcnh,1,""
2019,3,3as,3,,458,458,25.959638999775,-80.8049480337649,bcnh,3,""
2019,3,3as,3,,459,459,25.9596880339086,-80.8027699962258,bcnh,2,""
2019,3,3as,3,,460,460,25.973202008754,-80.8024320378899,bcnh,2,""
2019,3,3as,3,,461,461,25.977806020528,-80.8048710040748,bcnh,1,""
2019,3,3as,3,,462,462,26.0396040324121,-80.8046679943799,bcnh,6,""
2019,3,3as,3,,463,463,26.0549669712781,-80.8061009645462,bcnh,1,""
2019,3,3as,3,,466,466,26.0509510338306,-80.7952230144292,bcnh,1,""
2019,3,3as,3,,467,467,26.0474629886448,-80.7929429691284,bcnh,1,""
2019,3,3as,3,,469,469,25.9942170325666,-80.7926249597221,bcnh,2,""
2019,3,3as,3,,471,471,25.9878359735012,-80.7905019912868,bcnh,4,""
2019,3,3as,3,,472,472,25.9871830232441,-80.7969889976084,bcnh,2,""
2019,3,3as,3,,473,473,25.9788169618695,-80.7938639726489,bcnh,1,""
2019,3,3as,3,,474,474,25.9768949914723,-80.7946589961647,bcnh,3,""
2019,3,3as,3,,475,475,25.95946197398,-80.7939420081675,bcnh,2,""
2019,3,3as,3,,476,476,25.9627910144627,-80.7962649688124,bcnh,1,""
2019,3,3as,3,,477,477,25.9376650024205,-80.7956459652632,bcnh,1,""
2019,3,3as,3,,478,478,25.9309820272028,-80.7953800074756,bcnh,2,""
2019,3,3as,3,,480,480,25.9066500328481,-80.7939069718122,bcnh,4,""
2019,3,3as,3,,482,482,25.8923159725964,-80.7943679764866,bcnh,5,""
2019,3,3as,3,,483,483,25.8772810176014,-80.7943050283938,bcnh,3,""
2019,3,3as,3,,491,491,25.7809379976242,-80.702114989981,bcnh,2,""
2019,3,3as,3,,492,492,25.7925109751522,-80.7009100075811,bcnh,4,""
2019,3,3as,3,,494,494,25.7997629977762,-80.7030100096017,bcnh,1,""
2019,3,3as,3,,495,495,25.8040990401059,-80.7024540379643,bcnh,3,""
2019,3,3as,3,,496,496,25.8046300336718,-80.7038600184023,bcnh,1,""
2019,3,3as,3,,497,497,25.8069580234587,-80.7061949651688,bcnh,1,""
2019,3,3as,3,,498,498,25.8131609670817,-80.7063729967921,bcnh,1,""
2019,3,3as,3,,499,499,25.8161020092666,-80.7017910294234,bcnh,1,""
2019,3,3as,3,,504,504,25.8463620208203,-80.7033469621092,bcnh,1,""
2019,3,3as,3,,511,511,25.8867430128157,-80.7020370382815,bcnh,1,""
2019,3,3as,3,,512,512,25.9524909965693,-80.7025980390608,bcnh,1,""
2019,3,3as,3,,513,513,25.9558010101318,-80.7029850315302,bcnh,1,""
2019,3,3as,3,,514,514,25.9577320329844,-80.7022620085626,bcnh,1,""
2019,3,3as,3,,515,515,25.9619909618049,-80.7036300189793,bcnh,4,""
2019,3,3as,3,,516,516,25.963738001883,-80.701182000339,bcnh,1,""
2019,3,3as,3,,517,517,25.967771038413,-80.7015430089086,bcnh,9,""
2019,3,3as,3,,518,518,25.9775040205568,-80.703188041225,bcnh,1,""
2019,3,3as,3,,520,520,26.001351037994,-80.7050149608403,bcnh,4,""
2019,3,3as,3,,521,521,26.0159130021929,-80.7045139744877,bcnh,6,""
2019,3,3as,3,,522,522,26.0164299979805,-80.7016490399837,bcnh,13,""
2019,3,3as,3,,523,523,26.0267959814518,-80.7063709851354,bcnh,1,""
2019,3,3as,3,,525,525,26.0380439925938,-80.704342983663,bcnh,2,""
2019,3,3as,3,,526,526,26.0410929936915,-80.7061529718339,bcnh,3,""
2019,3,3as,3,,527,527,26.0438659787178,-80.7061659637838,bcnh,1,""
2019,3,3as,3,,528,528,26.0407490003854,-80.7008619792759,bcnh,4,""
2019,3,3as,3,,529,529,26.0488159954547,-80.7066139765083,bcnh,4,""
2019,3,3as,3,,530,530,26.0596409719437,-80.7026100251823,bcnh,3,""
2019,3,3as,3,,531,531,26.0595320072025,-80.7020460069179,bcnh,8,""
2019,3,3as,3,,532,532,26.0667940042912,-80.7041650358587,bcnh,1,""
2019,3,3as,3,,533,533,26.0815469920635,-80.7076089922338,bcnh,1,""
2019,3,3as,3,,536,536,26.0796530172228,-80.692465994507,bcnh,7,""
2019,3,3as,3,,537,537,26.0745630227029,-80.692790960893,bcnh,6,""
2019,3,3as,3,,538,538,26.0693029593676,-80.694027962163,bcnh,5,""
2019,3,3as,3,,540,540,26.0630339663475,-80.6926619634032,bcnh,2,""
2019,3,3as,3,,541,541,26.0612030234187,-80.692782998085,bcnh,1,""
2019,3,3as,3,,542,542,26.0543789807707,-80.6933419872075,bcnh,3,""
2019,3,3as,3,,543,543,26.0538329835981,-80.6938699632883,bcnh,1,""
2019,3,3as,3,,544,544,26.0511319991201,-80.6947840098291,bcnh,1,""
2019,3,3as,3,,546,546,26.0463809687644,-80.6942250207066,bcnh,5,""
2019,3,3as,3,,547,547,26.0436349734663,-80.6967860274016,bcnh,1,""
2019,3,3as,3,,548,548,26.040385980159,-80.694492990151,bcnh,1,""
2019,3,3as,3,,549,549,26.0383080225437,-80.6940849591046,bcnh,9,""
2019,3,3as,3,,550,550,26.0317299887537,-80.6915149837732,bcnh,16,""
2019,3,3as,3,,551,551,26.0197639837861,-80.6926389969885,bcnh,14,""
2019,3,3as,3,,552,552,26.0102259647101,-80.6907050404697,bcnh,2,""
2019,3,3as,3,,553,553,25.9897970035672,-80.6940540298819,bcnh,3,""
2019,3,3as,3,,554,554,25.9800050128251,-80.6956869922578,bcnh,6,""
2019,3,3as,3,,556,556,25.9712009970098,-80.6945400126278,bcnh,3,""
2019,3,3as,3,,557,557,25.9685369767248,-80.6955590005964,bcnh,6,""
2019,3,3as,3,,558,558,25.9513570088893,-80.6927059683948,bcnh,7,""
2019,3,3as,3,,559,559,25.9296369832009,-80.693456986919,bcnh,7,""
2019,3,3as,3,,561,561,25.8265440165996,-80.6932750158011,bcnh,1,""
2019,3,3as,3,,563,563,25.8060429710894,-80.6914149876683,bcnh,1,""
2019,3,3as,3,,564,564,25.7967170141637,-80.6919599790126,bcnh,1,""
2019,3,3as,3,,566,566,25.7895459607243,-80.6931109819561,bcnh,1,""
2019,3,3as,3,,567,567,25.7777960412204,-80.6938299816101,bcnh,1,""
2019,3,3as,3,,568,568,25.7710249722003,-80.6937910057604,bcnh,2,""
2019,3,3as,3,,582,582,25.9225339908152,-80.6733130104839,bcnh,2,""
2019,3,3as,3,,584,584,25.9265670273453,-80.6695119850337,bcnh,1,""
2019,3,3as,3,,585,585,25.9285230282694,-80.6745859701186,bcnh,1,""
2019,3,3as,3,,586,586,25.9309899900108,-80.6738799624145,bcnh,1,""
2019,3,3as,3,,218,218,25.94531,-80.67518,bcnh,1,""
2019,3,3as,3,,544,544,25.7751699909567,-80.7623200211673,gbhe,1,""
2019,3,3as,3,,545,545,25.7777299918234,-80.7635629735887,gbhe,2,""
2019,3,3as,3,,546,546,25.7807799987494,-80.764612974599,gbhe,1,""
2019,3,3as,3,,548,548,25.7895020395517,-80.762038975954,gbhe,3,""
2019,3,3as,3,,549,549,25.7989399787038,-80.7616189587861,gbhe,1,""
2019,3,3as,3,,551,551,25.8024089969694,-80.7668159902095,gbhe,1,""
2019,3,3as,3,,553,553,25.8188409637659,-80.7628039922565,gbhe,1,""
2019,3,3as,3,,554,554,25.8272790256887,-80.7645249646157,gbhe,3,""
2019,3,3as,3,,555,555,25.8289010077714,-80.7663079630583,gbhe,2,""
2019,3,3as,3,,556,556,25.8333699870854,-80.7650029845535,gbhe,1,""
2019,3,3as,3,,559,559,25.8622560370713,-80.7656830083578,gbhe,1,""
2019,3,3as,3,,560,560,25.8682849723845,-80.7617379818111,gbhe,1,""
2019,3,3as,3,,561,561,25.8845219761133,-80.7660099864006,gbhe,1,""
2019,3,3as,3,,569,569,25.9640900418162,-80.7619720045477,gbhe,1,""
2019,3,3as,3,,582,582,25.9381720237433,-80.7549919746816,gbhe,1,""
2019,3,3as,3,,592,592,25.8309229742735,-80.7532160170376,gbhe,1,""
2019,3,3as,3,,598,598,25.7692390400916,-80.8235899731516,gbhe,3,""
2019,3,3as,3,,599,599,25.7787840161472,-80.823398027569,gbhe,1,""
2019,3,3as,3,,601,601,25.8629539981484,-80.8265989925712,gbhe,1,""
2019,3,3as,3,,617,617,25.8100819587707,-80.8154160249978,gbhe,1,""
2019,3,3as,3,,618,618,25.7722909748554,-80.8132560085505,gbhe,1,""
2019,3,3as,3,,619,619,25.7700899709016,-80.8112440165132,gbhe,1,""
2019,3,3as,3,,621,621,25.7661590259522,-80.8149209897965,gbhe,2,""
2019,3,3as,3,,630,630,25.808993987739,-80.7435110304504,gbhe,1,""
2019,3,3as,3,,631,631,25.8229399658739,-80.744805028662,gbhe,3,""
2019,3,3as,3,,672,672,25.8504060376435,-80.7285589724779,gbhe,1,""
2019,3,3as,3,,676,676,25.7842820417135,-80.7315460313111,gbhe,1,""
2019,3,3as,3,,678,678,25.7693680375814,-80.7352169696241,gbhe,1,""
2019,3,3as,3,,681,681,25.7708910293877,-80.7224459666758,gbhe,1,""
2019,3,3as,3,,682,682,25.7874430250376,-80.7233330234885,gbhe,1,""
2019,3,3as,3,,683,683,25.7916020415723,-80.7215449959039,gbhe,1,""
2019,3,3as,3,,685,685,25.8089759666472,-80.7224700227379,gbhe,1,""
2019,3,3as,3,,686,686,25.830778973177,-80.7230219710618,gbhe,3,""
2019,3,3as,3,,691,691,25.8613289985805,-80.7249939814209,gbhe,1,""
2019,3,3as,3,,692,692,25.8796720393002,-80.725105041638,gbhe,1,""
2019,3,3as,3,,710,710,25.8509879931807,-80.7154400367289,gbhe,3,""
2019,3,3as,3,,711,711,25.8303919807076,-80.7125300075858,gbhe,1,""
2019,3,3as,3,,722,722,25.7715400401502,-80.7846869621425,gbhe,1,""
2019,3,3as,3,,723,723,25.7750209607183,-80.7857679761946,gbhe,1,""
2019,3,3as,3,,727,727,25.8336770161986,-80.7848449610173,gbhe,1,""
2019,3,3as,3,,728,728,25.8359539601951,-80.7814780343323,gbhe,1,""
2019,3,3as,3,,732,732,25.8786510396748,-80.7853499706834,gbhe,1,""
2019,3,3as,3,,740,740,25.9602989908307,-80.7855720072984,gbhe,1,""
2019,3,3as,3,,742,742,25.9680619742721,-80.7863719761371,gbhe,1,""
2019,3,3as,3,,780,780,25.8147640060633,-80.7758670207113,gbhe,2,""
2019,3,3as,3,,783,783,25.7824400346726,-80.7751610130071,gbhe,1,""
2019,3,3as,3,,790,790,25.8551350235939,-80.6814580410718,gbhe,2,""
2019,3,3as,3,,794,794,25.9091429784893,-80.6858010403811,gbhe,1,""
2019,3,3as,3,,443,443,25.7727740239351,-80.8063059858977,gbhe,1,""
2019,3,3as,3,,444,444,25.8010580018162,-80.8035459928214,gbhe,1,""
2019,3,3as,3,,445,445,25.8207709807902,-80.8049229718744,gbhe,1,""
2019,3,3as,3,,491,491,25.7809379976242,-80.702114989981,gbhe,1,""
2019,3,3as,3,,493,493,25.7942760363221,-80.7067169900983,gbhe,1,""
2019,3,3as,3,,504,504,25.8463620208203,-80.7033469621092,gbhe,1,""
2019,3,3as,3,,506,506,25.859290016815,-80.7070299703627,gbhe,1,""
2019,3,3as,3,,507,507,25.863610971719,-80.706021040678,gbhe,1,""
2019,3,3as,3,,542,542,26.0543789807707,-80.6933419872075,gbhe,1,""
2019,3,3as,3,,561,561,25.8265440165996,-80.6932750158011,gbhe,1,""
2019,3,3as,3,,573,573,25.8317259605973,-80.6732980068773,gbhe,1,""
2019,3,3as,3,,575,575,25.847790967673,-80.6740740034729,gbhe,2,""
2019,3,3as,3,,578,578,25.8586509805172,-80.6758789625018,gbhe,1,""
2019,3,3as,3,,579,579,25.8876910060644,-80.6724650133401,gbhe,1,""
2019,3,3as,3,,581,581,25.8932119980454,-80.6768029835075,gbhe,1,""
2019,3,3as,3,,582,582,25.9225339908152,-80.6733130104839,gbhe,1,""
2019,3,3as,3,,583,583,25.9261070284992,-80.6746100261807,gbhe,1,""
2019,3,3as,3,,218,218,25.94531,-80.67518,gbhe,1,""
2019,3,3as,3,,277,277,25.82486,-80.72555,greg,29,""
2019,3,3as,3,,550,550,25.801882026717,-80.7627279683947,greg,1,""
2019,3,3as,3,,554,554,25.8272790256887,-80.7645249646157,greg,1,""
2019,3,3as,3,,561,561,25.8845219761133,-80.7660099864006,greg,4,""
2019,3,3as,3,,566,566,25.9318639710545,-80.764074018225,greg,2,""
2019,3,3as,3,,589,589,25.8531709760427,-80.7575679849833,greg,4,""
2019,3,3as,3,,692,692,25.8796720393002,-80.725105041638,greg,2,""
2019,3,3as,3,,445,445,25.8207709807902,-80.8049229718744,greg,2,""
2019,3,3as,3,,557,557,25.8294330071657,-80.7633520010858,grhe,3,""
2019,3,3as,3,,562,562,25.8948530070483,-80.7655580341815,grhe,1,""
2019,3,3as,3,,563,563,25.9120110142976,-80.765302972868,grhe,1,""
2019,3,3as,3,,567,567,25.9510219842195,-80.7632609736174,grhe,1,""
2019,3,3as,3,,570,570,25.9689569938927,-80.7630609814077,grhe,1,""
2019,3,3as,3,,573,573,25.9939980134367,-80.7676990237087,grhe,2,""
2019,3,3as,3,,578,578,25.9686030261218,-80.7518549636006,grhe,1,""
2019,3,3as,3,,583,583,25.9199739899486,-80.7566390186548,grhe,1,""
2019,3,3as,3,,606,606,25.9360830020159,-80.8118959609419,grhe,1,""
2019,3,3as,3,,611,611,25.886476971209,-80.813452983275,grhe,1,""
2019,3,3as,3,,613,613,25.8836629986763,-80.8131189644336,grhe,2,""
2019,3,3as,3,,616,616,25.8653779607266,-80.8117819670587,grhe,1,""
2019,3,3as,3,,637,637,25.8937429916113,-80.7439960073679,grhe,1,""
2019,3,3as,3,,639,639,25.9099939931184,-80.7466239854693,grhe,1,""
2019,3,3as,3,,642,642,25.9449529834091,-80.7433589827269,grhe,1,""
2019,3,3as,3,,661,661,26.0226600151509,-80.7342510391026,grhe,1,""
2019,3,3as,3,,663,663,26.0008789692074,-80.7327459845691,grhe,2,""
2019,3,3as,3,,697,697,25.9203489962965,-80.7229560054838,grhe,1,""
2019,3,3as,3,,700,700,25.9666880127042,-80.7238849718123,grhe,1,""
2019,3,3as,3,,702,702,25.9874290321022,-80.7242609839886,grhe,1,""
2019,3,3as,3,,729,729,25.8523659780621,-80.7816600054502,grhe,1,""
2019,3,3as,3,,733,733,25.9005960356444,-80.7841810304671,grhe,2,""
2019,3,3as,3,,734,734,25.9012390114367,-80.78427599743,grhe,1,""
2019,3,3as,3,,736,736,25.9179220162332,-80.7848799973726,grhe,1,""
2019,3,3as,3,,738,738,25.9377230051904,-80.78567401506,grhe,1,""
2019,3,3as,3,,753,753,26.1045959684997,-80.7757810223847,grhe,1,""
2019,3,3as,3,,758,758,26.0073990002274,-80.7749770302325,grhe,1,""
2019,3,3as,3,,769,769,25.932333022356,-80.7761309668421,grhe,1,""
2019,3,3as,3,,771,771,25.8947779890149,-80.7743329647928,grhe,3,""
2019,3,3as,3,,772,772,25.8937620185315,-80.7740749698132,grhe,1,""
2019,3,3as,3,,775,775,25.864713024348,-80.7756110373884,grhe,1,""
2019,3,3as,3,,800,800,25.9912060014903,-80.6846740096807,grhe,1,""
2019,3,3as,3,,816,816,26.0654770396649,-80.6741950381547,grhe,2,""
2019,3,3as,3,,817,817,26.0342179890722,-80.6749680172652,grhe,1,""
2019,3,3as,3,,819,819,25.9961980115622,-80.6739809643477,grhe,2,""
2019,3,3as,3,,825,825,26.120112966746,-80.7243940047919,grhe,2,""
2019,3,3as,3,,830,830,26.0051349643617,-80.7223759777843,grhe,3,""
2019,3,3as,3,,831,831,25.982673978433,-80.711475983262,grhe,1,""
2019,3,3as,3,,834,834,25.9889749903231,-80.7168760243803,grhe,1,""
2019,3,3as,3,,838,838,26.0476319678127,-80.7151299901306,grhe,1,""
2019,3,3as,3,,448,448,25.8776029665023,-80.8029590081423,grhe,1,""
2019,3,3as,3,,449,449,25.8827060367912,-80.8035060111433,grhe,1,""
2019,3,3as,3,,453,453,25.9094729740172,-80.8059540297836,grhe,1,""
2019,3,3as,3,,456,456,25.9517200291156,-80.8036129642277,grhe,1,""
2019,3,3as,3,,460,460,25.973202008754,-80.8024320378899,grhe,2,""
2019,3,3as,3,,470,470,25.9903610218316,-80.7925829663872,grhe,1,""
2019,3,3as,3,,471,471,25.9878359735012,-80.7905019912868,grhe,1,""
2019,3,3as,3,,472,472,25.9871830232441,-80.7969889976084,grhe,1,""
2019,3,3as,3,,473,473,25.9788169618695,-80.7938639726489,grhe,1,""
2019,3,3as,3,,474,474,25.9768949914723,-80.7946589961647,grhe,1,""
2019,3,3as,3,,479,479,25.921811973676,-80.7935260143131,grhe,2,""
2019,3,3as,3,,480,480,25.9066500328481,-80.7939069718122,grhe,4,""
2019,3,3as,3,,481,481,25.9016069769859,-80.7924409769475,grhe,2,""
2019,3,3as,3,,482,482,25.8923159725964,-80.7943679764866,grhe,1,""
2019,3,3as,3,,486,486,25.8569920342415,-80.7935700193047,grhe,1,""
2019,3,3as,3,,492,492,25.7925109751522,-80.7009100075811,grhe,1,""
2019,3,3as,3,,505,505,25.854517025873,-80.7049950119107,grhe,2,""
2019,3,3as,3,,520,520,26.001351037994,-80.7050149608403,grhe,1,""
2019,3,3as,3,,545,545,26.0512979608029,-80.6918569654226,grhe,1,""
2019,3,3as,3,,554,554,25.9800050128251,-80.6956869922578,grhe,1,""
2019,3,3as,3,,557,557,25.9685369767248,-80.6955590005964,grhe,1,""
2019,3,3as,3,,562,562,25.8149779960513,-80.6934630218893,grhe,1,""
2019,3,3as,3,,565,565,25.7906829658895,-80.6931040249764,grhe,1,""
2019,3,3as,3,,568,568,25.7710249722003,-80.6937910057604,grhe,1,""
2019,3,3as,3,,583,583,25.9261070284992,-80.6746100261807,grhe,2,""
2019,3,3as,3,,650,650,26.0537550318986,-80.7411899976432,lbhe,1,""
2019,3,3as,3,,702,702,25.9874290321022,-80.7242609839886,lbhe,2,""
2019,3,3as,3,,754,754,26.1288709659129,-80.7747000083327,lbhe,14,""
2019,3,3as,3,,454,454,25.9091979637742,-80.8051320165395,lbhe,12,""
2019,3,3as,3,,602,602,25.8838439639657,-80.8215509913861,smwh,2,""
2019,3,3as,3,,58,58,25.970065,-80.774623,sneg,7,""
2019,3,3as,3,,61,61,26.127076,-80.745264,sneg,7,""
2019,3,3as,3,,754,754,26.1288709659129,-80.7747000083327,sneg,2,""
2019,3,3as,3,,454,454,25.9091979637742,-80.8051320165395,sneg,5,""
2019,3,3as,3,,585,585,25.8959519583731,-80.7546720374375,trhe,1,""
2019,3,3as,3,,606,606,25.9360830020159,-80.8118959609419,trhe,2,""
2019,3,3as,3,,650,650,26.0537550318986,-80.7411899976432,trhe,1,""
2019,3,3as,3,,662,662,26.0112140234559,-80.7354229968041,trhe,1,""
2019,3,3as,3,,754,754,26.1288709659129,-80.7747000083327,trhe,3,""
2019,3,3as,3,,447,447,25.8767050132155,-80.8035459928214,trhe,1,""
2019,3,3as,3,,450,450,25.8937569893896,-80.8029720000922,trhe,1,""
2019,3,3as,3,,454,454,25.9091979637742,-80.8051320165395,trhe,3,""
2019,3,3as,3,,462,462,26.0396040324121,-80.8046679943799,trhe,1,""
2019,3,3as,3,,481,481,25.9016069769859,-80.7924409769475,trhe,1,""
2019,3,3as,3,,484,484,25.87291396223,-80.7966829743236,trhe,2,""
2019,3,3b,3,,73,73,25.94105,-80.4814,gbhe,3,""
2019,enp,coastalenp,enp,,east_river,East River,25.2686,-80.86785,greg,25,""
2019,enp,inlandenp,enp,,2019_greg_colony_2,2019 GREG colony 2,25.686567,-80.693195,greg,25,""
2019,enp,inlandenp,enp,,2019_greg_colony_3,2019 GREG colony 3,25.637594,-80.726152,greg,20,""
2020,3,3as,3,,,390,25.81022898,-80.81528904,anhi,5,""
2020,3,3as,3,,,407,25.80497302,-80.80745498,anhi,1,""
2020,3,3as,3,,,412,25.85526603,-80.80217103,anhi,2,""
2020,3,3as,3,,,449,25.76652397,-80.79644904,anhi,16,""
2020,3,3as,3,,,443,25.87757397,-80.79432799,anhi,3,""
2020,3,3as,3,,,444,25.85850396,-80.79330004,anhi,7,""
2020,3,3as,3,,,462,25.80618203,-80.78608297,anhi,16,""
2020,3,3as,3,,,452,25.767377,-80.78565901,anhi,1,""
2020,3,3as,3,,,453,25.77099002,-80.78530203,anhi,13,""
2020,3,3as,3,,,464,25.83365296,-80.78481303,anhi,1,""
2020,3,3as,3,,,463,25.83500697,-80.78402898,anhi,1,""
2020,3,3as,3,,,467,25.84084203,-80.78225898,anhi,9,""
2020,3,3as,3,,,461,25.80512901,-80.78204297,anhi,6,""
2020,3,3as,3,,,502,25.92342096,-80.77699103,anhi,1,""
2020,3,3as,3,,,510,25.83694504,-80.77685399,anhi,11,""
2020,3,3as,3,,,513,25.79662599,-80.77523704,anhi,2,""
2020,3,3as,3,,,503,25.91822603,-80.77348304,anhi,1,""
2020,3,3as,3,,,511,25.81691296,-80.77259104,anhi,7,""
2020,3,3as,3,,,518,25.77888804,-80.77234997,anhi,4,""
2020,3,3as,3,,,529,25.82865802,-80.76603698,anhi,6,""
2020,3,3as,3,,,527,25.80578003,-80.762733,anhi,2,""
2020,3,3as,3,,,538,25.86816302,-80.76175801,anhi,5,""
2020,3,3as,3,,,598,25.830639,-80.75621196,anhi,3,""
2020,3,3as,3,,,582,25.87531999,-80.75559396,anhi,2,""
2020,3,3as,3,,,583,25.87713199,-80.75529004,anhi,1,""
2020,3,3as,3,,,592,25.84977396,-80.75487999,anhi,1,""
2020,3,3as,3,,,570,25.90512897,-80.754723,anhi,1,""
2020,3,3as,3,,,560,25.94093998,-80.75460599,anhi,6,""
2020,3,3as,3,,,605,25.77838898,-80.75419402,anhi,1,""
2020,3,3as,3,,,597,25.83107301,-80.75309699,anhi,4,""
2020,3,3as,3,,,603,25.78464104,-80.752781,anhi,1,""
2020,3,3as,3,,,600,25.80190298,-80.75238202,anhi,1,""
2020,3,3as,3,,,604,25.78231297,-80.75171197,anhi,1,""
2020,3,3as,3,,,653,25.94369704,-80.74853204,anhi,1,""
2020,3,3as,3,,,652,25.941403,-80.74702799,anhi,4,""
2020,3,3as,3,,,616,25.78671598,-80.74595201,anhi,1,""
2020,3,3as,3,,,611,25.77625101,-80.74576903,anhi,1,""
2020,3,3as,3,,,610,25.77207296,-80.74569301,anhi,1,""
2020,3,3as,3,,,651,25.93955303,-80.74567096,anhi,4,""
2020,3,3as,3,,,650,25.93977104,-80.745001,anhi,2,""
2020,3,3as,3,,,619,25.79242297,-80.74495599,anhi,3,""
2020,3,3as,3,,,630,25.84220602,-80.74446204,anhi,3,""
2020,3,3as,3,,,629,25.83884899,-80.74424202,anhi,1,""
2020,3,3as,3,,,640,25.89668596,-80.74405502,anhi,2,""
2020,3,3as,3,,,646,25.93095101,-80.74264501,anhi,1,""
2020,3,3as,3,,,623,25.81574997,-80.74256899,anhi,2,""
2020,3,3as,3,,,655,25.94483304,-80.74244603,anhi,9,""
2020,3,3as,3,,,613,25.77906498,-80.74197002,anhi,1,""
2020,3,3as,3,,,641,25.90090097,-80.74148001,anhi,7,""
2020,3,3as,3,,,692,25.77443498,-80.73347898,anhi,2,""
2020,3,3as,3,,,669,25.91769101,-80.73314404,anhi,1,""
2020,3,3as,3,,,675,25.90798703,-80.73280902,anhi,1,""
2020,3,3as,3,,,679,25.90446898,-80.73203696,anhi,1,""
2020,3,3as,3,,,689,25.78424801,-80.73158601,anhi,2,""
2020,3,3as,3,,,661,25.95032503,-80.73137504,anhi,4,""
2020,3,3as,3,,,695,25.76874602,-80.72759002,anhi,3,""
2020,3,3as,3,,,725,25.89694597,-80.72601599,anhi,1,""
2020,3,3as,3,,,718,25.861343,-80.72517998,anhi,3,""
2020,3,3as,3,,,726,25.91230002,-80.72487404,anhi,2,""
2020,3,3as,3,,,727,25.91454403,-80.72270798,anhi,2,""
2020,3,3as,3,,,701,25.80420599,-80.72189301,anhi,4,""
2020,3,3as,3,,,746,25.87370203,-80.71484501,anhi,1,""
2020,3,3as,3,,,743,25.88670496,-80.71452498,anhi,5,""
2020,3,3as,3,,,757,25.82366399,-80.71345403,anhi,7,""
2020,3,3as,3,,,740,25.94098097,-80.71289102,anhi,7,""
2020,3,3as,3,,,765,25.77704201,-80.71180598,anhi,4,""
2020,3,3as,3,,,755,25.84368803,-80.71171604,anhi,1,""
2020,3,3as,3,,,750,25.86133797,-80.71135897,anhi,3,""
2020,3,3as,3,,,745,25.88419198,-80.71130298,anhi,1,""
2020,3,3as,3,,,784,25.79426296,-80.70663502,anhi,2,""
2020,3,3as,3,,,796,25.86361298,-80.70602196,anhi,6,""
2020,3,3as,3,,,797,25.87792902,-80.70560002,anhi,3,""
2020,3,3as,3,,,783,25.77540896,-80.70510599,anhi,1,""
2020,3,3as,3,,,790,25.84395499,-80.70462101,anhi,3,""
2020,3,3as,3,,,795,25.86309297,-80.70397602,anhi,6,""
2020,3,3as,3,,,789,25.83956799,-80.70344503,anhi,13,""
2020,3,3as,3,,,811,25.94496698,-80.703339,anhi,1,""
2020,3,3as,3,,,791,25.846444,-80.70302501,anhi,13,""
2020,3,3as,3,,,788,25.82942002,-80.702476,anhi,2,""
2020,3,3as,3,,,779,25.77900002,-80.70223301,anhi,2,""
2020,3,3as,3,,,772,25.80317301,-80.70194098,anhi,1,""
2020,3,3as,3,,,786,25.81620804,-80.70170604,anhi,1,""
2020,3,3as,3,,,780,25.77428604,-80.70156598,anhi,1,""
2020,3,3as,3,,,801,25.89256902,-80.70145098,anhi,2,""
2020,3,3as,3,,,821,25.98006796,-80.69552899,anhi,1,""
2020,3,3as,3,,,823,25.95945904,-80.69505399,anhi,2,""
2020,3,3as,3,,,824,25.95195699,-80.69398899,anhi,1,""
2020,3,3as,3,,,826,25.92984402,-80.69382504,anhi,3,""
2020,3,3as,3,,,829,25.90830998,-80.69281301,anhi,2,""
2020,3,3as,3,,,865,25.883563,-80.68657704,anhi,4,""
2020,3,3as,3,,,870,25.90907902,-80.68575704,anhi,2,""
2020,3,3as,3,,,857,25.83556797,-80.68522604,anhi,4,""
2020,3,3as,3,,,869,25.90151704,-80.68454401,anhi,3,""
2020,3,3as,3,,,891,25.84753297,-80.67645597,anhi,2,""
2020,3,3as,3,,,896,25.82798797,-80.675411,anhi,27,""
2020,3,3as,3,,,877,25.94540896,-80.67540304,anhi,1,""
2020,3,3as,3,,,903,25.80982698,-80.67402899,anhi,1,""
2020,3,3as,3,,,890/DRACO,25.85081398,-80.67352901,anhi,21,""
2020,3,3as,3,,,887,25.88795696,-80.67226896,anhi,4,""
2020,3,3as,3,,,897,25.82552997,-80.67206,anhi,3,""
2020,3,3as,3,,,900/CHAR-RUN,25.81895697,-80.67199596,anhi,2,""
2020,3,3as,3,,,374,25.78780797,-80.824716,bcnh,11,""
2020,3,3as,3,,,397,25.77579101,-80.81310002,bcnh,3,""
2020,3,3as,3,,,398,25.77277,-80.81291998,bcnh,1,""
2020,3,3as,3,,,384,25.86534401,-80.81179001,bcnh,4,""
2020,3,3as,3,,,414,25.87590496,-80.80679599,bcnh,5,""
2020,3,3as,3,,,424,25.92364904,-80.80575597,bcnh,3,""
2020,3,3as,3,,,425,25.924161,-80.805647,bcnh,4,""
2020,3,3as,3,,,428,25.94362001,-80.80546302,bcnh,8,""
2020,3,3as,3,,,426,25.93664199,-80.80446498,bcnh,5,""
2020,3,3as,3,,,419,25.88204898,-80.80393198,bcnh,2,""
2020,3,3as,3,,,430,25.95174199,-80.80348698,bcnh,2,""
2020,3,3as,3,,,427,25.93931104,-80.80343099,bcnh,8,""
2020,3,3as,3,,,415,25.87675396,-80.80339604,bcnh,1,""
2020,3,3as,3,,,408,25.81148199,-80.80324701,bcnh,2,""
2020,3,3as,3,,,421,25.89371902,-80.80303101,bcnh,1,""
2020,3,3as,3,,,420,25.88321096,-80.80300603,bcnh,9,""
2020,3,3as,3,,,416,25.87444098,-80.80198897,bcnh,1,""
2020,3,3as,3,,,449,25.76652397,-80.79644904,bcnh,2,""
2020,3,3as,3,,,442,25.87867401,-80.79627704,bcnh,3,""
2020,3,3as,3,,,433,25.93100801,-80.79605198,bcnh,2,""
2020,3,3as,3,,,441,25.89261898,-80.79488397,bcnh,2,""
2020,3,3as,3,,,443,25.87757397,-80.79432799,bcnh,21,""
2020,3,3as,3,,,446,25.79322897,-80.79389599,bcnh,1,""
2020,3,3as,3,,,438,25.90012397,-80.79374503,bcnh,15,""
2020,3,3as,3,,,440,25.89369798,-80.79351696,bcnh,1,""
2020,3,3as,3,,,444,25.85850396,-80.79330004,bcnh,10,""
2020,3,3as,3,,,434,25.92185397,-80.79305001,bcnh,1,""
2020,3,3as,3,,,437,25.90180202,-80.79285303,bcnh,5,""
2020,3,3as,3,,,435,25.92151098,-80.79182097,bcnh,4,""
2020,3,3as,3,,,481,25.91656004,-80.78590301,bcnh,1,""
2020,3,3as,3,,,452,25.767377,-80.78565901,bcnh,1,""
2020,3,3as,3,,,492,25.96234904,-80.785527,bcnh,12,""
2020,3,3as,3,,,480,25.91219902,-80.78544502,bcnh,1,""
2020,3,3as,3,,,474,25.87867803,-80.78534796,bcnh,3,""
2020,3,3as,3,,,473,25.87642598,-80.78504101,bcnh,5,""
2020,3,3as,3,,,483,25.91778497,-80.78456702,bcnh,9,""
2020,3,3as,3,,,478,25.90128796,-80.78427499,bcnh,2,""
2020,3,3as,3,,,489,25.95389103,-80.78410501,bcnh,12,""
2020,3,3as,3,,,484,25.92155197,-80.78377803,bcnh,4,""
2020,3,3as,3,,,477,25.89831096,-80.783745,bcnh,1,""
2020,3,3as,3,,,491,25.960185,-80.78343697,bcnh,21,""
2020,3,3as,3,,,490,25.95231196,-80.783126,bcnh,5,""
2020,3,3as,3,,,472,25.87305402,-80.78212604,bcnh,22,""
2020,3,3as,3,,,479,25.91211604,-80.78200601,bcnh,1,""
2020,3,3as,3,,,468,25.84930097,-80.78195396,bcnh,3,""
2020,3,3as,3,,,470,25.86572698,-80.78190099,bcnh,2,""
2020,3,3as,3,,,476,25.87955,-80.78188003,bcnh,11,""
2020,3,3as,3,,,469,25.85240898,-80.78159697,bcnh,14,""
2020,3,3as,3,,,486,25.93229799,-80.78137896,bcnh,9,""
2020,3,3as,3,,,502,25.92342096,-80.77699103,bcnh,4,""
2020,3,3as,3,,,510,25.83694504,-80.77685399,bcnh,8,""
2020,3,3as,3,,,512,25.81462302,-80.77607699,bcnh,4,""
2020,3,3as,3,,,498,25.93222104,-80.77577901,bcnh,5,""
2020,3,3as,3,,,513,25.79662599,-80.77523704,bcnh,1,""
2020,3,3as,3,,,508,25.87279896,-80.775158,bcnh,3,""
2020,3,3as,3,,,497,25.93334396,-80.77410498,bcnh,6,""
2020,3,3as,3,,,509,25.86467296,-80.77380398,bcnh,6,""
2020,3,3as,3,,,503,25.91822603,-80.77348304,bcnh,20,""
2020,3,3as,3,,,495,25.95138098,-80.77293201,bcnh,4,""
2020,3,3as,3,,,500,25.92518301,-80.772384,bcnh,1,""
2020,3,3as,3,,,505,25.89949499,-80.77186399,bcnh,13,""
2020,3,3as,3,,,499,25.92837702,-80.77128204,bcnh,24,""
2020,3,3as,3,,,542,25.90613203,-80.76661399,bcnh,16,""
2020,3,3as,3,,,539,25.88447998,-80.76655397,bcnh,16,""
2020,3,3as,3,,,537,25.86625102,-80.7664,bcnh,5,""
2020,3,3as,3,,,544,25.92420501,-80.766214,bcnh,1,""
2020,3,3as,3,,,540,25.89481504,-80.76542703,bcnh,3,""
2020,3,3as,3,,,545,25.921529,-80.76521899,bcnh,12,""
2020,3,3as,3,,,530,25.83355498,-80.76515604,bcnh,1,""
2020,3,3as,3,,,531,25.84951102,-80.76515302,bcnh,1,""
2020,3,3as,3,,,543,25.91202501,-80.76500701,bcnh,8,""
2020,3,3as,3,,,536,25.86631799,-80.76445196,bcnh,3,""
2020,3,3as,3,,,548,25.93177001,-80.76420603,bcnh,28,""
2020,3,3as,3,,,546,25.92667901,-80.76416102,bcnh,1,""
2020,3,3as,3,,,535,25.866147,-80.76372399,bcnh,6,""
2020,3,3as,3,,,551,25.94166803,-80.76318101,bcnh,7,""
2020,3,3as,3,,,534,25.85605301,-80.763151,bcnh,3,""
2020,3,3as,3,,,554,25.95841298,-80.76301899,bcnh,1,""
2020,3,3as,3,,,547,25.92810703,-80.76301597,bcnh,6,""
2020,3,3as,3,,,533,25.85212802,-80.76275001,bcnh,5,""
2020,3,3as,3,,,549,25.93330298,-80.76251901,bcnh,1,""
2020,3,3as,3,,,550,25.93617998,-80.76195298,bcnh,36,""
2020,3,3as,3,,,552,25.94525096,-80.76138804,bcnh,1,""
2020,3,3as,3,,,562,25.92668697,-80.75649602,bcnh,4,""
2020,3,3as,3,,,584,25.86699701,-80.75648203,bcnh,4,""
2020,3,3as,3,,,576,25.89577803,-80.75642997,bcnh,1,""
2020,3,3as,3,,,585,25.86739096,-80.75611498,bcnh,1,""
2020,3,3as,3,,,590,25.856253,-80.75574601,bcnh,34,""
2020,3,3as,3,,,593,25.84777596,-80.75544904,bcnh,16,""
2020,3,3as,3,,,583,25.87713199,-80.75529004,bcnh,25,""
2020,3,3as,3,,,563,25.92195698,-80.75505299,bcnh,30,""
2020,3,3as,3,,,574,25.89607702,-80.75472903,bcnh,11,""
2020,3,3as,3,,,570,25.90512897,-80.754723,bcnh,13,""
2020,3,3as,3,,,578,25.88576401,-80.75471504,bcnh,4,""
2020,3,3as,3,,,568,25.91434403,-80.75471101,bcnh,2,""
2020,3,3as,3,,,573,25.89818599,-80.75462099,bcnh,4,""
2020,3,3as,3,,,589,25.85955304,-80.75452301,bcnh,7,""
2020,3,3as,3,,,565,25.91621798,-80.75442502,bcnh,3,""
2020,3,3as,3,,,567,25.91327702,-80.75437599,bcnh,14,""
2020,3,3as,3,,,577,25.89426904,-80.75435797,bcnh,1,""
2020,3,3as,3,,,564,25.91815998,-80.75415303,bcnh,4,""
2020,3,3as,3,,,588,25.86032996,-80.75413501,bcnh,6,""
2020,3,3as,3,,,572,25.89818104,-80.75394399,bcnh,10,""
2020,3,3as,3,,,587,25.86213198,-80.75387701,bcnh,11,""
2020,3,3as,3,,,559,25.94157097,-80.75382404,bcnh,10,""
2020,3,3as,3,,,558,25.94343603,-80.753601,bcnh,4,""
2020,3,3as,3,,,586,25.86677698,-80.75356697,bcnh,2,""
2020,3,3as,3,,,594,25.83939096,-80.75355004,bcnh,7,""
2020,3,3as,3,,,581,25.87938001,-80.75353,bcnh,1,""
2020,3,3as,3,,,579,25.88496404,-80.75326304,bcnh,6,""
2020,3,3as,3,,,569,25.91067896,-80.75311703,bcnh,12,""
2020,3,3as,3,,,597,25.83107301,-80.75309699,bcnh,5,""
2020,3,3as,3,,,557,25.95268202,-80.75298702,bcnh,15,""
2020,3,3as,3,,,591,25.85209197,-80.75272299,bcnh,3,""
2020,3,3as,3,,,601,25.79862599,-80.75258503,bcnh,7,""
2020,3,3as,3,,,595,25.83779798,-80.75237003,bcnh,6,""
2020,3,3as,3,,,653,25.94369704,-80.74853204,bcnh,1,""
2020,3,3as,3,,,654,25.94172402,-80.74845702,bcnh,2,""
2020,3,3as,3,,,637,25.87926803,-80.74647596,bcnh,5,""
2020,3,3as,3,,,632,25.84579297,-80.74630799,bcnh,5,""
2020,3,3as,3,,,634,25.86116203,-80.74589702,bcnh,4,""
2020,3,3as,3,,,651,25.93955303,-80.74567096,bcnh,26,""
2020,3,3as,3,,,625,25.81899201,-80.74523896,bcnh,4,""
2020,3,3as,3,,,638,25.88631302,-80.74503897,bcnh,8,""
2020,3,3as,3,,,650,25.93977104,-80.745001,bcnh,3,""
2020,3,3as,3,,,626,25.82497601,-80.74481299,bcnh,2,""
2020,3,3as,3,,,636,25.87904197,-80.74471903,bcnh,4,""
2020,3,3as,3,,,630,25.84220602,-80.74446204,bcnh,8,""
2020,3,3as,3,,,639,25.89365196,-80.74401604,bcnh,2,""
2020,3,3as,3,,,627,25.83007297,-80.74401101,bcnh,4,""
2020,3,3as,3,,,621,25.81091998,-80.74389802,bcnh,4,""
2020,3,3as,3,,,649,25.935839,-80.74377598,bcnh,1,""
2020,3,3as,3,,,657,25.949025,-80.743563,bcnh,10,""
2020,3,3as,3,,,635,25.87385701,-80.74351899,bcnh,2,""
2020,3,3as,3,,,648,25.93307901,-80.74341799,bcnh,2,""
2020,3,3as,3,,,645,25.931883,-80.74321297,bcnh,4,""
2020,3,3as,3,,,656,25.94831002,-80.743002,bcnh,1,""
2020,3,3as,3,,,628,25.83597902,-80.74289798,bcnh,1,""
2020,3,3as,3,,,617,25.78803697,-80.74277602,bcnh,2,""
2020,3,3as,3,,,646,25.93095101,-80.74264501,bcnh,3,""
2020,3,3as,3,,,647,25.91846701,-80.74238802,bcnh,2,""
2020,3,3as,3,,,633,25.860265,-80.74228199,bcnh,1,""
2020,3,3as,3,,,631,25.83916498,-80.74217797,bcnh,10,""
2020,3,3as,3,,,622,25.813267,-80.74162904,bcnh,3,""
2020,3,3as,3,,,641,25.90090097,-80.74148001,bcnh,9,""
2020,3,3as,3,,,668,25.93015498,-80.73661197,bcnh,2,""
2020,3,3as,3,,,672,25.915432,-80.73641701,bcnh,2,""
2020,3,3as,3,,,671,25.91661402,-80.736172,bcnh,5,""
2020,3,3as,3,,,670,25.91885903,-80.73581703,bcnh,3,""
2020,3,3as,3,,,664,25.94165102,-80.73567697,bcnh,7,""
2020,3,3as,3,,,685,25.87502201,-80.73506199,bcnh,3,""
2020,3,3as,3,,,687,25.82017997,-80.73499099,bcnh,1,""
2020,3,3as,3,,,674,25.91482901,-80.73490902,bcnh,1,""
2020,3,3as,3,,,663,25.94698702,-80.73487499,bcnh,4,""
2020,3,3as,3,,,6/73FRODO,25.91416198,-80.73430301,bcnh,5,""
2020,3,3as,3,,,665,25.93968697,-80.73416102,bcnh,1,""
2020,3,3as,3,,,680,25.89950798,-80.73395499,bcnh,4,""
2020,3,3as,3,,,684,25.88562403,-80.73392599,bcnh,1,""
2020,3,3as,3,,,681,25.89611398,-80.73377,bcnh,5,""
2020,3,3as,3,,,686,25.87209203,-80.73354403,bcnh,1,""
2020,3,3as,3,,,667,25.93724004,-80.73341997,bcnh,5,""
2020,3,3as,3,,,677,25.90662799,-80.73335996,bcnh,4,""
2020,3,3as,3,,,660,25.95756699,-80.73319802,bcnh,1,""
2020,3,3as,3,,,678,25.90377797,-80.73307296,bcnh,1,""
2020,3,3as,3,,,682,25.89563596,-80.732676,bcnh,9,""
2020,3,3as,3,,,676,25.91247596,-80.73232496,bcnh,5,""
2020,3,3as,3,,,688,25.816028,-80.732015,bcnh,3,""
2020,3,3as,3,,,689,25.78424801,-80.73158601,bcnh,3,""
2020,3,3as,3,,,698,25.78428598,-80.72665997,bcnh,2,""
2020,3,3as,3,,,707,25.81932896,-80.726364,bcnh,3,""
2020,3,3as,3,,,724,25.89685,-80.72578498,bcnh,20,""
2020,3,3as,3,,,736,25.95332399,-80.72552296,bcnh,1,""
2020,3,3as,3,,,714,25.84696904,-80.72552003,bcnh,3,""
2020,3,3as,3,,,720,25.86928301,-80.72540796,bcnh,1,""
2020,3,3as,3,,,733,25.945919,-80.72529699,bcnh,1,""
2020,3,3as,3,,,719,25.867442,-80.72529104,bcnh,2,""
2020,3,3as,3,,,713,25.84471297,-80.72523002,bcnh,2,""
2020,3,3as,3,,,722,25.87974303,-80.72508199,bcnh,6,""
2020,3,3as,3,,,726,25.91230002,-80.72487404,bcnh,20,""
2020,3,3as,3,,,708,25.82366902,-80.724595,bcnh,7,""
2020,3,3as,3,,,734,25.94949799,-80.72454203,bcnh,1,""
2020,3,3as,3,,,696,25.77025803,-80.72437397,bcnh,1,""
2020,3,3as,3,,,697,25.77651202,-80.72417004,bcnh,6,""
2020,3,3as,3,,,732,25.94215997,-80.72404398,bcnh,6,""
2020,3,3as,3,,,699,25.79255104,-80.72374902,bcnh,4,""
2020,3,3as,3,,,729,25.91951198,-80.72374499,bcnh,4,""
2020,3,3as,3,,,731,25.92126396,-80.72373401,bcnh,2,""
2020,3,3as,3,,,712,25.843539,-80.72361801,bcnh,12,""
2020,3,3as,3,,,700,25.79275598,-80.72354802,bcnh,1,""
2020,3,3as,3,,,717,25.86080303,-80.723415,bcnh,1,""
2020,3,3as,3,,,735,25.94701996,-80.72331601,bcnh,1,""
2020,3,3as,3,,,706,25.81339801,-80.72310001,bcnh,2,""
2020,3,3as,3,,,710,25.83071401,-80.722984,bcnh,2,""
2020,3,3as,3,,,721,25.87642003,-80.72292902,bcnh,1,""
2020,3,3as,3,,,711,25.83159101,-80.72288702,bcnh,1,""
2020,3,3as,3,,,727,25.91454403,-80.72270798,bcnh,6,""
2020,3,3as,3,,,715,25.84768804,-80.72267697,bcnh,6,""
2020,3,3as,3,,,716,25.85696798,-80.72261402,bcnh,1,""
2020,3,3as,3,,,705,25.81242302,-80.72260296,bcnh,1,""
2020,3,3as,3,,,702,25.80691402,-80.72209703,bcnh,3,""
2020,3,3as,3,,,701,25.80420599,-80.72189301,bcnh,4,""
2020,3,3as,3,,,709,25.82356702,-80.72185697,bcnh,4,""
2020,3,3as,3,,,753,25.85104901,-80.71611503,bcnh,2,""
2020,3,3as,3,,,752,25.85220798,-80.71591202,bcnh,7,""
2020,3,3as,3,,,749,25.86556303,-80.71528598,bcnh,2,""
2020,3,3as,3,,,744,25.88662298,-80.71502304,bcnh,2,""
2020,3,3as,3,,,754,25.84849999,-80.71443496,bcnh,3,""
2020,3,3as,3,,,759,25.81308796,-80.71437897,bcnh,1,""
2020,3,3as,3,,,760,25.80732699,-80.713607,bcnh,2,""
2020,3,3as,3,,,747,25.86903499,-80.71339603,bcnh,1,""
2020,3,3as,3,,,748,25.86599101,-80.71319796,bcnh,1,""
2020,3,3as,3,,,758,25.81559801,-80.71304097,bcnh,1,""
2020,3,3as,3,,,740,25.94098097,-80.71289102,bcnh,15,""
2020,3,3as,3,,,761,25.79102201,-80.71240897,bcnh,2,""
2020,3,3as,3,,,756,25.83041998,-80.71237796,bcnh,1,""
2020,3,3as,3,,,763,25.78999297,-80.71224201,bcnh,2,""
2020,3,3as,3,,,764,25.789798,-80.71214402,bcnh,3,""
2020,3,3as,3,,,765,25.77704201,-80.71180598,bcnh,2,""
2020,3,3as,3,,,755,25.84368803,-80.71171604,bcnh,9,""
2020,3,3as,3,,,741,25.90744497,-80.71155,bcnh,1,""
2020,3,3as,3,,,739,25.94990602,-80.71135998,bcnh,5,""
2020,3,3as,3,,,745,25.88419198,-80.71130298,bcnh,1,""
2020,3,3as,3,,,784,25.79426296,-80.70663502,bcnh,8,""
2020,3,3as,3,,,782,25.77060596,-80.70636503,bcnh,1,""
2020,3,3as,3,,,807,25.92457498,-80.70620704,bcnh,9,""
2020,3,3as,3,,,799,25.88754801,-80.706115,bcnh,1,""
2020,3,3as,3,,,796,25.86361298,-80.70602196,bcnh,6,""
2020,3,3as,3,,,810,25.93979602,-80.70597201,bcnh,1,""
2020,3,3as,3,,,818,25.99843497,-80.70568702,bcnh,3,""
2020,3,3as,3,,,797,25.87792902,-80.70560002,bcnh,1,""
2020,3,3as,3,,,809,25.93625802,-80.70524496,bcnh,1,""
2020,3,3as,3,,,792,25.85446497,-80.70491597,bcnh,18,""
2020,3,3as,3,,,817,25.99139703,-80.70476702,bcnh,3,""
2020,3,3as,3,,,803,25.89718804,-80.70472897,bcnh,1,""
2020,3,3as,3,,,773,25.80003097,-80.70454499,bcnh,1,""
2020,3,3as,3,,,804,25.902819,-80.70400603,bcnh,1,""
2020,3,3as,3,,,795,25.86309297,-80.70397602,bcnh,22,""
2020,3,3as,3,,,776,25.78916098,-80.70384803,bcnh,1,""
2020,3,3as,3,,,770,25.80469701,-80.70380797,bcnh,1,""
2020,3,3as,3,,,785,25.81262201,-80.70376002,bcnh,6,""
2020,3,3as,3,,,814,25.96217704,-80.70367998,bcnh,4,""
2020,3,3as,3,,,781,25.76708204,-80.70364896,bcnh,1,""
2020,3,3as,3,,,789,25.83956799,-80.70344503,bcnh,3,""
2020,3,3as,3,,,808,25.93348998,-80.70317396,bcnh,2,""
2020,3,3as,3,,,777,25.78253198,-80.70315803,bcnh,1,""
2020,3,3as,3,,,791,25.846444,-80.70302501,bcnh,2,""
2020,3,3as,3,,,774,25.79983802,-80.702936,bcnh,4,""
2020,3,3as,3,,,793,25.85479799,-80.70292301,bcnh,10,""
2020,3,3as,3,,,771,25.80414296,-80.70240199,bcnh,1,""
2020,3,3as,3,,,779,25.77900002,-80.70223301,bcnh,2,""
2020,3,3as,3,,,813,25.95773597,-80.70217098,bcnh,1,""
2020,3,3as,3,,,778,25.78104001,-80.70182498,bcnh,12,""
2020,3,3as,3,,,786,25.81620804,-80.70170604,bcnh,7,""
2020,3,3as,3,,,775,25.79309704,-80.70157201,bcnh,6,""
2020,3,3as,3,,,780,25.77428604,-80.70156598,bcnh,2,""
2020,3,3as,3,,,816,25.97043204,-80.70152298,bcnh,2,""
2020,3,3as,3,,,801,25.89256902,-80.70145098,bcnh,7,""
2020,3,3as,3,,,805,25.90235699,-80.70137403,bcnh,6,""
2020,3,3as,3,,,822,25.96837403,-80.69576897,bcnh,1,""
2020,3,3as,3,,,836,25.83714201,-80.69561197,bcnh,5,""
2020,3,3as,3,,,821,25.98006796,-80.69552899,bcnh,3,""
2020,3,3as,3,,,847,25.76498397,-80.69542799,bcnh,8,""
2020,3,3as,3,,,827,25.92706298,-80.69515902,bcnh,3,""
2020,3,3as,3,,,843,25.78350504,-80.69504997,bcnh,2,""
2020,3,3as,3,,,831,25.86066398,-80.69489499,bcnh,2,""
2020,3,3as,3,,,830,25.89604299,-80.69488602,bcnh,14,""
2020,3,3as,3,,,844,25.77777098,-80.69390902,bcnh,4,""
2020,3,3as,3,,,826,25.92984402,-80.69382504,bcnh,25,""
2020,3,3as,3,,,833,25.84983397,-80.69360199,bcnh,2,""
2020,3,3as,3,,,837,25.82650102,-80.69353603,bcnh,6,""
2020,3,3as,3,,,828,25.92447499,-80.69350703,bcnh,2,""
2020,3,3as,3,,,835,25.84816899,-80.69293203,bcnh,1,""
2020,3,3as,3,,,832,25.85614898,-80.69288702,bcnh,1,""
2020,3,3as,3,,,829,25.90830998,-80.69281301,bcnh,33,""
2020,3,3as,3,,,825,25.93823397,-80.69265299,bcnh,11,""
2020,3,3as,3,,,840,25.79582904,-80.69264503,bcnh,8,""
2020,3,3as,3,,,839,25.80151398,-80.69257203,bcnh,5,""
2020,3,3as,3,,,838,25.802626,-80.69238,bcnh,1,""
2020,3,3as,3,,,841,25.79647897,-80.69195998,bcnh,1,""
2020,3,3as,3,,,842,25.78947203,-80.69184498,bcnh,5,""
2020,3,3as,3,,,854,25.82148302,-80.68773399,bcnh,1,""
2020,3,3as,3,,,865,25.883563,-80.68657704,bcnh,9,""
2020,3,3as,3,,,851,25.81206897,-80.68653203,bcnh,2,""
2020,3,3as,3,,,871,25.92640501,-80.68604797,bcnh,10,""
2020,3,3as,3,,,852,25.81379699,-80.68596197,bcnh,6,""
2020,3,3as,3,,,870,25.90907902,-80.68575704,bcnh,1,""
2020,3,3as,3,,,850,25.80814096,-80.68545202,bcnh,4,""
2020,3,3as,3,,,857,25.83556797,-80.68522604,bcnh,2,""
2020,3,3as,3,,,858,25.83380199,-80.68481499,bcnh,1,""
2020,3,3as,3,,,860,25.85176801,-80.684643,bcnh,1,""
2020,3,3as,3,,,864,25.87419103,-80.684269,bcnh,12,""
2020,3,3as,3,,,855,25.825348,-80.68303803,bcnh,2,""
2020,3,3as,3,,,863,25.863414,-80.68292504,bcnh,1,""
2020,3,3as,3,,,874,25.94342496,-80.68279403,bcnh,17,""
2020,3,3as,3,,,856,25.82654603,-80.68100902,bcnh,4,""
2020,3,3as,3,,,888,25.86639402,-80.67546104,bcnh,17,""
2020,3,3as,3,,,896,25.82798797,-80.675411,bcnh,16,""
2020,3,3as,3,,,877,25.94540896,-80.67540304,bcnh,9,""
2020,3,3as,3,,,879,25.93692396,-80.67486299,bcnh,1,""
2020,3,3as,3,,,902,25.81128996,-80.67479996,bcnh,1,""
2020,3,3as,3,,,901,25.81691396,-80.674576,bcnh,1,""
2020,3,3as,3,,,884,25.92606302,-80.67445496,bcnh,2,""
2020,3,3as,3,,,892,25.84463401,-80.67430199,bcnh,3,""
2020,3,3as,3,,,895,25.83217699,-80.67396102,bcnh,3,""
2020,3,3as,3,,,894,25.83937998,-80.67363597,bcnh,1,""
2020,3,3as,3,,,904,25.80845,-80.67350797,bcnh,1,""
2020,3,3as,3,,,893,25.84137504,-80.67344301,bcnh,6,""
2020,3,3as,3,,,885,25.92251999,-80.673326,bcnh,23,""
2020,3,3as,3,,,882,25.93367304,-80.67321603,bcnh,3,""
2020,3,3as,3,,,881,25.93487601,-80.67316197,bcnh,3,""
2020,3,3as,3,,,880,25.93664803,-80.67248899,bcnh,2,""
2020,3,3as,3,,,883,25.92673701,-80.67241598,bcnh,1,""
2020,3,3as,3,,,878,25.94154004,-80.67240399,bcnh,17,""
2020,3,3as,3,,,887,25.88795696,-80.67226896,bcnh,11,""
2020,3,3as,3,,,900/CHAR-RUN,25.81895697,-80.67199596,bcnh,2,""
2020,3,3as,3,,,378,25.84364302,-80.82533299,gbhe,2,""
2020,3,3as,3,,,376,25.81661096,-80.82525697,gbhe,2,""
2020,3,3as,3,,,377,25.82541204,-80.82481801,gbhe,3,""
2020,3,3as,3,,,372,25.77670799,-80.82475497,gbhe,1,""
2020,3,3as,3,,,379,25.879982,-80.82439799,gbhe,1,""
2020,3,3as,3,,,375,25.79640102,-80.82378896,gbhe,1,""
2020,3,3as,3,,,373,25.78347998,-80.82252203,gbhe,3,""
2020,3,3as,3,,,371,25.770858,-80.82222397,gbhe,1,""
2020,3,3as,3,,,370,25.767966,-80.82196296,gbhe,2,""
2020,3,3as,3,,,389,25.81281303,-80.81625204,gbhe,2,""
2020,3,3as,3,,,401,25.77014001,-80.81585398,gbhe,1,""
2020,3,3as,3,,,387,25.83755499,-80.81539901,gbhe,2,""
2020,3,3as,3,,,390,25.81022898,-80.81528904,gbhe,1,""
2020,3,3as,3,,,394,25.79086703,-80.81497598,gbhe,1,""
2020,3,3as,3,,,391,25.812621,-80.81497396,gbhe,3,""
2020,3,3as,3,,,388,25.82018299,-80.81464204,gbhe,1,""
2020,3,3as,3,,,385,25.851824,-80.81461597,gbhe,1,""
2020,3,3as,3,,,393,25.79102797,-80.81428497,gbhe,1,""
2020,3,3as,3,,,392,25.79562703,-80.81399001,gbhe,1,""
2020,3,3as,3,,,395,25.78508796,-80.81343102,gbhe,2,""
2020,3,3as,3,,,396,25.78147997,-80.81334502,gbhe,1,""
2020,3,3as,3,,,397,25.77579101,-80.81310002,gbhe,1,""
2020,3,3as,3,,,383,25.87334404,-80.81281101,gbhe,1,""
2020,3,3as,3,,,402,25.76557699,-80.81258001,gbhe,1,""
2020,3,3as,3,,,382,25.87524204,-80.81246099,gbhe,1,""
2020,3,3as,3,,,399,25.77155496,-80.81235504,gbhe,3,""
2020,3,3as,3,,,384,25.86534401,-80.81179001,gbhe,1,""
2020,3,3as,3,,,407,25.80497302,-80.80745498,gbhe,4,""
2020,3,3as,3,,,411,25.85286898,-80.80641696,gbhe,2,""
2020,3,3as,3,,,405,25.774424,-80.80459298,gbhe,1,""
2020,3,3as,3,,,410,25.83431102,-80.80372201,gbhe,2,""
2020,3,3as,3,,,406,25.80100997,-80.80358497,gbhe,2,""
2020,3,3as,3,,,415,25.87675396,-80.80339604,gbhe,3,""
2020,3,3as,3,,,418,25.87817897,-80.803072,gbhe,1,""
2020,3,3as,3,,,412,25.85526603,-80.80217103,gbhe,1,""
2020,3,3as,3,,,429,25.94603299,-80.801519,gbhe,1,""
2020,3,3as,3,,,449,25.76652397,-80.79644904,gbhe,1,""
2020,3,3as,3,,,447,25.77630599,-80.79636396,gbhe,1,""
2020,3,3as,3,,,433,25.93100801,-80.79605198,gbhe,1,""
2020,3,3as,3,,,445,25.79825602,-80.79448197,gbhe,2,""
2020,3,3as,3,,,443,25.87757397,-80.79432799,gbhe,1,""
2020,3,3as,3,,,446,25.79322897,-80.79389599,gbhe,2,""
2020,3,3as,3,,,459,25.79424402,-80.78657499,gbhe,2,""
2020,3,3as,3,,,462,25.80618203,-80.78608297,gbhe,4,""
2020,3,3as,3,,,455,25.77501803,-80.78599001,gbhe,7,""
2020,3,3as,3,,,488,25.95587301,-80.78594802,gbhe,1,""
2020,3,3as,3,,,466,25.84075503,-80.78566798,gbhe,2,""
2020,3,3as,3,,,452,25.767377,-80.78565901,gbhe,1,""
2020,3,3as,3,,,453,25.77099002,-80.78530203,gbhe,1,""
2020,3,3as,3,,,465,25.83076104,-80.78525702,gbhe,1,""
2020,3,3as,3,,,454,25.77287,-80.784334,gbhe,1,""
2020,3,3as,3,,,460,25.800425,-80.78312701,gbhe,2,""
2020,3,3as,3,,,457,25.78069802,-80.78290598,gbhe,1,""
2020,3,3as,3,,,458,25.78004097,-80.78268402,gbhe,1,""
2020,3,3as,3,,,467,25.84084203,-80.78225898,gbhe,2,""
2020,3,3as,3,,,461,25.80512901,-80.78204297,gbhe,3,""
2020,3,3as,3,,,479,25.91211604,-80.78200601,gbhe,1,""
2020,3,3as,3,,,469,25.85240898,-80.78159697,gbhe,1,""
2020,3,3as,3,,,510,25.83694504,-80.77685399,gbhe,1,""
2020,3,3as,3,,,512,25.81462302,-80.77607699,gbhe,1,""
2020,3,3as,3,,,517,25.78102903,-80.77605,gbhe,1,""
2020,3,3as,3,,,515,25.78492602,-80.77588596,gbhe,2,""
2020,3,3as,3,,,514,25.79319804,-80.77439097,gbhe,2,""
2020,3,3as,3,,,503,25.91822603,-80.77348304,gbhe,1,""
2020,3,3as,3,,,519,25.77354097,-80.77342101,gbhe,1,""
2020,3,3as,3,,,511,25.81691296,-80.77259104,gbhe,3,""
2020,3,3as,3,,,516,25.78476903,-80.77231703,gbhe,1,""
2020,3,3as,3,,,542,25.90613203,-80.76661399,gbhe,1,""
2020,3,3as,3,,,539,25.88447998,-80.76655397,gbhe,1,""
2020,3,3as,3,,,529,25.82865802,-80.76603698,gbhe,1,""
2020,3,3as,3,,,530,25.83355498,-80.76515604,gbhe,1,""
2020,3,3as,3,,,528,25.82771799,-80.76454902,gbhe,2,""
2020,3,3as,3,,,523,25.775805,-80.76395198,gbhe,2,""
2020,3,3as,3,,,522,25.77507502,-80.76368803,gbhe,1,""
2020,3,3as,3,,,525,25.78952098,-80.76178098,gbhe,1,""
2020,3,3as,3,,,552,25.94525096,-80.76138804,gbhe,1,""
2020,3,3as,3,,,524,25.78163303,-80.76127698,gbhe,1,""
2020,3,3as,3,,,598,25.830639,-80.75621196,gbhe,2,""
2020,3,3as,3,,,590,25.856253,-80.75574601,gbhe,1,""
2020,3,3as,3,,,561,25.93809499,-80.75572799,gbhe,1,""
2020,3,3as,3,,,606,25.78138601,-80.75560603,gbhe,1,""
2020,3,3as,3,,,607,25.777113,-80.75559899,gbhe,1,""
2020,3,3as,3,,,583,25.87713199,-80.75529004,gbhe,1,""
2020,3,3as,3,,,596,25.83643701,-80.75509901,gbhe,1,""
2020,3,3as,3,,,571,25.90053602,-80.75507403,gbhe,1,""
2020,3,3as,3,,,575,25.89555901,-80.75473901,gbhe,1,""
2020,3,3as,3,,,570,25.90512897,-80.754723,gbhe,1,""
2020,3,3as,3,,,587,25.86213198,-80.75387701,gbhe,1,""
2020,3,3as,3,,,599,25.807126,-80.75340201,gbhe,1,""
2020,3,3as,3,,,602,25.79322997,-80.753242,gbhe,1,""
2020,3,3as,3,,,597,25.83107301,-80.75309699,gbhe,2,""
2020,3,3as,3,,,603,25.78464104,-80.752781,gbhe,2,""
2020,3,3as,3,,,620,25.80209099,-80.74646196,gbhe,1,""
2020,3,3as,3,,,618,25.78931697,-80.745865,gbhe,1,""
2020,3,3as,3,,,615,25.78623796,-80.74582402,gbhe,1,""
2020,3,3as,3,,,610,25.77207296,-80.74569301,gbhe,1,""
2020,3,3as,3,,,651,25.93955303,-80.74567096,gbhe,1,""
2020,3,3as,3,,,639,25.89365196,-80.74401604,gbhe,1,""
2020,3,3as,3,,,612,25.77661696,-80.74388503,gbhe,1,""
2020,3,3as,3,,,614,25.78481102,-80.74354003,gbhe,1,""
2020,3,3as,3,,,645,25.931883,-80.74321297,gbhe,1,""
2020,3,3as,3,,,655,25.94483304,-80.74244603,gbhe,2,""
2020,3,3as,3,,,631,25.83916498,-80.74217797,gbhe,1,""
2020,3,3as,3,,,641,25.90090097,-80.74148001,gbhe,1,""
2020,3,3as,3,,,668,25.93015498,-80.73661197,gbhe,1,""
2020,3,3as,3,,,692,25.77443498,-80.73347898,gbhe,1,""
2020,3,3as,3,,,675,25.90798703,-80.73280902,gbhe,1,""
2020,3,3as,3,,,691,25.77770401,-80.73270801,gbhe,1,""
2020,3,3as,3,,,688,25.816028,-80.732015,gbhe,1,""
2020,3,3as,3,,,722,25.87974303,-80.72508199,gbhe,2,""
2020,3,3as,3,,,726,25.91230002,-80.72487404,gbhe,2,""
2020,3,3as,3,,,723,25.88209198,-80.724681,gbhe,1,""
2020,3,3as,3,,,708,25.82366902,-80.724595,gbhe,1,""
2020,3,3as,3,,,728,25.918178,-80.72415998,gbhe,1,""
2020,3,3as,3,,,711,25.83159101,-80.72288702,gbhe,1,""
2020,3,3as,3,,,766,25.77427698,-80.71480502,gbhe,1,""
2020,3,3as,3,,,751,25.85935397,-80.71349703,gbhe,1,""
2020,3,3as,3,,,756,25.83041998,-80.71237796,gbhe,1,""
2020,3,3as,3,,,764,25.789798,-80.71214402,gbhe,1,""
2020,3,3as,3,,,796,25.86361298,-80.70602196,gbhe,1,""
2020,3,3as,3,,,797,25.87792902,-80.70560002,gbhe,2,""
2020,3,3as,3,,,790,25.84395499,-80.70462101,gbhe,1,""
2020,3,3as,3,,,806,25.90824896,-80.70430401,gbhe,1,""
2020,3,3as,3,,,795,25.86309297,-80.70397602,gbhe,1,""
2020,3,3as,3,,,789,25.83956799,-80.70344503,gbhe,2,""
2020,3,3as,3,,,791,25.846444,-80.70302501,gbhe,2,""
2020,3,3as,3,,,793,25.85479799,-80.70292301,gbhe,1,""
2020,3,3as,3,,,788,25.82942002,-80.702476,gbhe,3,""
2020,3,3as,3,,,779,25.77900002,-80.70223301,gbhe,1,""
2020,3,3as,3,,,802,25.89117503,-80.70202203,gbhe,1,""
2020,3,3as,3,,,801,25.89256902,-80.70145098,gbhe,1,""
2020,3,3as,3,,,836,25.83714201,-80.69561197,gbhe,1,""
2020,3,3as,3,,,846,25.76996701,-80.69544802,gbhe,1,""
2020,3,3as,3,,,847,25.76498397,-80.69542799,gbhe,1,""
2020,3,3as,3,,,830,25.89604299,-80.69488602,gbhe,1,""
2020,3,3as,3,,,826,25.92984402,-80.69382504,gbhe,1,""
2020,3,3as,3,,,829,25.90830998,-80.69281301,gbhe,2,""
2020,3,3as,3,,,871,25.92640501,-80.68604797,gbhe,2,""
2020,3,3as,3,,,870,25.90907902,-80.68575704,gbhe,1,""
2020,3,3as,3,,,859,25.84718403,-80.68537499,gbhe,1,""
2020,3,3as,3,,,857,25.83556797,-80.68522604,gbhe,1,""
2020,3,3as,3,,,860,25.85176801,-80.684643,gbhe,1,""
2020,3,3as,3,,,869,25.90151704,-80.68454401,gbhe,1,""
2020,3,3as,3,,,856,25.82654603,-80.68100902,gbhe,1,""
2020,3,3as,3,,,886,25.89310303,-80.67681304,gbhe,1,""
2020,3,3as,3,,,896,25.82798797,-80.675411,gbhe,3,""
2020,3,3as,3,,,890/DRACO,25.85081398,-80.67352901,gbhe,7,""
2020,3,3as,3,,,887,25.88795696,-80.67226896,gbhe,1,""
2020,3,3as,3,,,897,25.82552997,-80.67206,gbhe,1,""
2020,3,3as,3,,,900/CHAR-RUN,25.81895697,-80.67199596,gbhe,1,""
2020,3,3as,3,,,898,25.823579,-80.67194701,gbhe,3,""
2020,3,3as,3,,,481,25.91656004,-80.78590301,greg,11,""
2020,3,3as,3,,,452,25.767377,-80.78565901,greg,2,""
2020,3,3as,3,,,473,25.87642598,-80.78504101,greg,1,""
2020,3,3as,3,,,464,25.83365296,-80.78481303,greg,1,""
2020,3,3as,3,,,484,25.92155197,-80.78377803,greg,3,""
2020,3,3as,3,,,526,25.80227899,-80.76676997,greg,2,""
2020,3,3as,3,,,528,25.82771799,-80.76454902,greg,1,""
2020,3,3as,3,,,590,25.856253,-80.75574601,greg,6,""
2020,3,3as,3,,,612,25.77661696,-80.74388503,greg,1,""
2020,3,3as,3,,,691,25.77770401,-80.73270801,greg,1,""
2020,3,3as,3,,,704,25.81102702,-80.72604499,greg,3,""
2020,3,3as,3,,,726,25.91230002,-80.72487404,greg,3,""
2020,3,3as,3,,,708,25.82366902,-80.724595,greg,4,""
2020,3,3as,3,,,730,25.91938801,-80.72260296,greg,1,""
2020,3,3as,3,,,703,25.80894797,-80.72243004,greg,1,""
2020,3,3as,3,,,753,25.85104901,-80.71611503,greg,1,""
2020,3,3as,3,,,742,25.89629704,-80.71405501,greg,2,""
2020,3,3as,3,,,757,25.82366399,-80.71345403,greg,5,""
2020,3,3as,3,,,740,25.94098097,-80.71289102,greg,2,""
2020,3,3as,3,,,756,25.83041998,-80.71237796,greg,1,""
2020,3,3as,3,,,765,25.77704201,-80.71180598,greg,6,""
2020,3,3as,3,,,755,25.84368803,-80.71171604,greg,2,""
2020,3,3as,3,,,769,25.80713497,-80.70622799,greg,1,""
2020,3,3as,3,,,796,25.86361298,-80.70602196,greg,1,""
2020,3,3as,3,,,795,25.86309297,-80.70397602,greg,4,""
2020,3,3as,3,,,770,25.80469701,-80.70380797,greg,1,""
2020,3,3as,3,,,789,25.83956799,-80.70344503,greg,2,""
2020,3,3as,3,,,793,25.85479799,-80.70292301,greg,3,""
2020,3,3as,3,,,780,25.77428604,-80.70156598,greg,1,""
2020,3,3as,3,,,847,25.76498397,-80.69542799,greg,1,""
2020,3,3as,3,,,829,25.90830998,-80.69281301,greg,2,""
2020,3,3as,3,,,865,25.883563,-80.68657704,greg,6,""
2020,3,3as,3,,,862,25.85579501,-80.68648903,greg,1,""
2020,3,3as,3,,,850,25.80814096,-80.68545202,greg,10,""
2020,3,3as,3,,,890/DRACO,25.85081398,-80.67352901,greg,14,""
2020,3,3as,3,,,898,25.823579,-80.67194701,greg,13,""
2020,3,3as,3,3691,436,436,25.92014,-80.79869,lbhe,75,""
2020,3,3as,3,,,423,25.91283504,-80.80738197,lbhe,30,""
2020,3,3as,3,,,422,25.90926401,-80.80517602,lbhe,35,""
2020,3,3as,3,,,438,25.90012397,-80.79374503,lbhe,4,""
2020,3,3as,3,,,434,25.92185397,-80.79305001,lbhe,45,""
2020,3,3as,3,,,435,25.92151098,-80.79182097,lbhe,8,""
2020,3,3as,3,,,553,25.95543497,-80.762143,lbhe,3,""
2020,3,3as,3,,,550,25.93617998,-80.76195298,lbhe,2,""
2020,3,3as,3,,,562,25.92668697,-80.75649602,lbhe,1,""
2020,3,3as,3,,,594,25.83939096,-80.75355004,lbhe,1,""
2020,3,3as,3,,,600,25.80190298,-80.75238202,lbhe,2,""
2020,3,3as,3,,,595,25.83779798,-80.75237003,lbhe,1,""
2020,3,3as,3,,,803,25.89718804,-80.70472897,lbhe,2,""
2020,3,3as,3,,,793,25.85479799,-80.70292301,lbhe,1,""
2020,3,3as,3,,,834,25.85088699,-80.69314501,lbhe,1,""
2020,3,3as,3,,,878,25.94154004,-80.67240399,lbhe,1,""
2020,3,3as,3,,,891,25.84753297,-80.67645597,smwh,1,""
2020,3,3as,3,3691,436,436,25.92014,-80.79869,sneg,25,""
2020,3,3as,3,,,423,25.91283504,-80.80738197,sneg,12,""
2020,3,3as,3,,,422,25.90926401,-80.80517602,sneg,15,""
2020,3,3as,3,,,434,25.92185397,-80.79305001,sneg,8,""
2020,3,3as,3,,,551,25.94166803,-80.76318101,sneg,1,""
2020,3,3as,3,,,595,25.83779798,-80.75237003,sneg,5,""
2020,3,3as,3,3691,436,436,25.92014,-80.79869,trhe,3,""
2020,3,3as,3,,,423,25.91283504,-80.80738197,trhe,10,""
2020,3,3as,3,,,422,25.90926401,-80.80517602,trhe,4,""
2020,3,3as,3,,,415,25.87675396,-80.80339604,trhe,1,""
2020,3,3as,3,,,438,25.90012397,-80.79374503,trhe,1,""
2020,3,3as,3,,,434,25.92185397,-80.79305001,trhe,6,""
2020,3,3as,3,,,548,25.93177001,-80.76420603,trhe,4,""
2020,3,3as,3,,,550,25.93617998,-80.76195298,trhe,3,""
2020,3,3as,3,,,864,25.87419103,-80.684269,trhe,2,""
2020,3,3as,3,,,877,25.94540896,-80.67540304,trhe,1,""
2020,3,3as,3,,,481,25.91656004,-80.78590301,whib,17,""
2020,3,3as,3,,,472,25.87305402,-80.78212604,whib,1,""
2020,3,3as,3,,,496,25.937507,-80.77263496,whib,3,""
2020,3,3as,3,,,666,25.93773197,-80.73632003,whib,2,""
2020,3,3as,3,,,695,25.76874602,-80.72759002,whib,11,""
2020,3,3as,3,,,795,25.86309297,-80.70397602,whib,3,""
2020,3,3as,3,,,793,25.85479799,-80.70292301,whib,3,""
2020,3,3as,3,,,871,25.92640501,-80.68604797,whib,3,""
2020,3,3as,3,,,882,25.93367304,-80.67321603,whib,1,""
2020,3,3as,3,,,898,25.823579,-80.67194701,whib,6,""
2020,3,3as,3,,,695,25.76874602,-80.72759002,wost,8,""
2021,1,1,1,3701,3701,new,26.4391,-80.2453,greg,35,""
2021,2,2a,2,,,Heart,26.30056,-80.42674,gbhe,1,""
2021,2,2a,2,,,Heart,26.30056,-80.42674,greg,1,""
2021,2,2a,2,,,Heart,26.30056,-80.42674,whib,10,""
2021,3,3as,3,,,630,25.803355,-80.82397,anhi,1,""
2021,3,3as,3,,,634,25.837632,-80.823557,anhi,1,""
2021,3,3as,3,,,626,25.783851,-80.822204,anhi,1,""
2021,3,3as,3,,,647,25.812914,-80.815605,anhi,1,""
2021,3,3as,3,,,956,25.866354,-80.807851,anhi,1,""
2021,3,3as,3,,,953,25.875931,-80.80677,anhi,1,""
2021,3,3as,3,,,961,25.778586,-80.806303,anhi,1,""
2021,3,3as,3,,,952,25.876804,-80.803406,anhi,4,""
2021,3,3as,3,,,908,25.766515,-80.796475,anhi,1,""
2021,3,3as,3,,,914,25.843173,-80.794909,anhi,1,""
2021,3,3as,3,,,920,25.877541,-80.794237,anhi,5,""
2021,3,3as,3,,,919,25.876365,-80.794021,anhi,16,""
2021,3,3as,3,,,907,25.766664,-80.791878,anhi,1,""
2021,3,3as,3,,,1018,25.794188,-80.786627,anhi,1,""
2021,3,3as,3,,,1015,25.805907,-80.786286,anhi,1,""
2021,3,3as,3,,,1021,25.77479,-80.786159,anhi,10,""
2021,3,3as,3,,,1023,25.773074,-80.784426,anhi,4,""
2021,3,3as,3,,,1024,25.77187,-80.783849,anhi,4,""
2021,3,3as,3,,,1014,25.805197,-80.781893,anhi,5,""
2021,3,3as,3,,,1013,25.814147,-80.781741,anhi,1,""
2021,3,3as,3,,,1008/Garuda,25.925661,-80.780148,anhi,4,""
2021,3,3as,3,,,974,25.836973,-80.776769,anhi,7,""
2021,3,3as,3,,,978,25.847589,-80.776455,anhi,2,""
2021,3,3as,3,,,973,25.814707,-80.775818,anhi,1,""
2021,3,3as,3,,,971,25.793251,-80.774338,anhi,2,""
2021,3,3as,3,,,986,25.918054,-80.773385,anhi,2,""
2021,3,3as,3,,,972,25.816949,-80.772674,anhi,4,""
2021,3,3as,3,,,975,25.840021,-80.771961,anhi,3,""
2021,3,3as,3,,,976,25.839028,-80.77132,anhi,1,""
2021,3,3as,3,,,666,25.828684,-80.766423,anhi,4,""
2021,3,3as,3,,,665,25.827669,-80.765206,anhi,2,""
2021,3,3as,3,,,695,25.974387,-80.764169,anhi,6,""
2021,3,3as,3,,,658,25.775103,-80.762895,anhi,1,""
2021,3,3as,3,,,661,25.789562,-80.761962,anhi,1,""
2021,3,3as,3,,,682,25.907119,-80.761438,anhi,1,""
2021,3,3as,3,,,690,25.945166,-80.761399,anhi,1,""
2021,3,3as,3,,,681,25.88455,-80.76072,anhi,1,""
2021,3,3as,3,,,662,25.797466,-80.759793,anhi,24,""
2021,3,3as,3,,,663,25.795976,-80.759327,anhi,1,""
2021,3,3as,3,,,728,25.920135,-80.756752,anhi,2,""
2021,3,3as,3,,,725,25.938233,-80.755811,anhi,1,""
2021,3,3as,3,,,735,25.875344,-80.755636,anhi,1,""
2021,3,3as,3,,,740,25.847998,-80.755483,anhi,1,""
2021,3,3as,3,,,729,25.905143,-80.754852,anhi,3,""
2021,3,3as,3,,,724,25.940974,-80.754654,anhi,8,""
2021,3,3as,3,,,736,25.862064,-80.75431,anhi,2,""
2021,3,3as,3,,,731,25.898238,-80.753857,anhi,2,""
2021,3,3as,3,,,723,25.940439,-80.752994,anhi,2,""
2021,3,3as,3,,,1040,25.86756,-80.747941,anhi,3,""
2021,3,3as,3,,,1047,25.91006,-80.747126,anhi,4,""
2021,3,3as,3,,,1031,25.802094,-80.746278,anhi,4,""
2021,3,3as,3,,,1049,25.939524,-80.745911,anhi,3,""
2021,3,3as,3,,,1037,25.822932,-80.744991,anhi,1,""
2021,3,3as,3,,,1055,25.972292,-80.74473,anhi,4,""
2021,3,3as,3,,,1043,25.893641,-80.744006,anhi,4,""
2021,3,3as,3,,,1038,25.829962,-80.743895,anhi,1,""
2021,3,3as,3,,,1030,25.784819,-80.743209,anhi,1,""
2021,3,3as,3,,,1051,25.943788,-80.743043,anhi,1,""
2021,3,3as,3,,,1052,25.944956,-80.742489,anhi,6,""
2021,3,3as,3,,,1039,25.839104,-80.742221,anhi,1,""
2021,3,3as,3,,,1057,25.96587,-80.741933,anhi,5,""
2021,3,3as,3,,,1045,25.90102,-80.741426,anhi,4,""
2021,3,3as,3,,,1027,25.772623,-80.74133,anhi,2,""
2021,3,3as,3,,,1044,25.891768,-80.741059,anhi,1,""
2021,3,3as,3,,,1073,25.947138,-80.735479,anhi,2,""
2021,3,3as,3,,,1074,25.946999,-80.734826,anhi,2,""
2021,3,3as,3,,,1077,25.914331,-80.734116,anhi,4,""
2021,3,3as,3,,,1103,25.856511,-80.72731,anhi,1,""
2021,3,3as,3,,,1112,25.926235,-80.727298,anhi,2,""
2021,3,3as,3,,,1105,25.879562,-80.725324,anhi,11,""
2021,3,3as,3,,,1109,25.914746,-80.722788,anhi,3,""
2021,3,3as,3,,,1097,25.80442,-80.721579,anhi,7,""
2021,3,3as,3,,,1101,25.844811,-80.721577,anhi,9,""
2021,3,3as,3,,,1107,25.905483,-80.720795,anhi,4,""
2021,3,3as,3,,,1130,25.851146,-80.716052,anhi,4,""
2021,3,3as,3,,,1124,25.940941,-80.713359,anhi,3,""
2021,3,3as,3,,,1136,25.773629,-80.712685,anhi,2,""
2021,3,3as,3,,,1129,25.861158,-80.711392,anhi,2,""
2021,3,3as,3,,,806,25.88036,-80.705406,anhi,11,""
2021,3,3as,3,,,810,25.863157,-80.704251,anhi,1,""
2021,3,3as,3,,,815,25.839578,-80.703539,anhi,1,""
2021,3,3as,3,,,813,25.846575,-80.70332,anhi,5,""
2021,3,3as,3,,,817,25.816206,-80.701943,anhi,2,""
2021,3,3as,3,,,825,25.781057,-80.701814,anhi,4,""
2021,3,3as,3,,,827,25.774844,-80.70167,anhi,2,""
2021,3,3as,3,,,797,25.967779,-80.701596,anhi,16,""
2021,3,3as,3,,,753,25.772894,-80.696407,anhi,2,""
2021,3,3as,3,,,770,25.969011,-80.695815,anhi,2,""
2021,3,3as,3,,,772,25.980008,-80.695614,anhi,8,""
2021,3,3as,3,,,755,25.783325,-80.695044,anhi,2,""
2021,3,3as,3,,,769,25.95168,-80.694281,anhi,1,""
2021,3,3as,3,,,768,25.92991,-80.693698,anhi,2,""
2021,3,3as,3,,,760,25.831429,-80.693023,anhi,2,""
2021,3,3as,3,,,758,25.805052,-80.692233,anhi,1,""
2021,3,3as,3,,,846,25.926308,-80.686037,anhi,2,""
2021,3,3as,3,,,839,25.851735,-80.684631,anhi,3,""
2021,3,3as,3,,,831,25.789905,-80.683629,anhi,1,""
2021,3,3as,3,,,836,25.825208,-80.683458,anhi,1,""
2021,3,3as,3,,,845,25.919069,-80.682826,anhi,1,""
2021,3,3as,3,,,868,25.847528,-80.676448,anhi,1,""
2021,3,3as,3,,,867,25.850979,-80.673604,anhi,12,""
2021,3,3as,3,,,865,25.887932,-80.672457,anhi,1,""
2021,3,3as,3,,,859,26.056491,-80.670531,anhi,1,""
2021,3,3as,3,,,635,25.975085,-80.824251,bcnh,1,""
2021,3,3as,3,,,636,26.012278,-80.824076,bcnh,4,""
2021,3,3as,3,,,641,25.985567,-80.81328,bcnh,4,""
2021,3,3as,3,,,640,25.992869,-80.813194,bcnh,4,""
2021,3,3as,3,,,639,25.995556,-80.81294,bcnh,1,""
2021,3,3as,3,,,642,25.975492,-80.811417,bcnh,1,""
2021,3,3as,3,,,960,25.779595,-80.807265,bcnh,1,""
2021,3,3as,3,,,932,25.998097,-80.80438,bcnh,1,""
2021,3,3as,3,,,934,25.987576,-80.804217,bcnh,4,""
2021,3,3as,3,,,930,25.998306,-80.80385,bcnh,3,""
2021,3,3as,3,,,933,25.987081,-80.803467,bcnh,14,""
2021,3,3as,3,,,935,25.978206,-80.801937,bcnh,1,""
2021,3,3as,3,,,939,25.968383,-80.801335,bcnh,1,""
2021,3,3as,3,,,927,25.988979,-80.795371,bcnh,4,""
2021,3,3as,3,,,921,25.906308,-80.794458,bcnh,1,""
2021,3,3as,3,,,928,25.9905,-80.792413,bcnh,3,""
2021,3,3as,3,,,1009,25.922956,-80.785272,bcnh,3,""
2021,3,3as,3,,,1010,25.917899,-80.784877,bcnh,1,""
2021,3,3as,3,,,1019,25.779503,-80.78411,bcnh,1,""
2021,3,3as,3,,,1012,25.873563,-80.78165,bcnh,2,""
2021,3,3as,3,,,1002,26.033748,-80.777158,bcnh,6,""
2021,3,3as,3,,,981,25.87576,-80.776618,bcnh,1,""
2021,3,3as,3,,,1001,26.027775,-80.776152,bcnh,3,""
2021,3,3as,3,,,973,25.814707,-80.775818,bcnh,1,""
2021,3,3as,3,,,999,26.00697,-80.775683,bcnh,1,""
2021,3,3as,3,,,1000,26.022925,-80.77508,bcnh,5,""
2021,3,3as,3,,,980,25.864828,-80.774267,bcnh,1,""
2021,3,3as,3,,,983,25.89374,-80.77414,bcnh,2,""
2021,3,3as,3,,,998,26.000705,-80.773499,bcnh,2,""
2021,3,3as,3,,,986,25.918054,-80.773385,bcnh,4,""
2021,3,3as,3,,,990,25.951393,-80.772634,bcnh,1,""
2021,3,3as,3,,,976,25.839028,-80.77132,bcnh,1,""
2021,3,3as,3,,,698,25.99394,-80.76778,bcnh,2,""
2021,3,3as,3,,,676,25.857634,-80.767637,bcnh,1,""
2021,3,3as,3,,,677,25.858374,-80.766038,bcnh,2,""
2021,3,3as,3,,,685,25.935375,-80.765865,bcnh,2,""
2021,3,3as,3,,,693,25.967721,-80.765856,bcnh,1,""
2021,3,3as,3,,,686,25.938933,-80.765262,bcnh,1,""
2021,3,3as,3,,,670,25.849472,-80.76524,bcnh,4,""
2021,3,3as,3,,,707,26.082522,-80.765171,bcnh,5,""
2021,3,3as,3,,,702,26.030436,-80.764925,bcnh,1,""
2021,3,3as,3,,,684,25.931898,-80.764689,bcnh,5,""
2021,3,3as,3,,,689,25.942043,-80.763814,bcnh,1,""
2021,3,3as,3,,,699,26.000218,-80.763778,bcnh,4,""
2021,3,3as,3,,,705,26.047915,-80.763614,bcnh,6,""
2021,3,3as,3,,,688,25.941719,-80.763604,bcnh,1,""
2021,3,3as,3,,,706,26.076442,-80.763546,bcnh,3,""
2021,3,3as,3,,,669,25.839834,-80.763225,bcnh,1,""
2021,3,3as,3,,,680,25.870157,-80.763167,bcnh,1,""
2021,3,3as,3,,,675,25.856193,-80.763147,bcnh,2,""
2021,3,3as,3,,,694,25.968902,-80.763055,bcnh,4,""
2021,3,3as,3,,,701,26.030816,-80.762997,bcnh,2,""
2021,3,3as,3,,,687,25.936138,-80.761852,bcnh,6,""
2021,3,3as,3,,,672,25.849871,-80.7618,bcnh,1,""
2021,3,3as,3,,,703/Ketal,26.034713,-80.760364,bcnh,12,""
2021,3,3as,3,,,718,25.967215,-80.756216,bcnh,1,""
2021,3,3as,3,,,710,26.041814,-80.756102,bcnh,6,""
2021,3,3as,3,,,734,25.876957,-80.755578,bcnh,2,""
2021,3,3as,3,,,740,25.847998,-80.755483,bcnh,1,""
2021,3,3as,3,,,714,26.029449,-80.755348,bcnh,5,""
2021,3,3as,3,,,739,25.849823,-80.754799,bcnh,1,""
2021,3,3as,3,,,732,25.898075,-80.754783,bcnh,1,""
2021,3,3as,3,,,711,26.037279,-80.754737,bcnh,4,""
2021,3,3as,3,,,722,25.944175,-80.754659,bcnh,1,""
2021,3,3as,3,,,724,25.940974,-80.754654,bcnh,3,""
2021,3,3as,3,,,721,25.943104,-80.754601,bcnh,1,""
2021,3,3as,3,,,727,25.913353,-80.754408,bcnh,1,""
2021,3,3as,3,,,737,25.85771,-80.754077,bcnh,1,""
2021,3,3as,3,,,731,25.898238,-80.753857,bcnh,1,""
2021,3,3as,3,,,713,26.02958,-80.753651,bcnh,2,""
2021,3,3as,3,,,719/Inanna,25.964395,-80.753086,bcnh,4,""
2021,3,3as,3,,,738,25.852082,-80.752748,bcnh,3,""
2021,3,3as,3,,,712,26.031471,-80.752614,bcnh,4,""
2021,3,3as,3,,,717,25.968433,-80.751805,bcnh,1,""
2021,3,3as,3,,,726,25.923075,-80.750805,bcnh,1,""
2021,3,3as,3,,,1053,25.951927,-80.748247,bcnh,3,""
2021,3,3as,3,,,1049,25.939524,-80.745911,bcnh,1,""
2021,3,3as,3,,,1063,26.029302,-80.745801,bcnh,1,""
2021,3,3as,3,,,1042,25.886352,-80.744942,bcnh,2,""
2021,3,3as,3,,,1056,25.969625,-80.744791,bcnh,1,""
2021,3,3as,3,,,1032,25.803213,-80.742444,bcnh,1,""
2021,3,3as,3,,,1039,25.839104,-80.742221,bcnh,1,""
2021,3,3as,3,,,1044,25.891768,-80.741059,bcnh,3,""
2021,3,3as,3,,,1035,25.810969,-80.740269,bcnh,1,""
2021,3,3as,3,,,1066,26.038528,-80.736036,bcnh,2,""
2021,3,3as,3,,,1070,26.011375,-80.735547,bcnh,2,""
2021,3,3as,3,,,1072,25.958829,-80.73462,bcnh,5,""
2021,3,3as,3,,,1075,25.942223,-80.734608,bcnh,1,""
2021,3,3as,3,,,1068,26.022446,-80.734503,bcnh,2,""
2021,3,3as,3,,,1083,25.817059,-80.733811,bcnh,1,""
2021,3,3as,3,,,1079,25.917214,-80.73313,bcnh,1,""
2021,3,3as,3,,,1089,25.788776,-80.732879,bcnh,3,""
2021,3,3as,3,,,1087,25.793232,-80.732595,bcnh,1,""
2021,3,3as,3,,,1067,26.029142,-80.732556,bcnh,1,""
2021,3,3as,3,,,1082,25.816158,-80.731883,bcnh,1,""
2021,3,3as,3,,,1085,25.79402,-80.731753,bcnh,6,""
2021,3,3as,3,,,1086,25.792884,-80.73148,bcnh,2,""
2021,3,3as,3,,,1069,26.018764,-80.73134,bcnh,2,""
2021,3,3as,3,,,1113,25.951004,-80.729728,bcnh,1,""
2021,3,3as,3,,,1115,26.047003,-80.726599,bcnh,1,""
2021,3,3as,3,,,1094,25.781781,-80.724503,bcnh,1,""
2021,3,3as,3,,,1116,26.073291,-80.723722,bcnh,6,""
2021,3,3as,3,,,1099,25.831438,-80.722531,bcnh,1,""
2021,3,3as,3,,,1123,25.969851,-80.717259,bcnh,5,""
2021,3,3as,3,,,1120,26.047574,-80.714964,bcnh,3,""
2021,3,3as,3,,,1134,25.779408,-80.714614,bcnh,2,""
2021,3,3as,3,,,1127,25.886706,-80.714587,bcnh,1,""
2021,3,3as,3,,,1126,25.896039,-80.713335,bcnh,1,""
2021,3,3as,3,,,1131,25.830255,-80.712526,bcnh,2,""
2021,3,3as,3,,,1133,25.789627,-80.71246,bcnh,8,""
2021,3,3as,3,,,823,25.79765,-80.706801,bcnh,1,""
2021,3,3as,3,,,819,25.807239,-80.706532,bcnh,3,""
2021,3,3as,3,,,787,26.040951,-80.706313,bcnh,6,""
2021,3,3as,3,,,792,25.998306,-80.705559,bcnh,1,""
2021,3,3as,3,,,800,25.936152,-80.705363,bcnh,1,""
2021,3,3as,3,,,793,25.991205,-80.705161,bcnh,1,""
2021,3,3as,3,,,812,25.854475,-80.704978,bcnh,1,""
2021,3,3as,3,,,790,26.028152,-80.704749,bcnh,3,""
2021,3,3as,3,,,801,25.902102,-80.70457,bcnh,1,""
2021,3,3as,3,,,824,25.794993,-80.70433,bcnh,3,""
2021,3,3as,3,,,788,26.038015,-80.703983,bcnh,1,""
2021,3,3as,3,,,789,26.038033,-80.703979,bcnh,1,""
2021,3,3as,3,,,784,26.075256,-80.703865,bcnh,1,""
2021,3,3as,3,,,818,25.813022,-80.703744,bcnh,4,""
2021,3,3as,3,,,821,25.804699,-80.703465,bcnh,2,""
2021,3,3as,3,,,822,25.802861,-80.703431,bcnh,1,""
2021,3,3as,3,,,828,25.767041,-80.703347,bcnh,3,""
2021,3,3as,3,,,795,25.978642,-80.702591,bcnh,4,""
2021,3,3as,3,,,791,26.019956,-80.702227,bcnh,1,""
2021,3,3as,3,,,785,26.059542,-80.702159,bcnh,5,""
2021,3,3as,3,,,808,25.865725,-80.701967,bcnh,1,""
2021,3,3as,3,,,825,25.781057,-80.701814,bcnh,18,""
2021,3,3as,3,,,796,25.970406,-80.701594,bcnh,2,""
2021,3,3as,3,,,799,25.963822,-80.701287,bcnh,2,""
2021,3,3as,3,,,798,25.966929,-80.701207,bcnh,1,""
2021,3,3as,3,,,753,25.772894,-80.696407,bcnh,1,""
2021,3,3as,3,,,770,25.969011,-80.695815,bcnh,3,""
2021,3,3as,3,,,781,26.093941,-80.695689,bcnh,4,""
2021,3,3as,3,,,772,25.980008,-80.695614,bcnh,11,""
2021,3,3as,3,,,751,25.769932,-80.695541,bcnh,1,""
2021,3,3as,3,,,778,26.060564,-80.695263,bcnh,1,""
2021,3,3as,3,,,755,25.783325,-80.695044,bcnh,2,""
2021,3,3as,3,,,774,25.999134,-80.694752,bcnh,16,""
2021,3,3as,3,,,769,25.95168,-80.694281,bcnh,1,""
2021,3,3as,3,,,773,25.989701,-80.69393,bcnh,14,""
2021,3,3as,3,,,776,26.024598,-80.693895,bcnh,1,""
2021,3,3as,3,,,779,26.069273,-80.693877,bcnh,6,""
2021,3,3as,3,,,754,25.777779,-80.693875,bcnh,4,""
2021,3,3as,3,,,768,25.92991,-80.693698,bcnh,3,""
2021,3,3as,3,,,777,26.054208,-80.693546,bcnh,8,""
2021,3,3as,3,,,764,25.850882,-80.693175,bcnh,3,""
2021,3,3as,3,,,760,25.831429,-80.693023,bcnh,3,""
2021,3,3as,3,,,767,25.908275,-80.692729,bcnh,2,""
2021,3,3as,3,,,763,25.847943,-80.692707,bcnh,4,""
2021,3,3as,3,,,780,26.079513,-80.692574,bcnh,1,""
2021,3,3as,3,,,775,26.019739,-80.692509,bcnh,5,""
2021,3,3as,3,,,756,25.801437,-80.692431,bcnh,1,""
2021,3,3as,3,,,757,25.801451,-80.692428,bcnh,3,""
2021,3,3as,3,,,761,25.842243,-80.6923,bcnh,1,""
2021,3,3as,3,,,758,25.805052,-80.692233,bcnh,10,""
2021,3,3as,3,,,762,25.843793,-80.691785,bcnh,1,""
2021,3,3as,3,,,765,25.874905,-80.691751,bcnh,1,""
2021,3,3as,3,,,840,25.855564,-80.686082,bcnh,2,""
2021,3,3as,3,,,846,25.926308,-80.686037,bcnh,1,""
2021,3,3as,3,,,834,25.813888,-80.68588,bcnh,5,""
2021,3,3as,3,,,844,25.908983,-80.685771,bcnh,1,""
2021,3,3as,3,,,856,26.038912,-80.685694,bcnh,5,""
2021,3,3as,3,,,832,25.804363,-80.685403,bcnh,1,""
2021,3,3as,3,,,833,25.808181,-80.685365,bcnh,1,""
2021,3,3as,3,,,851,25.955016,-80.685254,bcnh,2,""
2021,3,3as,3,,,852,26.015852,-80.684717,bcnh,5,""
2021,3,3as,3,,,835,25.822625,-80.684651,bcnh,1,""
2021,3,3as,3,,,839,25.851735,-80.684631,bcnh,3,""
2021,3,3as,3,,,841,25.874181,-80.684273,bcnh,5,""
2021,3,3as,3,,,849,25.943322,-80.683022,bcnh,3,""
2021,3,3as,3,,,854,26.019201,-80.682607,bcnh,3,""
2021,3,3as,3,,,855/Khepir,26.023528,-80.681308,bcnh,2,""
2021,3,3as,3,,,870,25.827753,-80.675914,bcnh,3,""
2021,3,3as,3,,,861/Ki,26.034334,-80.67499,bcnh,5,""
2021,3,3as,3,,,860,26.042972,-80.674535,bcnh,6,""
2021,3,3as,3,,,862,25.945381,-80.674236,bcnh,2,""
2021,3,3as,3,,,869,25.832099,-80.674027,bcnh,1,""
2021,3,3as,3,,,864,25.922514,-80.673355,bcnh,1,""
2021,3,3as,3,,,863,25.926823,-80.672486,bcnh,1,""
2021,3,3as,3,,,865,25.887932,-80.672457,bcnh,2,""
2021,3,3as,3,,,859,26.056491,-80.670531,bcnh,6,""
2021,3,3as,3,,,628,25.790563,-80.826659,gbhe,4,""
2021,3,3as,3,,,631,25.815595,-80.825244,gbhe,1,""
2021,3,3as,3,,,627,25.790344,-80.824507,gbhe,1,""
2021,3,3as,3,,,629,25.796354,-80.823817,gbhe,1,""
2021,3,3as,3,,,625,25.778745,-80.823415,gbhe,1,""
2021,3,3as,3,,,643,25.957263,-80.815825,gbhe,1,""
2021,3,3as,3,,,647,25.812914,-80.815605,gbhe,3,""
2021,3,3as,3,,,649,25.790721,-80.81449,gbhe,1,""
2021,3,3as,3,,,652,25.772846,-80.81313,gbhe,1,""
2021,3,3as,3,,,645,25.886221,-80.812221,gbhe,1,""
2021,3,3as,3,,,651,25.782705,-80.812155,gbhe,1,""
2021,3,3as,3,,,956,25.866354,-80.807851,gbhe,2,""
2021,3,3as,3,,,957,25.825025,-80.807271,gbhe,2,""
2021,3,3as,3,,,958,25.801099,-80.803541,gbhe,2,""
2021,3,3as,3,,,950,25.885183,-80.80344,gbhe,1,""
2021,3,3as,3,,,951,25.878171,-80.803114,gbhe,1,""
2021,3,3as,3,,,938,25.973272,-80.802303,gbhe,1,""
2021,3,3as,3,,,908,25.766515,-80.796475,gbhe,1,""
2021,3,3as,3,,,906,25.764116,-80.795588,gbhe,1,""
2021,3,3as,3,,,914,25.843173,-80.794909,gbhe,2,""
2021,3,3as,3,,,912,25.793159,-80.7938,gbhe,1,""
2021,3,3as,3,,,910,25.772428,-80.792739,gbhe,1,""
2021,3,3as,3,,,909,25.771422,-80.791772,gbhe,1,""
2021,3,3as,3,,,918,25.87434,-80.791254,gbhe,1,""
2021,3,3as,3,,,917,25.868021,-80.790825,gbhe,1,""
2021,3,3as,3,,,1021,25.77479,-80.786159,gbhe,2,""
2021,3,3as,3,,,1006,25.953862,-80.784058,gbhe,1,""
2021,3,3as,3,,,1016,25.802181,-80.78391,gbhe,1,""
2021,3,3as,3,,,1024,25.77187,-80.783849,gbhe,1,""
2021,3,3as,3,,,1011,25.912088,-80.782058,gbhe,1,""
2021,3,3as,3,,,979,25.85477,-80.777147,gbhe,2,""
2021,3,3as,3,,,974,25.836973,-80.776769,gbhe,3,""
2021,3,3as,3,,,965,25.769546,-80.776487,gbhe,1,""
2021,3,3as,3,,,978,25.847589,-80.776455,gbhe,2,""
2021,3,3as,3,,,968,25.791479,-80.776277,gbhe,2,""
2021,3,3as,3,,,967,25.782577,-80.775856,gbhe,1,""
2021,3,3as,3,,,973,25.814707,-80.775818,gbhe,1,""
2021,3,3as,3,,,969,25.791345,-80.774521,gbhe,2,""
2021,3,3as,3,,,983,25.89374,-80.77414,gbhe,1,""
2021,3,3as,3,,,987,25.935019,-80.773571,gbhe,1,""
2021,3,3as,3,,,970,25.792862,-80.773353,gbhe,1,""
2021,3,3as,3,,,966,25.772349,-80.773166,gbhe,1,""
2021,3,3as,3,,,991,25.95612,-80.772439,gbhe,1,""
2021,3,3as,3,,,666,25.828684,-80.766423,gbhe,3,""
2021,3,3as,3,,,657,25.768708,-80.765488,gbhe,1,""
2021,3,3as,3,,,667,25.833483,-80.765144,gbhe,1,""
2021,3,3as,3,,,659,25.778933,-80.762643,gbhe,2,""
2021,3,3as,3,,,664,25.801836,-80.762557,gbhe,1,""
2021,3,3as,3,,,668,25.835306,-80.76227,gbhe,1,""
2021,3,3as,3,,,690,25.945166,-80.761399,gbhe,2,""
2021,3,3as,3,,,660,25.780971,-80.761105,gbhe,1,""
2021,3,3as,3,,,681,25.88455,-80.76072,gbhe,1,""
2021,3,3as,3,,,696,25.980654,-80.76052,gbhe,1,""
2021,3,3as,3,,,697,25.985266,-80.76048,gbhe,1,""
2021,3,3as,3,,,691,25.950508,-80.760263,gbhe,1,""
2021,3,3as,3,,,728,25.920135,-80.756752,gbhe,1,""
2021,3,3as,3,,,746,25.774499,-80.756153,gbhe,2,""
2021,3,3as,3,,,734,25.876957,-80.755578,gbhe,1,""
2021,3,3as,3,,,730,25.900782,-80.75511,gbhe,1,""
2021,3,3as,3,,,733,25.896358,-80.754976,gbhe,1,""
2021,3,3as,3,,,711,26.037279,-80.754737,gbhe,2,""
2021,3,3as,3,,,724,25.940974,-80.754654,gbhe,1,""
2021,3,3as,3,,,745,25.775104,-80.75364,gbhe,1,""
2021,3,3as,3,,,719/Inanna,25.964395,-80.753086,gbhe,1,""
2021,3,3as,3,,,744,25.775933,-80.752861,gbhe,1,""
2021,3,3as,3,,,1050,25.941558,-80.746351,gbhe,2,""
2021,3,3as,3,,,1031,25.802094,-80.746278,gbhe,1,""
2021,3,3as,3,,,1063,26.029302,-80.745801,gbhe,1,""
2021,3,3as,3,,,1029,25.782007,-80.745553,gbhe,1,""
2021,3,3as,3,,,1026,25.777578,-80.745166,gbhe,2,""
2021,3,3as,3,,,1037,25.822932,-80.744991,gbhe,1,""
2021,3,3as,3,,,1042,25.886352,-80.744942,gbhe,1,""
2021,3,3as,3,,,1056,25.969625,-80.744791,gbhe,1,""
2021,3,3as,3,,,1033,25.804524,-80.7443,gbhe,1,""
2021,3,3as,3,,,1034,25.810917,-80.743854,gbhe,1,""
2021,3,3as,3,,,1048,25.933249,-80.743466,gbhe,1,""
2021,3,3as,3,,,1036,25.818628,-80.742252,gbhe,1,""
2021,3,3as,3,,,1039,25.839104,-80.742221,gbhe,1,""
2021,3,3as,3,,,1057,25.96587,-80.741933,gbhe,1,""
2021,3,3as,3,,,1027,25.772623,-80.74133,gbhe,2,""
2021,3,3as,3,,,1058,25.965274,-80.740686,gbhe,1,""
2021,3,3as,3,,,1078,25.914776,-80.734913,gbhe,1,""
2021,3,3as,3,,,1076,25.937182,-80.733606,gbhe,1,""
2021,3,3as,3,,,1088,25.789881,-80.732172,gbhe,1,""
2021,3,3as,3,,,1084,25.804904,-80.731961,gbhe,1,""
2021,3,3as,3,,,1082,25.816158,-80.731883,gbhe,1,""
2021,3,3as,3,,,1085,25.79402,-80.731753,gbhe,1,""
2021,3,3as,3,,,1090,25.784301,-80.731665,gbhe,2,""
2021,3,3as,3,,,1071,25.995991,-80.731433,gbhe,1,""
2021,3,3as,3,,,1108,25.911665,-80.724504,gbhe,1,""
2021,3,3as,3,,,1106,25.881876,-80.724465,gbhe,1,""
2021,3,3as,3,,,1110,25.918289,-80.724099,gbhe,1,""
2021,3,3as,3,,,1109,25.914746,-80.722788,gbhe,1,""
2021,3,3as,3,,,1095,25.79161,-80.721811,gbhe,1,""
2021,3,3as,3,,,1097,25.80442,-80.721579,gbhe,2,""
2021,3,3as,3,,,1101,25.844811,-80.721577,gbhe,1,""
2021,3,3as,3,,,1130,25.851146,-80.716052,gbhe,1,""
2021,3,3as,3,,,1121,26.042761,-80.714593,gbhe,2,""
2021,3,3as,3,,,1125,25.933158,-80.714114,gbhe,1,""
2021,3,3as,3,,,1132,25.823437,-80.71379,gbhe,1,""
2021,3,3as,3,,,1128,25.868856,-80.713756,gbhe,1,""
2021,3,3as,3,,,1135,25.777048,-80.711811,gbhe,1,""
2021,3,3as,3,,,809,25.86363,-80.705798,gbhe,2,""
2021,3,3as,3,,,816,25.817841,-80.704631,gbhe,1,""
2021,3,3as,3,,,802,25.897408,-80.704305,gbhe,1,""
2021,3,3as,3,,,810,25.863157,-80.704251,gbhe,1,""
2021,3,3as,3,,,805,25.881959,-80.704012,gbhe,1,""
2021,3,3as,3,,,815,25.839578,-80.703539,gbhe,2,""
2021,3,3as,3,,,813,25.846575,-80.70332,gbhe,1,""
2021,3,3as,3,,,814,25.843688,-80.703049,gbhe,1,""
2021,3,3as,3,,,803,25.891265,-80.702098,gbhe,1,""
2021,3,3as,3,,,825,25.781057,-80.701814,gbhe,2,""
2021,3,3as,3,,,827,25.774844,-80.70167,gbhe,1,""
2021,3,3as,3,,,826,25.778938,-80.701563,gbhe,1,""
2021,3,3as,3,,,771,25.96833,-80.695864,gbhe,1,""
2021,3,3as,3,,,755,25.783325,-80.695044,gbhe,1,""
2021,3,3as,3,,,766,25.877647,-80.694524,gbhe,1,""
2021,3,3as,3,,,769,25.95168,-80.694281,gbhe,1,""
2021,3,3as,3,,,847,25.928752,-80.6873,gbhe,1,""
2021,3,3as,3,,,838,25.835885,-80.686219,gbhe,1,""
2021,3,3as,3,,,846,25.926308,-80.686037,gbhe,3,""
2021,3,3as,3,,,850,25.94666,-80.683564,gbhe,1,""
2021,3,3as,3,,,849,25.943322,-80.683022,gbhe,1,""
2021,3,3as,3,,,855/Khepir,26.023528,-80.681308,gbhe,1,""
2021,3,3as,3,,,867,25.850979,-80.673604,gbhe,2,""
2021,3,3as,3,,,865,25.887932,-80.672457,gbhe,1,""
2021,3,3as,3,,,866,25.856866,-80.671504,gbhe,1,""
2021,3,3as,3,3703,3703,new,25.90194,-80.83972,greg,5,""
2021,3,3as,3,,,921,25.906308,-80.794458,greg,1,""
2021,3,3as,3,,,988,25.940337,-80.777256,greg,1,""
2021,3,3as,3,,,1002,26.033748,-80.777158,greg,2,""
2021,3,3as,3,,,978,25.847589,-80.776455,greg,1,""
2021,3,3as,3,,,1001,26.027775,-80.776152,greg,2,""
2021,3,3as,3,,,1000,26.022925,-80.77508,greg,3,""
2021,3,3as,3,,,998,26.000705,-80.773499,greg,2,""
2021,3,3as,3,,,977,25.844363,-80.772961,greg,1,""
2021,3,3as,3,,,666,25.828684,-80.766423,greg,1,""
2021,3,3as,3,,,701,26.030816,-80.762997,greg,3,""
2021,3,3as,3,,,697,25.985266,-80.76048,greg,7,""
2021,3,3as,3,,,1130,25.851146,-80.716052,greg,1,""
2021,3,3as,3,,,827,25.774844,-80.70167,greg,15,""
2021,3,3as,3,,,751,25.769932,-80.695541,greg,4,""
2021,3,3as,3,,,757,25.801451,-80.692428,greg,3,""
2021,3,3as,3,,,867,25.850979,-80.673604,greg,8,""
2021,3,3as,3,,,Garl,25.95351,-80.65343,greg,24,""
2021,3,3as,3,,,954/Enki,25.869057,-80.806369,lbhe,15,""
2021,3,3as,3,,,945,25.909419,-80.805052,lbhe,22,""
2021,3,3as,3,,,948/Frigg,25.889063,-80.804456,lbhe,1,""
2021,3,3as,3,,,946,25.902731,-80.803947,lbhe,1,""
2021,3,3as,3,,,944,25.929579,-80.802385,lbhe,4,""
2021,3,3as,3,,,938,25.973272,-80.802303,lbhe,2,""
2021,3,3as,3,,,925,25.937859,-80.79591,lbhe,1,""
2021,3,3as,3,,,921,25.906308,-80.794458,lbhe,1,""
2021,3,3as,3,,,912,25.793159,-80.7938,lbhe,1,""
2021,3,3as,3,,,926,25.978785,-80.793689,lbhe,1,""
2021,3,3as,3,,,928,25.9905,-80.792413,lbhe,3,""
2021,3,3as,3,,,1007,25.936463,-80.782133,lbhe,30,""
2021,3,3as,3,,,1008/Garuda,25.925661,-80.780148,lbhe,8,""
2021,3,3as,3,,,993,25.970403,-80.774778,lbhe,55,""
2021,3,3as,3,,,994,25.974447,-80.77476,lbhe,1,""
2021,3,3as,3,,,996,25.977347,-80.772824,lbhe,3,""
2021,3,3as,3,,,995,25.974112,-80.772367,lbhe,60,""
2021,3,3as,3,,,667,25.833483,-80.765144,lbhe,1,""
2021,3,3as,3,,,689,25.942043,-80.763814,lbhe,1,""
2021,3,3as,3,,,716,25.980406,-80.756681,lbhe,28,""
2021,3,3as,3,,,776,26.024598,-80.693895,lbhe,29,""
2021,3,3as,3,,,954/Enki,25.869057,-80.806369,sneg,8,""
2021,3,3as,3,,,930,25.998306,-80.80385,sneg,1,""
2021,3,3as,3,,,1007,25.936463,-80.782133,sneg,8,""
2021,3,3as,3,,,1008/Garuda,25.925661,-80.780148,sneg,1,""
2021,3,3as,3,,,993,25.970403,-80.774778,sneg,4,""
2021,3,3as,3,,,995,25.974112,-80.772367,sneg,30,""
2021,3,3as,3,,,716,25.980406,-80.756681,sneg,8,""
2021,3,3as,3,,,776,26.024598,-80.693895,sneg,2,""
2021,3,3as,3,,,995,25.974112,-80.772367,trhe,12,""
2021,3,3as,3,,,692,25.959923,-80.765,trhe,1,""
2021,3,3as,3,,,716,25.980406,-80.756681,trhe,2,""
2021,3,3as,3,,,1093,25.774151,-80.72421,trhe,1,""
2021,3,3as,3,,,776,26.024598,-80.693895,trhe,1,""
2021,3,3as,3,,,775,26.019739,-80.692509,trhe,2,""
2021,3,3as,3,,,852,26.015852,-80.684717,trhe,2,""
2021,3,3as,3,,,961,25.778586,-80.806303,whib,3,""
2021,3,3as,3,3703,3703,new,25.90194,-80.83972,wost,12,""
2021,3,3b,3,,,Ganga,25.92347,-80.51858,greg,22,""
2021,enp,inlandenp,enp,3711,3711,New colony 2021,25.690409,-80.697697,greg,12,""
2022,1,1,1,,39,39,26.449893,-80.264162,anhi,1,"1s indicate presence"
2022,1,1,1,,95,95,26.5041022,-80.3128801,gbhe,1,""
2022,1,1,1,,Yam,Yam,26.55353,-80.26452,gbhe,1,""
2022,1,1,1,,106,106,26.5452664,-80.4332202,gbhe,1,"1s indicate presence"
2022,1,1,1,,91,91,26.496111,-80.243779,gbhe,2,""
2022,1,1,1,,101,101,26.6065828,-80.3223651,gbhe,2,""
2022,1,1,1,,95,95,26.5041022,-80.3128801,greg,37,""
2022,1,1,1,,Yam,Yam,26.55353,-80.26452,greg,35,""
2022,1,1,1,,39,39,26.449893,-80.264162,greg,32,"1s indicate presence"
2022,1,1,1,,90,90,26.501375,-80.237381,greg,26,""
2022,1,1,1,,106,106,26.5452664,-80.4332202,greg,17,"1s indicate presence"
2022,1,1,1,,91,91,26.496111,-80.243779,greg,13,""
2022,1,1,1,,101,101,26.6065828,-80.3223651,greg,6,""
2022,1,1,1,,100,100,26.409099,-80.247667,greg,2,""
2022,1,1,1,,106,106,26.5452664,-80.4332202,lbhe,1,"1s indicate presence"
2022,1,1,1,,Yam,Yam,26.55353,-80.26452,smwh,11,""
2022,1,1,1,,106,106,26.5452664,-80.4332202,smwh,10,"1s indicate presence"
2022,1,1,1,,103,103,26.5249758,-80.4357696,smwh,36,""
2022,1,1,1,,39,39,26.449893,-80.264162,sneg,3,"1s indicate presence"
2022,2,2a,2,,87,87,26.298138,-80.475412,bcnh,1,"1s indicate presence"
2022,2,2a,2,,94,94,26.261856,-80.374889,gbhe,1,""
2022,2,2a,2,,94,94,26.261856,-80.374889,greg,16,""
2022,2,2a,2,,87,87,26.298138,-80.475412,greg,11,"1s indicate presence"
2022,3,3an,3,,16,16,26.158031,-80.485947,gbhe,2,""
2022,3,3an,3,,16,16,26.158031,-80.485947,greg,12,""
2022,3,3as,3,,1180,1180,25.973928,-80.772588,anhi,1,""
2022,3,3as,3,,1219/Draco,1219/Draco,25.8501489646732,-80.6741380412131,anhi,23,""
2022,3,3as,3,,939,939,25.8288140036165,-80.7661580108106,anhi,6,""
2022,3,3as,3,,1137,1137,25.774509999901,-80.7026289682835,anhi,6,""
2022,3,3as,3,,990/Frodo,990/Frodo,25.9141700249165,-80.734260007739,anhi,1,""
2022,3,3as,3,,1153,1153,25.805145,-80.782057,anhi,9,""
2022,3,3as,3,,1191,1191,25.87746,-80.771452,anhi,11,""
2022,3,3as,3,,1072,1072,25.8612460177391,-80.7246459648013,anhi,6,""
2022,3,3as,3,,1073,1073,25.8629600331187,-80.7211089693009,anhi,3,""
2022,3,3as,3,,1211,1211,25.8280789945274,-80.6754870247095,anhi,8,""
2022,3,3as,3,,1157,1157,25.8395720086991,-80.703455004841,anhi,4,""
2022,3,3as,3,,881,881,25.8528800401836,-80.8063049800693,anhi,2,""
2022,3,3as,3,,1145,1145,25.774963,-80.785709,anhi,1,""
2022,3,3as,3,,980,980,25.7730870041996,-80.7310270238667,anhi,1,""
2022,3,3as,3,,1010,1010,25.9450259897857,-80.7425040286034,anhi,15,""
2022,3,3as,3,,1196,1196,25.836878,-80.776978,anhi,6,""
2022,3,3as,3,,964,964,25.9391480125486,-80.7546319719403,anhi,3,""
2022,3,3as,3,,1148,1148,25.780484,-80.78682,anhi,1,""
2022,3,3as,3,,909,909,25.8254400361329,-80.824811970815,anhi,1,""
2022,3,3as,3,,1163,1163,25.8635969739407,-80.7058740220963,anhi,7,""
2022,3,3as,3,,1191,1191,25.9082209691405,-80.6929440144449,anhi,3,""
2022,3,3as,3,,873,873,25.7776210270822,-80.8054119721055,anhi,7,""
2022,3,3as,3,,1220,1220,25.856995973736,-80.6714699976146,anhi,3,""
2022,3,3as,3,,1266,1266,25.8254419639706,-80.683429967612,anhi,3,""
2022,3,3as,3,,1143,1143,25.771042,-80.785344,anhi,3,""
2022,3,3as,3,,1077,1077,25.9145939815789,-80.7227410096675,anhi,3,""
2022,3,3as,3,,1159,1159,25.840877,-80.78225,anhi,1,""
2022,3,3as,3,,987,987,25.8721429947763,-80.7335349731147,anhi,1,""
2022,3,3as,3,,925,925,25.8120719902217,-80.8150739595294,anhi,1,""
2022,3,3as,3,,1231,1231,25.955708976835,-80.6741360295563,anhi,1,""
2022,3,3as,3,,1179,1179,26.0072549991309,-80.7040129881352,anhi,2,""
2022,3,3as,3,,1061,1061,25.8043069951236,-80.7214819639921,anhi,10,""
2022,3,3as,3,,1114,1114,25.9411139879375,-80.713421003893,anhi,1,""
2022,3,3as,3,,1067,1067,25.8435610402375,-80.7246779836714,anhi,10,""
2022,3,3as,3,,1161,1161,25.8631229773163,-80.7040969748049,anhi,1,""
2022,3,3as,3,,1165,1165,25.8780170325189,-80.7055499777197,anhi,7,""
2022,3,3as,3,,1217,1217,25.8461900241672,-80.6780269928276,anhi,7,""
2022,3,3as,3,,1224,1224,25.8877500146627,-80.6724889855831,anhi,4,""
2022,3,3as,3,,1234,1234,25.9727460332214,-80.6742180045694,anhi,5,""
2022,3,3as,3,,1199,1199,25.814869,-80.77575,anhi,4,""
2022,3,3as,3,,967,967,25.8859489951282,-80.7540940213948,anhi,1,""
2022,3,3as,3,,1035,1035,25.8229449950158,-80.7450650352984,anhi,1,""
2022,3,3as,3,,1009,1009,25.9652670286595,-80.7408099621534,anhi,4,""
2022,3,3as,3,,1040,1040,25.8021270297467,-80.7463619671761,anhi,4,""
2022,3,3as,3,,1158,1158,25.8439910318702,-80.7042419817298,anhi,5,""
2022,3,3as,3,,1160,1160,25.853364,-80.782334,anhi,4,""
2022,3,3as,3,,891,891,25.8763500396162,-80.7940860092639,anhi,4,""
2022,3,3as,3,,1153,1153,25.8244669809937,-80.7065559737384,anhi,4,""
2022,3,3as,3,,1159,1159,25.8464050199836,-80.7033700123429,anhi,4,""
2022,3,3as,3,,1196,1196,25.8499690052121,-80.6938589829951,anhi,3,""
2022,3,3as,3,,1226,1226,25.9261299949139,-80.6745739839971,anhi,1,""
2022,3,3as,3,,1192,1192,25.876357,-80.776332,anhi,1,""
2022,3,3as,3,,1194,1194,25.85632,-80.773748,anhi,1,""
2022,3,3as,3,,876,876,25.8011409826576,-80.803470974788,anhi,3,""
2022,3,3as,3,,880,880,25.8541779778897,-80.8012370299547,anhi,3,""
2022,3,3as,3,,892,892,25.8763529732823,-80.7940819859504,anhi,3,""
2022,3,3as,3,,923,923,25.851675979793,-80.8147660084068,anhi,3,""
2022,3,3as,3,,1012,1012,25.9406420029699,-80.746055021882,anhi,3,""
2022,3,3as,3,,1047,1047,25.777618009597,-80.7452289853245,anhi,3,""
2022,3,3as,3,,1066,1066,25.8315879944711,-80.7228880282491,anhi,1,""
2022,3,3as,3,,1155,1155,25.806166,-80.786096,anhi,2,""
2022,3,3as,3,,897,897,25.7763739675283,-80.7958690077066,anhi,2,""
2022,3,3as,3,,947,947,25.88452398777,-80.7659560069441,anhi,2,""
2022,3,3as,3,,953,953,25.9744530078023,-80.7641409896314,anhi,2,""
2022,3,3as,3,,976,976,25.7783940061926,-80.7540190033614,anhi,2,""
2022,3,3as,3,,1008,1008,25.9657950047403,-80.741963982582,anhi,1,""
2022,3,3as,3,,1048,1048,25.7772709988057,-80.7427060324698,anhi,1,""
2022,3,3as,3,,1071,1071,25.8568119909614,-80.722805969417,anhi,1,""
2022,3,3as,3,,1164,1164,25.8657630253583,-80.7019070349633,anhi,2,""
2022,3,3as,3,,1261,1261,25.8517609722912,-80.6846389733254,anhi,1,""
2022,3,3as,3,,1264,1264,25.8375839889049,-80.685678999871,anhi,1,""
2022,3,3as,3,,1154,1154,25.807273,-80.783992,anhi,1,""
2022,3,3as,3,,1156,1156,25.8104,-80.785826,anhi,1,""
2022,3,3as,3,,1206,1206,25.788184,-80.772199,anhi,1,""
2022,3,3as,3,,893,893,25.848107971251,-80.7915020361542,anhi,1,""
2022,3,3as,3,,894,894,25.8431720361113,-80.7949810288846,anhi,1,""
2022,3,3as,3,,895,895,25.8102530334144,-80.7907480001449,anhi,1,""
2022,3,3as,3,,910,910,25.8287430088967,-80.8236079942435,anhi,1,""
2022,3,3as,3,,921,921,25.8913229685276,-80.8139289915561,anhi,1,""
2022,3,3as,3,,975,975,25.7933019753545,-80.7532119937241,anhi,1,""
2022,3,3as,3,,1015,1015,25.9149929601699,-80.7460199855268,anhi,1,""
2022,3,3as,3,,1049,1049,25.7767199724912,-80.7437990326434,anhi,1,""
2022,3,3as,3,,1064,1064,25.8236240129917,-80.7218549586832,anhi,1,""
2022,3,3as,3,,1076,1076,25.9122820012271,-80.7249219808727,anhi,1,""
2022,3,3as,3,,1198,1198,25.8399190194904,-80.6921899784356,anhi,1,""
2022,3,3as,3,,1219/Draco,1219/Draco,25.8501489646732,-80.6741380412131,bcnh,4,""
2022,3,3as,3,,1153,1153,25.805145,-80.782057,bcnh,1,""
2022,3,3as,3,,1211,1211,25.8280789945274,-80.6754870247095,bcnh,10,""
2022,3,3as,3,,1157,1157,25.8395720086991,-80.703455004841,bcnh,5,""
2022,3,3as,3,,980,980,25.7730870041996,-80.7310270238667,bcnh,17,""
2022,3,3as,3,,1196,1196,25.836878,-80.776978,bcnh,7,""
2022,3,3as,3,,1023,1023,25.8503979910165,-80.7438420318067,bcnh,11,""
2022,3,3as,3,,1163,1163,25.8635969739407,-80.7058740220963,bcnh,5,""
2022,3,3as,3,,1191,1191,25.9082209691405,-80.6929440144449,bcnh,8,""
2022,3,3as,3,,1013,1013,25.9395120386034,-80.7458469830453,bcnh,4,""
2022,3,3as,3,,1220,1220,25.856995973736,-80.6714699976146,bcnh,1,""
2022,3,3as,3,,1227,1227,25.9284180030226,-80.6740819662809,bcnh,4,""
2022,3,3as,3,,1266,1266,25.8254419639706,-80.683429967612,bcnh,1,""
2022,3,3as,3,,1056,1056,25.7816259842365,-80.7252819836139,bcnh,3,""
2022,3,3as,3,,987,987,25.8721429947763,-80.7335349731147,bcnh,1,""
2022,3,3as,3,,1245,1245,25.9764830209314,-80.6856069993227,bcnh,2,""
2022,3,3as,3,,1084,1084,25.9743339847773,-80.7244800031185,bcnh,1,""
2022,3,3as,3,,1208,1208,25.8114440180361,-80.6727280374616,bcnh,1,""
2022,3,3as,3,,997,997,26.0230099596083,-80.7342869974672,bcnh,100,""
2022,3,3as,3,,994,994,26.0113850142806,-80.7355749607086,bcnh,44,""
2022,3,3as,3,,999,999,26.0384640097618,-80.7360959798097,bcnh,28,""
2022,3,3as,3,,961,961,25.9802119620144,-80.7563940156251,bcnh,22,""
2022,3,3as,3,,1231,1231,25.955708976835,-80.6741360295563,bcnh,23,""
2022,3,3as,3,,1083,1083,25.9667470213025,-80.723810037598,bcnh,20,""
2022,3,3as,3,,1130,1130,25.7899369765073,-80.7123649679124,bcnh,22,""
2022,3,3as,3,,1173,1173,26.023043,-80.774753,bcnh,20,""
2022,3,3as,3,,959,959,26.0479069780558,-80.7638430129736,bcnh,20,""
2022,3,3as,3,,1179,1179,26.0072549991309,-80.7040129881352,bcnh,16,""
2022,3,3as,3,,1172,1172,26.028215,-80.776894,bcnh,17,""
2022,3,3as,3,,972,972,25.848181983456,-80.7554949726909,bcnh,17,""
2022,3,3as,3,,1097,1097,26.0052290093153,-80.7136090099811,bcnh,17,""
2022,3,3as,3,,1258,1258,25.8723709825426,-80.6825470179319,bcnh,16,""
2022,3,3as,3,,1061,1061,25.8043069951236,-80.7214819639921,bcnh,6,""
2022,3,3as,3,,1250,1250,25.9270440414547,-80.6867020111531,bcnh,14,""
2022,3,3as,3,,1028,1028,25.8392170350998,-80.7420079875737,bcnh,13,""
2022,3,3as,3,,1129,1129,25.8015230298042,-80.7115609757602,bcnh,13,""
2022,3,3as,3,,995,995,26.0196189768612,-80.7342030107975,bcnh,12,""
2022,3,3as,3,,996,996,26.0223470348864,-80.7345729880034,bcnh,12,""
2022,3,3as,3,,1114,1114,25.9411139879375,-80.713421003893,bcnh,9,""
2022,3,3as,3,,1256,1256,25.8785529714077,-80.6850709766149,bcnh,12,""
2022,3,3as,3,,998,998,26.0238710325211,-80.7328739762306,bcnh,10,""
2022,3,3as,3,,1003,1003,26.0368950013071,-80.7415960170328,bcnh,10,""
2022,3,3as,3,,1094,1094,26.0074239782989,-80.7145900279283,bcnh,11,""
2022,3,3as,3,,1138,1138,25.7790339644998,-80.7022080291062,bcnh,11,""
2022,3,3as,3,,1251,1251,25.9192989952862,-80.6827679648995,bcnh,11,""
2022,3,3as,3,,1268,1268,25.8081520255655,-80.6852090265601,bcnh,11,""
2022,3,3as,3,,1269,1269,25.8038039971143,-80.6867920327931,bcnh,11,""
2022,3,3as,3,,951,951,25.9541080333292,-80.7656809967011,bcnh,9,""
2022,3,3as,3,,955,955,26.0002280306071,-80.763880982995,bcnh,10,""
2022,3,3as,3,,1216,1216,25.8413039613515,-80.6735799740999,bcnh,9,""
2022,3,3as,3,,1235,1235,25.9798770211637,-80.6733150221407,bcnh,9,""
2022,3,3as,3,,1140,1140,25.781117035076,-80.7018730044364,bcnh,8,""
2022,3,3as,3,,1161,1161,25.8631229773163,-80.7040969748049,bcnh,6,""
2022,3,3as,3,,1225,1225,25.9225530177354,-80.6733270082622,bcnh,8,""
2022,3,3as,3,,1229,1229,25.9417560417205,-80.6722549628466,bcnh,8,""
2022,3,3as,3,,1149,1149,25.8142060227692,-80.7055329624563,bcnh,7,""
2022,3,3as,3,,1187,1187,25.9519679658114,-80.6931920349597,bcnh,5,""
2022,3,3as,3,,1224,1224,25.8877500146627,-80.6724889855831,bcnh,3,""
2022,3,3as,3,,1234,1234,25.9727460332214,-80.6742180045694,bcnh,1,""
2022,3,3as,3,,1239,1239,26.001433013007,-80.684865033254,bcnh,4,""
2022,3,3as,3,,1174,1174,26.017225,-80.771931,bcnh,6,""
2022,3,3as,3,,1199,1199,25.814869,-80.77575,bcnh,1,""
2022,3,3as,3,,918,918,25.9836050402373,-80.8125670161098,bcnh,6,""
2022,3,3as,3,,949,949,25.9318290185183,-80.7641979865729,bcnh,6,""
2022,3,3as,3,,967,967,25.8859489951282,-80.7540940213948,bcnh,5,""
2022,3,3as,3,,1001,1001,26.0538680199533,-80.7416159659624,bcnh,6,""
2022,3,3as,3,,1002,1002,26.0413540061563,-80.7428239658474,bcnh,6,""
2022,3,3as,3,,1006,1006,25.9883920289576,-80.7468490395694,bcnh,5,""
2022,3,3as,3,,1035,1035,25.8229449950158,-80.7450650352984,bcnh,5,""
2022,3,3as,3,,1089,1089,25.9902699943631,-80.725113004446,bcnh,6,""
2022,3,3as,3,,1111,1111,25.9604940377175,-80.7169369608163,bcnh,4,""
2022,3,3as,3,,1201,1201,25.8213960193097,-80.6913940329104,bcnh,6,""
2022,3,3as,3,,1230,1230,25.9451900236308,-80.6754840072244,bcnh,5,""
2022,3,3as,3,,1267,1267,25.8140279911458,-80.6858159601688,bcnh,6,""
2022,3,3as,3,,1004,1004,26.0263319592922,-80.747482040897,bcnh,4,""
2022,3,3as,3,,1040,1040,25.8021270297467,-80.7463619671761,bcnh,1,""
2022,3,3as,3,,1099,1099,25.991414040327,-80.711919972673,bcnh,5,""
2022,3,3as,3,,1109,1109,25.9592560306191,-80.7123330328613,bcnh,5,""
2022,3,3as,3,,1136,1136,25.7652090210467,-80.7034290209412,bcnh,5,""
2022,3,3as,3,,1203,1203,25.8146699611097,-80.6912360340356,bcnh,5,""
2022,3,3as,3,,1254,1254,25.8903850335627,-80.6856629904359,bcnh,5,""
2022,3,3as,3,,1165,1165,25.901251,-80.784149,bcnh,3,""
2022,3,3as,3,,877,877,25.8116799686104,-80.8033480122685,bcnh,4,""
2022,3,3as,3,,958,958,26.0309099871665,-80.762947993353,bcnh,2,""
2022,3,3as,3,,970,970,25.8596119657158,-80.7546649966388,bcnh,4,""
2022,3,3as,3,,992,992,26.0010350402444,-80.7328550331294,bcnh,4,""
2022,3,3as,3,,1020,1020,25.8704340085387,-80.7446720078587,bcnh,3,""
2022,3,3as,3,,1065,1065,25.8307880256325,-80.722946031019,bcnh,4,""
2022,3,3as,3,,1119,1119,25.8688469789922,-80.7151370309293,bcnh,4,""
2022,3,3as,3,,1139,1139,25.7820320036262,-80.7027609832584,bcnh,4,""
2022,3,3as,3,,1146,1146,25.8072460256516,-80.704668033868,bcnh,4,""
2022,3,3as,3,,1174,1174,25.9668770246207,-80.7042170036584,bcnh,4,""
2022,3,3as,3,,1204,1204,25.7894830126315,-80.6917909998446,bcnh,4,""
2022,3,3as,3,,1226,1226,25.9261299949139,-80.6745739839971,bcnh,3,""
2022,3,3as,3,,1257,1257,25.8743089623749,-80.6842450238764,bcnh,4,""
2022,3,3as,3,,1192,1192,25.876357,-80.776332,bcnh,2,""
2022,3,3as,3,,1194,1194,25.85632,-80.773748,bcnh,2,""
2022,3,3as,3,,913,913,25.9936810098588,-80.8247940335422,bcnh,1,""
2022,3,3as,3,,940,940,25.8335399720817,-80.7651230134069,bcnh,1,""
2022,3,3as,3,,943,943,25.8521959930658,-80.7626050058752,bcnh,3,""
2022,3,3as,3,,954,954,25.9867770038545,-80.7621220406144,bcnh,3,""
2022,3,3as,3,,956,956,26.0101719852536,-80.7637219782918,bcnh,2,""
2022,3,3as,3,,965,965,25.898235021159,-80.7539579831063,bcnh,3,""
2022,3,3as,3,,973,973,25.8309379778802,-80.7562360167503,bcnh,3,""
2022,3,3as,3,,1007,1007,25.9737559687346,-80.7434090226888,bcnh,1,""
2022,3,3as,3,,1030,1030,25.8301370032131,-80.7439570315182,bcnh,1,""
2022,3,3as,3,,1036,1036,25.8190189953893,-80.7453309930861,bcnh,3,""
2022,3,3as,3,,1066,1066,25.8315879944711,-80.7228880282491,bcnh,2,""
2022,3,3as,3,,1085,1085,25.9786580409854,-80.7226000260561,bcnh,3,""
2022,3,3as,3,,1093,1093,26.0143699776381,-80.7169770263135,bcnh,3,""
2022,3,3as,3,,1104,1104,25.9813980013132,-80.7134230155497,bcnh,2,""
2022,3,3as,3,,1107,1107,25.9653100278228,-80.715315984562,bcnh,3,""
2022,3,3as,3,,1113,1113,25.9495969768613,-80.7125129923224,bcnh,3,""
2022,3,3as,3,,1133,1133,25.7740899827331,-80.7115649990737,bcnh,3,""
2022,3,3as,3,,1151,1151,25.8178199641406,-80.7042340189218,bcnh,3,""
2022,3,3as,3,,1155,1155,25.8296549599617,-80.7025269605219,bcnh,3,""
2022,3,3as,3,,1173,1173,25.9620900359004,-80.7036150153726,bcnh,3,""
2022,3,3as,3,,1177,1177,25.9785400237888,-80.7025240268558,bcnh,3,""
2022,3,3as,3,,1214,1214,25.8321070019155,-80.673789018765,bcnh,3,""
2022,3,3as,3,,1221,1221,25.8585799857974,-80.6756259966641,bcnh,3,""
2022,3,3as,3,,1240,1240,25.9983609616756,-80.6840519886463,bcnh,2,""
2022,3,3as,3,,1243,1243,25.9955599810928,-80.6827340181916,bcnh,2,""
2022,3,3as,3,,1260,1260,25.8556120377033,-80.686131035909,bcnh,2,""
2022,3,3as,3,,1157,1157,25.812504,-80.782927,bcnh,2,""
2022,3,3as,3,,1163,1163,25.873135,-80.782055,bcnh,2,""
2022,3,3as,3,,1184,1184,25.945885,-80.772673,bcnh,1,""
2022,3,3as,3,,885,885,25.9329749923199,-80.8031579945236,bcnh,2,""
2022,3,3as,3,,917,917,25.9932340029627,-80.8127929922193,bcnh,2,""
2022,3,3as,3,,942,942,25.849661976099,-80.765302972868,bcnh,1,""
2022,3,3as,3,,944,944,25.8562730345875,-80.7632120233029,bcnh,2,""
2022,3,3as,3,,950,950,25.9463779907673,-80.7642330229282,bcnh,2,""
2022,3,3as,3,,957,957,26.0304680094122,-80.7646920159459,bcnh,2,""
2022,3,3as,3,,968,968,25.8668179716914,-80.7535780314356,bcnh,2,""
2022,3,3as,3,,969,969,25.8621670212596,-80.7543419580906,bcnh,2,""
2022,3,3as,3,,1008,1008,25.9657950047403,-80.741963982582,bcnh,1,""
2022,3,3as,3,,1027,1027,25.8390659932047,-80.7441120129078,bcnh,2,""
2022,3,3as,3,,1029,1029,25.8364179823547,-80.7429070305079,bcnh,2,""
2022,3,3as,3,,1031,1031,25.8273699693381,-80.7447509653866,bcnh,1,""
2022,3,3as,3,,1059,1059,25.7920890301465,-80.7248919736593,bcnh,2,""
2022,3,3as,3,,1060,1060,25.7916260138154,-80.7215640228241,bcnh,2,""
2022,3,3as,3,,1063,1063,25.8136880211532,-80.7230990007519,bcnh,2,""
2022,3,3as,3,,1068,1068,25.8447009790688,-80.7251339592039,bcnh,2,""
2022,3,3as,3,,1071,1071,25.8568119909614,-80.722805969417,bcnh,1,""
2022,3,3as,3,,1075,1075,25.8968830201774,-80.725808031857,bcnh,2,""
2022,3,3as,3,,1081,1081,25.9496559854596,-80.7246019598096,bcnh,2,""
2022,3,3as,3,,1098,1098,25.9987959824502,-80.7134319841861,bcnh,2,""
2022,3,3as,3,,1105,1105,25.9729499649256,-80.7170070335268,bcnh,2,""
2022,3,3as,3,,1110,1110,25.9594369959086,-80.7122509740293,bcnh,2,""
2022,3,3as,3,,1116,1116,25.933405989781,-80.7139690127223,bcnh,2,""
2022,3,3as,3,,1122,1122,25.8437170274555,-80.7117820065468,bcnh,2,""
2022,3,3as,3,,1131,1131,25.7795409858226,-80.7147859968245,bcnh,2,""
2022,3,3as,3,,1141,1141,25.7877229806035,-80.7048100233078,bcnh,2,""
2022,3,3as,3,,1144,1144,25.8027229830622,-80.703587019816,bcnh,2,""
2022,3,3as,3,,1147,1147,25.8044329751282,-80.7048919983208,bcnh,2,""
2022,3,3as,3,,1168,1168,25.9032430406659,-80.7047520205378,bcnh,2,""
2022,3,3as,3,,1170,1170,25.9478409681469,-80.7039559911936,bcnh,2,""
2022,3,3as,3,,1181,1181,26.0198909696191,-80.7028329838067,bcnh,2,""
2022,3,3as,3,,1183,1183,26.0202649701386,-80.7030870392918,bcnh,2,""
2022,3,3as,3,,1188,1188,25.9385699965059,-80.6925850175321,bcnh,2,""
2022,3,3as,3,,1190,1190,25.9247990325093,-80.693041998893,bcnh,2,""
2022,3,3as,3,,1194,1194,25.8700439985841,-80.6938400398939,bcnh,2,""
2022,3,3as,3,,1197,1197,25.8481699973344,-80.69290202111,bcnh,1,""
2022,3,3as,3,,1199,1199,25.8371829986572,-80.6955549772828,bcnh,2,""
2022,3,3as,3,,1200,1200,25.8301749732345,-80.6924509909003,bcnh,1,""
2022,3,3as,3,,1210,1210,25.8233849611133,-80.6719989795237,bcnh,2,""
2022,3,3as,3,,1213,1213,25.8259000349789,-80.6718989834189,bcnh,2,""
2022,3,3as,3,,1215,1215,25.8393900375813,-80.6737979874014,bcnh,2,""
2022,3,3as,3,,1233,1233,25.9709030203521,-80.6741739995777,bcnh,2,""
2022,3,3as,3,,1244,1244,25.9915530122816,-80.684584993869,bcnh,2,""
2022,3,3as,3,,1247,1247,25.9649429842829,-80.681838998571,bcnh,1,""
2022,3,3as,3,,1249,1249,25.9434190113097,-80.682829990983,bcnh,2,""
2022,3,3as,3,,1261,1261,25.8517609722912,-80.6846389733254,bcnh,1,""
2022,3,3as,3,,1161,1161,25.852193,-80.781655,bcnh,1,""
2022,3,3as,3,,1164,1164,25.878725,-80.785334,bcnh,1,""
2022,3,3as,3,,1167,1167,25.916496,-80.786041,bcnh,1,""
2022,3,3as,3,,1177,1177,25.994026,-80.774896,bcnh,1,""
2022,3,3as,3,,1189,1189,25.918097,-80.773707,bcnh,1,""
2022,3,3as,3,,1193,1193,25.864866,-80.774156,bcnh,1,""
2022,3,3as,3,,1197,1197,25.830502,-80.771284,bcnh,1,""
2022,3,3as,3,,1201,1201,25.810198,-80.775976,bcnh,1,""
2022,3,3as,3,,1208,1208,25.780683,-80.771124,bcnh,1,""
2022,3,3as,3,,1209,1209,25.764686,-80.775929,bcnh,1,""
2022,3,3as,3,,914,914,25.9988249838352,-80.8241649717092,bcnh,1,""
2022,3,3as,3,,941,941,25.8433369919657,-80.7651270367205,bcnh,1,""
2022,3,3as,3,,963,963,25.9407349582761,-80.7545230071991,bcnh,1,""
2022,3,3as,3,,966,966,25.8981419820338,-80.7546250149607,bcnh,1,""
2022,3,3as,3,,971,971,25.8496140316128,-80.7552040368318,bcnh,1,""
2022,3,3as,3,,974,974,25.7984870206564,-80.7529880292713,bcnh,1,""
2022,3,3as,3,,991,991,25.9550649952143,-80.7333089970052,bcnh,1,""
2022,3,3as,3,,993,993,26.0056600067764,-80.7339450158178,bcnh,1,""
2022,3,3as,3,,1005,1005,26.0091970022767,-80.7451790291816,bcnh,1,""
2022,3,3as,3,,1014,1014,25.933126034215,-80.7434429693967,bcnh,1,""
2022,3,3as,3,,1018,1018,25.8863889612257,-80.7448959723114,bcnh,1,""
2022,3,3as,3,,1021,1021,25.8666960150003,-80.7451289892196,bcnh,1,""
2022,3,3as,3,,1022,1022,25.8613429963588,-80.7452320028096,bcnh,1,""
2022,3,3as,3,,1024,1024,25.8506719954311,-80.7434080168604,bcnh,1,""
2022,3,3as,3,,1026,1026,25.8423699717968,-80.7445689942687,bcnh,1,""
2022,3,3as,3,,1037,1037,25.8186760079115,-80.7424809783697,bcnh,1,""
2022,3,3as,3,,1038,1038,25.8109280280768,-80.7439130265265,bcnh,1,""
2022,3,3as,3,,1039,1039,25.8047199714928,-80.7446000073105,bcnh,1,""
2022,3,3as,3,,1041,1041,25.8032220415771,-80.7424720097333,bcnh,1,""
2022,3,3as,3,,1042,1042,25.7924060337245,-80.7451419811695,bcnh,1,""
2022,3,3as,3,,1054,1054,25.7663630414754,-80.7236210256814,bcnh,1,""
2022,3,3as,3,,1058,1058,25.7874590344727,-80.7234060298651,bcnh,1,""
2022,3,3as,3,,1062,1062,25.8088079933077,-80.7223019655793,bcnh,1,""
2022,3,3as,3,,1069,1069,25.8469409588724,-80.7255109772086,bcnh,1,""
2022,3,3as,3,,1070,1070,25.8475759718567,-80.7229570113122,bcnh,1,""
2022,3,3as,3,,1074,1074,25.8801089879125,-80.7232620287686,bcnh,1,""
2022,3,3as,3,,1082,1082,25.953045040369,-80.7257780246436,bcnh,1,""
2022,3,3as,3,,1085,1085,25.9749069716781,-80.7220029830932,bcnh,1,""
2022,3,3as,3,,1086,1086,25.9801139775663,-80.7242869678884,bcnh,1,""
2022,3,3as,3,,1088,1088,25.9876750409603,-80.7241329923272,bcnh,1,""
2022,3,3as,3,,1090,1090,25.9921049606055,-80.7257699780166,bcnh,1,""
2022,3,3as,3,,1108,1108,25.9645500406622,-80.7126340270042,bcnh,1,""
2022,3,3as,3,,1125,1125,25.8153450395911,-80.7143160235136,bcnh,1,""
2022,3,3as,3,,1126,1126,25.8131250087171,-80.7141540013253,bcnh,1,""
2022,3,3as,3,,1127,1127,25.8029979933053,-80.7136759813874,bcnh,1,""
2022,3,3as,3,,1128,1128,25.801853025332,-80.7128439936786,bcnh,1,""
2022,3,3as,3,,1143,1143,25.7950679585337,-80.7042500283569,bcnh,1,""
2022,3,3as,3,,1145,1145,25.8046609628945,-80.7034789770841,bcnh,1,""
2022,3,3as,3,,1150,1150,25.8157639671117,-80.702788978815,bcnh,1,""
2022,3,3as,3,,1156,1156,25.8315149880945,-80.7063849829137,bcnh,1,""
2022,3,3as,3,,1160,1160,25.8555550407618,-80.7032029610127,bcnh,1,""
2022,3,3as,3,,1169,1169,25.9245490003377,-80.7062500342726,bcnh,1,""
2022,3,3as,3,,1171,1171,25.957706971094,-80.7022109627723,bcnh,1,""
2022,3,3as,3,,1176,1176,25.9725460410118,-80.7026370149105,bcnh,1,""
2022,3,3as,3,,1178,1178,25.9787720348685,-80.702522015199,bcnh,1,""
2022,3,3as,3,,1180,1180,26.0185969714075,-80.7046589814126,bcnh,1,""
2022,3,3as,3,,1189,1189,25.9297460317611,-80.6939370185136,bcnh,1,""
2022,3,3as,3,,1195,1195,25.8532330021262,-80.694262990728,bcnh,1,""
2022,3,3as,3,,1209/Charun?,1209/Charun?,25.8190060034394,-80.6719589978456,bcnh,1,""
2022,3,3as,3,,1218,1218,25.8475120179355,-80.6765540409833,bcnh,1,""
2022,3,3as,3,,1228,1228,25.933644035831,-80.6734290160238,bcnh,1,""
2022,3,3as,3,,1246,1246,25.9734129812568,-80.6855869665741,bcnh,1,""
2022,3,3as,3,,1248,1248,25.9538369625806,-80.6840249989181,bcnh,1,""
2022,3,3as,3,,1253,1253,25.8906120155006,-80.6853189971297,bcnh,1,""
2022,3,3as,3,,1255,1255,25.884708976373,-80.6833500042557,bcnh,1,""
2022,3,3as,3,,1265,1265,25.8302029687911,-80.6835469789803,bcnh,1,""
2022,3,3as,3,,50/Inti?,50/Inti?,25.964812,-80.649475,bcnh,1,"1s indicate presence"
2022,3,3as,3,,96,96,25.8991285,-80.629413,bcnh,2,""
2022,3,3as,3,,1219/Draco,1219/Draco,25.8501489646732,-80.6741380412131,gbhe,3,""
2022,3,3as,3,,939,939,25.8288140036165,-80.7661580108106,gbhe,2,""
2022,3,3as,3,,1137,1137,25.774509999901,-80.7026289682835,gbhe,1,""
2022,3,3as,3,,990/Frodo,990/Frodo,25.9141700249165,-80.734260007739,gbhe,3,""
2022,3,3as,3,,952,952,25.9692090377211,-80.7627510186284,gbhe,8,""
2022,3,3as,3,,1153,1153,25.805145,-80.782057,gbhe,1,""
2022,3,3as,3,,1191,1191,25.87746,-80.771452,gbhe,2,""
2022,3,3as,3,,1211,1211,25.8280789945274,-80.6754870247095,gbhe,1,""
2022,3,3as,3,,1157,1157,25.8395720086991,-80.703455004841,gbhe,3,""
2022,3,3as,3,,1145,1145,25.774963,-80.785709,gbhe,3,""
2022,3,3as,3,,904,904,25.7905660383403,-80.826617013663,gbhe,3,""
2022,3,3as,3,,960,960,26.053187996149,-80.7644869945943,gbhe,3,""
2022,3,3as,3,,983,983,25.7777030020952,-80.7326869759708,gbhe,3,""
2022,3,3as,3,,1055,1055,25.7701489794999,-80.7245339825749,gbhe,3,""
2022,3,3as,3,,980,980,25.7730870041996,-80.7310270238667,gbhe,2,""
2022,3,3as,3,,1010,1010,25.9450259897857,-80.7425040286034,gbhe,2,""
2022,3,3as,3,,1196,1196,25.836878,-80.776978,gbhe,2,""
2022,3,3as,3,,964,964,25.9391480125486,-80.7546319719403,gbhe,2,""
2022,3,3as,3,,909,909,25.8254400361329,-80.824811970815,gbhe,2,""
2022,3,3as,3,,1144,1144,25.772821,-80.784353,gbhe,2,""
2022,3,3as,3,,1182,1182,25.95797,-80.772614,gbhe,2,""
2022,3,3as,3,,875,875,25.7873319648206,-80.8060840331017,gbhe,2,""
2022,3,3as,3,,879,879,25.8413379918783,-80.8024430181831,gbhe,2,""
2022,3,3as,3,,883,883,25.9159749839454,-80.8028440084308,gbhe,2,""
2022,3,3as,3,,920,920,25.9569130372256,-80.8155900333076,gbhe,2,""
2022,3,3as,3,,936,936,25.789717035368,-80.7618779595941,gbhe,2,""
2022,3,3as,3,,937,937,25.8019429631531,-80.7625739928334,gbhe,2,""
2022,3,3as,3,,946,946,25.868354961276,-80.7617330364882,gbhe,2,""
2022,3,3as,3,,1046,1046,25.7815060392022,-80.7415309734642,gbhe,2,""
2022,3,3as,3,,1118,1118,25.8866229839622,-80.7146740145981,gbhe,2,""
2022,3,3as,3,,1148,1148,25.8103540353477,-80.7060600165277,gbhe,2,""
2022,3,3as,3,,1023,1023,25.8503979910165,-80.7438420318067,gbhe,1,""
2022,3,3as,3,,1163,1163,25.8635969739407,-80.7058740220963,gbhe,1,""
2022,3,3as,3,,1191,1191,25.9082209691405,-80.6929440144449,gbhe,1,""
2022,3,3as,3,,1013,1013,25.9395120386034,-80.7458469830453,gbhe,1,""
2022,3,3as,3,,1220,1220,25.856995973736,-80.6714699976146,gbhe,1,""
2022,3,3as,3,,1227,1227,25.9284180030226,-80.6740819662809,gbhe,1,""
2022,3,3as,3,,1266,1266,25.8254419639706,-80.683429967612,gbhe,1,""
2022,3,3as,3,,1143,1143,25.771042,-80.785344,gbhe,1,""
2022,3,3as,3,,1056,1056,25.7816259842365,-80.7252819836139,gbhe,1,""
2022,3,3as,3,,1077,1077,25.9145939815789,-80.7227410096675,gbhe,1,""
2022,3,3as,3,,1159,1159,25.840877,-80.78225,gbhe,1,""
2022,3,3as,3,,987,987,25.8721429947763,-80.7335349731147,gbhe,1,""
2022,3,3as,3,,1245,1245,25.9764830209314,-80.6856069993227,gbhe,1,""
2022,3,3as,3,,889,889,25.9217839781194,-80.7935140281915,gbhe,1,""
2022,3,3as,3,,925,925,25.8120719902217,-80.8150739595294,gbhe,1,""
2022,3,3as,3,,938,938,25.8059200085699,-80.7627579756081,gbhe,1,""
2022,3,3as,3,,985,985,25.7939469628036,-80.7318010088056,gbhe,1,""
2022,3,3as,3,,1208,1208,25.8114440180361,-80.6727280374616,gbhe,1,""
2022,3,3as,3,,1146,1146,25.780218,-80.783579,gbhe,1,""
2022,3,3as,3,,1149,1149,25.7942,-80.786227,gbhe,1,""
2022,3,3as,3,,1151,1151,25.798306,-80.782353,gbhe,1,""
2022,3,3as,3,,1185,1185,25.943796,-80.772958,gbhe,1,""
2022,3,3as,3,,1200,1200,25.813264,-80.774013,gbhe,1,""
2022,3,3as,3,,1203,1203,25.793358,-80.774271,gbhe,1,""
2022,3,3as,3,,1204,1204,25.791581,-80.776107,gbhe,1,""
2022,3,3as,3,,1205,1205,25.789406,-80.77426,gbhe,1,""
2022,3,3as,3,,884,884,25.9235600195825,-80.8058879803866,gbhe,1,""
2022,3,3as,3,,896,896,25.7932800147682,-80.7941259909421,gbhe,1,""
2022,3,3as,3,,900,900,25.7703239936381,-80.8222920354455,gbhe,1,""
2022,3,3as,3,,901,901,25.7735360227525,-80.8257919829338,gbhe,1,""
2022,3,3as,3,,905,905,25.7958980184048,-80.8233729656785,gbhe,1,""
2022,3,3as,3,,906,906,25.7965379767119,-80.8235550206154,gbhe,1,""
2022,3,3as,3,,907,907,25.8048199675977,-80.8218720182776,gbhe,1,""
2022,3,3as,3,,911,911,25.8373300172388,-80.8226259704679,gbhe,1,""
2022,3,3as,3,,912,912,25.9765550214797,-80.8240239880979,gbhe,1,""
2022,3,3as,3,,919,919,25.9713770169764,-80.8136000018566,gbhe,1,""
2022,3,3as,3,,922,922,25.8866740297526,-80.8135320246219,gbhe,1,""
2022,3,3as,3,,926,926,25.8100969623774,-80.8153959922492,gbhe,1,""
2022,3,3as,3,,927,927,25.7721680123358,-80.8128199819475,gbhe,1,""
2022,3,3as,3,,928,928,25.7697790022939,-80.8141790237277,gbhe,1,""
2022,3,3as,3,,929,929,25.7701000291854,-80.8161940332502,gbhe,1,""
2022,3,3as,3,,930,930,25.7684590201824,-80.8145889826118,gbhe,1,""
2022,3,3as,3,,931,931,25.7664170209318,-80.8148940000683,gbhe,1,""
2022,3,3as,3,,932,932,25.7654420379549,-80.8123169839382,gbhe,1,""
2022,3,3as,3,,935,935,25.7804489973932,-80.7633609697222,gbhe,1,""
2022,3,3as,3,,981,981,25.7737200055271,-80.7335629686713,gbhe,1,""
2022,3,3as,3,,982,982,25.779364965856,-80.7351589668542,gbhe,1,""
2022,3,3as,3,,984,984,25.7843139767646,-80.7318409904837,gbhe,1,""
2022,3,3as,3,,986,986,25.8032210357487,-80.7326139695942,gbhe,1,""
2022,3,3as,3,,988,988,25.9044389706104,-80.7323190104216,gbhe,1,""
2022,3,3as,3,,1016,1016,25.8974750339984,-80.7430409733206,gbhe,1,""
2022,3,3as,3,,1017,1017,25.8939090371131,-80.7439339812844,gbhe,1,""
2022,3,3as,3,,1034,1034,25.8236039802432,-80.744242016226,gbhe,1,""
2022,3,3as,3,,1043,1043,25.7863200176507,-80.7459120266139,gbhe,1,""
2022,3,3as,3,,1044,1044,25.7845520228147,-80.7438479829579,gbhe,1,""
2022,3,3as,3,,1045,1045,25.7847550325095,-80.7432599924504,gbhe,1,""
2022,3,3as,3,,1051,1051,25.7721000351011,-80.7456220127642,gbhe,1,""
2022,3,3as,3,,1057,1057,25.7843200117349,-80.7267000339925,gbhe,1,""
2022,3,3as,3,,1117,1117,25.8962230291217,-80.7139349821954,gbhe,1,""
2022,3,3as,3,,1123,1123,25.8437679894268,-80.7117899693548,gbhe,1,""
2022,3,3as,3,,1124,1124,25.8303100056946,-80.7125279959291,gbhe,1,""
2022,3,3as,3,,1167,1167,25.8972430229187,-80.7047060038894,gbhe,1,""
2022,3,3as,3,,1175/Isis,1175/Isis,25.9704400040209,-80.7014910411089,gbhe,1,""
2022,3,3as,3,,1193,1193,25.8776970114558,-80.6945629790425,gbhe,1,""
2022,3,3as,3,,1223,1223,25.8625329751521,-80.6733320374041,gbhe,1,""
2022,3,3as,3,,1238,1238,26.0159310232847,-80.6847760174423,gbhe,1,""
2022,3,3as,3,,1263,1263,25.8472019713371,-80.6853879801929,gbhe,1,""
2022,3,3as,3,,50/Inti?,50/Inti?,25.964812,-80.649475,gbhe,2,"1s indicate presence"
2022,3,3as,3,,83,83,25.901212,-80.738555,gbhe,1,""
2022,3,3as,3,,84,84,25.894729,-80.73786,gbhe,2,""
2022,3,3as,3,,14,14,25.90268,-80.73972,gbhe,1,""
2022,3,3as,3,,96,96,25.8991285,-80.629413,gbhe,1,""
2022,3,3as,3,,1219/Draco,1219/Draco,25.8501489646732,-80.6741380412131,greg,24,""
2022,3,3as,3,,939,939,25.8288140036165,-80.7661580108106,greg,22,""
2022,3,3as,3,,1137,1137,25.774509999901,-80.7026289682835,greg,18,""
2022,3,3as,3,,990/Frodo,990/Frodo,25.9141700249165,-80.734260007739,greg,10,""
2022,3,3as,3,,1153,1153,25.805145,-80.782057,greg,6,""
2022,3,3as,3,,1191,1191,25.87746,-80.771452,greg,4,""
2022,3,3as,3,,1166,1166,25.8869480341672,-80.701848026365,greg,6,""
2022,3,3as,3,,1072,1072,25.8612460177391,-80.7246459648013,greg,5,""
2022,3,3as,3,,1073,1073,25.8629600331187,-80.7211089693009,greg,5,""
2022,3,3as,3,,1211,1211,25.8280789945274,-80.6754870247095,greg,2,""
2022,3,3as,3,,881,881,25.8528800401836,-80.8063049800693,greg,3,""
2022,3,3as,3,,1148,1148,25.780484,-80.78682,greg,2,""
2022,3,3as,3,,873,873,25.7776210270822,-80.8054119721055,greg,1,""
2022,3,3as,3,,945,945,25.8663479983806,-80.7641890179365,greg,1,""
2022,3,3as,3,,50/Inti?,50/Inti?,25.964812,-80.649475,greg,22,"1s indicate presence"
2022,3,3as,3,,83,83,25.901212,-80.738555,greg,27,""
2022,3,3as,3,,84,84,25.894729,-80.73786,greg,18,""
2022,3,3as,3,,14,14,25.90268,-80.73972,greg,18,""
2022,3,3as,3,,97,97,25.940124,-80.6229976,greg,14,""
2022,3,3as,3,,96,96,25.8991285,-80.629413,greg,10,""
2022,3,3as,3,,86,86,25.987095,-80.706904,greg,9,""
2022,3,3as,3,,1180,1180,25.973928,-80.772588,lbhe,65,""
2022,3,3as,3,,882,882,25.9093129634857,-80.8051259815692,lbhe,24,""
2022,3,3as,3,,1083,1083,25.9667470213025,-80.723810037598,lbhe,3,""
2022,3,3as,3,,890,890,25.8885509893298,-80.8000759687274,lbhe,5,""
2022,3,3as,3as,,Kingu,Kingu,26.03713,-80.6816,smwh,38,""
2022,3,3as,3,,1180,1180,25.973928,-80.772588,sneg,30,""
2022,3,3as,3,,50/Inti?,50/Inti?,25.964812,-80.649475,sneg,6,"1s indicate presence"
2022,3,3as,3,,1180,1180,25.973928,-80.772588,trhe,2,""
2022,3,3as,3,,952,952,25.9692090377211,-80.7627510186284,trhe,1,""
2022,3,3as,3,,961,961,25.9802119620144,-80.7563940156251,trhe,4,""
2022,3,3as,3,,998,998,26.0238710325211,-80.7328739762306,trhe,1,""
2022,3,3as,3,,1115,1115,25.941257989034,-80.7161629758775,whib,4,""
2022,3,3as,3,,1084,1084,25.9743339847773,-80.7244800031185,whib,1,""
2022,3,3as,3,,1111,1111,25.9604940377175,-80.7169369608163,ycnh,2,""
2022,3,3as,3,,1104,1104,25.9813980013132,-80.7134230155497,ycnh,1,""
2022,3,3as,3,,1095,1095,26.007812982425,-80.7152559701353,ycnh,1,""
2022,3,3as,3,,1096,1096,26.0060630086809,-80.715538021177,ycnh,1,""
2022,3,3as,3,,1100,1100,25.987743018195,-80.7121509779244,ycnh,1,""
2022,3,3ase,3,,48,48,26.082893,-80.537542,anhi,1,"1s indicate presence"
2022,3,3ase,3,,48,48,26.082893,-80.537542,bcnh,1,"1s indicate presence"
2022,3,3ase,3,,15,15,26.0856961,-80.516125,gbhe,6,""
2022,3,3ase,3,,48,48,26.082893,-80.537542,gbhe,4,"1s indicate presence"
2022,3,3ase,3,,15,15,26.0856961,-80.516125,greg,15,""
2022,3,3b,3,,6,6,25.926399,-80.54337,anhi,1,"1s indicate presence"
2022,3,3b,3,,92,92,25.826825,-80.644174,gbhe,1,""
2022,3,3b,3,,6,6,25.926399,-80.54337,gbhe,8,"1s indicate presence"
2022,3,3b,3,,92,92,25.826825,-80.644174,greg,31,""
2022,3,3b,3,,6,6,25.926399,-80.54337,greg,13,"1s indicate presence"
2022,3,3b,3,,81,81,25.843642,-80.63051,greg,4,""
2023,1,1,1,,yam,Yam,26.55353,-80.26452,anhi,1,"1s indicate presence"
2023,1,1,1,,104,104,26.559213,-80.28367,anhi,1,"1s indicate presence"
2023,1,1,1,,104,104,26.559213,-80.28367,gbhe,1,"1s indicate presence"
2023,1,1,1,,yam,Yam,26.55353,-80.26452,greg,29,"1s indicate presence"
2023,1,1,1,,89,89,26.403605,-80.262405,greg,30,""
2023,1,1,1,,104,104,26.559213,-80.28367,greg,27,"1s indicate presence"
2023,1,1,1,,ymir,Ymir,26.57228,-80.27217,greg,28,""
2023,1,1,1,,95,95,26.5041022,-80.3128801,greg,21,""
2023,1,1,1,,56,56,26.557576,-80.276159,greg,10,""
2023,1,1,1,,114,114,26.440893,-80.356987,greg,10,""
2023,1,1,1,,yam,Yam,26.55353,-80.26452,sneg,2,"1s indicate presence"
2023,2,2a,2,,87,87,26.298138,-80.475412,anhi,1,"1s indicate presence"
2023,2,2a,2,,87,87,26.298138,-80.475412,greg,5,"1s indicate presence"
2023,2,2b,2,,9_peanut,9/Peanut,26.1924,-80.39645,greg,4,""
2023,3,3as,3,,1739,1739,25.9080710168927,-80.6930630374699,anhi,6,""
2023,3,3as,3,,1406,1406,25.8367589581757,-80.7764700148254,anhi,10,""
2023,3,3as,3,,1436,1436,25.8585939835757,-80.7620770297944,anhi,1,""
2023,3,3as,3,,1612,1612,25.8070779684931,-80.7310799974948,anhi,1,""
2023,3,3as,3,,1305,1305,25.9379789885133,-80.7964920345693,anhi,1,""
2023,3,3as,3,,1542,1542,25.8301929943263,-80.7438179757446,anhi,13,""
2023,3,3as,3,,1712,1712,25.8394229784607,-80.7040920294821,anhi,14,""
2023,3,3as,3,,1338,1338,25.8051399886608,-80.7820709701627,anhi,13,""
2023,3,3as,3,,1492,1492,25.8770429715514,-80.7555890176445,anhi,2,""
2023,3,3as,3,,1504,1504,25.8479249943047,-80.7553929649293,anhi,1,""
2023,3,3as,3,,1564,1564,25.9395569656044,-80.7459400221705,anhi,6,""
2023,3,3as,3,,1717,1717,25.8637780230492,-80.7051380071789,anhi,10,""
2023,3,3as,3,,1345,1345,25.8489849697798,-80.7844919990748,anhi,1,""
2023,3,3as,3,,1548,1548,25.8613079600036,-80.745026981458,anhi,2,""
2023,3,3as,3,,1339,1339,25.8062019757926,-80.786043992266,anhi,9,""
2023,3,3as,3,,1398,1398,25.8766890037804,-80.7763909734785,anhi,3,""
2023,3,3as,3,,1765,1765,25.8433260116726,-80.681875962764,anhi,1,""
2023,3,3as,3,,1778,1778,25.9193529747426,-80.682755978778,anhi,2,""
2023,3,3as,3,,1392,1392,25.918000973761,-80.7737990375608,anhi,2,""
2023,3,3as,3,,1568,1568,25.9449249878525,-80.7424989994615,anhi,3,""
2023,3,3as,3,,1628,1628,25.8042970206588,-80.7220640033483,anhi,2,""
2023,3,3as,3,,1397,1397,25.8772820234298,-80.7711879909038,anhi,8,""
2023,3,3as,3,,1708,1708,25.8133850153535,-80.7062689773738,anhi,3,""
2023,3,3as,3,,1479,1479,25.9411040134727,-80.7546410243958,anhi,2,""
2023,3,3as,3,,1526,1526,25.782086988911,-80.7455480005592,anhi,1,""
2023,3,3as,3,,1665,1665,25.9411890059709,-80.7132989633828,anhi,2,""
2023,3,3as,3,,1316,1316,25.8775029703974,-80.7943290006369,anhi,1,""
2023,3,3as,3,,1532,1532,25.8021049853414,-80.746240010485,anhi,2,""
2023,3,3as,3,,1536,1536,25.8157799765467,-80.742561025545,anhi,5,""
2023,3,3as,3,,1654,1654,25.9060799796134,-80.7209590170532,anhi,5,""
2023,3,3as,3,,1736,1736,25.9684059675782,-80.6958780158311,anhi,7,""
2023,3,3as,3,,1394,1394,25.8994959946721,-80.7721570227295,anhi,1,""
2023,3,3as,3,,1566,1566,25.9424509853124,-80.7466420065611,anhi,7,""
2023,3,3as,3,,1768,1768,25.8551890030503,-80.6815830152481,anhi,7,""
2023,3,3as,3,,1795,1795,25.9727939777076,-80.6741330120712,anhi,3,""
2023,3,3as,3,,1659,1659,25.9268670156598,-80.7270020339637,anhi,6,""
2023,3,3as,3,,1714,1714,25.8464109711349,-80.7034010253846,anhi,6,""
2023,3,3as,3,,1726,1726,25.939823007211,-80.7071270328015,anhi,3,""
2023,3,3as,3,,1274,1274,25.8010590076446,-80.8035269659012,anhi,3,""
2023,3,3as,3,,1457,1457,25.9452780336141,-80.7614010293036,anhi,1,""
2023,3,3as,3,,1484,1484,25.9007690381258,-80.7545309700071,anhi,1,""
2023,3,3as,3,,1525,1525,25.7772549893707,-80.7426419947296,anhi,5,""
2023,3,3as,3,,1633,1633,25.8310699928551,-80.7225450407713,anhi,5,""
2023,3,3as,3,,1782,1782,25.9764149598777,-80.6856570392847,anhi,2,""
2023,3,3as,3,,1344,1344,25.8408700302243,-80.7825639937072,anhi,2,""
2023,3,3as,3,,1716,1716,25.8632559981197,-80.7039580028504,anhi,2,""
2023,3,3as,3,,1755,1755,25.7928360253572,-80.6851579807698,anhi,3,""
2023,3,3as,3,,1272,1272,25.7744150329381,-80.8045199699699,anhi,3,""
2023,3,3as,3,,1273,1273,25.7774979807436,-80.8054230362176,anhi,2,""
2023,3,3as,3,,1342,1342,25.8318309858441,-80.782861970365,anhi,4,""
2023,3,3as,3,,1429,1429,25.8474440407007,-80.765139022842,anhi,1,""
2023,3,3as,3,,1488,1488,25.8886870276182,-80.7528300303965,anhi,1,""
2023,3,3as,3,,1619,1619,25.7745799887925,-80.7334799878299,anhi,2,""
2023,3,3as,3,,1644,1644,25.8795629907399,-80.7253069616854,anhi,1,""
2023,3,3as,3,,1646,1646,25.8821179624646,-80.7231910340487,anhi,2,""
2023,3,3as,3,,1718,1718,25.8799769729375,-80.7051609735935,anhi,4,""
2023,3,3as,3,,1745,1745,25.860815020278,-80.6947339698672,anhi,1,""
2023,3,3as,3,,1761,1761,25.8355590049177,-80.685124034062,anhi,2,""
2023,3,3as,3,,1770,1770,25.8741789590567,-80.6842819880694,anhi,1,""
2023,3,3as,3,,1807,1807,25.8509969618171,-80.6735730171203,anhi,1,""
2023,3,3as,3,,1810,1810,25.8281029667705,-80.6754519883543,anhi,2,""
2023,3,3as,3,,1259,1259,25.8101210184395,-80.8149110153317,anhi,1,""
2023,3,3as,3,,1357,1357,25.9099019598215,-80.7814050279557,anhi,2,""
2023,3,3as,3,,1419,1419,25.7844849675893,-80.7660519797354,anhi,3,""
2023,3,3as,3,,1421,1421,25.8032679744064,-80.7650210056453,anhi,1,""
2023,3,3as,3,,1435,1435,25.8560140337795,-80.7633749675005,anhi,2,""
2023,3,3as,3,,1515,1515,25.7847110275179,-80.7530069723725,anhi,3,""
2023,3,3as,3,,1524,1524,25.775546003133,-80.7448750175535,anhi,1,""
2023,3,3as,3,,1636,1636,25.8432700205594,-80.7247980125248,anhi,3,""
2023,3,3as,3,,1645,1645,25.8787500299513,-80.7208089809864,anhi,1,""
2023,3,3as,3,,1660,1660,25.9422329720109,-80.7244570367038,anhi,3,""
2023,3,3as,3,,1735,1735,25.9689569938927,-80.6958950310945,anhi,3,""
2023,3,3as,3,,1766,1766,25.8472159691154,-80.6853559613227,anhi,2,""
2023,3,3as,3,,1805,1805,25.8585830032825,-80.6755769625306,anhi,1,""
2023,3,3as,3,,1417,1417,25.7801780104637,-80.7644930295646,anhi,1,""
2023,3,3as,3,,1517,1517,25.7825049944221,-80.7517989724874,anhi,1,""
2023,3,3as,3,,1528,1528,25.7842549681663,-80.7437430415302,anhi,1,""
2023,3,3as,3,,1746,1746,25.8509299904108,-80.6933620199561,anhi,2,""
2023,3,3as,3,,1565,1565,25.9401990193873,-80.7460899744182,anhi,1,""
2023,3,3as,3,,1757,1757,25.8253429736942,-80.6834439653903,anhi,1,""
2023,3,3as,3,,1257,1257,25.8517209906131,-80.8148250170052,anhi,1,""
2023,3,3as,3,,1414,1414,25.7823999691754,-80.7756670285016,anhi,1,""
2023,3,3as,3,,1424,1424,25.8288229722529,-80.7663129922002,anhi,1,""
2023,3,3as,3,,1530,1530,25.7866820320487,-80.7457489985972,anhi,1,""
2023,3,3as,3,,1669,1669,25.917223971337,-80.7161339744925,anhi,1,""
2023,3,3as,3,,1710,1710,25.8177939802408,-80.7042090408504,anhi,1,""
2023,3,3as,3,,1790,1790,26.0084930062294,-80.6745090242475,anhi,1,""
2023,3,3as,3,,1739,1739,25.9080710168927,-80.6930630374699,bcnh,30,""
2023,3,3as,3,,1286,1286,25.9085150063037,-80.8039530180394,bcnh,3,""
2023,3,3as,3,,1406,1406,25.8367589581757,-80.7764700148254,bcnh,20,""
2023,3,3as,3,,1544,1544,25.8392679970711,-80.7419089972972,bcnh,25,""
2023,3,3as,3,,1584,1584,25.9653060045093,-80.7380079757422,bcnh,24,""
2023,3,3as,3,,1436,1436,25.8585939835757,-80.7620770297944,bcnh,22,""
2023,3,3as,3,,1612,1612,25.8070779684931,-80.7310799974948,bcnh,20,""
2023,3,3as,3,,326,326,25.9984929766505,-80.8055849745869,bcnh,1,""
2023,3,3as,3,,1377,1377,25.9774559922516,-80.7729180157184,bcnh,16,""
2023,3,3as,3,,1305,1305,25.9379789885133,-80.7964920345693,bcnh,15,""
2023,3,3as,3,,1542,1542,25.8301929943263,-80.7438179757446,bcnh,2,""
2023,3,3as,3,,1559,1559,25.9099499881267,-80.7469020131975,bcnh,17,""
2023,3,3as,3,,1712,1712,25.8394229784607,-80.7040920294821,bcnh,2,""
2023,3,3as,3,,1282,1282,25.8831849787384,-80.8030399773269,bcnh,17,""
2023,3,3as,3,,1383,1383,25.9583109710365,-80.7749180216342,bcnh,15,""
2023,3,3as,3,,1606,1606,25.8749729767441,-80.7349319849163,bcnh,17,""
2023,3,3as,3,,1346,1346,25.8624690212309,-80.7841350138187,bcnh,16,""
2023,3,3as,3,,1396,1396,25.8937900140881,-80.7741049770265,bcnh,15,""
2023,3,3as,3,,1772,1772,25.8841349836438,-80.6867419928312,bcnh,16,""
2023,3,3as,3,,1304,1304,25.9767860267311,-80.7921720016747,bcnh,14,""
2023,3,3as,3,,1485,1485,25.8982920181006,-80.7538879942148,bcnh,14,""
2023,3,3as,3,,1289,1289,25.9391979686915,-80.8037469908595,bcnh,13,""
2023,3,3as,3,,1368,1368,25.9623330272734,-80.7854839973151,bcnh,13,""
2023,3,3as,3,,1370,1370,25.9752870071679,-80.7831760402768,bcnh,13,""
2023,3,3as,3,,1385,1385,25.9514829888939,-80.7726900279521,bcnh,14,""
2023,3,3as,3,,1442,1442,25.8846420049667,-80.7660870160907,bcnh,10,""
2023,3,3as,3,,1492,1492,25.8770429715514,-80.7555890176445,bcnh,11,""
2023,3,3as,3,,1504,1504,25.8479249943047,-80.7553929649293,bcnh,12,""
2023,3,3as,3,,1564,1564,25.9395569656044,-80.7459400221705,bcnh,8,""
2023,3,3as,3,,1574,1574,25.9737899992614,-80.7435039896517,bcnh,7,""
2023,3,3as,3,,1798,1798,25.9453800413757,-80.6751659978181,bcnh,12,""
2023,3,3as,3,,1241,1241,25.9729939699172,-80.8150670025497,bcnh,11,""
2023,3,3as,3,,1281,1281,25.8767689671367,-80.8033750019967,bcnh,11,""
2023,3,3as,3,,1301,1301,25.9890719689428,-80.7954680174589,bcnh,11,""
2023,3,3as,3,,1319,1319,25.8585479669272,-80.7933919876813,bcnh,6,""
2023,3,3as,3,,1345,1345,25.8489849697798,-80.7844919990748,bcnh,11,""
2023,3,3as,3,,1363,1363,25.9321519732475,-80.7813760265707,bcnh,12,""
2023,3,3as,3,,1369,1369,25.9601839911192,-80.7835180219262,bcnh,10,""
2023,3,3as,3,,1447,1447,25.921610975638,-80.7651790045201,bcnh,11,""
2023,3,3as,3,,1489,1489,25.8858530223369,-80.7540620025247,bcnh,12,""
2023,3,3as,3,,1548,1548,25.8613079600036,-80.745026981458,bcnh,10,""
2023,3,3as,3,,1694,1694,25.789783000946,-80.7124730106443,bcnh,12,""
2023,3,3as,3,,1762,1762,25.8360040001571,-80.6862649787217,bcnh,7,""
2023,3,3as,3,,1590,1590,25.9505309723317,-80.7314740307629,bcnh,10,""
2023,3,3as,3,,1303,1303,25.9788380004465,-80.793975032866,bcnh,7,""
2023,3,3as,3,,1398,1398,25.8766890037804,-80.7763909734785,bcnh,6,""
2023,3,3as,3,,1459,1459,25.9511300269514,-80.7632589619606,bcnh,8,""
2023,3,3as,3,,1486,1486,25.8960879966616,-80.7553610298782,bcnh,10,""
2023,3,3as,3,,1558,1558,25.901129040867,-80.7415439654141,bcnh,10,""
2023,3,3as,3,,1577,1577,25.968999993056,-80.7451159972697,bcnh,11,""
2023,3,3as,3,,1593,1593,25.9414269682019,-80.7355239987373,bcnh,11,""
2023,3,3as,3,,1607,1607,25.8722040150314,-80.7335789781063,bcnh,10,""
2023,3,3as,3,,1608,1608,25.8618589863181,-80.7317409943789,bcnh,10,""
2023,3,3as,3,,1765,1765,25.8433260116726,-80.681875962764,bcnh,10,""
2023,3,3as,3,,1778,1778,25.9193529747426,-80.682755978778,bcnh,9,""
2023,3,3as,3,,1509,1509,25.8377890102565,-80.7523650024086,bcnh,9,""
2023,3,3as,3,,1290,1290,25.9407750237733,-80.8018579613417,bcnh,10,""
2023,3,3as,3,,1310,1310,25.9215730056166,-80.7918389886617,bcnh,1,""
2023,3,3as,3,,1392,1392,25.918000973761,-80.7737990375608,bcnh,6,""
2023,3,3as,3,,1552,1552,25.8788989763706,-80.7447689864784,bcnh,9,""
2023,3,3as,3,,1568,1568,25.9449249878525,-80.7424989994615,bcnh,6,""
2023,3,3as,3,,1604,1604,25.8955760300159,-80.7327550370246,bcnh,10,""
2023,3,3as,3,,1628,1628,25.8042970206588,-80.7220640033483,bcnh,8,""
2023,3,3as,3,,1639,1639,25.8565550018101,-80.7271610386669,bcnh,10,""
2023,3,3as,3,,1676,1676,25.8763559907674,-80.7137410249561,bcnh,10,""
2023,3,3as,3,,1685,1685,25.8437770418822,-80.7118980120867,bcnh,10,""
2023,3,3as,3,,1472,1472,25.9641489665955,-80.7532079704105,bcnh,7,""
2023,3,3as,3,,1708,1708,25.8133850153535,-80.7062689773738,bcnh,5,""
2023,3,3as,3,,1313,1313,25.8988439664244,-80.7937850151211,bcnh,9,""
2023,3,3as,3,,1367,1367,25.9537300094962,-80.7839259691536,bcnh,9,""
2023,3,3as,3,,1376,1376,25.9861859958618,-80.7757849618792,bcnh,9,""
2023,3,3as,3,,1479,1479,25.9411040134727,-80.7546410243958,bcnh,6,""
2023,3,3as,3,,1526,1526,25.782086988911,-80.7455480005592,bcnh,2,""
2023,3,3as,3,,1553,1553,25.8864560164511,-80.7449659612029,bcnh,9,""
2023,3,3as,3,,1665,1665,25.9411890059709,-80.7132989633828,bcnh,7,""
2023,3,3as,3,,1771,1771,25.8785170130431,-80.6851390376687,bcnh,9,""
2023,3,3as,3,,1796,1796,25.9677179809659,-80.6726599764078,bcnh,8,""
2023,3,3as,3,,1808,1808,25.837156008929,-80.6753110047429,bcnh,9,""
2023,3,3as,3,,1801,1801,25.9227599669247,-80.6735109910368,bcnh,7,""
2023,3,3as,3,,1244,1244,25.9641330409795,-80.8152840100228,bcnh,7,""
2023,3,3as,3,,1245,1245,25.9554669912904,-80.8111949823796,bcnh,6,""
2023,3,3as,3,,1316,1316,25.8775029703974,-80.7943290006369,bcnh,6,""
2023,3,3as,3,,1348,1348,25.8726869802922,-80.7819549646228,bcnh,7,""
2023,3,3as,3,,1355,1355,25.8969810046255,-80.7815369591116,bcnh,8,""
2023,3,3as,3,,1402,1402,25.8712769765406,-80.7763169612735,bcnh,8,""
2023,3,3as,3,,1445,1445,25.9119690209627,-80.7653459720313,bcnh,6,""
2023,3,3as,3,,1458,1458,25.946356030181,-80.7642119843512,bcnh,8,""
2023,3,3as,3,,1463,1463,25.9865940269082,-80.7620529737323,bcnh,8,""
2023,3,3as,3,,1478,1478,25.9442950040102,-80.7547120191156,bcnh,8,""
2023,3,3as,3,,1497,1497,25.8622489962726,-80.7542060036212,bcnh,7,""
2023,3,3as,3,,1522,1522,25.7721150387078,-80.745669035241,bcnh,7,""
2023,3,3as,3,,1532,1532,25.8021049853414,-80.746240010485,bcnh,3,""
2023,3,3as,3,,1536,1536,25.8157799765467,-80.742561025545,bcnh,3,""
2023,3,3as,3,,1555,1555,25.8904390130192,-80.7438629865646,bcnh,8,""
2023,3,3as,3,,1589,1589,25.9555270057171,-80.7336010225117,bcnh,7,""
2023,3,3as,3,,1595,1595,25.9389969706535,-80.7320149987936,bcnh,8,""
2023,3,3as,3,,1602,1602,25.9079690091311,-80.7332199811935,bcnh,8,""
2023,3,3as,3,,1654,1654,25.9060799796134,-80.7209590170532,bcnh,1,""
2023,3,3as,3,,1779,1779,25.9268639981746,-80.6863479595631,bcnh,7,""
2023,3,3as,3,,1594,1594,25.9373049996793,-80.73346699588,bcnh,6,""
2023,3,3as,3,,1288,1288,25.9295750409364,-80.8023840095847,bcnh,7,""
2023,3,3as,3,,1378,1378,25.9759019874036,-80.7747010141611,bcnh,7,""
2023,3,3as,3,,1394,1394,25.8994959946721,-80.7721570227295,bcnh,5,""
2023,3,3as,3,,1433,1433,25.8522209711372,-80.7628210075199,bcnh,5,""
2023,3,3as,3,,1446,1446,25.9170239791274,-80.7634300366044,bcnh,7,""
2023,3,3as,3,,1450,1450,25.9358990192413,-80.7620470225811,bcnh,7,""
2023,3,3as,3,,1454,1454,25.9423100017011,-80.7636730279773,bcnh,7,""
2023,3,3as,3,,1462,1462,25.9741130378097,-80.7644259743392,bcnh,7,""
2023,3,3as,3,,1467,1467,25.9936270304024,-80.7527089957147,bcnh,7,""
2023,3,3as,3,,1477,1477,25.9533560089766,-80.7517770119011,bcnh,7,""
2023,3,3as,3,,1502,1502,25.8521959930658,-80.7527310401201,bcnh,7,""
2023,3,3as,3,,1534,1534,25.8036370296031,-80.7435380201786,bcnh,7,""
2023,3,3as,3,,1535,1535,25.8109929878264,-80.7437869627028,bcnh,6,""
2023,3,3as,3,,1547,1547,25.8448400348424,-80.7459670118987,bcnh,7,""
2023,3,3as,3,,1587,1587,25.9641550015658,-80.7329400256276,bcnh,7,""
2023,3,3as,3,,1635,1635,25.8435489702969,-80.7235719915479,bcnh,7,""
2023,3,3as,3,,1777,1777,25.9092279709875,-80.6858469732105,bcnh,7,""
2023,3,3as,3,,1795,1795,25.9727939777076,-80.6741330120712,bcnh,4,""
2023,3,3as,3,,1799,1799,25.9417410381138,-80.6723549589514,bcnh,7,""
2023,3,3as,3,,1243,1243,25.9670299943536,-80.8124869689345,bcnh,6,""
2023,3,3as,3,,1285,1285,25.8937809616327,-80.8030050247907,bcnh,6,""
2023,3,3as,3,,1293,1293,25.9572039730846,-80.8055399637669,bcnh,6,""
2023,3,3as,3,,1300,1300,25.9905620198696,-80.7925019972026,bcnh,5,""
2023,3,3as,3,,1350,1350,25.8763989899307,-80.7852550037205,bcnh,6,""
2023,3,3as,3,,1371,1371,25.9915800020098,-80.7813839893788,bcnh,5,""
2023,3,3as,3,,1395,1395,25.8945390209555,-80.7742700167,bcnh,3,""
2023,3,3as,3,,1403,1403,25.8640330005437,-80.7756820321083,bcnh,6,""
2023,3,3as,3,,1434,1434,25.8560919854789,-80.763177992776,bcnh,6,""
2023,3,3as,3,,1456,1456,25.936254998669,-80.7618190348148,bcnh,4,""
2023,3,3as,3,,1473,1473,25.9606559760868,-80.7515119761228,bcnh,6,""
2023,3,3as,3,,1476,1476,25.9523780085146,-80.7536200247704,bcnh,6,""
2023,3,3as,3,,1487,1487,25.8914979826658,-80.7541220169514,bcnh,6,""
2023,3,3as,3,,1501,1501,25.8561300393193,-80.7555470243096,bcnh,6,""
2023,3,3as,3,,1523,1523,25.7766789849847,-80.7438860367983,bcnh,6,""
2023,3,3as,3,,1549,1549,25.8702569827437,-80.7453019917011,bcnh,6,""
2023,3,3as,3,,1556,1556,25.893951030448,-80.7438370026648,bcnh,6,""
2023,3,3as,3,,1572,1572,25.9847390279173,-80.7431409694254,bcnh,4,""
2023,3,3as,3,,1576,1576,25.9716660249978,-80.7457329891622,bcnh,6,""
2023,3,3as,3,,1626,1626,25.7963499706238,-80.7268100045621,bcnh,5,""
2023,3,3as,3,,1674,1674,25.886818030849,-80.714583992958,bcnh,6,""
2023,3,3as,3,,1723,1723,25.9032420348376,-80.7046920061111,bcnh,5,""
2023,3,3as,3,,1726,1726,25.939823007211,-80.7071270328015,bcnh,2,""
2023,3,3as,3,,1738,1738,25.9293609671294,-80.6938680354505,bcnh,6,""
2023,3,3as,3,,1740,1740,25.9038109984248,-80.6929819844663,bcnh,6,""
2023,3,3as,3,,1430,1430,25.8484699856489,-80.7653629872947,bcnh,4,""
2023,3,3as,3,,1499,1499,25.8596419729292,-80.7546810060739,bcnh,4,""
2023,3,3as,3,,1510,1510,25.8363230153918,-80.7556180190294,bcnh,4,""
2023,3,3as,3,,1352,1352,25.8852279838174,-80.7821859698742,bcnh,5,""
2023,3,3as,3,,1399,1399,25.8757580257952,-80.7765929773449,bcnh,5,""
2023,3,3as,3,,1409,1409,25.8145759999752,-80.7760589662939,bcnh,5,""
2023,3,3as,3,,1411,1411,25.7907829619944,-80.773826027289,bcnh,5,""
2023,3,3as,3,,1441,1441,25.8699490316212,-80.7636629696935,bcnh,5,""
2023,3,3as,3,,1448,1448,25.9241109620779,-80.7657120097428,bcnh,5,""
2023,3,3as,3,,1455,1455,25.9416159801185,-80.763378990814,bcnh,4,""
2023,3,3as,3,,1457,1457,25.9452780336141,-80.7614010293036,bcnh,4,""
2023,3,3as,3,,1484,1484,25.9007690381258,-80.7545309700071,bcnh,3,""
2023,3,3as,3,,1506,1506,25.8421709854155,-80.7529690023511,bcnh,5,""
2023,3,3as,3,,1543,1543,25.8324960060417,-80.7468559965491,bcnh,4,""
2023,3,3as,3,,1585,1585,25.9664809796959,-80.7375059835612,bcnh,4,""
2023,3,3as,3,,1588,1588,25.9603440016508,-80.733919031918,bcnh,4,""
2023,3,3as,3,,1597,1597,25.9166189655661,-80.736049041152,bcnh,5,""
2023,3,3as,3,,1629,1629,25.813944004476,-80.7225120160728,bcnh,5,""
2023,3,3as,3,,1657,1657,25.9212399926036,-80.7237289845943,bcnh,5,""
2023,3,3as,3,,1677,1677,25.8763699885457,-80.7132100313901,bcnh,5,""
2023,3,3as,3,,1782,1782,25.9764149598777,-80.6856570392847,bcnh,2,""
2023,3,3as,3,,1800,1800,25.9320259932428,-80.6756280083209,bcnh,5,""
2023,3,3as,3,,1804,1804,25.887735011056,-80.6724609900265,bcnh,5,""
2023,3,3as,3,,1308,1308,25.9310790058225,-80.795404985547,bcnh,3,""
2023,3,3as,3,,1561,1561,25.9317229874432,-80.7430699747055,bcnh,3,""
2023,3,3as,3,,1716,1716,25.8632559981197,-80.7039580028504,bcnh,1,""
2023,3,3as,3,,1235,1235,25.9926650393754,-80.8131469599902,bcnh,4,""
2023,3,3as,3,,1236,1236,25.9858140069991,-80.813222983852,bcnh,4,""
2023,3,3as,3,,1273,1273,25.7774979807436,-80.8054230362176,bcnh,2,""
2023,3,3as,3,,1294,1294,25.9595140255987,-80.8051689807325,bcnh,4,""
2023,3,3as,3,,1295,1295,25.975223975256,-80.8044890407472,bcnh,4,""
2023,3,3as,3,,1329,1329,25.7687529735267,-80.7924559805542,bcnh,4,""
2023,3,3as,3,,1333,1333,25.7772949710488,-80.7835180219262,bcnh,3,""
2023,3,3as,3,,1375,1375,25.9809079952538,-80.7761169690638,bcnh,4,""
2023,3,3as,3,,1386,1386,25.9474559873342,-80.7757439743727,bcnh,1,""
2023,3,3as,3,,1407,1407,25.8393689990043,-80.7730419840663,bcnh,4,""
2023,3,3as,3,,1425,1425,25.8298240229487,-80.763637991622,bcnh,3,""
2023,3,3as,3,,1429,1429,25.8474440407007,-80.765139022842,bcnh,2,""
2023,3,3as,3,,1444,1444,25.8948530070483,-80.7654710300266,bcnh,3,""
2023,3,3as,3,,1483,1483,25.9296939801424,-80.7553349621593,bcnh,4,""
2023,3,3as,3,,1488,1488,25.8886870276182,-80.7528300303965,bcnh,2,""
2023,3,3as,3,,1505,1505,25.845636986196,-80.7515709847211,bcnh,4,""
2023,3,3as,3,,1512,1512,25.8308460284024,-80.7562090270221,bcnh,3,""
2023,3,3as,3,,1545,1545,25.8410169649869,-80.7467000093311,bcnh,2,""
2023,3,3as,3,,1546,1546,25.8420180156826,-80.7448360417038,bcnh,4,""
2023,3,3as,3,,1557,1557,25.8973990101367,-80.7431729882955,bcnh,4,""
2023,3,3as,3,,1598,1598,25.9154900070279,-80.7363200280815,bcnh,4,""
2023,3,3as,3,,1603,1603,25.8995290193706,-80.7337969914078,bcnh,4,""
2023,3,3as,3,,1616,1616,25.7938550133258,-80.7318300101906,bcnh,3,""
2023,3,3as,3,,1619,1619,25.7745799887925,-80.7334799878299,bcnh,2,""
2023,3,3as,3,,1630,1630,25.8163399714976,-80.7224270235747,bcnh,4,""
2023,3,3as,3,,1634,1634,25.838302988559,-80.7217800244688,bcnh,3,""
2023,3,3as,3,,1642,1642,25.8608710113912,-80.7235289923846,bcnh,3,""
2023,3,3as,3,,1644,1644,25.8795629907399,-80.7253069616854,bcnh,3,""
2023,3,3as,3,,1646,1646,25.8821179624646,-80.7231910340487,bcnh,1,""
2023,3,3as,3,,1649,1649,25.8969810046255,-80.7257930282503,bcnh,4,""
2023,3,3as,3,,1662,1662,25.9507179725915,-80.7211770303547,bcnh,4,""
2023,3,3as,3,,1722,1722,25.8972479682415,-80.704704998061,bcnh,4,""
2023,3,3as,3,,1724,1724,25.9244410414248,-80.7063009962439,bcnh,4,""
2023,3,3as,3,,1728,1728,26.0773520171642,-80.7040969748049,bcnh,4,""
2023,3,3as,3,,1745,1745,25.860815020278,-80.6947339698672,bcnh,3,""
2023,3,3as,3,,1756,1756,25.7969519589096,-80.6827950384467,bcnh,3,""
2023,3,3as,3,,1761,1761,25.8355590049177,-80.685124034062,bcnh,1,""
2023,3,3as,3,,1770,1770,25.8741789590567,-80.6842819880694,bcnh,2,""
2023,3,3as,3,,1773,1773,25.8902840316295,-80.6862659845501,bcnh,3,""
2023,3,3as,3,,1794,1794,25.979907028377,-80.6730870343744,bcnh,4,""
2023,3,3as,3,,1797,1797,25.9558440092951,-80.673751970753,bcnh,4,""
2023,3,3as,3,,1806,1806,25.8567379787564,-80.6714979931712,bcnh,3,""
2023,3,3as,3,,1807,1807,25.8509969618171,-80.6735730171203,bcnh,1,""
2023,3,3as,3,,1247,1247,25.8867430128157,-80.8135340362787,bcnh,1,""
2023,3,3as,3,,1251,1251,25.8732939977198,-80.816774982959,bcnh,1,""
2023,3,3as,3,,1262,1262,25.7853700127452,-80.8133959863334,bcnh,1,""
2023,3,3as,3,,1279,1279,25.8727080188691,-80.8069919608533,bcnh,2,""
2023,3,3as,3,,1291,1291,25.9456350188702,-80.8046870213001,bcnh,3,""
2023,3,3as,3,,1296,1296,25.9779839683324,-80.8047379832714,bcnh,3,""
2023,3,3as,3,,1297,1297,25.9876440279185,-80.8041509985923,bcnh,2,""
2023,3,3as,3,,1307,1307,25.9310189913958,-80.7960440218448,bcnh,3,""
2023,3,3as,3,,1347,1347,25.8661029953509,-80.7837009988725,bcnh,3,""
2023,3,3as,3,,1349,1349,25.8733169641345,-80.7853829953819,bcnh,3,""
2023,3,3as,3,,1364,1364,25.9453600086271,-80.7832839991897,bcnh,3,""
2023,3,3as,3,,1366,1366,25.9564399626106,-80.7863559667021,bcnh,3,""
2023,3,3as,3,,1382,1382,25.9613830223679,-80.7729109749197,bcnh,3,""
2023,3,3as,3,,1388,1388,25.9323249757289,-80.7758930046111,bcnh,1,""
2023,3,3as,3,,1408,1408,25.8173339813947,-80.7732510287314,bcnh,2,""
2023,3,3as,3,,1421,1421,25.8032679744064,-80.7650210056453,bcnh,1,""
2023,3,3as,3,,1427,1427,25.8398429956287,-80.7632540166378,bcnh,2,""
2023,3,3as,3,,1432,1432,25.8498939871788,-80.7618610281497,bcnh,3,""
2023,3,3as,3,,1440,1440,25.8666629903018,-80.765130976215,bcnh,3,""
2023,3,3as,3,,1449,1449,25.9281320124864,-80.7630240172147,bcnh,2,""
2023,3,3as,3,,1471,1471,25.966306971386,-80.7539459969848,bcnh,3,""
2023,3,3as,3,,1481,1481,25.9386379737406,-80.7558859884738,bcnh,3,""
2023,3,3as,3,,1496,1496,25.8663220144808,-80.7540080230683,bcnh,2,""
2023,3,3as,3,,1498,1498,25.8608580194413,-80.7556659635156,bcnh,3,""
2023,3,3as,3,,1503,1503,25.8498349785804,-80.7547939941287,bcnh,3,""
2023,3,3as,3,,1550,1550,25.8738570101559,-80.7436479907482,bcnh,1,""
2023,3,3as,3,,1551,1551,25.8746109623461,-80.7458469830453,bcnh,3,""
2023,3,3as,3,,1562,1562,25.9331410378217,-80.7434380240738,bcnh,3,""
2023,3,3as,3,,1582,1582,25.9779050108045,-80.7315990049391,bcnh,3,""
2023,3,3as,3,,1592,1592,25.9472499601542,-80.7354489807039,bcnh,2,""
2023,3,3as,3,,1618,1618,25.7898880261927,-80.7323760073632,bcnh,3,""
2023,3,3as,3,,1624,1624,25.7760909944772,-80.7237650267779,bcnh,3,""
2023,3,3as,3,,1645,1645,25.8787500299513,-80.7208089809864,bcnh,2,""
2023,3,3as,3,,1650,1650,25.897510992363,-80.7266919873654,bcnh,3,""
2023,3,3as,3,,1655,1655,25.9144909679889,-80.7238849718123,bcnh,1,""
2023,3,3as,3,,1675,1675,25.8783239778131,-80.713835991919,bcnh,3,""
2023,3,3as,3,,1684,1684,25.8484050258994,-80.7144089788198,bcnh,3,""
2023,3,3as,3,,1686,1686,25.8429830241948,-80.7135619875043,bcnh,3,""
2023,3,3as,3,,1691,1691,25.8114880230277,-80.7146450132131,bcnh,3,""
2023,3,3as,3,,1720,1720,25.8911610301584,-80.7028710376471,bcnh,3,""
2023,3,3as,3,,1727,1727,25.9900280088186,-80.7056089863181,bcnh,3,""
2023,3,3as,3,,1729,1729,26.0816060006618,-80.7037539873272,bcnh,3,""
2023,3,3as,3,,1766,1766,25.8472159691154,-80.6853559613227,bcnh,1,""
2023,3,3as,3,,1776,1776,25.9015690069645,-80.6844969838857,bcnh,2,""
2023,3,3as,3,,1784,1784,25.9984890371561,-80.6840400025248,bcnh,3,""
2023,3,3as,3,,1803,1803,25.9083040338009,-80.6736239790916,bcnh,3,""
2023,3,3as,3,,1805,1805,25.8585830032825,-80.6755769625306,bcnh,2,""
2023,3,3as,3,,1811_charun,1811/Charun,25.8192680217325,-80.6720030028373,bcnh,3,""
2023,3,3as,3,,1225,1225,25.804545963183,-80.821391986683,bcnh,1,""
2023,3,3as,3,,1237,1237,25.9854799881577,-80.8156630396842,bcnh,2,""
2023,3,3as,3,,1239,1239,25.9754730015993,-80.811425987631,bcnh,2,""
2023,3,3as,3,,1246,1246,25.9362829942256,-80.8118669595569,bcnh,1,""
2023,3,3as,3,,1249,1249,25.8798290323466,-80.8160679694265,bcnh,2,""
2023,3,3as,3,,1267,1267,25.7700730394572,-80.813999986276,bcnh,2,""
2023,3,3as,3,,1280,1280,25.8762190304696,-80.8029200322926,bcnh,2,""
2023,3,3as,3,,1292,1292,25.9486199822276,-80.8029050286859,bcnh,2,""
2023,3,3as,3,,1311,1311,25.906810965389,-80.7917069736868,bcnh,2,""
2023,3,3as,3,,1318,1318,25.8604179695248,-80.7956990227103,bcnh,2,""
2023,3,3as,3,,1330,1330,25.766406962648,-80.7963699940592,bcnh,2,""
2023,3,3as,3,,1343,1343,25.8381279744207,-80.7816969696432,bcnh,2,""
2023,3,3as,3,,1389,1389,25.9296980034559,-80.7747580111026,bcnh,2,""
2023,3,3as,3,,1401,1401,25.8727930113673,-80.7752149924635,bcnh,2,""
2023,3,3as,3,,1405,1405,25.8377300016582,-80.7758700381964,bcnh,2,""
2023,3,3as,3,,1437,1437,25.8602159656584,-80.7637629657983,bcnh,2,""
2023,3,3as,3,,1448,1448,25.8661040011793,-80.7638310268521,bcnh,2,""
2023,3,3as,3,,1466,1466,25.9979449678212,-80.7535920292139,bcnh,2,""
2023,3,3as,3,,1468,1468,25.9914420358836,-80.7534070406109,bcnh,2,""
2023,3,3as,3,,1490,1490,25.884561035782,-80.7568599656224,bcnh,2,""
2023,3,3as,3,,1513,1513,25.8190370164811,-80.7553440146148,bcnh,2,""
2023,3,3as,3,,1514,1514,25.7985259965062,-80.7528570201247,bcnh,1,""
2023,3,3as,3,,1517,1517,25.7825049944221,-80.7517989724874,bcnh,1,""
2023,3,3as,3,,1533,1533,25.8048239909112,-80.7445229776203,bcnh,2,""
2023,3,3as,3,,1537,1537,25.8187650237232,-80.745084984228,bcnh,1,""
2023,3,3as,3,,1538,1538,25.8188480045646,-80.744492970407,bcnh,2,""
2023,3,3as,3,,1560,1560,25.9303839784115,-80.7454350125044,bcnh,2,""
2023,3,3as,3,,1567,1567,25.9433849807828,-80.7429299969226,bcnh,1,""
2023,3,3as,3,,1569,1569,25.9479970391839,-80.7427509594708,bcnh,2,""
2023,3,3as,3,,1570,1570,25.9921339619904,-80.7444170303642,bcnh,2,""
2023,3,3as,3,,1575,1575,25.9721629880368,-80.7447939645498,bcnh,2,""
2023,3,3as,3,,1581,1581,25.9852300398051,-80.7350560370832,bcnh,2,""
2023,3,3as,3,,1583,1583,25.954969022423,-80.7331939972937,bcnh,2,""
2023,3,3as,3,,1586,1586,25.9770180378109,-80.737663982436,bcnh,2,""
2023,3,3as,3,,1601,1601,25.9123120084404,-80.7352380082011,bcnh,2,""
2023,3,3as,3,,1617,1617,25.7922490406781,-80.7319699879735,bcnh,1,""
2023,3,3as,3,,1623,1623,25.7699230033904,-80.7247469667345,bcnh,1,""
2023,3,3as,3,,1625,1625,25.792039996013,-80.7252180296927,bcnh,2,""
2023,3,3as,3,,1631,1631,25.8236410282552,-80.7246090006083,bcnh,2,""
2023,3,3as,3,,1638,1638,25.8520639780908,-80.7257809583097,bcnh,2,""
2023,3,3as,3,,1641,1641,25.8633910305798,-80.7269020378589,bcnh,2,""
2023,3,3as,3,,1656,1656,25.9242729842662,-80.7272020261734,bcnh,1,""
2023,3,3as,3,,1666,1666,25.9362379834055,-80.7125829812139,bcnh,2,""
2023,3,3as,3,,1668,1668,25.9297079779207,-80.7130180019885,bcnh,1,""
2023,3,3as,3,,1671,1671,25.907567013055,-80.7117240037769,bcnh,2,""
2023,3,3as,3,,1672,1672,25.9060959890484,-80.7122440170496,bcnh,2,""
2023,3,3as,3,,1682,1682,25.8618970401585,-80.7133619952946,bcnh,2,""
2023,3,3as,3,,1683,1683,25.8524300158023,-80.7159349881112,bcnh,2,""
2023,3,3as,3,,1692,1692,25.802909983322,-80.7135810144245,bcnh,2,""
2023,3,3as,3,,1703,1703,25.803768960759,-80.7056519854813,bcnh,2,""
2023,3,3as,3,,1707,1707,25.8106149639934,-80.7032680045813,bcnh,2,""
2023,3,3as,3,,1725,1725,25.9396840352565,-80.706065967679,bcnh,2,""
2023,3,3as,3,,1732,1732,26.0794540308415,-80.6926039606332,bcnh,2,""
2023,3,3as,3,,1733,1733,26.0743330232799,-80.6928119994699,bcnh,2,""
2023,3,3as,3,,1734,1734,26.0575299896299,-80.6945120170712,bcnh,2,""
2023,3,3as,3,,1743,1743,25.869930004701,-80.693576009944,bcnh,2,""
2023,3,3as,3,,1749,1749,25.8314679656177,-80.6931580044329,bcnh,2,""
2023,3,3as,3,,1750,1750,25.8269200287759,-80.6905690021812,bcnh,2,""
2023,3,3as,3,,1752,1752,25.7778100389987,-80.69379796274,bcnh,2,""
2023,3,3as,3,,1758,1758,25.8288440108299,-80.6856430415064,bcnh,2,""
2023,3,3as,3,,1764,1764,25.8423249609768,-80.6849070265889,bcnh,2,""
2023,3,3as,3,,1767,1767,25.8518359903246,-80.6845740135759,bcnh,2,""
2023,3,3as,3,,1775,1775,25.9000249765813,-80.6820330396294,bcnh,2,""
2023,3,3as,3,,1786,1786,26.0631769616156,-80.6848139874637,bcnh,2,""
2023,3,3as,3,,1802,1802,25.911517990753,-80.6723729800432,bcnh,2,""
2023,3,3as,3,,1809,1809,25.8320299722254,-80.6736610271036,bcnh,2,""
2023,3,3as,3,,1238,1238,25.9811229910701,-80.8114539831876,bcnh,1,""
2023,3,3as,3,,1254,1254,25.8663469925522,-80.8124700374901,bcnh,1,""
2023,3,3as,3,,1277,1277,25.8512790128588,-80.8022410143166,bcnh,1,""
2023,3,3as,3,,1328,1328,25.7699540164321,-80.7921229675412,bcnh,1,""
2023,3,3as,3,,1354,1354,25.8916210290044,-80.7834549900144,bcnh,1,""
2023,3,3as,3,,1359,1359,25.9131770208477,-80.7855760306119,bcnh,1,""
2023,3,3as,3,,1365,1365,25.955902012065,-80.7859480194747,bcnh,1,""
2023,3,3as,3,,1400,1400,25.8733159583061,-80.7757400348782,bcnh,1,""
2023,3,3as,3,,1439,1439,25.8668690174818,-80.7648790162056,bcnh,1,""
2023,3,3as,3,,1460,1460,25.9586879890412,-80.7629940100014,bcnh,1,""
2023,3,3as,3,,1480,1480,25.9392249584198,-80.754519989714,bcnh,1,""
2023,3,3as,3,,1495,1495,25.8672470413148,-80.756452018395,bcnh,1,""
2023,3,3as,3,,1500,1500,25.8562260121107,-80.7551020290702,bcnh,1,""
2023,3,3as,3,,1511,1511,25.8303100056946,-80.7525079976767,bcnh,1,""
2023,3,3as,3,,1516,1516,25.7867169845849,-80.7525609713047,bcnh,1,""
2023,3,3as,3,,1520,1520,25.7653569616377,-80.7437059935182,bcnh,1,""
2023,3,3as,3,,1531,1531,25.7924300059676,-80.7450890075415,bcnh,1,""
2023,3,3as,3,,1539,1539,25.8186149876564,-80.7424689922481,bcnh,1,""
2023,3,3as,3,,1541,1541,25.8271869923919,-80.7447239756584,bcnh,1,""
2023,3,3as,3,,1571,1571,25.9877479635179,-80.7429429888725,bcnh,1,""
2023,3,3as,3,,1591,1591,25.9469840023666,-80.7348930090665,bcnh,1,""
2023,3,3as,3,,1599,1599,25.9148639626801,-80.7348899915814,bcnh,1,""
2023,3,3as,3,,1609,1609,25.8163139875978,-80.7318310160189,bcnh,1,""
2023,3,3as,3,,1610,1610,25.8171599730849,-80.7336460333317,bcnh,1,""
2023,3,3as,3,,1611,1611,25.8100979682058,-80.7310359925031,bcnh,1,""
2023,3,3as,3,,1613,1613,25.8033790346235,-80.7328350003808,bcnh,1,""
2023,3,3as,3,,1620,1620,25.7692350167781,-80.7323800306767,bcnh,1,""
2023,3,3as,3,,1637,1637,25.8468080218881,-80.7259780168533,bcnh,1,""
2023,3,3as,3,,1643,1643,25.8674620371311,-80.725223980844,bcnh,1,""
2023,3,3as,3,,1647,1647,25.8818049822002,-80.724906977266,bcnh,1,""
2023,3,3as,3,,1648,1648,25.8928300347179,-80.7256239652633,bcnh,1,""
2023,3,3as,3,,1653,1653,25.9104610327631,-80.7231620326638,bcnh,1,""
2023,3,3as,3,,1661,1661,25.9496959671378,-80.7246830128133,bcnh,1,""
2023,3,3as,3,,1667,1667,25.9316189680248,-80.7122639659792,bcnh,1,""
2023,3,3as,3,,1670,1670,25.9075869619846,-80.7123369723558,bcnh,1,""
2023,3,3as,3,,1673,1673,25.8964269608259,-80.7138019613921,bcnh,1,""
2023,3,3as,3,,1688,1688,25.8235530182719,-80.7132910005748,bcnh,1,""
2023,3,3as,3,,1689,1689,25.8227409794926,-80.7151149865239,bcnh,1,""
2023,3,3as,3,,1690,1690,25.8190250303596,-80.7136710360646,bcnh,1,""
2023,3,3as,3,,1695,1695,25.7740820199251,-80.7147819735109,bcnh,1,""
2023,3,3as,3,,1702,1702,25.8023280277848,-80.703697996214,bcnh,1,""
2023,3,3as,3,,1704,1704,25.8061500079929,-80.7031150348484,bcnh,1,""
2023,3,3as,3,,1706,1706,25.8100620098412,-80.7028270326554,bcnh,1,""
2023,3,3as,3,,1711,1711,25.8328410051763,-80.7040070369839,bcnh,1,""
2023,3,3as,3,,1721,1721,25.8911740221083,-80.7020610105246,bcnh,1,""
2023,3,3as,3,,1741,1741,25.877840006724,-80.6945349834859,bcnh,1,""
2023,3,3as,3,,1742,1742,25.8747920114547,-80.6916960328817,bcnh,1,""
2023,3,3as,3,,1744,1744,25.8639139775186,-80.6928010191768,bcnh,1,""
2023,3,3as,3,,1747,1747,25.8448350057005,-80.6915129721164,bcnh,1,""
2023,3,3as,3,,1748,1748,25.8422129787504,-80.6922339834272,bcnh,1,""
2023,3,3as,3,,1751,1751,25.8129830192774,-80.6917129643261,bcnh,1,""
2023,3,3as,3,,1759,1759,25.8323459699749,-80.6833609845489,bcnh,1,""
2023,3,3as,3,,1760,1760,25.8336070273071,-80.6847969722002,bcnh,1,""
2023,3,3as,3,,1763,1763,25.8376640360802,-80.6856260262429,bcnh,1,""
2023,3,3as,3,,1769,1769,25.8728840388357,-80.6841740291565,bcnh,1,""
2023,3,3as,3,,1780,1780,25.9551820065826,-80.6851459946483,bcnh,1,""
2023,3,3as,3,,1781,1781,25.9652110375463,-80.6852050032466,bcnh,1,""
2023,3,3as,3,,1789,1789,26.0715189669281,-80.6759789586067,bcnh,1,""
2023,3,3as,3,,1791,1791,25.9963030368089,-80.6750250142067,bcnh,1,""
2023,3,3as,3,,1792,1792,25.9922209661453,-80.6718669645488,bcnh,1,""
2023,3,3as,3,,1793,1793,25.9778829663991,-80.6733710132539,bcnh,1,""
2023,3,3as,3,,1406,1406,25.8367589581757,-80.7764700148254,gbhe,1,""
2023,3,3as,3,,1544,1544,25.8392679970711,-80.7419089972972,gbhe,1,""
2023,3,3as,3,,1584,1584,25.9653060045093,-80.7380079757422,gbhe,1,""
2023,3,3as,3,,1436,1436,25.8585939835757,-80.7620770297944,gbhe,1,""
2023,3,3as,3,,1377,1377,25.9774559922516,-80.7729180157184,gbhe,1,""
2023,3,3as,3,,1542,1542,25.8301929943263,-80.7438179757446,gbhe,2,""
2023,3,3as,3,,1559,1559,25.9099499881267,-80.7469020131975,gbhe,1,""
2023,3,3as,3,,110,110,25.95763,-80.66022,gbhe,1,""
2023,3,3as,3,,1712,1712,25.8394229784607,-80.7040920294821,gbhe,1,""
2023,3,3as,3,,1289,1289,25.9391979686915,-80.8037469908595,gbhe,1,""
2023,3,3as,3,,1338,1338,25.8051399886608,-80.7820709701627,gbhe,1,""
2023,3,3as,3,,1368,1368,25.9623330272734,-80.7854839973151,gbhe,1,""
2023,3,3as,3,,1492,1492,25.8770429715514,-80.7555890176445,gbhe,1,""
2023,3,3as,3,,1504,1504,25.8479249943047,-80.7553929649293,gbhe,1,""
2023,3,3as,3,,1574,1574,25.9737899992614,-80.7435039896517,gbhe,1,""
2023,3,3as,3,,1717,1717,25.8637780230492,-80.7051380071789,gbhe,1,""
2023,3,3as,3,,1281,1281,25.8767689671367,-80.8033750019967,gbhe,1,""
2023,3,3as,3,,1319,1319,25.8585479669272,-80.7933919876813,gbhe,6,""
2023,3,3as,3,,1762,1762,25.8360040001571,-80.6862649787217,gbhe,4,""
2023,3,3as,3,,1590,1590,25.9505309723317,-80.7314740307629,gbhe,1,""
2023,3,3as,3,,1339,1339,25.8062019757926,-80.786043992266,gbhe,1,""
2023,3,3as,3,,1558,1558,25.901129040867,-80.7415439654141,gbhe,1,""
2023,3,3as,3,,1607,1607,25.8722040150314,-80.7335789781063,gbhe,1,""
2023,3,3as,3,,1509,1509,25.8377890102565,-80.7523650024086,gbhe,1,""
2023,3,3as,3,,1392,1392,25.918000973761,-80.7737990375608,gbhe,1,""
2023,3,3as,3,,1568,1568,25.9449249878525,-80.7424989994615,gbhe,1,""
2023,3,3as,3,,1397,1397,25.8772820234298,-80.7711879909038,gbhe,1,""
2023,3,3as,3,,1472,1472,25.9641489665955,-80.7532079704105,gbhe,1,""
2023,3,3as,3,,1708,1708,25.8133850153535,-80.7062689773738,gbhe,1,""
2023,3,3as,3,,1479,1479,25.9411040134727,-80.7546410243958,gbhe,1,""
2023,3,3as,3,,1526,1526,25.782086988911,-80.7455480005592,gbhe,2,""
2023,3,3as,3,,1801,1801,25.9227599669247,-80.6735109910368,gbhe,1,""
2023,3,3as,3,,1245,1245,25.9554669912904,-80.8111949823796,gbhe,2,""
2023,3,3as,3,,1348,1348,25.8726869802922,-80.7819549646228,gbhe,1,""
2023,3,3as,3,,1445,1445,25.9119690209627,-80.7653459720313,gbhe,1,""
2023,3,3as,3,,1497,1497,25.8622489962726,-80.7542060036212,gbhe,1,""
2023,3,3as,3,,1532,1532,25.8021049853414,-80.746240010485,gbhe,3,""
2023,3,3as,3,,1654,1654,25.9060799796134,-80.7209590170532,gbhe,2,""
2023,3,3as,3,,1736,1736,25.9684059675782,-80.6958780158311,gbhe,1,""
2023,3,3as,3,,1779,1779,25.9268639981746,-80.6863479595631,gbhe,1,""
2023,3,3as,3,,1594,1594,25.9373049996793,-80.73346699588,gbhe,1,""
2023,3,3as,3,,1394,1394,25.8994959946721,-80.7721570227295,gbhe,1,""
2023,3,3as,3,,1535,1535,25.8109929878264,-80.7437869627028,gbhe,1,""
2023,3,3as,3,,1626,1626,25.7963499706238,-80.7268100045621,gbhe,1,""
2023,3,3as,3,,1726,1726,25.939823007211,-80.7071270328015,gbhe,1,""
2023,3,3as,3,,1430,1430,25.8484699856489,-80.7653629872947,gbhe,1,""
2023,3,3as,3,,1499,1499,25.8596419729292,-80.7546810060739,gbhe,1,""
2023,3,3as,3,,1510,1510,25.8363230153918,-80.7556180190294,gbhe,1,""
2023,3,3as,3,,1274,1274,25.8010590076446,-80.8035269659012,gbhe,1,""
2023,3,3as,3,,1782,1782,25.9764149598777,-80.6856570392847,gbhe,1,""
2023,3,3as,3,,1308,1308,25.9310790058225,-80.795404985547,gbhe,1,""
2023,3,3as,3,,1344,1344,25.8408700302243,-80.7825639937072,gbhe,1,""
2023,3,3as,3,,1561,1561,25.9317229874432,-80.7430699747055,gbhe,1,""
2023,3,3as,3,,1716,1716,25.8632559981197,-80.7039580028504,gbhe,1,""
2023,3,3as,3,,1755,1755,25.7928360253572,-80.6851579807698,gbhe,1,""
2023,3,3as,3,,1272,1272,25.7744150329381,-80.8045199699699,gbhe,1,""
2023,3,3as,3,,1275,1275,25.8049600291997,-80.8071170188486,gbhe,4,""
2023,3,3as,3,,1333,1333,25.7772949710488,-80.7835180219262,gbhe,1,""
2023,3,3as,3,,1429,1429,25.8474440407007,-80.765139022842,gbhe,1,""
2023,3,3as,3,,1512,1512,25.8308460284024,-80.7562090270221,gbhe,1,""
2023,3,3as,3,,1634,1634,25.838302988559,-80.7217800244688,gbhe,1,""
2023,3,3as,3,,1646,1646,25.8821179624646,-80.7231910340487,gbhe,1,""
2023,3,3as,3,,1756,1756,25.7969519589096,-80.6827950384467,gbhe,1,""
2023,3,3as,3,,1761,1761,25.8355590049177,-80.685124034062,gbhe,1,""
2023,3,3as,3,,1773,1773,25.8902840316295,-80.6862659845501,gbhe,1,""
2023,3,3as,3,,1806,1806,25.8567379787564,-80.6714979931712,gbhe,1,""
2023,3,3as,3,,1807,1807,25.8509969618171,-80.6735730171203,gbhe,2,""
2023,3,3as,3,,1260,1260,25.7955360040068,-80.8139780256897,gbhe,3,""
2023,3,3as,3,,1259,1259,25.8101210184395,-80.8149110153317,gbhe,2,""
2023,3,3as,3,,1228,1228,25.8251090347766,-80.8248470071703,gbhe,3,""
2023,3,3as,3,,1247,1247,25.8867430128157,-80.8135340362787,gbhe,2,""
2023,3,3as,3,,1251,1251,25.8732939977198,-80.816774982959,gbhe,2,""
2023,3,3as,3,,1262,1262,25.7853700127452,-80.8133959863334,gbhe,2,""
2023,3,3as,3,,1279,1279,25.8727080188691,-80.8069919608533,gbhe,1,""
2023,3,3as,3,,1357,1357,25.9099019598215,-80.7814050279557,gbhe,1,""
2023,3,3as,3,,1393,1393,25.9150849934667,-80.7738209981471,gbhe,3,""
2023,3,3as,3,,1408,1408,25.8173339813947,-80.7732510287314,gbhe,1,""
2023,3,3as,3,,1421,1421,25.8032679744064,-80.7650210056453,gbhe,1,""
2023,3,3as,3,,1435,1435,25.8560140337795,-80.7633749675005,gbhe,1,""
2023,3,3as,3,,1496,1496,25.8663220144808,-80.7540080230683,gbhe,1,""
2023,3,3as,3,,1524,1524,25.775546003133,-80.7448750175535,gbhe,2,""
2023,3,3as,3,,1592,1592,25.9472499601542,-80.7354489807039,gbhe,1,""
2023,3,3as,3,,1655,1655,25.9144909679889,-80.7238849718123,gbhe,1,""
2023,3,3as,3,,1776,1776,25.9015690069645,-80.6844969838857,gbhe,1,""
2023,3,3as,3,,1222,1222,25.7826120313256,-80.8242900297045,gbhe,2,""
2023,3,3as,3,,1232,1232,25.854693967849,-80.8236850239336,gbhe,2,""
2023,3,3as,3,,1242,1242,25.9712979756295,-80.8139470126479,gbhe,2,""
2023,3,3as,3,,1225,1225,25.804545963183,-80.821391986683,gbhe,1,""
2023,3,3as,3,,1261,1261,25.7902809698134,-80.8141900040209,gbhe,2,""
2023,3,3as,3,,1325,1325,25.7803159765899,-80.7927729841321,gbhe,2,""
2023,3,3as,3,,1335,1335,25.8003799896687,-80.7831610366702,gbhe,2,""
2023,3,3as,3,,1381,1381,25.9580330271273,-80.7727279979735,gbhe,2,""
2023,3,3as,3,,1417,1417,25.7801780104637,-80.7644930295646,gbhe,1,""
2023,3,3as,3,,1420,1420,25.7895629759877,-80.761973010376,gbhe,2,""
2023,3,3as,3,,1514,1514,25.7985259965062,-80.7528570201247,gbhe,1,""
2023,3,3as,3,,1528,1528,25.7842549681663,-80.7437430415302,gbhe,1,""
2023,3,3as,3,,1567,1567,25.9433849807828,-80.7429299969226,gbhe,1,""
2023,3,3as,3,,1578,1578,25.9657390136271,-80.7416019681841,gbhe,1,""
2023,3,3as,3,,1600,1600,25.9143740404397,-80.7339860033243,gbhe,2,""
2023,3,3as,3,,1615,1615,25.7931169867515,-80.7317119929939,gbhe,1,""
2023,3,3as,3,,1623,1623,25.7699230033904,-80.7247469667345,gbhe,1,""
2023,3,3as,3,,1658,1658,25.9196839760988,-80.723796961829,gbhe,2,""
2023,3,3as,3,,1668,1668,25.9297079779207,-80.7130180019885,gbhe,1,""
2023,3,3as,3,,1219,1219,25.7768619619309,-80.8220979943871,gbhe,1,""
2023,3,3as,3,,1221,1221,25.7790959905833,-80.825441032648,gbhe,1,""
2023,3,3as,3,,1223,1223,25.8056790288537,-80.8236300386488,gbhe,1,""
2023,3,3as,3,,1231,1231,25.8539799973368,-80.823456030339,gbhe,1,""
2023,3,3as,3,,1264,1264,25.7712389621883,-80.8157580066472,gbhe,1,""
2023,3,3as,3,,1265,1265,25.7702209800481,-80.8158480282872,gbhe,1,""
2023,3,3as,3,,1268,1268,25.7703239936381,-80.8115930389612,gbhe,1,""
2023,3,3as,3,,1269,1269,25.7663639634847,-80.8142470009624,gbhe,1,""
2023,3,3as,3,,1287,1287,25.9240800328552,-80.8053760137408,gbhe,1,""
2023,3,3as,3,,1451,1451,25.933998003602,-80.7625319994986,gbhe,1,""
2023,3,3as,3,,1491,1491,25.8753449656069,-80.7557610142976,gbhe,1,""
2023,3,3as,3,,1494,1494,25.8672710135579,-80.7558809593319,gbhe,1,""
2023,3,3as,3,,1678,1678,25.8688000403344,-80.7150539662688,gbhe,1,""
2023,3,3as,3,,1679,1679,25.8690199814736,-80.7137720379978,gbhe,1,""
2023,3,3as,3,,1680,1680,25.8660490158945,-80.7132859714329,gbhe,1,""
2023,3,3as,3,,1713,1713,25.8435539994388,-80.7046699617058,gbhe,1,""
2023,3,3as,3,,1812,1812,25.8117419946938,-80.6725999619811,gbhe,1,""
2023,3,3as,3,,1216,1216,25.7734650280326,-80.8258349820971,gbhe,1,""
2023,3,3as,3,,1217,1217,25.7759930100291,-80.8247729949653,gbhe,1,""
2023,3,3as,3,,1218,1218,25.775529993698,-80.8237300347536,gbhe,1,""
2023,3,3as,3,,1220,1220,25.7763219997286,-80.8225009962916,gbhe,1,""
2023,3,3as,3,,1224,1224,25.8066560234874,-80.8238290250301,gbhe,1,""
2023,3,3as,3,,1226,1226,25.8087960071861,-80.8231049962341,gbhe,1,""
2023,3,3as,3,,1227,1227,25.8154779765754,-80.8253049943596,gbhe,1,""
2023,3,3as,3,,1229,1229,25.8213759865611,-80.8255830220878,gbhe,1,""
2023,3,3as,3,,1230,1230,25.8278579637408,-80.8255510032176,gbhe,1,""
2023,3,3as,3,,1250,1250,25.8811960369348,-80.8144859690219,gbhe,1,""
2023,3,3as,3,,1252,1252,25.8727309852838,-80.8112209662795,gbhe,1,""
2023,3,3as,3,,1255,1255,25.8652890287339,-80.812054965645,gbhe,1,""
2023,3,3as,3,,1263,1263,25.7814399898052,-80.8133819885551,gbhe,1,""
2023,3,3as,3,,1266,1266,25.7728809770196,-80.8130020368844,gbhe,1,""
2023,3,3as,3,,1276,1276,25.8435840066522,-80.8020499907433,gbhe,1,""
2023,3,3as,3,,1284,1284,25.8851360343396,-80.80356602557,gbhe,1,""
2023,3,3as,3,,1320,1320,25.8099249657243,-80.7934430334717,gbhe,1,""
2023,3,3as,3,,1321,1321,25.8078819606453,-80.7925950363278,gbhe,1,""
2023,3,3as,3,,1322,1322,25.7981830090284,-80.7948230300098,gbhe,1,""
2023,3,3as,3,,1323,1323,25.7920590229332,-80.7968959584832,gbhe,1,""
2023,3,3as,3,,1324,1324,25.7915919832885,-80.7963069621473,gbhe,1,""
2023,3,3as,3,,1326,1326,25.7722939923405,-80.7923330180346,gbhe,1,""
2023,3,3as,3,,1327,1327,25.7694520242512,-80.7942929584532,gbhe,1,""
2023,3,3as,3,,1334,1334,25.7928770128637,-80.784038035199,gbhe,1,""
2023,3,3as,3,,1336,1336,25.8006330393254,-80.7834440097212,gbhe,1,""
2023,3,3as,3,,1337,1337,25.803768960759,-80.7823130395263,gbhe,1,""
2023,3,3as,3,,1340,1340,25.8245450165122,-80.7868700288236,gbhe,1,""
2023,3,3as,3,,1341,1341,25.8277879748493,-80.7847479823976,gbhe,1,""
2023,3,3as,3,,1353,1353,25.8871999941766,-80.7816439960151,gbhe,1,""
2023,3,3as,3,,1360,1360,25.9240460023283,-80.7859729975461,gbhe,1,""
2023,3,3as,3,,1384,1384,25.9578829910606,-80.7741550169885,gbhe,1,""
2023,3,3as,3,,1391,1391,25.9254020266234,-80.7723120041191,gbhe,1,""
2023,3,3as,3,,1410,1410,25.813270015642,-80.7739779911935,gbhe,1,""
2023,3,3as,3,,1412,1412,25.7861190196126,-80.7743629720062,gbhe,1,""
2023,3,3as,3,,1413,1413,25.7843680400401,-80.7749480288475,gbhe,1,""
2023,3,3as,3,,1418,1418,25.7816129922866,-80.7636819966137,gbhe,1,""
2023,3,3as,3,,1422,1422,25.8018260356038,-80.7625050097703,gbhe,1,""
2023,3,3as,3,,1423,1423,25.8240310382097,-80.7637099921703,gbhe,1,""
2023,3,3as,3,,1452,1452,25.9355749748647,-80.7635970041155,gbhe,1,""
2023,3,3as,3,,1453,1453,25.9436399582773,-80.7635410130023,gbhe,1,""
2023,3,3as,3,,1475,1475,25.9564829617738,-80.7540699653327,gbhe,1,""
2023,3,3as,3,,1493,1493,25.869893040508,-80.755593040958,gbhe,1,""
2023,3,3as,3,,1527,1527,25.7825130410492,-80.7433279696851,gbhe,1,""
2023,3,3as,3,,1529,1529,25.7877799775451,-80.7431579846888,gbhe,1,""
2023,3,3as,3,,1540,1540,25.8230589888989,-80.7448399811983,gbhe,1,""
2023,3,3as,3,,1596,1596,25.9176790248602,-80.733104981482,gbhe,1,""
2023,3,3as,3,,1614,1614,25.7990160025656,-80.7347889896482,gbhe,1,""
2023,3,3as,3,,1627,1627,25.7920799776911,-80.7225290313363,gbhe,1,""
2023,3,3as,3,,1640,1640,25.8628870267421,-80.7279709819704,gbhe,1,""
2023,3,3as,3,,1651,1651,25.8989739697426,-80.727007985115,gbhe,1,""
2023,3,3as,3,,1687,1687,25.8299530204385,-80.7123959809541,gbhe,1,""
2023,3,3as,3,,1701,1701,25.7947650365531,-80.7042210269719,gbhe,1,""
2023,3,3as,3,,1705,1705,25.8096699882298,-80.7059580087661,gbhe,1,""
2023,3,3as,3,,1709,1709,25.8158720098435,-80.7027719635516,gbhe,1,""
2023,3,3as,3,,1715,1715,25.8495110180228,-80.7040790375322,gbhe,1,""
2023,3,3as,3,,1774,1774,25.8991879597306,-80.683179013431,gbhe,1,""
2023,3,3as,3,,326,326,25.9984929766505,-80.8055849745869,greg,1,""
2023,3,3as,3,,110,110,25.95763,-80.66022,greg,16,""
2023,3,3as,3,,1717,1717,25.8637780230492,-80.7051380071789,greg,2,""
2023,3,3as,3,,1522,1522,25.7721150387078,-80.745669035241,greg,1,""
2023,3,3as,3,,109,109,25.820058,-80.707108,greg,5,""
2023,3,3as,3,,map,Map,25.951839,-80.599944,greg,4,""
2023,3,3as,3,,1810,1810,25.8281029667705,-80.6754519883543,greg,2,""
2023,3,3as,3,,1286,1286,25.9085150063037,-80.8039530180394,lbhe,25,""
2023,3,3as,3,,326,326,25.9984929766505,-80.8055849745869,lbhe,17,""
2023,3,3as,3,,1574,1574,25.9737899992614,-80.7435039896517,lbhe,2,""
2023,3,3as,3,,1310,1310,25.9215730056166,-80.7918389886617,lbhe,8,""
2023,3,3as,3,,1286,1286,25.9085150063037,-80.8039530180394,sneg,3,""
2023,3,3as,3,,1574,1574,25.9737899992614,-80.7435039896517,sneg,1,""
2023,3,3as,3,,1286,1286,25.9085150063037,-80.8039530180394,trhe,3,""
2023,3,3as,3,,1305,1305,25.9379789885133,-80.7964920345693,trhe,1,""
2023,3,3as,3,,1574,1574,25.9737899992614,-80.7435039896517,trhe,2,""
2023,3,3as,3,,1693,1693,25.8026860188692,-80.7149859890341,trhe,1,""
2023,3,3as,3,,326,326,25.9984929766505,-80.8055849745869,whib,2,""
2023,3,3as,3,,1798,1798,25.9453800413757,-80.6751659978181,ycnh,1,""
2023,3,3as,3,,1526,1526,25.782086988911,-80.7455480005592,ycnh,4,""
2023,3,3as,3,,1578,1578,25.9657390136271,-80.7416019681841,ycnh,1,""
2023,3,3b,3,,81,81,25.843642,-80.63051,gbhe,1,""
2023,3,3b,3,,ganga,Ganga,25.9234666666667,-80.5185833333333,gbhe,1,""
2023,3,3b,3,,111,111,25.790751,-80.668392,gbhe,1,""
2023,3,3b,3,,6,6,25.926399,-80.54337,gbhe,2,""
2023,3,3b,3,,81,81,25.843642,-80.63051,greg,36,""
2023,3,3b,3,,ganga,Ganga,25.9234666666667,-80.5185833333333,greg,7,""
2023,3,3b,3,,111,111,25.790751,-80.668392,greg,2,""
2024,1,1,1,,95,95,26.504383,-80.312849,gbhe,2,""
2024,1,1,1,,121,121,26.610083,-80.325487,gbhe,6,""
2024,1,1,1,,55,55,26.541167,-80.261954,greg,14,""
2024,1,1,1,,95,95,26.504383,-80.312849,greg,36,""
2024,1,1,1,,121,121,26.610083,-80.325487,greg,18,""
2024,1,1,1,,ymir,Ymir,26.57228,-80.2722,greg,32,""
2024,1,1,1,,121,121,26.610083,-80.325487,rosp,1,""
2024,2,2a,2a,,87,87,26.298138,-80.475412,gbhe,4,""
2024,2,2a,2a,,94,94,26.261856,-80.374889,gbhe,2,""
2024,2,2a,2a,,124,124,26.289463,-80.395447,gbhe,3,""
2024,2,2a,2a,,87,87,26.298138,-80.475412,greg,10,""
2024,2,2a,2a,,94,94,26.261856,-80.374889,greg,25,""
2024,2,2a,2a,,128,128,26.266802,-80.393304,greg,7,""
2024,2,2a,2a,,thor,Thor,26.272075,-80.327167,greg,12,""
2024,2,2b,2b,,123,123,26.152664,-80.349011,anhi,1,"1s indicate presence"
2024,2,2b,2b,,127,127,26.141,-80.386622,gbhe,1,""
2024,2,2b,2b,,123,123,26.152664,-80.349011,greg,16,"1s indicate presence"
2024,2,2b,2b,,127,127,26.141,-80.386622,greg,7,""
2024,3,3an,3an,,119,119,26.167736,-80.777884,gbhe,1,""
2024,3,3an,3an,,119,119,26.167736,-80.777884,greg,16,""
2024,3,3as,3as,,2073,2073,25.8880159724503,-80.67235001,anhi,4,""
2024,3,3as,3as,,1328,1328,25.9774079639464,-80.77285197,anhi,2,""
2024,3,3as,3as,,1936,1936,25.940933022648,-80.75445704,anhi,3,""
2024,3,3as,3as,,1951,1951,25.8532899990677,-80.75741803,anhi,2,""
2024,3,3as,3as,,1377,1377,25.8449560403823,-80.72152999,anhi,17,""
2024,3,3as,3as,,1383,1383,25.9104089811444,-80.72310504,anhi,1,""
2024,3,3as,3as,,2076,2076,25.8569849934428,-80.671484,anhi,2,""
2024,3,3as,3as,,1849,1849,25.7742680143564,-80.80478702,anhi,1,""
2024,3,3as,3as,,1326,1326,25.9579979907721,-80.77267603,anhi,4,""
2024,3,3as,3as,,1353,1353,25.8407970238476,-80.78554703,anhi,2,""
2024,3,3as,3as,,1933,1933,25.9565940219908,-80.75263599,anhi,1,""
2024,3,3as,3as,,1935,1935,25.9533479623496,-80.75101702,anhi,3,""
2024,3,3as,3as,,1939,1939,25.9006259590387,-80.75514796,anhi,1,""
2024,3,3as,3as,,1945,1945,25.8664350025355,-80.75390099,anhi,2,""
2024,3,3as,3as,,1948,1948,25.8623199909925,-80.754306,anhi,3,""
2024,3,3as,3as,,941,941,25.9423929825425,-80.74707602,anhi,4,""
2024,3,3as,3as,,1414,1414,25.8705709688365,-80.71611797,anhi,2,""
2024,3,3as,3as,,1976,1976,25.8269269857555,-80.705842,anhi,1,""
2024,3,3as,3as,1980,1980,1980,25.8463979791849,-80.70336498,anhi,4,""
2024,3,3as,3as,,2020,2020,25.8355470187962,-80.68534297,anhi,3,""
2024,3,3as,3as,,2028,2028,25.8556090202182,-80.68613003,anhi,1,""
2024,3,3as,3as,,2034,2034,25.9190560039132,-80.682817,anhi,4,""
2024,3,3as,3as,,2082,2082,25.8124360162764,-80.67638397,anhi,1,""
2024,3,3as,3as,,1851,1851,25.7838389743119,-80.80614799,anhi,1,""
2024,3,3as,3as,,1874,1874,25.8764259796589,-80.79389197,anhi,3,""
2024,3,3as,3as,,1883,1883,25.7665010076016,-80.79646898,anhi,1,""
2024,3,3as,3as,,1308,1308,25.837016031146,-80.776827,anhi,3,""
2024,3,3as,3as,,1320,1320,25.9180709626525,-80.773405,anhi,2,""
2024,3,3as,3as,,1355,1355,25.8354300074279,-80.78204197,anhi,1,""
2024,3,3as,3as,,1891,1891,25.7862910162657,-80.76212497,anhi,3,""
2024,3,3as,3as,,1899,1899,25.8287870138883,-80.76614996,anhi,3,""
2024,3,3as,3as,,1916,1916,25.974410008639,-80.764158,anhi,1,""
2024,3,3as,3as,,1938,1938,25.9202179871499,-80.75657398,anhi,1,""
2024,3,3as,3as,,1941,1941,25.8965319860726,-80.75498602,anhi,4,""
2024,3,3as,3as,,1947,1947,25.8696010150015,-80.75559396,anhi,1,""
2024,3,3as,3as,,1952,1952,25.8542379923164,-80.75778902,anhi,2,""
2024,3,3as,3as,,1961,1961,25.7785029709339,-80.75421003,anhi,1,""
2024,3,3as,3as,,913,913,25.7772839907556,-80.74260998,anhi,1,""
2024,3,3as,3as,,915,915,25.782041978091,-80.74575101,anhi,1,""
2024,3,3as,3as,,921,921,25.802014041692,-80.74620397,anhi,4,""
2024,3,3as,3as,,925,925,25.8275090251117,-80.74473697,anhi,1,""
2024,3,3as,3as,968,968,968,25.8033210318535,-80.73232404,anhi,3,""
2024,3,3as,3as,,1375,1375,25.8432629797607,-80.72397499,anhi,3,""
2024,3,3as,3as,,1379,1379,25.8797169663012,-80.72516497,anhi,4,""
2024,3,3as,3as,,1384,1384,25.906042009592,-80.72083698,anhi,8,""
2024,3,3as,3as,,1387,1387,25.9266449790447,-80.72710002,anhi,1,""
2024,3,3as,3as,,1423,1423,25.8046629745513,-80.71297098,anhi,1,""
2024,3,3as,3as,,1977,1977,25.8394919615238,-80.70410703,anhi,7,""
2024,3,3as,3as,,1979,1979,25.8445249591022,-80.70704204,anhi,1,""
2024,3,3as,3as,,1982,1982,25.8540260139852,-80.70307103,anhi,1,""
2024,3,3as,3as,,1993,1993,25.9393149800598,-80.70792801,anhi,6,""
2024,3,3as,3as,,1995,1995,25.9875809960067,-80.70643201,anhi,1,""
2024,3,3as,3as,,2003,2003,25.980070978403,-80.69559303,anhi,3,""
2024,3,3as,3as,2013,2013,2013,25.83278602,-80.69484402,anhi,1,""
2024,3,3as,3as,,2022,2022,25.8375490363687,-80.68569903,anhi,1,""
2024,3,3as,3as,,2025,2025,25.8471840340644,-80.68534599,anhi,5,""
2024,3,3as,3as,,2030,2030,25.8904029708355,-80.68561496,anhi,2,""
2024,3,3as,3as,,2047,2047,26.0013849847018,-80.68462104,anhi,1,""
2024,3,3as,3as,,2051,2051,26.0158300213515,-80.68470301,anhi,8,""
2024,3,3as,3as,,2065,2065,25.9558259882032,-80.67390402,anhi,8,""
2024,3,3as,3as,,2074,2074,25.8865649811923,-80.671615,anhi,1,""
2024,3,3as,3as,,2075,2075,25.8586300257593,-80.67562298,anhi,1,""
2024,3,3as,3as,,2081,2081,25.812670039013,-80.67475797,anhi,1,""
2024,3,3as,3as,,2083,2083,25.8114460296928,-80.67291797,anhi,2,""
2024,3,3as,3as,1844,1844,1844,25.7781129609793,-80.81290699,anhi,2,""
2024,3,3as,3as,,1850,1850,25.7774569932371,-80.80545598,anhi,1,""
2024,3,3as,3as,,1856,1856,25.8727350085973,-80.806696,anhi,2,""
2024,3,3as,3as,1882,1882,1882,25.7721079979091,-80.79116098,anhi,1,""
2024,3,3as,3as,,1301,1301,25.7869599759578,-80.77575303,anhi,2,""
2024,3,3as,3as,,1303,1303,25.7899779640138,-80.77198796,anhi,1,""
2024,3,3as,3as,,1310,1310,25.8552699722349,-80.77386601,anhi,1,""
2024,3,3as,3as,,1317,1317,25.8993590343743,-80.77212802,anhi,2,""
2024,3,3as,3as,,1321,1321,25.9289800096303,-80.77517602,anhi,2,""
2024,3,3as,3as,,1323,1323,25.9322610218077,-80.775863,anhi,1,""
2024,3,3as,3as,,1337,1337,25.9838649630546,-80.784766,anhi,1,""
2024,3,3as,3as,,1361,1361,25.7749959826469,-80.785715,anhi,3,""
2024,3,3as,3as,,1363,1363,25.7719069998711,-80.78454103,anhi,5,""
2024,3,3as,3as,,1364,1364,25.7677370030432,-80.78534704,anhi,2,""
2024,3,3as,3as,,1886,1886,25.7759200036525,-80.76274599,anhi,1,""
2024,3,3as,3as,,1887,1887,25.7783159706741,-80.76265999,anhi,1,""
2024,3,3as,3as,,1890,1890,25.7879470288753,-80.76607998,anhi,1,""
2024,3,3as,3as,,1904,1904,25.8630430139601,-80.76520599,anhi,1,""
2024,3,3as,3as,,1909,1909,25.9119980223476,-80.76525,anhi,2,""
2024,3,3as,3as,,1934,1934,25.9540719911456,-80.75088199,anhi,1,""
2024,3,3as,3as,,1959,1959,25.8192039839923,-80.75546999,anhi,1,""
2024,3,3as,3as,,917,917,25.784796020016,-80.74353199,anhi,1,""
2024,3,3as,3as,,926,926,25.830097021535,-80.74399601,anhi,1,""
2024,3,3as,3as,,928,928,25.8392030373215,-80.74201503,anhi,1,""
2024,3,3as,3as,,929,929,25.8386929985135,-80.74234301,anhi,1,""
2024,3,3as,3as,,932,932,25.866785030812,-80.74500804,anhi,1,""
2024,3,3as,3as,,933,933,25.8738280087709,-80.74361002,anhi,1,""
2024,3,3as,3as,,940,940,25.9395319875329,-80.74560198,anhi,5,""
2024,3,3as,3as,,946,946,25.9724029619246,-80.74467796,anhi,4,""
2024,3,3as,3as,,965_helios,965/Helios,25.9379779826849,-80.73648004,anhi,1,""
2024,3,3as,3as,,972,972,25.7843849714845,-80.73178701,anhi,1,""
2024,3,3as,3as,,1376,1376,25.8434899616986,-80.72359798,anhi,1,""
2024,3,3as,3as,,1385,1385,25.9145590290427,-80.723948,anhi,1,""
2024,3,3as,3as,,1388,1388,25.9419710375368,-80.72430599,anhi,1,""
2024,3,3as,3as,,1406,1406,26.0070809908211,-80.71521297,anhi,1,""
2024,3,3as,3as,,1416,1416,25.8599950186908,-80.71231199,anhi,1,""
2024,3,3as,3as,,1420,1420,25.808679,-80.713565,anhi,2,""
2024,3,3as,3as,,1422,1422,25.808283034712,-80.71463596,anhi,1,""
2024,3,3as,3as,,1974,1974,25.8222779631614,-80.70806899,anhi,1,""
2024,3,3as,3as,,1978,1978,25.8439630363136,-80.70459997,anhi,3,""
2024,3,3as,3as,,1992,1992,25.9332729689776,-80.70337404,anhi,2,""
2024,3,3as,3as,,2002,2002,26.0198160354048,-80.69239098,anhi,1,""
2024,3,3as,3as,,2009,2009,25.8699070382863,-80.69437397,anhi,1,""
2024,3,3as,3as,,2029,2029,25.8741699904203,-80.68431803,anhi,8,""
2024,3,3as,3as,,2035,2035,25.926732989028,-80.68700703,anhi,1,""
2024,3,3as,3as,,2060,2060,26.0086100175976,-80.67424801,anhi,2,""
2024,3,3as,3as,,2067,2067,25.93693703413,-80.67479803,anhi,2,""
2024,3,3as,3as,,2079,2079,25.8414069749414,-80.67343597,anhi,1,""
2024,3,3as,3as,,2087,2087,25.7713180035352,-80.69440196,anhi,1,""
2024,3,3as,3as,,1377,1377,25.8449560403823,-80.72152999,bcnh,1,""
2024,3,3as,3as,,2034,2034,25.9190560039132,-80.682817,bcnh,1,""
2024,3,3as,3as,,1372,1372,25.8164040092378,-80.72237698,bcnh,4,""
2024,3,3as,3as,,1374,1374,25.8306850120425,-80.72300697,bcnh,1,""
2024,3,3as,3as,,1395,1395,26.1015369929373,-80.727528,bcnh,8,""
2024,3,3as,3as,,1977,1977,25.8394919615238,-80.70410703,bcnh,1,""
2024,3,3as,3as,,1995,1995,25.9875809960067,-80.70643201,bcnh,3,""
2024,3,3as,3as,,2003,2003,25.980070978403,-80.69559303,bcnh,2,""
2024,3,3as,3as,,2019,2019,25.8140129875391,-80.68581797,bcnh,1,""
2024,3,3as,3as,,2070,2070,25.9225579630583,-80.67342801,bcnh,1,""
2024,3,3as,3as,,2062,2062,25.9922839980572,-80.67179496,bcnh,1,""
2024,3,3as,3as,,1296,1296,25.9936990309506,-80.82479001,bcnh,1,""
2024,3,3as,3as,,1826,1826,25.9729600232094,-80.81508997,bcnh,1,""
2024,3,3as,3as,,1918,1918,26.0460789687931,-80.76195499,bcnh,1,""
2024,3,3as,3as,,1920,1920,26.087722023949,-80.76236,bcnh,1,""
2024,3,3as,3as,,1921,1921,26.0911140125244,-80.76468598,bcnh,6,""
2024,3,3as,3as,,1929,1929,26.0267750266939,-80.755112,bcnh,1,""
2024,3,3as,3as,,1930,1930,26.0233869776129,-80.75261696,bcnh,1,""
2024,3,3as,3as,,1937,1937,25.9221960324794,-80.75521401,bcnh,1,""
2024,3,3as,3as,,1940,1940,25.8982770144939,-80.75459501,bcnh,1,""
2024,3,3as,3as,,1950,1950,25.8579589705914,-80.75445503,bcnh,1,""
2024,3,3as,3as,,916,916,25.7814450189471,-80.74142796,bcnh,1,""
2024,3,3as,3as,,922,922,25.8109929878264,-80.74374204,bcnh,1,""
2024,3,3as,3as,,928,928,25.8392030373215,-80.74201503,bcnh,1,""
2024,3,3as,3as,,929,929,25.8386929985135,-80.74234301,bcnh,1,""
2024,3,3as,3as,,958,958,26.0226119868457,-80.73445296,bcnh,2,""
2024,3,3as,3as,,1370,1370,25.7920529879629,-80.72527402,bcnh,1,""
2024,3,3as,3as,,1389,1389,25.9667020104825,-80.723861,bcnh,1,""
2024,3,3as,3as,,1394,1394,26.0968439653515,-80.72352396,bcnh,10,""
2024,3,3as,3as,,1396,1396,26.1197050195187,-80.724624,bcnh,1,""
2024,3,3as,3as,,1968,1968,25.7877199631184,-80.70478404,bcnh,1,""
2024,3,3as,3as,,1971,1971,25.8088909741491,-80.702663,bcnh,1,""
2024,3,3as,3as,,1972,1972,25.8124960307031,-80.70388298,bcnh,1,""
2024,3,3as,3as,,1973,1973,25.8176909666508,-80.70480097,bcnh,1,""
2024,3,3as,3as,,1994,1994,25.9774859994649,-80.70323196,bcnh,4,""
2024,3,3as,3as,,1998,1998,26.0281960107386,-80.70478002,bcnh,1,""
2024,3,3as,3as,,2004,2004,25.9513389877974,-80.69260899,bcnh,2,""
2024,3,3as,3as,,2010,2010,25.8546000067144,-80.69391397,bcnh,1,""
2024,3,3as,3as,,2011,2011,25.8501389902085,-80.69347702,bcnh,1,""
2024,3,3as,3as,,2012,2012,25.8479430153965,-80.69264201,bcnh,2,""
2024,3,3as,3as,,2014,2014,25.8309099823236,-80.69357199,bcnh,1,""
2024,3,3as,3as,,2018,2018,25.8081299811601,-80.68539896,bcnh,1,""
2024,3,3as,3as,,2033,2033,25.9090750012546,-80.68578503,bcnh,1,""
2024,3,3as,3as,,2037,2037,25.9430119860917,-80.68310299,bcnh,1,""
2024,3,3as,3as,,2040,2040,25.9547429624944,-80.68420496,bcnh,1,""
2024,3,3as,3as,,2048,2048,25.998732028529,-80.68466596,bcnh,1,""
2024,3,3as,3as,,2050,2050,25.9917700197547,-80.68367003,bcnh,1,""
2024,3,3as,3as,,2052,2052,26.0166719835251,-80.685003,bcnh,2,""
2024,3,3as,3as,,2053,2053,26.0727599915117,-80.68512504,bcnh,1,""
2024,3,3as,3as,,2054,2054,26.0943589825183,-80.68672297,bcnh,11,""
2024,3,3as,3as,,2055,2055,26.1152170132845,-80.68181997,bcnh,4,""
2024,3,3as,3as,,2058,2058,26.0714830085635,-80.67575801,bcnh,1,""
2024,3,3as,3as,,2059,2059,26.007582983002,-80.67395599,bcnh,4,""
2024,3,3as,3as,,2061,2061,26.0035959631204,-80.67305602,bcnh,5,""
2024,3,3as,3as,,2063,2063,25.9885790292173,-80.67097496,bcnh,2,""
2024,3,3as,3as,,2077,2077,25.8442940376698,-80.67367301,bcnh,6,""
2024,3,3as,3as,,59,59,26.019337,-80.611056,gbhe,4,""
2024,3,3as,3as,,izanaki,Izanaki,25.979419,-80.654814,gbhe,1,""
2024,3,3as,3as,,1854,1854,25.8010989893227,-80.803533,gbhe,8,""
2024,3,3as,3as,,943,943,25.9659349825233,-80.74193699,gbhe,5,""
2024,3,3as,3as,,962,962,25.978960962966,-80.73509099,gbhe,4,""
2024,3,3as,3as,,1868,1868,25.9526769910007,-80.801448,gbhe,4,""
2024,3,3as,3as,,2073,2073,25.8880159724503,-80.67235001,gbhe,4,""
2024,3,3as,3as,,1294,1294,25.8548460155725,-80.82355401,gbhe,3,""
2024,3,3as,3as,,1863,1863,25.9261810407042,-80.80669097,gbhe,3,""
2024,3,3as,3as,,1866,1866,25.9571710322052,-80.80552898,gbhe,3,""
2024,3,3as,3as,,1328,1328,25.9774079639464,-80.77285197,gbhe,3,""
2024,3,3as,3as,,1936,1936,25.940933022648,-80.75445704,gbhe,3,""
2024,3,3as,3as,,1951,1951,25.8532899990677,-80.75741803,gbhe,3,""
2024,3,3as,3as,,1954,1954,25.8423299901187,-80.75299004,gbhe,3,""
2024,3,3as,3as,,942,942,25.9449699986726,-80.74247,gbhe,3,""
2024,3,3as,3as,,1377,1377,25.8449560403823,-80.72152999,gbhe,3,""
2024,3,3as,3as,,1383,1383,25.9104089811444,-80.72310504,gbhe,3,""
2024,3,3as,3as,,1399,1399,26.0975860152393,-80.71674401,gbhe,3,""
2024,3,3as,3as,,1410,1410,25.9060679934918,-80.71244401,gbhe,3,""
2024,3,3as,3as,,1984,1984,25.8634979836642,-80.70561896,gbhe,3,""
2024,3,3as,3as,,2076,2076,25.8569849934428,-80.671484,gbhe,3,""
2024,3,3as,3as,,951,951,26.0539189819246,-80.74167204,gbhe,2,""
2024,3,3as,3as,,1829,1829,25.9520099591463,-80.814262,gbhe,2,""
2024,3,3as,3as,,1836,1836,25.8102620020508,-80.815211,gbhe,2,""
2024,3,3as,3as,,1839,1839,25.7908920105546,-80.81425899,gbhe,2,""
2024,3,3as,3as,,1846,1846,25.766333034262,-80.81488,gbhe,2,""
2024,3,3as,3as,,1849,1849,25.7742680143564,-80.80478702,gbhe,2,""
2024,3,3as,3as,,1852,1852,25.7862999849021,-80.80597096,gbhe,2,""
2024,3,3as,3as,,1859,1859,25.8936640340834,-80.80303503,gbhe,2,""
2024,3,3as,3as,,1862,1862,25.9234639629721,-80.805603,gbhe,2,""
2024,3,3as,3as,,1867,1867,25.9575850144028,-80.80483102,gbhe,2,""
2024,3,3as,3as,,1873,1873,25.8777919784188,-80.79397897,gbhe,2,""
2024,3,3as,3as,,1875,1875,25.8584720268845,-80.79316098,gbhe,2,""
2024,3,3as,3as,,1878,1878,25.8099839743226,-80.79200897,gbhe,2,""
2024,3,3as,3as,,1304,1304,25.7909630052745,-80.77171597,gbhe,2,""
2024,3,3as,3as,1477,1309,1309,25.8476069848984,-80.77643397,gbhe,2,""
2024,3,3as,3as,,1313,1313,25.8644479885697,-80.77681904,gbhe,2,""
2024,3,3as,3as,,1314,1314,25.8774599712342,-80.77112798,gbhe,2,""
2024,3,3as,3as,,1326,1326,25.9579979907721,-80.77267603,gbhe,2,""
2024,3,3as,3as,,1353,1353,25.8407970238476,-80.78554703,gbhe,2,""
2024,3,3as,3as,,1357,1357,25.8051310200244,-80.78207801,gbhe,2,""
2024,3,3as,3as,,1359,1359,25.785432960838,-80.78540596,gbhe,2,""
2024,3,3as,3as,,1893,1893,25.7895639818161,-80.76197896,gbhe,2,""
2024,3,3as,3as,,1894,1894,25.8019070047885,-80.762705,gbhe,2,""
2024,3,3as,3as,,1900,1900,25.8333859965205,-80.76497599,gbhe,2,""
2024,3,3as,3as,,1907,1907,25.9060440212488,-80.76642103,gbhe,2,""
2024,3,3as,3as,,1933,1933,25.9565940219908,-80.75263599,gbhe,2,""
2024,3,3as,3as,,1935,1935,25.9533479623496,-80.75101702,gbhe,2,""
2024,3,3as,3as,,1939,1939,25.9006259590387,-80.75514796,gbhe,2,""
2024,3,3as,3as,,1945,1945,25.8664350025355,-80.75390099,gbhe,2,""
2024,3,3as,3as,,1948,1948,25.8623199909925,-80.754306,gbhe,2,""
2024,3,3as,3as,,930,930,25.8421350270509,-80.74481299,gbhe,2,""
2024,3,3as,3as,,935,935,25.8917470090091,-80.74108397,gbhe,2,""
2024,3,3as,3as,,937,937,25.9010329842567,-80.74144498,gbhe,2,""
2024,3,3as,3as,,938,938,25.914736976847,-80.74587297,gbhe,2,""
2024,3,3as,3as,,941,941,25.9423929825425,-80.74707602,gbhe,2,""
2024,3,3as,3as,,950,950,25.9942860156297,-80.74634696,gbhe,2,""
2024,3,3as,3as,,959,959,26.0114649776369,-80.73561201,gbhe,2,""
2024,3,3as,3as,,1368,1368,25.7876209728419,-80.72293597,gbhe,2,""
2024,3,3as,3as,,1373,1373,25.8236159663647,-80.72438797,gbhe,2,""
2024,3,3as,3as,,1378,1378,25.8568600192666,-80.72282801,gbhe,2,""
2024,3,3as,3as,1380,1380,1380,25.8797710295766,-80.72319397,gbhe,2,""
2024,3,3as,3as,,1412,1412,25.900389002636,-80.71549896,gbhe,2,""
2024,3,3as,3as,,1414,1414,25.8705709688365,-80.71611797,gbhe,2,""
2024,3,3as,3as,,1966,1966,25.7752760220319,-80.70508897,gbhe,2,""
2024,3,3as,3as,,1976,1976,25.8269269857555,-80.705842,gbhe,2,""
2024,3,3as,3as,1980,1980,1980,25.8463979791849,-80.70336498,gbhe,2,""
2024,3,3as,3as,,1989,1989,25.8972469624131,-80.70424098,gbhe,2,""
2024,3,3as,3as,,1996,1996,25.991250006482,-80.70504396,gbhe,2,""
2024,3,3as,3as,,2020,2020,25.8355470187962,-80.68534297,gbhe,2,""
2024,3,3as,3as,,2028,2028,25.8556090202182,-80.68613003,gbhe,2,""
2024,3,3as,3as,,2031,2031,25.8990380074828,-80.68319603,gbhe,2,""
2024,3,3as,3as,,2034,2034,25.9190560039132,-80.682817,gbhe,2,""
2024,3,3as,3as,,2066,2066,25.9448590222746,-80.67543698,gbhe,2,""
2024,3,3as,3as,,2071,2071,25.9067879989743,-80.67088402,gbhe,2,""
2024,3,3as,3as,,2072,2072,25.893515003845,-80.67638397,gbhe,2,""
2024,3,3as,3as,,2082,2082,25.8124360162764,-80.67638397,gbhe,2,""
2024,3,3as,3as,,2091,2091,25.7831939868628,-80.695817,gbhe,2,""
2024,3,3as,3as,,1953,1953,25.848107971251,-80.75548198,gbhe,1,""
2024,3,3as,3as,,1279,1279,25.7791069708764,-80.825536,gbhe,1,""
2024,3,3as,3as,,1280,1280,25.7826779969036,-80.82431098,gbhe,1,""
2024,3,3as,3as,,1281,1281,25.7838040217757,-80.82208802,gbhe,1,""
2024,3,3as,3as,,1283,1283,25.7841800339519,-80.82348201,gbhe,1,""
2024,3,3as,3as,,1284,1284,25.7903799600899,-80.82450301,gbhe,1,""
2024,3,3as,3as,,1285,1285,25.7964900322258,-80.82502504,gbhe,1,""
2024,3,3as,3as,,1286,1286,25.7978599704802,-80.82390304,gbhe,1,""
2024,3,3as,3as,,1288,1288,25.8093720115721,-80.82302696,gbhe,1,""
2024,3,3as,3as,,1289,1289,25.8154769707471,-80.82530298,gbhe,1,""
2024,3,3as,3as,,1291,1291,25.82131103,-80.82562703,gbhe,1,""
2024,3,3as,3as,,1293,1293,25.8402620069682,-80.82511498,gbhe,1,""
2024,3,3as,3as,,1295,1295,25.9774430003017,-80.82521003,gbhe,1,""
2024,3,3as,3as,,1823,1823,25.9894059877842,-80.81213996,gbhe,1,""
2024,3,3as,3as,1824,1824,1824,25.9878150187432,-80.81158801,gbhe,1,""
2024,3,3as,3as,,1827,1827,25.9714159928262,-80.81387501,gbhe,1,""
2024,3,3as,3as,,1828,1828,25.9570670127868,-80.81570897,gbhe,1,""
2024,3,3as,3as,,1830,1830,25.8864440303295,-80.81235797,gbhe,1,""
2024,3,3as,3as,,1831,1831,25.8739580120891,-80.81628498,gbhe,1,""
2024,3,3as,3as,,1832,1832,25.8655839879065,-80.81178498,gbhe,1,""
2024,3,3as,3as,,1833,1833,25.8659320045262,-80.81412102,gbhe,1,""
2024,3,3as,3as,,1834,1834,25.813092989847,-80.81557,gbhe,1,""
2024,3,3as,3as,,1835,1835,25.8128670137375,-80.81593302,gbhe,1,""
2024,3,3as,3as,,1837,1837,25.8001010399311,-80.81199403,gbhe,1,""
2024,3,3as,3as,,1840,1840,25.7924219593405,-80.81228597,gbhe,1,""
2024,3,3as,3as,,1843,1843,25.7815379742532,-80.81328099,gbhe,1,""
2024,3,3as,3as,,1845,1845,25.7718500029295,-80.81573403,gbhe,1,""
2024,3,3as,3as,,1851,1851,25.7838389743119,-80.80614799,gbhe,1,""
2024,3,3as,3as,,1853,1853,25.7913299649953,-80.80550501,gbhe,1,""
2024,3,3as,3as,,1857,1857,25.8745689690113,-80.80205301,gbhe,1,""
2024,3,3as,3as,,1858,1858,25.8851119782775,-80.803562,gbhe,1,""
2024,3,3as,3as,,1861,1861,25.9151170123368,-80.80651503,gbhe,1,""
2024,3,3as,3as,,1864,1864,25.94062197,-80.80178102,gbhe,1,""
2024,3,3as,3as,,1865,1865,25.9486779849976,-80.804022,gbhe,1,""
2024,3,3as,3as,,1872,1872,25.8921909984201,-80.79351403,gbhe,1,""
2024,3,3as,3as,,1874,1874,25.8764259796589,-80.79389197,gbhe,1,""
2024,3,3as,3as,,1876,1876,25.8065150398761,-80.79632297,gbhe,1,""
2024,3,3as,3as,,1877,1877,25.8101480081677,-80.793322,gbhe,1,""
2024,3,3as,3as,,1879,1879,25.802096016705,-80.79131696,gbhe,1,""
2024,3,3as,3as,,1880,1880,25.7980459649115,-80.79474701,gbhe,1,""
2024,3,3as,3as,,1881,1881,25.7769929710775,-80.79324698,gbhe,1,""
2024,3,3as,3as,,1883,1883,25.7665010076016,-80.79646898,gbhe,1,""
2024,3,3as,3as,,1299,1299,25.7810000237077,-80.77584598,gbhe,1,""
2024,3,3as,3as,,1300,1300,25.7827729638665,-80.77438099,gbhe,1,""
2024,3,3as,3as,,1305,1305,25.8131169620901,-80.77344197,gbhe,1,""
2024,3,3as,3as,,1306,1306,25.8104599826037,-80.77602996,gbhe,1,""
2024,3,3as,3as,,1307,1307,25.8146630041301,-80.77574498,gbhe,1,""
2024,3,3as,3as,,1308,1308,25.837016031146,-80.776827,gbhe,1,""
2024,3,3as,3as,,1315,1315,25.8818110171705,-80.77703898,gbhe,1,""
2024,3,3as,3as,,1316,1316,25.8931359741836,-80.77346896,gbhe,1,""
2024,3,3as,3as,,1319,1319,25.9150310140103,-80.77371203,gbhe,1,""
2024,3,3as,3as,,1320,1320,25.9180709626525,-80.773405,gbhe,1,""
2024,3,3as,3as,,1324,1324,25.9553059749305,-80.77283403,gbhe,1,""
2024,3,3as,3as,,1325,1325,25.9558829851448,-80.77287996,gbhe,1,""
2024,3,3as,3as,,1329,1329,25.980921993032,-80.77610297,gbhe,1,""
2024,3,3as,3as,,1331,1331,25.9940400067716,-80.77486798,gbhe,1,""
2024,3,3as,3as,,1336,1336,25.9836399927735,-80.78530203,gbhe,1,""
2024,3,3as,3as,,1338,1338,25.9681929834187,-80.78637499,gbhe,1,""
2024,3,3as,3as,,1339,1339,25.962709961459,-80.78571701,gbhe,1,""
2024,3,3as,3as,,1341,1341,25.9566309861838,-80.786046,gbhe,1,""
2024,3,3as,3as,,1343,1343,25.9463670104742,-80.78472703,gbhe,1,""
2024,3,3as,3as,,1344,1344,25.9374220110476,-80.78371902,gbhe,1,""
2024,3,3as,3as,,1346,1346,25.9362870175391,-80.78540403,gbhe,1,""
2024,3,3as,3as,,1348,1348,25.8887649793177,-80.78229904,gbhe,1,""
2024,3,3as,3as,,1349,1349,25.8765549771487,-80.78517403,gbhe,1,""
2024,3,3as,3as,,1350,1350,25.8685139659792,-80.78301201,gbhe,1,""
2024,3,3as,3as,1351,1351,1351,25.8624430373311,-80.78415697,gbhe,1,""
2024,3,3as,3as,,1354,1354,25.8383429702371,-80.78164198,gbhe,1,""
2024,3,3as,3as,,1355,1355,25.8354300074279,-80.78204197,gbhe,1,""
2024,3,3as,3as,,1356,1356,25.8337200153619,-80.78477698,gbhe,1,""
2024,3,3as,3as,,1358,1358,25.7914469763636,-80.78282802,gbhe,1,""
2024,3,3as,3as,,1360,1360,25.7769059669226,-80.78200802,gbhe,1,""
2024,3,3as,3as,1888,1888,1888,25.7810519915074,-80.76482998,gbhe,1,""
2024,3,3as,3as,,1889,1889,25.7859780360013,-80.76553398,gbhe,1,""
2024,3,3as,3as,,1891,1891,25.7862910162657,-80.76212497,gbhe,1,""
2024,3,3as,3as,,1892,1892,25.7882129866629,-80.76219597,gbhe,1,""
2024,3,3as,3as,,1895,1895,25.8032330218702,-80.76493601,gbhe,1,""
2024,3,3as,3as,,1896,1896,25.8023879583925,-80.76678799,gbhe,1,""
2024,3,3as,3as,,1897,1897,25.8197580277919,-80.76287901,gbhe,1,""
2024,3,3as,3as,,1898,1898,25.8239830099046,-80.76364696,gbhe,1,""
2024,3,3as,3as,,1899,1899,25.8287870138883,-80.76614996,gbhe,1,""
2024,3,3as,3as,,1901,1901,25.8473710343241,-80.76504297,gbhe,1,""
2024,3,3as,3as,,1902,1902,25.8486080355942,-80.76531898,gbhe,1,""
2024,3,3as,3as,,1903,1903,25.8587489649653,-80.76147504,gbhe,1,""
2024,3,3as,3as,,1905,1905,25.8662889897823,-80.76422799,gbhe,1,""
2024,3,3as,3as,,1906,1906,25.8682539593428,-80.76176003,gbhe,1,""
2024,3,3as,3as,,1908,1908,25.9088040143251,-80.76370002,gbhe,1,""
2024,3,3as,3as,,1910,1910,25.928167970851,-80.76302301,gbhe,1,""
2024,3,3as,3as,,1911,1911,25.938955983147,-80.76531898,gbhe,1,""
2024,3,3as,3as,,1912,1912,25.9352329932153,-80.76603798,gbhe,1,""
2024,3,3as,3as,,1915,1915,25.958735011518,-80.76305402,gbhe,1,""
2024,3,3as,3as,,1916,1916,25.974410008639,-80.764158,gbhe,1,""
2024,3,3as,3as,,1917,1917,26.0119529720395,-80.764014,gbhe,1,""
2024,3,3as,3as,,1919,1919,26.0532729886472,-80.76439002,gbhe,1,""
2024,3,3as,3as,,1924,1924,26.1087770294398,-80.75156998,gbhe,1,""
2024,3,3as,3as,,1925,1925,26.054512001574,-80.75579597,gbhe,1,""
2024,3,3as,3as,,1926,1926,26.0506369639188,-80.75166201,gbhe,1,""
2024,3,3as,3as,,1931,1931,25.9788110107183,-80.75044898,gbhe,1,""
2024,3,3as,3as,,1938,1938,25.9202179871499,-80.75657398,gbhe,1,""
2024,3,3as,3as,,1941,1941,25.8965319860726,-80.75498602,gbhe,1,""
2024,3,3as,3as,,1942,1942,25.8944759890437,-80.75435101,gbhe,1,""
2024,3,3as,3as,,1943,1943,25.8881739713251,-80.75304796,gbhe,1,""
2024,3,3as,3as,,1946,1946,25.8673310279846,-80.75620601,gbhe,1,""
2024,3,3as,3as,,1947,1947,25.8696010150015,-80.75559396,gbhe,1,""
2024,3,3as,3as,,1949,1949,25.8608860149979,-80.755629,gbhe,1,""
2024,3,3as,3as,,1952,1952,25.8542379923164,-80.75778902,gbhe,1,""
2024,3,3as,3as,,1955,1955,25.8380119688808,-80.75233801,gbhe,1,""
2024,3,3as,3as,,1957,1957,25.8311679773032,-80.75610098,gbhe,1,""
2024,3,3as,3as,,1958,1958,25.8205829747021,-80.75582203,gbhe,1,""
2024,3,3as,3as,,1960,1960,25.7934360019862,-80.75311703,gbhe,1,""
2024,3,3as,3as,,1961,1961,25.7785029709339,-80.75421003,gbhe,1,""
2024,3,3as,3as,,1962,1962,25.7743599638342,-80.75606603,gbhe,1,""
2024,3,3as,3as,,912,912,25.7762680202722,-80.74578202,gbhe,1,""
2024,3,3as,3as,,913,913,25.7772839907556,-80.74260998,gbhe,1,""
2024,3,3as,3as,,914,914,25.7777849771082,-80.74124197,gbhe,1,""
2024,3,3as,3as,,915,915,25.782041978091,-80.74575101,gbhe,1,""
2024,3,3as,3as,,918,918,25.7842689659446,-80.743765,gbhe,1,""
2024,3,3as,3as,,919,919,25.7923709973692,-80.74490704,gbhe,1,""
2024,3,3as,3as,,920,920,25.803087009117,-80.74227797,gbhe,1,""
2024,3,3as,3as,,921,921,25.802014041692,-80.74620397,gbhe,1,""
2024,3,3as,3as,,923,923,25.8190120384097,-80.745074,gbhe,1,""
2024,3,3as,3as,,924,924,25.8235459774732,-80.74442198,gbhe,1,""
2024,3,3as,3as,,925,925,25.8275090251117,-80.74473697,gbhe,1,""
2024,3,3as,3as,,927,927,25.8325229957699,-80.74691802,gbhe,1,""
2024,3,3as,3as,,931,931,25.8599989581853,-80.74431502,gbhe,1,""
2024,3,3as,3as,,934,934,25.890975035727,-80.74365604,gbhe,1,""
2024,3,3as,3as,,939,939,25.9315710235387,-80.74806903,gbhe,1,""
2024,3,3as,3as,,947,947,25.9696469921618,-80.74482397,gbhe,1,""
2024,3,3as,3as,,948,948,25.9689770266413,-80.74512899,gbhe,1,""
2024,3,3as,3as,,949,949,25.9781810268759,-80.74197304,gbhe,1,""
2024,3,3as,3as,,954,954,26.116989031434,-80.73308797,gbhe,1,""
2024,3,3as,3as,,955,955,26.1067429929971,-80.73234097,gbhe,1,""
2024,3,3as,3as,,956,956,26.0759030375629,-80.733022,gbhe,1,""
2024,3,3as,3as,,957,957,26.0661090351641,-80.73572801,gbhe,1,""
2024,3,3as,3as,,960,960,26.0012119822204,-80.73295796,gbhe,1,""
2024,3,3as,3as,,963,963,25.9643779601901,-80.733295,gbhe,1,""
2024,3,3as,3as,,964,964,25.9437609929591,-80.73309802,gbhe,1,""
2024,3,3as,3as,,966,966,25.9178400412201,-80.73308403,gbhe,1,""
2024,3,3as,3as,968,968,968,25.8033210318535,-80.73232404,gbhe,1,""
2024,3,3as,3as,,969,969,25.7986000087112,-80.73240501,gbhe,1,""
2024,3,3as,3as,,970,970,25.7941450271755,-80.73183697,gbhe,1,""
2024,3,3as,3as,,971,971,25.7932589761912,-80.731541,gbhe,1,""
2024,3,3as,3as,,973,973,25.7694269623607,-80.73225497,gbhe,1,""
2024,3,3as,3as,,1367,1367,25.7767560146749,-80.72369101,gbhe,1,""
2024,3,3as,3as,,1369,1369,25.7916089985519,-80.721489,gbhe,1,""
2024,3,3as,3as,,1372,1372,25.8164040092378,-80.72237698,gbhe,1,""
2024,3,3as,3as,,1374,1374,25.8306850120425,-80.72300697,gbhe,1,""
2024,3,3as,3as,,1375,1375,25.8432629797607,-80.72397499,gbhe,1,""
2024,3,3as,3as,,1379,1379,25.8797169663012,-80.72516497,gbhe,1,""
2024,3,3as,3as,,1382,1382,25.8820339757949,-80.72465099,gbhe,1,""
2024,3,3as,3as,,1384,1384,25.906042009592,-80.72083698,gbhe,1,""
2024,3,3as,3as,,1386,1386,25.916127031669,-80.72402696,gbhe,1,""
2024,3,3as,3as,,1387,1387,25.9266449790447,-80.72710002,gbhe,1,""
2024,3,3as,3as,,1390,1390,25.9744870383292,-80.72443197,gbhe,1,""
2024,3,3as,3as,,1395,1395,26.1015369929373,-80.727528,gbhe,1,""
2024,3,3as,3as,,1403,1403,26.0350789781659,-80.71425299,gbhe,1,""
2024,3,3as,3as,,1413,1413,25.8964429702609,-80.71366098,gbhe,1,""
2024,3,3as,3as,,1415,1415,25.8689270261675,-80.71372502,gbhe,1,""
2024,3,3as,3as,,1417,1417,25.8510660286992,-80.71542101,gbhe,1,""
2024,3,3as,3as,,1418,1418,25.8303240034729,-80.71246798,gbhe,1,""
2024,3,3as,3as,,1419,1419,25.8234520163387,-80.71329201,gbhe,1,""
2024,3,3as,3as,,1423,1423,25.8046629745513,-80.71297098,gbhe,1,""
2024,3,3as,3as,,1425,1425,25.7812389917671,-80.71480502,gbhe,1,""
2024,3,3as,3as,,1426,1426,25.7794920355081,-80.71486998,gbhe,1,""
2024,3,3as,3as,,1967,1967,25.7823800202459,-80.70305603,gbhe,1,""
2024,3,3as,3as,,1969,1969,25.7925719954073,-80.700894,gbhe,1,""
2024,3,3as,3as,,1970,1970,25.8101739920675,-80.70596597,gbhe,1,""
2024,3,3as,3as,,1975,1975,25.8252549637109,-80.70693702,gbhe,1,""
2024,3,3as,3as,,1977,1977,25.8394919615238,-80.70410703,gbhe,1,""
2024,3,3as,3as,,1979,1979,25.8445249591022,-80.70704204,gbhe,1,""
2024,3,3as,3as,,1981,1981,25.8505109790712,-80.704604,gbhe,1,""
2024,3,3as,3as,,1982,1982,25.8540260139852,-80.70307103,gbhe,1,""
2024,3,3as,3as,,1983,1983,25.8576260413974,-80.70622698,gbhe,1,""
2024,3,3as,3as,,1985,1985,25.8797049801796,-80.705697,gbhe,1,""
2024,3,3as,3as,,1986,1986,25.887579023838,-80.706144,gbhe,1,""
2024,3,3as,3as,,1988,1988,25.8914500381797,-80.70211801,gbhe,1,""
2024,3,3as,3as,,1990,1990,25.9079619683325,-80.70439101,gbhe,1,""
2024,3,3as,3as,,1991,1991,25.9105900302529,-80.70740196,gbhe,1,""
2024,3,3as,3as,,1993,1993,25.9393149800598,-80.70792801,gbhe,1,""
2024,3,3as,3as,,1995,1995,25.9875809960067,-80.70643201,gbhe,1,""
2024,3,3as,3as,,1997,1997,25.9983929805457,-80.70578501,gbhe,1,""
2024,3,3as,3as,,2001,2001,26.0544489696621,-80.69334199,gbhe,1,""
2024,3,3as,3as,,2003,2003,25.980070978403,-80.69559303,gbhe,1,""
2024,3,3as,3as,,2005,2005,25.9298509731888,-80.69373501,gbhe,1,""
2024,3,3as,3as,,2006,2006,25.9082740265876,-80.69274997,gbhe,1,""
2024,3,3as,3as,,2007,2007,25.8960249647498,-80.69496204,gbhe,1,""
2024,3,3as,3as,,2008,2008,25.8750490006059,-80.69178999,gbhe,1,""
2024,3,3as,3as,2013,2013,2013,25.83278602,-80.69484402,gbhe,1,""
2024,3,3as,3as,,2016,2016,25.7960100006312,-80.6825,gbhe,1,""
2024,3,3as,3as,,2017,2017,25.8037879876792,-80.68444401,gbhe,1,""
2024,3,3as,3as,,2019,2019,25.8140129875391,-80.68581797,gbhe,1,""
2024,3,3as,3as,,2021,2021,25.8359699696302,-80.68625903,gbhe,1,""
2024,3,3as,3as,,2022,2022,25.8375490363687,-80.68569903,gbhe,1,""
2024,3,3as,3as,,2025,2025,25.8471840340644,-80.68534599,gbhe,1,""
2024,3,3as,3as,,2026,2026,25.8518670033663,-80.68458198,gbhe,1,""
2024,3,3as,3as,,2027,2027,25.8546330314129,-80.68199499,gbhe,1,""
2024,3,3as,3as,,2030,2030,25.8904029708355,-80.68561496,gbhe,1,""
2024,3,3as,3as,,2032,2032,25.9015219844877,-80.68450503,gbhe,1,""
2024,3,3as,3as,,2036,2036,25.9388699848204,-80.68401796,gbhe,1,""
2024,3,3as,3as,,2038,2038,25.9474070370197,-80.68349903,gbhe,1,""
2024,3,3as,3as,,2039,2039,25.9551670029759,-80.68519,gbhe,1,""
2024,3,3as,3as,,2045,2045,25.9764380101114,-80.685348,gbhe,1,""
2024,3,3as,3as,,2046,2046,26.0049539990723,-80.68555998,gbhe,1,""
2024,3,3as,3as,,2047,2047,26.0013849847018,-80.68462104,gbhe,1,""
2024,3,3as,3as,2049,2049,2049,25.9984020330011,-80.68405199,gbhe,1,""
2024,3,3as,3as,,2051,2051,26.0158300213515,-80.68470301,gbhe,1,""
2024,3,3as,3as,,2065,2065,25.9558259882032,-80.67390402,gbhe,1,""
2024,3,3as,3as,,2068,2068,25.9268670156598,-80.67249997,gbhe,1,""
2024,3,3as,3as,,2070,2070,25.9225579630583,-80.67342801,gbhe,1,""
2024,3,3as,3as,,2074,2074,25.8865649811923,-80.671615,gbhe,1,""
2024,3,3as,3as,,2075,2075,25.8586300257593,-80.67562298,gbhe,1,""
2024,3,3as,3as,,2080,2080,25.8252109587192,-80.67110304,gbhe,1,""
2024,3,3as,3as,,2081,2081,25.812670039013,-80.67475797,gbhe,1,""
2024,3,3as,3as,,2083,2083,25.8114460296928,-80.67291797,gbhe,1,""
2024,3,3as,3as,,2090,2090,25.7777829654514,-80.69385001,gbhe,1,""
2024,3,3as,3as,1824,1824,1824,25.974186,-80.77248,greg,5,""
2024,3,3as,3as,,59,59,26.019337,-80.611056,greg,12,""
2024,3,3as,3as,,61,61,26.127201,-80.745256,greg,26,""
2024,3,3as,3as,1477,1309,1309,25.921028,-80.798429,greg,5,""
2024,3,3as,3as,,122,122,26.108533,-80.796992,greg,2,""
2024,3,3as,3as,,izanaki,Izanaki,25.979419,-80.654814,greg,10,""
2024,3,3as,3as,,962,962,25.978960962966,-80.73509099,greg,30,""
2024,3,3as,3as,,1953,1953,25.848107971251,-80.75548198,greg,1,""
2024,3,3as,3as,,1393,1393,26.0394539963454,-80.72267001,greg,2,""
2024,3,3as,3as,,1953,1953,25.848107971251,-80.75548198,grhe,1,""
2024,3,3as,3as,,1384,1384,25.906042009592,-80.72083698,grhe,2,""
2024,3,3as,3as,,1395,1395,26.1015369929373,-80.727528,grhe,1,""
2024,3,3as,3as,,1969,1969,25.7925719954073,-80.700894,grhe,1,""
2024,3,3as,3as,2049,2049,2049,25.9984020330011,-80.68405199,grhe,2,""
2024,3,3as,3as,,1871,1871,25.9216010011732,-80.79362802,grhe,2,""
2024,3,3as,3as,,1825_izamami,1825/Izamami,25.9835130069404,-80.81269702,grhe,1,""
2024,3,3as,3as,,1856,1856,25.8727350085973,-80.806696,grhe,1,""
2024,3,3as,3as,,1321,1321,25.9289800096303,-80.77517602,grhe,1,""
2024,3,3as,3as,,1323,1323,25.9322610218077,-80.775863,grhe,4,""
2024,3,3as,3as,,1330,1330,25.9825849626213,-80.77142604,grhe,1,""
2024,3,3as,3as,,1340,1340,25.9602249786257,-80.78365498,grhe,1,""
2024,3,3as,3as,,1909,1909,25.9119980223476,-80.76525,grhe,1,""
2024,3,3as,3as,,1913,1913,25.9386809729039,-80.76624803,grhe,1,""
2024,3,3as,3as,,1914,1914,25.9420449659228,-80.76343096,grhe,2,""
2024,3,3as,3as,,1918,1918,26.0460789687931,-80.76195499,grhe,1,""
2024,3,3as,3as,,933,933,25.8738280087709,-80.74361002,grhe,1,""
2024,3,3as,3as,,1400,1400,26.0476120188832,-80.714945,grhe,1,""
2024,3,3as,3as,,1402,1402,26.0408859606832,-80.71261198,grhe,1,""
2024,3,3as,3as,,1408,1408,25.9890100266784,-80.71644302,grhe,2,""
2024,3,3as,3as,,1409,1409,25.9801920130848,-80.71474099,grhe,2,""
2024,3,3as,3as,,1424,1424,25.7898679934442,-80.71237897,grhe,1,""
2024,3,3as,3as,,2058,2058,26.0714830085635,-80.67575801,grhe,1,""
2024,3,3as,3as,,2060,2060,26.0086100175976,-80.67424801,grhe,1,""
2024,3,3as,3as,,2078,2078,25.8416949771344,-80.67377301,grhe,1,""
2024,3,3as,3as,,61,61,26.127201,-80.745256,lbhe,5,""
2024,3,3as,3as,,951,951,26.0539189819246,-80.74167204,lbhe,3,""
2024,3,3as,3as,,1860,1860,25.9085470251739,-80.80416298,lbhe,40,""
2024,3,3as,3as,,1345,1345,25.936419032514,-80.78191297,lbhe,16,""
2024,3,3as,3as,,1871,1871,25.9216010011732,-80.79362802,lbhe,5,""
2024,3,3as,3as,,59,59,26.019337,-80.611056,sneg,8,""
2024,3,3as,3as,1888,1888,1888,25.980196,-80.756683,sneg,2,""
2024,3,3as,3as,,1860,1860,25.9085470251739,-80.80416298,sneg,1,""
2024,3,3as,3as,,1345,1345,25.936419032514,-80.78191297,sneg,1,""
2024,3,3as,3as,,1860,1860,25.9085470251739,-80.80416298,trhe,2,""
2024,3,3as,3as,,1345,1345,25.936419032514,-80.78191297,trhe,1,""
2024,3,3ase,3ase,,48,48,26.081272,-80.536646,greg,8,""
2024,3,3b,3b,,6,6,25.924027,-80.542676,greg,10,""
2024,3,3b,3b,,117,117,25.812411,-80.638115,greg,2,""
2025,3,3as,3,,,1436,25.815289,-80.825091,anhi,1,"One empty nest, one with adult; Marked on east side"
2025,3,3as,3,,,1468,25.837546,-80.816024,anhi,2,""
2025,3,3as,3,,,1481,25.779392,-80.805913,anhi,8,"Extended tree island"
2025,3,3as,3,,,1482,25.78445,-80.806163,anhi,1,""
2025,3,3as,3,,,1485,25.801093,-80.803518,anhi,1,""
2025,3,3as,3,,,1489,25.811825,-80.803422,anhi,1,""
2025,3,3as,3,,,1490,25.833871,-80.808351,anhi,1,""
2025,3,3as,3,,,1561,25.767566,-80.784754,anhi,6,""
2025,3,3as,3,,,1563,25.771447,-80.784115,anhi,2,""
2025,3,3as,3,,,1569,25.80628,-80.786065,anhi,19,""
2025,3,3as,3,,,1573,25.840947,-80.782494,anhi,4,""
2025,3,3as,3,,,1574,25.840813,-80.785516,anhi,16,""
2025,3,3as,3,,,1587,25.912204,-80.782019,anhi,3,""
2025,3,3as,3,,,1589,25.916482,-80.783597,anhi,1,""
2025,3,3as,3,,,1616,25.955934,-80.771921,anhi,1,""
2025,3,3as,3,,,1621,25.929113,-80.775085,anhi,4,""
2025,3,3as,3,,,1623,25.924786,-80.775235,anhi,1,""
2025,3,3as,3,,,1633,25.862305,-80.772377,anhi,1,""
2025,3,3as,3,,,1635,25.847584,-80.776946,anhi,1,""
2025,3,3as,3,,,1638,25.817332,-80.77334,anhi,4,"Both chicks 1 nest"
2025,3,3as,3,,,1640,25.795933,-80.775936,anhi,1,""
2025,3,3as,3,,,1644,25.789953,-80.772226,anhi,1,""
2025,3,3as,3,,,1656,25.784475,-80.766133,anhi,7,""
2025,3,3as,3,3854,inconnu,1660/093,25.828798,-80.766176,anhi,1,""
2025,3,3as,3,,,1665,25.85859,-80.761645,anhi,2,""
2025,3,3as,3,,,1671,25.935349,-80.765814,anhi,1,""
2025,3,3as,3,,,1672,25.93227,-80.764407,anhi,1,""
2025,3,3as,3,3757,inanna,1685/Inanna,25.964535,-80.752909,anhi,1,""
2025,3,3as,3,,,1710,25.866273,-80.754025,anhi,1,""
2025,3,3as,3,,,1713,25.860879,-80.755697,anhi,1,""
2025,3,3as,3,,,1728,25.784591,-80.752965,anhi,1,""
2025,3,3as,3,,,2096,25.77752,-80.745087,anhi,1,""
2025,3,3as,3,,,2100,25.78203,-80.745548,anhi,2,""
2025,3,3as,3,,,2101,25.792411,-80.745104,anhi,1,""
2025,3,3as,3,,,2102,25.802028,-80.746256,anhi,1,""
2025,3,3as,3,,,2113,25.830171,-80.744185,anhi,4,""
2025,3,3as,3,,,2139,25.942312,-80.747237,anhi,4,""
2025,3,3as,3,,,2198,25.78065,-80.70248,anhi,3,"Marked ~30m west"
2025,3,3as,3,,,2199,25.79392,-80.70549,anhi,1,"Marked ~50m east of island"
2025,3,3as,3,,,2205,25.807243,-80.704659,anhi,1,""
2025,3,3as,3,,,2207,25.810634,-80.703243,anhi,1,""
2025,3,3as,3,,,2218,25.839721,-80.704017,anhi,3,""
2025,3,3as,3,,,2228,25.863167,-80.7041,anhi,5,""
2025,3,3as,3,,,2229,25.863619,-80.705914,anhi,3,""
2025,3,3as,3,,,2270,25.908255,-80.692641,anhi,1,"One hatch year BCNH; Also possibly saw 1 YCNH or 1 LBHE"
2025,3,3as,3,,,2285,25.839882,-80.692149,anhi,1,""
2025,3,3as,3,,,2291,25.789484,-80.691761,anhi,1,"Edge of transect"
2025,3,3as,3,,,2295,25.772283,-80.68266,anhi,1,""
2025,3,3as,3,,,2300,25.835657,-80.685276,anhi,1,""
2025,3,3as,3,,,2315,25.890388,-80.685626,anhi,1,""
2025,3,3as,3,,,2324,25.926868,-80.686307,anhi,2,""
2025,3,3as,3,,,2348,25.886593,-80.671671,anhi,2,""
2025,3,3as,3,,,2358,25.837114,-80.675412,anhi,1,"Marked from east"
2025,3,3as,3,,,1737/024,25.843302,-80.723841,anhi,7,"Marked east"
2025,3,3as,3,,,1739,25.848299,-80.724941,anhi,1,"Marked east"
2025,3,3as,3,,,1743,25.861258,-80.724552,anhi,8,""
2025,3,3as,3,,,1746,25.87967,-80.725281,anhi,4,""
2025,3,3as,3,,,1756/030,25.919678,-80.724149,anhi,1,""
2025,3,3as,3,,,1758/032,25.94235,-80.724232,anhi,5,""
2025,3,3as,3,1964,85,1762/085,25.992085,-80.725797,anhi,2,""
2025,3,3as,3,,,1784,25.830396,-80.712504,anhi,2,""
2025,3,3as,3,,,1790,25.777108,-80.711879,anhi,19,""
2025,3,3as,3,,,1432,25.788161,-80.824321,bcnh,14,""
2025,3,3as,3,,,1433,25.789748,-80.82377,bcnh,6,""
2025,3,3as,3,,,1434,25.793111,-80.825022,bcnh,6,""
2025,3,3as,3,3780,izamami,1452/Izanami,25.984042,-80.8123,bcnh,3,"Izanami"
2025,3,3as,3,,,1453,25.975632,-80.811435,bcnh,2,""
2025,3,3as,3,,,1456,25.973399,-80.815225,bcnh,2,""
2025,3,3as,3,,,1458,25.964186,-80.815126,bcnh,2,""
2025,3,3as,3,,,1464,25.904945,-80.812069,bcnh,1,""
2025,3,3as,3,,,1465,25.902885,-80.812941,bcnh,3,""
2025,3,3as,3,,,1481,25.779392,-80.805913,bcnh,6,"Extended tree island"
2025,3,3as,3,,,1483,25.786388,-80.805706,bcnh,14,""
2025,3,3as,3,,,1491,25.851311,-80.802382,bcnh,1,""
2025,3,3as,3,,,1497,25.875007,-80.802227,bcnh,3,""
2025,3,3as,3,,,1498,25.876394,-80.80296,bcnh,2,""
2025,3,3as,3,,,1499,25.876782,-80.803424,bcnh,6,""
2025,3,3as,3,,,1501,25.883233,-80.802988,bcnh,25,""
2025,3,3as,3,,,1505,25.924147,-80.805584,bcnh,3,""
2025,3,3as,3,,,1506,25.932518,-80.802238,bcnh,2,""
2025,3,3as,3,,,1508,25.938003,-80.804149,bcnh,2,""
2025,3,3as,3,,,1510,25.943798,-80.805462,bcnh,7,""
2025,3,3as,3,,,1517,25.973299,-80.80229,bcnh,7,""
2025,3,3as,3,,,1518,25.977831,-80.804783,bcnh,2,""
2025,3,3as,3,,,1519,25.978222,-80.801975,bcnh,3,""
2025,3,3as,3,,,1522,25.987601,-80.804138,bcnh,7,""
2025,3,3as,3,,,1525,25.997944,-80.804447,bcnh,4,""
2025,3,3as,3,,,1527,25.998072,-80.794991,bcnh,3,""
2025,3,3as,3,,,1529,25.989125,-80.795603,bcnh,4,""
2025,3,3as,3,,,1531,25.978624,-80.793978,bcnh,11,""
2025,3,3as,3,,,1532,25.976681,-80.792228,bcnh,1,""
2025,3,3as,3,,,1536,25.922011,-80.793419,bcnh,1,""
2025,3,3as,3,,,1540,25.901759,-80.792526,bcnh,1,""
2025,3,3as,3,,,1541,25.900156,-80.793718,bcnh,4,""
2025,3,3as,3,,,1542,25.8837,-80.794966,bcnh,3,""
2025,3,3as,3,,,1544,25.880056,-80.794552,bcnh,1,""
2025,3,3as,3,,,1545,25.877447,-80.793926,bcnh,1,""
2025,3,3as,3,,,1549,25.860378,-80.795645,bcnh,2,""
2025,3,3as,3,,,1553,25.843288,-80.794999,bcnh,2,"Came up as though at a nest"
2025,3,3as,3,,,1562,25.769554,-80.785694,bcnh,1,""
2025,3,3as,3,,,1563,25.771447,-80.784115,bcnh,1,""
2025,3,3as,3,,,1564,25.772894,-80.784026,bcnh,3,""
2025,3,3as,3,,,1565,25.777584,-80.784098,bcnh,1,""
2025,3,3as,3,,,1568,25.805195,-80.781972,bcnh,2,""
2025,3,3as,3,,,1570,25.812552,-80.782919,bcnh,5,""
2025,3,3as,3,,,1574,25.840813,-80.785516,bcnh,1,""
2025,3,3as,3,,,1577,25.862497,-80.784184,bcnh,16,""
2025,3,3as,3,,,1578,25.866149,-80.783682,bcnh,5,""
2025,3,3as,3,,,1579,25.868628,-80.783052,bcnh,3,""
2025,3,3as,3,,,1580,25.876542,-80.785261,bcnh,5,""
2025,3,3as,3,,,1583,25.87873,-80.785378,bcnh,1,""
2025,3,3as,3,,,1584,25.894653,-80.782884,bcnh,2,""
2025,3,3as,3,,,1585,25.900374,-80.784279,bcnh,3,"Marked on south side"
2025,3,3as,3,,,1588,25.916584,-80.786082,bcnh,3,""
2025,3,3as,3,,,1595,25.953975,-80.784159,bcnh,5,""
2025,3,3as,3,,,1597,25.956562,-80.786066,bcnh,1,""
2025,3,3as,3,,,1599,25.962985,-80.78342,bcnh,2,""
2025,3,3as,3,,,1601,25.989258,-80.785325,bcnh,1,""
2025,3,3as,3,,,1606,26.009766,-80.771052,bcnh,1,""
2025,3,3as,3,,,1607,26.000442,-80.774482,bcnh,6,""
2025,3,3as,3,,,1608,25.987916,-80.776371,bcnh,1,""
2025,3,3as,3,,,1609,25.986231,-80.776028,bcnh,1,"Possibly old"
2025,3,3as,3,,,1611,25.97748,-80.772951,bcnh,9,""
2025,3,3as,3,1824,1824,1612/057,25.974169,-80.77247,bcnh,2,"Colony 057"
2025,3,3as,3,,,1614,25.965752,-80.771595,bcnh,1,""
2025,3,3as,3,,,1616,25.955934,-80.771921,bcnh,16,""
2025,3,3as,3,,,1618,25.940029,-80.774845,bcnh,1,""
2025,3,3as,3,,,1619,25.940471,-80.776595,bcnh,1,""
2025,3,3as,3,,,1620,25.932161,-80.775635,bcnh,3,""
2025,3,3as,3,,,1621,25.929113,-80.775085,bcnh,2,""
2025,3,3as,3,,,1625,25.91844,-80.773693,bcnh,4,""
2025,3,3as,3,,,1628,25.894874,-80.774289,bcnh,9,""
2025,3,3as,3,,,1632,25.864401,-80.773877,bcnh,1,""
2025,3,3as,3,,,1633,25.862305,-80.772377,bcnh,1,""
2025,3,3as,3,,,1634,25.85565,-80.773203,bcnh,1,""
2025,3,3as,3,,,1637,25.839415,-80.773235,bcnh,4,""
2025,3,3as,3,,,1639,25.814733,-80.775866,bcnh,1,""
2025,3,3as,3,,,1662,25.852193,-80.762777,bcnh,3,""
2025,3,3as,3,,,1665,25.85859,-80.761645,bcnh,4,""
2025,3,3as,3,,,1668,25.91202,-80.765008,bcnh,5,""
2025,3,3as,3,,,1669,25.917129,-80.763429,bcnh,3,""
2025,3,3as,3,,,1670,25.92444,-80.766084,bcnh,1,""
2025,3,3as,3,,,1672,25.93227,-80.764407,bcnh,18,""
2025,3,3as,3,,,1674,25.936185,-80.762022,bcnh,14,""
2025,3,3as,3,,,1675,25.94224,-80.76352,bcnh,7,""
2025,3,3as,3,,,1676,25.947247,-80.763916,bcnh,1,""
2025,3,3as,3,,,1679,25.958634,-80.762959,bcnh,1,""
2025,3,3as,3,3757,inanna,1685/Inanna,25.964535,-80.752909,bcnh,5,""
2025,3,3as,3,,,1686,25.956279,-80.752565,bcnh,3,""
2025,3,3as,3,,,1687,25.952737,-80.752956,bcnh,6,""
2025,3,3as,3,,,1690,25.944298,-80.754692,bcnh,11,""
2025,3,3as,3,,,1694,25.929892,-80.755684,bcnh,2,""
2025,3,3as,3,,,1695,25.926264,-80.756272,bcnh,3,""
2025,3,3as,3,,,1696,25.922056,-80.755154,bcnh,1,""
2025,3,3as,3,,,1699,25.913398,-80.754342,bcnh,4,""
2025,3,3as,3,,,1700,25.910966,-80.75297,bcnh,1,""
2025,3,3as,3,,,1703,25.898303,-80.753864,bcnh,2,""
2025,3,3as,3,,,1705,25.896414,-80.755118,bcnh,5,""
2025,3,3as,3,,,1707,25.893909,-80.752819,bcnh,1,""
2025,3,3as,3,,,1709,25.866816,-80.753474,bcnh,1,""
2025,3,3as,3,,,1710,25.866273,-80.754025,bcnh,1,""
2025,3,3as,3,,,1711,25.862235,-80.754157,bcnh,3,""
2025,3,3as,3,,,1714,25.857918,-80.754019,bcnh,1,""
2025,3,3as,3,,,1716,25.856153,-80.755529,bcnh,3,""
2025,3,3as,3,,,1720,25.839515,-80.75352,bcnh,1,""
2025,3,3as,3,,,1721,25.837891,-80.752068,bcnh,1,""
2025,3,3as,3,,,1722,25.831066,-80.753182,bcnh,1,""
2025,3,3as,3,,,1723,25.830658,-80.756233,bcnh,1,"marked on east. 2nd BCNH, but came from previous island so not counted"
2025,3,3as,3,,,1724,25.819031,-80.75534,bcnh,1,""
2025,3,3as,3,,,2097,25.777207,-80.742803,bcnh,1,""
2025,3,3as,3,,,2100,25.78203,-80.745548,bcnh,3,""
2025,3,3as,3,,,2102,25.802028,-80.746256,bcnh,2,""
2025,3,3as,3,,,2104,25.811019,-80.743776,bcnh,2,""
2025,3,3as,3,,,2105,25.812581,-80.744836,bcnh,3,"Marked from west side"
2025,3,3as,3,,,2107,25.818915,-80.744444,bcnh,3,"Marked from south side"
2025,3,3as,3,,,2110,25.825033,-80.744776,bcnh,1,""
2025,3,3as,3,,,2113,25.830171,-80.744185,bcnh,1,""
2025,3,3as,3,,,2115,25.838979,-80.742385,bcnh,5,""
2025,3,3as,3,,,2116,25.841989,-80.742313,bcnh,6,""
2025,3,3as,3,,,2117,25.842171,-80.744517,bcnh,2,""
2025,3,3as,3,,,2118,25.848525,-80.744994,bcnh,1,""
2025,3,3as,3,,,2119,25.860279,-80.742235,bcnh,2,""
2025,3,3as,3,,,2123,25.878924,-80.744716,bcnh,1,""
2025,3,3as,3,,,2125,25.88635,-80.744855,bcnh,7,""
2025,3,3as,3,,,2126,25.893794,-80.743999,bcnh,2,""
2025,3,3as,3,,,2127,25.897434,-80.743159,bcnh,1,""
2025,3,3as,3,,,2132,25.931945,-80.743164,bcnh,1,""
2025,3,3as,3,,,2133,25.933133,-80.743429,bcnh,6,""
2025,3,3as,3,,,2136,25.939895,-80.745191,bcnh,10,""
2025,3,3as,3,,,2137,25.939535,-80.745946,bcnh,3,""
2025,3,3as,3,,,2142,25.948382,-80.742963,bcnh,2,""
2025,3,3as,3,,,2144,25.950367,-80.743563,bcnh,12,""
2025,3,3as,3,,,2145,25.978098,-80.742031,bcnh,60,""
2025,3,3as,3,,,2146,25.973776,-80.743552,bcnh,21,"All flying, mix of juveniles and alduts, could be from 2145"
2025,3,3as,3,,,2147,25.972283,-80.744768,bcnh,4,""
2025,3,3as,3,,,2149,25.984903,-80.74338,bcnh,1,""
2025,3,3as,3,,,2152,25.994198,-80.746359,bcnh,2,""
2025,3,3as,3,,,2155,25.985242,-80.735097,bcnh,2,""
2025,3,3as,3,,,2158,25.967857,-80.734176,bcnh,4,"GRHE nest - small, deep dried eafy cup in wilow crook"
2025,3,3as,3,,,2159,25.960322,-80.734361,bcnh,7,""
2025,3,3as,3,,,2160,25.954758,-80.732758,bcnh,1,""
2025,3,3as,3,,,2162,25.947038,-80.734541,bcnh,5,""
2025,3,3as,3,,,2163,25.94365,-80.733073,bcnh,2,""
2025,3,3as,3,,,2164,25.942402,-80.734681,bcnh,1,""
2025,3,3as,3,,,2165,25.941377,-80.735582,bcnh,5,""
2025,3,3as,3,3779,helios,2167/Helios,25.937811,-80.736424,bcnh,5,""
2025,3,3as,3,,,2169,25.917438,-80.733122,bcnh,1,""
2025,3,3as,3,,,2170,25.912507,-80.732313,bcnh,4,""
2025,3,3as,3,,,2171,25.915418,-80.73641,bcnh,8,""
2025,3,3as,3,,,2173,25.907955,-80.733169,bcnh,1,""
2025,3,3as,3,,,2174,25.895857,-80.733787,bcnh,4,""
2025,3,3as,3,,,2175,25.885977,-80.733372,bcnh,1,""
2025,3,3as,3,,,2177,25.875199,-80.733267,bcnh,2,""
2025,3,3as,3,,,2178,25.874765,-80.735405,bcnh,1,""
2025,3,3as,3,,,2179,25.868288,-80.732688,bcnh,1,""
2025,3,3as,3,,,2180,25.864956,-80.734067,bcnh,1,""
2025,3,3as,3,,,2183,25.8219,-80.735582,bcnh,1,"Marked from south"
2025,3,3as,3,,,2196,25.772792,-80.706457,bcnh,2,""
2025,3,3as,3,,,2199,25.79392,-80.70549,bcnh,1,"Marked ~50m east of island"
2025,3,3as,3,,,2201,25.802311,-80.703683,bcnh,3,""
2025,3,3as,3,,,2202,25.80371,-80.705537,bcnh,1,""
2025,3,3as,3,,,2203,25.804452,-80.7049,bcnh,3,""
2025,3,3as,3,,,2204,25.806908,-80.706129,bcnh,2,""
2025,3,3as,3,,,2206,25.804658,-80.703454,bcnh,1,""
2025,3,3as,3,,,2207,25.810634,-80.703243,bcnh,5,""
2025,3,3as,3,,,2208,25.812875,-80.703777,bcnh,3,""
2025,3,3as,3,,,2209,25.815421,-80.705828,bcnh,2,""
2025,3,3as,3,,,2210,25.815934,-80.702433,bcnh,4,""
2025,3,3as,3,,,2211,25.817894,-80.704214,bcnh,2,""
2025,3,3as,3,,,2213,25.825935,-80.706469,bcnh,1,""
2025,3,3as,3,,,2215,25.833926,-80.702656,bcnh,1,""
2025,3,3as,3,,,2216,25.834706,-80.701898,bcnh,5,""
2025,3,3as,3,,,2218,25.839721,-80.704017,bcnh,4,""
2025,3,3as,3,,,2219,25.843239,-80.70439,bcnh,1,""
2025,3,3as,3,,,2221,25.84641,-80.703338,bcnh,2,"ANHI Nest may be old cup"
2025,3,3as,3,,,2223,25.854159,-80.703034,bcnh,2,"GBHE adult/fledged bird may be from 2224"
2025,3,3as,3,,,2225,25.854466,-80.704952,bcnh,6,"GBHE Nest may be old"
2025,3,3as,3,,,2228,25.863167,-80.7041,bcnh,17,""
2025,3,3as,3,,,2229,25.863619,-80.705914,bcnh,1,""
2025,3,3as,3,,,2230,25.877846,-80.705293,bcnh,1,""
2025,3,3as,3,,,2231,25.887586,-80.706135,bcnh,1,""
2025,3,3as,3,,,2232,25.887926,-80.703826,bcnh,1,""
2025,3,3as,3,,,2234,25.891415,-80.702129,bcnh,2,""
2025,3,3as,3,,,2237,25.897344,-80.704259,bcnh,9,""
2025,3,3as,3,,,2238,25.902825,-80.704072,bcnh,11,""
2025,3,3as,3,,,2239,25.902282,-80.701311,bcnh,6,""
2025,3,3as,3,,,2240,25.908319,-80.703979,bcnh,1,""
2025,3,3as,3,,,2241,25.924528,-80.706257,bcnh,9,""
2025,3,3as,3,,,2242,25.933245,-80.703434,bcnh,28,""
2025,3,3as,3,,,2243,25.936023,-80.704783,bcnh,11,"3 first years, some of which may be from 2242"
2025,3,3as,3,,,2245,25.939791,-80.705997,bcnh,6,""
2025,3,3as,3,,,2246,25.947783,-80.703953,bcnh,6,""
2025,3,3as,3,,,2247,25.952504,-80.70253,bcnh,1,""
2025,3,3as,3,,,2248,25.958374,-80.704569,bcnh,3,""
2025,3,3as,3,,,2250,25.966856,-80.704222,bcnh,6,""
2025,3,3as,3,,,2251,25.967088,-80.70234,bcnh,4,""
2025,3,3as,3,,,2253,25.969877,-80.705219,bcnh,2,""
2025,3,3as,3,,,2255,25.972542,-80.702768,bcnh,1,""
2025,3,3as,3,,,2256,25.973212,-80.701834,bcnh,9,""
2025,3,3as,3,,,2260,25.952109,-80.693987,bcnh,10,"2 islands ~5-10m apart"
2025,3,3as,3,,,2261,25.947333,-80.694381,bcnh,1,"Nest partially collapsed"
2025,3,3as,3,,,2263,25.938708,-80.692432,bcnh,6,""
2025,3,3as,3,,,2264,25.937383,-80.695511,bcnh,2,""
2025,3,3as,3,,,2265,25.934989,-80.692974,bcnh,1,""
2025,3,3as,3,,,2266,25.929902,-80.693835,bcnh,40,""
2025,3,3as,3,,,2267,25.927517,-80.695019,bcnh,1,""
2025,3,3as,3,,,2268,25.926234,-80.695475,bcnh,5,""
2025,3,3as,3,,,2269,25.911681,-80.692098,bcnh,1,""
2025,3,3as,3,,,2270,25.908255,-80.692641,bcnh,6,"One hatch year BCNH; Also possibly saw 1 YCNH or 1 LBHE"
2025,3,3as,3,,,2271,25.895977,-80.695156,bcnh,15,""
2025,3,3as,3,,,2272,25.887524,-80.695088,bcnh,1,""
2025,3,3as,3,,,2273,25.885227,-80.695756,bcnh,1,""
2025,3,3as,3,,,2276,25.874118,-80.692453,bcnh,2,""
2025,3,3as,3,,,2277,25.875231,-80.69261,bcnh,6,""
2025,3,3as,3,,,2278,25.87035,-80.694382,bcnh,8,"+7 more likely foraging"
2025,3,3as,3,,,2279,25.872851,-80.691496,bcnh,2,""
2025,3,3as,3,,,2280,25.856256,-80.692841,bcnh,2,""
2025,3,3as,3,,,2282,25.849925,-80.693495,bcnh,4,""
2025,3,3as,3,,,2283,25.848379,-80.692905,bcnh,2,""
2025,3,3as,3,,,2284,25.843811,-80.691772,bcnh,4,""
2025,3,3as,3,,,2286,25.831463,-80.693264,bcnh,1,""
2025,3,3as,3,,,2287,25.837148,-80.694535,bcnh,11,""
2025,3,3as,3,,,2288,25.837137,-80.695403,bcnh,6,""
2025,3,3as,3,,,2290,25.789906,-80.69155,bcnh,1,"Edge of transect"
2025,3,3as,3,,,2298,25.827509,-80.684825,bcnh,3,"South side of island"
2025,3,3as,3,,,2299,25.832305,-80.684225,bcnh,7,""
2025,3,3as,3,,,2300,25.835657,-80.685276,bcnh,1,""
2025,3,3as,3,,,2301,25.835988,-80.686327,bcnh,13,""
2025,3,3as,3,,,2302,25.837516,-80.685686,bcnh,1,""
2025,3,3as,3,,,2303,25.843236,-80.681514,bcnh,4,""
2025,3,3as,3,,,2304,25.847298,-80.685715,bcnh,4,""
2025,3,3as,3,,,2305,25.851842,-80.684616,bcnh,3,""
2025,3,3as,3,,,2307,25.864756,-80.684041,bcnh,3,""
2025,3,3as,3,,,2309,25.874355,-80.684282,bcnh,1,""
2025,3,3as,3,,,2310,25.878701,-80.684893,bcnh,28,""
2025,3,3as,3,,,2311,25.882094,-80.682722,bcnh,7,""
2025,3,3as,3,,,2314,25.884854,-80.683269,bcnh,1,""
2025,3,3as,3,,,2315,25.890388,-80.685626,bcnh,9,""
2025,3,3as,3,,,2316,25.890613,-80.685407,bcnh,4,""
2025,3,3as,3,,,2317,25.901613,-80.684082,bcnh,3,""
2025,3,3as,3,,,2318,25.903497,-80.682038,bcnh,6,""
2025,3,3as,3,,,2319,25.906465,-80.686382,bcnh,2,"On west edge of transect"
2025,3,3as,3,,,2320,25.909137,-80.685822,bcnh,1,""
2025,3,3as,3,,,2322,25.91943,-80.682589,bcnh,6,""
2025,3,3as,3,,,2324,25.926868,-80.686307,bcnh,15,""
2025,3,3as,3,,,2326,25.933356,-80.682918,bcnh,8,""
2025,3,3as,3,,,2327,25.939098,-80.684077,bcnh,1,""
2025,3,3as,3,,,2329,25.943561,-80.682455,bcnh,14,""
2025,3,3as,3,,,2330,25.955226,-80.685248,bcnh,1,""
2025,3,3as,3,,,2331,25.954985,-80.684412,bcnh,6,""
2025,3,3as,3,,,2335,25.955857,-80.673957,bcnh,16,""
2025,3,3as,3,,,2336,25.941774,-80.672475,bcnh,19,""
2025,3,3as,3,,,2337,25.933611,-80.673529,bcnh,2,""
2025,3,3as,3,,,2338,25.932158,-80.676172,bcnh,5,""
2025,3,3as,3,,,2339,25.928469,-80.674038,bcnh,1,"Marked east of island"
2025,3,3as,3,,,2340,25.926692,-80.672389,bcnh,2,""
2025,3,3as,3,,,2341,25.922789,-80.673562,bcnh,19,""
2025,3,3as,3,,,2343,25.90825,-80.673773,bcnh,1,""
2025,3,3as,3,,,2344,25.902926,-80.676527,bcnh,1,""
2025,3,3as,3,,,2345,25.89877,-80.672365,bcnh,3,""
2025,3,3as,3,,,2346,25.893381,-80.67628,bcnh,1,""
2025,3,3as,3,,,2347,25.888123,-80.672241,bcnh,19,""
2025,3,3as,3,,,2348,25.886593,-80.671671,bcnh,3,""
2025,3,3as,3,,,2349,25.875368,-80.674016,bcnh,6,""
2025,3,3as,3,,,2350,25.867901,-80.673381,bcnh,7,""
2025,3,3as,3,,,2351,25.866374,-80.675462,bcnh,6,""
2025,3,3as,3,,,2352,25.858749,-80.675806,bcnh,3,""
2025,3,3as,3,,,2356,25.842978,-80.675294,bcnh,1,""
2025,3,3as,3,,,2357,25.841485,-80.673587,bcnh,1,""
2025,3,3as,3,,,2358,25.837114,-80.675412,bcnh,3,"Marked from east"
2025,3,3as,3,,,2359,25.832162,-80.67375,bcnh,7,""
2025,3,3as,3,,,2360,25.828222,-80.675819,bcnh,3,""
2025,3,3as,3,726,yonteau,2364/Yonteau,25.820922,-80.676944,bcnh,4,""
2025,3,3as,3,,,2366,25.80929,-80.672374,bcnh,1,""
2025,3,3as,3,,,1735,25.827975,-80.723232,bcnh,1,"Marked south"
2025,3,3as,3,,,1736/023,25.831533,-80.722894,bcnh,6,""
2025,3,3as,3,,,1740,25.855943,-80.72415,bcnh,4,"Marked south"
2025,3,3as,3,,,1742,25.858257,-80.724484,bcnh,1,""
2025,3,3as,3,,,1744,25.861179,-80.72352,bcnh,6,""
2025,3,3as,3,,,1746,25.87967,-80.725281,bcnh,10,""
2025,3,3as,3,,,1748,25.89694,-80.725713,bcnh,8,""
2025,3,3as,3,,,1749,25.912389,-80.725145,bcnh,1,""
2025,3,3as,3,,,1750,25.910471,-80.723237,bcnh,5,""
2025,3,3as,3,,,1756/030,25.919678,-80.724149,bcnh,1,""
2025,3,3as,3,,,1757,25.91957,-80.722671,bcnh,2,""
2025,3,3as,3,,,1758/032,25.94235,-80.724232,bcnh,4,""
2025,3,3as,3,,,1759,25.949638,-80.724677,bcnh,4,""
2025,3,3as,3,,,1760,25.962772,-80.725987,bcnh,2,""
2025,3,3as,3,1964,85,1762/085,25.992085,-80.725797,bcnh,20,""
2025,3,3as,3,,,1765,25.989149,-80.716588,bcnh,3,""
2025,3,3as,3,,,1766,25.975338,-80.7121,bcnh,1,""
2025,3,3as,3,,,1767,25.964145,-80.712001,bcnh,1,""
2025,3,3as,3,,,1768,25.9412,-80.713141,bcnh,26,""
2025,3,3as,3,,,1769,25.933219,-80.714123,bcnh,4,""
2025,3,3as,3,,,1770,25.91772,-80.715901,bcnh,1,""
2025,3,3as,3,,,1773,25.906077,-80.712394,bcnh,1,""
2025,3,3as,3,,,1775,25.886647,-80.714633,bcnh,5,""
2025,3,3as,3,,,1776,25.876338,-80.713734,bcnh,3,""
2025,3,3as,3,,,1777,25.87011,-80.71204,bcnh,1,""
2025,3,3as,3,,,1781,25.860069,-80.713656,bcnh,1,"Marked on south side"
2025,3,3as,3,,,1782,25.843651,-80.711739,bcnh,2,""
2025,3,3as,3,,,1783,25.836997,-80.711902,bcnh,1,""
2025,3,3as,3,,,1788,25.789764,-80.712407,bcnh,2,""
2025,3,3as,3,,,1790,25.777108,-80.711879,bcnh,3,""
2025,3,3as,3,,,1791,25.773766,-80.712907,bcnh,1,"South side of island"
2025,3,3as,3,,,1792,25.773059,-80.711882,bcnh,1,""
2025,3,3as,3,,,1656,25.784475,-80.766133,dcco,1,""
2025,3,3as,3,,,1436,25.815289,-80.825091,gbhe,1,"One empty nest, one with adult; Marked on east side"
2025,3,3as,3,,,1437,25.827033,-80.82326,gbhe,1,"Big, close to fledge"
2025,3,3as,3,,,1442,25.840293,-80.825065,gbhe,1,"1 with adult"
2025,3,3as,3,,,1444,25.843178,-80.823964,gbhe,1,""
2025,3,3as,3,,,1446,25.871991,-80.822827,gbhe,1,""
2025,3,3as,3,,,1447,25.892396,-80.823108,gbhe,1,"Plus one old platform"
2025,3,3as,3,,,1450,25.989335,-80.812318,gbhe,1,""
2025,3,3as,3,,,1451,25.987956,-80.811548,gbhe,1,""
2025,3,3as,3,,,1455,25.973202,-80.814218,gbhe,1,""
2025,3,3as,3,,,1457,25.971425,-80.813651,gbhe,1,""
2025,3,3as,3,,,1466,25.886176,-80.812135,gbhe,2,"One chick each nest"
2025,3,3as,3,,,1467,25.851738,-80.814672,gbhe,1,""
2025,3,3as,3,,,1469,25.820315,-80.814607,gbhe,1,""
2025,3,3as,3,,,1471,25.810226,-80.815245,gbhe,2,""
2025,3,3as,3,,,1473,25.795271,-80.813835,gbhe,1,""
2025,3,3as,3,,,1474,25.790341,-80.814091,gbhe,1,"Marked on eastside"
2025,3,3as,3,,,1476,25.78204,-80.813078,gbhe,1,""
2025,3,3as,3,,,1477,25.773968,-80.814588,gbhe,1,""
2025,3,3as,3,,,1482,25.78445,-80.806163,gbhe,1,""
2025,3,3as,3,,,1483,25.786388,-80.805706,gbhe,3,""
2025,3,3as,3,,,1484,25.789052,-80.805548,gbhe,1,"300m Southeast point"
2025,3,3as,3,,,1485,25.801093,-80.803518,gbhe,3,""
2025,3,3as,3,,,1490,25.833871,-80.808351,gbhe,4,""
2025,3,3as,3,,,1504,25.9202,-80.801842,gbhe,1,"Looked like it flushed from low, but no platform"
2025,3,3as,3,,,1507,25.939188,-80.803877,gbhe,2,""
2025,3,3as,3,,,1514,25.9572,-80.805283,gbhe,2,""
2025,3,3as,3,,,1517,25.973299,-80.80229,gbhe,1,""
2025,3,3as,3,,,1528,25.99525,-80.793971,gbhe,2,""
2025,3,3as,3,,,1533,25.926822,-80.792788,gbhe,1,""
2025,3,3as,3,,,1543,25.880844,-80.794413,gbhe,1,"Marked at south end"
2025,3,3as,3,,,1553,25.843288,-80.794999,gbhe,1,"Came up as though at a nest"
2025,3,3as,3,,,1561,25.767566,-80.784754,gbhe,2,""
2025,3,3as,3,,,1566,25.777926,-80.783245,gbhe,2,""
2025,3,3as,3,,,1567,25.785691,-80.78542,gbhe,1,""
2025,3,3as,3,,,1569,25.80628,-80.786065,gbhe,1,""
2025,3,3as,3,,,1571,25.83371,-80.784814,gbhe,1,""
2025,3,3as,3,,,1573,25.840947,-80.782494,gbhe,1,""
2025,3,3as,3,,,1579,25.868628,-80.783052,gbhe,1,""
2025,3,3as,3,,,1586,25.912382,-80.785491,gbhe,2,""
2025,3,3as,3,,,1587,25.912204,-80.782019,gbhe,3,""
2025,3,3as,3,,,1589,25.916482,-80.783597,gbhe,1,""
2025,3,3as,3,,,1594,25.946305,-80.784907,gbhe,1,""
2025,3,3as,3,,,1596,25.960736,-80.784085,gbhe,1,""
2025,3,3as,3,,,1598,25.955856,-80.785471,gbhe,1,""
2025,3,3as,3,,,1615,25.958254,-80.772415,gbhe,1,""
2025,3,3as,3,,,1617,25.94451,-80.772878,gbhe,1,""
2025,3,3as,3,,,1619,25.940471,-80.776595,gbhe,1,""
2025,3,3as,3,,,1626,25.913494,-80.774002,gbhe,2,""
2025,3,3as,3,,,1627,25.899588,-80.771882,gbhe,1,""
2025,3,3as,3,,,1635,25.847584,-80.776946,gbhe,1,""
2025,3,3as,3,,,1639,25.814733,-80.775866,gbhe,1,""
2025,3,3as,3,,,1642,25.79255,-80.774061,gbhe,1,""
2025,3,3as,3,,,1643,25.793159,-80.77439,gbhe,1,""
2025,3,3as,3,,,1645,25.789771,-80.771739,gbhe,1,""
2025,3,3as,3,,,1646,25.784854,-80.772522,gbhe,1,""
2025,3,3as,3,,,1650,25.774845,-80.76327,gbhe,1,""
2025,3,3as,3,,,1651,25.777593,-80.762106,gbhe,1,""
2025,3,3as,3,,,1652,25.777861,-80.763249,gbhe,1,""
2025,3,3as,3,,,1653,25.780145,-80.764536,gbhe,2,""
2025,3,3as,3,,,1654,25.780349,-80.763268,gbhe,1,""
2025,3,3as,3,,,1656,25.784475,-80.766133,gbhe,3,""
2025,3,3as,3,,,1658,25.792327,-80.764464,gbhe,1,""
2025,3,3as,3,3854,inconnu,1660/093,25.828798,-80.766176,gbhe,2,""
2025,3,3as,3,,,1661,25.848623,-80.765337,gbhe,1,""
2025,3,3as,3,,,1663,25.856115,-80.763164,gbhe,1,""
2025,3,3as,3,,,1665,25.85859,-80.761645,gbhe,1,""
2025,3,3as,3,,,1667,25.908965,-80.763847,gbhe,1,""
2025,3,3as,3,,,1673,25.934104,-80.762507,gbhe,2,""
2025,3,3as,3,3757,inanna,1685/Inanna,25.964535,-80.752909,gbhe,1,""
2025,3,3as,3,,,1688,25.948077,-80.75298,gbhe,1,"Marked south"
2025,3,3as,3,,,1689,25.94627,-80.755949,gbhe,1,"Marked east"
2025,3,3as,3,,,1693,25.938297,-80.755821,gbhe,1,""
2025,3,3as,3,,,1701,25.905146,-80.754942,gbhe,1,""
2025,3,3as,3,,,1705,25.896414,-80.755118,gbhe,2,""
2025,3,3as,3,,,1711,25.862235,-80.754157,gbhe,1,""
2025,3,3as,3,,,1712,25.85961,-80.754605,gbhe,1,""
2025,3,3as,3,,,1719,25.842132,-80.752987,gbhe,1,""
2025,3,3as,3,,,1723,25.830658,-80.756233,gbhe,1,"marked on east. 2nd BCNH, but came from previous island so not counted"
2025,3,3as,3,,,1724,25.819031,-80.75534,gbhe,1,""
2025,3,3as,3,,,1730,25.778398,-80.754117,gbhe,1,""
2025,3,3as,3,,,2108,25.818975,-80.745139,gbhe,1,""
2025,3,3as,3,,,2112,25.827349,-80.744737,gbhe,1,""
2025,3,3as,3,,,2143,25.949671,-80.744708,gbhe,1,""
2025,3,3as,3,,,2146,25.973776,-80.743552,gbhe,1,"All flying, mix of juveniles and alduts, could be from 2145"
2025,3,3as,3,,,2151,25.993144,-80.745252,gbhe,1,""
2025,3,3as,3,,,2152,25.994198,-80.746359,gbhe,2,""
2025,3,3as,3,,,2156,25.978489,-80.735957,gbhe,2,""
2025,3,3as,3,,,2173,25.907955,-80.733169,gbhe,1,""
2025,3,3as,3,,,2183,25.8219,-80.735582,gbhe,1,"Marked from south"
2025,3,3as,3,,,2185,25.816133,-80.731958,gbhe,2,"two birds took off, 1 large chick in sight"
2025,3,3as,3,,,2190,25.784408,-80.731704,gbhe,1,""
2025,3,3as,3,,,2203,25.804452,-80.7049,gbhe,1,""
2025,3,3as,3,,,2214,25.827692,-80.704433,gbhe,1,""
2025,3,3as,3,,,2219,25.843239,-80.70439,gbhe,1,""
2025,3,3as,3,,,2221,25.84641,-80.703338,gbhe,1,"ANHI Nest may be old cup"
2025,3,3as,3,,,2222,25.849513,-80.704022,gbhe,1,""
2025,3,3as,3,,,2225,25.854466,-80.704952,gbhe,1,"GBHE Nest may be old"
2025,3,3as,3,,,2226,25.857609,-80.706274,gbhe,1,""
2025,3,3as,3,,,2227,25.858687,-80.703565,gbhe,2,"May be fledged birds"
2025,3,3as,3,,,2229,25.863619,-80.705914,gbhe,1,""
2025,3,3as,3,,,2249,25.960416,-80.702228,gbhe,2,"GREG may not be nesting"
2025,3,3as,3,,,2261,25.947333,-80.694381,gbhe,1,"Nest partially collapsed"
2025,3,3as,3,,,2266,25.929902,-80.693835,gbhe,1,""
2025,3,3as,3,,,2275,25.877722,-80.694991,gbhe,2,""
2025,3,3as,3,,,2277,25.875231,-80.69261,gbhe,1,""
2025,3,3as,3,,,2290,25.789906,-80.69155,gbhe,1,"Edge of transect"
2025,3,3as,3,,,2291,25.789484,-80.691761,gbhe,1,"Edge of transect"
2025,3,3as,3,,,2296,25.792879,-80.685246,gbhe,1,"Mark is west of island"
2025,3,3as,3,,,2346,25.893381,-80.67628,gbhe,1,""
2025,3,3as,3,,,2352,25.858749,-80.675806,gbhe,1,""
2025,3,3as,3,,,2359,25.832162,-80.67375,gbhe,1,""
2025,3,3as,3,,,2360,25.828222,-80.675819,gbhe,1,""
2025,3,3as,3,,,2361,25.82595,-80.671805,gbhe,1,""
2025,3,3as,3,,,2363,25.81921,-80.672049,gbhe,1,""
2025,3,3as,3,,,1734,25.787757,-80.723513,gbhe,1,"Fledgling"
2025,3,3as,3,,,1741/025,25.856995,-80.722776,gbhe,1,""
2025,3,3as,3,,,1746,25.87967,-80.725281,gbhe,3,""
2025,3,3as,3,,,1749,25.912389,-80.725145,gbhe,1,""
2025,3,3as,3,,,1753,25.915487,-80.72428,gbhe,1,"Marked west"
2025,3,3as,3,,,1754,25.916102,-80.724033,gbhe,1,""
2025,3,3as,3,,,1772,25.907571,-80.711754,gbhe,1,""
2025,3,3as,3,,,1777,25.87011,-80.71204,gbhe,1,""
2025,3,3as,3,,,1778,25.870388,-80.715662,gbhe,1,""
2025,3,3as,3,,,1784,25.830396,-80.712504,gbhe,2,""
2025,3,3as,3,,,1785,25.823927,-80.713588,gbhe,2,""
2025,3,3as,3,,,1789,25.77945,-80.714951,gbhe,1,""
2025,3,3as,3,,,1790,25.777108,-80.711879,gbhe,1,""
2025,3,3as,3,,,1793,25.769467,-80.713857,gbhe,1,""
2025,3,3as,3,,,2249,25.960416,-80.702228,greg,3,"GREG may not be nesting"
2025,3,3as,3,,,1746,25.87967,-80.725281,greg,3,""
2025,3,3as,3,1964,85,1762/085,25.992085,-80.725797,greg,2,""
2025,3,3as,3,,,1790,25.777108,-80.711879,greg,2,""
2025,3,3as,3,,,1445,25.855106,-80.822932,grhe,2,"GPS point between two spots GRHE perched in two small stands"
2025,3,3as,3,,,1454,25.973744,-80.814247,grhe,3,""
2025,3,3as,3,,,1458,25.964186,-80.815126,grhe,1,""
2025,3,3as,3,,,1459,25.951987,-80.814329,grhe,1,""
2025,3,3as,3,,,1465,25.902885,-80.812941,grhe,1,""
2025,3,3as,3,,,1481,25.779392,-80.805913,grhe,4,"Extended tree island"
2025,3,3as,3,,,1500,25.881948,-80.803614,grhe,1,""
2025,3,3as,3,,,1501,25.883233,-80.802988,grhe,1,""
2025,3,3as,3,,,1510,25.943798,-80.805462,grhe,1,""
2025,3,3as,3,,,1523,25.996223,-80.80628,grhe,1,""
2025,3,3as,3,,,1531,25.978624,-80.793978,grhe,1,""
2025,3,3as,3,,,1537,25.921576,-80.79207,grhe,1,"Next to 1536, some LBHE landing there after being flushed, some possible nesting at 1537, ~ 4-5 landing"
2025,3,3as,3,,,1540,25.901759,-80.792526,grhe,2,""
2025,3,3as,3,,,1545,25.877447,-80.793926,grhe,2,""
2025,3,3as,3,,,1561,25.767566,-80.784754,grhe,1,""
2025,3,3as,3,,,1578,25.866149,-80.783682,grhe,1,""
2025,3,3as,3,,,1585,25.900374,-80.784279,grhe,1,"Marked on south side"
2025,3,3as,3,,,1591,25.924146,-80.786469,grhe,1,"Garuda is empty"
2025,3,3as,3,,,1628,25.894874,-80.774289,grhe,2,""
2025,3,3as,3,,,1646,25.784854,-80.772522,grhe,1,""
2025,3,3as,3,,,1662,25.852193,-80.762777,grhe,3,""
2025,3,3as,3,,,1672,25.93227,-80.764407,grhe,1,""
2025,3,3as,3,,,1676,25.947247,-80.763916,grhe,1,""
2025,3,3as,3,,,1707,25.893909,-80.752819,grhe,1,""
2025,3,3as,3,,,1714,25.857918,-80.754019,grhe,1,""
2025,3,3as,3,,,1717,25.849595,-80.755135,grhe,1,""
2025,3,3as,3,,,1725,25.801903,-80.75225,grhe,1,""
2025,3,3as,3,,,2103,25.80321,-80.742408,grhe,2,""
2025,3,3as,3,,,2105,25.812581,-80.744836,grhe,1,"Marked from west side"
2025,3,3as,3,,,2106,25.815733,-80.742472,grhe,2,""
2025,3,3as,3,,,2111,25.826965,-80.74478,grhe,1,""
2025,3,3as,3,,,2122,25.873828,-80.743564,grhe,1,"several small nest"
2025,3,3as,3,,,2133,25.933133,-80.743429,grhe,1,""
2025,3,3as,3,,,2140,25.943557,-80.742554,grhe,2,""
2025,3,3as,3,,,2141,25.944946,-80.742471,grhe,1,""
2025,3,3as,3,,,2158,25.967857,-80.734176,grhe,2,"GRHE nest - small, deep dried eafy cup in wilow crook"
2025,3,3as,3,,,2180,25.864956,-80.734067,grhe,2,""
2025,3,3as,3,,,2182,25.82188,-80.73488,grhe,1,""
2025,3,3as,3,,,2188,25.799258,-80.734935,grhe,1,""
2025,3,3as,3,,,2189,25.79834,-80.734655,grhe,1,""
2025,3,3as,3,,,2196,25.772792,-80.706457,grhe,1,""
2025,3,3as,3,,,2231,25.887586,-80.706135,grhe,1,""
2025,3,3as,3,,,2238,25.902825,-80.704072,grhe,1,""
2025,3,3as,3,,,2265,25.934989,-80.692974,grhe,1,""
2025,3,3as,3,,,2294,25.768031,-80.683282,grhe,1,""
2025,3,3as,3,,,2309,25.874355,-80.684282,grhe,2,""
2025,3,3as,3,,,2335,25.955857,-80.673957,grhe,2,""
2025,3,3as,3,,,1758/032,25.94235,-80.724232,grhe,1,""
2025,3,3as,3,,,1775,25.886647,-80.714633,grhe,2,""
2025,3,3as,3,,,1489,25.811825,-80.803422,lbhe,3,""
2025,3,3as,3,,,1503,25.909255,-80.805075,lbhe,65,""
2025,3,3as,3,,,1536,25.922011,-80.793419,lbhe,57,""
2025,3,3as,3,,,1592,25.93641,-80.781952,lbhe,45,""
2025,3,3as,3,1964,85,1762/085,25.992085,-80.725797,lbhe,1,""
2025,3,3as,3,,,1489,25.811825,-80.803422,sneg,2,""
2025,3,3as,3,,,1592,25.93641,-80.781952,sneg,20,""
2025,3,3as,3,1964,85,1762/085,25.992085,-80.725797,sneg,7,""
2025,3,3as,3,,,1503,25.909255,-80.805075,trhe,2,""
2025,3,3as,3,,,1536,25.922011,-80.793419,trhe,3,""
2025,3,3as,3,,,1592,25.93641,-80.781952,trhe,15,""
2025,3,3as,3,1824,1824,1612/057,25.974169,-80.77247,trhe,1,"Colony 057"
2025,3,3as,3,,,1666,25.894541,-80.762934,trhe,1,""
2025,3,3as,3,,,1694,25.929892,-80.755684,trhe,1,""
2025,3,3as,3,1964,85,1762/085,25.992085,-80.725797,trhe,4,""
2025,3,3as,3,,,2100,25.78203,-80.745548,ycnh,2,""
